game_idx,global_step,opponent,win,rolling,shift_idx,games_since_shift
1,400,corner,1,1.0000,-1,0
2,606,corner,1,1.0000,-1,0
3,735,corner,1,1.0000,-1,0
4,920,corner,1,1.0000,-1,0
5,1198,corner,0,0.8000,-1,0
6,1353,corner,1,0.8333,-1,0
7,1527,corner,1,0.8571,-1,0
8,1737,corner,1,0.8750,-1,0
9,1834,corner,0,0.7778,-1,0
10,2032,corner,1,0.8000,-1,0
11,2537,corner,1,0.8182,-1,0
12,2665,corner,1,0.8333,-1,0
13,2938,corner,0,0.7692,-1,0
14,3596,corner,1,0.7857,-1,0
15,3785,corner,1,0.8000,-1,0
16,3930,corner,1,0.8125,-1,0
17,4067,corner,1,0.8235,-1,0
18,4461,corner,1,0.8333,-1,0
19,5157,corner,1,0.8421,-1,0
20,5388,corner,1,0.8500,-1,0
21,5714,corner,1,0.8571,-1,0
22,5902,corner,1,0.8636,-1,0
23,6077,corner,1,0.8696,-1,0
24,6319,corner,1,0.8750,-1,0
25,6471,corner,1,0.8800,-1,0
26,6624,corner,1,0.8846,-1,0
27,6801,corner,1,0.8889,-1,0
28,7481,corner,1,0.8929,-1,0
29,7838,corner,1,0.8966,-1,0
30,8345,corner,1,0.9000,-1,0
31,8523,corner,1,0.9032,-1,0
32,8677,corner,1,0.9062,-1,0
33,8846,corner,1,0.9091,-1,0
34,9196,corner,1,0.9118,-1,0
35,9374,corner,1,0.9143,-1,0
36,9640,corner,1,0.9167,-1,0
37,9851,corner,1,0.9189,-1,0
38,9989,corner,1,0.9211,-1,0
39,10311,corner,1,0.9231,-1,0
40,10497,corner,1,0.9250,-1,0
41,10681,corner,1,0.9268,-1,0
42,10786,corner,1,0.9286,-1,0
43,10934,corner,1,0.9302,-1,0
44,11122,corner,1,0.9318,-1,0
45,11482,corner,1,0.9333,-1,0
46,11663,corner,1,0.9348,-1,0
47,12049,corner,1,0.9362,-1,0
48,12221,corner,1,0.9375,-1,0
49,12408,corner,1,0.9388,-1,0
50,12601,corner,1,0.9400,-1,0
51,12755,corner,1,0.9412,-1,0
52,12878,corner,0,0.9231,-1,0
53,13054,corner,1,0.9245,-1,0
54,13218,corner,1,0.9259,-1,0
55,13367,corner,1,0.9273,-1,0
56,13653,corner,1,0.9286,-1,0
57,13823,corner,1,0.9298,-1,0
58,13963,corner,1,0.9310,-1,0
59,14130,corner,1,0.9322,-1,0
60,14285,corner,1,0.9333,-1,0
61,14438,corner,1,0.9344,-1,0
62,14771,corner,1,0.9355,-1,0
63,14957,corner,1,0.9365,-1,0
64,15133,corner,1,0.9375,-1,0
65,15314,corner,1,0.9385,-1,0
66,15651,corner,1,0.9394,-1,0
67,15809,corner,1,0.9403,-1,0
68,15973,corner,1,0.9412,-1,0
69,16114,corner,1,0.9420,-1,0
70,16225,corner,0,0.9286,-1,0
71,16403,corner,1,0.9296,-1,0
72,16834,corner,1,0.9306,-1,0
73,17005,corner,1,0.9315,-1,0
74,17181,corner,1,0.9324,-1,0
75,17548,corner,1,0.9333,-1,0
76,17708,corner,1,0.9342,-1,0
77,17895,corner,1,0.9351,-1,0
78,18058,corner,1,0.9359,-1,0
79,18282,corner,1,0.9367,-1,0
80,18616,corner,1,0.9375,-1,0
81,18871,corner,1,0.9383,-1,0
82,19045,corner,1,0.9390,-1,0
83,19329,corner,1,0.9398,-1,0
84,19530,corner,1,0.9405,-1,0
85,19693,corner,1,0.9412,-1,0
86,19911,corner,1,0.9419,-1,0
87,20106,corner,1,0.9425,-1,0
88,20586,corner,1,0.9432,-1,0
89,20767,corner,1,0.9438,-1,0
90,20985,corner,1,0.9444,-1,0
91,21294,corner,1,0.9451,-1,0
92,21449,corner,1,0.9457,-1,0
93,21606,corner,1,0.9462,-1,0
94,21946,corner,1,0.9468,-1,0
95,22480,corner,1,0.9474,-1,0
96,22643,corner,1,0.9479,-1,0
97,22784,corner,1,0.9485,-1,0
98,22974,corner,1,0.9490,-1,0
99,23130,corner,1,0.9495,-1,0
100,23303,corner,1,0.9500,-1,0
101,23435,corner,1,0.9500,-1,0
102,23547,corner,1,0.9500,-1,0
103,23941,corner,1,0.9500,-1,0
104,24321,corner,1,0.9500,-1,0
105,24478,corner,1,0.9600,-1,0
106,24836,corner,1,0.9600,-1,0
107,25018,corner,1,0.9600,-1,0
108,25173,corner,1,0.9600,-1,0
109,25362,corner,1,0.9700,-1,0
110,25483,corner,1,0.9700,-1,0
111,25839,corner,1,0.9700,-1,0
112,26052,corner,1,0.9700,-1,0
113,26181,corner,1,0.9800,-1,0
114,26700,corner,1,0.9800,-1,0
115,26862,corner,1,0.9800,-1,0
116,27037,corner,1,0.9800,-1,0
117,27284,corner,1,0.9800,-1,0
118,27429,corner,1,0.9800,-1,0
119,27608,corner,1,0.9800,-1,0
120,27904,corner,1,0.9800,-1,0
121,28091,corner,1,0.9800,-1,0
122,28241,corner,1,0.9800,-1,0
123,28493,corner,1,0.9800,-1,0
124,28604,corner,0,0.9700,-1,0
125,28793,corner,1,0.9700,-1,0
126,28950,corner,1,0.9700,-1,0
127,29059,corner,0,0.9600,-1,0
128,29213,corner,1,0.9600,-1,0
129,29385,corner,1,0.9600,-1,0
130,29562,corner,1,0.9600,-1,0
131,30039,corner,1,0.9600,-1,0
132,30287,corner,1,0.9600,-1,0
133,30451,corner,1,0.9600,-1,0
134,30571,corner,1,0.9600,-1,0
135,30750,corner,1,0.9600,-1,0
136,30965,corner,1,0.9600,-1,0
137,31086,corner,1,0.9600,-1,0
138,31270,corner,1,0.9600,-1,0
139,31416,corner,1,0.9600,-1,0
140,31556,corner,1,0.9600,-1,0
141,31713,corner,1,0.9600,-1,0
142,31846,corner,1,0.9600,-1,0
143,32338,corner,1,0.9600,-1,0
144,32459,corner,1,0.9600,-1,0
145,32611,corner,1,0.9600,-1,0
146,32800,corner,1,0.9600,-1,0
147,32983,corner,1,0.9600,-1,0
148,33145,corner,1,0.9600,-1,0
149,33314,corner,1,0.9600,-1,0
150,33492,corner,1,0.9600,-1,0
151,33666,corner,1,0.9600,-1,0
152,33831,corner,1,0.9700,-1,0
153,33994,corner,1,0.9700,-1,0
154,34172,corner,1,0.9700,-1,0
155,34334,corner,1,0.9700,-1,0
156,34502,corner,1,0.9700,-1,0
157,34676,corner,1,0.9700,-1,0
158,34872,corner,1,0.9700,-1,0
159,35213,corner,1,0.9700,-1,0
160,35395,corner,1,0.9700,-1,0
161,35621,corner,1,0.9700,-1,0
162,35822,corner,1,0.9700,-1,0
163,36043,corner,1,0.9700,-1,0
164,36228,corner,1,0.9700,-1,0
165,36377,corner,1,0.9700,-1,0
166,36724,corner,1,0.9700,-1,0
167,36887,corner,1,0.9700,-1,0
168,36989,corner,0,0.9600,-1,0
169,37143,corner,1,0.9600,-1,0
170,37290,corner,1,0.9700,-1,0
171,37451,corner,1,0.9700,-1,0
172,37612,corner,1,0.9700,-1,0
173,37926,corner,1,0.9700,-1,0
174,38105,corner,1,0.9700,-1,0
175,38262,corner,1,0.9700,-1,0
176,38380,corner,1,0.9700,-1,0
177,38575,corner,1,0.9700,-1,0
178,38757,corner,1,0.9700,-1,0
179,38920,corner,1,0.9700,-1,0
180,39102,corner,1,0.9700,-1,0
181,39308,corner,1,0.9700,-1,0
182,39460,corner,1,0.9700,-1,0
183,39607,corner,1,0.9700,-1,0
184,39759,corner,1,0.9700,-1,0
185,39915,corner,1,0.9700,-1,0
186,40080,corner,1,0.9700,-1,0
187,40241,corner,1,0.9700,-1,0
188,40412,corner,1,0.9700,-1,0
189,40586,corner,1,0.9700,-1,0
190,40732,corner,1,0.9700,-1,0
191,40911,corner,1,0.9700,-1,0
192,41066,corner,1,0.9700,-1,0
193,41234,corner,1,0.9700,-1,0
194,41409,corner,1,0.9700,-1,0
195,41575,corner,1,0.9700,-1,0
196,41700,corner,1,0.9700,-1,0
197,41873,corner,1,0.9700,-1,0
198,42209,corner,1,0.9700,-1,0
199,42379,corner,1,0.9700,-1,0
200,42496,corner,1,0.9700,-1,0
201,42657,corner,1,0.9700,-1,0
202,42817,corner,1,0.9700,-1,0
203,43165,corner,1,0.9700,-1,0
204,43325,corner,1,0.9700,-1,0
205,43539,corner,1,0.9700,-1,0
206,43705,corner,1,0.9700,-1,0
207,43885,corner,1,0.9700,-1,0
208,44123,corner,1,0.9700,-1,0
209,44468,corner,1,0.9700,-1,0
210,44970,corner,1,0.9700,-1,0
211,45127,corner,1,0.9700,-1,0
212,45306,corner,1,0.9700,-1,0
213,45447,corner,1,0.9700,-1,0
214,45638,corner,1,0.9700,-1,0
215,45846,corner,1,0.9700,-1,0
216,45992,corner,1,0.9700,-1,0
217,46170,corner,1,0.9700,-1,0
218,46404,corner,1,0.9700,-1,0
219,46566,corner,1,0.9700,-1,0
220,46742,corner,1,0.9700,-1,0
221,46932,corner,1,0.9700,-1,0
222,47263,corner,1,0.9700,-1,0
223,47407,corner,1,0.9700,-1,0
224,47631,corner,1,0.9800,-1,0
225,47811,corner,1,0.9800,-1,0
226,48013,corner,1,0.9800,-1,0
227,48157,corner,1,0.9900,-1,0
228,48328,corner,1,0.9900,-1,0
229,48461,corner,1,0.9900,-1,0
230,48638,corner,1,0.9900,-1,0
231,48825,corner,1,0.9900,-1,0
232,49170,corner,1,0.9900,-1,0
233,49275,corner,0,0.9800,-1,0
234,49474,corner,1,0.9800,-1,0
235,49587,corner,1,0.9800,-1,0
236,49729,corner,1,0.9800,-1,0
237,50011,corner,1,0.9800,-1,0
238,50177,corner,1,0.9800,-1,0
239,50328,corner,1,0.9800,-1,0
240,50496,corner,1,0.9800,-1,0
241,50632,corner,1,0.9800,-1,0
242,50844,corner,1,0.9800,-1,0
243,51053,corner,1,0.9800,-1,0
244,51221,corner,1,0.9800,-1,0
245,51372,corner,1,0.9800,-1,0
246,51692,corner,1,0.9800,-1,0
247,52355,corner,1,0.9800,-1,0
248,52565,corner,1,0.9800,-1,0
249,52718,corner,1,0.9800,-1,0
250,52866,corner,1,0.9800,-1,0
251,53151,corner,1,0.9800,-1,0
252,53342,corner,1,0.9800,-1,0
253,53493,corner,1,0.9800,-1,0
254,53682,corner,1,0.9800,-1,0
255,54127,corner,1,0.9800,-1,0
256,54472,corner,1,0.9800,-1,0
257,54812,corner,1,0.9800,-1,0
258,54964,corner,1,0.9800,-1,0
259,55122,corner,1,0.9800,-1,0
260,55284,corner,1,0.9800,-1,0
261,55442,corner,1,0.9800,-1,0
262,55626,corner,1,0.9800,-1,0
263,56026,corner,1,0.9800,-1,0
264,56259,corner,1,0.9800,-1,0
265,56429,corner,1,0.9800,-1,0
266,56576,corner,1,0.9800,-1,0
267,56683,corner,1,0.9800,-1,0
268,56895,corner,1,0.9900,-1,0
269,57045,corner,1,0.9900,-1,0
270,57214,corner,1,0.9900,-1,0
271,57379,corner,1,0.9900,-1,0
272,57508,corner,1,0.9900,-1,0
273,57737,corner,1,0.9900,-1,0
274,57905,corner,1,0.9900,-1,0
275,58075,corner,1,0.9900,-1,0
276,58231,corner,1,0.9900,-1,0
277,58395,corner,1,0.9900,-1,0
278,58558,corner,1,0.9900,-1,0
279,58746,corner,1,0.9900,-1,0
280,59078,corner,1,0.9900,-1,0
281,59396,corner,1,0.9900,-1,0
282,59609,corner,1,0.9900,-1,0
283,59746,corner,1,0.9900,-1,0
284,59914,corner,1,0.9900,-1,0
285,60097,corner,1,0.9900,-1,0
286,60407,corner,1,0.9900,-1,0
287,60581,corner,1,0.9900,-1,0
288,60763,corner,1,0.9900,-1,0
289,60901,corner,1,0.9900,-1,0
290,61255,corner,1,0.9900,-1,0
291,61567,corner,1,0.9900,-1,0
292,61722,corner,1,0.9900,-1,0
293,61875,corner,1,0.9900,-1,0
294,62956,corner,1,0.9900,-1,0
295,63112,corner,1,0.9900,-1,0
296,63281,corner,1,0.9900,-1,0
297,63427,corner,1,0.9900,-1,0
298,63614,corner,1,0.9900,-1,0
299,63779,corner,1,0.9900,-1,0
300,63969,corner,1,0.9900,-1,0
301,64121,corner,1,0.9900,-1,0
302,64279,corner,1,0.9900,-1,0
303,64406,corner,1,0.9900,-1,0
304,64664,corner,1,0.9900,-1,0
305,64821,corner,1,0.9900,-1,0
306,65025,corner,1,0.9900,-1,0
307,65176,corner,1,0.9900,-1,0
308,65364,corner,1,0.9900,-1,0
309,65543,corner,1,0.9900,-1,0
310,65654,corner,0,0.9800,-1,0
311,65989,corner,1,0.9800,-1,0
312,66139,corner,1,0.9800,-1,0
313,66273,corner,1,0.9800,-1,0
314,66439,corner,1,0.9800,-1,0
315,66642,corner,1,0.9800,-1,0
316,66815,corner,1,0.9800,-1,0
317,66924,corner,0,0.9700,-1,0
318,67106,corner,1,0.9700,-1,0
319,67278,corner,1,0.9700,-1,0
320,67383,corner,1,0.9700,-1,0
321,67486,corner,0,0.9600,-1,0
322,67651,corner,1,0.9600,-1,0
323,67800,corner,1,0.9600,-1,0
324,67959,corner,1,0.9600,-1,0
325,68125,corner,1,0.9600,-1,0
326,68262,corner,1,0.9600,-1,0
327,68395,corner,1,0.9600,-1,0
328,68564,corner,1,0.9600,-1,0
329,68690,corner,0,0.9500,-1,0
330,68876,corner,1,0.9500,-1,0
331,69024,corner,1,0.9500,-1,0
332,69169,corner,1,0.9500,-1,0
333,69330,corner,1,0.9600,-1,0
334,69496,corner,1,0.9600,-1,0
335,69619,corner,1,0.9600,-1,0
336,70100,corner,1,0.9600,-1,0
337,70268,corner,1,0.9600,-1,0
338,70418,corner,1,0.9600,-1,0
339,70569,corner,1,0.9600,-1,0
340,70760,corner,1,0.9600,-1,0
341,70921,corner,1,0.9600,-1,0
342,71144,corner,1,0.9600,-1,0
343,71337,corner,1,0.9600,-1,0
344,71437,corner,0,0.9500,-1,0
345,71598,corner,1,0.9500,-1,0
346,71923,corner,1,0.9500,-1,0
347,72315,corner,1,0.9500,-1,0
348,72519,corner,1,0.9500,-1,0
349,72714,corner,1,0.9500,-1,0
350,72929,corner,1,0.9500,-1,0
351,73078,corner,1,0.9500,-1,0
352,73383,corner,1,0.9500,-1,0
353,73559,corner,1,0.9500,-1,0
354,73742,corner,1,0.9500,-1,0
355,73842,corner,0,0.9400,-1,0
356,74019,corner,1,0.9400,-1,0
357,74127,corner,0,0.9300,-1,0
358,74299,corner,1,0.9300,-1,0
359,74436,corner,1,0.9300,-1,0
360,74635,corner,1,0.9300,-1,0
361,74745,corner,1,0.9300,-1,0
362,75089,corner,1,0.9300,-1,0
363,75422,corner,1,0.9300,-1,0
364,75532,corner,0,0.9200,-1,0
365,75688,corner,1,0.9200,-1,0
366,75833,corner,1,0.9200,-1,0
367,76074,corner,1,0.9200,-1,0
368,76213,corner,1,0.9200,-1,0
369,76365,corner,1,0.9200,-1,0
370,76535,corner,1,0.9200,-1,0
371,76757,corner,1,0.9200,-1,0
372,76928,corner,1,0.9200,-1,0
373,77080,corner,1,0.9200,-1,0
374,77274,corner,1,0.9200,-1,0
375,77478,corner,1,0.9200,-1,0
376,77632,corner,1,0.9200,-1,0
377,77777,corner,1,0.9200,-1,0
378,77942,corner,1,0.9200,-1,0
379,78086,corner,1,0.9200,-1,0
380,78193,corner,1,0.9200,-1,0
381,78354,corner,1,0.9200,-1,0
382,78524,corner,1,0.9200,-1,0
383,78682,corner,1,0.9200,-1,0
384,78823,corner,1,0.9200,-1,0
385,78974,corner,1,0.9200,-1,0
386,79131,corner,1,0.9200,-1,0
387,79282,corner,1,0.9200,-1,0
388,79473,corner,1,0.9200,-1,0
389,79735,corner,1,0.9200,-1,0
390,79872,corner,1,0.9200,-1,0
391,80039,corner,1,0.9200,-1,0
392,80215,corner,1,0.9200,-1,0
393,80356,corner,1,0.9200,-1,0
394,80544,corner,1,0.9200,-1,0
395,80935,corner,1,0.9200,-1,0
396,81081,corner,1,0.9200,-1,0
397,81264,corner,1,0.9200,-1,0
398,81440,corner,1,0.9200,-1,0
399,81785,corner,1,0.9200,-1,0
400,82000,corner,1,0.9200,-1,0
401,82111,corner,0,0.9100,-1,0
402,82260,corner,1,0.9100,-1,0
403,82403,corner,1,0.9100,-1,0
404,82546,corner,1,0.9100,-1,0
405,82700,corner,1,0.9100,-1,0
406,82889,corner,1,0.9100,-1,0
407,83039,corner,1,0.9100,-1,0
408,83233,corner,1,0.9100,-1,0
409,83429,corner,1,0.9100,-1,0
410,83766,corner,1,0.9200,-1,0
411,83869,corner,0,0.9100,-1,0
412,84014,corner,1,0.9100,-1,0
413,84177,corner,1,0.9100,-1,0
414,84393,corner,1,0.9100,-1,0
415,84599,corner,1,0.9100,-1,0
416,84760,corner,1,0.9100,-1,0
417,84936,corner,1,0.9200,-1,0
418,85132,corner,1,0.9200,-1,0
419,85273,corner,1,0.9200,-1,0
420,85513,corner,1,0.9200,-1,0
421,85685,corner,1,0.9300,-1,0
422,85848,corner,1,0.9300,-1,0
423,85995,corner,1,0.9300,-1,0
424,86152,corner,1,0.9300,-1,0
425,86329,corner,1,0.9300,-1,0
426,86496,corner,1,0.9300,-1,0
427,86676,corner,1,0.9300,-1,0
428,86911,corner,1,0.9300,-1,0
429,87061,corner,1,0.9400,-1,0
430,87205,corner,1,0.9400,-1,0
431,87397,corner,1,0.9400,-1,0
432,87543,corner,1,0.9400,-1,0
433,87641,corner,0,0.9300,-1,0
434,87822,corner,1,0.9300,-1,0
435,87994,corner,0,0.9200,-1,0
436,88286,corner,1,0.9200,-1,0
437,88444,corner,1,0.9200,-1,0
438,88618,corner,1,0.9200,-1,0
439,88779,corner,1,0.9200,-1,0
440,89125,corner,1,0.9200,-1,0
441,89548,corner,1,0.9200,-1,0
442,89736,corner,1,0.9200,-1,0
443,89873,corner,1,0.9200,-1,0
444,89978,corner,0,0.9200,-1,0
445,90172,corner,1,0.9200,-1,0
446,90323,corner,1,0.9200,-1,0
447,90507,corner,1,0.9200,-1,0
448,90664,corner,1,0.9200,-1,0
449,90819,corner,1,0.9200,-1,0
450,91079,corner,1,0.9200,-1,0
451,91230,corner,1,0.9200,-1,0
452,91386,corner,1,0.9200,-1,0
453,91576,corner,1,0.9200,-1,0
454,91724,corner,1,0.9200,-1,0
455,91873,corner,1,0.9300,-1,0
456,92491,corner,1,0.9300,-1,0
457,92774,corner,1,0.9400,-1,0
458,92924,corner,1,0.9400,-1,0
459,93116,corner,1,0.9400,-1,0
460,93289,corner,1,0.9400,-1,0
461,93464,corner,1,0.9400,-1,0
462,93636,corner,1,0.9400,-1,0
463,93888,corner,1,0.9400,-1,0
464,94404,corner,1,0.9500,-1,0
465,94547,corner,1,0.9500,-1,0
466,94742,corner,1,0.9500,-1,0
467,95081,corner,1,0.9500,-1,0
468,95180,corner,1,0.9500,-1,0
469,95346,corner,1,0.9500,-1,0
470,95455,corner,0,0.9400,-1,0
471,95607,corner,1,0.9400,-1,0
472,95747,corner,1,0.9400,-1,0
473,95895,corner,1,0.9400,-1,0
474,96054,corner,1,0.9400,-1,0
475,96208,corner,1,0.9400,-1,0
476,96351,corner,1,0.9400,-1,0
477,96661,corner,1,0.9400,-1,0
478,97219,corner,1,0.9400,-1,0
479,97504,corner,0,0.9300,-1,0
480,97696,corner,1,0.9300,-1,0
481,97871,corner,1,0.9300,-1,0
482,98036,corner,1,0.9300,-1,0
483,98177,corner,1,0.9300,-1,0
484,98317,corner,1,0.9300,-1,0
485,98468,corner,1,0.9300,-1,0
486,98633,corner,1,0.9300,-1,0
487,98754,corner,1,0.9300,-1,0
488,99075,corner,1,0.9300,-1,0
489,99256,corner,1,0.9300,-1,0
490,99609,corner,1,0.9300,-1,0
491,99755,corner,1,0.9300,-1,0
492,99914,corner,1,0.9300,-1,0
493,100023,corner,1,0.9300,-1,0
494,100133,corner,0,0.9200,-1,0
495,100331,corner,1,0.9200,-1,0
496,100513,corner,1,0.9200,-1,0
497,100687,corner,1,0.9200,-1,0
498,101067,corner,1,0.9200,-1,0
499,101210,corner,1,0.9200,-1,0
500,101379,corner,1,0.9200,-1,0
501,101720,corner,1,0.9300,-1,0
502,101882,corner,1,0.9300,-1,0
503,102040,corner,1,0.9300,-1,0
504,102212,corner,1,0.9300,-1,0
505,102351,corner,1,0.9300,-1,0
506,102502,corner,1,0.9300,-1,0
507,102706,corner,1,0.9300,-1,0
508,102855,corner,1,0.9300,-1,0
509,103010,corner,1,0.9300,-1,0
510,103146,corner,1,0.9300,-1,0
511,103321,corner,1,0.9400,-1,0
512,103462,corner,1,0.9400,-1,0
513,103612,corner,1,0.9400,-1,0
514,103788,corner,1,0.9400,-1,0
515,103930,corner,1,0.9400,-1,0
516,104103,corner,1,0.9400,-1,0
517,104236,corner,1,0.9400,-1,0
518,104400,corner,1,0.9400,-1,0
519,104515,corner,1,0.9400,-1,0
520,104846,corner,1,0.9400,-1,0
521,105020,corner,1,0.9400,-1,0
522,105350,corner,1,0.9400,-1,0
523,105570,corner,1,0.9400,-1,0
524,105729,corner,1,0.9400,-1,0
525,105910,corner,1,0.9400,-1,0
526,106077,corner,1,0.9400,-1,0
527,106223,corner,1,0.9400,-1,0
528,106525,corner,1,0.9400,-1,0
529,106708,corner,1,0.9400,-1,0
530,106967,corner,1,0.9400,-1,0
531,107123,corner,1,0.9400,-1,0
532,107268,corner,1,0.9400,-1,0
533,107415,corner,1,0.9500,-1,0
534,107582,corner,1,0.9500,-1,0
535,107823,corner,1,0.9600,-1,0
536,107996,corner,1,0.9600,-1,0
537,108123,corner,1,0.9600,-1,0
538,108266,corner,1,0.9600,-1,0
539,108424,corner,1,0.9600,-1,0
540,108582,corner,1,0.9600,-1,0
541,108761,corner,1,0.9600,-1,0
542,109107,corner,1,0.9600,-1,0
543,109265,corner,1,0.9600,-1,0
544,109373,corner,0,0.9600,-1,0
545,109531,corner,1,0.9600,-1,0
546,109712,corner,1,0.9600,-1,0
547,109867,corner,1,0.9600,-1,0
548,110010,corner,1,0.9600,-1,0
549,110154,corner,1,0.9600,-1,0
550,110296,corner,1,0.9600,-1,0
551,110442,corner,1,0.9600,-1,0
552,110595,corner,1,0.9600,-1,0
553,111947,corner,1,0.9600,-1,0
554,112104,corner,1,0.9600,-1,0
555,112275,corner,1,0.9600,-1,0
556,112454,corner,1,0.9600,-1,0
557,112651,corner,1,0.9600,-1,0
558,112832,corner,1,0.9600,-1,0
559,112993,corner,1,0.9600,-1,0
560,113163,corner,1,0.9600,-1,0
561,113653,corner,1,0.9600,-1,0
562,113759,corner,1,0.9600,-1,0
563,113912,corner,1,0.9600,-1,0
564,114047,corner,1,0.9600,-1,0
565,114213,corner,1,0.9600,-1,0
566,114323,corner,0,0.9500,-1,0
567,114621,corner,1,0.9500,-1,0
568,114807,corner,1,0.9500,-1,0
569,115002,corner,1,0.9500,-1,0
570,115199,corner,1,0.9600,-1,0
571,115387,corner,1,0.9600,-1,0
572,115598,corner,1,0.9600,-1,0
573,115746,corner,1,0.9600,-1,0
574,115891,corner,1,0.9600,-1,0
575,116038,corner,1,0.9600,-1,0
576,116206,corner,1,0.9600,-1,0
577,116342,corner,1,0.9600,-1,0
578,116494,corner,1,0.9600,-1,0
579,116678,corner,1,0.9700,-1,0
580,116848,corner,1,0.9700,-1,0
581,117010,corner,1,0.9700,-1,0
582,117172,corner,1,0.9700,-1,0
583,117358,corner,1,0.9700,-1,0
584,117528,corner,1,0.9700,-1,0
585,117667,corner,1,0.9700,-1,0
586,117841,corner,1,0.9700,-1,0
587,118102,corner,1,0.9700,-1,0
588,118263,corner,1,0.9700,-1,0
589,118418,corner,1,0.9700,-1,0
590,118586,corner,1,0.9700,-1,0
591,118921,corner,1,0.9700,-1,0
592,119118,corner,1,0.9700,-1,0
593,119423,corner,1,0.9700,-1,0
594,119576,corner,1,0.9800,-1,0
595,119783,corner,1,0.9800,-1,0
596,119950,corner,1,0.9800,-1,0
597,120126,corner,1,0.9800,-1,0
598,120320,corner,1,0.9800,-1,0
599,120489,corner,1,0.9800,-1,0
600,120650,corner,1,0.9800,-1,0
601,120861,corner,1,0.9800,-1,0
602,120969,corner,0,0.9700,-1,0
603,121120,corner,1,0.9700,-1,0
604,121227,corner,1,0.9700,-1,0
605,121371,corner,1,0.9700,-1,0
606,121541,corner,1,0.9700,-1,0
607,121750,corner,1,0.9700,-1,0
608,121946,corner,1,0.9700,-1,0
609,122056,corner,1,0.9700,-1,0
610,122372,corner,1,0.9700,-1,0
611,122526,corner,1,0.9700,-1,0
612,122979,corner,1,0.9700,-1,0
613,123149,corner,1,0.9700,-1,0
614,123389,corner,1,0.9700,-1,0
615,123564,corner,1,0.9700,-1,0
616,123735,corner,1,0.9700,-1,0
617,123929,corner,1,0.9700,-1,0
618,124096,corner,1,0.9700,-1,0
619,124257,corner,1,0.9700,-1,0
620,124389,corner,1,0.9700,-1,0
621,124528,corner,1,0.9700,-1,0
622,124683,corner,1,0.9700,-1,0
623,124868,corner,1,0.9700,-1,0
624,125133,corner,1,0.9700,-1,0
625,125284,corner,1,0.9700,-1,0
626,125396,corner,1,0.9700,-1,0
627,125601,corner,1,0.9700,-1,0
628,125751,corner,1,0.9700,-1,0
629,125920,corner,1,0.9700,-1,0
630,126064,corner,1,0.9700,-1,0
631,126223,corner,1,0.9700,-1,0
632,126375,corner,1,0.9700,-1,0
633,126598,corner,1,0.9700,-1,0
634,126777,corner,1,0.9700,-1,0
635,126915,corner,1,0.9700,-1,0
636,127065,corner,1,0.9700,-1,0
637,127273,corner,1,0.9700,-1,0
638,127416,corner,1,0.9700,-1,0
639,127651,corner,1,0.9700,-1,0
640,127824,corner,1,0.9700,-1,0
641,127975,corner,1,0.9700,-1,0
642,128194,corner,1,0.9700,-1,0
643,128358,corner,1,0.9700,-1,0
644,128474,corner,1,0.9800,-1,0
645,128697,corner,1,0.9800,-1,0
646,128844,corner,1,0.9800,-1,0
647,129008,corner,1,0.9800,-1,0
648,129175,corner,1,0.9800,-1,0
649,129328,corner,1,0.9800,-1,0
650,129494,corner,1,0.9800,-1,0
651,129643,corner,1,0.9800,-1,0
652,129805,corner,1,0.9800,-1,0
653,129992,corner,1,0.9800,-1,0
654,130171,corner,1,0.9800,-1,0
655,130319,corner,1,0.9800,-1,0
656,130548,corner,1,0.9800,-1,0
657,130715,corner,1,0.9800,-1,0
658,130869,corner,1,0.9800,-1,0
659,131040,corner,1,0.9800,-1,0
660,131197,corner,1,0.9800,-1,0
661,131354,corner,1,0.9800,-1,0
662,131496,corner,1,0.9800,-1,0
663,131649,corner,1,0.9800,-1,0
664,131843,corner,1,0.9800,-1,0
665,132006,corner,1,0.9800,-1,0
666,132189,corner,1,0.9900,-1,0
667,132416,corner,1,0.9900,-1,0
668,132567,corner,1,0.9900,-1,0
669,132718,corner,1,0.9900,-1,0
670,132906,corner,1,0.9900,-1,0
671,133076,corner,1,0.9900,-1,0
672,133334,corner,1,0.9900,-1,0
673,133484,corner,1,0.9900,-1,0
674,133629,corner,1,0.9900,-1,0
675,133778,corner,1,0.9900,-1,0
676,133945,corner,1,0.9900,-1,0
677,134095,corner,1,0.9900,-1,0
678,134254,corner,1,0.9900,-1,0
679,134394,corner,1,0.9900,-1,0
680,134539,corner,1,0.9900,-1,0
681,134699,corner,1,0.9900,-1,0
682,134846,corner,1,0.9900,-1,0
683,135017,corner,1,0.9900,-1,0
684,135165,corner,1,0.9900,-1,0
685,135302,corner,1,0.9900,-1,0
686,135478,corner,1,0.9900,-1,0
687,135638,corner,1,0.9900,-1,0
688,135797,corner,1,0.9900,-1,0
689,135940,corner,1,0.9900,-1,0
690,136259,corner,1,0.9900,-1,0
691,136366,corner,0,0.9800,-1,0
692,136548,corner,1,0.9800,-1,0
693,136686,corner,1,0.9800,-1,0
694,136833,corner,1,0.9800,-1,0
695,136986,corner,1,0.9800,-1,0
696,137092,corner,0,0.9700,-1,0
697,137253,corner,1,0.9700,-1,0
698,137409,corner,1,0.9700,-1,0
699,137568,corner,1,0.9700,-1,0
700,137709,corner,1,0.9700,-1,0
701,137861,corner,1,0.9700,-1,0
702,138058,corner,1,0.9800,-1,0
703,138194,corner,1,0.9800,-1,0
704,138390,corner,1,0.9800,-1,0
705,138555,corner,1,0.9800,-1,0
706,138749,corner,1,0.9800,-1,0
707,138857,corner,1,0.9800,-1,0
708,139024,corner,1,0.9800,-1,0
709,139265,corner,1,0.9800,-1,0
710,139421,corner,1,0.9800,-1,0
711,139584,corner,1,0.9800,-1,0
712,139739,corner,1,0.9800,-1,0
713,139884,corner,1,0.9800,-1,0
714,140028,corner,1,0.9800,-1,0
715,140175,corner,1,0.9800,-1,0
716,140285,corner,1,0.9800,-1,0
717,140467,corner,1,0.9800,-1,0
718,140629,corner,1,0.9800,-1,0
719,140780,corner,1,0.9800,-1,0
720,141042,corner,1,0.9800,-1,0
721,141199,corner,1,0.9800,-1,0
722,141347,corner,1,0.9800,-1,0
723,141506,corner,1,0.9800,-1,0
724,141690,corner,1,0.9800,-1,0
725,141864,corner,1,0.9800,-1,0
726,142386,corner,1,0.9800,-1,0
727,142540,corner,1,0.9800,-1,0
728,142666,corner,1,0.9800,-1,0
729,142820,corner,1,0.9800,-1,0
730,142985,corner,1,0.9800,-1,0
731,143136,corner,1,0.9800,-1,0
732,143303,corner,1,0.9800,-1,0
733,143443,corner,1,0.9800,-1,0
734,143561,corner,1,0.9800,-1,0
735,143697,corner,1,0.9800,-1,0
736,143835,corner,1,0.9800,-1,0
737,143992,corner,1,0.9800,-1,0
738,144137,corner,1,0.9800,-1,0
739,144303,corner,1,0.9800,-1,0
740,144470,corner,1,0.9800,-1,0
741,144610,corner,1,0.9800,-1,0
742,144747,corner,1,0.9800,-1,0
743,144902,corner,1,0.9800,-1,0
744,145057,corner,1,0.9800,-1,0
745,145259,corner,1,0.9800,-1,0
746,145399,corner,1,0.9800,-1,0
747,145555,corner,1,0.9800,-1,0
748,145690,corner,1,0.9800,-1,0
749,145837,corner,1,0.9800,-1,0
750,145984,corner,1,0.9800,-1,0
751,146120,corner,1,0.9800,-1,0
752,146267,corner,1,0.9800,-1,0
753,146385,corner,1,0.9800,-1,0
754,146530,corner,1,0.9800,-1,0
755,146675,corner,1,0.9800,-1,0
756,146823,corner,1,0.9800,-1,0
757,146963,corner,1,0.9800,-1,0
758,147130,corner,1,0.9800,-1,0
759,147282,corner,1,0.9800,-1,0
760,147428,corner,1,0.9800,-1,0
761,147569,corner,1,0.9800,-1,0
762,147757,corner,1,0.9800,-1,0
763,147921,corner,1,0.9800,-1,0
764,148071,corner,1,0.9800,-1,0
765,148261,corner,1,0.9800,-1,0
766,148358,corner,0,0.9700,-1,0
767,148497,corner,1,0.9700,-1,0
768,148655,corner,1,0.9700,-1,0
769,148778,corner,1,0.9700,-1,0
770,148887,corner,1,0.9700,-1,0
771,149243,corner,1,0.9700,-1,0
772,149442,corner,1,0.9700,-1,0
773,149599,corner,1,0.9700,-1,0
774,149767,corner,1,0.9700,-1,0
775,149934,corner,1,0.9700,-1,0
776,150118,corner,1,0.9700,-1,0
777,150264,corner,1,0.9700,-1,0
778,150410,corner,1,0.9700,-1,0
779,150557,corner,1,0.9700,-1,0
780,150699,corner,1,0.9700,-1,0
781,150875,corner,1,0.9700,-1,0
782,151095,corner,1,0.9700,-1,0
783,151246,corner,1,0.9700,-1,0
784,151414,corner,1,0.9700,-1,0
785,151586,corner,1,0.9700,-1,0
786,151770,corner,1,0.9700,-1,0
787,151968,corner,1,0.9700,-1,0
788,152118,corner,1,0.9700,-1,0
789,152266,corner,1,0.9700,-1,0
790,152410,corner,1,0.9700,-1,0
791,152558,corner,1,0.9800,-1,0
792,152715,corner,1,0.9800,-1,0
793,152873,corner,1,0.9800,-1,0
794,153048,corner,1,0.9800,-1,0
795,153209,corner,1,0.9800,-1,0
796,153448,corner,1,0.9900,-1,0
797,153608,corner,1,0.9900,-1,0
798,153760,corner,1,0.9900,-1,0
799,153921,corner,1,0.9900,-1,0
800,154033,corner,1,0.9900,-1,0
801,154181,corner,1,0.9900,-1,0
802,154330,corner,1,0.9900,-1,0
803,154479,corner,1,0.9900,-1,0
804,154597,corner,1,0.9900,-1,0
805,154782,corner,1,0.9900,-1,0
806,155021,corner,1,0.9900,-1,0
807,155346,corner,1,0.9900,-1,0
808,155677,corner,1,0.9900,-1,0
809,155821,corner,1,0.9900,-1,0
810,155929,corner,1,0.9900,-1,0
811,156079,corner,1,0.9900,-1,0
812,156257,corner,1,0.9900,-1,0
813,156402,corner,1,0.9900,-1,0
814,156539,corner,1,0.9900,-1,0
815,156789,corner,1,0.9900,-1,0
816,157170,corner,0,0.9800,-1,0
817,157315,corner,1,0.9800,-1,0
818,157456,corner,1,0.9800,-1,0
819,157567,corner,1,0.9800,-1,0
820,157769,corner,1,0.9800,-1,0
821,157980,corner,1,0.9800,-1,0
822,158185,corner,1,0.9800,-1,0
823,158413,corner,1,0.9800,-1,0
824,158544,corner,1,0.9800,-1,0
825,158690,corner,1,0.9800,-1,0
826,158852,corner,1,0.9800,-1,0
827,159017,corner,1,0.9800,-1,0
828,159152,corner,1,0.9800,-1,0
829,159313,corner,1,0.9800,-1,0
830,159456,corner,1,0.9800,-1,0
831,159604,corner,1,0.9800,-1,0
832,159718,corner,1,0.9800,-1,0
833,159909,corner,1,0.9800,-1,0
834,160103,corner,1,0.9800,-1,0
835,160258,corner,1,0.9800,-1,0
836,160374,corner,1,0.9800,-1,0
837,160518,corner,1,0.9800,-1,0
838,160651,corner,1,0.9800,-1,0
839,160878,corner,1,0.9800,-1,0
840,161034,corner,1,0.9800,-1,0
841,161168,corner,1,0.9800,-1,0
842,161312,corner,1,0.9800,-1,0
843,161485,corner,1,0.9800,-1,0
844,161633,corner,1,0.9800,-1,0
845,161800,corner,1,0.9800,-1,0
846,162003,corner,1,0.9800,-1,0
847,162167,corner,1,0.9800,-1,0
848,162339,corner,1,0.9800,-1,0
849,162494,corner,1,0.9800,-1,0
850,162661,corner,1,0.9800,-1,0
851,162844,corner,1,0.9800,-1,0
852,162991,corner,1,0.9800,-1,0
853,163151,corner,1,0.9800,-1,0
854,163304,corner,1,0.9800,-1,0
855,163501,corner,1,0.9800,-1,0
856,163645,corner,1,0.9800,-1,0
857,163803,corner,1,0.9800,-1,0
858,163959,corner,1,0.9800,-1,0
859,164106,corner,1,0.9800,-1,0
860,164289,corner,1,0.9800,-1,0
861,164444,corner,1,0.9800,-1,0
862,164589,corner,1,0.9800,-1,0
863,164759,corner,1,0.9800,-1,0
864,164906,corner,1,0.9800,-1,0
865,165285,corner,1,0.9800,-1,0
866,165456,corner,1,0.9900,-1,0
867,165594,corner,1,0.9900,-1,0
868,165733,corner,1,0.9900,-1,0
869,165877,corner,1,0.9900,-1,0
870,165985,corner,1,0.9900,-1,0
871,166129,corner,1,0.9900,-1,0
872,166242,corner,1,0.9900,-1,0
873,166390,corner,1,0.9900,-1,0
874,166556,corner,1,0.9900,-1,0
875,166726,corner,1,0.9900,-1,0
876,166877,corner,1,0.9900,-1,0
877,167118,corner,1,0.9900,-1,0
878,167289,corner,1,0.9900,-1,0
879,167482,corner,1,0.9900,-1,0
880,167668,corner,1,0.9900,-1,0
881,167817,corner,1,0.9900,-1,0
882,168015,corner,1,0.9900,-1,0
883,168159,corner,1,0.9900,-1,0
884,168361,corner,1,0.9900,-1,0
885,168562,corner,1,0.9900,-1,0
886,168728,corner,1,0.9900,-1,0
887,168916,corner,1,0.9900,-1,0
888,169085,corner,1,0.9900,-1,0
889,169210,corner,1,0.9900,-1,0
890,169359,corner,1,0.9900,-1,0
891,169499,corner,1,0.9900,-1,0
892,169660,corner,1,0.9900,-1,0
893,169811,corner,1,0.9900,-1,0
894,169949,corner,1,0.9900,-1,0
895,170143,corner,1,0.9900,-1,0
896,170280,corner,1,0.9900,-1,0
897,170432,corner,1,0.9900,-1,0
898,170594,corner,1,0.9900,-1,0
899,170750,corner,1,0.9900,-1,0
900,170866,corner,1,0.9900,-1,0
901,171008,corner,1,0.9900,-1,0
902,171156,corner,1,0.9900,-1,0
903,171332,corner,1,0.9900,-1,0
904,171461,corner,1,0.9900,-1,0
905,171619,corner,1,0.9900,-1,0
906,171769,corner,1,0.9900,-1,0
907,171914,corner,1,0.9900,-1,0
908,172080,corner,1,0.9900,-1,0
909,172220,corner,1,0.9900,-1,0
910,172376,corner,1,0.9900,-1,0
911,172509,corner,1,0.9900,-1,0
912,172668,corner,1,0.9900,-1,0
913,172854,corner,1,0.9900,-1,0
914,173011,corner,1,0.9900,-1,0
915,173163,corner,1,0.9900,-1,0
916,173328,corner,1,1.0000,-1,0
917,173460,corner,1,1.0000,-1,0
918,173612,corner,1,1.0000,-1,0
919,173759,corner,1,1.0000,-1,0
920,173938,corner,1,1.0000,-1,0
921,174098,corner,1,1.0000,-1,0
922,174240,corner,1,1.0000,-1,0
923,174401,corner,1,1.0000,-1,0
924,174569,corner,1,1.0000,-1,0
925,174706,corner,1,1.0000,-1,0
926,174840,corner,1,1.0000,-1,0
927,174988,corner,1,1.0000,-1,0
928,175435,corner,1,1.0000,-1,0
929,175621,corner,1,1.0000,-1,0
930,175773,corner,1,1.0000,-1,0
931,175992,corner,1,1.0000,-1,0
932,176099,corner,0,0.9900,-1,0
933,176249,corner,1,0.9900,-1,0
934,176391,corner,1,0.9900,-1,0
935,176579,corner,1,0.9900,-1,0
936,176738,corner,1,0.9900,-1,0
937,176879,corner,1,0.9900,-1,0
938,177227,corner,1,0.9900,-1,0
939,177375,corner,1,0.9900,-1,0
940,177527,corner,1,0.9900,-1,0
941,177718,corner,1,0.9900,-1,0
942,177876,corner,1,0.9900,-1,0
943,178057,corner,1,0.9900,-1,0
944,178214,corner,1,0.9900,-1,0
945,178367,corner,1,0.9900,-1,0
946,178474,corner,1,0.9900,-1,0
947,178611,corner,1,0.9900,-1,0
948,178724,corner,0,0.9800,-1,0
949,178864,corner,1,0.9800,-1,0
950,179012,corner,1,0.9800,-1,0
951,179152,corner,1,0.9800,-1,0
952,179294,corner,1,0.9800,-1,0
953,179432,corner,1,0.9800,-1,0
954,179587,corner,1,0.9800,-1,0
955,179745,corner,1,0.9800,-1,0
956,179902,corner,1,0.9800,-1,0
957,180022,corner,1,0.9800,-1,0
958,180191,corner,1,0.9800,-1,0
959,180294,corner,0,0.9700,-1,0
960,180445,corner,1,0.9700,-1,0
961,180596,corner,1,0.9700,-1,0
962,180957,corner,1,0.9700,-1,0
963,181084,corner,1,0.9700,-1,0
964,181263,corner,1,0.9700,-1,0
965,181399,corner,1,0.9700,-1,0
966,181570,corner,1,0.9700,-1,0
967,181729,corner,1,0.9700,-1,0
968,181835,corner,1,0.9700,-1,0
969,182069,corner,1,0.9700,-1,0
970,182199,corner,1,0.9700,-1,0
971,182366,corner,1,0.9700,-1,0
972,182520,corner,1,0.9700,-1,0
973,182665,corner,1,0.9700,-1,0
974,182873,corner,1,0.9700,-1,0
975,183019,corner,1,0.9700,-1,0
976,183182,corner,1,0.9700,-1,0
977,183333,corner,1,0.9700,-1,0
978,183480,corner,1,0.9700,-1,0
979,183626,corner,1,0.9700,-1,0
980,183779,corner,1,0.9700,-1,0
981,183922,corner,1,0.9700,-1,0
982,184078,corner,1,0.9700,-1,0
983,184226,corner,1,0.9700,-1,0
984,184366,corner,1,0.9700,-1,0
985,184515,corner,1,0.9700,-1,0
986,184911,corner,1,0.9700,-1,0
987,185057,corner,1,0.9700,-1,0
988,185233,corner,1,0.9700,-1,0
989,185396,corner,1,0.9700,-1,0
990,185631,corner,1,0.9700,-1,0
991,185828,corner,1,0.9700,-1,0
992,185970,corner,1,0.9700,-1,0
993,186106,corner,1,0.9700,-1,0
994,186245,corner,1,0.9700,-1,0
995,186404,corner,1,0.9700,-1,0
996,186551,corner,1,0.9700,-1,0
997,186718,corner,1,0.9700,-1,0
998,186877,corner,1,0.9700,-1,0
999,187086,corner,1,0.9700,-1,0
1000,187230,corner,1,0.9700,-1,0
1001,187398,corner,1,0.9700,-1,0
1002,187548,corner,1,0.9700,-1,0
1003,187782,corner,1,0.9700,-1,0
1004,188006,corner,1,0.9700,-1,0
1005,188196,corner,1,0.9700,-1,0
1006,188343,corner,1,0.9700,-1,0
1007,189695,corner,1,0.9700,-1,0
1008,189841,corner,1,0.9700,-1,0
1009,189993,corner,1,0.9700,-1,0
1010,190135,corner,1,0.9700,-1,0
1011,190292,corner,1,0.9700,-1,0
1012,190700,corner,1,0.9700,-1,0
1013,190848,corner,1,0.9700,-1,0
1014,191047,corner,1,0.9700,-1,0
1015,191203,corner,1,0.9700,-1,0
1016,191399,corner,1,0.9700,-1,0
1017,191548,corner,1,0.9700,-1,0
1018,191701,corner,1,0.9700,-1,0
1019,191842,corner,1,0.9700,-1,0
1020,192001,corner,1,0.9700,-1,0
1021,192153,corner,1,0.9700,-1,0
1022,192296,corner,1,0.9700,-1,0
1023,192452,corner,1,0.9700,-1,0
1024,192777,corner,1,0.9700,-1,0
1025,192927,corner,1,0.9700,-1,0
1026,193080,corner,1,0.9700,-1,0
1027,193219,corner,1,0.9700,-1,0
1028,193353,corner,1,0.9700,-1,0
1029,193511,corner,1,0.9700,-1,0
1030,193641,corner,1,0.9700,-1,0
1031,193818,corner,1,0.9700,-1,0
1032,193959,corner,1,0.9800,-1,0
1033,194099,corner,1,0.9800,-1,0
1034,194254,corner,1,0.9800,-1,0
1035,194434,corner,1,0.9800,-1,0
1036,194612,corner,1,0.9800,-1,0
1037,194791,corner,1,0.9800,-1,0
1038,194948,corner,1,0.9800,-1,0
1039,195138,corner,1,0.9800,-1,0
1040,195292,corner,1,0.9800,-1,0
1041,195442,corner,1,0.9800,-1,0
1042,195590,corner,1,0.9800,-1,0
1043,195763,corner,1,0.9800,-1,0
1044,195910,corner,1,0.9800,-1,0
1045,196046,corner,1,0.9800,-1,0
1046,196192,corner,1,0.9800,-1,0
1047,196341,corner,1,0.9800,-1,0
1048,196486,corner,1,0.9900,-1,0
1049,196663,corner,1,0.9900,-1,0
1050,196820,corner,1,0.9900,-1,0
1051,196987,corner,1,0.9900,-1,0
1052,197172,corner,1,0.9900,-1,0
1053,197322,corner,1,0.9900,-1,0
1054,197474,corner,1,0.9900,-1,0
1055,197848,corner,1,0.9900,-1,0
1056,198032,corner,1,0.9900,-1,0
1057,198181,corner,1,0.9900,-1,0
1058,198327,corner,1,0.9900,-1,0
1059,198470,corner,1,1.0000,-1,0
1060,198629,corner,1,1.0000,-1,0
1061,198811,corner,1,1.0000,-1,0
1062,198962,corner,1,1.0000,-1,0
1063,199112,corner,1,1.0000,-1,0
1064,199267,corner,1,1.0000,-1,0
1065,199419,corner,1,1.0000,-1,0
1066,199620,corner,1,1.0000,-1,0
1067,199802,corner,1,1.0000,-1,0
1068,199946,corner,1,1.0000,-1,0
1069,200111,corner,1,1.0000,-1,0
1070,200419,corner,1,1.0000,-1,0
1071,200587,corner,1,1.0000,-1,0
1072,200738,corner,1,1.0000,-1,0
1073,200887,corner,1,1.0000,-1,0
1074,201041,corner,1,1.0000,-1,0
1075,201230,corner,1,1.0000,-1,0
1076,201365,corner,1,1.0000,-1,0
1077,201508,corner,1,1.0000,-1,0
1078,201668,corner,1,1.0000,-1,0
1079,201811,corner,1,1.0000,-1,0
1080,201994,corner,1,1.0000,-1,0
1081,202150,corner,1,1.0000,-1,0
1082,202248,corner,1,1.0000,-1,0
1083,202398,corner,1,1.0000,-1,0
1084,202570,corner,1,1.0000,-1,0
1085,202680,corner,1,1.0000,-1,0
1086,202828,corner,1,1.0000,-1,0
1087,202974,corner,1,1.0000,-1,0
1088,203076,corner,1,1.0000,-1,0
1089,203241,corner,1,1.0000,-1,0
1090,203386,corner,1,1.0000,-1,0
1091,203520,corner,1,1.0000,-1,0
1092,203674,corner,1,1.0000,-1,0
1093,203815,corner,1,1.0000,-1,0
1094,203948,corner,1,1.0000,-1,0
1095,204093,corner,1,1.0000,-1,0
1096,204289,corner,1,1.0000,-1,0
1097,204437,corner,1,1.0000,-1,0
1098,204681,corner,1,1.0000,-1,0
1099,204833,corner,1,1.0000,-1,0
1100,204969,corner,1,1.0000,-1,0
1101,205175,corner,1,1.0000,-1,0
1102,205399,corner,1,1.0000,-1,0
1103,205548,corner,1,1.0000,-1,0
1104,205691,corner,1,1.0000,-1,0
1105,205845,corner,1,1.0000,-1,0
1106,205999,corner,1,1.0000,-1,0
1107,206150,corner,1,1.0000,-1,0
1108,206250,corner,0,0.9900,-1,0
1109,206421,corner,1,0.9900,-1,0
1110,206587,corner,1,0.9900,-1,0
1111,206721,corner,1,0.9900,-1,0
1112,206861,corner,1,0.9900,-1,0
1113,207010,corner,1,0.9900,-1,0
1114,207122,corner,1,0.9900,-1,0
1115,208474,corner,1,0.9900,-1,0
1116,208642,corner,1,0.9900,-1,0
1117,208809,corner,1,0.9900,-1,0
1118,208962,corner,1,0.9900,-1,0
1119,209122,corner,1,0.9900,-1,0
1120,209304,corner,1,0.9900,-1,0
1121,209503,corner,1,0.9900,-1,0
1122,209650,corner,1,0.9900,-1,0
1123,209802,corner,1,0.9900,-1,0
1124,210116,corner,1,0.9900,-1,0
1125,210221,corner,1,0.9900,-1,0
1126,210377,corner,1,0.9900,-1,0
1127,210533,corner,1,0.9900,-1,0
1128,210683,corner,1,0.9900,-1,0
1129,210861,corner,1,0.9900,-1,0
1130,211006,corner,1,0.9900,-1,0
1131,211138,corner,1,0.9900,-1,0
1132,211333,corner,1,0.9900,-1,0
1133,211488,corner,1,0.9900,-1,0
1134,211700,corner,1,0.9900,-1,0
1135,211848,corner,1,0.9900,-1,0
1136,211986,corner,1,0.9900,-1,0
1137,212134,corner,1,0.9900,-1,0
1138,212299,corner,1,0.9900,-1,0
1139,212453,corner,1,0.9900,-1,0
1140,212657,corner,1,0.9900,-1,0
1141,212796,corner,1,0.9900,-1,0
1142,212942,corner,1,0.9900,-1,0
1143,213090,corner,1,0.9900,-1,0
1144,213250,corner,1,0.9900,-1,0
1145,213408,corner,1,0.9900,-1,0
1146,213551,corner,1,0.9900,-1,0
1147,213750,corner,1,0.9900,-1,0
1148,213900,corner,1,0.9900,-1,0
1149,214043,corner,1,0.9900,-1,0
1150,214190,corner,1,0.9900,-1,0
1151,214326,corner,1,0.9900,-1,0
1152,214465,corner,1,0.9900,-1,0
1153,214662,corner,1,0.9900,-1,0
1154,214890,corner,1,0.9900,-1,0
1155,215046,corner,1,0.9900,-1,0
1156,215201,corner,1,0.9900,-1,0
1157,215352,corner,1,0.9900,-1,0
1158,215454,corner,0,0.9800,-1,0
1159,216806,corner,1,0.9800,-1,0
1160,216957,corner,1,0.9800,-1,0
1161,217106,corner,1,0.9800,-1,0
1162,217250,corner,1,0.9800,-1,0
1163,217393,corner,1,0.9800,-1,0
1164,217538,corner,1,0.9800,-1,0
1165,217681,corner,1,0.9800,-1,0
1166,217843,corner,1,0.9800,-1,0
1167,218024,corner,1,0.9800,-1,0
1168,218172,corner,1,0.9800,-1,0
1169,218324,corner,1,0.9800,-1,0
1170,218471,corner,1,0.9800,-1,0
1171,218613,corner,1,0.9800,-1,0
1172,218767,corner,1,0.9800,-1,0
1173,218913,corner,1,0.9800,-1,0
1174,219081,corner,1,0.9800,-1,0
1175,219397,corner,1,0.9800,-1,0
1176,219565,corner,1,0.9800,-1,0
1177,219727,corner,1,0.9800,-1,0
1178,219873,corner,1,0.9800,-1,0
1179,220021,corner,1,0.9800,-1,0
1180,220183,corner,1,0.9800,-1,0
1181,220300,corner,1,0.9800,-1,0
1182,220442,corner,1,0.9800,-1,0
1183,220593,corner,1,0.9800,-1,0
1184,220743,corner,1,0.9800,-1,0
1185,220883,corner,1,0.9800,-1,0
1186,221056,corner,1,0.9800,-1,0
1187,221198,corner,1,0.9800,-1,0
1188,221355,corner,1,0.9800,-1,0
1189,221540,corner,1,0.9800,-1,0
1190,221691,corner,1,0.9800,-1,0
1191,221804,corner,1,0.9800,-1,0
1192,221949,corner,1,0.9800,-1,0
1193,222258,corner,1,0.9800,-1,0
1194,222423,corner,1,0.9800,-1,0
1195,222572,corner,1,0.9800,-1,0
1196,222712,corner,1,0.9800,-1,0
1197,222868,corner,1,0.9800,-1,0
1198,223014,corner,1,0.9800,-1,0
1199,223108,corner,0,0.9700,-1,0
1200,223269,corner,1,0.9700,-1,0
1201,223438,corner,1,0.9700,-1,0
1202,223574,corner,1,0.9700,-1,0
1203,223764,corner,1,0.9700,-1,0
1204,223906,corner,1,0.9700,-1,0
1205,224087,corner,1,0.9700,-1,0
1206,224229,corner,1,0.9700,-1,0
1207,224368,corner,1,0.9700,-1,0
1208,224533,corner,1,0.9800,-1,0
1209,224678,corner,1,0.9800,-1,0
1210,224828,corner,1,0.9800,-1,0
1211,224967,corner,1,0.9800,-1,0
1212,225169,corner,1,0.9800,-1,0
1213,225315,corner,1,0.9800,-1,0
1214,225451,corner,1,0.9800,-1,0
1215,225608,corner,1,0.9800,-1,0
1216,225761,corner,1,0.9800,-1,0
1217,225934,corner,1,0.9800,-1,0
1218,226088,corner,1,0.9800,-1,0
1219,226189,corner,1,0.9800,-1,0
1220,226361,corner,1,0.9800,-1,0
1221,226545,corner,1,0.9800,-1,0
1222,226692,corner,1,0.9800,-1,0
1223,226843,corner,1,0.9800,-1,0
1224,226992,corner,1,0.9800,-1,0
1225,227132,corner,1,0.9800,-1,0
1226,227253,corner,1,0.9800,-1,0
1227,227391,corner,1,0.9800,-1,0
1228,227553,corner,1,0.9800,-1,0
1229,227703,corner,1,0.9800,-1,0
1230,227851,corner,1,0.9800,-1,0
1231,228019,corner,1,0.9800,-1,0
1232,228161,corner,1,0.9800,-1,0
1233,228316,corner,1,0.9800,-1,0
1234,228470,corner,1,0.9800,-1,0
1235,228611,corner,1,0.9800,-1,0
1236,228762,corner,1,0.9800,-1,0
1237,228902,corner,1,0.9800,-1,0
1238,229047,corner,1,0.9800,-1,0
1239,229210,corner,1,0.9800,-1,0
1240,229389,corner,1,0.9800,-1,0
1241,229544,corner,1,0.9800,-1,0
1242,229685,corner,1,0.9800,-1,0
1243,229791,corner,1,0.9800,-1,0
1244,229931,corner,1,0.9800,-1,0
1245,230074,corner,1,0.9800,-1,0
1246,230244,corner,1,0.9800,-1,0
1247,230382,corner,1,0.9800,-1,0
1248,230621,corner,1,0.9800,-1,0
1249,230772,corner,1,0.9800,-1,0
1250,230967,corner,1,0.9800,-1,0
1251,231124,corner,1,0.9800,-1,0
1252,232476,corner,1,0.9800,-1,0
1253,232618,corner,1,0.9800,-1,0
1254,232793,corner,1,0.9800,-1,0
1255,232948,corner,1,0.9800,-1,0
1256,233085,corner,1,0.9800,-1,0
1257,233240,corner,1,0.9800,-1,0
1258,233391,corner,1,0.9900,-1,0
1259,233558,corner,1,0.9900,-1,0
1260,233719,corner,1,0.9900,-1,0
1261,233869,corner,1,0.9900,-1,0
1262,233989,corner,1,0.9900,-1,0
1263,234139,corner,1,0.9900,-1,0
1264,234316,corner,1,0.9900,-1,0
1265,234452,corner,1,0.9900,-1,0
1266,234597,corner,1,0.9900,-1,0
1267,234760,corner,1,0.9900,-1,0
1268,234910,corner,1,0.9900,-1,0
1269,235068,corner,1,0.9900,-1,0
1270,235216,corner,1,0.9900,-1,0
1271,235361,corner,1,0.9900,-1,0
1272,235506,corner,1,0.9900,-1,0
1273,235654,corner,1,0.9900,-1,0
1274,235793,corner,1,0.9900,-1,0
1275,235910,corner,1,0.9900,-1,0
1276,236073,corner,1,0.9900,-1,0
1277,236225,corner,1,0.9900,-1,0
1278,236390,corner,1,0.9900,-1,0
1279,236508,corner,1,0.9900,-1,0
1280,236652,corner,1,0.9900,-1,0
1281,236797,corner,1,0.9900,-1,0
1282,236954,corner,1,0.9900,-1,0
1283,237094,corner,1,0.9900,-1,0
1284,237243,corner,1,0.9900,-1,0
1285,237389,corner,1,0.9900,-1,0
1286,237537,corner,1,0.9900,-1,0
1287,237689,corner,1,0.9900,-1,0
1288,237804,corner,1,0.9900,-1,0
1289,237973,corner,1,0.9900,-1,0
1290,238124,corner,1,0.9900,-1,0
1291,238263,corner,1,0.9900,-1,0
1292,238417,corner,1,0.9900,-1,0
1293,238527,corner,1,0.9900,-1,0
1294,238676,corner,1,0.9900,-1,0
1295,239630,corner,1,0.9900,-1,0
1296,239779,corner,1,0.9900,-1,0
1297,239917,corner,1,0.9900,-1,0
1298,240091,corner,1,0.9900,-1,0
1299,240234,corner,1,1.0000,-1,0
1300,240375,corner,1,1.0000,-1,0
1301,240527,corner,1,1.0000,-1,0
1302,240682,corner,1,1.0000,-1,0
1303,240836,corner,1,1.0000,-1,0
1304,240982,corner,1,1.0000,-1,0
1305,241131,corner,1,1.0000,-1,0
1306,241284,corner,1,1.0000,-1,0
1307,241422,corner,1,1.0000,-1,0
1308,241528,corner,0,0.9900,-1,0
1309,241679,corner,1,0.9900,-1,0
1310,241821,corner,1,0.9900,-1,0
1311,241967,corner,1,0.9900,-1,0
1312,242112,corner,1,0.9900,-1,0
1313,242261,corner,1,0.9900,-1,0
1314,242440,corner,1,0.9900,-1,0
1315,242588,corner,1,0.9900,-1,0
1316,242729,corner,1,0.9900,-1,0
1317,242864,corner,1,0.9900,-1,0
1318,243008,corner,1,0.9900,-1,0
1319,243156,corner,1,0.9900,-1,0
1320,243313,corner,1,0.9900,-1,0
1321,243461,corner,1,0.9900,-1,0
1322,243614,corner,1,0.9900,-1,0
1323,243806,corner,1,0.9900,-1,0
1324,243947,corner,1,0.9900,-1,0
1325,244089,corner,1,0.9900,-1,0
1326,244242,corner,1,0.9900,-1,0
1327,244388,corner,1,0.9900,-1,0
1328,244543,corner,1,0.9900,-1,0
1329,244711,corner,1,0.9900,-1,0
1330,244851,corner,1,0.9900,-1,0
1331,245003,corner,1,0.9900,-1,0
1332,245146,corner,1,0.9900,-1,0
1333,245296,corner,1,0.9900,-1,0
1334,245446,corner,1,0.9900,-1,0
1335,245580,corner,1,0.9900,-1,0
1336,245753,corner,1,0.9900,-1,0
1337,245922,corner,1,0.9900,-1,0
1338,246078,corner,1,0.9900,-1,0
1339,246186,corner,1,0.9900,-1,0
1340,246302,corner,1,0.9900,-1,0
1341,246441,corner,1,0.9900,-1,0
1342,246600,corner,1,0.9900,-1,0
1343,246746,corner,1,0.9900,-1,0
1344,246864,corner,1,0.9900,-1,0
1345,247024,corner,1,0.9900,-1,0
1346,247170,corner,1,0.9900,-1,0
1347,247307,corner,1,0.9900,-1,0
1348,247467,corner,1,0.9900,-1,0
1349,247688,corner,1,0.9900,-1,0
1350,247837,corner,1,0.9900,-1,0
1351,247977,corner,1,0.9900,-1,0
1352,248112,corner,1,0.9900,-1,0
1353,248226,corner,1,0.9900,-1,0
1354,248381,corner,1,0.9900,-1,0
1355,248537,corner,1,0.9900,-1,0
1356,248696,corner,1,0.9900,-1,0
1357,248833,corner,1,0.9900,-1,0
1358,248997,corner,1,0.9900,-1,0
1359,249102,corner,1,0.9900,-1,0
1360,249249,corner,1,0.9900,-1,0
1361,249389,corner,1,0.9900,-1,0
1362,249594,corner,1,0.9900,-1,0
1363,249763,corner,1,0.9900,-1,0
1364,249912,corner,1,0.9900,-1,0
1365,250102,corner,1,0.9900,-1,0
1366,250250,corner,1,0.9900,-1,0
1367,250395,corner,1,0.9900,-1,0
1368,250511,corner,1,0.9900,-1,0
1369,250667,corner,1,0.9900,-1,0
1370,250834,corner,1,0.9900,-1,0
1371,250972,corner,1,0.9900,-1,0
1372,251113,corner,1,0.9900,-1,0
1373,251269,corner,1,0.9900,-1,0
1374,251475,corner,1,0.9900,-1,0
1375,251613,corner,1,0.9900,-1,0
1376,251770,corner,1,0.9900,-1,0
1377,251938,corner,1,0.9900,-1,0
1378,252083,corner,1,0.9900,-1,0
1379,252248,corner,1,0.9900,-1,0
1380,252435,corner,1,0.9900,-1,0
1381,252601,corner,1,0.9900,-1,0
1382,252746,corner,1,0.9900,-1,0
1383,252920,corner,1,0.9900,-1,0
1384,253063,corner,1,0.9900,-1,0
1385,253218,corner,1,0.9900,-1,0
1386,253361,corner,1,0.9900,-1,0
1387,253513,corner,1,0.9900,-1,0
1388,253659,corner,1,0.9900,-1,0
1389,253815,corner,1,0.9900,-1,0
1390,253926,corner,1,0.9900,-1,0
1391,254102,corner,1,0.9900,-1,0
1392,254295,corner,1,0.9900,-1,0
1393,254479,corner,1,0.9900,-1,0
1394,254632,corner,1,0.9900,-1,0
1395,254791,corner,1,0.9900,-1,0
1396,254933,corner,1,0.9900,-1,0
1397,255108,corner,1,0.9900,-1,0
1398,255252,corner,1,0.9900,-1,0
1399,255415,corner,1,0.9900,-1,0
1400,255565,corner,1,0.9900,-1,0
1401,255682,corner,1,0.9900,-1,0
1402,255823,corner,1,0.9900,-1,0
1403,255956,corner,1,0.9900,-1,0
1404,256126,corner,1,0.9900,-1,0
1405,256282,corner,1,0.9900,-1,0
1406,256469,corner,1,0.9900,-1,0
1407,256611,corner,1,0.9900,-1,0
1408,256765,corner,1,1.0000,-1,0
1409,256922,corner,1,1.0000,-1,0
1410,257071,corner,1,1.0000,-1,0
1411,257232,corner,1,1.0000,-1,0
1412,257384,corner,1,1.0000,-1,0
1413,257537,corner,1,1.0000,-1,0
1414,257676,corner,1,1.0000,-1,0
1415,257829,corner,1,1.0000,-1,0
1416,257978,corner,1,1.0000,-1,0
1417,258114,corner,1,1.0000,-1,0
1418,258274,corner,1,1.0000,-1,0
1419,258436,corner,1,1.0000,-1,0
1420,258591,corner,1,1.0000,-1,0
1421,258734,corner,1,1.0000,-1,0
1422,258898,corner,1,1.0000,-1,0
1423,259072,corner,1,1.0000,-1,0
1424,259208,corner,1,1.0000,-1,0
1425,259354,corner,1,1.0000,-1,0
1426,259500,corner,1,1.0000,-1,0
1427,259684,corner,1,1.0000,-1,0
1428,259855,corner,1,1.0000,-1,0
1429,260009,corner,1,1.0000,-1,0
1430,260171,corner,1,1.0000,-1,0
1431,260306,corner,1,1.0000,-1,0
1432,260447,corner,1,1.0000,-1,0
1433,260595,corner,1,1.0000,-1,0
1434,260703,corner,1,1.0000,-1,0
1435,260852,corner,1,1.0000,-1,0
1436,260989,corner,1,1.0000,-1,0
1437,261146,corner,1,1.0000,-1,0
1438,261291,corner,1,1.0000,-1,0
1439,261459,corner,1,1.0000,-1,0
1440,261567,corner,1,1.0000,-1,0
1441,261710,corner,1,1.0000,-1,0
1442,261934,corner,1,1.0000,-1,0
1443,262139,corner,1,1.0000,-1,0
1444,262286,corner,1,1.0000,-1,0
1445,262434,corner,1,1.0000,-1,0
1446,262562,corner,1,1.0000,-1,0
1447,262710,corner,1,1.0000,-1,0
1448,262865,corner,1,1.0000,-1,0
1449,263028,corner,1,1.0000,-1,0
1450,263197,corner,1,1.0000,-1,0
1451,263351,corner,1,1.0000,-1,0
1452,263527,corner,1,1.0000,-1,0
1453,263681,corner,1,1.0000,-1,0
1454,263831,corner,1,1.0000,-1,0
1455,263988,corner,1,1.0000,-1,0
1456,264099,corner,1,1.0000,-1,0
1457,264276,corner,1,1.0000,-1,0
1458,264643,corner,1,1.0000,-1,0
1459,264787,corner,1,1.0000,-1,0
1460,264947,corner,1,1.0000,-1,0
1461,265112,corner,1,1.0000,-1,0
1462,265219,corner,1,1.0000,-1,0
1463,265393,corner,1,1.0000,-1,0
1464,265548,corner,1,1.0000,-1,0
1465,265703,corner,1,1.0000,-1,0
1466,265844,corner,1,1.0000,-1,0
1467,265986,corner,1,1.0000,-1,0
1468,266133,corner,1,1.0000,-1,0
1469,267485,corner,1,1.0000,-1,0
1470,267633,corner,1,1.0000,-1,0
1471,267746,corner,1,1.0000,-1,0
1472,267900,corner,1,1.0000,-1,0
1473,268012,corner,0,0.9900,-1,0
1474,268166,corner,1,0.9900,-1,0
1475,268309,corner,1,0.9900,-1,0
1476,268508,corner,1,0.9900,-1,0
1477,268660,corner,1,0.9900,-1,0
1478,268800,corner,1,0.9900,-1,0
1479,268959,corner,1,0.9900,-1,0
1480,269109,corner,1,0.9900,-1,0
1481,269271,corner,1,0.9900,-1,0
1482,269442,corner,1,0.9900,-1,0
1483,269596,corner,1,0.9900,-1,0
1484,269707,corner,1,0.9900,-1,0
1485,269843,corner,1,0.9900,-1,0
1486,270007,corner,1,0.9900,-1,0
1487,270155,corner,1,0.9900,-1,0
1488,270328,corner,1,0.9900,-1,0
1489,270486,corner,1,0.9900,-1,0
1490,270686,corner,1,0.9900,-1,0
1491,270844,corner,1,0.9900,-1,0
1492,270987,corner,1,0.9900,-1,0
1493,271197,corner,1,0.9900,-1,0
1494,271307,corner,1,0.9900,-1,0
1495,271448,corner,1,0.9900,-1,0
1496,271606,corner,1,0.9900,-1,0
1497,271747,corner,1,0.9900,-1,0
1498,271887,corner,1,0.9900,-1,0
1499,272038,corner,1,0.9900,-1,0
1500,272335,corner,1,0.9900,-1,0
1501,272474,corner,1,0.9900,-1,0
1502,272622,corner,1,0.9900,-1,0
1503,272780,corner,1,0.9900,-1,0
1504,272888,corner,1,0.9900,-1,0
1505,273136,corner,1,0.9900,-1,0
1506,273283,corner,1,0.9900,-1,0
1507,273447,corner,1,0.9900,-1,0
1508,273606,corner,1,0.9900,-1,0
1509,273753,corner,1,0.9900,-1,0
1510,273892,corner,1,0.9900,-1,0
1511,274038,corner,1,0.9900,-1,0
1512,274183,corner,1,0.9900,-1,0
1513,274324,corner,1,0.9900,-1,0
1514,274444,corner,1,0.9900,-1,0
1515,274594,corner,1,0.9900,-1,0
1516,274794,corner,1,0.9900,-1,0
1517,274951,corner,1,0.9900,-1,0
1518,275109,corner,1,0.9900,-1,0
1519,275256,corner,1,0.9900,-1,0
1520,275376,corner,1,0.9900,-1,0
1521,275524,corner,1,0.9900,-1,0
1522,275673,corner,1,0.9900,-1,0
1523,277025,corner,1,0.9900,-1,0
1524,277182,corner,1,0.9900,-1,0
1525,277339,corner,1,0.9900,-1,0
1526,277486,corner,1,0.9900,-1,0
1527,277617,corner,1,0.9900,-1,0
1528,277769,corner,1,0.9900,-1,0
1529,277914,corner,1,0.9900,-1,0
1530,278026,corner,1,0.9900,-1,0
1531,278175,corner,1,0.9900,-1,0
1532,278353,corner,1,0.9900,-1,0
1533,278515,corner,1,0.9900,-1,0
1534,278677,corner,1,0.9900,-1,0
1535,278827,corner,1,0.9900,-1,0
1536,278975,corner,1,0.9900,-1,0
1537,279170,corner,1,0.9900,-1,0
1538,279311,corner,1,0.9900,-1,0
1539,279420,corner,1,0.9900,-1,0
1540,279582,corner,1,0.9900,-1,0
1541,279699,corner,1,0.9900,-1,0
1542,279851,corner,1,0.9900,-1,0
1543,279962,corner,1,0.9900,-1,0
1544,280082,corner,1,0.9900,-1,0
1545,280235,corner,1,0.9900,-1,0
1546,280390,corner,1,0.9900,-1,0
1547,280509,corner,1,0.9900,-1,0
1548,280707,corner,1,0.9900,-1,0
1549,280877,corner,1,0.9900,-1,0
1550,281031,corner,1,0.9900,-1,0
1551,281221,corner,1,0.9900,-1,0
1552,281371,corner,1,0.9900,-1,0
1553,281533,corner,1,0.9900,-1,0
1554,281709,corner,1,0.9900,-1,0
1555,281864,corner,1,0.9900,-1,0
1556,281986,corner,1,0.9900,-1,0
1557,282134,corner,1,0.9900,-1,0
1558,282244,corner,0,0.9800,-1,0
1559,282370,corner,1,0.9800,-1,0
1560,282522,corner,1,0.9800,-1,0
1561,282673,corner,1,0.9800,-1,0
1562,282823,corner,1,0.9800,-1,0
1563,283150,corner,1,0.9800,-1,0
1564,283292,corner,1,0.9800,-1,0
1565,283463,corner,1,0.9800,-1,0
1566,283610,corner,1,0.9800,-1,0
1567,283769,corner,1,0.9800,-1,0
1568,283944,corner,1,0.9800,-1,0
1569,284120,corner,1,0.9800,-1,0
1570,284262,corner,1,0.9800,-1,0
1571,284409,corner,1,0.9800,-1,0
1572,284571,corner,1,0.9800,-1,0
1573,284741,corner,1,0.9900,-1,0
1574,284892,corner,1,0.9900,-1,0
1575,285029,corner,1,0.9900,-1,0
1576,285212,corner,1,0.9900,-1,0
1577,285367,corner,1,0.9900,-1,0
1578,285501,corner,1,0.9900,-1,0
1579,285653,corner,1,0.9900,-1,0
1580,285792,corner,1,0.9900,-1,0
1581,285928,corner,1,0.9900,-1,0
1582,286049,corner,1,0.9900,-1,0
1583,286194,corner,1,0.9900,-1,0
1584,286352,corner,1,0.9900,-1,0
1585,286521,corner,1,0.9900,-1,0
1586,286664,corner,1,0.9900,-1,0
1587,286810,corner,1,0.9900,-1,0
1588,286974,corner,1,0.9900,-1,0
1589,287139,corner,1,0.9900,-1,0
1590,287286,corner,1,0.9900,-1,0
1591,287661,corner,1,0.9900,-1,0
1592,287854,corner,1,0.9900,-1,0
1593,288014,corner,1,0.9900,-1,0
1594,288163,corner,1,0.9900,-1,0
1595,288319,corner,1,0.9900,-1,0
1596,288474,corner,1,0.9900,-1,0
1597,288635,corner,1,0.9900,-1,0
1598,288768,corner,1,0.9900,-1,0
1599,288955,corner,1,0.9900,-1,0
1600,289103,corner,1,0.9900,-1,0
1601,289255,corner,1,0.9900,-1,0
1602,289416,corner,1,0.9900,-1,0
1603,289572,corner,1,0.9900,-1,0
1604,289714,corner,1,0.9900,-1,0
1605,289854,corner,1,0.9900,-1,0
1606,290012,corner,1,0.9900,-1,0
1607,290121,corner,1,0.9900,-1,0
1608,290277,corner,1,0.9900,-1,0
1609,290432,corner,1,0.9900,-1,0
1610,290592,corner,1,0.9900,-1,0
1611,290767,corner,1,0.9900,-1,0
1612,290929,corner,1,0.9900,-1,0
1613,291071,corner,1,0.9900,-1,0
1614,291212,corner,1,0.9900,-1,0
1615,291359,corner,1,0.9900,-1,0
1616,291536,corner,1,0.9900,-1,0
1617,291696,corner,1,0.9900,-1,0
1618,291850,corner,1,0.9900,-1,0
1619,292005,corner,1,0.9900,-1,0
1620,292149,corner,1,0.9900,-1,0
1621,292296,corner,1,0.9900,-1,0
1622,292437,corner,1,0.9900,-1,0
1623,292561,corner,1,0.9900,-1,0
1624,292680,corner,1,0.9900,-1,0
1625,292794,corner,1,0.9900,-1,0
1626,292929,corner,1,0.9900,-1,0
1627,293110,corner,1,0.9900,-1,0
1628,293224,corner,1,0.9900,-1,0
1629,293383,corner,1,0.9900,-1,0
1630,293525,corner,1,0.9900,-1,0
1631,293679,corner,1,0.9900,-1,0
1632,293799,corner,1,0.9900,-1,0
1633,293947,corner,1,0.9900,-1,0
1634,294129,corner,1,0.9900,-1,0
1635,294249,corner,1,0.9900,-1,0
1636,294410,corner,1,0.9900,-1,0
1637,294567,corner,1,0.9900,-1,0
1638,294727,corner,1,0.9900,-1,0
1639,294885,corner,1,0.9900,-1,0
1640,295025,corner,1,0.9900,-1,0
1641,295195,corner,1,0.9900,-1,0
1642,295312,corner,1,0.9900,-1,0
1643,295458,corner,1,0.9900,-1,0
1644,295599,corner,1,0.9900,-1,0
1645,295708,corner,0,0.9800,-1,0
1646,295869,corner,1,0.9800,-1,0
1647,296052,corner,1,0.9800,-1,0
1648,296437,corner,1,0.9800,-1,0
1649,296588,corner,1,0.9800,-1,0
1650,296731,corner,1,0.9800,-1,0
1651,296885,corner,1,0.9800,-1,0
1652,297028,corner,1,0.9800,-1,0
1653,297182,corner,1,0.9800,-1,0
1654,297340,corner,1,0.9800,-1,0
1655,297507,corner,1,0.9800,-1,0
1656,297651,corner,1,0.9800,-1,0
1657,297807,corner,1,0.9800,-1,0
1658,297925,corner,1,0.9900,-1,0
1659,298099,corner,1,0.9900,-1,0
1660,298234,corner,1,0.9900,-1,0
1661,298391,corner,1,0.9900,-1,0
1662,298528,corner,1,0.9900,-1,0
1663,298734,corner,1,0.9900,-1,0
1664,298886,corner,1,0.9900,-1,0
1665,299006,corner,1,0.9900,-1,0
1666,299156,corner,1,0.9900,-1,0
1667,299296,corner,1,0.9900,-1,0
1668,299415,corner,1,0.9900,-1,0
1669,299549,corner,1,0.9900,-1,0
1670,299663,corner,1,0.9900,-1,0
1671,299833,corner,1,0.9900,-1,0
1672,299944,corner,1,0.9900,-1,0
1673,300091,corner,1,0.9900,-1,0
1674,300248,corner,1,0.9900,-1,0
1675,300356,corner,1,0.9900,-1,0
1676,300504,corner,1,0.9900,-1,0
1677,300630,corner,1,0.9900,-1,0
1678,300779,corner,1,0.9900,-1,0
1679,300935,corner,1,0.9900,-1,0
1680,301092,corner,1,0.9900,-1,0
1681,301287,corner,1,0.9900,-1,0
1682,301431,corner,1,0.9900,-1,0
1683,301565,corner,1,0.9900,-1,0
1684,301726,corner,1,0.9900,-1,0
1685,301882,corner,1,0.9900,-1,0
1686,302027,corner,1,0.9900,-1,0
1687,302185,corner,1,0.9900,-1,0
1688,302360,corner,1,0.9900,-1,0
1689,302502,corner,1,0.9900,-1,0
1690,302643,corner,1,0.9900,-1,0
1691,302756,corner,1,0.9900,-1,0
1692,302908,corner,1,0.9900,-1,0
1693,303084,corner,1,0.9900,-1,0
1694,303227,corner,1,0.9900,-1,0
1695,303365,corner,1,0.9900,-1,0
1696,303529,corner,1,0.9900,-1,0
1697,303682,corner,1,0.9900,-1,0
1698,303837,corner,1,0.9900,-1,0
1699,303970,corner,1,0.9900,-1,0
1700,304112,corner,1,0.9900,-1,0
1701,304273,corner,1,0.9900,-1,0
1702,304435,corner,1,0.9900,-1,0
1703,304579,corner,1,0.9900,-1,0
1704,304718,corner,1,0.9900,-1,0
1705,304871,corner,1,0.9900,-1,0
1706,305009,corner,1,0.9900,-1,0
1707,305154,corner,1,0.9900,-1,0
1708,305290,corner,1,0.9900,-1,0
1709,305414,corner,1,0.9900,-1,0
1710,305568,corner,1,0.9900,-1,0
1711,305690,corner,1,0.9900,-1,0
1712,305800,corner,1,0.9900,-1,0
1713,305911,corner,1,0.9900,-1,0
1714,306082,corner,1,0.9900,-1,0
1715,306242,corner,1,0.9900,-1,0
1716,306360,corner,1,0.9900,-1,0
1717,306509,corner,1,0.9900,-1,0
1718,306647,corner,1,0.9900,-1,0
1719,306769,corner,1,0.9900,-1,0
1720,306900,corner,1,0.9900,-1,0
1721,307086,corner,1,0.9900,-1,0
1722,307225,corner,1,0.9900,-1,0
1723,307339,corner,1,0.9900,-1,0
1724,307522,corner,1,0.9900,-1,0
1725,307679,corner,1,0.9900,-1,0
1726,307831,corner,1,0.9900,-1,0
1727,307976,corner,1,0.9900,-1,0
1728,308087,corner,1,0.9900,-1,0
1729,308231,corner,1,0.9900,-1,0
1730,308370,corner,1,0.9900,-1,0
1731,308513,corner,1,0.9900,-1,0
1732,308678,corner,1,0.9900,-1,0
1733,308857,corner,1,0.9900,-1,0
1734,309003,corner,1,0.9900,-1,0
1735,309144,corner,1,0.9900,-1,0
1736,309300,corner,1,0.9900,-1,0
1737,309405,corner,1,0.9900,-1,0
1738,309555,corner,1,0.9900,-1,0
1739,309698,corner,1,0.9900,-1,0
1740,309843,corner,1,0.9900,-1,0
1741,310009,corner,1,0.9900,-1,0
1742,310157,corner,1,0.9900,-1,0
1743,310317,corner,1,0.9900,-1,0
1744,310428,corner,1,0.9900,-1,0
1745,310559,corner,1,1.0000,-1,0
1746,310701,corner,1,1.0000,-1,0
1747,310820,corner,1,1.0000,-1,0
1748,310921,corner,0,0.9900,-1,0
1749,311050,corner,1,0.9900,-1,0
1750,311198,corner,1,0.9900,-1,0
1751,311361,corner,1,0.9900,-1,0
1752,311510,corner,1,0.9900,-1,0
1753,311684,corner,1,0.9900,-1,0
1754,311910,corner,1,0.9900,-1,0
1755,312058,corner,1,0.9900,-1,0
1756,312198,corner,1,0.9900,-1,0
1757,312312,corner,1,0.9900,-1,0
1758,312461,corner,1,0.9900,-1,0
1759,312601,corner,1,0.9900,-1,0
1760,312766,corner,1,0.9900,-1,0
1761,312867,corner,0,0.9800,-1,0
1762,312987,corner,1,0.9800,-1,0
1763,313164,corner,1,0.9800,-1,0
1764,313322,corner,1,0.9800,-1,0
1765,313438,corner,1,0.9800,-1,0
1766,313598,corner,1,0.9800,-1,0
1767,313806,corner,1,0.9800,-1,0
1768,313914,corner,1,0.9800,-1,0
1769,314049,corner,1,0.9800,-1,0
1770,314212,corner,1,0.9800,-1,0
1771,314368,corner,1,0.9800,-1,0
1772,314531,corner,1,0.9800,-1,0
1773,314682,corner,1,0.9800,-1,0
1774,314816,corner,1,0.9800,-1,0
1775,314959,corner,1,0.9800,-1,0
1776,315112,corner,1,0.9800,-1,0
1777,315234,corner,0,0.9700,-1,0
1778,315376,corner,1,0.9700,-1,0
1779,315544,corner,1,0.9700,-1,0
1780,315663,corner,1,0.9700,-1,0
1781,315822,corner,1,0.9700,-1,0
1782,315957,corner,1,0.9700,-1,0
1783,316096,corner,1,0.9700,-1,0
1784,316244,corner,1,0.9700,-1,0
1785,316379,corner,1,0.9700,-1,0
1786,316486,corner,1,0.9700,-1,0
1787,316592,corner,0,0.9600,-1,0
1788,316710,corner,1,0.9600,-1,0
1789,316894,corner,1,0.9600,-1,0
1790,317075,corner,1,0.9600,-1,0
1791,317214,corner,1,0.9600,-1,0
1792,317367,corner,1,0.9600,-1,0
1793,317632,corner,1,0.9600,-1,0
1794,317799,corner,1,0.9600,-1,0
1795,317953,corner,1,0.9600,-1,0
1796,318116,corner,1,0.9600,-1,0
1797,318285,corner,1,0.9600,-1,0
1798,318427,corner,1,0.9600,-1,0
1799,318585,corner,1,0.9600,-1,0
1800,318731,corner,1,0.9600,-1,0
1801,318874,corner,1,0.9600,-1,0
1802,319027,corner,1,0.9600,-1,0
1803,319240,corner,1,0.9600,-1,0
1804,319389,corner,1,0.9600,-1,0
1805,319552,corner,1,0.9600,-1,0
1806,319706,corner,1,0.9600,-1,0
1807,319884,corner,1,0.9600,-1,0
1808,320024,corner,1,0.9600,-1,0
1809,320136,corner,0,0.9500,-1,0
1810,320287,corner,1,0.9500,-1,0
1811,320426,corner,1,0.9500,-1,0
1812,320620,corner,1,0.9500,-1,0
1813,320826,corner,1,0.9500,-1,0
1814,320960,corner,1,0.9500,-1,0
1815,321157,corner,1,0.9500,-1,0
1816,321309,corner,1,0.9500,-1,0
1817,321447,corner,1,0.9500,-1,0
1818,321595,corner,1,0.9500,-1,0
1819,321725,corner,1,0.9500,-1,0
1820,321866,corner,1,0.9500,-1,0
1821,322076,corner,1,0.9500,-1,0
1822,322230,corner,1,0.9500,-1,0
1823,322377,corner,1,0.9500,-1,0
1824,322563,corner,1,0.9500,-1,0
1825,322715,corner,1,0.9500,-1,0
1826,322856,corner,1,0.9500,-1,0
1827,323018,corner,1,0.9500,-1,0
1828,323163,corner,1,0.9500,-1,0
1829,323308,corner,1,0.9500,-1,0
1830,323431,corner,1,0.9500,-1,0
1831,323575,corner,1,0.9500,-1,0
1832,323714,corner,1,0.9500,-1,0
1833,323851,corner,1,0.9500,-1,0
1834,323993,corner,1,0.9500,-1,0
1835,324113,corner,1,0.9500,-1,0
1836,324228,corner,1,0.9500,-1,0
1837,324377,corner,1,0.9500,-1,0
1838,324518,corner,1,0.9500,-1,0
1839,324663,corner,1,0.9500,-1,0
1840,324774,corner,1,0.9500,-1,0
1841,324957,corner,1,0.9500,-1,0
1842,325065,corner,0,0.9400,-1,0
1843,325214,corner,1,0.9400,-1,0
1844,325365,corner,1,0.9400,-1,0
1845,325517,corner,1,0.9400,-1,0
1846,325634,corner,1,0.9400,-1,0
1847,325786,corner,1,0.9400,-1,0
1848,325941,corner,1,0.9500,-1,0
1849,326055,corner,1,0.9500,-1,0
1850,326216,corner,1,0.9500,-1,0
1851,326377,corner,1,0.9500,-1,0
1852,326513,corner,1,0.9500,-1,0
1853,326665,corner,1,0.9500,-1,0
1854,326778,corner,1,0.9500,-1,0
1855,326890,corner,1,0.9500,-1,0
1856,326991,corner,1,0.9500,-1,0
1857,327109,corner,1,0.9500,-1,0
1858,327222,corner,1,0.9500,-1,0
1859,327333,corner,1,0.9500,-1,0
1860,327456,corner,1,0.9500,-1,0
1861,327571,corner,1,0.9600,-1,0
1862,327706,corner,1,0.9600,-1,0
1863,327811,corner,1,0.9600,-1,0
1864,327963,corner,1,0.9600,-1,0
1865,328311,corner,1,0.9600,-1,0
1866,328453,corner,1,0.9600,-1,0
1867,328593,corner,1,0.9600,-1,0
1868,328749,corner,1,0.9600,-1,0
1869,328886,corner,1,0.9600,-1,0
1870,329050,corner,1,0.9600,-1,0
1871,329188,corner,1,0.9600,-1,0
1872,329342,corner,1,0.9600,-1,0
1873,329499,corner,1,0.9600,-1,0
1874,329646,corner,1,0.9600,-1,0
1875,329788,corner,1,0.9600,-1,0
1876,329941,corner,1,0.9600,-1,0
1877,330106,corner,1,0.9700,-1,0
1878,330246,corner,1,0.9700,-1,0
1879,330360,corner,1,0.9700,-1,0
1880,330506,corner,1,0.9700,-1,0
1881,330661,corner,1,0.9700,-1,0
1882,330818,corner,1,0.9700,-1,0
1883,331034,corner,1,0.9700,-1,0
1884,331194,corner,1,0.9700,-1,0
1885,331346,corner,1,0.9700,-1,0
1886,331459,corner,1,0.9700,-1,0
1887,331594,corner,1,0.9800,-1,0
1888,331759,corner,1,0.9800,-1,0
1889,331877,corner,1,0.9800,-1,0
1890,331996,corner,1,0.9800,-1,0
1891,332150,corner,1,0.9800,-1,0
1892,332318,corner,1,0.9800,-1,0
1893,332469,corner,1,0.9800,-1,0
1894,332619,corner,1,0.9800,-1,0
1895,332754,corner,1,0.9800,-1,0
1896,332904,corner,1,0.9800,-1,0
1897,333006,corner,0,0.9700,-1,0
1898,333188,corner,1,0.9700,-1,0
1899,333372,corner,1,0.9700,-1,0
1900,333486,corner,1,0.9700,-1,0
1901,333623,corner,1,0.9700,-1,0
1902,333794,corner,1,0.9700,-1,0
1903,333951,corner,1,0.9700,-1,0
1904,334102,corner,1,0.9700,-1,0
1905,334214,corner,1,0.9700,-1,0
1906,334353,corner,1,0.9700,-1,0
1907,334554,corner,1,0.9700,-1,0
1908,334694,corner,1,0.9700,-1,0
1909,334810,corner,1,0.9800,-1,0
1910,334959,corner,1,0.9800,-1,0
1911,335127,corner,1,0.9800,-1,0
1912,335290,corner,1,0.9800,-1,0
1913,335466,corner,1,0.9800,-1,0
1914,335625,corner,1,0.9800,-1,0
1915,335785,corner,1,0.9800,-1,0
1916,335937,corner,1,0.9800,-1,0
1917,336143,corner,1,0.9800,-1,0
1918,336301,corner,1,0.9800,-1,0
1919,336405,corner,1,0.9800,-1,0
1920,336542,corner,1,0.9800,-1,0
1921,336694,corner,1,0.9800,-1,0
1922,336851,corner,1,0.9800,-1,0
1923,336991,corner,1,0.9800,-1,0
1924,338343,corner,1,0.9800,-1,0
1925,338456,corner,1,0.9800,-1,0
1926,338608,corner,1,0.9800,-1,0
1927,338775,corner,1,0.9800,-1,0
1928,338935,corner,1,0.9800,-1,0
1929,339083,corner,1,0.9800,-1,0
1930,339227,corner,1,0.9800,-1,0
1931,339348,corner,1,0.9800,-1,0
1932,339494,corner,1,0.9800,-1,0
1933,339609,corner,1,0.9800,-1,0
1934,339763,corner,1,0.9800,-1,0
1935,339922,corner,1,0.9800,-1,0
1936,340083,corner,1,0.9800,-1,0
1937,340225,corner,1,0.9800,-1,0
1938,340379,corner,1,0.9800,-1,0
1939,340528,corner,1,0.9800,-1,0
1940,340666,corner,1,0.9800,-1,0
1941,340809,corner,1,0.9800,-1,0
1942,340995,corner,1,0.9900,-1,0
1943,341143,corner,1,0.9900,-1,0
1944,341283,corner,1,0.9900,-1,0
1945,341426,corner,1,0.9900,-1,0
1946,341574,corner,1,0.9900,-1,0
1947,341746,corner,1,0.9900,-1,0
1948,341898,corner,1,0.9900,-1,0
1949,342047,corner,1,0.9900,-1,0
1950,342202,corner,1,0.9900,-1,0
1951,342348,corner,1,0.9900,-1,0
1952,342481,corner,1,0.9900,-1,0
1953,342624,corner,1,0.9900,-1,0
1954,342804,corner,1,0.9900,-1,0
1955,342945,corner,1,0.9900,-1,0
1956,343083,corner,1,0.9900,-1,0
1957,343225,corner,1,0.9900,-1,0
1958,344071,corner,1,0.9900,-1,0
1959,344226,corner,1,0.9900,-1,0
1960,344382,corner,1,0.9900,-1,0
1961,344523,corner,1,0.9900,-1,0
1962,344710,corner,1,0.9900,-1,0
1963,344866,corner,1,0.9900,-1,0
1964,345009,corner,1,0.9900,-1,0
1965,345121,corner,1,0.9900,-1,0
1966,345293,corner,1,0.9900,-1,0
1967,345414,corner,1,0.9900,-1,0
1968,345554,corner,1,0.9900,-1,0
1969,345717,corner,1,0.9900,-1,0
1970,345857,corner,1,0.9900,-1,0
1971,345992,corner,1,0.9900,-1,0
1972,346143,corner,1,0.9900,-1,0
1973,346308,corner,1,0.9900,-1,0
1974,346462,corner,1,0.9900,-1,0
1975,346603,corner,1,0.9900,-1,0
1976,346734,corner,1,0.9900,-1,0
1977,346873,corner,1,0.9900,-1,0
1978,346978,corner,1,0.9900,-1,0
1979,347134,corner,1,0.9900,-1,0
1980,347267,corner,1,0.9900,-1,0
1981,347419,corner,1,0.9900,-1,0
1982,347524,corner,1,0.9900,-1,0
1983,347703,corner,1,0.9900,-1,0
1984,347836,corner,1,0.9900,-1,0
1985,347947,corner,1,0.9900,-1,0
1986,348100,corner,1,0.9900,-1,0
1987,348237,corner,1,0.9900,-1,0
1988,348391,corner,1,0.9900,-1,0
1989,348537,corner,1,0.9900,-1,0
1990,348690,corner,1,0.9900,-1,0
1991,348827,corner,1,0.9900,-1,0
1992,348972,corner,1,0.9900,-1,0
1993,349126,corner,1,0.9900,-1,0
1994,349239,corner,1,0.9900,-1,0
1995,349443,corner,1,0.9900,-1,0
1996,349591,corner,1,0.9900,-1,0
1997,349745,corner,1,1.0000,-1,0
1998,349884,corner,1,1.0000,-1,0
1999,350036,corner,1,1.0000,-1,0
2000,350187,corner,1,1.0000,-1,0
2001,350331,corner,1,1.0000,-1,0
2002,350474,corner,1,1.0000,-1,0
2003,350622,corner,1,1.0000,-1,0
2004,350743,corner,1,1.0000,-1,0
2005,350897,corner,1,1.0000,-1,0
2006,351054,corner,1,1.0000,-1,0
2007,351175,corner,1,1.0000,-1,0
2008,351320,corner,1,1.0000,-1,0
2009,351459,corner,1,1.0000,-1,0
2010,351579,corner,1,1.0000,-1,0
2011,351683,corner,1,1.0000,-1,0
2012,351828,corner,1,1.0000,-1,0
2013,351969,corner,1,1.0000,-1,0
2014,352087,corner,1,1.0000,-1,0
2015,352241,corner,1,1.0000,-1,0
2016,352383,corner,1,1.0000,-1,0
2017,352524,corner,1,1.0000,-1,0
2018,352638,corner,1,1.0000,-1,0
2019,352796,corner,1,1.0000,-1,0
2020,352965,corner,1,1.0000,-1,0
2021,353109,corner,1,1.0000,-1,0
2022,353268,corner,1,1.0000,-1,0
2023,353394,corner,1,1.0000,-1,0
2024,353540,corner,1,1.0000,-1,0
2025,353651,corner,1,1.0000,-1,0
2026,353952,corner,1,1.0000,-1,0
2027,354100,corner,1,1.0000,-1,0
2028,354262,corner,1,1.0000,-1,0
2029,354439,corner,1,1.0000,-1,0
2030,354612,corner,1,1.0000,-1,0
2031,354757,corner,1,1.0000,-1,0
2032,354900,corner,1,1.0000,-1,0
2033,355052,corner,1,1.0000,-1,0
2034,355194,corner,1,1.0000,-1,0
2035,355329,corner,1,1.0000,-1,0
2036,355484,corner,1,1.0000,-1,0
2037,355630,corner,1,1.0000,-1,0
2038,355773,corner,1,1.0000,-1,0
2039,355929,corner,1,1.0000,-1,0
2040,356068,corner,1,1.0000,-1,0
2041,356208,corner,1,1.0000,-1,0
2042,356356,corner,1,1.0000,-1,0
2043,356503,corner,1,1.0000,-1,0
2044,356645,corner,1,1.0000,-1,0
2045,356799,corner,1,1.0000,-1,0
2046,356916,corner,1,1.0000,-1,0
2047,357066,corner,1,1.0000,-1,0
2048,357228,corner,1,1.0000,-1,0
2049,357371,corner,1,1.0000,-1,0
2050,357504,corner,1,1.0000,-1,0
2051,357705,corner,1,1.0000,-1,0
2052,357883,corner,1,1.0000,-1,0
2053,358031,corner,1,1.0000,-1,0
2054,358179,corner,1,1.0000,-1,0
2055,358346,corner,1,1.0000,-1,0
2056,358506,corner,1,1.0000,-1,0
2057,358638,corner,1,1.0000,-1,0
2058,358796,corner,1,1.0000,-1,0
2059,358949,corner,1,1.0000,-1,0
2060,359122,corner,1,1.0000,-1,0
2061,359289,corner,1,1.0000,-1,0
2062,359433,corner,1,1.0000,-1,0
2063,359575,corner,1,1.0000,-1,0
2064,359717,corner,1,1.0000,-1,0
2065,359865,corner,1,1.0000,-1,0
2066,359957,corner,0,0.9900,-1,0
2067,360063,corner,1,0.9900,-1,0
2068,360172,corner,1,0.9900,-1,0
2069,360319,corner,1,0.9900,-1,0
2070,360424,corner,0,0.9800,-1,0
2071,360565,corner,1,0.9800,-1,0
2072,360672,corner,1,0.9800,-1,0
2073,360811,corner,1,0.9800,-1,0
2074,360949,corner,1,0.9800,-1,0
2075,361098,corner,1,0.9800,-1,0
2076,361247,corner,1,0.9800,-1,0
2077,361399,corner,1,0.9800,-1,0
2078,361549,corner,1,0.9800,-1,0
2079,361700,corner,1,0.9800,-1,0
2080,361851,corner,1,0.9800,-1,0
2081,362190,corner,1,0.9800,-1,0
2082,362312,corner,1,0.9800,-1,0
2083,362418,corner,0,0.9700,-1,0
2084,362570,corner,1,0.9700,-1,0
2085,362705,corner,1,0.9700,-1,0
2086,362849,corner,1,0.9700,-1,0
2087,362969,corner,1,0.9700,-1,0
2088,363115,corner,1,0.9700,-1,0
2089,363254,corner,1,0.9700,-1,0
2090,363443,corner,1,0.9700,-1,0
2091,363600,corner,1,0.9700,-1,0
2092,363735,corner,1,0.9700,-1,0
2093,363887,corner,1,0.9700,-1,0
2094,364040,corner,1,0.9700,-1,0
2095,364186,corner,1,0.9700,-1,0
2096,364329,corner,1,0.9700,-1,0
2097,364484,corner,1,0.9700,-1,0
2098,364634,corner,1,0.9700,-1,0
2099,364786,corner,1,0.9700,-1,0
2100,364937,corner,1,0.9700,-1,0
2101,365085,corner,1,0.9700,-1,0
2102,365214,corner,1,0.9700,-1,0
2103,365343,corner,1,0.9700,-1,0
2104,365456,corner,1,0.9700,-1,0
2105,365613,corner,1,0.9700,-1,0
2106,365752,corner,1,0.9700,-1,0
2107,365897,corner,1,0.9700,-1,0
2108,366037,corner,1,0.9700,-1,0
2109,366208,corner,1,0.9700,-1,0
2110,366359,corner,1,0.9700,-1,0
2111,366507,corner,1,0.9700,-1,0
2112,366621,corner,1,0.9700,-1,0
2113,366768,corner,1,0.9700,-1,0
2114,366898,corner,1,0.9700,-1,0
2115,367064,corner,1,0.9700,-1,0
2116,367206,corner,1,0.9700,-1,0
2117,367384,corner,1,0.9700,-1,0
2118,367536,corner,1,0.9700,-1,0
2119,367700,corner,1,0.9700,-1,0
2120,367832,corner,1,0.9700,-1,0
2121,367962,corner,1,0.9700,-1,0
2122,368106,corner,1,0.9700,-1,0
2123,368219,corner,1,0.9700,-1,0
2124,368359,corner,1,0.9700,-1,0
2125,368527,corner,1,0.9700,-1,0
2126,368720,corner,1,0.9700,-1,0
2127,368831,corner,1,0.9700,-1,0
2128,369003,corner,1,0.9700,-1,0
2129,369154,corner,1,0.9700,-1,0
2130,369314,corner,1,0.9700,-1,0
2131,369477,corner,1,0.9700,-1,0
2132,369593,corner,1,0.9700,-1,0
2133,369737,corner,1,0.9700,-1,0
2134,369870,corner,1,0.9700,-1,0
2135,370045,corner,1,0.9700,-1,0
2136,370189,corner,1,0.9700,-1,0
2137,370326,corner,1,0.9700,-1,0
2138,370494,corner,1,0.9700,-1,0
2139,370647,corner,1,0.9700,-1,0
2140,370828,corner,1,0.9700,-1,0
2141,370972,corner,1,0.9700,-1,0
2142,371093,corner,1,0.9700,-1,0
2143,371252,corner,1,0.9700,-1,0
2144,371394,corner,1,0.9700,-1,0
2145,371534,corner,1,0.9700,-1,0
2146,371699,corner,1,0.9700,-1,0
2147,371851,corner,1,0.9700,-1,0
2148,371994,corner,1,0.9700,-1,0
2149,372135,corner,1,0.9700,-1,0
2150,372278,corner,1,0.9700,-1,0
2151,372444,corner,1,0.9700,-1,0
2152,372588,corner,1,0.9700,-1,0
2153,372744,corner,1,0.9700,-1,0
2154,372863,corner,1,0.9700,-1,0
2155,373016,corner,1,0.9700,-1,0
2156,373172,corner,1,0.9700,-1,0
2157,373334,corner,1,0.9700,-1,0
2158,373478,corner,1,0.9700,-1,0
2159,373620,corner,1,0.9700,-1,0
2160,373807,corner,1,0.9700,-1,0
2161,373964,corner,1,0.9700,-1,0
2162,374102,corner,1,0.9700,-1,0
2163,374248,corner,1,0.9700,-1,0
2164,374393,corner,1,0.9700,-1,0
2165,374543,corner,1,0.9700,-1,0
2166,374693,corner,1,0.9800,-1,0
2167,374834,corner,1,0.9800,-1,0
2168,374980,corner,1,0.9800,-1,0
2169,375150,corner,1,0.9800,-1,0
2170,375304,corner,1,0.9900,-1,0
2171,375448,corner,1,0.9900,-1,0
2172,375592,corner,1,0.9900,-1,0
2173,375735,corner,1,0.9900,-1,0
2174,375866,corner,1,0.9900,-1,0
2175,376030,corner,1,0.9900,-1,0
2176,376170,corner,1,0.9900,-1,0
2177,376352,corner,1,0.9900,-1,0
2178,376493,corner,1,0.9900,-1,0
2179,376625,corner,1,0.9900,-1,0
2180,376736,corner,1,0.9900,-1,0
2181,376917,corner,1,0.9900,-1,0
2182,377072,corner,1,0.9900,-1,0
2183,377210,corner,1,1.0000,-1,0
2184,377355,corner,1,1.0000,-1,0
2185,377529,corner,1,1.0000,-1,0
2186,377664,corner,1,1.0000,-1,0
2187,377797,corner,1,1.0000,-1,0
2188,377908,corner,1,1.0000,-1,0
2189,378045,corner,1,1.0000,-1,0
2190,378197,corner,1,1.0000,-1,0
2191,378394,corner,1,1.0000,-1,0
2192,378503,corner,1,1.0000,-1,0
2193,378676,corner,1,1.0000,-1,0
2194,378813,corner,1,1.0000,-1,0
2195,378929,corner,1,1.0000,-1,0
2196,379077,corner,1,1.0000,-1,0
2197,379229,corner,1,1.0000,-1,0
2198,379388,corner,1,1.0000,-1,0
2199,379505,corner,1,1.0000,-1,0
2200,379665,corner,1,1.0000,-1,0
2201,379775,corner,1,1.0000,-1,0
2202,379940,corner,1,1.0000,-1,0
2203,380051,corner,1,1.0000,-1,0
2204,380210,corner,1,1.0000,-1,0
2205,380352,corner,1,1.0000,-1,0
2206,380456,corner,1,1.0000,-1,0
2207,380551,corner,0,0.9900,-1,0
2208,380720,corner,1,0.9900,-1,0
2209,380930,corner,1,0.9900,-1,0
2210,381084,corner,1,0.9900,-1,0
2211,381244,corner,1,0.9900,-1,0
2212,381372,corner,1,0.9900,-1,0
2213,381514,corner,1,0.9900,-1,0
2214,381676,corner,1,0.9900,-1,0
2215,381832,corner,1,0.9900,-1,0
2216,381971,corner,1,0.9900,-1,0
2217,382122,corner,1,0.9900,-1,0
2218,382236,corner,1,0.9900,-1,0
2219,382393,corner,1,0.9900,-1,0
2220,382531,corner,1,0.9900,-1,0
2221,382669,corner,1,0.9900,-1,0
2222,382810,corner,1,0.9900,-1,0
2223,382962,corner,1,0.9900,-1,0
2224,383105,corner,1,0.9900,-1,0
2225,383251,corner,1,0.9900,-1,0
2226,383383,corner,1,0.9900,-1,0
2227,383491,corner,1,0.9900,-1,0
2228,383629,corner,1,0.9900,-1,0
2229,383864,corner,1,0.9900,-1,0
2230,383999,corner,1,0.9900,-1,0
2231,384132,corner,1,0.9900,-1,0
2232,384265,corner,1,0.9900,-1,0
2233,384560,corner,1,0.9900,-1,0
2234,384725,corner,1,0.9900,-1,0
2235,384892,corner,1,0.9900,-1,0
2236,385043,corner,1,0.9900,-1,0
2237,385212,corner,1,0.9900,-1,0
2238,385353,corner,1,0.9900,-1,0
2239,385464,corner,1,0.9900,-1,0
2240,385603,corner,1,0.9900,-1,0
2241,385782,corner,1,0.9900,-1,0
2242,385888,corner,1,0.9900,-1,0
2243,386031,corner,1,0.9900,-1,0
2244,386176,corner,1,0.9900,-1,0
2245,386321,corner,1,0.9900,-1,0
2246,386459,corner,1,0.9900,-1,0
2247,386570,corner,0,0.9800,-1,0
2248,386728,corner,1,0.9800,-1,0
2249,386874,corner,1,0.9800,-1,0
2250,387037,corner,1,0.9800,-1,0
2251,387194,corner,1,0.9800,-1,0
2252,387340,corner,1,0.9800,-1,0
2253,387453,corner,1,0.9800,-1,0
2254,387609,corner,1,0.9800,-1,0
2255,387727,corner,1,0.9800,-1,0
2256,387899,corner,1,0.9800,-1,0
2257,388065,corner,1,0.9800,-1,0
2258,388217,corner,1,0.9800,-1,0
2259,388483,corner,1,0.9800,-1,0
2260,388629,corner,1,0.9800,-1,0
2261,388815,corner,1,0.9800,-1,0
2262,388958,corner,1,0.9800,-1,0
2263,389077,corner,1,0.9800,-1,0
2264,389251,corner,1,0.9800,-1,0
2265,389393,corner,1,0.9800,-1,0
2266,389543,corner,1,0.9800,-1,0
2267,389656,corner,1,0.9800,-1,0
2268,389808,corner,1,0.9800,-1,0
2269,389949,corner,1,0.9800,-1,0
2270,390097,corner,1,0.9800,-1,0
2271,390254,corner,1,0.9800,-1,0
2272,390409,corner,1,0.9800,-1,0
2273,390550,corner,1,0.9800,-1,0
2274,390701,corner,1,0.9800,-1,0
2275,390837,corner,1,0.9800,-1,0
2276,390983,corner,1,0.9800,-1,0
2277,391133,corner,1,0.9800,-1,0
2278,391273,corner,1,0.9800,-1,0
2279,391409,corner,1,0.9800,-1,0
2280,391560,corner,1,0.9800,-1,0
2281,391708,corner,1,0.9800,-1,0
2282,391865,corner,1,0.9800,-1,0
2283,391984,corner,1,0.9800,-1,0
2284,392130,corner,1,0.9800,-1,0
2285,392279,corner,1,0.9800,-1,0
2286,392441,corner,1,0.9800,-1,0
2287,392577,corner,1,0.9800,-1,0
2288,392750,corner,1,0.9800,-1,0
2289,392889,corner,1,0.9800,-1,0
2290,393046,corner,1,0.9800,-1,0
2291,393225,corner,1,0.9800,-1,0
2292,393380,corner,1,0.9800,-1,0
2293,393519,corner,1,0.9800,-1,0
2294,393671,corner,1,0.9800,-1,0
2295,393819,corner,1,0.9800,-1,0
2296,393957,corner,1,0.9800,-1,0
2297,394111,corner,1,0.9800,-1,0
2298,394259,corner,1,0.9800,-1,0
2299,394414,corner,1,0.9800,-1,0
2300,394521,corner,1,0.9800,-1,0
2301,394666,corner,1,0.9800,-1,0
2302,394826,corner,1,0.9800,-1,0
2303,394942,corner,1,0.9800,-1,0
2304,395053,corner,1,0.9800,-1,0
2305,395204,corner,1,0.9800,-1,0
2306,395355,corner,1,0.9800,-1,0
2307,395538,corner,1,0.9900,-1,0
2308,395693,corner,1,0.9900,-1,0
2309,395833,corner,1,0.9900,-1,0
2310,396038,corner,1,0.9900,-1,0
2311,396183,corner,1,0.9900,-1,0
2312,396292,corner,1,0.9900,-1,0
2313,396472,corner,1,0.9900,-1,0
2314,396617,corner,1,0.9900,-1,0
2315,396772,corner,1,0.9900,-1,0
2316,396890,corner,1,0.9900,-1,0
2317,397046,corner,1,0.9900,-1,0
2318,397233,corner,1,0.9900,-1,0
2319,397343,corner,0,0.9800,-1,0
2320,397487,corner,1,0.9800,-1,0
2321,397638,corner,1,0.9800,-1,0
2322,397777,corner,1,0.9800,-1,0
2323,397918,corner,1,0.9800,-1,0
2324,398061,corner,1,0.9800,-1,0
2325,398205,corner,1,0.9800,-1,0
2326,398377,corner,1,0.9800,-1,0
2327,398539,corner,1,0.9800,-1,0
2328,398720,corner,1,0.9800,-1,0
2329,398865,corner,1,0.9800,-1,0
2330,398976,corner,1,0.9800,-1,0
2331,399136,corner,1,0.9800,-1,0
2332,399286,corner,1,0.9800,-1,0
2333,399466,corner,1,0.9800,-1,0
2334,399636,corner,1,0.9800,-1,0
2335,399859,corner,1,0.9800,-1,0
2336,400017,corner,1,0.9800,-1,0
2337,400195,corner,1,0.9800,-1,0
2338,400343,corner,1,0.9800,-1,0
2339,400453,corner,1,0.9800,-1,0
2340,400565,corner,1,0.9800,-1,0
2341,400708,corner,1,0.9800,-1,0
2342,400878,corner,1,0.9800,-1,0
2343,401036,corner,1,0.9800,-1,0
2344,401186,corner,1,0.9800,-1,0
2345,401325,corner,1,0.9800,-1,0
2346,401499,corner,1,0.9800,-1,0
2347,401644,corner,1,0.9900,-1,0
2348,401812,corner,1,0.9900,-1,0
2349,402032,corner,1,0.9900,-1,0
2350,402179,corner,1,0.9900,-1,0
2351,402532,corner,1,0.9900,-1,0
2352,402671,corner,1,0.9900,-1,0
2353,402792,corner,1,0.9900,-1,0
2354,402940,corner,1,0.9900,-1,0
2355,403094,corner,1,0.9900,-1,0
2356,403206,corner,1,0.9900,-1,0
2357,403321,corner,1,0.9900,-1,0
2358,403466,corner,1,0.9900,-1,0
2359,403644,corner,1,0.9900,-1,0
2360,403750,corner,1,0.9900,-1,0
2361,403896,corner,1,0.9900,-1,0
2362,404046,corner,1,0.9900,-1,0
2363,404188,corner,1,0.9900,-1,0
2364,404345,corner,1,0.9900,-1,0
2365,404530,corner,1,0.9900,-1,0
2366,404667,corner,1,0.9900,-1,0
2367,404815,corner,1,0.9900,-1,0
2368,404954,corner,1,0.9900,-1,0
2369,405093,corner,1,0.9900,-1,0
2370,405243,corner,1,0.9900,-1,0
2371,405357,corner,1,0.9900,-1,0
2372,405491,corner,1,0.9900,-1,0
2373,405667,corner,1,0.9900,-1,0
2374,405775,corner,1,0.9900,-1,0
2375,405916,corner,1,0.9900,-1,0
2376,406065,corner,1,0.9900,-1,0
2377,406209,corner,1,0.9900,-1,0
2378,406349,corner,1,0.9900,-1,0
2379,406485,corner,1,0.9900,-1,0
2380,406658,corner,1,0.9900,-1,0
2381,406765,corner,1,0.9900,-1,0
2382,406909,corner,1,0.9900,-1,0
2383,407034,corner,1,0.9900,-1,0
2384,407237,corner,1,0.9900,-1,0
2385,407388,corner,1,0.9900,-1,0
2386,407525,corner,1,0.9900,-1,0
2387,407677,corner,1,0.9900,-1,0
2388,407862,corner,1,0.9900,-1,0
2389,408010,corner,1,0.9900,-1,0
2390,408192,corner,1,0.9900,-1,0
2391,408341,corner,1,0.9900,-1,0
2392,408477,corner,1,0.9900,-1,0
2393,408627,corner,1,0.9900,-1,0
2394,408781,corner,1,0.9900,-1,0
2395,408930,corner,1,0.9900,-1,0
2396,409027,corner,0,0.9800,-1,0
2397,409215,corner,1,0.9800,-1,0
2398,409415,corner,1,0.9800,-1,0
2399,409529,corner,1,0.9800,-1,0
2400,409679,corner,1,0.9800,-1,0
2401,409858,corner,1,0.9800,-1,0
2402,410035,corner,1,0.9800,-1,0
2403,410182,corner,1,0.9800,-1,0
2404,410329,corner,1,0.9800,-1,0
2405,410434,corner,1,0.9800,-1,0
2406,410583,corner,1,0.9800,-1,0
2407,410721,corner,1,0.9800,-1,0
2408,410833,corner,1,0.9800,-1,0
2409,410966,corner,1,0.9800,-1,0
2410,411115,corner,1,0.9800,-1,0
2411,411223,corner,1,0.9800,-1,0
2412,411382,corner,1,0.9800,-1,0
2413,411515,corner,1,0.9800,-1,0
2414,411651,corner,1,0.9800,-1,0
2415,411775,corner,1,0.9800,-1,0
2416,411947,corner,1,0.9800,-1,0
2417,412124,corner,1,0.9800,-1,0
2418,412270,corner,1,0.9800,-1,0
2419,412388,corner,1,0.9900,-1,0
2420,412500,corner,0,0.9800,-1,0
2421,412639,corner,1,0.9800,-1,0
2422,412790,corner,1,0.9800,-1,0
2423,412896,corner,1,0.9800,-1,0
2424,413044,corner,1,0.9800,-1,0
2425,413198,corner,1,0.9800,-1,0
2426,413359,corner,1,0.9800,-1,0
2427,413455,corner,0,0.9700,-1,0
2428,413648,corner,1,0.9700,-1,0
2429,413762,corner,1,0.9700,-1,0
2430,413948,corner,1,0.9700,-1,0
2431,414099,corner,1,0.9700,-1,0
2432,414245,corner,1,0.9700,-1,0
2433,414366,corner,1,0.9700,-1,0
2434,414484,corner,1,0.9700,-1,0
2435,414636,corner,1,0.9700,-1,0
2436,414795,corner,1,0.9700,-1,0
2437,414934,corner,1,0.9700,-1,0
2438,415064,corner,1,0.9700,-1,0
2439,415168,corner,1,0.9700,-1,0
2440,415325,corner,1,0.9700,-1,0
2441,415483,corner,1,0.9700,-1,0
2442,415632,corner,1,0.9700,-1,0
2443,415790,corner,1,0.9700,-1,0
2444,415928,corner,1,0.9700,-1,0
2445,416088,corner,1,0.9700,-1,0
2446,416225,corner,1,0.9700,-1,0
2447,416375,corner,1,0.9700,-1,0
2448,416533,corner,1,0.9700,-1,0
2449,416687,corner,1,0.9700,-1,0
2450,416822,corner,1,0.9700,-1,0
2451,416999,corner,1,0.9700,-1,0
2452,417153,corner,1,0.9700,-1,0
2453,417336,corner,1,0.9700,-1,0
2454,417520,corner,1,0.9700,-1,0
2455,417667,corner,1,0.9700,-1,0
2456,417815,corner,1,0.9700,-1,0
2457,417985,corner,1,0.9700,-1,0
2458,418164,corner,1,0.9700,-1,0
2459,418389,corner,1,0.9700,-1,0
2460,418545,corner,1,0.9700,-1,0
2461,418685,corner,1,0.9700,-1,0
2462,418828,corner,1,0.9700,-1,0
2463,418982,corner,1,0.9700,-1,0
2464,419145,corner,1,0.9700,-1,0
2465,419281,corner,1,0.9700,-1,0
2466,419426,corner,1,0.9700,-1,0
2467,419533,corner,1,0.9700,-1,0
2468,419668,corner,1,0.9700,-1,0
2469,419768,corner,1,0.9700,-1,0
2470,419919,corner,1,0.9700,-1,0
2471,420067,corner,1,0.9700,-1,0
2472,420172,corner,1,0.9700,-1,0
2473,420277,corner,0,0.9600,-1,0
2474,420452,corner,1,0.9600,-1,0
2475,420602,corner,1,0.9600,-1,0
2476,420784,corner,1,0.9600,-1,0
2477,420921,corner,1,0.9600,-1,0
2478,421099,corner,1,0.9600,-1,0
2479,421238,corner,1,0.9600,-1,0
2480,421394,corner,1,0.9600,-1,0
2481,421540,corner,1,0.9600,-1,0
2482,421684,corner,1,0.9600,-1,0
2483,421839,corner,1,0.9600,-1,0
2484,421949,corner,1,0.9600,-1,0
2485,422109,corner,1,0.9600,-1,0
2486,422309,corner,1,0.9600,-1,0
2487,422480,corner,1,0.9600,-1,0
2488,422656,corner,1,0.9600,-1,0
2489,422796,corner,1,0.9600,-1,0
2490,422945,corner,1,0.9600,-1,0
2491,423098,corner,1,0.9600,-1,0
2492,423236,corner,1,0.9600,-1,0
2493,423372,corner,1,0.9600,-1,0
2494,423528,corner,1,0.9600,-1,0
2495,423679,corner,1,0.9600,-1,0
2496,423797,corner,1,0.9700,-1,0
2497,424035,corner,1,0.9700,-1,0
2498,424199,corner,1,0.9700,-1,0
2499,424348,corner,1,0.9700,-1,0
2500,424501,corner,1,0.9700,-1,0
2501,424676,corner,1,0.9700,-1,0
2502,424825,corner,1,0.9700,-1,0
2503,424990,corner,1,0.9700,-1,0
2504,425140,corner,1,0.9700,-1,0
2505,425290,corner,1,0.9700,-1,0
2506,425439,corner,1,0.9700,-1,0
2507,425580,corner,1,0.9700,-1,0
2508,425693,corner,1,0.9700,-1,0
2509,425839,corner,1,0.9700,-1,0
2510,426026,corner,1,0.9700,-1,0
2511,426243,corner,1,0.9700,-1,0
2512,426395,corner,1,0.9700,-1,0
2513,426561,corner,1,0.9700,-1,0
2514,426699,corner,1,0.9700,-1,0
2515,426901,corner,1,0.9700,-1,0
2516,427044,corner,1,0.9700,-1,0
2517,427165,corner,1,0.9700,-1,0
2518,427316,corner,1,0.9700,-1,0
2519,427467,corner,1,0.9700,-1,0
2520,427611,corner,1,0.9800,-1,0
2521,427754,corner,1,0.9800,-1,0
2522,427907,corner,1,0.9800,-1,0
2523,428043,corner,1,0.9800,-1,0
2524,428190,corner,1,0.9800,-1,0
2525,428333,corner,1,0.9800,-1,0
2526,428482,corner,1,0.9800,-1,0
2527,428619,corner,1,0.9900,-1,0
2528,428762,corner,1,0.9900,-1,0
2529,428982,corner,1,0.9900,-1,0
2530,429137,corner,1,0.9900,-1,0
2531,429293,corner,1,0.9900,-1,0
2532,429433,corner,1,0.9900,-1,0
2533,429583,corner,1,0.9900,-1,0
2534,429703,corner,1,0.9900,-1,0
2535,429860,corner,1,0.9900,-1,0
2536,430085,corner,1,0.9900,-1,0
2537,430233,corner,1,0.9900,-1,0
2538,430351,corner,1,0.9900,-1,0
2539,430502,corner,1,0.9900,-1,0
2540,430656,corner,1,0.9900,-1,0
2541,430878,corner,1,0.9900,-1,0
2542,431059,corner,1,0.9900,-1,0
2543,431251,corner,1,0.9900,-1,0
2544,431396,corner,1,0.9900,-1,0
2545,431553,corner,1,0.9900,-1,0
2546,431730,corner,1,0.9900,-1,0
2547,431890,corner,1,0.9900,-1,0
2548,432003,corner,1,0.9900,-1,0
2549,432152,corner,1,0.9900,-1,0
2550,432309,corner,1,0.9900,-1,0
2551,432461,corner,1,0.9900,-1,0
2552,432602,corner,1,0.9900,-1,0
2553,432806,corner,1,0.9900,-1,0
2554,432942,corner,1,0.9900,-1,0
2555,433094,corner,1,0.9900,-1,0
2556,433241,corner,1,0.9900,-1,0
2557,433391,corner,1,0.9900,-1,0
2558,433529,corner,1,0.9900,-1,0
2559,433662,corner,1,0.9900,-1,0
2560,433821,corner,1,0.9900,-1,0
2561,433957,corner,1,0.9900,-1,0
2562,434101,corner,1,0.9900,-1,0
2563,434245,corner,1,0.9900,-1,0
2564,434401,corner,1,0.9900,-1,0
2565,434622,corner,1,0.9900,-1,0
2566,434802,corner,1,0.9900,-1,0
2567,434949,corner,1,0.9900,-1,0
2568,435087,corner,1,0.9900,-1,0
2569,435213,corner,1,0.9900,-1,0
2570,435391,corner,1,0.9900,-1,0
2571,435551,corner,1,0.9900,-1,0
2572,435705,corner,1,0.9900,-1,0
2573,435835,corner,1,1.0000,-1,0
2574,435943,corner,0,0.9900,-1,0
2575,436084,corner,1,0.9900,-1,0
2576,436238,corner,1,0.9900,-1,0
2577,436350,corner,1,0.9900,-1,0
2578,436514,corner,1,0.9900,-1,0
2579,436669,corner,1,0.9900,-1,0
2580,436836,corner,1,0.9900,-1,0
2581,436974,corner,1,0.9900,-1,0
2582,437122,corner,1,0.9900,-1,0
2583,437279,corner,1,0.9900,-1,0
2584,437413,corner,1,0.9900,-1,0
2585,437557,corner,1,0.9900,-1,0
2586,437705,corner,1,0.9900,-1,0
2587,437846,corner,1,0.9900,-1,0
2588,437992,corner,1,0.9900,-1,0
2589,438136,corner,1,0.9900,-1,0
2590,438284,corner,1,0.9900,-1,0
2591,438401,corner,1,0.9900,-1,0
2592,438556,corner,1,0.9900,-1,0
2593,438699,corner,1,0.9900,-1,0
2594,438854,corner,1,0.9900,-1,0
2595,439007,corner,1,0.9900,-1,0
2596,439141,corner,1,0.9900,-1,0
2597,439247,corner,1,0.9900,-1,0
2598,439409,corner,1,0.9900,-1,0
2599,439555,corner,1,0.9900,-1,0
2600,439702,corner,1,0.9900,-1,0
2601,439848,corner,1,0.9900,-1,0
2602,439967,corner,1,0.9900,-1,0
2603,440104,corner,1,0.9900,-1,0
2604,440250,corner,1,0.9900,-1,0
2605,440426,corner,1,0.9900,-1,0
2606,440576,corner,1,0.9900,-1,0
2607,440689,corner,1,0.9900,-1,0
2608,440793,corner,1,0.9900,-1,0
2609,440898,corner,1,0.9900,-1,0
2610,441058,corner,1,0.9900,-1,0
2611,441197,corner,1,0.9900,-1,0
2612,441351,corner,1,0.9900,-1,0
2613,441498,corner,1,0.9900,-1,0
2614,441601,corner,0,0.9800,-1,0
2615,441773,corner,1,0.9800,-1,0
2616,441916,corner,1,0.9800,-1,0
2617,442180,corner,1,0.9800,-1,0
2618,442320,corner,1,0.9800,-1,0
2619,442458,corner,1,0.9800,-1,0
2620,442567,corner,1,0.9800,-1,0
2621,442719,corner,1,0.9800,-1,0
2622,442866,corner,1,0.9800,-1,0
2623,443013,corner,1,0.9800,-1,0
2624,443168,corner,1,0.9800,-1,0
2625,443312,corner,1,0.9800,-1,0
2626,443471,corner,1,0.9800,-1,0
2627,443600,corner,1,0.9800,-1,0
2628,443755,corner,1,0.9800,-1,0
2629,443919,corner,1,0.9800,-1,0
2630,444037,corner,1,0.9800,-1,0
2631,444184,corner,1,0.9800,-1,0
2632,444341,corner,1,0.9800,-1,0
2633,444523,corner,1,0.9800,-1,0
2634,444671,corner,1,0.9800,-1,0
2635,444818,corner,1,0.9800,-1,0
2636,444962,corner,1,0.9800,-1,0
2637,445116,corner,1,0.9800,-1,0
2638,445261,corner,1,0.9800,-1,0
2639,445402,corner,1,0.9800,-1,0
2640,445558,corner,1,0.9800,-1,0
2641,445672,corner,1,0.9800,-1,0
2642,445824,corner,1,0.9800,-1,0
2643,445987,corner,1,0.9800,-1,0
2644,446162,corner,1,0.9800,-1,0
2645,446314,corner,1,0.9800,-1,0
2646,446450,corner,1,0.9800,-1,0
2647,446599,corner,1,0.9800,-1,0
2648,446731,corner,1,0.9800,-1,0
2649,446850,corner,1,0.9800,-1,0
2650,447006,corner,1,0.9800,-1,0
2651,447119,corner,1,0.9800,-1,0
2652,447311,corner,1,0.9800,-1,0
2653,447420,corner,1,0.9800,-1,0
2654,447553,corner,1,0.9800,-1,0
2655,447691,corner,1,0.9800,-1,0
2656,447834,corner,1,0.9800,-1,0
2657,447982,corner,1,0.9800,-1,0
2658,448144,corner,1,0.9800,-1,0
2659,448292,corner,1,0.9800,-1,0
2660,448433,corner,1,0.9800,-1,0
2661,448607,corner,1,0.9800,-1,0
2662,448782,corner,1,0.9800,-1,0
2663,448942,corner,1,0.9800,-1,0
2664,449099,corner,1,0.9800,-1,0
2665,449267,corner,1,0.9800,-1,0
2666,449429,corner,1,0.9800,-1,0
2667,449575,corner,1,0.9800,-1,0
2668,449714,corner,1,0.9800,-1,0
2669,449852,corner,1,0.9800,-1,0
2670,450064,corner,1,0.9800,-1,0
2671,450198,corner,1,0.9800,-1,0
2672,450363,corner,1,0.9800,-1,0
2673,450504,corner,1,0.9800,-1,0
2674,450646,corner,1,0.9900,-1,0
2675,450985,corner,1,0.9900,-1,0
2676,451126,corner,1,0.9900,-1,0
2677,451278,corner,1,0.9900,-1,0
2678,451429,corner,1,0.9900,-1,0
2679,451571,corner,1,0.9900,-1,0
2680,451722,corner,1,0.9900,-1,0
2681,451885,corner,1,0.9900,-1,0
2682,452063,corner,1,0.9900,-1,0
2683,452205,corner,1,0.9900,-1,0
2684,452334,corner,1,0.9900,-1,0
2685,452472,corner,1,0.9900,-1,0
2686,452617,corner,1,0.9900,-1,0
2687,452776,corner,1,0.9900,-1,0
2688,452963,corner,1,0.9900,-1,0
2689,453104,corner,1,0.9900,-1,0
2690,453233,corner,1,0.9900,-1,0
2691,453393,corner,1,0.9900,-1,0
2692,453764,corner,1,0.9900,-1,0
2693,453914,corner,1,0.9900,-1,0
2694,454068,corner,1,0.9900,-1,0
2695,454220,corner,1,0.9900,-1,0
2696,454360,corner,1,0.9900,-1,0
2697,454504,corner,1,0.9900,-1,0
2698,454659,corner,1,0.9900,-1,0
2699,454797,corner,1,0.9900,-1,0
2700,454927,corner,1,0.9900,-1,0
2701,455071,corner,1,0.9900,-1,0
2702,455248,corner,1,0.9900,-1,0
2703,455383,corner,1,0.9900,-1,0
2704,455589,corner,1,0.9900,-1,0
2705,455759,corner,1,0.9900,-1,0
2706,455874,corner,1,0.9900,-1,0
2707,455976,corner,1,0.9900,-1,0
2708,456129,corner,1,0.9900,-1,0
2709,456263,corner,1,0.9900,-1,0
2710,456399,corner,1,0.9900,-1,0
2711,456534,corner,1,0.9900,-1,0
2712,456669,corner,1,0.9900,-1,0
2713,456814,corner,1,0.9900,-1,0
2714,456963,corner,1,1.0000,-1,0
2715,457105,corner,1,1.0000,-1,0
2716,457241,corner,1,1.0000,-1,0
2717,457378,corner,1,1.0000,-1,0
2718,457543,corner,1,1.0000,-1,0
2719,457682,corner,1,1.0000,-1,0
2720,457861,corner,1,1.0000,-1,0
2721,458004,corner,1,1.0000,-1,0
2722,458146,corner,1,1.0000,-1,0
2723,458286,corner,1,1.0000,-1,0
2724,458445,corner,1,1.0000,-1,0
2725,458586,corner,1,1.0000,-1,0
2726,458725,corner,1,1.0000,-1,0
2727,458865,corner,1,1.0000,-1,0
2728,458975,corner,1,1.0000,-1,0
2729,459087,corner,1,1.0000,-1,0
2730,459229,corner,1,1.0000,-1,0
2731,459400,corner,1,1.0000,-1,0
2732,459542,corner,1,1.0000,-1,0
2733,459688,corner,1,1.0000,-1,0
2734,459831,corner,1,1.0000,-1,0
2735,459981,corner,1,1.0000,-1,0
2736,460117,corner,1,1.0000,-1,0
2737,460256,corner,1,1.0000,-1,0
2738,460427,corner,1,1.0000,-1,0
2739,460583,corner,1,1.0000,-1,0
2740,460726,corner,1,1.0000,-1,0
2741,460916,corner,1,1.0000,-1,0
2742,461085,corner,1,1.0000,-1,0
2743,461229,corner,1,1.0000,-1,0
2744,461365,corner,1,1.0000,-1,0
2745,461522,corner,1,1.0000,-1,0
2746,461692,corner,1,1.0000,-1,0
2747,461889,corner,1,1.0000,-1,0
2748,462020,corner,1,1.0000,-1,0
2749,462145,corner,1,1.0000,-1,0
2750,462292,corner,1,1.0000,-1,0
2751,462449,corner,1,1.0000,-1,0
2752,462616,corner,1,1.0000,-1,0
2753,462765,corner,1,1.0000,-1,0
2754,462906,corner,1,1.0000,-1,0
2755,463082,corner,1,1.0000,-1,0
2756,463221,corner,1,1.0000,-1,0
2757,463363,corner,1,1.0000,-1,0
2758,463499,corner,1,1.0000,-1,0
2759,463655,corner,1,1.0000,-1,0
2760,463809,corner,1,1.0000,-1,0
2761,463960,corner,1,1.0000,-1,0
2762,464116,corner,1,1.0000,-1,0
2763,464250,corner,1,1.0000,-1,0
2764,464396,corner,1,1.0000,-1,0
2765,464551,corner,1,1.0000,-1,0
2766,464694,corner,1,1.0000,-1,0
2767,464849,corner,1,1.0000,-1,0
2768,464989,corner,1,1.0000,-1,0
2769,465130,corner,1,1.0000,-1,0
2770,465290,corner,1,1.0000,-1,0
2771,465424,corner,1,1.0000,-1,0
2772,465567,corner,1,1.0000,-1,0
2773,465700,corner,1,1.0000,-1,0
2774,465840,corner,1,1.0000,-1,0
2775,465985,corner,1,1.0000,-1,0
2776,466093,corner,1,1.0000,-1,0
2777,466244,corner,1,1.0000,-1,0
2778,466390,corner,1,1.0000,-1,0
2779,466564,corner,1,1.0000,-1,0
2780,466741,corner,1,1.0000,-1,0
2781,466910,corner,1,1.0000,-1,0
2782,467024,corner,1,1.0000,-1,0
2783,467176,corner,1,1.0000,-1,0
2784,467327,corner,1,1.0000,-1,0
2785,467480,corner,1,1.0000,-1,0
2786,467639,corner,1,1.0000,-1,0
2787,467787,corner,1,1.0000,-1,0
2788,467926,corner,1,1.0000,-1,0
2789,468076,corner,1,1.0000,-1,0
2790,468224,corner,1,1.0000,-1,0
2791,468383,corner,1,1.0000,-1,0
2792,468523,corner,1,1.0000,-1,0
2793,468672,corner,1,1.0000,-1,0
2794,468809,corner,1,1.0000,-1,0
2795,468952,corner,1,1.0000,-1,0
2796,469100,corner,1,1.0000,-1,0
2797,469232,corner,1,1.0000,-1,0
2798,469384,corner,1,1.0000,-1,0
2799,469534,corner,1,1.0000,-1,0
2800,469672,corner,1,1.0000,-1,0
2801,469838,corner,1,1.0000,-1,0
2802,470001,corner,1,1.0000,-1,0
2803,470187,corner,1,1.0000,-1,0
2804,470353,corner,1,1.0000,-1,0
2805,470499,corner,1,1.0000,-1,0
2806,470646,corner,1,1.0000,-1,0
2807,470828,corner,1,1.0000,-1,0
2808,470973,corner,1,1.0000,-1,0
2809,471130,corner,1,1.0000,-1,0
2810,471273,corner,1,1.0000,-1,0
2811,471410,corner,1,1.0000,-1,0
2812,471551,corner,1,1.0000,-1,0
2813,471708,corner,1,1.0000,-1,0
2814,471849,corner,1,1.0000,-1,0
2815,471962,corner,1,1.0000,-1,0
2816,472101,corner,1,1.0000,-1,0
2817,472257,corner,1,1.0000,-1,0
2818,472366,corner,1,1.0000,-1,0
2819,472507,corner,1,1.0000,-1,0
2820,472610,corner,0,0.9900,-1,0
2821,472772,corner,1,0.9900,-1,0
2822,472904,corner,1,0.9900,-1,0
2823,473063,corner,1,0.9900,-1,0
2824,473212,corner,1,0.9900,-1,0
2825,473367,corner,1,0.9900,-1,0
2826,473494,corner,1,0.9900,-1,0
2827,473631,corner,1,0.9900,-1,0
2828,473771,corner,1,0.9900,-1,0
2829,473904,corner,1,0.9900,-1,0
2830,474072,corner,1,0.9900,-1,0
2831,474222,corner,1,0.9900,-1,0
2832,474335,corner,1,0.9900,-1,0
2833,474465,corner,1,0.9900,-1,0
2834,474603,corner,1,0.9900,-1,0
2835,474754,corner,1,0.9900,-1,0
2836,474911,corner,1,0.9900,-1,0
2837,475049,corner,1,0.9900,-1,0
2838,475199,corner,1,0.9900,-1,0
2839,475348,corner,1,0.9900,-1,0
2840,475491,corner,1,0.9900,-1,0
2841,475629,corner,1,0.9900,-1,0
2842,475815,corner,1,0.9900,-1,0
2843,475968,corner,1,0.9900,-1,0
2844,476101,corner,1,0.9900,-1,0
2845,476211,corner,1,0.9900,-1,0
2846,476400,corner,1,0.9900,-1,0
2847,476542,corner,1,0.9900,-1,0
2848,476688,corner,1,0.9900,-1,0
2849,476803,corner,1,0.9900,-1,0
2850,476956,corner,1,0.9900,-1,0
2851,477104,corner,1,0.9900,-1,0
2852,477247,corner,1,0.9900,-1,0
2853,477391,corner,1,0.9900,-1,0
2854,477552,corner,1,0.9900,-1,0
2855,477689,corner,1,0.9900,-1,0
2856,477828,corner,1,0.9900,-1,0
2857,477960,corner,1,0.9900,-1,0
2858,478097,corner,1,0.9900,-1,0
2859,478251,corner,1,0.9900,-1,0
2860,478407,corner,1,0.9900,-1,0
2861,478541,corner,1,0.9900,-1,0
2862,478675,corner,1,0.9900,-1,0
2863,478833,corner,1,0.9900,-1,0
2864,478976,corner,1,0.9900,-1,0
2865,479127,corner,1,0.9900,-1,0
2866,479258,corner,1,0.9900,-1,0
2867,479368,corner,1,0.9900,-1,0
2868,479503,corner,1,0.9900,-1,0
2869,479645,corner,1,0.9900,-1,0
2870,479799,corner,1,0.9900,-1,0
2871,479940,corner,1,0.9900,-1,0
2872,480083,corner,1,0.9900,-1,0
2873,480269,corner,1,0.9900,-1,0
2874,480406,corner,1,0.9900,-1,0
2875,480594,corner,1,0.9900,-1,0
2876,480741,corner,1,0.9900,-1,0
2877,480906,corner,1,0.9900,-1,0
2878,481042,corner,1,0.9900,-1,0
2879,481222,corner,1,0.9900,-1,0
2880,481364,corner,1,0.9900,-1,0
2881,481504,corner,1,0.9900,-1,0
2882,481638,corner,1,0.9900,-1,0
2883,481789,corner,1,0.9900,-1,0
2884,481928,corner,1,0.9900,-1,0
2885,482088,corner,1,0.9900,-1,0
2886,482253,corner,1,0.9900,-1,0
2887,482408,corner,1,0.9900,-1,0
2888,482557,corner,1,0.9900,-1,0
2889,482711,corner,1,0.9900,-1,0
2890,482804,corner,0,0.9800,-1,0
2891,482956,corner,1,0.9800,-1,0
2892,483158,corner,1,0.9800,-1,0
2893,483301,corner,1,0.9800,-1,0
2894,483504,corner,1,0.9800,-1,0
2895,483646,corner,1,0.9800,-1,0
2896,483752,corner,1,0.9800,-1,0
2897,483894,corner,1,0.9800,-1,0
2898,484045,corner,1,0.9800,-1,0
2899,484194,corner,1,0.9800,-1,0
2900,484305,corner,0,0.9700,-1,0
2901,484442,corner,1,0.9700,-1,0
2902,484545,corner,1,0.9700,-1,0
2903,484681,corner,1,0.9700,-1,0
2904,484836,corner,1,0.9700,-1,0
2905,484979,corner,1,0.9700,-1,0
2906,485133,corner,1,0.9700,-1,0
2907,485284,corner,1,0.9700,-1,0
2908,485441,corner,1,0.9700,-1,0
2909,485629,corner,1,0.9700,-1,0
2910,485799,corner,1,0.9700,-1,0
2911,485938,corner,1,0.9700,-1,0
2912,486099,corner,1,0.9700,-1,0
2913,486230,corner,1,0.9700,-1,0
2914,486398,corner,1,0.9700,-1,0
2915,486835,corner,1,0.9700,-1,0
2916,486970,corner,1,0.9700,-1,0
2917,487133,corner,1,0.9700,-1,0
2918,487330,corner,1,0.9700,-1,0
2919,487470,corner,1,0.9700,-1,0
2920,487611,corner,1,0.9800,-1,0
2921,487786,corner,1,0.9800,-1,0
2922,487925,corner,1,0.9800,-1,0
2923,488076,corner,1,0.9800,-1,0
2924,488254,corner,1,0.9800,-1,0
2925,488422,corner,1,0.9800,-1,0
2926,488567,corner,1,0.9800,-1,0
2927,488713,corner,1,0.9800,-1,0
2928,488855,corner,1,0.9800,-1,0
2929,488967,corner,1,0.9800,-1,0
2930,489074,corner,1,0.9800,-1,0
2931,489224,corner,1,0.9800,-1,0
2932,489382,corner,1,0.9800,-1,0
2933,489522,corner,1,0.9800,-1,0
2934,489662,corner,1,0.9800,-1,0
2935,489805,corner,1,0.9800,-1,0
2936,489956,corner,1,0.9800,-1,0
2937,490111,corner,1,0.9800,-1,0
2938,490232,corner,1,0.9800,-1,0
2939,490382,corner,1,0.9800,-1,0
2940,490507,corner,1,0.9800,-1,0
2941,490648,corner,1,0.9800,-1,0
2942,490818,corner,1,0.9800,-1,0
2943,490981,corner,1,0.9800,-1,0
2944,491122,corner,1,0.9800,-1,0
2945,491272,corner,1,0.9800,-1,0
2946,491414,corner,1,0.9800,-1,0
2947,491526,corner,1,0.9800,-1,0
2948,491668,corner,1,0.9800,-1,0
2949,491815,corner,1,0.9800,-1,0
2950,491953,corner,1,0.9800,-1,0
2951,492094,corner,1,0.9800,-1,0
2952,492237,corner,1,0.9800,-1,0
2953,492388,corner,1,0.9800,-1,0
2954,492496,corner,1,0.9800,-1,0
2955,492650,corner,1,0.9800,-1,0
2956,492813,corner,1,0.9800,-1,0
2957,492969,corner,1,0.9800,-1,0
2958,493102,corner,1,0.9800,-1,0
2959,493240,corner,1,0.9800,-1,0
2960,493361,corner,1,0.9800,-1,0
2961,493475,corner,1,0.9800,-1,0
2962,493610,corner,1,0.9800,-1,0
2963,493754,corner,1,0.9800,-1,0
2964,493918,corner,1,0.9800,-1,0
2965,494058,corner,1,0.9800,-1,0
2966,494318,corner,1,0.9800,-1,0
2967,494473,corner,1,0.9800,-1,0
2968,494616,corner,1,0.9800,-1,0
2969,494766,corner,1,0.9800,-1,0
2970,495991,corner,1,0.9800,-1,0
2971,496197,corner,1,0.9800,-1,0
2972,496294,corner,0,0.9700,-1,0
2973,496436,corner,1,0.9700,-1,0
2974,496581,corner,1,0.9700,-1,0
2975,496725,corner,1,0.9700,-1,0
2976,496896,corner,1,0.9700,-1,0
2977,497051,corner,1,0.9700,-1,0
2978,497526,corner,1,0.9700,-1,0
2979,497665,corner,1,0.9700,-1,0
2980,497820,corner,1,0.9700,-1,0
2981,497957,corner,1,0.9700,-1,0
2982,498141,corner,1,0.9700,-1,0
2983,498299,corner,1,0.9700,-1,0
2984,498411,corner,1,0.9700,-1,0
2985,498550,corner,1,0.9700,-1,0
2986,498681,corner,1,0.9700,-1,0
2987,498825,corner,1,0.9700,-1,0
2988,498968,corner,1,0.9700,-1,0
2989,499115,corner,1,0.9700,-1,0
2990,499266,corner,1,0.9800,-1,0
2991,499422,corner,1,0.9800,-1,0
2992,499561,corner,1,0.9800,-1,0
2993,499704,corner,1,0.9800,-1,0
2994,499847,corner,1,0.9800,-1,0
2995,500017,corner,1,0.9800,-1,0
2996,500179,defensive,1,0.9800,0,1
2997,500313,defensive,1,0.9800,0,2
2998,500414,defensive,0,0.9700,0,3
2999,500563,defensive,1,0.9700,0,4
3000,500807,defensive,1,0.9800,0,5
3001,500949,defensive,1,0.9800,0,6
3002,501107,defensive,1,0.9800,0,7
3003,501362,defensive,1,0.9800,0,8
3004,501677,defensive,1,0.9800,0,9
3005,501766,defensive,0,0.9700,0,10
3006,501894,defensive,1,0.9700,0,11
3007,502042,defensive,1,0.9700,0,12
3008,502191,defensive,1,0.9700,0,13
3009,502366,defensive,1,0.9700,0,14
3010,502535,defensive,1,0.9700,0,15
3011,502670,defensive,1,0.9700,0,16
3012,502976,defensive,1,0.9700,0,17
3013,503177,defensive,1,0.9700,0,18
3014,503373,defensive,1,0.9700,0,19
3015,503546,defensive,1,0.9700,0,20
3016,503634,defensive,0,0.9600,0,21
3017,503771,defensive,1,0.9600,0,22
3018,503959,defensive,1,0.9600,0,23
3019,504111,defensive,1,0.9600,0,24
3020,504265,defensive,1,0.9600,0,25
3021,504394,defensive,1,0.9600,0,26
3022,504537,defensive,1,0.9600,0,27
3023,504673,defensive,1,0.9600,0,28
3024,504819,defensive,1,0.9600,0,29
3025,505034,defensive,1,0.9600,0,30
3026,505283,defensive,1,0.9600,0,31
3027,505432,defensive,1,0.9600,0,32
3028,505691,defensive,1,0.9600,0,33
3029,505836,defensive,1,0.9600,0,34
3030,505973,defensive,1,0.9600,0,35
3031,506113,defensive,1,0.9600,0,36
3032,506257,defensive,1,0.9600,0,37
3033,506411,defensive,1,0.9600,0,38
3034,506789,defensive,1,0.9600,0,39
3035,506971,defensive,1,0.9600,0,40
3036,507236,defensive,1,0.9600,0,41
3037,507656,defensive,1,0.9600,0,42
3038,507929,defensive,1,0.9600,0,43
3039,508063,defensive,1,0.9600,0,44
3040,508175,defensive,1,0.9600,0,45
3041,508379,defensive,1,0.9600,0,46
3042,508626,defensive,1,0.9600,0,47
3043,508785,defensive,1,0.9600,0,48
3044,508934,defensive,1,0.9600,0,49
3045,509064,defensive,1,0.9600,0,50
3046,509203,defensive,0,0.9500,0,51
3047,509380,defensive,1,0.9500,0,52
3048,509529,defensive,1,0.9500,0,53
3049,509678,defensive,1,0.9500,0,54
3050,509819,defensive,1,0.9500,0,55
3051,510087,defensive,1,0.9500,0,56
3052,510307,defensive,1,0.9500,0,57
3053,510495,defensive,1,0.9500,0,58
3054,510718,defensive,1,0.9500,0,59
3055,510850,defensive,1,0.9500,0,60
3056,510991,defensive,1,0.9500,0,61
3057,511140,defensive,1,0.9500,0,62
3058,511345,defensive,1,0.9500,0,63
3059,511462,defensive,1,0.9500,0,64
3060,511707,defensive,1,0.9500,0,65
3061,511829,defensive,1,0.9500,0,66
3062,511972,defensive,1,0.9500,0,67
3063,512104,defensive,1,0.9500,0,68
3064,512361,defensive,1,0.9500,0,69
3065,512502,defensive,1,0.9500,0,70
3066,512655,defensive,1,0.9500,0,71
3067,512808,defensive,1,0.9500,0,72
3068,512965,defensive,1,0.9500,0,73
3069,513117,defensive,1,0.9500,0,74
3070,513454,defensive,1,0.9500,0,75
3071,513598,defensive,1,0.9500,0,76
3072,513788,defensive,1,0.9600,0,77
3073,513953,defensive,1,0.9600,0,78
3074,514057,defensive,0,0.9500,0,79
3075,514160,defensive,0,0.9400,0,80
3076,514377,defensive,1,0.9400,0,81
3077,514509,defensive,1,0.9400,0,82
3078,514618,defensive,1,0.9400,0,83
3079,514766,defensive,1,0.9400,0,84
3080,515062,defensive,1,0.9400,0,85
3081,515198,defensive,1,0.9400,0,86
3082,515400,defensive,1,0.9400,0,87
3083,515535,defensive,1,0.9400,0,88
3084,515657,defensive,0,0.9300,0,89
3085,516015,defensive,1,0.9300,0,90
3086,516110,defensive,1,0.9300,0,91
3087,516240,defensive,1,0.9300,0,92
3088,516440,defensive,1,0.9300,0,93
3089,516579,defensive,1,0.9300,0,94
3090,516729,defensive,1,0.9300,0,95
3091,516853,defensive,1,0.9300,0,96
3092,517152,defensive,1,0.9300,0,97
3093,517286,defensive,1,0.9300,0,98
3094,517436,defensive,1,0.9300,0,99
3095,517559,defensive,0,0.9200,0,100
3096,517712,defensive,1,0.9200,0,101
3097,517889,defensive,1,0.9200,0,102
3098,518037,defensive,1,0.9300,0,103
3099,518275,defensive,1,0.9300,0,104
3100,518586,defensive,1,0.9300,0,105
3101,518732,defensive,1,0.9300,0,106
3102,518908,defensive,1,0.9300,0,107
3103,519049,defensive,1,0.9300,0,108
3104,519237,defensive,1,0.9300,0,109
3105,519504,defensive,1,0.9400,0,110
3106,519648,defensive,1,0.9400,0,111
3107,519882,defensive,1,0.9400,0,112
3108,520096,defensive,1,0.9400,0,113
3109,520261,defensive,1,0.9400,0,114
3110,520553,defensive,1,0.9400,0,115
3111,520718,defensive,1,0.9400,0,116
3112,521007,defensive,1,0.9400,0,117
3113,521146,defensive,1,0.9400,0,118
3114,521288,defensive,1,0.9400,0,119
3115,521448,defensive,1,0.9400,0,120
3116,521584,defensive,1,0.9500,0,121
3117,521743,defensive,1,0.9500,0,122
3118,521889,defensive,1,0.9500,0,123
3119,522023,defensive,1,0.9500,0,124
3120,522187,defensive,1,0.9500,0,125
3121,522320,defensive,1,0.9500,0,126
3122,522523,defensive,1,0.9500,0,127
3123,522683,defensive,1,0.9500,0,128
3124,522793,defensive,0,0.9400,0,129
3125,522963,defensive,1,0.9400,0,130
3126,523145,defensive,1,0.9400,0,131
3127,523332,defensive,1,0.9400,0,132
3128,523465,defensive,1,0.9400,0,133
3129,523658,defensive,1,0.9400,0,134
3130,523806,defensive,1,0.9400,0,135
3131,523941,defensive,1,0.9400,0,136
3132,524227,defensive,1,0.9400,0,137
3133,524456,defensive,1,0.9400,0,138
3134,524616,defensive,1,0.9400,0,139
3135,524771,defensive,1,0.9400,0,140
3136,524966,defensive,1,0.9400,0,141
3137,525063,defensive,0,0.9300,0,142
3138,525505,defensive,1,0.9300,0,143
3139,525644,defensive,1,0.9300,0,144
3140,525831,defensive,1,0.9300,0,145
3141,526129,defensive,1,0.9300,0,146
3142,526413,defensive,1,0.9300,0,147
3143,526615,defensive,1,0.9300,0,148
3144,526788,defensive,1,0.9300,0,149
3145,526940,defensive,1,0.9300,0,150
3146,527201,defensive,1,0.9400,0,151
3147,527337,defensive,1,0.9400,0,152
3148,527483,defensive,1,0.9400,0,153
3149,527629,defensive,1,0.9400,0,154
3150,527910,defensive,1,0.9400,0,155
3151,528042,defensive,1,0.9400,0,156
3152,528186,defensive,1,0.9400,0,157
3153,528397,defensive,1,0.9400,0,158
3154,528568,defensive,1,0.9400,0,159
3155,528666,defensive,0,0.9300,0,160
3156,528820,defensive,1,0.9300,0,161
3157,528942,defensive,1,0.9300,0,162
3158,529277,defensive,1,0.9300,0,163
3159,529468,defensive,1,0.9300,0,164
3160,529599,defensive,1,0.9300,0,165
3161,529741,defensive,1,0.9300,0,166
3162,529891,defensive,1,0.9300,0,167
3163,530036,defensive,1,0.9300,0,168
3164,530305,defensive,1,0.9300,0,169
3165,530446,defensive,1,0.9300,0,170
3166,530577,defensive,1,0.9300,0,171
3167,530847,defensive,1,0.9300,0,172
3168,530989,defensive,1,0.9300,0,173
3169,531126,defensive,1,0.9300,0,174
3170,531473,defensive,1,0.9300,0,175
3171,531646,defensive,1,0.9300,0,176
3172,531808,defensive,1,0.9300,0,177
3173,531896,defensive,0,0.9200,0,178
3174,532060,defensive,1,0.9300,0,179
3175,532185,defensive,1,0.9400,0,180
3176,532324,defensive,1,0.9400,0,181
3177,532487,defensive,1,0.9400,0,182
3178,532662,defensive,1,0.9400,0,183
3179,532778,defensive,1,0.9400,0,184
3180,532921,defensive,1,0.9400,0,185
3181,533072,defensive,1,0.9400,0,186
3182,533202,defensive,1,0.9400,0,187
3183,533347,defensive,1,0.9400,0,188
3184,533437,defensive,0,0.9400,0,189
3185,533602,defensive,1,0.9400,0,190
3186,533799,defensive,1,0.9400,0,191
3187,533943,defensive,1,0.9400,0,192
3188,534112,defensive,1,0.9400,0,193
3189,534268,defensive,1,0.9400,0,194
3190,534436,defensive,1,0.9400,0,195
3191,534566,defensive,1,0.9400,0,196
3192,534723,defensive,1,0.9400,0,197
3193,534875,defensive,1,0.9400,0,198
3194,535002,defensive,1,0.9400,0,199
3195,535354,defensive,1,0.9500,0,200
3196,535483,defensive,1,0.9500,0,201
3197,535623,defensive,1,0.9500,0,202
3198,535811,defensive,1,0.9500,0,203
3199,536005,defensive,1,0.9500,0,204
3200,536130,defensive,1,0.9500,0,205
3201,536267,defensive,1,0.9500,0,206
3202,536468,defensive,1,0.9500,0,207
3203,536558,defensive,0,0.9400,0,208
3204,536693,defensive,1,0.9400,0,209
3205,536827,defensive,1,0.9400,0,210
3206,536980,defensive,1,0.9400,0,211
3207,537164,defensive,1,0.9400,0,212
3208,537419,defensive,1,0.9400,0,213
3209,537603,defensive,1,0.9400,0,214
3210,537766,defensive,1,0.9400,0,215
3211,537867,defensive,0,0.9300,0,216
3212,538012,defensive,1,0.9300,0,217
3213,538150,defensive,1,0.9300,0,218
3214,538274,defensive,1,0.9300,0,219
3215,538425,defensive,1,0.9300,0,220
3216,538584,defensive,1,0.9300,0,221
3217,539025,defensive,1,0.9300,0,222
3218,539323,defensive,1,0.9300,0,223
3219,539512,defensive,1,0.9300,0,224
3220,539665,defensive,1,0.9300,0,225
3221,539840,defensive,1,0.9300,0,226
3222,540059,defensive,1,0.9300,0,227
3223,540218,defensive,1,0.9300,0,228
3224,540374,defensive,1,0.9400,0,229
3225,540515,defensive,1,0.9400,0,230
3226,540643,defensive,1,0.9400,0,231
3227,540817,defensive,1,0.9400,0,232
3228,540977,defensive,1,0.9400,0,233
3229,541118,defensive,1,0.9400,0,234
3230,541289,defensive,1,0.9400,0,235
3231,541406,defensive,1,0.9400,0,236
3232,541596,defensive,1,0.9400,0,237
3233,541766,defensive,1,0.9400,0,238
3234,541922,defensive,1,0.9400,0,239
3235,542071,defensive,1,0.9400,0,240
3236,542183,defensive,0,0.9300,0,241
3237,542309,defensive,1,0.9400,0,242
3238,542445,defensive,1,0.9400,0,243
3239,542722,defensive,1,0.9400,0,244
3240,542833,defensive,0,0.9300,0,245
3241,542994,defensive,1,0.9300,0,246
3242,543137,defensive,1,0.9300,0,247
3243,543281,defensive,1,0.9300,0,248
3244,543487,defensive,1,0.9300,0,249
3245,543628,defensive,1,0.9300,0,250
3246,543725,defensive,0,0.9200,0,251
3247,543824,defensive,1,0.9200,0,252
3248,544058,defensive,1,0.9200,0,253
3249,544148,defensive,0,0.9100,0,254
3250,544281,defensive,1,0.9100,0,255
3251,544491,defensive,1,0.9100,0,256
3252,544749,defensive,1,0.9100,0,257
3253,544913,defensive,1,0.9100,0,258
3254,545039,defensive,1,0.9100,0,259
3255,545164,defensive,1,0.9200,0,260
3256,545331,defensive,1,0.9200,0,261
3257,545455,defensive,1,0.9200,0,262
3258,545637,defensive,1,0.9200,0,263
3259,545826,defensive,1,0.9200,0,264
3260,545959,defensive,1,0.9200,0,265
3261,546095,defensive,1,0.9200,0,266
3262,546292,defensive,1,0.9200,0,267
3263,546488,defensive,1,0.9200,0,268
3264,546637,defensive,1,0.9200,0,269
3265,546768,defensive,1,0.9200,0,270
3266,546896,defensive,1,0.9200,0,271
3267,546997,defensive,1,0.9200,0,272
3268,547179,defensive,1,0.9200,0,273
3269,547338,defensive,1,0.9200,0,274
3270,547667,defensive,1,0.9200,0,275
3271,547837,defensive,1,0.9200,0,276
3272,547933,defensive,0,0.9100,0,277
3273,548071,defensive,1,0.9200,0,278
3274,548216,defensive,1,0.9200,0,279
3275,548472,defensive,1,0.9200,0,280
3276,548676,defensive,1,0.9200,0,281
3277,549021,defensive,1,0.9200,0,282
3278,549165,defensive,1,0.9200,0,283
3279,549266,defensive,0,0.9100,0,284
3280,549408,defensive,1,0.9100,0,285
3281,549536,defensive,1,0.9100,0,286
3282,549711,defensive,1,0.9100,0,287
3283,549914,defensive,1,0.9100,0,288
3284,550099,defensive,1,0.9200,0,289
3285,550234,defensive,1,0.9200,0,290
3286,550394,defensive,1,0.9200,0,291
3287,550544,defensive,1,0.9200,0,292
3288,550705,defensive,1,0.9200,0,293
3289,550880,defensive,1,0.9200,0,294
3290,551013,defensive,1,0.9200,0,295
3291,551176,defensive,1,0.9200,0,296
3292,551479,defensive,1,0.9200,0,297
3293,551607,defensive,1,0.9200,0,298
3294,551750,defensive,1,0.9200,0,299
3295,551994,defensive,1,0.9200,0,300
3296,552149,defensive,1,0.9200,0,301
3297,552289,defensive,1,0.9200,0,302
3298,552447,defensive,1,0.9200,0,303
3299,552575,defensive,1,0.9200,0,304
3300,552700,defensive,1,0.9200,0,305
3301,552831,defensive,1,0.9200,0,306
3302,552969,defensive,1,0.9200,0,307
3303,553102,defensive,1,0.9300,0,308
3304,553406,defensive,1,0.9300,0,309
3305,553765,defensive,1,0.9300,0,310
3306,553929,defensive,1,0.9300,0,311
3307,554057,defensive,1,0.9300,0,312
3308,554257,defensive,1,0.9300,0,313
3309,554394,defensive,1,0.9300,0,314
3310,554665,defensive,1,0.9300,0,315
3311,554837,defensive,1,0.9400,0,316
3312,555014,defensive,1,0.9400,0,317
3313,555157,defensive,1,0.9400,0,318
3314,555307,defensive,1,0.9400,0,319
3315,555464,defensive,1,0.9400,0,320
3316,555635,defensive,1,0.9400,0,321
3317,555777,defensive,1,0.9400,0,322
3318,555920,defensive,1,0.9400,0,323
3319,556282,defensive,1,0.9400,0,324
3320,556419,defensive,1,0.9400,0,325
3321,556563,defensive,1,0.9400,0,326
3322,556692,defensive,1,0.9400,0,327
3323,556839,defensive,1,0.9400,0,328
3324,557035,defensive,1,0.9400,0,329
3325,557187,defensive,1,0.9400,0,330
3326,557326,defensive,1,0.9400,0,331
3327,557526,defensive,1,0.9400,0,332
3328,557723,defensive,1,0.9400,0,333
3329,557858,defensive,1,0.9400,0,334
3330,558037,defensive,1,0.9400,0,335
3331,558192,defensive,1,0.9400,0,336
3332,558335,defensive,1,0.9400,0,337
3333,558463,defensive,0,0.9300,0,338
3334,558654,defensive,1,0.9300,0,339
3335,558782,defensive,1,0.9300,0,340
3336,558910,defensive,1,0.9400,0,341
3337,559065,defensive,1,0.9400,0,342
3338,559227,defensive,1,0.9400,0,343
3339,559378,defensive,1,0.9400,0,344
3340,559513,defensive,1,0.9500,0,345
3341,559716,defensive,1,0.9500,0,346
3342,559910,defensive,1,0.9500,0,347
3343,560077,defensive,1,0.9500,0,348
3344,560223,defensive,1,0.9500,0,349
3345,560347,defensive,1,0.9500,0,350
3346,560537,defensive,1,0.9600,0,351
3347,560666,defensive,1,0.9600,0,352
3348,560789,defensive,1,0.9600,0,353
3349,560888,defensive,0,0.9600,0,354
3350,561026,defensive,1,0.9600,0,355
3351,561157,defensive,1,0.9600,0,356
3352,561315,defensive,1,0.9600,0,357
3353,561507,defensive,1,0.9600,0,358
3354,561765,defensive,1,0.9600,0,359
3355,561895,defensive,1,0.9600,0,360
3356,562029,defensive,1,0.9600,0,361
3357,562182,defensive,1,0.9600,0,362
3358,562326,defensive,1,0.9600,0,363
3359,562481,defensive,1,0.9600,0,364
3360,562623,defensive,1,0.9600,0,365
3361,562799,defensive,1,0.9600,0,366
3362,562964,defensive,1,0.9600,0,367
3363,563099,defensive,1,0.9600,0,368
3364,563236,defensive,1,0.9600,0,369
3365,563366,defensive,1,0.9600,0,370
3366,563508,defensive,1,0.9600,0,371
3367,563840,defensive,1,0.9600,0,372
3368,563983,defensive,1,0.9600,0,373
3369,564311,defensive,1,0.9600,0,374
3370,564575,defensive,1,0.9600,0,375
3371,564705,defensive,1,0.9600,0,376
3372,564845,defensive,1,0.9700,0,377
3373,564969,defensive,1,0.9700,0,378
3374,565187,defensive,1,0.9700,0,379
3375,565336,defensive,1,0.9700,0,380
3376,565609,defensive,1,0.9700,0,381
3377,566013,defensive,0,0.9600,0,382
3378,566141,defensive,1,0.9600,0,383
3379,566269,defensive,1,0.9700,0,384
3380,566417,defensive,1,0.9700,0,385
3381,566588,defensive,1,0.9700,0,386
3382,566758,defensive,1,0.9700,0,387
3383,566918,defensive,1,0.9700,0,388
3384,567100,defensive,1,0.9700,0,389
3385,567283,defensive,1,0.9700,0,390
3386,567412,defensive,1,0.9700,0,391
3387,567552,defensive,1,0.9700,0,392
3388,567749,defensive,1,0.9700,0,393
3389,567932,defensive,1,0.9700,0,394
3390,568074,defensive,1,0.9700,0,395
3391,568197,defensive,1,0.9700,0,396
3392,568332,defensive,0,0.9600,0,397
3393,568508,defensive,1,0.9600,0,398
3394,568609,defensive,0,0.9500,0,399
3395,568853,defensive,1,0.9500,0,400
3396,569173,defensive,1,0.9500,0,401
3397,569319,defensive,1,0.9500,0,402
3398,569481,defensive,1,0.9500,0,403
3399,569618,defensive,1,0.9500,0,404
3400,569787,defensive,1,0.9500,0,405
3401,569920,defensive,1,0.9500,0,406
3402,570062,defensive,1,0.9500,0,407
3403,570200,defensive,1,0.9500,0,408
3404,570318,defensive,1,0.9500,0,409
3405,570449,defensive,1,0.9500,0,410
3406,570567,defensive,1,0.9500,0,411
3407,570718,defensive,1,0.9500,0,412
3408,570894,defensive,1,0.9500,0,413
3409,571027,defensive,1,0.9500,0,414
3410,571162,defensive,1,0.9500,0,415
3411,571298,defensive,1,0.9500,0,416
3412,571428,defensive,1,0.9500,0,417
3413,571550,defensive,1,0.9500,0,418
3414,571694,defensive,1,0.9500,0,419
3415,571876,defensive,1,0.9500,0,420
3416,572005,defensive,1,0.9500,0,421
3417,572150,defensive,1,0.9500,0,422
3418,572284,defensive,1,0.9500,0,423
3419,572442,defensive,1,0.9500,0,424
3420,572750,defensive,1,0.9500,0,425
3421,572889,defensive,1,0.9500,0,426
3422,573013,defensive,1,0.9500,0,427
3423,573149,defensive,1,0.9500,0,428
3424,573303,defensive,1,0.9500,0,429
3425,573493,defensive,1,0.9500,0,430
3426,573674,defensive,1,0.9500,0,431
3427,573799,defensive,1,0.9500,0,432
3428,573971,defensive,1,0.9500,0,433
3429,574112,defensive,1,0.9500,0,434
3430,574275,defensive,1,0.9500,0,435
3431,574377,defensive,1,0.9500,0,436
3432,574506,defensive,1,0.9500,0,437
3433,574699,defensive,1,0.9600,0,438
3434,574835,defensive,1,0.9600,0,439
3435,575032,defensive,1,0.9600,0,440
3436,575156,defensive,1,0.9600,0,441
3437,575290,defensive,1,0.9600,0,442
3438,575417,defensive,1,0.9600,0,443
3439,575584,defensive,1,0.9600,0,444
3440,575799,defensive,1,0.9600,0,445
3441,575922,defensive,1,0.9600,0,446
3442,576072,defensive,1,0.9600,0,447
3443,576247,defensive,1,0.9600,0,448
3444,576498,defensive,1,0.9600,0,449
3445,576670,defensive,1,0.9600,0,450
3446,576925,defensive,1,0.9600,0,451
3447,577156,defensive,1,0.9600,0,452
3448,577524,defensive,1,0.9600,0,453
3449,577642,defensive,1,0.9700,0,454
3450,577764,defensive,1,0.9700,0,455
3451,577897,defensive,1,0.9700,0,456
3452,578058,defensive,1,0.9700,0,457
3453,578235,defensive,1,0.9700,0,458
3454,578385,defensive,1,0.9700,0,459
3455,578795,defensive,1,0.9700,0,460
3456,578979,defensive,1,0.9700,0,461
3457,579138,defensive,1,0.9700,0,462
3458,579276,defensive,1,0.9700,0,463
3459,579418,defensive,1,0.9700,0,464
3460,579571,defensive,1,0.9700,0,465
3461,579712,defensive,1,0.9700,0,466
3462,579866,defensive,1,0.9700,0,467
3463,580185,defensive,1,0.9700,0,468
3464,580329,defensive,1,0.9700,0,469
3465,581656,defensive,1,0.9700,0,470
3466,581814,defensive,1,0.9700,0,471
3467,581950,defensive,1,0.9700,0,472
3468,582097,defensive,1,0.9700,0,473
3469,582191,defensive,0,0.9600,0,474
3470,582368,defensive,1,0.9600,0,475
3471,582493,defensive,1,0.9600,0,476
3472,582646,defensive,1,0.9600,0,477
3473,582806,defensive,1,0.9600,0,478
3474,582898,defensive,0,0.9500,0,479
3475,583049,defensive,1,0.9500,0,480
3476,583172,defensive,1,0.9500,0,481
3477,583314,defensive,1,0.9600,0,482
3478,583439,defensive,1,0.9600,0,483
3479,583575,defensive,1,0.9600,0,484
3480,583710,defensive,1,0.9600,0,485
3481,583839,defensive,0,0.9500,0,486
3482,584000,defensive,1,0.9500,0,487
3483,584148,defensive,1,0.9500,0,488
3484,584285,defensive,1,0.9500,0,489
3485,584416,defensive,1,0.9500,0,490
3486,584538,defensive,1,0.9500,0,491
3487,584754,defensive,1,0.9500,0,492
3488,584953,defensive,1,0.9500,0,493
3489,585115,defensive,1,0.9500,0,494
3490,585266,defensive,1,0.9500,0,495
3491,585504,defensive,1,0.9500,0,496
3492,585642,defensive,1,0.9600,0,497
3493,585788,defensive,1,0.9600,0,498
3494,585932,defensive,1,0.9700,0,499
3495,586070,defensive,1,0.9700,0,500
3496,586224,defensive,1,0.9700,0,501
3497,586513,defensive,1,0.9700,0,502
3498,586775,defensive,1,0.9700,0,503
3499,586932,defensive,1,0.9700,0,504
3500,587068,defensive,1,0.9700,0,505
3501,587230,defensive,1,0.9700,0,506
3502,587409,defensive,1,0.9700,0,507
3503,587555,defensive,1,0.9700,0,508
3504,587746,defensive,1,0.9700,0,509
3505,587890,defensive,1,0.9700,0,510
3506,588056,defensive,1,0.9700,0,511
3507,588190,defensive,1,0.9700,0,512
3508,588395,defensive,1,0.9700,0,513
3509,588518,defensive,1,0.9700,0,514
3510,588722,defensive,1,0.9700,0,515
3511,588852,defensive,1,0.9700,0,516
3512,588999,defensive,1,0.9700,0,517
3513,589164,defensive,1,0.9700,0,518
3514,589286,defensive,1,0.9700,0,519
3515,589474,defensive,1,0.9700,0,520
3516,589610,defensive,1,0.9700,0,521
3517,589735,defensive,1,0.9700,0,522
3518,589920,defensive,1,0.9700,0,523
3519,590068,defensive,1,0.9700,0,524
3520,590210,defensive,1,0.9700,0,525
3521,590330,defensive,1,0.9700,0,526
3522,590457,defensive,1,0.9700,0,527
3523,590607,defensive,1,0.9700,0,528
3524,590784,defensive,1,0.9700,0,529
3525,590916,defensive,1,0.9700,0,530
3526,591109,defensive,1,0.9700,0,531
3527,591236,defensive,1,0.9700,0,532
3528,591520,defensive,1,0.9700,0,533
3529,591654,defensive,1,0.9700,0,534
3530,591835,defensive,1,0.9700,0,535
3531,591954,defensive,1,0.9700,0,536
3532,592151,defensive,1,0.9700,0,537
3533,592269,defensive,1,0.9700,0,538
3534,592392,defensive,1,0.9700,0,539
3535,592572,defensive,1,0.9700,0,540
3536,592740,defensive,1,0.9700,0,541
3537,592869,defensive,1,0.9700,0,542
3538,593238,defensive,1,0.9700,0,543
3539,593361,defensive,1,0.9700,0,544
3540,593522,defensive,1,0.9700,0,545
3541,593674,defensive,1,0.9700,0,546
3542,593822,defensive,1,0.9700,0,547
3543,593950,defensive,1,0.9700,0,548
3544,594097,defensive,1,0.9700,0,549
3545,594248,defensive,1,0.9700,0,550
3546,594373,defensive,1,0.9700,0,551
3547,594560,defensive,1,0.9700,0,552
3548,594707,defensive,1,0.9700,0,553
3549,594870,defensive,1,0.9700,0,554
3550,594991,defensive,1,0.9700,0,555
3551,595226,defensive,1,0.9700,0,556
3552,595354,defensive,1,0.9700,0,557
3553,595481,defensive,1,0.9700,0,558
3554,595608,defensive,1,0.9700,0,559
3555,595806,defensive,1,0.9700,0,560
3556,595953,defensive,1,0.9700,0,561
3557,596158,defensive,1,0.9700,0,562
3558,596285,defensive,1,0.9700,0,563
3559,596430,defensive,1,0.9700,0,564
3560,596570,defensive,1,0.9700,0,565
3561,596885,defensive,1,0.9700,0,566
3562,597059,defensive,1,0.9700,0,567
3563,597178,defensive,1,0.9700,0,568
3564,597364,defensive,1,0.9700,0,569
3565,597522,defensive,1,0.9700,0,570
3566,597688,defensive,1,0.9700,0,571
3567,597830,defensive,1,0.9700,0,572
3568,597982,defensive,1,0.9700,0,573
3569,598107,defensive,1,0.9800,0,574
3570,598257,defensive,1,0.9800,0,575
3571,598396,defensive,1,0.9800,0,576
3572,598537,defensive,1,0.9800,0,577
3573,598692,defensive,1,0.9800,0,578
3574,598818,defensive,1,0.9900,0,579
3575,599021,defensive,1,0.9900,0,580
3576,599146,defensive,1,0.9900,0,581
3577,599339,defensive,1,0.9900,0,582
3578,599501,defensive,1,0.9900,0,583
3579,599637,defensive,1,0.9900,0,584
3580,599766,defensive,1,0.9900,0,585
3581,599906,defensive,1,1.0000,0,586
3582,600051,defensive,1,1.0000,0,587
3583,600168,defensive,0,0.9900,0,588
3584,600287,defensive,1,0.9900,0,589
3585,600419,defensive,1,0.9900,0,590
3586,600690,defensive,1,0.9900,0,591
3587,600917,defensive,1,0.9900,0,592
3588,601057,defensive,1,0.9900,0,593
3589,601263,defensive,1,0.9900,0,594
3590,601481,defensive,1,0.9900,0,595
3591,601667,defensive,1,0.9900,0,596
3592,601798,defensive,1,0.9900,0,597
3593,601942,defensive,1,0.9900,0,598
3594,602211,defensive,1,0.9900,0,599
3595,602349,defensive,1,0.9900,0,600
3596,602485,defensive,1,0.9900,0,601
3597,602606,defensive,1,0.9900,0,602
3598,602751,defensive,1,0.9900,0,603
3599,602984,defensive,1,0.9900,0,604
3600,603130,defensive,1,0.9900,0,605
3601,603289,defensive,1,0.9900,0,606
3602,603473,defensive,1,0.9900,0,607
3603,603614,defensive,1,0.9900,0,608
3604,603733,defensive,1,0.9900,0,609
3605,603858,defensive,1,0.9900,0,610
3606,604022,defensive,1,0.9900,0,611
3607,604156,defensive,1,0.9900,0,612
3608,604280,defensive,1,0.9900,0,613
3609,604429,defensive,1,0.9900,0,614
3610,604540,defensive,0,0.9800,0,615
3611,604679,defensive,1,0.9800,0,616
3612,604827,defensive,1,0.9800,0,617
3613,604967,defensive,1,0.9800,0,618
3614,605070,defensive,0,0.9700,0,619
3615,605193,defensive,1,0.9700,0,620
3616,605346,defensive,1,0.9700,0,621
3617,605465,defensive,1,0.9700,0,622
3618,605573,defensive,0,0.9600,0,623
3619,605713,defensive,1,0.9600,0,624
3620,605844,defensive,1,0.9600,0,625
3621,605966,defensive,1,0.9600,0,626
3622,606129,defensive,1,0.9600,0,627
3623,606256,defensive,1,0.9600,0,628
3624,606443,defensive,1,0.9600,0,629
3625,606563,defensive,1,0.9600,0,630
3626,606696,defensive,1,0.9600,0,631
3627,606852,defensive,1,0.9600,0,632
3628,607002,defensive,1,0.9600,0,633
3629,607166,defensive,1,0.9600,0,634
3630,607312,defensive,1,0.9600,0,635
3631,607598,defensive,1,0.9600,0,636
3632,607733,defensive,1,0.9600,0,637
3633,607864,defensive,1,0.9600,0,638
3634,607998,defensive,1,0.9600,0,639
3635,608131,defensive,1,0.9600,0,640
3636,608406,defensive,1,0.9600,0,641
3637,608530,defensive,1,0.9600,0,642
3638,608680,defensive,1,0.9600,0,643
3639,608855,defensive,1,0.9600,0,644
3640,609010,defensive,1,0.9600,0,645
3641,609139,defensive,1,0.9600,0,646
3642,609318,defensive,1,0.9600,0,647
3643,609449,defensive,1,0.9600,0,648
3644,609592,defensive,1,0.9600,0,649
3645,609698,defensive,0,0.9500,0,650
3646,609866,defensive,1,0.9500,0,651
3647,610016,defensive,1,0.9500,0,652
3648,610179,defensive,1,0.9500,0,653
3649,610382,defensive,1,0.9500,0,654
3650,610520,defensive,1,0.9500,0,655
3651,610668,defensive,1,0.9500,0,656
3652,610827,defensive,1,0.9500,0,657
3653,611006,defensive,1,0.9500,0,658
3654,611126,defensive,0,0.9400,0,659
3655,611261,defensive,1,0.9400,0,660
3656,611385,defensive,1,0.9400,0,661
3657,611515,defensive,1,0.9400,0,662
3658,611700,defensive,1,0.9400,0,663
3659,611828,defensive,1,0.9400,0,664
3660,611957,defensive,1,0.9400,0,665
3661,612237,defensive,1,0.9400,0,666
3662,612412,defensive,1,0.9400,0,667
3663,612552,defensive,1,0.9400,0,668
3664,612710,defensive,1,0.9400,0,669
3665,612848,defensive,1,0.9400,0,670
3666,612985,defensive,1,0.9400,0,671
3667,613250,defensive,0,0.9300,0,672
3668,613397,defensive,1,0.9300,0,673
3669,613534,defensive,1,0.9300,0,674
3670,613696,defensive,1,0.9300,0,675
3671,613814,defensive,1,0.9300,0,676
3672,613994,defensive,1,0.9300,0,677
3673,614210,defensive,1,0.9300,0,678
3674,614309,defensive,1,0.9300,0,679
3675,614435,defensive,1,0.9300,0,680
3676,614558,defensive,1,0.9300,0,681
3677,614682,defensive,1,0.9300,0,682
3678,614857,defensive,1,0.9300,0,683
3679,615024,defensive,1,0.9300,0,684
3680,615247,defensive,1,0.9300,0,685
3681,615414,defensive,1,0.9300,0,686
3682,615536,defensive,1,0.9300,0,687
3683,615668,defensive,1,0.9400,0,688
3684,615876,defensive,1,0.9400,0,689
3685,616023,defensive,1,0.9400,0,690
3686,616119,defensive,1,0.9400,0,691
3687,616347,defensive,1,0.9400,0,692
3688,616453,defensive,0,0.9300,0,693
3689,616546,defensive,0,0.9200,0,694
3690,616680,defensive,1,0.9200,0,695
3691,616804,defensive,1,0.9200,0,696
3692,616941,defensive,1,0.9200,0,697
3693,617226,defensive,1,0.9200,0,698
3694,617321,defensive,0,0.9100,0,699
3695,617452,defensive,1,0.9100,0,700
3696,617600,defensive,1,0.9100,0,701
3697,617880,defensive,1,0.9100,0,702
3698,618201,defensive,1,0.9100,0,703
3699,618412,defensive,1,0.9100,0,704
3700,618708,defensive,1,0.9100,0,705
3701,618836,defensive,1,0.9100,0,706
3702,618978,defensive,1,0.9100,0,707
3703,619130,defensive,1,0.9100,0,708
3704,619294,defensive,1,0.9100,0,709
3705,619455,defensive,1,0.9100,0,710
3706,619588,defensive,1,0.9100,0,711
3707,619721,defensive,1,0.9100,0,712
3708,619844,defensive,1,0.9100,0,713
3709,619974,defensive,1,0.9100,0,714
3710,620140,defensive,1,0.9200,0,715
3711,620320,defensive,1,0.9200,0,716
3712,620528,defensive,1,0.9200,0,717
3713,620802,defensive,1,0.9200,0,718
3714,620921,defensive,1,0.9300,0,719
3715,621064,defensive,1,0.9300,0,720
3716,621190,defensive,1,0.9300,0,721
3717,621341,defensive,1,0.9300,0,722
3718,621488,defensive,1,0.9400,0,723
3719,621693,defensive,1,0.9400,0,724
3720,621815,defensive,1,0.9400,0,725
3721,621910,defensive,1,0.9400,0,726
3722,622057,defensive,1,0.9400,0,727
3723,622206,defensive,1,0.9400,0,728
3724,622363,defensive,1,0.9400,0,729
3725,622490,defensive,1,0.9400,0,730
3726,622625,defensive,1,0.9400,0,731
3727,622758,defensive,1,0.9400,0,732
3728,622884,defensive,1,0.9400,0,733
3729,622971,defensive,0,0.9300,0,734
3730,623095,defensive,1,0.9300,0,735
3731,623189,defensive,0,0.9200,0,736
3732,623321,defensive,1,0.9200,0,737
3733,623445,defensive,1,0.9200,0,738
3734,623574,defensive,1,0.9200,0,739
3735,623813,defensive,1,0.9200,0,740
3736,623995,defensive,1,0.9200,0,741
3737,624121,defensive,1,0.9200,0,742
3738,624276,defensive,1,0.9200,0,743
3739,624424,defensive,1,0.9200,0,744
3740,624561,defensive,1,0.9200,0,745
3741,624746,defensive,1,0.9200,0,746
3742,624901,defensive,1,0.9200,0,747
3743,625029,defensive,1,0.9200,0,748
3744,625318,defensive,1,0.9200,0,749
3745,625446,defensive,1,0.9300,0,750
3746,625590,defensive,1,0.9300,0,751
3747,625711,defensive,1,0.9300,0,752
3748,625838,defensive,1,0.9300,0,753
3749,626200,defensive,1,0.9300,0,754
3750,626376,defensive,1,0.9300,0,755
3751,626513,defensive,1,0.9300,0,756
3752,626659,defensive,1,0.9300,0,757
3753,626813,defensive,1,0.9300,0,758
3754,626948,defensive,1,0.9400,0,759
3755,627096,defensive,1,0.9400,0,760
3756,627235,defensive,1,0.9400,0,761
3757,627377,defensive,1,0.9400,0,762
3758,627510,defensive,1,0.9400,0,763
3759,627628,defensive,1,0.9400,0,764
3760,627791,defensive,1,0.9400,0,765
3761,627922,defensive,1,0.9400,0,766
3762,628040,defensive,1,0.9400,0,767
3763,628188,defensive,1,0.9400,0,768
3764,628346,defensive,1,0.9400,0,769
3765,628465,defensive,1,0.9400,0,770
3766,628588,defensive,1,0.9400,0,771
3767,628713,defensive,1,0.9500,0,772
3768,628869,defensive,1,0.9500,0,773
3769,629008,defensive,1,0.9500,0,774
3770,629171,defensive,1,0.9500,0,775
3771,629346,defensive,1,0.9500,0,776
3772,629505,defensive,1,0.9500,0,777
3773,629634,defensive,1,0.9500,0,778
3774,629886,defensive,1,0.9500,0,779
3775,630055,defensive,1,0.9500,0,780
3776,630183,defensive,1,0.9500,0,781
3777,630320,defensive,1,0.9500,0,782
3778,630447,defensive,1,0.9500,0,783
3779,630579,defensive,1,0.9500,0,784
3780,630702,defensive,1,0.9500,0,785
3781,630909,defensive,1,0.9500,0,786
3782,631132,defensive,1,0.9500,0,787
3783,631266,defensive,1,0.9500,0,788
3784,631394,defensive,1,0.9500,0,789
3785,631560,defensive,1,0.9500,0,790
3786,631694,defensive,1,0.9500,0,791
3787,631822,defensive,1,0.9500,0,792
3788,631991,defensive,1,0.9600,0,793
3789,632185,defensive,1,0.9700,0,794
3790,632322,defensive,1,0.9700,0,795
3791,632452,defensive,1,0.9700,0,796
3792,632714,defensive,1,0.9700,0,797
3793,632853,defensive,1,0.9700,0,798
3794,632945,defensive,0,0.9700,0,799
3795,633174,defensive,1,0.9700,0,800
3796,633304,defensive,1,0.9700,0,801
3797,633470,defensive,1,0.9700,0,802
3798,633613,defensive,1,0.9700,0,803
3799,633742,defensive,1,0.9700,0,804
3800,633864,defensive,1,0.9700,0,805
3801,634011,defensive,1,0.9700,0,806
3802,634149,defensive,1,0.9700,0,807
3803,634299,defensive,1,0.9700,0,808
3804,634451,defensive,1,0.9700,0,809
3805,634583,defensive,1,0.9700,0,810
3806,634745,defensive,1,0.9700,0,811
3807,634949,defensive,1,0.9700,0,812
3808,635077,defensive,1,0.9700,0,813
3809,635214,defensive,1,0.9700,0,814
3810,635347,defensive,1,0.9700,0,815
3811,635467,defensive,1,0.9700,0,816
3812,635602,defensive,1,0.9700,0,817
3813,635918,defensive,1,0.9700,0,818
3814,636059,defensive,1,0.9700,0,819
3815,636191,defensive,1,0.9700,0,820
3816,636329,defensive,1,0.9700,0,821
3817,636484,defensive,1,0.9700,0,822
3818,636630,defensive,1,0.9700,0,823
3819,636808,defensive,1,0.9700,0,824
3820,636932,defensive,1,0.9700,0,825
3821,637075,defensive,1,0.9700,0,826
3822,637199,defensive,1,0.9700,0,827
3823,637488,defensive,1,0.9700,0,828
3824,637660,defensive,1,0.9700,0,829
3825,637809,defensive,1,0.9700,0,830
3826,637906,defensive,1,0.9700,0,831
3827,638074,defensive,1,0.9700,0,832
3828,638193,defensive,1,0.9700,0,833
3829,638294,defensive,1,0.9800,0,834
3830,638464,defensive,1,0.9800,0,835
3831,638609,defensive,1,0.9900,0,836
3832,638760,defensive,1,0.9900,0,837
3833,638883,defensive,1,0.9900,0,838
3834,639007,defensive,1,0.9900,0,839
3835,639132,defensive,1,0.9900,0,840
3836,639282,defensive,1,0.9900,0,841
3837,639446,defensive,1,0.9900,0,842
3838,639589,defensive,1,0.9900,0,843
3839,639726,defensive,1,0.9900,0,844
3840,639860,defensive,1,0.9900,0,845
3841,640019,defensive,1,0.9900,0,846
3842,640216,defensive,1,0.9900,0,847
3843,640340,defensive,1,0.9900,0,848
3844,640483,defensive,1,0.9900,0,849
3845,640606,defensive,1,0.9900,0,850
3846,640731,defensive,1,0.9900,0,851
3847,640877,defensive,1,0.9900,0,852
3848,641013,defensive,1,0.9900,0,853
3849,641138,defensive,1,0.9900,0,854
3850,641282,defensive,1,0.9900,0,855
3851,641413,defensive,1,0.9900,0,856
3852,641545,defensive,1,0.9900,0,857
3853,641682,defensive,1,0.9900,0,858
3854,641865,defensive,1,0.9900,0,859
3855,642072,defensive,1,0.9900,0,860
3856,642208,defensive,1,0.9900,0,861
3857,642349,defensive,1,0.9900,0,862
3858,642595,defensive,1,0.9900,0,863
3859,642746,defensive,1,0.9900,0,864
3860,642842,defensive,1,0.9900,0,865
3861,642962,defensive,1,0.9900,0,866
3862,643100,defensive,1,0.9900,0,867
3863,643266,defensive,1,0.9900,0,868
3864,643425,defensive,1,0.9900,0,869
3865,643557,defensive,1,0.9900,0,870
3866,643654,defensive,0,0.9800,0,871
3867,643790,defensive,1,0.9800,0,872
3868,643915,defensive,1,0.9800,0,873
3869,644035,defensive,1,0.9800,0,874
3870,644324,defensive,1,0.9800,0,875
3871,644449,defensive,1,0.9800,0,876
3872,644577,defensive,1,0.9800,0,877
3873,644755,defensive,1,0.9800,0,878
3874,645123,defensive,1,0.9800,0,879
3875,645264,defensive,1,0.9800,0,880
3876,645457,defensive,1,0.9800,0,881
3877,645621,defensive,1,0.9800,0,882
3878,645752,defensive,1,0.9800,0,883
3879,645898,defensive,1,0.9800,0,884
3880,646033,defensive,1,0.9800,0,885
3881,646165,defensive,1,0.9800,0,886
3882,646297,defensive,1,0.9800,0,887
3883,646419,defensive,1,0.9800,0,888
3884,646592,defensive,1,0.9800,0,889
3885,646735,defensive,1,0.9800,0,890
3886,646852,defensive,1,0.9800,0,891
3887,646980,defensive,1,0.9800,0,892
3888,647104,defensive,1,0.9800,0,893
3889,647252,defensive,1,0.9800,0,894
3890,647376,defensive,1,0.9800,0,895
3891,647498,defensive,1,0.9800,0,896
3892,647748,defensive,1,0.9800,0,897
3893,647918,defensive,1,0.9800,0,898
3894,648059,defensive,1,0.9900,0,899
3895,648183,defensive,1,0.9900,0,900
3896,648307,defensive,1,0.9900,0,901
3897,648497,defensive,1,0.9900,0,902
3898,648612,defensive,1,0.9900,0,903
3899,648756,defensive,1,0.9900,0,904
3900,648879,defensive,1,0.9900,0,905
3901,648969,defensive,0,0.9800,0,906
3902,649105,defensive,1,0.9800,0,907
3903,649326,defensive,1,0.9800,0,908
3904,649473,defensive,1,0.9800,0,909
3905,649624,defensive,1,0.9800,0,910
3906,649807,defensive,1,0.9800,0,911
3907,649935,defensive,1,0.9800,0,912
3908,650059,defensive,1,0.9800,0,913
3909,650183,defensive,1,0.9800,0,914
3910,650317,defensive,1,0.9800,0,915
3911,650441,defensive,1,0.9800,0,916
3912,650579,defensive,1,0.9800,0,917
3913,650722,defensive,1,0.9800,0,918
3914,650858,defensive,1,0.9800,0,919
3915,651019,defensive,1,0.9800,0,920
3916,651193,defensive,1,0.9800,0,921
3917,651314,defensive,1,0.9800,0,922
3918,651417,defensive,1,0.9800,0,923
3919,651681,defensive,1,0.9800,0,924
3920,651822,defensive,1,0.9800,0,925
3921,652025,defensive,1,0.9800,0,926
3922,652168,defensive,1,0.9800,0,927
3923,652324,defensive,1,0.9800,0,928
3924,652443,defensive,1,0.9800,0,929
3925,652564,defensive,1,0.9800,0,930
3926,652834,defensive,1,0.9800,0,931
3927,652931,defensive,0,0.9700,0,932
3928,653082,defensive,1,0.9700,0,933
3929,653225,defensive,1,0.9700,0,934
3930,653551,defensive,1,0.9700,0,935
3931,653674,defensive,1,0.9700,0,936
3932,653825,defensive,1,0.9700,0,937
3933,654010,defensive,1,0.9700,0,938
3934,654137,defensive,1,0.9700,0,939
3935,654272,defensive,1,0.9700,0,940
3936,654403,defensive,1,0.9700,0,941
3937,654657,defensive,1,0.9700,0,942
3938,654802,defensive,1,0.9700,0,943
3939,654949,defensive,1,0.9700,0,944
3940,655206,defensive,1,0.9700,0,945
3941,655426,defensive,1,0.9700,0,946
3942,655552,defensive,1,0.9700,0,947
3943,655680,defensive,1,0.9700,0,948
3944,655817,defensive,1,0.9700,0,949
3945,655977,defensive,1,0.9700,0,950
3946,656115,defensive,1,0.9700,0,951
3947,656349,defensive,1,0.9700,0,952
3948,656470,defensive,1,0.9700,0,953
3949,656567,defensive,0,0.9600,0,954
3950,656747,defensive,1,0.9600,0,955
3951,656884,defensive,1,0.9600,0,956
3952,657077,defensive,1,0.9600,0,957
3953,657201,defensive,1,0.9600,0,958
3954,657336,defensive,1,0.9600,0,959
3955,657434,defensive,0,0.9500,0,960
3956,657565,defensive,1,0.9500,0,961
3957,657698,defensive,1,0.9500,0,962
3958,657928,defensive,1,0.9500,0,963
3959,658053,defensive,1,0.9500,0,964
3960,658182,defensive,1,0.9500,0,965
3961,658356,defensive,1,0.9500,0,966
3962,658473,defensive,1,0.9500,0,967
3963,658614,defensive,1,0.9500,0,968
3964,658747,defensive,1,0.9500,0,969
3965,658914,defensive,1,0.9500,0,970
3966,659082,defensive,1,0.9600,0,971
3967,659208,defensive,1,0.9600,0,972
3968,659353,defensive,1,0.9600,0,973
3969,659484,defensive,1,0.9600,0,974
3970,659666,defensive,1,0.9600,0,975
3971,659812,defensive,1,0.9600,0,976
3972,659969,defensive,1,0.9600,0,977
3973,660092,defensive,1,0.9600,0,978
3974,660251,defensive,1,0.9600,0,979
3975,660397,defensive,1,0.9600,0,980
3976,660537,defensive,1,0.9600,0,981
3977,660659,defensive,1,0.9600,0,982
3978,660822,defensive,1,0.9600,0,983
3979,660979,defensive,1,0.9600,0,984
3980,661110,defensive,1,0.9600,0,985
3981,661260,defensive,1,0.9600,0,986
3982,661396,defensive,1,0.9600,0,987
3983,661520,defensive,1,0.9600,0,988
3984,661734,defensive,1,0.9600,0,989
3985,661855,defensive,1,0.9600,0,990
3986,661997,defensive,1,0.9600,0,991
3987,662121,defensive,1,0.9600,0,992
3988,662252,defensive,1,0.9600,0,993
3989,662375,defensive,1,0.9600,0,994
3990,662504,defensive,1,0.9600,0,995
3991,662622,defensive,1,0.9600,0,996
3992,662769,defensive,1,0.9600,0,997
3993,662914,defensive,1,0.9600,0,998
3994,663056,defensive,1,0.9600,0,999
3995,663186,defensive,1,0.9600,0,1000
3996,663356,defensive,1,0.9600,0,1001
3997,663490,defensive,1,0.9600,0,1002
3998,663896,defensive,0,0.9500,0,1003
3999,663996,defensive,1,0.9500,0,1004
4000,664118,defensive,1,0.9500,0,1005
4001,664263,defensive,1,0.9600,0,1006
4002,664398,defensive,1,0.9600,0,1007
4003,664529,defensive,1,0.9600,0,1008
4004,664653,defensive,1,0.9600,0,1009
4005,664867,defensive,1,0.9600,0,1010
4006,665001,defensive,1,0.9600,0,1011
4007,665129,defensive,1,0.9600,0,1012
4008,665359,defensive,1,0.9600,0,1013
4009,665489,defensive,1,0.9600,0,1014
4010,665623,defensive,1,0.9600,0,1015
4011,665799,defensive,1,0.9600,0,1016
4012,665922,defensive,1,0.9600,0,1017
4013,666120,defensive,1,0.9600,0,1018
4014,666266,defensive,1,0.9600,0,1019
4015,666402,defensive,1,0.9600,0,1020
4016,666568,defensive,1,0.9600,0,1021
4017,666741,defensive,1,0.9600,0,1022
4018,666869,defensive,1,0.9600,0,1023
4019,667029,defensive,1,0.9600,0,1024
4020,667129,defensive,1,0.9600,0,1025
4021,667381,defensive,1,0.9600,0,1026
4022,667502,defensive,1,0.9600,0,1027
4023,667669,defensive,1,0.9600,0,1028
4024,667805,defensive,1,0.9600,0,1029
4025,668101,defensive,1,0.9600,0,1030
4026,668222,defensive,1,0.9600,0,1031
4027,668319,defensive,1,0.9700,0,1032
4028,668443,defensive,1,0.9700,0,1033
4029,668589,defensive,1,0.9700,0,1034
4030,668686,defensive,1,0.9700,0,1035
4031,668859,defensive,1,0.9700,0,1036
4032,668999,defensive,1,0.9700,0,1037
4033,669128,defensive,1,0.9700,0,1038
4034,669265,defensive,1,0.9700,0,1039
4035,669553,defensive,1,0.9700,0,1040
4036,669755,defensive,1,0.9700,0,1041
4037,669898,defensive,1,0.9700,0,1042
4038,670049,defensive,1,0.9700,0,1043
4039,670174,defensive,1,0.9700,0,1044
4040,670309,defensive,1,0.9700,0,1045
4041,670436,defensive,1,0.9700,0,1046
4042,670606,defensive,1,0.9700,0,1047
4043,670809,defensive,1,0.9700,0,1048
4044,670933,defensive,1,0.9700,0,1049
4045,671069,defensive,1,0.9700,0,1050
4046,671197,defensive,1,0.9700,0,1051
4047,671361,defensive,1,0.9700,0,1052
4048,671478,defensive,1,0.9700,0,1053
4049,671670,defensive,1,0.9800,0,1054
4050,671822,defensive,1,0.9800,0,1055
4051,671972,defensive,1,0.9800,0,1056
4052,672286,defensive,1,0.9800,0,1057
4053,672405,defensive,1,0.9800,0,1058
4054,672528,defensive,1,0.9800,0,1059
4055,672659,defensive,1,0.9900,0,1060
4056,672916,defensive,1,0.9900,0,1061
4057,673052,defensive,1,0.9900,0,1062
4058,673206,defensive,1,0.9900,0,1063
4059,673425,defensive,1,0.9900,0,1064
4060,673550,defensive,1,0.9900,0,1065
4061,673699,defensive,1,0.9900,0,1066
4062,673936,defensive,1,0.9900,0,1067
4063,674070,defensive,1,0.9900,0,1068
4064,674238,defensive,1,0.9900,0,1069
4065,674383,defensive,1,0.9900,0,1070
4066,674505,defensive,1,0.9900,0,1071
4067,674805,defensive,1,0.9900,0,1072
4068,674931,defensive,1,0.9900,0,1073
4069,675054,defensive,1,0.9900,0,1074
4070,675150,defensive,0,0.9800,0,1075
4071,675340,defensive,1,0.9800,0,1076
4072,675472,defensive,1,0.9800,0,1077
4073,675642,defensive,1,0.9800,0,1078
4074,675775,defensive,1,0.9800,0,1079
4075,675928,defensive,1,0.9800,0,1080
4076,676224,defensive,1,0.9800,0,1081
4077,676352,defensive,1,0.9800,0,1082
4078,676472,defensive,1,0.9800,0,1083
4079,676618,defensive,1,0.9800,0,1084
4080,676829,defensive,1,0.9800,0,1085
4081,676975,defensive,1,0.9800,0,1086
4082,677099,defensive,1,0.9800,0,1087
4083,677237,defensive,1,0.9800,0,1088
4084,677361,defensive,1,0.9800,0,1089
4085,677491,defensive,1,0.9800,0,1090
4086,677687,defensive,1,0.9800,0,1091
4087,677847,defensive,1,0.9800,0,1092
4088,677975,defensive,1,0.9800,0,1093
4089,678114,defensive,1,0.9800,0,1094
4090,678253,defensive,1,0.9800,0,1095
4091,678420,defensive,1,0.9800,0,1096
4092,678545,defensive,1,0.9800,0,1097
4093,678678,defensive,1,0.9800,0,1098
4094,678807,defensive,1,0.9800,0,1099
4095,679052,defensive,1,0.9800,0,1100
4096,679173,defensive,1,0.9800,0,1101
4097,679299,defensive,1,0.9800,0,1102
4098,679483,defensive,1,0.9900,0,1103
4099,679611,defensive,1,0.9900,0,1104
4100,679749,defensive,1,0.9900,0,1105
4101,679911,defensive,1,0.9900,0,1106
4102,680027,defensive,1,0.9900,0,1107
4103,680161,defensive,1,0.9900,0,1108
4104,680315,defensive,1,0.9900,0,1109
4105,680442,defensive,1,0.9900,0,1110
4106,680668,defensive,1,0.9900,0,1111
4107,680815,defensive,1,0.9900,0,1112
4108,680932,defensive,1,0.9900,0,1113
4109,681063,defensive,1,0.9900,0,1114
4110,681281,defensive,1,0.9900,0,1115
4111,681413,defensive,1,0.9900,0,1116
4112,681540,defensive,1,0.9900,0,1117
4113,681633,defensive,0,0.9800,0,1118
4114,681756,defensive,1,0.9800,0,1119
4115,681936,defensive,1,0.9800,0,1120
4116,682069,defensive,1,0.9800,0,1121
4117,682201,defensive,1,0.9800,0,1122
4118,682329,defensive,1,0.9800,0,1123
4119,682459,defensive,1,0.9800,0,1124
4120,682644,defensive,1,0.9800,0,1125
4121,682824,defensive,1,0.9800,0,1126
4122,682925,defensive,1,0.9800,0,1127
4123,683067,defensive,1,0.9800,0,1128
4124,683156,defensive,0,0.9700,0,1129
4125,683320,defensive,1,0.9700,0,1130
4126,683458,defensive,1,0.9700,0,1131
4127,683614,defensive,1,0.9700,0,1132
4128,683733,defensive,1,0.9700,0,1133
4129,683918,defensive,1,0.9700,0,1134
4130,684051,defensive,1,0.9700,0,1135
4131,684228,defensive,1,0.9700,0,1136
4132,684396,defensive,1,0.9700,0,1137
4133,684517,defensive,1,0.9700,0,1138
4134,684637,defensive,1,0.9700,0,1139
4135,684776,defensive,1,0.9700,0,1140
4136,684938,defensive,1,0.9700,0,1141
4137,685095,defensive,1,0.9700,0,1142
4138,685229,defensive,1,0.9700,0,1143
4139,685447,defensive,1,0.9700,0,1144
4140,685575,defensive,1,0.9700,0,1145
4141,685701,defensive,1,0.9700,0,1146
4142,685851,defensive,1,0.9700,0,1147
4143,685995,defensive,1,0.9700,0,1148
4144,686119,defensive,1,0.9700,0,1149
4145,686248,defensive,1,0.9700,0,1150
4146,686442,defensive,1,0.9700,0,1151
4147,686579,defensive,1,0.9700,0,1152
4148,686746,defensive,1,0.9700,0,1153
4149,686889,defensive,1,0.9700,0,1154
4150,687005,defensive,1,0.9700,0,1155
4151,687194,defensive,1,0.9700,0,1156
4152,687315,defensive,1,0.9700,0,1157
4153,687474,defensive,1,0.9700,0,1158
4154,687765,defensive,1,0.9700,0,1159
4155,687897,defensive,1,0.9700,0,1160
4156,688022,defensive,1,0.9700,0,1161
4157,688167,defensive,1,0.9700,0,1162
4158,688283,defensive,1,0.9700,0,1163
4159,688401,defensive,1,0.9700,0,1164
4160,688534,defensive,1,0.9700,0,1165
4161,688664,defensive,1,0.9700,0,1166
4162,688816,defensive,1,0.9700,0,1167
4163,688938,defensive,1,0.9700,0,1168
4164,689063,defensive,1,0.9700,0,1169
4165,689185,defensive,1,0.9700,0,1170
4166,689314,defensive,1,0.9700,0,1171
4167,689439,defensive,1,0.9700,0,1172
4168,689571,defensive,1,0.9700,0,1173
4169,689664,defensive,0,0.9600,0,1174
4170,689778,defensive,1,0.9700,0,1175
4171,689866,defensive,0,0.9600,0,1176
4172,690029,defensive,1,0.9600,0,1177
4173,690222,defensive,1,0.9600,0,1178
4174,690351,defensive,1,0.9600,0,1179
4175,690516,defensive,1,0.9600,0,1180
4176,690644,defensive,1,0.9600,0,1181
4177,690755,defensive,1,0.9600,0,1182
4178,690892,defensive,1,0.9600,0,1183
4179,691020,defensive,1,0.9600,0,1184
4180,691184,defensive,1,0.9600,0,1185
4181,691317,defensive,1,0.9600,0,1186
4182,691449,defensive,1,0.9600,0,1187
4183,691584,defensive,1,0.9600,0,1188
4184,691701,defensive,1,0.9600,0,1189
4185,691917,defensive,1,0.9600,0,1190
4186,692044,defensive,1,0.9600,0,1191
4187,692167,defensive,1,0.9600,0,1192
4188,692352,defensive,1,0.9600,0,1193
4189,692487,defensive,1,0.9600,0,1194
4190,692666,defensive,1,0.9600,0,1195
4191,692837,defensive,1,0.9600,0,1196
4192,692978,defensive,1,0.9600,0,1197
4193,693103,defensive,1,0.9600,0,1198
4194,693256,defensive,1,0.9600,0,1199
4195,693408,defensive,1,0.9600,0,1200
4196,693542,defensive,1,0.9600,0,1201
4197,693671,defensive,1,0.9600,0,1202
4198,693865,defensive,1,0.9600,0,1203
4199,694048,defensive,1,0.9600,0,1204
4200,694205,defensive,1,0.9600,0,1205
4201,694337,defensive,1,0.9600,0,1206
4202,694461,defensive,1,0.9600,0,1207
4203,694603,defensive,1,0.9600,0,1208
4204,694728,defensive,1,0.9600,0,1209
4205,694868,defensive,1,0.9600,0,1210
4206,695003,defensive,1,0.9600,0,1211
4207,695172,defensive,1,0.9600,0,1212
4208,695426,defensive,1,0.9600,0,1213
4209,695572,defensive,1,0.9600,0,1214
4210,695722,defensive,1,0.9600,0,1215
4211,695856,defensive,1,0.9600,0,1216
4212,695982,defensive,1,0.9600,0,1217
4213,696152,defensive,1,0.9700,0,1218
4214,696387,defensive,1,0.9700,0,1219
4215,696545,defensive,1,0.9700,0,1220
4216,696945,defensive,1,0.9700,0,1221
4217,697066,defensive,1,0.9700,0,1222
4218,697223,defensive,1,0.9700,0,1223
4219,697382,defensive,1,0.9700,0,1224
4220,697510,defensive,1,0.9700,0,1225
4221,697762,defensive,1,0.9700,0,1226
4222,697909,defensive,1,0.9700,0,1227
4223,698048,defensive,1,0.9700,0,1228
4224,698180,defensive,1,0.9800,0,1229
4225,698304,defensive,1,0.9800,0,1230
4226,698476,defensive,1,0.9800,0,1231
4227,698632,defensive,1,0.9800,0,1232
4228,698724,defensive,0,0.9700,0,1233
4229,698820,defensive,1,0.9700,0,1234
4230,698958,defensive,1,0.9700,0,1235
4231,699054,defensive,0,0.9600,0,1236
4232,699186,defensive,1,0.9600,0,1237
4233,699315,defensive,1,0.9600,0,1238
4234,699566,defensive,1,0.9600,0,1239
4235,699696,defensive,1,0.9600,0,1240
4236,699859,defensive,1,0.9600,0,1241
4237,700002,defensive,1,0.9600,0,1242
4238,700186,defensive,1,0.9600,0,1243
4239,700322,defensive,1,0.9600,0,1244
4240,700449,defensive,1,0.9600,0,1245
4241,700612,defensive,1,0.9600,0,1246
4242,700744,defensive,1,0.9600,0,1247
4243,701051,defensive,1,0.9600,0,1248
4244,701214,defensive,1,0.9600,0,1249
4245,701360,defensive,1,0.9600,0,1250
4246,701495,defensive,1,0.9600,0,1251
4247,701626,defensive,1,0.9600,0,1252
4248,701756,defensive,1,0.9600,0,1253
4249,701892,defensive,1,0.9600,0,1254
4250,702069,defensive,1,0.9600,0,1255
4251,702184,defensive,1,0.9600,0,1256
4252,702308,defensive,1,0.9600,0,1257
4253,702443,defensive,1,0.9600,0,1258
4254,702572,defensive,1,0.9600,0,1259
4255,702697,defensive,1,0.9600,0,1260
4256,702830,defensive,1,0.9600,0,1261
4257,702959,defensive,1,0.9600,0,1262
4258,703092,defensive,1,0.9600,0,1263
4259,703236,defensive,1,0.9600,0,1264
4260,703375,defensive,1,0.9600,0,1265
4261,703510,defensive,1,0.9600,0,1266
4262,703696,defensive,1,0.9600,0,1267
4263,703848,defensive,1,0.9600,0,1268
4264,703995,defensive,1,0.9600,0,1269
4265,704126,defensive,1,0.9600,0,1270
4266,704370,defensive,1,0.9600,0,1271
4267,704500,defensive,1,0.9600,0,1272
4268,704623,defensive,1,0.9600,0,1273
4269,704743,defensive,1,0.9700,0,1274
4270,704896,defensive,1,0.9700,0,1275
4271,705021,defensive,1,0.9800,0,1276
4272,705168,defensive,1,0.9800,0,1277
4273,705335,defensive,1,0.9800,0,1278
4274,705680,defensive,1,0.9800,0,1279
4275,705878,defensive,1,0.9800,0,1280
4276,706005,defensive,1,0.9800,0,1281
4277,706148,defensive,1,0.9800,0,1282
4278,706278,defensive,1,0.9800,0,1283
4279,706498,defensive,1,0.9800,0,1284
4280,706621,defensive,1,0.9800,0,1285
4281,706747,defensive,1,0.9800,0,1286
4282,706874,defensive,1,0.9800,0,1287
4283,707024,defensive,1,0.9800,0,1288
4284,707260,defensive,1,0.9800,0,1289
4285,707396,defensive,1,0.9800,0,1290
4286,707517,defensive,1,0.9800,0,1291
4287,707816,defensive,1,0.9800,0,1292
4288,708131,defensive,1,0.9800,0,1293
4289,708281,defensive,1,0.9800,0,1294
4290,708418,defensive,1,0.9800,0,1295
4291,708559,defensive,1,0.9800,0,1296
4292,708761,defensive,1,0.9800,0,1297
4293,708949,defensive,1,0.9800,0,1298
4294,709090,defensive,1,0.9800,0,1299
4295,709231,defensive,1,0.9800,0,1300
4296,709360,defensive,1,0.9800,0,1301
4297,709479,defensive,1,0.9800,0,1302
4298,709687,defensive,1,0.9800,0,1303
4299,709834,defensive,1,0.9800,0,1304
4300,710002,defensive,1,0.9800,0,1305
4301,710189,defensive,1,0.9800,0,1306
4302,710314,defensive,1,0.9800,0,1307
4303,710477,defensive,1,0.9800,0,1308
4304,710606,defensive,1,0.9800,0,1309
4305,710743,defensive,1,0.9800,0,1310
4306,710913,defensive,1,0.9800,0,1311
4307,711045,defensive,1,0.9800,0,1312
4308,711357,defensive,1,0.9800,0,1313
4309,711444,defensive,0,0.9700,0,1314
4310,711565,defensive,1,0.9700,0,1315
4311,711702,defensive,1,0.9700,0,1316
4312,711867,defensive,1,0.9700,0,1317
4313,712008,defensive,1,0.9700,0,1318
4314,712179,defensive,1,0.9700,0,1319
4315,712411,defensive,1,0.9700,0,1320
4316,712576,defensive,1,0.9700,0,1321
4317,712696,defensive,1,0.9700,0,1322
4318,712815,defensive,1,0.9700,0,1323
4319,712952,defensive,1,0.9700,0,1324
4320,713116,defensive,1,0.9700,0,1325
4321,713247,defensive,1,0.9700,0,1326
4322,713409,defensive,1,0.9700,0,1327
4323,713541,defensive,1,0.9700,0,1328
4324,713657,defensive,1,0.9700,0,1329
4325,713808,defensive,1,0.9700,0,1330
4326,713971,defensive,1,0.9700,0,1331
4327,714158,defensive,1,0.9700,0,1332
4328,714326,defensive,1,0.9800,0,1333
4329,714478,defensive,1,0.9800,0,1334
4330,714601,defensive,1,0.9800,0,1335
4331,714767,defensive,1,0.9900,0,1336
4332,714904,defensive,1,0.9900,0,1337
4333,715050,defensive,1,0.9900,0,1338
4334,715168,defensive,1,0.9900,0,1339
4335,715301,defensive,1,0.9900,0,1340
4336,715582,defensive,1,0.9900,0,1341
4337,715737,defensive,1,0.9900,0,1342
4338,715874,defensive,1,0.9900,0,1343
4339,716025,defensive,1,0.9900,0,1344
4340,716138,defensive,1,0.9900,0,1345
4341,716315,defensive,1,0.9900,0,1346
4342,716557,defensive,1,0.9900,0,1347
4343,716770,defensive,1,0.9900,0,1348
4344,716892,defensive,1,0.9900,0,1349
4345,717049,defensive,1,0.9900,0,1350
4346,717234,defensive,1,0.9900,0,1351
4347,717427,defensive,1,0.9900,0,1352
4348,717645,defensive,0,0.9800,0,1353
4349,717820,defensive,1,0.9800,0,1354
4350,717952,defensive,1,0.9800,0,1355
4351,718110,defensive,1,0.9800,0,1356
4352,718239,defensive,1,0.9800,0,1357
4353,718378,defensive,1,0.9800,0,1358
4354,718477,defensive,0,0.9700,0,1359
4355,718674,defensive,1,0.9700,0,1360
4356,718793,defensive,1,0.9700,0,1361
4357,719097,defensive,1,0.9700,0,1362
4358,719224,defensive,1,0.9700,0,1363
4359,719365,defensive,1,0.9700,0,1364
4360,719494,defensive,1,0.9700,0,1365
4361,719620,defensive,1,0.9700,0,1366
4362,719739,defensive,1,0.9700,0,1367
4363,719908,defensive,1,0.9700,0,1368
4364,720080,defensive,1,0.9700,0,1369
4365,720227,defensive,1,0.9700,0,1370
4366,720324,defensive,1,0.9700,0,1371
4367,720489,defensive,1,0.9700,0,1372
4368,720774,defensive,1,0.9700,0,1373
4369,720892,defensive,1,0.9700,0,1374
4370,721019,defensive,1,0.9700,0,1375
4371,721133,defensive,1,0.9700,0,1376
4372,721262,defensive,1,0.9700,0,1377
4373,721386,defensive,1,0.9700,0,1378
4374,721616,defensive,1,0.9700,0,1379
4375,721766,defensive,1,0.9700,0,1380
4376,721934,defensive,1,0.9700,0,1381
4377,722064,defensive,1,0.9700,0,1382
4378,722162,defensive,1,0.9700,0,1383
4379,722340,defensive,1,0.9700,0,1384
4380,722463,defensive,1,0.9700,0,1385
4381,722655,defensive,1,0.9700,0,1386
4382,722778,defensive,1,0.9700,0,1387
4383,722916,defensive,1,0.9700,0,1388
4384,723041,defensive,1,0.9700,0,1389
4385,723139,defensive,1,0.9700,0,1390
4386,723272,defensive,1,0.9700,0,1391
4387,723440,defensive,1,0.9700,0,1392
4388,723571,defensive,1,0.9700,0,1393
4389,723726,defensive,1,0.9700,0,1394
4390,723889,defensive,1,0.9700,0,1395
4391,724036,defensive,1,0.9700,0,1396
4392,724211,defensive,1,0.9700,0,1397
4393,724358,defensive,1,0.9700,0,1398
4394,724480,defensive,1,0.9700,0,1399
4395,724612,defensive,1,0.9700,0,1400
4396,724730,defensive,1,0.9700,0,1401
4397,724859,defensive,1,0.9700,0,1402
4398,724992,defensive,1,0.9700,0,1403
4399,725160,defensive,1,0.9700,0,1404
4400,725295,defensive,1,0.9700,0,1405
4401,725512,defensive,1,0.9700,0,1406
4402,725661,defensive,1,0.9700,0,1407
4403,725798,defensive,1,0.9700,0,1408
4404,725947,defensive,1,0.9700,0,1409
4405,726076,defensive,1,0.9700,0,1410
4406,726211,defensive,1,0.9700,0,1411
4407,726343,defensive,1,0.9700,0,1412
4408,726526,defensive,1,0.9700,0,1413
4409,726846,defensive,1,0.9800,0,1414
4410,727014,defensive,1,0.9800,0,1415
4411,727133,defensive,1,0.9800,0,1416
4412,727258,defensive,1,0.9800,0,1417
4413,727432,defensive,1,0.9800,0,1418
4414,727594,defensive,1,0.9800,0,1419
4415,727716,defensive,1,0.9800,0,1420
4416,727839,defensive,1,0.9800,0,1421
4417,727937,defensive,1,0.9800,0,1422
4418,728104,defensive,1,0.9800,0,1423
4419,728227,defensive,1,0.9800,0,1424
4420,728386,defensive,1,0.9800,0,1425
4421,728538,defensive,1,0.9800,0,1426
4422,728660,defensive,1,0.9800,0,1427
4423,728777,defensive,1,0.9800,0,1428
4424,728905,defensive,1,0.9800,0,1429
4425,729108,defensive,1,0.9800,0,1430
4426,729232,defensive,1,0.9800,0,1431
4427,729374,defensive,1,0.9800,0,1432
4428,729504,defensive,1,0.9800,0,1433
4429,729738,defensive,1,0.9800,0,1434
4430,729921,defensive,1,0.9800,0,1435
4431,730167,defensive,1,0.9800,0,1436
4432,730300,defensive,1,0.9800,0,1437
4433,730654,defensive,1,0.9800,0,1438
4434,730784,defensive,1,0.9800,0,1439
4435,730914,defensive,1,0.9800,0,1440
4436,731122,defensive,1,0.9800,0,1441
4437,731323,defensive,1,0.9800,0,1442
4438,731466,defensive,1,0.9800,0,1443
4439,731605,defensive,1,0.9800,0,1444
4440,731725,defensive,1,0.9800,0,1445
4441,731873,defensive,1,0.9800,0,1446
4442,732021,defensive,1,0.9800,0,1447
4443,732196,defensive,1,0.9800,0,1448
4444,732392,defensive,1,0.9800,0,1449
4445,732528,defensive,1,0.9800,0,1450
4446,732652,defensive,1,0.9800,0,1451
4447,732872,defensive,1,0.9800,0,1452
4448,733005,defensive,1,0.9900,0,1453
4449,733263,defensive,1,0.9900,0,1454
4450,733389,defensive,1,0.9900,0,1455
4451,733517,defensive,1,0.9900,0,1456
4452,733756,defensive,1,0.9900,0,1457
4453,733890,defensive,1,0.9900,0,1458
4454,733983,defensive,0,0.9900,0,1459
4455,734102,defensive,1,0.9900,0,1460
4456,734227,defensive,1,0.9900,0,1461
4457,734426,defensive,1,0.9900,0,1462
4458,734552,defensive,1,0.9900,0,1463
4459,734673,defensive,1,0.9900,0,1464
4460,734923,defensive,1,0.9900,0,1465
4461,735048,defensive,1,0.9900,0,1466
4462,735168,defensive,1,0.9900,0,1467
4463,735311,defensive,1,0.9900,0,1468
4464,735493,defensive,1,0.9900,0,1469
4465,735623,defensive,1,0.9900,0,1470
4466,735764,defensive,1,0.9900,0,1471
4467,735892,defensive,1,0.9900,0,1472
4468,736020,defensive,1,0.9900,0,1473
4469,736158,defensive,0,0.9800,0,1474
4470,736252,defensive,1,0.9800,0,1475
4471,736375,defensive,1,0.9800,0,1476
4472,736510,defensive,1,0.9800,0,1477
4473,736662,defensive,1,0.9800,0,1478
4474,736788,defensive,1,0.9800,0,1479
4475,736965,defensive,1,0.9800,0,1480
4476,737101,defensive,1,0.9800,0,1481
4477,737229,defensive,1,0.9800,0,1482
4478,737347,defensive,1,0.9800,0,1483
4479,737482,defensive,1,0.9800,0,1484
4480,737607,defensive,1,0.9800,0,1485
4481,737748,defensive,1,0.9800,0,1486
4482,738042,defensive,1,0.9800,0,1487
4483,738163,defensive,1,0.9800,0,1488
4484,738281,defensive,1,0.9800,0,1489
4485,738407,defensive,1,0.9800,0,1490
4486,738702,defensive,1,0.9800,0,1491
4487,738827,defensive,1,0.9800,0,1492
4488,738981,defensive,1,0.9800,0,1493
4489,739104,defensive,1,0.9800,0,1494
4490,739224,defensive,1,0.9800,0,1495
4491,739347,defensive,1,0.9800,0,1496
4492,739558,defensive,1,0.9800,0,1497
4493,739693,defensive,1,0.9800,0,1498
4494,739866,defensive,1,0.9800,0,1499
4495,740022,defensive,1,0.9800,0,1500
4496,740275,defensive,1,0.9800,0,1501
4497,740526,defensive,1,0.9800,0,1502
4498,740646,defensive,1,0.9800,0,1503
4499,740766,defensive,1,0.9800,0,1504
4500,740909,defensive,1,0.9800,0,1505
4501,741040,defensive,1,0.9800,0,1506
4502,741163,defensive,1,0.9800,0,1507
4503,741293,defensive,1,0.9800,0,1508
4504,741412,defensive,1,0.9800,0,1509
4505,741657,defensive,1,0.9800,0,1510
4506,741823,defensive,1,0.9800,0,1511
4507,741954,defensive,1,0.9800,0,1512
4508,742112,defensive,1,0.9800,0,1513
4509,742252,defensive,1,0.9800,0,1514
4510,742404,defensive,1,0.9800,0,1515
4511,742677,defensive,1,0.9800,0,1516
4512,742805,defensive,1,0.9800,0,1517
4513,742976,defensive,1,0.9800,0,1518
4514,743103,defensive,1,0.9800,0,1519
4515,743225,defensive,1,0.9800,0,1520
4516,743340,defensive,1,0.9800,0,1521
4517,743525,defensive,1,0.9800,0,1522
4518,743662,defensive,1,0.9800,0,1523
4519,743784,defensive,1,0.9800,0,1524
4520,743933,defensive,1,0.9800,0,1525
4521,744064,defensive,1,0.9800,0,1526
4522,744231,defensive,1,0.9800,0,1527
4523,744353,defensive,1,0.9800,0,1528
4524,744515,defensive,1,0.9800,0,1529
4525,744632,defensive,1,0.9800,0,1530
4526,744962,defensive,1,0.9800,0,1531
4527,745114,defensive,1,0.9800,0,1532
4528,745244,defensive,1,0.9800,0,1533
4529,745369,defensive,1,0.9800,0,1534
4530,745511,defensive,1,0.9800,0,1535
4531,745656,defensive,1,0.9800,0,1536
4532,745802,defensive,1,0.9800,0,1537
4533,746083,defensive,1,0.9800,0,1538
4534,746208,defensive,1,0.9800,0,1539
4535,746331,defensive,1,0.9800,0,1540
4536,746521,defensive,1,0.9800,0,1541
4537,746613,defensive,1,0.9800,0,1542
4538,746782,defensive,1,0.9800,0,1543
4539,746999,defensive,1,0.9800,0,1544
4540,747144,defensive,1,0.9800,0,1545
4541,747242,defensive,0,0.9700,0,1546
4542,747381,defensive,1,0.9700,0,1547
4543,747527,defensive,1,0.9700,0,1548
4544,747836,defensive,1,0.9700,0,1549
4545,747954,defensive,1,0.9700,0,1550
4546,748097,defensive,1,0.9700,0,1551
4547,748234,defensive,1,0.9700,0,1552
4548,748435,defensive,1,0.9700,0,1553
4549,748551,defensive,1,0.9700,0,1554
4550,748754,defensive,1,0.9700,0,1555
4551,748906,defensive,1,0.9700,0,1556
4552,749028,defensive,1,0.9700,0,1557
4553,749158,defensive,1,0.9700,0,1558
4554,749323,defensive,1,0.9800,0,1559
4555,749624,defensive,1,0.9800,0,1560
4556,749741,defensive,1,0.9800,0,1561
4557,749867,defensive,1,0.9800,0,1562
4558,749982,defensive,1,0.9800,0,1563
4559,750113,defensive,1,0.9800,0,1564
4560,750257,defensive,1,0.9800,0,1565
4561,750390,defensive,1,0.9800,0,1566
4562,750566,defensive,1,0.9800,0,1567
4563,750686,defensive,1,0.9800,0,1568
4564,750836,defensive,1,0.9800,0,1569
4565,750957,defensive,1,0.9800,0,1570
4566,751119,defensive,1,0.9800,0,1571
4567,751247,defensive,1,0.9800,0,1572
4568,751372,defensive,1,0.9800,0,1573
4569,751546,defensive,1,0.9900,0,1574
4570,751674,defensive,1,0.9900,0,1575
4571,751811,defensive,1,0.9900,0,1576
4572,751914,defensive,0,0.9800,0,1577
4573,752038,defensive,1,0.9800,0,1578
4574,752171,defensive,1,0.9800,0,1579
4575,752293,defensive,1,0.9800,0,1580
4576,752416,defensive,1,0.9800,0,1581
4577,752540,defensive,1,0.9800,0,1582
4578,752692,defensive,1,0.9800,0,1583
4579,752837,defensive,1,0.9800,0,1584
4580,752963,defensive,1,0.9800,0,1585
4581,753102,defensive,1,0.9800,0,1586
4582,753235,defensive,1,0.9800,0,1587
4583,753332,defensive,1,0.9800,0,1588
4584,753488,defensive,1,0.9800,0,1589
4585,753607,defensive,1,0.9800,0,1590
4586,753731,defensive,1,0.9800,0,1591
4587,753820,defensive,1,0.9800,0,1592
4588,753959,defensive,1,0.9800,0,1593
4589,754100,defensive,1,0.9800,0,1594
4590,754268,defensive,1,0.9800,0,1595
4591,754408,defensive,1,0.9800,0,1596
4592,754618,defensive,1,0.9800,0,1597
4593,754777,defensive,1,0.9800,0,1598
4594,755106,defensive,1,0.9800,0,1599
4595,755237,defensive,1,0.9800,0,1600
4596,755366,defensive,1,0.9800,0,1601
4597,755488,defensive,1,0.9800,0,1602
4598,755675,defensive,1,0.9800,0,1603
4599,755764,defensive,0,0.9700,0,1604
4600,755909,defensive,1,0.9700,0,1605
4601,756057,defensive,1,0.9700,0,1606
4602,756192,defensive,1,0.9700,0,1607
4603,756341,defensive,1,0.9700,0,1608
4604,756466,defensive,1,0.9700,0,1609
4605,756676,defensive,1,0.9700,0,1610
4606,756934,defensive,1,0.9700,0,1611
4607,757057,defensive,1,0.9700,0,1612
4608,757211,defensive,1,0.9700,0,1613
4609,757377,defensive,1,0.9700,0,1614
4610,757501,defensive,1,0.9700,0,1615
4611,757619,defensive,1,0.9700,0,1616
4612,757759,defensive,1,0.9700,0,1617
4613,757887,defensive,1,0.9700,0,1618
4614,758022,defensive,1,0.9700,0,1619
4615,758181,defensive,1,0.9700,0,1620
4616,758349,defensive,1,0.9700,0,1621
4617,758475,defensive,1,0.9700,0,1622
4618,758603,defensive,1,0.9700,0,1623
4619,758756,defensive,1,0.9700,0,1624
4620,758868,defensive,1,0.9700,0,1625
4621,759032,defensive,1,0.9700,0,1626
4622,759161,defensive,1,0.9700,0,1627
4623,759288,defensive,1,0.9700,0,1628
4624,759404,defensive,1,0.9700,0,1629
4625,759527,defensive,1,0.9700,0,1630
4626,759671,defensive,1,0.9700,0,1631
4627,759921,defensive,1,0.9700,0,1632
4628,760043,defensive,1,0.9700,0,1633
4629,760266,defensive,1,0.9700,0,1634
4630,760395,defensive,1,0.9700,0,1635
4631,760672,defensive,1,0.9700,0,1636
4632,760788,defensive,1,0.9700,0,1637
4633,760942,defensive,1,0.9700,0,1638
4634,761099,defensive,1,0.9700,0,1639
4635,761228,defensive,0,0.9600,0,1640
4636,761372,defensive,1,0.9600,0,1641
4637,761489,defensive,1,0.9600,0,1642
4638,761612,defensive,1,0.9600,0,1643
4639,761739,defensive,1,0.9600,0,1644
4640,761863,defensive,1,0.9600,0,1645
4641,761985,defensive,1,0.9700,0,1646
4642,762117,defensive,1,0.9700,0,1647
4643,762249,defensive,1,0.9700,0,1648
4644,762370,defensive,1,0.9700,0,1649
4645,762500,defensive,1,0.9700,0,1650
4646,762630,defensive,1,0.9700,0,1651
4647,762778,defensive,1,0.9700,0,1652
4648,762903,defensive,1,0.9700,0,1653
4649,763029,defensive,1,0.9700,0,1654
4650,763248,defensive,1,0.9700,0,1655
4651,763413,defensive,1,0.9700,0,1656
4652,763549,defensive,1,0.9700,0,1657
4653,763675,defensive,1,0.9700,0,1658
4654,763862,defensive,1,0.9700,0,1659
4655,763989,defensive,1,0.9700,0,1660
4656,764230,defensive,1,0.9700,0,1661
4657,764369,defensive,1,0.9700,0,1662
4658,764493,defensive,1,0.9700,0,1663
4659,765406,defensive,1,0.9700,0,1664
4660,765504,defensive,0,0.9600,0,1665
4661,765679,defensive,1,0.9600,0,1666
4662,765815,defensive,1,0.9600,0,1667
4663,765911,defensive,1,0.9600,0,1668
4664,766035,defensive,1,0.9600,0,1669
4665,766163,defensive,1,0.9600,0,1670
4666,766326,defensive,1,0.9600,0,1671
4667,766445,defensive,1,0.9600,0,1672
4668,766571,defensive,1,0.9600,0,1673
4669,766662,defensive,0,0.9500,0,1674
4670,766787,defensive,1,0.9500,0,1675
4671,766914,defensive,1,0.9500,0,1676
4672,767034,defensive,1,0.9600,0,1677
4673,767128,defensive,1,0.9600,0,1678
4674,767305,defensive,1,0.9600,0,1679
4675,767429,defensive,1,0.9600,0,1680
4676,767520,defensive,0,0.9500,0,1681
4677,767642,defensive,1,0.9500,0,1682
4678,767770,defensive,1,0.9500,0,1683
4679,767900,defensive,1,0.9500,0,1684
4680,768020,defensive,1,0.9500,0,1685
4681,768146,defensive,1,0.9500,0,1686
4682,768242,defensive,0,0.9400,0,1687
4683,768372,defensive,1,0.9400,0,1688
4684,768660,defensive,1,0.9400,0,1689
4685,768771,defensive,1,0.9400,0,1690
4686,768888,defensive,1,0.9400,0,1691
4687,769015,defensive,1,0.9400,0,1692
4688,769146,defensive,1,0.9400,0,1693
4689,769410,defensive,1,0.9400,0,1694
4690,769543,defensive,1,0.9400,0,1695
4691,769701,defensive,1,0.9400,0,1696
4692,769829,defensive,1,0.9400,0,1697
4693,769961,defensive,1,0.9400,0,1698
4694,770112,defensive,1,0.9400,0,1699
4695,770236,defensive,1,0.9400,0,1700
4696,770364,defensive,1,0.9400,0,1701
4697,770497,defensive,1,0.9400,0,1702
4698,770625,defensive,1,0.9400,0,1703
4699,770751,defensive,1,0.9500,0,1704
4700,770972,defensive,1,0.9500,0,1705
4701,771116,defensive,1,0.9500,0,1706
4702,771237,defensive,1,0.9500,0,1707
4703,771363,defensive,1,0.9500,0,1708
4704,771492,defensive,1,0.9500,0,1709
4705,771671,defensive,1,0.9500,0,1710
4706,771793,defensive,1,0.9500,0,1711
4707,771895,defensive,1,0.9500,0,1712
4708,772027,defensive,1,0.9500,0,1713
4709,772162,defensive,1,0.9500,0,1714
4710,772319,defensive,1,0.9500,0,1715
4711,772552,defensive,1,0.9500,0,1716
4712,772702,defensive,1,0.9500,0,1717
4713,772800,defensive,1,0.9500,0,1718
4714,772931,defensive,1,0.9500,0,1719
4715,773078,defensive,1,0.9500,0,1720
4716,773216,defensive,1,0.9500,0,1721
4717,773350,defensive,1,0.9500,0,1722
4718,773479,defensive,1,0.9500,0,1723
4719,773631,defensive,1,0.9500,0,1724
4720,773730,defensive,0,0.9400,0,1725
4721,773858,defensive,1,0.9400,0,1726
4722,774000,defensive,1,0.9400,0,1727
4723,774123,defensive,1,0.9400,0,1728
4724,774217,defensive,1,0.9400,0,1729
4725,774428,defensive,1,0.9400,0,1730
4726,774558,defensive,1,0.9400,0,1731
4727,774720,defensive,1,0.9400,0,1732
4728,774841,defensive,1,0.9400,0,1733
4729,774971,defensive,1,0.9400,0,1734
4730,775235,defensive,1,0.9400,0,1735
4731,775362,defensive,1,0.9400,0,1736
4732,775491,defensive,1,0.9400,0,1737
4733,775622,defensive,1,0.9400,0,1738
4734,775750,defensive,1,0.9400,0,1739
4735,775919,defensive,1,0.9500,0,1740
4736,776080,defensive,1,0.9500,0,1741
4737,776215,defensive,1,0.9500,0,1742
4738,776345,defensive,1,0.9500,0,1743
4739,776537,defensive,1,0.9500,0,1744
4740,776699,defensive,1,0.9500,0,1745
4741,776827,defensive,1,0.9500,0,1746
4742,776955,defensive,1,0.9500,0,1747
4743,777094,defensive,1,0.9500,0,1748
4744,777241,defensive,1,0.9500,0,1749
4745,777367,defensive,1,0.9500,0,1750
4746,777511,defensive,1,0.9500,0,1751
4747,777645,defensive,1,0.9500,0,1752
4748,777789,defensive,1,0.9500,0,1753
4749,777921,defensive,1,0.9500,0,1754
4750,778046,defensive,1,0.9500,0,1755
4751,778178,defensive,1,0.9500,0,1756
4752,778330,defensive,1,0.9500,0,1757
4753,778474,defensive,1,0.9500,0,1758
4754,778645,defensive,1,0.9500,0,1759
4755,778838,defensive,1,0.9500,0,1760
4756,779119,defensive,1,0.9500,0,1761
4757,779248,defensive,1,0.9500,0,1762
4758,779368,defensive,1,0.9500,0,1763
4759,779503,defensive,1,0.9500,0,1764
4760,779623,defensive,1,0.9600,0,1765
4761,779720,defensive,1,0.9600,0,1766
4762,779872,defensive,1,0.9600,0,1767
4763,779993,defensive,1,0.9600,0,1768
4764,780188,defensive,1,0.9600,0,1769
4765,780310,defensive,1,0.9600,0,1770
4766,780558,defensive,1,0.9600,0,1771
4767,780716,defensive,1,0.9600,0,1772
4768,780808,defensive,0,0.9500,0,1773
4769,780939,defensive,1,0.9600,0,1774
4770,781061,defensive,1,0.9600,0,1775
4771,781179,defensive,1,0.9600,0,1776
4772,781339,defensive,1,0.9600,0,1777
4773,781463,defensive,1,0.9600,0,1778
4774,781590,defensive,1,0.9600,0,1779
4775,781737,defensive,1,0.9600,0,1780
4776,781866,defensive,1,0.9700,0,1781
4777,782046,defensive,1,0.9700,0,1782
4778,782164,defensive,1,0.9700,0,1783
4779,782293,defensive,1,0.9700,0,1784
4780,782417,defensive,1,0.9700,0,1785
4781,782568,defensive,1,0.9700,0,1786
4782,782694,defensive,1,0.9800,0,1787
4783,782827,defensive,1,0.9800,0,1788
4784,782951,defensive,1,0.9800,0,1789
4785,783078,defensive,1,0.9800,0,1790
4786,783332,defensive,1,0.9800,0,1791
4787,783484,defensive,1,0.9800,0,1792
4788,783619,defensive,1,0.9800,0,1793
4789,783968,defensive,1,0.9800,0,1794
4790,784092,defensive,1,0.9800,0,1795
4791,784253,defensive,1,0.9800,0,1796
4792,784373,defensive,1,0.9800,0,1797
4793,784538,defensive,1,0.9800,0,1798
4794,784660,defensive,1,0.9800,0,1799
4795,784791,defensive,1,0.9800,0,1800
4796,784994,defensive,1,0.9800,0,1801
4797,785145,defensive,1,0.9800,0,1802
4798,785443,defensive,1,0.9800,0,1803
4799,785635,defensive,1,0.9800,0,1804
4800,785764,defensive,1,0.9800,0,1805
4801,785890,defensive,1,0.9800,0,1806
4802,786008,defensive,1,0.9800,0,1807
4803,786136,defensive,1,0.9800,0,1808
4804,786264,defensive,1,0.9800,0,1809
4805,786524,defensive,1,0.9800,0,1810
4806,786660,defensive,1,0.9800,0,1811
4807,786782,defensive,1,0.9800,0,1812
4808,786923,defensive,1,0.9800,0,1813
4809,787064,defensive,1,0.9800,0,1814
4810,787195,defensive,1,0.9800,0,1815
4811,787380,defensive,1,0.9800,0,1816
4812,787531,defensive,1,0.9800,0,1817
4813,787680,defensive,1,0.9800,0,1818
4814,787798,defensive,1,0.9800,0,1819
4815,787955,defensive,1,0.9800,0,1820
4816,788137,defensive,1,0.9800,0,1821
4817,788267,defensive,1,0.9800,0,1822
4818,788385,defensive,1,0.9800,0,1823
4819,788516,defensive,1,0.9800,0,1824
4820,788672,defensive,1,0.9900,0,1825
4821,788891,defensive,1,0.9900,0,1826
4822,789019,defensive,1,0.9900,0,1827
4823,789299,defensive,0,0.9800,0,1828
4824,789426,defensive,1,0.9800,0,1829
4825,789624,defensive,1,0.9800,0,1830
4826,789754,defensive,1,0.9800,0,1831
4827,789846,defensive,0,0.9700,0,1832
4828,790067,defensive,1,0.9700,0,1833
4829,790244,defensive,1,0.9700,0,1834
4830,790375,defensive,1,0.9700,0,1835
4831,790513,defensive,1,0.9700,0,1836
4832,790713,defensive,1,0.9700,0,1837
4833,790813,defensive,0,0.9600,0,1838
4834,790937,defensive,1,0.9600,0,1839
4835,791080,defensive,1,0.9600,0,1840
4836,791203,defensive,1,0.9600,0,1841
4837,791343,defensive,1,0.9600,0,1842
4838,791461,defensive,1,0.9600,0,1843
4839,791614,defensive,1,0.9600,0,1844
4840,791742,defensive,1,0.9600,0,1845
4841,791863,defensive,1,0.9600,0,1846
4842,792175,defensive,1,0.9600,0,1847
4843,792321,defensive,1,0.9600,0,1848
4844,792428,defensive,0,0.9500,0,1849
4845,792559,defensive,1,0.9500,0,1850
4846,792710,defensive,1,0.9500,0,1851
4847,792834,defensive,1,0.9500,0,1852
4848,792954,defensive,1,0.9500,0,1853
4849,793074,defensive,1,0.9500,0,1854
4850,793218,defensive,1,0.9500,0,1855
4851,793363,defensive,1,0.9500,0,1856
4852,793501,defensive,0,0.9400,0,1857
4853,793648,defensive,1,0.9400,0,1858
4854,793773,defensive,1,0.9400,0,1859
4855,793906,defensive,1,0.9400,0,1860
4856,794110,defensive,1,0.9400,0,1861
4857,794234,defensive,1,0.9400,0,1862
4858,794500,defensive,1,0.9400,0,1863
4859,794620,defensive,1,0.9400,0,1864
4860,794742,defensive,1,0.9400,0,1865
4861,794861,defensive,1,0.9400,0,1866
4862,794952,defensive,1,0.9400,0,1867
4863,795131,defensive,1,0.9400,0,1868
4864,795283,defensive,1,0.9400,0,1869
4865,795417,defensive,1,0.9400,0,1870
4866,795577,defensive,1,0.9400,0,1871
4867,795703,defensive,1,0.9400,0,1872
4868,795835,defensive,1,0.9500,0,1873
4869,795961,defensive,1,0.9500,0,1874
4870,796084,defensive,1,0.9500,0,1875
4871,796221,defensive,1,0.9500,0,1876
4872,796521,defensive,1,0.9500,0,1877
4873,796638,defensive,1,0.9500,0,1878
4874,796757,defensive,1,0.9500,0,1879
4875,796938,defensive,1,0.9500,0,1880
4876,797088,defensive,1,0.9500,0,1881
4877,797272,defensive,1,0.9500,0,1882
4878,797403,defensive,1,0.9500,0,1883
4879,797553,defensive,1,0.9500,0,1884
4880,797740,defensive,1,0.9500,0,1885
4881,798034,defensive,1,0.9500,0,1886
4882,798271,defensive,1,0.9500,0,1887
4883,798392,defensive,1,0.9500,0,1888
4884,798518,defensive,1,0.9500,0,1889
4885,798744,defensive,1,0.9500,0,1890
4886,798906,defensive,1,0.9500,0,1891
4887,799024,defensive,1,0.9500,0,1892
4888,799151,defensive,1,0.9500,0,1893
4889,799371,defensive,1,0.9500,0,1894
4890,799656,defensive,1,0.9500,0,1895
4891,799883,defensive,1,0.9500,0,1896
4892,800040,defensive,1,0.9500,0,1897
4893,800172,defensive,1,0.9500,0,1898
4894,800298,defensive,1,0.9500,0,1899
4895,800431,defensive,1,0.9500,0,1900
4896,800562,defensive,1,0.9500,0,1901
4897,800721,defensive,1,0.9500,0,1902
4898,800893,defensive,1,0.9500,0,1903
4899,801014,defensive,1,0.9500,0,1904
4900,801148,defensive,1,0.9500,0,1905
4901,801286,defensive,1,0.9500,0,1906
4902,801447,defensive,1,0.9500,0,1907
4903,801568,defensive,1,0.9500,0,1908
4904,801706,defensive,1,0.9500,0,1909
4905,801933,defensive,1,0.9500,0,1910
4906,802057,defensive,1,0.9500,0,1911
4907,802157,defensive,1,0.9500,0,1912
4908,802337,defensive,1,0.9500,0,1913
4909,802460,defensive,1,0.9500,0,1914
4910,802601,defensive,1,0.9500,0,1915
4911,802757,defensive,1,0.9500,0,1916
4912,802877,defensive,1,0.9500,0,1917
4913,803002,defensive,1,0.9500,0,1918
4914,803166,defensive,1,0.9500,0,1919
4915,803293,defensive,1,0.9500,0,1920
4916,803424,defensive,1,0.9500,0,1921
4917,803580,defensive,1,0.9500,0,1922
4918,803706,defensive,1,0.9500,0,1923
4919,803858,defensive,1,0.9500,0,1924
4920,803980,defensive,1,0.9500,0,1925
4921,804111,defensive,1,0.9500,0,1926
4922,804310,defensive,1,0.9500,0,1927
4923,804402,defensive,1,0.9600,0,1928
4924,804523,defensive,1,0.9600,0,1929
4925,804650,defensive,1,0.9600,0,1930
4926,804817,defensive,1,0.9600,0,1931
4927,804937,defensive,1,0.9700,0,1932
4928,805069,defensive,1,0.9700,0,1933
4929,805239,defensive,1,0.9700,0,1934
4930,805365,defensive,1,0.9700,0,1935
4931,805602,defensive,1,0.9700,0,1936
4932,805733,defensive,1,0.9700,0,1937
4933,805855,defensive,1,0.9800,0,1938
4934,805982,defensive,1,0.9800,0,1939
4935,806108,defensive,1,0.9800,0,1940
4936,806359,defensive,1,0.9800,0,1941
4937,806483,defensive,1,0.9800,0,1942
4938,806685,defensive,1,0.9800,0,1943
4939,806819,defensive,1,0.9800,0,1944
4940,806911,defensive,0,0.9700,0,1945
4941,807044,defensive,1,0.9700,0,1946
4942,807221,defensive,1,0.9700,0,1947
4943,807338,defensive,1,0.9700,0,1948
4944,807470,defensive,1,0.9800,0,1949
4945,807597,defensive,1,0.9800,0,1950
4946,807725,defensive,1,0.9800,0,1951
4947,807857,defensive,1,0.9800,0,1952
4948,807978,defensive,1,0.9800,0,1953
4949,808092,defensive,1,0.9800,0,1954
4950,808229,defensive,1,0.9800,0,1955
4951,808326,defensive,0,0.9700,0,1956
4952,808530,defensive,1,0.9800,0,1957
4953,808798,defensive,1,0.9800,0,1958
4954,809068,defensive,1,0.9800,0,1959
4955,809184,defensive,1,0.9800,0,1960
4956,809333,defensive,1,0.9800,0,1961
4957,809474,defensive,1,0.9800,0,1962
4958,809594,defensive,1,0.9800,0,1963
4959,809720,defensive,1,0.9800,0,1964
4960,809813,defensive,1,0.9800,0,1965
4961,809944,defensive,1,0.9800,0,1966
4962,810070,defensive,1,0.9800,0,1967
4963,810191,defensive,1,0.9800,0,1968
4964,810328,defensive,1,0.9800,0,1969
4965,810447,defensive,1,0.9800,0,1970
4966,810584,defensive,1,0.9800,0,1971
4967,810709,defensive,1,0.9800,0,1972
4968,810821,defensive,1,0.9800,0,1973
4969,811079,defensive,1,0.9800,0,1974
4970,811171,defensive,1,0.9800,0,1975
4971,811308,defensive,1,0.9800,0,1976
4972,811495,defensive,1,0.9800,0,1977
4973,811629,defensive,1,0.9800,0,1978
4974,811767,defensive,1,0.9800,0,1979
4975,812005,defensive,1,0.9800,0,1980
4976,812121,defensive,1,0.9800,0,1981
4977,812263,defensive,1,0.9800,0,1982
4978,812382,defensive,1,0.9800,0,1983
4979,812531,defensive,1,0.9800,0,1984
4980,812650,defensive,1,0.9800,0,1985
4981,812803,defensive,1,0.9800,0,1986
4982,812937,defensive,1,0.9800,0,1987
4983,813075,defensive,1,0.9800,0,1988
4984,813210,defensive,1,0.9800,0,1989
4985,813334,defensive,1,0.9800,0,1990
4986,813473,defensive,1,0.9800,0,1991
4987,813607,defensive,1,0.9800,0,1992
4988,813735,defensive,1,0.9800,0,1993
4989,813869,defensive,1,0.9800,0,1994
4990,814016,defensive,1,0.9800,0,1995
4991,814156,defensive,1,0.9800,0,1996
4992,814288,defensive,1,0.9800,0,1997
4993,814408,defensive,1,0.9800,0,1998
4994,814561,defensive,1,0.9800,0,1999
4995,814720,defensive,1,0.9800,0,2000
4996,814863,defensive,1,0.9800,0,2001
4997,815014,defensive,1,0.9800,0,2002
4998,815185,defensive,1,0.9800,0,2003
4999,815477,defensive,1,0.9800,0,2004
5000,815595,defensive,1,0.9800,0,2005
5001,815715,defensive,1,0.9800,0,2006
5002,815833,defensive,1,0.9800,0,2007
5003,815968,defensive,1,0.9800,0,2008
5004,816062,defensive,1,0.9800,0,2009
5005,816181,defensive,1,0.9800,0,2010
5006,816335,defensive,1,0.9800,0,2011
5007,816524,defensive,1,0.9800,0,2012
5008,816650,defensive,1,0.9800,0,2013
5009,816774,defensive,1,0.9800,0,2014
5010,816907,defensive,1,0.9800,0,2015
5011,817049,defensive,1,0.9800,0,2016
5012,817250,defensive,1,0.9800,0,2017
5013,817402,defensive,1,0.9800,0,2018
5014,817552,defensive,1,0.9800,0,2019
5015,817743,defensive,1,0.9800,0,2020
5016,817907,defensive,1,0.9800,0,2021
5017,818056,defensive,1,0.9800,0,2022
5018,818188,defensive,1,0.9800,0,2023
5019,818327,defensive,1,0.9800,0,2024
5020,818447,defensive,1,0.9800,0,2025
5021,818581,defensive,1,0.9800,0,2026
5022,818706,defensive,1,0.9800,0,2027
5023,818838,defensive,1,0.9800,0,2028
5024,818983,defensive,1,0.9800,0,2029
5025,819163,defensive,1,0.9800,0,2030
5026,819290,defensive,1,0.9800,0,2031
5027,819429,defensive,1,0.9800,0,2032
5028,819562,defensive,1,0.9800,0,2033
5029,820914,defensive,1,0.9800,0,2034
5030,821032,defensive,1,0.9800,0,2035
5031,821182,defensive,1,0.9800,0,2036
5032,821277,defensive,1,0.9800,0,2037
5033,821403,defensive,1,0.9800,0,2038
5034,821531,defensive,1,0.9800,0,2039
5035,821727,defensive,1,0.9800,0,2040
5036,821847,defensive,1,0.9800,0,2041
5037,821979,defensive,1,0.9800,0,2042
5038,822107,defensive,1,0.9800,0,2043
5039,822241,defensive,1,0.9800,0,2044
5040,822364,defensive,1,0.9900,0,2045
5041,822512,defensive,1,0.9900,0,2046
5042,822641,defensive,1,0.9900,0,2047
5043,822737,defensive,1,0.9900,0,2048
5044,822900,defensive,1,0.9900,0,2049
5045,823042,defensive,1,0.9900,0,2050
5046,823219,defensive,1,0.9900,0,2051
5047,823372,defensive,1,0.9900,0,2052
5048,823502,defensive,1,0.9900,0,2053
5049,823630,defensive,1,0.9900,0,2054
5050,823801,defensive,1,0.9900,0,2055
5051,823943,defensive,1,1.0000,0,2056
5052,824075,defensive,1,1.0000,0,2057
5053,824194,defensive,1,1.0000,0,2058
5054,824366,defensive,1,1.0000,0,2059
5055,824502,defensive,1,1.0000,0,2060
5056,824690,defensive,1,1.0000,0,2061
5057,824813,defensive,1,1.0000,0,2062
5058,824940,defensive,1,1.0000,0,2063
5059,825059,defensive,1,1.0000,0,2064
5060,825186,defensive,1,1.0000,0,2065
5061,825356,defensive,1,1.0000,0,2066
5062,825506,defensive,1,1.0000,0,2067
5063,825630,defensive,1,1.0000,0,2068
5064,825762,defensive,1,1.0000,0,2069
5065,825887,defensive,1,1.0000,0,2070
5066,826023,defensive,1,1.0000,0,2071
5067,826147,defensive,1,1.0000,0,2072
5068,826278,defensive,1,1.0000,0,2073
5069,826406,defensive,1,1.0000,0,2074
5070,826539,defensive,1,1.0000,0,2075
5071,826656,defensive,1,1.0000,0,2076
5072,826774,defensive,1,1.0000,0,2077
5073,826898,defensive,1,1.0000,0,2078
5074,827077,defensive,1,1.0000,0,2079
5075,827245,defensive,1,1.0000,0,2080
5076,827362,defensive,1,1.0000,0,2081
5077,827498,defensive,1,1.0000,0,2082
5078,827616,defensive,1,1.0000,0,2083
5079,827747,defensive,1,1.0000,0,2084
5080,827877,defensive,1,1.0000,0,2085
5081,828023,defensive,1,1.0000,0,2086
5082,828159,defensive,1,1.0000,0,2087
5083,828281,defensive,1,1.0000,0,2088
5084,828401,defensive,1,1.0000,0,2089
5085,828662,defensive,1,1.0000,0,2090
5086,828800,defensive,1,1.0000,0,2091
5087,828930,defensive,1,1.0000,0,2092
5088,829072,defensive,1,1.0000,0,2093
5089,829204,defensive,1,1.0000,0,2094
5090,829320,defensive,1,1.0000,0,2095
5091,829456,defensive,1,1.0000,0,2096
5092,829588,defensive,1,1.0000,0,2097
5093,829741,defensive,1,1.0000,0,2098
5094,829863,defensive,1,1.0000,0,2099
5095,829992,defensive,1,1.0000,0,2100
5096,830115,defensive,1,1.0000,0,2101
5097,830252,defensive,1,1.0000,0,2102
5098,830381,defensive,1,1.0000,0,2103
5099,830509,defensive,1,1.0000,0,2104
5100,830598,defensive,0,0.9900,0,2105
5101,830762,defensive,1,0.9900,0,2106
5102,830907,defensive,1,0.9900,0,2107
5103,831148,defensive,1,0.9900,0,2108
5104,831271,defensive,1,0.9900,0,2109
5105,831401,defensive,1,0.9900,0,2110
5106,831527,defensive,1,0.9900,0,2111
5107,831774,defensive,1,0.9900,0,2112
5108,831907,defensive,1,0.9900,0,2113
5109,832033,defensive,1,0.9900,0,2114
5110,832123,defensive,1,0.9900,0,2115
5111,832245,defensive,1,0.9900,0,2116
5112,832374,defensive,1,0.9900,0,2117
5113,832519,defensive,1,0.9900,0,2118
5114,832674,defensive,1,0.9900,0,2119
5115,832792,defensive,1,0.9900,0,2120
5116,833092,defensive,1,0.9900,0,2121
5117,833211,defensive,1,0.9900,0,2122
5118,833344,defensive,1,0.9900,0,2123
5119,833464,defensive,1,0.9900,0,2124
5120,833582,defensive,1,0.9900,0,2125
5121,833712,defensive,1,0.9900,0,2126
5122,833838,defensive,1,0.9900,0,2127
5123,833965,defensive,0,0.9800,0,2128
5124,834090,defensive,1,0.9800,0,2129
5125,834226,defensive,1,0.9800,0,2130
5126,834375,defensive,1,0.9800,0,2131
5127,834498,defensive,1,0.9800,0,2132
5128,834622,defensive,1,0.9800,0,2133
5129,834746,defensive,1,0.9800,0,2134
5130,834839,defensive,0,0.9700,0,2135
5131,834963,defensive,1,0.9700,0,2136
5132,835108,defensive,1,0.9700,0,2137
5133,835404,defensive,1,0.9700,0,2138
5134,835676,defensive,1,0.9700,0,2139
5135,835800,defensive,1,0.9700,0,2140
5136,835948,defensive,1,0.9700,0,2141
5137,836164,defensive,1,0.9700,0,2142
5138,836284,defensive,1,0.9700,0,2143
5139,836438,defensive,1,0.9700,0,2144
5140,836635,defensive,1,0.9700,0,2145
5141,836759,defensive,1,0.9700,0,2146
5142,836887,defensive,1,0.9700,0,2147
5143,837011,defensive,1,0.9700,0,2148
5144,837130,defensive,1,0.9700,0,2149
5145,837251,defensive,1,0.9700,0,2150
5146,837378,defensive,1,0.9700,0,2151
5147,837510,defensive,1,0.9700,0,2152
5148,837663,defensive,1,0.9700,0,2153
5149,837781,defensive,1,0.9700,0,2154
5150,837910,defensive,1,0.9700,0,2155
5151,838052,defensive,1,0.9700,0,2156
5152,838151,defensive,0,0.9600,0,2157
5153,838272,defensive,1,0.9600,0,2158
5154,838393,defensive,1,0.9600,0,2159
5155,838528,defensive,1,0.9600,0,2160
5156,838675,defensive,1,0.9600,0,2161
5157,838814,defensive,1,0.9600,0,2162
5158,838945,defensive,1,0.9600,0,2163
5159,839071,defensive,1,0.9600,0,2164
5160,839197,defensive,1,0.9600,0,2165
5161,839377,defensive,1,0.9600,0,2166
5162,839508,defensive,1,0.9600,0,2167
5163,839630,defensive,1,0.9600,0,2168
5164,839753,defensive,1,0.9600,0,2169
5165,839921,defensive,1,0.9600,0,2170
5166,840049,defensive,1,0.9600,0,2171
5167,840149,defensive,0,0.9500,0,2172
5168,840295,defensive,1,0.9500,0,2173
5169,840416,defensive,1,0.9500,0,2174
5170,840546,defensive,1,0.9500,0,2175
5171,840679,defensive,1,0.9500,0,2176
5172,840822,defensive,1,0.9500,0,2177
5173,841735,defensive,1,0.9500,0,2178
5174,841953,defensive,1,0.9500,0,2179
5175,842073,defensive,1,0.9500,0,2180
5176,842217,defensive,1,0.9500,0,2181
5177,842375,defensive,1,0.9500,0,2182
5178,842522,defensive,1,0.9500,0,2183
5179,842644,defensive,1,0.9500,0,2184
5180,842767,defensive,1,0.9500,0,2185
5181,842889,defensive,1,0.9500,0,2186
5182,843034,defensive,1,0.9500,0,2187
5183,843151,defensive,1,0.9500,0,2188
5184,843426,defensive,1,0.9500,0,2189
5185,843547,defensive,1,0.9500,0,2190
5186,843680,defensive,1,0.9500,0,2191
5187,843805,defensive,1,0.9500,0,2192
5188,843898,defensive,1,0.9500,0,2193
5189,844022,defensive,1,0.9500,0,2194
5190,844191,defensive,1,0.9500,0,2195
5191,844328,defensive,1,0.9500,0,2196
5192,844459,defensive,1,0.9500,0,2197
5193,844579,defensive,1,0.9500,0,2198
5194,844795,defensive,1,0.9500,0,2199
5195,844947,defensive,1,0.9500,0,2200
5196,845158,defensive,1,0.9500,0,2201
5197,845336,defensive,1,0.9500,0,2202
5198,845501,defensive,1,0.9500,0,2203
5199,845628,defensive,1,0.9500,0,2204
5200,845746,defensive,1,0.9600,0,2205
5201,845895,defensive,1,0.9600,0,2206
5202,846015,defensive,1,0.9600,0,2207
5203,846157,defensive,1,0.9600,0,2208
5204,846279,defensive,1,0.9600,0,2209
5205,846394,defensive,1,0.9600,0,2210
5206,846518,defensive,1,0.9600,0,2211
5207,846652,defensive,1,0.9600,0,2212
5208,846774,defensive,1,0.9600,0,2213
5209,846901,defensive,1,0.9600,0,2214
5210,847029,defensive,1,0.9600,0,2215
5211,847151,defensive,1,0.9600,0,2216
5212,847297,defensive,1,0.9600,0,2217
5213,847430,defensive,1,0.9600,0,2218
5214,847579,defensive,1,0.9600,0,2219
5215,847713,defensive,1,0.9600,0,2220
5216,847837,defensive,1,0.9600,0,2221
5217,847998,defensive,1,0.9600,0,2222
5218,848117,defensive,1,0.9600,0,2223
5219,848270,defensive,1,0.9600,0,2224
5220,848419,defensive,1,0.9600,0,2225
5221,848558,defensive,1,0.9600,0,2226
5222,848681,defensive,1,0.9600,0,2227
5223,848848,defensive,1,0.9700,0,2228
5224,849014,defensive,1,0.9700,0,2229
5225,849134,defensive,1,0.9700,0,2230
5226,849253,defensive,1,0.9700,0,2231
5227,849395,defensive,1,0.9700,0,2232
5228,849518,defensive,1,0.9700,0,2233
5229,849640,defensive,1,0.9700,0,2234
5230,849760,defensive,1,0.9800,0,2235
5231,849883,defensive,1,0.9800,0,2236
5232,850028,defensive,1,0.9800,0,2237
5233,850157,defensive,1,0.9800,0,2238
5234,850385,defensive,1,0.9800,0,2239
5235,850519,defensive,1,0.9800,0,2240
5236,850702,defensive,1,0.9800,0,2241
5237,850825,defensive,1,0.9800,0,2242
5238,850963,defensive,1,0.9800,0,2243
5239,851094,defensive,1,0.9800,0,2244
5240,851230,defensive,1,0.9800,0,2245
5241,851350,defensive,1,0.9800,0,2246
5242,851470,defensive,1,0.9800,0,2247
5243,851586,defensive,1,0.9800,0,2248
5244,851709,defensive,1,0.9800,0,2249
5245,852065,defensive,1,0.9800,0,2250
5246,852186,defensive,1,0.9800,0,2251
5247,852315,defensive,1,0.9800,0,2252
5248,852496,defensive,1,0.9800,0,2253
5249,852660,defensive,1,0.9800,0,2254
5250,852819,defensive,1,0.9800,0,2255
5251,852942,defensive,1,0.9800,0,2256
5252,853040,defensive,1,0.9900,0,2257
5253,853173,defensive,1,0.9900,0,2258
5254,853318,defensive,1,0.9900,0,2259
5255,853446,defensive,1,0.9900,0,2260
5256,853570,defensive,1,0.9900,0,2261
5257,853714,defensive,1,0.9900,0,2262
5258,853839,defensive,1,0.9900,0,2263
5259,853976,defensive,1,0.9900,0,2264
5260,854266,defensive,1,0.9900,0,2265
5261,854434,defensive,1,0.9900,0,2266
5262,854550,defensive,1,0.9900,0,2267
5263,854690,defensive,1,0.9900,0,2268
5264,854820,defensive,1,0.9900,0,2269
5265,855035,defensive,1,0.9900,0,2270
5266,855207,defensive,1,0.9900,0,2271
5267,855350,defensive,1,1.0000,0,2272
5268,855477,defensive,1,1.0000,0,2273
5269,855574,defensive,1,1.0000,0,2274
5270,855741,defensive,1,1.0000,0,2275
5271,855872,defensive,1,1.0000,0,2276
5272,855989,defensive,1,1.0000,0,2277
5273,856120,defensive,1,1.0000,0,2278
5274,856262,defensive,1,1.0000,0,2279
5275,856386,defensive,1,1.0000,0,2280
5276,856518,defensive,1,1.0000,0,2281
5277,856650,defensive,1,1.0000,0,2282
5278,856772,defensive,1,1.0000,0,2283
5279,856970,defensive,1,1.0000,0,2284
5280,857097,defensive,1,1.0000,0,2285
5281,857245,defensive,1,1.0000,0,2286
5282,857377,defensive,1,1.0000,0,2287
5283,857498,defensive,1,1.0000,0,2288
5284,857636,defensive,1,1.0000,0,2289
5285,857920,defensive,1,1.0000,0,2290
5286,858210,defensive,1,1.0000,0,2291
5287,858347,defensive,1,1.0000,0,2292
5288,858477,defensive,1,1.0000,0,2293
5289,858782,defensive,1,1.0000,0,2294
5290,858929,defensive,1,1.0000,0,2295
5291,859049,defensive,1,1.0000,0,2296
5292,859175,defensive,1,1.0000,0,2297
5293,859269,defensive,0,0.9900,0,2298
5294,859546,defensive,1,0.9900,0,2299
5295,859701,defensive,1,0.9900,0,2300
5296,859835,defensive,1,0.9900,0,2301
5297,859964,defensive,1,0.9900,0,2302
5298,860090,defensive,1,0.9900,0,2303
5299,860223,defensive,1,0.9900,0,2304
5300,860350,defensive,1,0.9900,0,2305
5301,860571,defensive,1,0.9900,0,2306
5302,860700,defensive,1,0.9900,0,2307
5303,860832,defensive,1,0.9900,0,2308
5304,861052,defensive,1,0.9900,0,2309
5305,861175,defensive,1,0.9900,0,2310
5306,861334,defensive,1,0.9900,0,2311
5307,861556,defensive,1,0.9900,0,2312
5308,861789,defensive,1,0.9900,0,2313
5309,861939,defensive,1,0.9900,0,2314
5310,862069,defensive,1,0.9900,0,2315
5311,862261,defensive,1,0.9900,0,2316
5312,862422,defensive,1,0.9900,0,2317
5313,862547,defensive,1,0.9900,0,2318
5314,862671,defensive,1,0.9900,0,2319
5315,862764,defensive,1,0.9900,0,2320
5316,862880,defensive,1,0.9900,0,2321
5317,863139,defensive,1,0.9900,0,2322
5318,863268,defensive,1,0.9900,0,2323
5319,863456,defensive,1,0.9900,0,2324
5320,863576,defensive,1,0.9900,0,2325
5321,863758,defensive,1,0.9900,0,2326
5322,863902,defensive,1,0.9900,0,2327
5323,864072,defensive,1,0.9900,0,2328
5324,864199,defensive,1,0.9900,0,2329
5325,864328,defensive,1,0.9900,0,2330
5326,864445,defensive,1,0.9900,0,2331
5327,864583,defensive,1,0.9900,0,2332
5328,864717,defensive,1,0.9900,0,2333
5329,864848,defensive,1,0.9900,0,2334
5330,864967,defensive,1,0.9900,0,2335
5331,865091,defensive,1,0.9900,0,2336
5332,865190,defensive,0,0.9800,0,2337
5333,865282,defensive,0,0.9700,0,2338
5334,865406,defensive,1,0.9700,0,2339
5335,865534,defensive,1,0.9700,0,2340
5336,865637,defensive,0,0.9600,0,2341
5337,865764,defensive,1,0.9600,0,2342
5338,865884,defensive,1,0.9600,0,2343
5339,866019,defensive,1,0.9600,0,2344
5340,866155,defensive,1,0.9600,0,2345
5341,866287,defensive,1,0.9600,0,2346
5342,866384,defensive,1,0.9600,0,2347
5343,866506,defensive,1,0.9600,0,2348
5344,866627,defensive,1,0.9600,0,2349
5345,866783,defensive,1,0.9600,0,2350
5346,866901,defensive,1,0.9600,0,2351
5347,867042,defensive,1,0.9600,0,2352
5348,867135,defensive,1,0.9600,0,2353
5349,867251,defensive,1,0.9600,0,2354
5350,867378,defensive,1,0.9600,0,2355
5351,867505,defensive,1,0.9600,0,2356
5352,867657,defensive,1,0.9600,0,2357
5353,867909,defensive,1,0.9600,0,2358
5354,868077,defensive,1,0.9600,0,2359
5355,868196,defensive,1,0.9600,0,2360
5356,868335,defensive,1,0.9600,0,2361
5357,868457,defensive,1,0.9600,0,2362
5358,868553,defensive,1,0.9600,0,2363
5359,868691,defensive,1,0.9600,0,2364
5360,868824,defensive,1,0.9600,0,2365
5361,869063,defensive,1,0.9600,0,2366
5362,869216,defensive,1,0.9600,0,2367
5363,869358,defensive,1,0.9600,0,2368
5364,869483,defensive,1,0.9600,0,2369
5365,869701,defensive,1,0.9600,0,2370
5366,869942,defensive,1,0.9600,0,2371
5367,870065,defensive,1,0.9600,0,2372
5368,870198,defensive,1,0.9600,0,2373
5369,870322,defensive,1,0.9600,0,2374
5370,870440,defensive,1,0.9600,0,2375
5371,870561,defensive,1,0.9600,0,2376
5372,870699,defensive,1,0.9600,0,2377
5373,870821,defensive,1,0.9600,0,2378
5374,871017,defensive,1,0.9600,0,2379
5375,871215,defensive,1,0.9600,0,2380
5376,871354,defensive,1,0.9600,0,2381
5377,871588,defensive,1,0.9600,0,2382
5378,871724,defensive,1,0.9600,0,2383
5379,871851,defensive,1,0.9600,0,2384
5380,872032,defensive,1,0.9600,0,2385
5381,872184,defensive,1,0.9600,0,2386
5382,872328,defensive,1,0.9600,0,2387
5383,872468,defensive,1,0.9600,0,2388
5384,872675,defensive,1,0.9600,0,2389
5385,872785,defensive,0,0.9500,0,2390
5386,872905,defensive,1,0.9500,0,2391
5387,873051,defensive,1,0.9500,0,2392
5388,873195,defensive,1,0.9500,0,2393
5389,873343,defensive,1,0.9500,0,2394
5390,873489,defensive,1,0.9500,0,2395
5391,873618,defensive,1,0.9500,0,2396
5392,873741,defensive,1,0.9500,0,2397
5393,873863,defensive,1,0.9600,0,2398
5394,874022,defensive,1,0.9600,0,2399
5395,874264,defensive,1,0.9600,0,2400
5396,874394,defensive,1,0.9600,0,2401
5397,874569,defensive,1,0.9600,0,2402
5398,874708,defensive,1,0.9600,0,2403
5399,874829,defensive,1,0.9600,0,2404
5400,874977,defensive,1,0.9600,0,2405
5401,875131,defensive,1,0.9600,0,2406
5402,875254,defensive,1,0.9600,0,2407
5403,875404,defensive,1,0.9600,0,2408
5404,875536,defensive,1,0.9600,0,2409
5405,875758,defensive,1,0.9600,0,2410
5406,875884,defensive,1,0.9600,0,2411
5407,876009,defensive,1,0.9600,0,2412
5408,876138,defensive,1,0.9600,0,2413
5409,876294,defensive,1,0.9600,0,2414
5410,876434,defensive,1,0.9600,0,2415
5411,876559,defensive,1,0.9600,0,2416
5412,876709,defensive,1,0.9600,0,2417
5413,876831,defensive,1,0.9600,0,2418
5414,876974,defensive,1,0.9600,0,2419
5415,877067,defensive,1,0.9600,0,2420
5416,877187,defensive,1,0.9600,0,2421
5417,877387,defensive,1,0.9600,0,2422
5418,877507,defensive,1,0.9600,0,2423
5419,877675,defensive,1,0.9600,0,2424
5420,877790,defensive,1,0.9600,0,2425
5421,878037,defensive,1,0.9600,0,2426
5422,878164,defensive,1,0.9600,0,2427
5423,878290,defensive,1,0.9600,0,2428
5424,878609,defensive,1,0.9600,0,2429
5425,878757,defensive,1,0.9600,0,2430
5426,878919,defensive,1,0.9600,0,2431
5427,879042,defensive,1,0.9600,0,2432
5428,879306,defensive,1,0.9600,0,2433
5429,879439,defensive,1,0.9600,0,2434
5430,879606,defensive,1,0.9600,0,2435
5431,879723,defensive,1,0.9600,0,2436
5432,879839,defensive,1,0.9700,0,2437
5433,880023,defensive,1,0.9800,0,2438
5434,880172,defensive,1,0.9800,0,2439
5435,880306,defensive,1,0.9800,0,2440
5436,880467,defensive,1,0.9900,0,2441
5437,880640,defensive,1,0.9900,0,2442
5438,880791,defensive,1,0.9900,0,2443
5439,880916,defensive,1,0.9900,0,2444
5440,881035,defensive,1,0.9900,0,2445
5441,881158,defensive,1,0.9900,0,2446
5442,881297,defensive,1,0.9900,0,2447
5443,881424,defensive,1,0.9900,0,2448
5444,881596,defensive,1,0.9900,0,2449
5445,881921,defensive,1,0.9900,0,2450
5446,882041,defensive,1,0.9900,0,2451
5447,882165,defensive,1,0.9900,0,2452
5448,882289,defensive,1,0.9900,0,2453
5449,882415,defensive,1,0.9900,0,2454
5450,882547,defensive,1,0.9900,0,2455
5451,882677,defensive,1,0.9900,0,2456
5452,882803,defensive,1,0.9900,0,2457
5453,882928,defensive,1,0.9900,0,2458
5454,883026,defensive,1,0.9900,0,2459
5455,883162,defensive,1,0.9900,0,2460
5456,883288,defensive,1,0.9900,0,2461
5457,883411,defensive,1,0.9900,0,2462
5458,883535,defensive,1,0.9900,0,2463
5459,883659,defensive,1,0.9900,0,2464
5460,883784,defensive,1,0.9900,0,2465
5461,883926,defensive,1,0.9900,0,2466
5462,885278,defensive,1,0.9900,0,2467
5463,885419,defensive,1,0.9900,0,2468
5464,885604,defensive,1,0.9900,0,2469
5465,885756,defensive,1,0.9900,0,2470
5466,885884,defensive,1,0.9900,0,2471
5467,886016,defensive,1,0.9900,0,2472
5468,886138,defensive,1,0.9900,0,2473
5469,886265,defensive,1,0.9900,0,2474
5470,886382,defensive,1,0.9900,0,2475
5471,886505,defensive,1,0.9900,0,2476
5472,886637,defensive,1,0.9900,0,2477
5473,886763,defensive,1,0.9900,0,2478
5474,886891,defensive,1,0.9900,0,2479
5475,887008,defensive,1,0.9900,0,2480
5476,887155,defensive,1,0.9900,0,2481
5477,887271,defensive,1,0.9900,0,2482
5478,887417,defensive,1,0.9900,0,2483
5479,887541,defensive,1,0.9900,0,2484
5480,887718,defensive,1,0.9900,0,2485
5481,887841,defensive,1,0.9900,0,2486
5482,887972,defensive,1,0.9900,0,2487
5483,888125,defensive,1,0.9900,0,2488
5484,888302,defensive,1,0.9900,0,2489
5485,888428,defensive,1,1.0000,0,2490
5486,888568,defensive,1,1.0000,0,2491
5487,888690,defensive,1,1.0000,0,2492
5488,888889,defensive,1,1.0000,0,2493
5489,888979,defensive,0,0.9900,0,2494
5490,889108,defensive,1,0.9900,0,2495
5491,889392,defensive,1,0.9900,0,2496
5492,889562,defensive,1,0.9900,0,2497
5493,889708,defensive,1,0.9900,0,2498
5494,889840,defensive,1,0.9900,0,2499
5495,889968,defensive,1,0.9900,0,2500
5496,890122,defensive,1,0.9900,0,2501
5497,890250,defensive,1,0.9900,0,2502
5498,890380,defensive,1,0.9900,0,2503
5499,890472,defensive,0,0.9800,0,2504
5500,890597,defensive,1,0.9800,0,2505
5501,890722,defensive,1,0.9800,0,2506
5502,890850,defensive,1,0.9800,0,2507
5503,890979,defensive,1,0.9800,0,2508
5504,891102,defensive,1,0.9800,0,2509
5505,891269,defensive,1,0.9800,0,2510
5506,891394,defensive,1,0.9800,0,2511
5507,891520,defensive,1,0.9800,0,2512
5508,891655,defensive,1,0.9800,0,2513
5509,891812,defensive,1,0.9800,0,2514
5510,891958,defensive,1,0.9800,0,2515
5511,892129,defensive,1,0.9800,0,2516
5512,892252,defensive,1,0.9800,0,2517
5513,892383,defensive,1,0.9800,0,2518
5514,892522,defensive,1,0.9800,0,2519
5515,892650,defensive,1,0.9800,0,2520
5516,892765,defensive,1,0.9800,0,2521
5517,892886,defensive,1,0.9800,0,2522
5518,893015,defensive,1,0.9800,0,2523
5519,893133,defensive,1,0.9800,0,2524
5520,893225,defensive,0,0.9700,0,2525
5521,893341,defensive,1,0.9700,0,2526
5522,893464,defensive,1,0.9700,0,2527
5523,893581,defensive,1,0.9700,0,2528
5524,893704,defensive,1,0.9700,0,2529
5525,893832,defensive,1,0.9700,0,2530
5526,893963,defensive,1,0.9700,0,2531
5527,894280,defensive,1,0.9700,0,2532
5528,894463,defensive,1,0.9700,0,2533
5529,894607,defensive,1,0.9700,0,2534
5530,894728,defensive,1,0.9700,0,2535
5531,894852,defensive,1,0.9700,0,2536
5532,894973,defensive,1,0.9700,0,2537
5533,895110,defensive,1,0.9700,0,2538
5534,895251,defensive,1,0.9700,0,2539
5535,895375,defensive,1,0.9700,0,2540
5536,895498,defensive,1,0.9700,0,2541
5537,895629,defensive,1,0.9700,0,2542
5538,895860,defensive,1,0.9700,0,2543
5539,896042,defensive,1,0.9700,0,2544
5540,896164,defensive,1,0.9700,0,2545
5541,896316,defensive,1,0.9700,0,2546
5542,896437,defensive,1,0.9700,0,2547
5543,896560,defensive,1,0.9700,0,2548
5544,896750,defensive,1,0.9700,0,2549
5545,896847,defensive,1,0.9700,0,2550
5546,896972,defensive,1,0.9700,0,2551
5547,897098,defensive,1,0.9700,0,2552
5548,897222,defensive,1,0.9700,0,2553
5549,897375,defensive,1,0.9700,0,2554
5550,897491,defensive,1,0.9700,0,2555
5551,897613,defensive,1,0.9700,0,2556
5552,897735,defensive,1,0.9700,0,2557
5553,897915,defensive,1,0.9700,0,2558
5554,898032,defensive,1,0.9700,0,2559
5555,898156,defensive,1,0.9700,0,2560
5556,898280,defensive,1,0.9700,0,2561
5557,898407,defensive,1,0.9700,0,2562
5558,898524,defensive,1,0.9700,0,2563
5559,898748,defensive,1,0.9700,0,2564
5560,898881,defensive,1,0.9700,0,2565
5561,899006,defensive,1,0.9700,0,2566
5562,899195,defensive,1,0.9700,0,2567
5563,899388,defensive,1,0.9700,0,2568
5564,899510,defensive,1,0.9700,0,2569
5565,899747,defensive,1,0.9700,0,2570
5566,899889,defensive,1,0.9700,0,2571
5567,900012,defensive,1,0.9700,0,2572
5568,900303,defensive,1,0.9700,0,2573
5569,900432,defensive,0,0.9600,0,2574
5570,900557,defensive,1,0.9600,0,2575
5571,900684,defensive,1,0.9600,0,2576
5572,900778,defensive,1,0.9600,0,2577
5573,900898,defensive,1,0.9600,0,2578
5574,901020,defensive,1,0.9600,0,2579
5575,901162,defensive,1,0.9600,0,2580
5576,901307,defensive,1,0.9600,0,2581
5577,901427,defensive,1,0.9600,0,2582
5578,901525,defensive,1,0.9600,0,2583
5579,901657,defensive,1,0.9600,0,2584
5580,901806,defensive,1,0.9600,0,2585
5581,901926,defensive,1,0.9600,0,2586
5582,902060,defensive,1,0.9600,0,2587
5583,902181,defensive,1,0.9600,0,2588
5584,902316,defensive,1,0.9600,0,2589
5585,902451,defensive,1,0.9600,0,2590
5586,902577,defensive,1,0.9600,0,2591
5587,902718,defensive,1,0.9600,0,2592
5588,902834,defensive,1,0.9600,0,2593
5589,902965,defensive,1,0.9700,0,2594
5590,903090,defensive,1,0.9700,0,2595
5591,903213,defensive,1,0.9700,0,2596
5592,903335,defensive,1,0.9700,0,2597
5593,903469,defensive,1,0.9700,0,2598
5594,903766,defensive,1,0.9700,0,2599
5595,903945,defensive,1,0.9700,0,2600
5596,904068,defensive,1,0.9700,0,2601
5597,904330,defensive,1,0.9700,0,2602
5598,904426,defensive,1,0.9700,0,2603
5599,904554,defensive,1,0.9800,0,2604
5600,904683,defensive,1,0.9800,0,2605
5601,904801,defensive,1,0.9800,0,2606
5602,904982,defensive,1,0.9800,0,2607
5603,905141,defensive,1,0.9800,0,2608
5604,905271,defensive,1,0.9800,0,2609
5605,905419,defensive,1,0.9800,0,2610
5606,905586,defensive,1,0.9800,0,2611
5607,905711,defensive,1,0.9800,0,2612
5608,905831,defensive,1,0.9800,0,2613
5609,906161,defensive,1,0.9800,0,2614
5610,906323,defensive,1,0.9800,0,2615
5611,906457,defensive,1,0.9800,0,2616
5612,906575,defensive,1,0.9800,0,2617
5613,906695,defensive,1,0.9800,0,2618
5614,906822,defensive,1,0.9800,0,2619
5615,906951,defensive,1,0.9800,0,2620
5616,907080,defensive,1,0.9800,0,2621
5617,907209,defensive,1,0.9800,0,2622
5618,907380,defensive,1,0.9800,0,2623
5619,907504,defensive,1,0.9800,0,2624
5620,907769,defensive,1,0.9900,0,2625
5621,907888,defensive,1,0.9900,0,2626
5622,907979,defensive,1,0.9900,0,2627
5623,908110,defensive,1,0.9900,0,2628
5624,908271,defensive,1,0.9900,0,2629
5625,908394,defensive,1,0.9900,0,2630
5626,908514,defensive,1,0.9900,0,2631
5627,908652,defensive,1,0.9900,0,2632
5628,908826,defensive,1,0.9900,0,2633
5629,908956,defensive,1,0.9900,0,2634
5630,909126,defensive,1,0.9900,0,2635
5631,909425,defensive,1,0.9900,0,2636
5632,909575,defensive,1,0.9900,0,2637
5633,909708,defensive,1,0.9900,0,2638
5634,909876,defensive,1,0.9900,0,2639
5635,910035,defensive,1,0.9900,0,2640
5636,910167,defensive,1,0.9900,0,2641
5637,910338,defensive,1,0.9900,0,2642
5638,910484,defensive,1,0.9900,0,2643
5639,910609,defensive,1,0.9900,0,2644
5640,910736,defensive,1,0.9900,0,2645
5641,910879,defensive,1,0.9900,0,2646
5642,911035,defensive,1,0.9900,0,2647
5643,911210,defensive,1,0.9900,0,2648
5644,911329,defensive,1,0.9900,0,2649
5645,911470,defensive,1,0.9900,0,2650
5646,911617,defensive,1,0.9900,0,2651
5647,911743,defensive,1,0.9900,0,2652
5648,911883,defensive,1,0.9900,0,2653
5649,912027,defensive,1,0.9900,0,2654
5650,912269,defensive,1,0.9900,0,2655
5651,912365,defensive,1,0.9900,0,2656
5652,912580,defensive,1,0.9900,0,2657
5653,912707,defensive,1,0.9900,0,2658
5654,912836,defensive,1,0.9900,0,2659
5655,912965,defensive,1,0.9900,0,2660
5656,913125,defensive,1,0.9900,0,2661
5657,913239,defensive,1,0.9900,0,2662
5658,913360,defensive,1,0.9900,0,2663
5659,913483,defensive,1,0.9900,0,2664
5660,913730,defensive,1,0.9900,0,2665
5661,913897,defensive,1,0.9900,0,2666
5662,914026,defensive,1,0.9900,0,2667
5663,914148,defensive,1,0.9900,0,2668
5664,914270,defensive,1,0.9900,0,2669
5665,914390,defensive,1,0.9900,0,2670
5666,914642,defensive,1,0.9900,0,2671
5667,914768,defensive,1,0.9900,0,2672
5668,914893,defensive,1,0.9900,0,2673
5669,915014,defensive,1,1.0000,0,2674
5670,915143,defensive,1,1.0000,0,2675
5671,915270,defensive,1,1.0000,0,2676
5672,915398,defensive,1,1.0000,0,2677
5673,915580,defensive,1,1.0000,0,2678
5674,915699,defensive,1,1.0000,0,2679
5675,915837,defensive,1,1.0000,0,2680
5676,915975,defensive,1,1.0000,0,2681
5677,916100,defensive,1,1.0000,0,2682
5678,916226,defensive,1,1.0000,0,2683
5679,916353,defensive,1,1.0000,0,2684
5680,916545,defensive,1,1.0000,0,2685
5681,916683,defensive,1,1.0000,0,2686
5682,916802,defensive,1,1.0000,0,2687
5683,916928,defensive,1,1.0000,0,2688
5684,917064,defensive,1,1.0000,0,2689
5685,917217,defensive,1,1.0000,0,2690
5686,917338,defensive,1,1.0000,0,2691
5687,917459,defensive,1,1.0000,0,2692
5688,917599,defensive,1,1.0000,0,2693
5689,917856,defensive,1,1.0000,0,2694
5690,917976,defensive,1,1.0000,0,2695
5691,918100,defensive,1,1.0000,0,2696
5692,918236,defensive,1,1.0000,0,2697
5693,918364,defensive,1,1.0000,0,2698
5694,918490,defensive,1,1.0000,0,2699
5695,918583,defensive,1,1.0000,0,2700
5696,918837,defensive,1,1.0000,0,2701
5697,918998,defensive,1,1.0000,0,2702
5698,919125,defensive,1,1.0000,0,2703
5699,919242,defensive,1,1.0000,0,2704
5700,919374,defensive,1,1.0000,0,2705
5701,919511,defensive,1,1.0000,0,2706
5702,919629,defensive,1,1.0000,0,2707
5703,919758,defensive,1,1.0000,0,2708
5704,919924,defensive,1,1.0000,0,2709
5705,920077,defensive,1,1.0000,0,2710
5706,920234,defensive,1,1.0000,0,2711
5707,920369,defensive,1,1.0000,0,2712
5708,920502,defensive,1,1.0000,0,2713
5709,920652,defensive,1,1.0000,0,2714
5710,920771,defensive,1,1.0000,0,2715
5711,920907,defensive,1,1.0000,0,2716
5712,921035,defensive,1,1.0000,0,2717
5713,921154,defensive,1,1.0000,0,2718
5714,921275,defensive,1,1.0000,0,2719
5715,921546,defensive,1,1.0000,0,2720
5716,921670,defensive,1,1.0000,0,2721
5717,921809,defensive,1,1.0000,0,2722
5718,922077,defensive,1,1.0000,0,2723
5719,922201,defensive,1,1.0000,0,2724
5720,922325,defensive,1,1.0000,0,2725
5721,922512,defensive,1,1.0000,0,2726
5722,922632,defensive,1,1.0000,0,2727
5723,922754,defensive,1,1.0000,0,2728
5724,922873,defensive,1,1.0000,0,2729
5725,922995,defensive,1,1.0000,0,2730
5726,923132,defensive,1,1.0000,0,2731
5727,923240,defensive,1,1.0000,0,2732
5728,923364,defensive,1,1.0000,0,2733
5729,923537,defensive,1,1.0000,0,2734
5730,923676,defensive,1,1.0000,0,2735
5731,923799,defensive,1,1.0000,0,2736
5732,923916,defensive,1,1.0000,0,2737
5733,924034,defensive,1,1.0000,0,2738
5734,924172,defensive,1,1.0000,0,2739
5735,924311,defensive,1,1.0000,0,2740
5736,924463,defensive,1,1.0000,0,2741
5737,924599,defensive,1,1.0000,0,2742
5738,924858,defensive,1,1.0000,0,2743
5739,924955,defensive,0,0.9900,0,2744
5740,925080,defensive,1,0.9900,0,2745
5741,925211,defensive,1,0.9900,0,2746
5742,925330,defensive,1,0.9900,0,2747
5743,925445,defensive,1,0.9900,0,2748
5744,925592,defensive,1,0.9900,0,2749
5745,925744,defensive,1,0.9900,0,2750
5746,925903,defensive,1,0.9900,0,2751
5747,926034,defensive,1,0.9900,0,2752
5748,926188,defensive,1,0.9900,0,2753
5749,926316,defensive,1,0.9900,0,2754
5750,926417,defensive,0,0.9800,0,2755
5751,926601,defensive,1,0.9800,0,2756
5752,926719,defensive,1,0.9800,0,2757
5753,926852,defensive,1,0.9800,0,2758
5754,926970,defensive,1,0.9800,0,2759
5755,927086,defensive,1,0.9800,0,2760
5756,927216,defensive,0,0.9700,0,2761
5757,927473,defensive,1,0.9700,0,2762
5758,927589,defensive,1,0.9700,0,2763
5759,927748,defensive,1,0.9700,0,2764
5760,927866,defensive,1,0.9700,0,2765
5761,928113,defensive,1,0.9700,0,2766
5762,928244,defensive,1,0.9700,0,2767
5763,928380,defensive,1,0.9700,0,2768
5764,928502,defensive,1,0.9700,0,2769
5765,928629,defensive,1,0.9700,0,2770
5766,928768,defensive,1,0.9700,0,2771
5767,928903,defensive,1,0.9700,0,2772
5768,929032,defensive,1,0.9700,0,2773
5769,929306,defensive,1,0.9700,0,2774
5770,929427,defensive,1,0.9700,0,2775
5771,929561,defensive,1,0.9700,0,2776
5772,929686,defensive,1,0.9700,0,2777
5773,929827,defensive,1,0.9700,0,2778
5774,929989,defensive,1,0.9700,0,2779
5775,930246,defensive,1,0.9700,0,2780
5776,930343,defensive,1,0.9700,0,2781
5777,930521,defensive,1,0.9700,0,2782
5778,930640,defensive,1,0.9700,0,2783
5779,930764,defensive,1,0.9700,0,2784
5780,930893,defensive,1,0.9700,0,2785
5781,931060,defensive,1,0.9700,0,2786
5782,931179,defensive,1,0.9700,0,2787
5783,931354,defensive,1,0.9700,0,2788
5784,931487,defensive,1,0.9700,0,2789
5785,931611,defensive,1,0.9700,0,2790
5786,931758,defensive,1,0.9700,0,2791
5787,931942,defensive,1,0.9700,0,2792
5788,932083,defensive,1,0.9700,0,2793
5789,932202,defensive,1,0.9700,0,2794
5790,932325,defensive,1,0.9700,0,2795
5791,932457,defensive,1,0.9700,0,2796
5792,932586,defensive,1,0.9700,0,2797
5793,932737,defensive,1,0.9700,0,2798
5794,932873,defensive,1,0.9700,0,2799
5795,932990,defensive,1,0.9700,0,2800
5796,933117,defensive,1,0.9700,0,2801
5797,933359,defensive,1,0.9700,0,2802
5798,933471,defensive,1,0.9700,0,2803
5799,933611,defensive,1,0.9700,0,2804
5800,933741,defensive,1,0.9700,0,2805
5801,933872,defensive,1,0.9700,0,2806
5802,934016,defensive,1,0.9700,0,2807
5803,934138,defensive,1,0.9700,0,2808
5804,934318,defensive,1,0.9700,0,2809
5805,934440,defensive,1,0.9700,0,2810
5806,934560,defensive,1,0.9700,0,2811
5807,934692,defensive,1,0.9700,0,2812
5808,934836,defensive,1,0.9700,0,2813
5809,934986,defensive,1,0.9700,0,2814
5810,935128,defensive,1,0.9700,0,2815
5811,935248,defensive,1,0.9700,0,2816
5812,935384,defensive,1,0.9700,0,2817
5813,935533,defensive,1,0.9700,0,2818
5814,935677,defensive,1,0.9700,0,2819
5815,935795,defensive,1,0.9700,0,2820
5816,935933,defensive,1,0.9700,0,2821
5817,936051,defensive,1,0.9700,0,2822
5818,936204,defensive,1,0.9700,0,2823
5819,936453,defensive,1,0.9700,0,2824
5820,936569,defensive,1,0.9700,0,2825
5821,936740,defensive,1,0.9700,0,2826
5822,936853,defensive,1,0.9700,0,2827
5823,936979,defensive,1,0.9700,0,2828
5824,937100,defensive,1,0.9700,0,2829
5825,937220,defensive,1,0.9700,0,2830
5826,937363,defensive,1,0.9700,0,2831
5827,937457,defensive,1,0.9700,0,2832
5828,937581,defensive,1,0.9700,0,2833
5829,937709,defensive,1,0.9700,0,2834
5830,937943,defensive,1,0.9700,0,2835
5831,938066,defensive,1,0.9700,0,2836
5832,938199,defensive,1,0.9700,0,2837
5833,938366,defensive,1,0.9700,0,2838
5834,938497,defensive,1,0.9700,0,2839
5835,938629,defensive,1,0.9700,0,2840
5836,938760,defensive,1,0.9700,0,2841
5837,938888,defensive,1,0.9700,0,2842
5838,939099,defensive,1,0.9700,0,2843
5839,939226,defensive,1,0.9800,0,2844
5840,939356,defensive,1,0.9800,0,2845
5841,939498,defensive,1,0.9800,0,2846
5842,939667,defensive,1,0.9800,0,2847
5843,939762,defensive,1,0.9800,0,2848
5844,939891,defensive,1,0.9800,0,2849
5845,940045,defensive,1,0.9800,0,2850
5846,940175,defensive,1,0.9800,0,2851
5847,940362,defensive,1,0.9800,0,2852
5848,940492,defensive,1,0.9800,0,2853
5849,940618,defensive,1,0.9800,0,2854
5850,940746,defensive,1,0.9900,0,2855
5851,940864,defensive,1,0.9900,0,2856
5852,941018,defensive,1,0.9900,0,2857
5853,941146,defensive,1,0.9900,0,2858
5854,941269,defensive,1,0.9900,0,2859
5855,941386,defensive,1,0.9900,0,2860
5856,941521,defensive,1,1.0000,0,2861
5857,941638,defensive,1,1.0000,0,2862
5858,941768,defensive,1,1.0000,0,2863
5859,941945,defensive,1,1.0000,0,2864
5860,942130,defensive,1,1.0000,0,2865
5861,942286,defensive,1,1.0000,0,2866
5862,942415,defensive,1,1.0000,0,2867
5863,942548,defensive,1,1.0000,0,2868
5864,942672,defensive,1,1.0000,0,2869
5865,942790,defensive,1,1.0000,0,2870
5866,943008,defensive,1,1.0000,0,2871
5867,943138,defensive,1,1.0000,0,2872
5868,943276,defensive,1,1.0000,0,2873
5869,943371,defensive,1,1.0000,0,2874
5870,943507,defensive,1,1.0000,0,2875
5871,943672,defensive,1,1.0000,0,2876
5872,943791,defensive,1,1.0000,0,2877
5873,943912,defensive,1,1.0000,0,2878
5874,944005,defensive,1,1.0000,0,2879
5875,944136,defensive,1,1.0000,0,2880
5876,944283,defensive,1,1.0000,0,2881
5877,944450,defensive,1,1.0000,0,2882
5878,944590,defensive,1,1.0000,0,2883
5879,944718,defensive,1,1.0000,0,2884
5880,944956,defensive,1,1.0000,0,2885
5881,945079,defensive,1,1.0000,0,2886
5882,945203,defensive,1,1.0000,0,2887
5883,945354,defensive,1,1.0000,0,2888
5884,945476,defensive,1,1.0000,0,2889
5885,945771,defensive,1,1.0000,0,2890
5886,945911,defensive,1,1.0000,0,2891
5887,946057,defensive,1,1.0000,0,2892
5888,946183,defensive,1,1.0000,0,2893
5889,946306,defensive,1,1.0000,0,2894
5890,946473,defensive,1,1.0000,0,2895
5891,946604,defensive,1,1.0000,0,2896
5892,946695,defensive,1,1.0000,0,2897
5893,946816,defensive,1,1.0000,0,2898
5894,946938,defensive,1,1.0000,0,2899
5895,947059,defensive,1,1.0000,0,2900
5896,947181,defensive,1,1.0000,0,2901
5897,947305,defensive,1,1.0000,0,2902
5898,947437,defensive,1,1.0000,0,2903
5899,947563,defensive,1,1.0000,0,2904
5900,947751,defensive,1,1.0000,0,2905
5901,947869,defensive,1,1.0000,0,2906
5902,947958,defensive,0,0.9900,0,2907
5903,948176,defensive,1,0.9900,0,2908
5904,948268,defensive,1,0.9900,0,2909
5905,948400,defensive,1,0.9900,0,2910
5906,948553,defensive,1,0.9900,0,2911
5907,948668,defensive,1,0.9900,0,2912
5908,948831,defensive,1,0.9900,0,2913
5909,948959,defensive,1,0.9900,0,2914
5910,949094,defensive,1,0.9900,0,2915
5911,949221,defensive,1,0.9900,0,2916
5912,949313,defensive,1,0.9900,0,2917
5913,949449,defensive,1,0.9900,0,2918
5914,949583,defensive,1,0.9900,0,2919
5915,949708,defensive,1,0.9900,0,2920
5916,949987,defensive,1,0.9900,0,2921
5917,950113,defensive,1,0.9900,0,2922
5918,950242,defensive,1,0.9900,0,2923
5919,950372,defensive,1,0.9900,0,2924
5920,950592,defensive,1,0.9900,0,2925
5921,950713,defensive,1,0.9900,0,2926
5922,950835,defensive,1,0.9900,0,2927
5923,950968,defensive,1,0.9900,0,2928
5924,951151,defensive,1,0.9900,0,2929
5925,951285,defensive,1,0.9900,0,2930
5926,951403,defensive,1,0.9900,0,2931
5927,951527,defensive,1,0.9900,0,2932
5928,951657,defensive,1,0.9900,0,2933
5929,951827,defensive,1,0.9900,0,2934
5930,951961,defensive,1,0.9900,0,2935
5931,952124,defensive,1,0.9900,0,2936
5932,952243,defensive,1,0.9900,0,2937
5933,952363,defensive,1,0.9900,0,2938
5934,952484,defensive,1,0.9900,0,2939
5935,952622,defensive,1,0.9900,0,2940
5936,952804,defensive,1,0.9900,0,2941
5937,952897,defensive,1,0.9900,0,2942
5938,953034,defensive,1,0.9900,0,2943
5939,953172,defensive,1,0.9900,0,2944
5940,953298,defensive,1,0.9900,0,2945
5941,953415,defensive,1,0.9900,0,2946
5942,953510,defensive,1,0.9900,0,2947
5943,953634,defensive,1,0.9900,0,2948
5944,953775,defensive,1,0.9900,0,2949
5945,953902,defensive,1,0.9900,0,2950
5946,954025,defensive,1,0.9900,0,2951
5947,954448,defensive,1,0.9900,0,2952
5948,954598,defensive,1,0.9900,0,2953
5949,954730,defensive,1,0.9900,0,2954
5950,954854,defensive,1,0.9900,0,2955
5951,954991,defensive,1,0.9900,0,2956
5952,955157,defensive,1,0.9900,0,2957
5953,955280,defensive,1,0.9900,0,2958
5954,955421,defensive,1,0.9900,0,2959
5955,955547,defensive,1,0.9900,0,2960
5956,955696,defensive,1,0.9900,0,2961
5957,955792,defensive,1,0.9900,0,2962
5958,955955,defensive,1,0.9900,0,2963
5959,956087,defensive,1,0.9900,0,2964
5960,956206,defensive,1,0.9900,0,2965
5961,956299,defensive,0,0.9800,0,2966
5962,956533,defensive,1,0.9800,0,2967
5963,956664,defensive,1,0.9800,0,2968
5964,956786,defensive,1,0.9800,0,2969
5965,956907,defensive,1,0.9800,0,2970
5966,957046,defensive,1,0.9800,0,2971
5967,957330,defensive,1,0.9800,0,2972
5968,957453,defensive,1,0.9800,0,2973
5969,957579,defensive,1,0.9800,0,2974
5970,957725,defensive,1,0.9800,0,2975
5971,957859,defensive,1,0.9800,0,2976
5972,957983,defensive,1,0.9800,0,2977
5973,958111,defensive,1,0.9800,0,2978
5974,958229,defensive,1,0.9800,0,2979
5975,958392,defensive,1,0.9800,0,2980
5976,958515,defensive,1,0.9800,0,2981
5977,958632,defensive,1,0.9800,0,2982
5978,958948,defensive,1,0.9800,0,2983
5979,959074,defensive,1,0.9800,0,2984
5980,959228,defensive,1,0.9800,0,2985
5981,959352,defensive,1,0.9800,0,2986
5982,959484,defensive,1,0.9800,0,2987
5983,959609,defensive,1,0.9800,0,2988
5984,959733,defensive,1,0.9800,0,2989
5985,959860,defensive,1,0.9800,0,2990
5986,960021,defensive,1,0.9800,0,2991
5987,960141,defensive,1,0.9800,0,2992
5988,960262,defensive,1,0.9800,0,2993
5989,960412,defensive,1,0.9800,0,2994
5990,960535,defensive,1,0.9800,0,2995
5991,960689,defensive,1,0.9800,0,2996
5992,960807,defensive,1,0.9800,0,2997
5993,960931,defensive,1,0.9800,0,2998
5994,961029,defensive,0,0.9700,0,2999
5995,961147,defensive,1,0.9700,0,3000
5996,961269,defensive,1,0.9700,0,3001
5997,961388,defensive,1,0.9700,0,3002
5998,961513,defensive,1,0.9700,0,3003
5999,961652,defensive,1,0.9700,0,3004
6000,961778,defensive,1,0.9700,0,3005
6001,961895,defensive,1,0.9700,0,3006
6002,961986,defensive,1,0.9800,0,3007
6003,962112,defensive,1,0.9800,0,3008
6004,962369,defensive,1,0.9800,0,3009
6005,962558,defensive,1,0.9800,0,3010
6006,962677,defensive,1,0.9800,0,3011
6007,962813,defensive,1,0.9800,0,3012
6008,962934,defensive,1,0.9800,0,3013
6009,963078,defensive,1,0.9800,0,3014
6010,963203,defensive,1,0.9800,0,3015
6011,963323,defensive,1,0.9800,0,3016
6012,963452,defensive,1,0.9800,0,3017
6013,963605,defensive,1,0.9800,0,3018
6014,963753,defensive,1,0.9800,0,3019
6015,963899,defensive,1,0.9800,0,3020
6016,964054,defensive,1,0.9800,0,3021
6017,964172,defensive,1,0.9800,0,3022
6018,964310,defensive,1,0.9800,0,3023
6019,964436,defensive,1,0.9800,0,3024
6020,964680,defensive,1,0.9800,0,3025
6021,964819,defensive,1,0.9800,0,3026
6022,964944,defensive,1,0.9800,0,3027
6023,965074,defensive,1,0.9800,0,3028
6024,965194,defensive,1,0.9800,0,3029
6025,965323,defensive,1,0.9800,0,3030
6026,965597,defensive,1,0.9800,0,3031
6027,965725,defensive,1,0.9800,0,3032
6028,965851,defensive,1,0.9800,0,3033
6029,965970,defensive,1,0.9800,0,3034
6030,966183,defensive,1,0.9800,0,3035
6031,966317,defensive,1,0.9800,0,3036
6032,966437,defensive,1,0.9800,0,3037
6033,966561,defensive,1,0.9800,0,3038
6034,966683,defensive,1,0.9800,0,3039
6035,966816,defensive,1,0.9800,0,3040
6036,966942,defensive,1,0.9800,0,3041
6037,967074,defensive,1,0.9800,0,3042
6038,967203,defensive,1,0.9800,0,3043
6039,967330,defensive,1,0.9800,0,3044
6040,967446,defensive,1,0.9800,0,3045
6041,967607,defensive,1,0.9800,0,3046
6042,967770,defensive,1,0.9800,0,3047
6043,967912,defensive,1,0.9800,0,3048
6044,968028,defensive,1,0.9800,0,3049
6045,968202,defensive,1,0.9800,0,3050
6046,968411,defensive,1,0.9800,0,3051
6047,968553,defensive,1,0.9800,0,3052
6048,968693,defensive,1,0.9800,0,3053
6049,968832,defensive,1,0.9800,0,3054
6050,968981,defensive,1,0.9800,0,3055
6051,969125,defensive,1,0.9800,0,3056
6052,969243,defensive,1,0.9800,0,3057
6053,969373,defensive,1,0.9800,0,3058
6054,969502,defensive,1,0.9800,0,3059
6055,969674,defensive,1,0.9800,0,3060
6056,969792,defensive,1,0.9800,0,3061
6057,969940,defensive,1,0.9800,0,3062
6058,970068,defensive,1,0.9800,0,3063
6059,970194,defensive,1,0.9800,0,3064
6060,970325,defensive,1,0.9800,0,3065
6061,970585,defensive,1,0.9900,0,3066
6062,970709,defensive,1,0.9900,0,3067
6063,970823,defensive,1,0.9900,0,3068
6064,970984,defensive,1,0.9900,0,3069
6065,971117,defensive,1,0.9900,0,3070
6066,971239,defensive,1,0.9900,0,3071
6067,971380,defensive,1,0.9900,0,3072
6068,971501,defensive,1,0.9900,0,3073
6069,971636,defensive,1,0.9900,0,3074
6070,971781,defensive,1,0.9900,0,3075
6071,971934,defensive,1,0.9900,0,3076
6072,972060,defensive,1,0.9900,0,3077
6073,972182,defensive,1,0.9900,0,3078
6074,972344,defensive,1,0.9900,0,3079
6075,972466,defensive,1,0.9900,0,3080
6076,972590,defensive,1,0.9900,0,3081
6077,972784,defensive,1,0.9900,0,3082
6078,972910,defensive,1,0.9900,0,3083
6079,973033,defensive,1,0.9900,0,3084
6080,973174,defensive,1,0.9900,0,3085
6081,973296,defensive,1,0.9900,0,3086
6082,973426,defensive,1,0.9900,0,3087
6083,973564,defensive,1,0.9900,0,3088
6084,973687,defensive,1,0.9900,0,3089
6085,973794,defensive,0,0.9800,0,3090
6086,973913,defensive,1,0.9800,0,3091
6087,974035,defensive,1,0.9800,0,3092
6088,974171,defensive,1,0.9800,0,3093
6089,974297,defensive,1,0.9800,0,3094
6090,974422,defensive,1,0.9800,0,3095
6091,974602,defensive,1,0.9800,0,3096
6092,974750,defensive,1,0.9800,0,3097
6093,974875,defensive,1,0.9800,0,3098
6094,974997,defensive,1,0.9900,0,3099
6095,975145,defensive,1,0.9900,0,3100
6096,975259,defensive,1,0.9900,0,3101
6097,975379,defensive,1,0.9900,0,3102
6098,975624,defensive,1,0.9900,0,3103
6099,975808,defensive,1,0.9900,0,3104
6100,975939,defensive,1,0.9900,0,3105
6101,976028,defensive,1,0.9900,0,3106
6102,976146,defensive,1,0.9900,0,3107
6103,976239,defensive,0,0.9800,0,3108
6104,976484,defensive,1,0.9800,0,3109
6105,976605,defensive,1,0.9800,0,3110
6106,976734,defensive,1,0.9800,0,3111
6107,976863,defensive,1,0.9800,0,3112
6108,977000,defensive,1,0.9800,0,3113
6109,977181,defensive,1,0.9800,0,3114
6110,977297,defensive,1,0.9800,0,3115
6111,977443,defensive,1,0.9800,0,3116
6112,977574,defensive,1,0.9800,0,3117
6113,977732,defensive,1,0.9800,0,3118
6114,977854,defensive,1,0.9800,0,3119
6115,977983,defensive,1,0.9800,0,3120
6116,978104,defensive,1,0.9800,0,3121
6117,978233,defensive,1,0.9800,0,3122
6118,978355,defensive,1,0.9800,0,3123
6119,978473,defensive,1,0.9800,0,3124
6120,978590,defensive,1,0.9800,0,3125
6121,978714,defensive,1,0.9800,0,3126
6122,978842,defensive,1,0.9800,0,3127
6123,978960,defensive,1,0.9800,0,3128
6124,979075,defensive,1,0.9800,0,3129
6125,979199,defensive,1,0.9800,0,3130
6126,979325,defensive,1,0.9800,0,3131
6127,979418,defensive,1,0.9800,0,3132
6128,979544,defensive,1,0.9800,0,3133
6129,979662,defensive,1,0.9800,0,3134
6130,979805,defensive,1,0.9800,0,3135
6131,979927,defensive,1,0.9800,0,3136
6132,980053,defensive,1,0.9800,0,3137
6133,980170,defensive,1,0.9800,0,3138
6134,980397,defensive,1,0.9800,0,3139
6135,980519,defensive,1,0.9800,0,3140
6136,980661,defensive,1,0.9800,0,3141
6137,980946,defensive,1,0.9800,0,3142
6138,981076,defensive,1,0.9800,0,3143
6139,981217,defensive,1,0.9800,0,3144
6140,981348,defensive,1,0.9800,0,3145
6141,981468,defensive,1,0.9800,0,3146
6142,981585,defensive,1,0.9800,0,3147
6143,981712,defensive,1,0.9800,0,3148
6144,981836,defensive,1,0.9800,0,3149
6145,981959,defensive,1,0.9800,0,3150
6146,982052,defensive,1,0.9800,0,3151
6147,982330,defensive,1,0.9800,0,3152
6148,982465,defensive,1,0.9800,0,3153
6149,982619,defensive,1,0.9800,0,3154
6150,982814,defensive,1,0.9800,0,3155
6151,982940,defensive,1,0.9800,0,3156
6152,983114,defensive,1,0.9800,0,3157
6153,983243,defensive,1,0.9800,0,3158
6154,983424,defensive,1,0.9800,0,3159
6155,983552,defensive,1,0.9800,0,3160
6156,983671,defensive,1,0.9800,0,3161
6157,983793,defensive,1,0.9800,0,3162
6158,983916,defensive,1,0.9800,0,3163
6159,984042,defensive,1,0.9800,0,3164
6160,984201,defensive,1,0.9800,0,3165
6161,984326,defensive,1,0.9800,0,3166
6162,984449,defensive,1,0.9800,0,3167
6163,984579,defensive,1,0.9800,0,3168
6164,984880,defensive,1,0.9800,0,3169
6165,984999,defensive,1,0.9800,0,3170
6166,985121,defensive,1,0.9800,0,3171
6167,985245,defensive,1,0.9800,0,3172
6168,985384,defensive,1,0.9800,0,3173
6169,985551,defensive,1,0.9800,0,3174
6170,985678,defensive,1,0.9800,0,3175
6171,985823,defensive,1,0.9800,0,3176
6172,986071,defensive,1,0.9800,0,3177
6173,986167,defensive,1,0.9800,0,3178
6174,986431,defensive,1,0.9800,0,3179
6175,986557,defensive,1,0.9800,0,3180
6176,986685,defensive,1,0.9800,0,3181
6177,986808,defensive,1,0.9800,0,3182
6178,986930,defensive,1,0.9800,0,3183
6179,987060,defensive,1,0.9800,0,3184
6180,987186,defensive,1,0.9800,0,3185
6181,987310,defensive,1,0.9800,0,3186
6182,987447,defensive,1,0.9800,0,3187
6183,987580,defensive,1,0.9800,0,3188
6184,987722,defensive,1,0.9800,0,3189
6185,987842,defensive,1,0.9900,0,3190
6186,987975,defensive,1,0.9900,0,3191
6187,988122,defensive,1,0.9900,0,3192
6188,988246,defensive,1,0.9900,0,3193
6189,988368,defensive,1,0.9900,0,3194
6190,988511,defensive,1,0.9900,0,3195
6191,988635,defensive,1,0.9900,0,3196
6192,988880,defensive,1,0.9900,0,3197
6193,989011,defensive,1,0.9900,0,3198
6194,989152,defensive,1,0.9900,0,3199
6195,989289,defensive,1,0.9900,0,3200
6196,989384,defensive,1,0.9900,0,3201
6197,989570,defensive,1,0.9900,0,3202
6198,989693,defensive,1,0.9900,0,3203
6199,989815,defensive,1,0.9900,0,3204
6200,989997,defensive,1,0.9900,0,3205
6201,990125,defensive,1,0.9900,0,3206
6202,990271,defensive,1,0.9900,0,3207
6203,990407,defensive,1,1.0000,0,3208
6204,990527,defensive,1,1.0000,0,3209
6205,990655,defensive,1,1.0000,0,3210
6206,990782,defensive,1,1.0000,0,3211
6207,990902,defensive,1,1.0000,0,3212
6208,991063,defensive,1,1.0000,0,3213
6209,991221,defensive,1,1.0000,0,3214
6210,991323,defensive,0,0.9900,0,3215
6211,991450,defensive,1,0.9900,0,3216
6212,991604,defensive,1,0.9900,0,3217
6213,991729,defensive,1,0.9900,0,3218
6214,991845,defensive,1,0.9900,0,3219
6215,991969,defensive,1,0.9900,0,3220
6216,992187,defensive,1,0.9900,0,3221
6217,992311,defensive,1,0.9900,0,3222
6218,992432,defensive,1,0.9900,0,3223
6219,992570,defensive,1,0.9900,0,3224
6220,992705,defensive,1,0.9900,0,3225
6221,992830,defensive,1,0.9900,0,3226
6222,992955,defensive,1,0.9900,0,3227
6223,993081,defensive,1,0.9900,0,3228
6224,993196,defensive,1,0.9900,0,3229
6225,993339,defensive,1,0.9900,0,3230
6226,993459,defensive,1,0.9900,0,3231
6227,993586,defensive,1,0.9900,0,3232
6228,993728,defensive,1,0.9900,0,3233
6229,993848,defensive,1,0.9900,0,3234
6230,993981,defensive,1,0.9900,0,3235
6231,994102,defensive,1,0.9900,0,3236
6232,994227,defensive,1,0.9900,0,3237
6233,994352,defensive,1,0.9900,0,3238
6234,994472,defensive,1,0.9900,0,3239
6235,994599,defensive,1,0.9900,0,3240
6236,994743,defensive,1,0.9900,0,3241
6237,994907,defensive,1,0.9900,0,3242
6238,995024,defensive,1,0.9900,0,3243
6239,995157,defensive,1,0.9900,0,3244
6240,995308,defensive,1,0.9900,0,3245
6241,995425,defensive,1,0.9900,0,3246
6242,995545,defensive,1,0.9900,0,3247
6243,995670,defensive,1,0.9900,0,3248
6244,995765,defensive,1,0.9900,0,3249
6245,995907,defensive,1,0.9900,0,3250
6246,996050,defensive,1,0.9900,0,3251
6247,996245,defensive,1,0.9900,0,3252
6248,996388,defensive,1,0.9900,0,3253
6249,996540,defensive,1,0.9900,0,3254
6250,996663,defensive,1,0.9900,0,3255
6251,996832,defensive,1,0.9900,0,3256
6252,997023,defensive,1,0.9900,0,3257
6253,997427,defensive,1,0.9900,0,3258
6254,997587,defensive,1,0.9900,0,3259
6255,997693,defensive,1,0.9900,0,3260
6256,997814,defensive,1,0.9900,0,3261
6257,997976,defensive,1,0.9900,0,3262
6258,998104,defensive,1,0.9900,0,3263
6259,998198,defensive,1,0.9900,0,3264
6260,998322,defensive,1,0.9900,0,3265
6261,998443,defensive,1,0.9900,0,3266
6262,998593,defensive,1,0.9900,0,3267
6263,998703,defensive,0,0.9800,0,3268
6264,998826,defensive,1,0.9800,0,3269
6265,999017,defensive,1,0.9800,0,3270
6266,999141,defensive,1,0.9800,0,3271
6267,999533,defensive,1,0.9800,0,3272
6268,999658,defensive,1,0.9800,0,3273
6269,999807,defensive,1,0.9800,0,3274
6270,999923,defensive,1,0.9800,0,3275
6271,1000046,defensive,1,0.9800,0,3276
6272,1000182,defensive,1,0.9800,0,3277
6273,1000314,defensive,1,0.9800,0,3278
6274,1000463,defensive,1,0.9800,0,3279
6275,1000581,defensive,1,0.9800,0,3280
6276,1000748,defensive,1,0.9800,0,3281
6277,1000906,defensive,1,0.9800,0,3282
6278,1001048,defensive,1,0.9800,0,3283
6279,1001184,defensive,1,0.9800,0,3284
6280,1001330,defensive,1,0.9800,0,3285
6281,1001454,defensive,1,0.9800,0,3286
6282,1001585,defensive,1,0.9800,0,3287
6283,1001716,defensive,1,0.9800,0,3288
6284,1001845,defensive,1,0.9800,0,3289
6285,1001973,defensive,1,0.9800,0,3290
6286,1002090,defensive,1,0.9800,0,3291
6287,1002212,defensive,1,0.9800,0,3292
6288,1002378,defensive,1,0.9800,0,3293
6289,1002501,defensive,1,0.9800,0,3294
6290,1002626,defensive,1,0.9800,0,3295
6291,1002722,defensive,1,0.9800,0,3296
6292,1002862,defensive,1,0.9800,0,3297
6293,1003004,defensive,1,0.9800,0,3298
6294,1003159,defensive,1,0.9800,0,3299
6295,1003282,defensive,1,0.9800,0,3300
6296,1003411,defensive,1,0.9800,0,3301
6297,1003534,defensive,1,0.9800,0,3302
6298,1003655,defensive,1,0.9800,0,3303
6299,1003776,defensive,1,0.9800,0,3304
6300,1003899,defensive,1,0.9800,0,3305
6301,1004030,defensive,1,0.9800,0,3306
6302,1004159,defensive,1,0.9800,0,3307
6303,1004278,defensive,1,0.9800,0,3308
6304,1004394,defensive,1,0.9800,0,3309
6305,1004522,defensive,1,0.9800,0,3310
6306,1004663,defensive,1,0.9800,0,3311
6307,1004787,defensive,1,0.9800,0,3312
6308,1004910,defensive,1,0.9800,0,3313
6309,1005066,defensive,1,0.9800,0,3314
6310,1005190,defensive,1,0.9900,0,3315
6311,1005325,defensive,1,0.9900,0,3316
6312,1005444,defensive,1,0.9900,0,3317
6313,1005541,defensive,1,0.9900,0,3318
6314,1005666,defensive,1,0.9900,0,3319
6315,1005796,defensive,1,0.9900,0,3320
6316,1005920,defensive,1,0.9900,0,3321
6317,1006046,defensive,1,0.9900,0,3322
6318,1006184,defensive,1,0.9900,0,3323
6319,1006324,defensive,1,0.9900,0,3324
6320,1006442,defensive,1,0.9900,0,3325
6321,1006562,defensive,1,0.9900,0,3326
6322,1006686,defensive,1,0.9900,0,3327
6323,1006809,defensive,1,0.9900,0,3328
6324,1006904,defensive,1,0.9900,0,3329
6325,1007000,defensive,0,0.9800,0,3330
6326,1007171,defensive,1,0.9800,0,3331
6327,1007312,defensive,1,0.9800,0,3332
6328,1007461,defensive,1,0.9800,0,3333
6329,1007694,defensive,1,0.9800,0,3334
6330,1007812,defensive,1,0.9800,0,3335
6331,1009164,defensive,1,0.9800,0,3336
6332,1009293,defensive,1,0.9800,0,3337
6333,1009389,defensive,1,0.9800,0,3338
6334,1009518,defensive,1,0.9800,0,3339
6335,1009650,defensive,1,0.9800,0,3340
6336,1009777,defensive,1,0.9800,0,3341
6337,1009904,defensive,1,0.9800,0,3342
6338,1010022,defensive,1,0.9800,0,3343
6339,1010142,defensive,1,0.9800,0,3344
6340,1010267,defensive,1,0.9800,0,3345
6341,1010386,defensive,1,0.9800,0,3346
6342,1010505,defensive,1,0.9800,0,3347
6343,1010643,defensive,1,0.9800,0,3348
6344,1010765,defensive,1,0.9800,0,3349
6345,1010884,defensive,1,0.9800,0,3350
6346,1011028,defensive,1,0.9800,0,3351
6347,1011146,defensive,1,0.9800,0,3352
6348,1011362,defensive,1,0.9800,0,3353
6349,1011492,defensive,1,0.9800,0,3354
6350,1011615,defensive,1,0.9800,0,3355
6351,1011747,defensive,1,0.9800,0,3356
6352,1011920,defensive,1,0.9800,0,3357
6353,1012149,defensive,1,0.9800,0,3358
6354,1012271,defensive,1,0.9800,0,3359
6355,1012396,defensive,1,0.9800,0,3360
6356,1012526,defensive,1,0.9800,0,3361
6357,1012668,defensive,1,0.9800,0,3362
6358,1012846,defensive,1,0.9800,0,3363
6359,1012967,defensive,1,0.9800,0,3364
6360,1013167,defensive,1,0.9800,0,3365
6361,1013295,defensive,1,0.9800,0,3366
6362,1013438,defensive,1,0.9800,0,3367
6363,1013564,defensive,1,0.9900,0,3368
6364,1013735,defensive,1,0.9900,0,3369
6365,1013863,defensive,1,0.9900,0,3370
6366,1014002,defensive,1,0.9900,0,3371
6367,1014134,defensive,1,0.9900,0,3372
6368,1014261,defensive,1,0.9900,0,3373
6369,1014387,defensive,1,0.9900,0,3374
6370,1014538,defensive,1,0.9900,0,3375
6371,1014666,defensive,1,0.9900,0,3376
6372,1014784,defensive,1,0.9900,0,3377
6373,1014919,defensive,1,0.9900,0,3378
6374,1015045,defensive,1,0.9900,0,3379
6375,1015174,defensive,1,0.9900,0,3380
6376,1015368,defensive,1,0.9900,0,3381
6377,1015485,defensive,1,0.9900,0,3382
6378,1015607,defensive,1,0.9900,0,3383
6379,1015722,defensive,1,0.9900,0,3384
6380,1015848,defensive,1,0.9900,0,3385
6381,1015969,defensive,1,0.9900,0,3386
6382,1016087,defensive,1,0.9900,0,3387
6383,1016218,defensive,1,0.9900,0,3388
6384,1016354,defensive,1,0.9900,0,3389
6385,1016514,defensive,1,0.9900,0,3390
6386,1016691,defensive,1,0.9900,0,3391
6387,1016816,defensive,1,0.9900,0,3392
6388,1016939,defensive,1,0.9900,0,3393
6389,1017105,defensive,1,0.9900,0,3394
6390,1017334,defensive,1,0.9900,0,3395
6391,1017517,defensive,1,0.9900,0,3396
6392,1017643,defensive,1,0.9900,0,3397
6393,1017765,defensive,1,0.9900,0,3398
6394,1017904,defensive,1,0.9900,0,3399
6395,1018031,defensive,1,0.9900,0,3400
6396,1018153,defensive,1,0.9900,0,3401
6397,1018272,defensive,1,0.9900,0,3402
6398,1018425,defensive,1,0.9900,0,3403
6399,1018564,defensive,1,0.9900,0,3404
6400,1018770,defensive,1,0.9900,0,3405
6401,1018959,defensive,1,0.9900,0,3406
6402,1019102,defensive,1,0.9900,0,3407
6403,1019221,defensive,1,0.9900,0,3408
6404,1019427,defensive,1,0.9900,0,3409
6405,1019552,defensive,1,0.9900,0,3410
6406,1019722,defensive,1,0.9900,0,3411
6407,1019946,defensive,1,0.9900,0,3412
6408,1020083,defensive,1,0.9900,0,3413
6409,1020213,defensive,1,0.9900,0,3414
6410,1020332,defensive,1,0.9900,0,3415
6411,1020507,defensive,1,0.9900,0,3416
6412,1020632,defensive,1,0.9900,0,3417
6413,1020757,defensive,1,0.9900,0,3418
6414,1020873,defensive,1,0.9900,0,3419
6415,1021000,defensive,1,0.9900,0,3420
6416,1021123,defensive,1,0.9900,0,3421
6417,1021259,defensive,1,0.9900,0,3422
6418,1021431,defensive,1,0.9900,0,3423
6419,1021594,defensive,1,0.9900,0,3424
6420,1021721,defensive,1,0.9900,0,3425
6421,1021847,defensive,1,0.9900,0,3426
6422,1021972,defensive,1,0.9900,0,3427
6423,1022070,defensive,1,0.9900,0,3428
6424,1022188,defensive,1,0.9900,0,3429
6425,1022314,defensive,1,1.0000,0,3430
6426,1022443,defensive,1,1.0000,0,3431
6427,1022588,defensive,1,1.0000,0,3432
6428,1022709,defensive,1,1.0000,0,3433
6429,1022832,defensive,1,1.0000,0,3434
6430,1022957,defensive,1,1.0000,0,3435
6431,1023133,defensive,1,1.0000,0,3436
6432,1023258,defensive,1,1.0000,0,3437
6433,1023389,defensive,1,1.0000,0,3438
6434,1023508,defensive,1,1.0000,0,3439
6435,1023641,defensive,1,1.0000,0,3440
6436,1023764,defensive,1,1.0000,0,3441
6437,1023890,defensive,1,1.0000,0,3442
6438,1024028,defensive,1,1.0000,0,3443
6439,1024263,defensive,1,1.0000,0,3444
6440,1024385,defensive,1,1.0000,0,3445
6441,1024511,defensive,1,1.0000,0,3446
6442,1024629,defensive,1,1.0000,0,3447
6443,1024770,defensive,1,1.0000,0,3448
6444,1024900,defensive,1,1.0000,0,3449
6445,1025035,defensive,1,1.0000,0,3450
6446,1025172,defensive,1,1.0000,0,3451
6447,1025379,defensive,1,1.0000,0,3452
6448,1025507,defensive,1,1.0000,0,3453
6449,1025637,defensive,1,1.0000,0,3454
6450,1025759,defensive,1,1.0000,0,3455
6451,1025956,defensive,1,1.0000,0,3456
6452,1026080,defensive,1,1.0000,0,3457
6453,1026257,defensive,1,1.0000,0,3458
6454,1026456,defensive,1,1.0000,0,3459
6455,1026583,defensive,1,1.0000,0,3460
6456,1026731,defensive,1,1.0000,0,3461
6457,1026863,defensive,1,1.0000,0,3462
6458,1026994,defensive,1,1.0000,0,3463
6459,1027149,defensive,1,1.0000,0,3464
6460,1027276,defensive,1,1.0000,0,3465
6461,1027401,defensive,1,1.0000,0,3466
6462,1027530,defensive,1,1.0000,0,3467
6463,1027650,defensive,1,1.0000,0,3468
6464,1027777,defensive,1,1.0000,0,3469
6465,1027935,defensive,1,1.0000,0,3470
6466,1028050,defensive,1,1.0000,0,3471
6467,1028171,defensive,1,1.0000,0,3472
6468,1028297,defensive,1,1.0000,0,3473
6469,1028421,defensive,1,1.0000,0,3474
6470,1028543,defensive,1,1.0000,0,3475
6471,1028741,defensive,1,1.0000,0,3476
6472,1028859,defensive,1,1.0000,0,3477
6473,1028983,defensive,1,1.0000,0,3478
6474,1029145,defensive,1,1.0000,0,3479
6475,1029281,defensive,1,1.0000,0,3480
6476,1029406,defensive,1,1.0000,0,3481
6477,1029527,defensive,1,1.0000,0,3482
6478,1029649,defensive,1,1.0000,0,3483
6479,1029969,defensive,1,1.0000,0,3484
6480,1030090,defensive,1,1.0000,0,3485
6481,1030209,defensive,1,1.0000,0,3486
6482,1030334,defensive,1,1.0000,0,3487
6483,1030549,defensive,1,1.0000,0,3488
6484,1030671,defensive,1,1.0000,0,3489
6485,1030811,defensive,1,1.0000,0,3490
6486,1030939,defensive,1,1.0000,0,3491
6487,1031063,defensive,1,1.0000,0,3492
6488,1031180,defensive,1,1.0000,0,3493
6489,1031627,defensive,1,1.0000,0,3494
6490,1031759,defensive,1,1.0000,0,3495
6491,1031895,defensive,1,1.0000,0,3496
6492,1032020,defensive,1,1.0000,0,3497
6493,1032150,defensive,1,1.0000,0,3498
6494,1032314,defensive,1,1.0000,0,3499
6495,1032458,defensive,1,1.0000,0,3500
6496,1032577,defensive,1,1.0000,0,3501
6497,1032713,defensive,1,1.0000,0,3502
6498,1033036,defensive,1,1.0000,0,3503
6499,1033168,defensive,1,1.0000,0,3504
6500,1033291,defensive,1,1.0000,0,3505
6501,1033417,defensive,1,1.0000,0,3506
6502,1033544,defensive,1,1.0000,0,3507
6503,1033664,defensive,1,1.0000,0,3508
6504,1033792,defensive,1,1.0000,0,3509
6505,1033953,defensive,1,1.0000,0,3510
6506,1034070,defensive,1,1.0000,0,3511
6507,1034191,defensive,1,1.0000,0,3512
6508,1034314,defensive,1,1.0000,0,3513
6509,1034470,defensive,1,1.0000,0,3514
6510,1034598,defensive,1,1.0000,0,3515
6511,1034722,defensive,1,1.0000,0,3516
6512,1034846,defensive,1,1.0000,0,3517
6513,1034992,defensive,1,1.0000,0,3518
6514,1035123,defensive,1,1.0000,0,3519
6515,1035238,defensive,1,1.0000,0,3520
6516,1035367,defensive,1,1.0000,0,3521
6517,1035493,defensive,1,1.0000,0,3522
6518,1035610,defensive,1,1.0000,0,3523
6519,1035763,defensive,1,1.0000,0,3524
6520,1035899,defensive,1,1.0000,0,3525
6521,1036073,defensive,1,1.0000,0,3526
6522,1036272,defensive,1,1.0000,0,3527
6523,1036399,defensive,1,1.0000,0,3528
6524,1036524,defensive,1,1.0000,0,3529
6525,1036646,defensive,1,1.0000,0,3530
6526,1036764,defensive,1,1.0000,0,3531
6527,1036915,defensive,1,1.0000,0,3532
6528,1037068,defensive,1,1.0000,0,3533
6529,1037193,defensive,1,1.0000,0,3534
6530,1037310,defensive,1,1.0000,0,3535
6531,1037442,defensive,1,1.0000,0,3536
6532,1037565,defensive,1,1.0000,0,3537
6533,1037822,defensive,1,1.0000,0,3538
6534,1037962,defensive,1,1.0000,0,3539
6535,1038090,defensive,1,1.0000,0,3540
6536,1038238,defensive,1,1.0000,0,3541
6537,1038352,defensive,1,1.0000,0,3542
6538,1038516,defensive,1,1.0000,0,3543
6539,1038644,defensive,1,1.0000,0,3544
6540,1038768,defensive,1,1.0000,0,3545
6541,1038889,defensive,1,1.0000,0,3546
6542,1039009,defensive,1,1.0000,0,3547
6543,1039139,defensive,1,1.0000,0,3548
6544,1039263,defensive,1,1.0000,0,3549
6545,1039391,defensive,1,1.0000,0,3550
6546,1039489,defensive,0,0.9900,0,3551
6547,1039744,defensive,1,0.9900,0,3552
6548,1039878,defensive,1,0.9900,0,3553
6549,1040001,defensive,1,0.9900,0,3554
6550,1040120,defensive,1,0.9900,0,3555
6551,1040250,defensive,1,0.9900,0,3556
6552,1040376,defensive,1,0.9900,0,3557
6553,1040494,defensive,1,0.9900,0,3558
6554,1040639,defensive,1,0.9900,0,3559
6555,1040823,defensive,1,0.9900,0,3560
6556,1040954,defensive,1,0.9900,0,3561
6557,1041084,defensive,1,0.9900,0,3562
6558,1041202,defensive,1,0.9900,0,3563
6559,1041343,defensive,1,0.9900,0,3564
6560,1041462,defensive,1,0.9900,0,3565
6561,1041590,defensive,1,0.9900,0,3566
6562,1041717,defensive,1,0.9900,0,3567
6563,1041840,defensive,1,0.9900,0,3568
6564,1041972,defensive,1,0.9900,0,3569
6565,1042085,defensive,0,0.9800,0,3570
6566,1042208,defensive,1,0.9800,0,3571
6567,1042329,defensive,1,0.9800,0,3572
6568,1042495,defensive,1,0.9800,0,3573
6569,1042621,defensive,1,0.9800,0,3574
6570,1042751,defensive,1,0.9800,0,3575
6571,1042950,defensive,1,0.9800,0,3576
6572,1043075,defensive,1,0.9800,0,3577
6573,1043199,defensive,1,0.9800,0,3578
6574,1043385,defensive,1,0.9800,0,3579
6575,1043510,defensive,1,0.9800,0,3580
6576,1043673,defensive,1,0.9800,0,3581
6577,1043791,defensive,1,0.9800,0,3582
6578,1043912,defensive,1,0.9800,0,3583
6579,1044039,defensive,1,0.9800,0,3584
6580,1044128,defensive,0,0.9700,0,3585
6581,1044251,defensive,1,0.9700,0,3586
6582,1044488,defensive,1,0.9700,0,3587
6583,1044608,defensive,1,0.9700,0,3588
6584,1044744,defensive,1,0.9700,0,3589
6585,1044865,defensive,1,0.9700,0,3590
6586,1044987,defensive,1,0.9700,0,3591
6587,1045151,defensive,1,0.9700,0,3592
6588,1045273,defensive,1,0.9700,0,3593
6589,1045407,defensive,1,0.9700,0,3594
6590,1045556,defensive,1,0.9700,0,3595
6591,1045756,defensive,1,0.9700,0,3596
6592,1045899,defensive,1,0.9700,0,3597
6593,1046018,defensive,1,0.9700,0,3598
6594,1046146,defensive,1,0.9700,0,3599
6595,1046309,defensive,1,0.9700,0,3600
6596,1046469,defensive,1,0.9700,0,3601
6597,1046598,defensive,1,0.9700,0,3602
6598,1046715,defensive,1,0.9700,0,3603
6599,1046831,defensive,1,0.9700,0,3604
6600,1046964,defensive,1,0.9700,0,3605
6601,1047086,defensive,1,0.9700,0,3606
6602,1047222,defensive,1,0.9700,0,3607
6603,1047378,defensive,1,0.9700,0,3608
6604,1047515,defensive,1,0.9700,0,3609
6605,1047643,defensive,1,0.9700,0,3610
6606,1047852,defensive,1,0.9700,0,3611
6607,1048014,defensive,1,0.9700,0,3612
6608,1048139,defensive,1,0.9700,0,3613
6609,1048258,defensive,1,0.9700,0,3614
6610,1048376,defensive,1,0.9700,0,3615
6611,1048510,defensive,1,0.9700,0,3616
6612,1048632,defensive,1,0.9700,0,3617
6613,1048775,defensive,1,0.9700,0,3618
6614,1048900,defensive,1,0.9700,0,3619
6615,1049025,defensive,1,0.9700,0,3620
6616,1049150,defensive,1,0.9700,0,3621
6617,1049278,defensive,1,0.9700,0,3622
6618,1049396,defensive,1,0.9700,0,3623
6619,1049513,defensive,1,0.9700,0,3624
6620,1049631,defensive,1,0.9700,0,3625
6621,1049820,defensive,1,0.9700,0,3626
6622,1049945,defensive,1,0.9700,0,3627
6623,1050072,defensive,1,0.9700,0,3628
6624,1050201,defensive,1,0.9700,0,3629
6625,1050349,defensive,1,0.9700,0,3630
6626,1051701,defensive,1,0.9700,0,3631
6627,1051832,defensive,1,0.9700,0,3632
6628,1051998,defensive,1,0.9700,0,3633
6629,1052126,defensive,1,0.9700,0,3634
6630,1052342,defensive,1,0.9700,0,3635
6631,1052523,defensive,1,0.9700,0,3636
6632,1052621,defensive,1,0.9700,0,3637
6633,1052754,defensive,1,0.9700,0,3638
6634,1052870,defensive,1,0.9700,0,3639
6635,1052998,defensive,1,0.9700,0,3640
6636,1054350,defensive,1,0.9700,0,3641
6637,1054466,defensive,1,0.9700,0,3642
6638,1054586,defensive,1,0.9700,0,3643
6639,1054715,defensive,1,0.9700,0,3644
6640,1054972,defensive,1,0.9700,0,3645
6641,1055100,defensive,1,0.9700,0,3646
6642,1055228,defensive,1,0.9700,0,3647
6643,1055355,defensive,1,0.9700,0,3648
6644,1055491,defensive,1,0.9700,0,3649
6645,1055633,defensive,1,0.9700,0,3650
6646,1055758,defensive,1,0.9800,0,3651
6647,1055883,defensive,1,0.9800,0,3652
6648,1056005,defensive,1,0.9800,0,3653
6649,1056151,defensive,1,0.9800,0,3654
6650,1056270,defensive,1,0.9800,0,3655
6651,1056392,defensive,1,0.9800,0,3656
6652,1056509,defensive,1,0.9800,0,3657
6653,1056604,defensive,1,0.9800,0,3658
6654,1056722,defensive,1,0.9800,0,3659
6655,1056969,defensive,1,0.9800,0,3660
6656,1057097,defensive,1,0.9800,0,3661
6657,1057220,defensive,1,0.9800,0,3662
6658,1057455,defensive,1,0.9800,0,3663
6659,1057580,defensive,1,0.9800,0,3664
6660,1057707,defensive,1,0.9800,0,3665
6661,1057901,defensive,1,0.9800,0,3666
6662,1058049,defensive,1,0.9800,0,3667
6663,1058170,defensive,1,0.9800,0,3668
6664,1058273,defensive,1,0.9800,0,3669
6665,1058390,defensive,1,0.9900,0,3670
6666,1058519,defensive,1,0.9900,0,3671
6667,1058636,defensive,1,0.9900,0,3672
6668,1058759,defensive,1,0.9900,0,3673
6669,1058881,defensive,1,0.9900,0,3674
6670,1059004,defensive,1,0.9900,0,3675
6671,1059119,defensive,1,0.9900,0,3676
6672,1059238,defensive,1,0.9900,0,3677
6673,1059489,defensive,1,0.9900,0,3678
6674,1059613,defensive,1,0.9900,0,3679
6675,1059764,defensive,1,0.9900,0,3680
6676,1059947,defensive,1,0.9900,0,3681
6677,1060074,defensive,1,0.9900,0,3682
6678,1060213,defensive,1,0.9900,0,3683
6679,1060351,defensive,1,0.9900,0,3684
6680,1060473,defensive,1,1.0000,0,3685
6681,1060599,defensive,1,1.0000,0,3686
6682,1060716,defensive,1,1.0000,0,3687
6683,1060841,defensive,1,1.0000,0,3688
6684,1060971,defensive,1,1.0000,0,3689
6685,1061095,defensive,1,1.0000,0,3690
6686,1061222,defensive,1,1.0000,0,3691
6687,1061344,defensive,1,1.0000,0,3692
6688,1061466,defensive,1,1.0000,0,3693
6689,1061590,defensive,1,1.0000,0,3694
6690,1061714,defensive,1,1.0000,0,3695
6691,1061967,defensive,1,1.0000,0,3696
6692,1062108,defensive,1,1.0000,0,3697
6693,1062240,defensive,1,1.0000,0,3698
6694,1062390,defensive,1,1.0000,0,3699
6695,1062555,defensive,1,1.0000,0,3700
6696,1062673,defensive,1,1.0000,0,3701
6697,1062791,defensive,1,1.0000,0,3702
6698,1062915,defensive,1,1.0000,0,3703
6699,1063070,defensive,1,1.0000,0,3704
6700,1063263,defensive,1,1.0000,0,3705
6701,1063382,defensive,1,1.0000,0,3706
6702,1063506,defensive,1,1.0000,0,3707
6703,1063624,defensive,1,1.0000,0,3708
6704,1063743,defensive,1,1.0000,0,3709
6705,1063872,defensive,1,1.0000,0,3710
6706,1064016,defensive,1,1.0000,0,3711
6707,1064185,defensive,1,1.0000,0,3712
6708,1064309,defensive,1,1.0000,0,3713
6709,1064430,defensive,1,1.0000,0,3714
6710,1064566,defensive,1,1.0000,0,3715
6711,1064689,defensive,1,1.0000,0,3716
6712,1064830,defensive,1,1.0000,0,3717
6713,1064954,defensive,1,1.0000,0,3718
6714,1065079,defensive,1,1.0000,0,3719
6715,1065199,defensive,1,1.0000,0,3720
6716,1065326,defensive,1,1.0000,0,3721
6717,1065442,defensive,1,1.0000,0,3722
6718,1065570,defensive,1,1.0000,0,3723
6719,1065704,defensive,1,1.0000,0,3724
6720,1065820,defensive,1,1.0000,0,3725
6721,1065949,defensive,1,1.0000,0,3726
6722,1066069,defensive,1,1.0000,0,3727
6723,1066188,defensive,1,1.0000,0,3728
6724,1066315,defensive,1,1.0000,0,3729
6725,1066436,defensive,1,1.0000,0,3730
6726,1066559,defensive,1,1.0000,0,3731
6727,1066679,defensive,1,1.0000,0,3732
6728,1066810,defensive,1,1.0000,0,3733
6729,1066931,defensive,1,1.0000,0,3734
6730,1067057,defensive,1,1.0000,0,3735
6731,1067199,defensive,1,1.0000,0,3736
6732,1067328,defensive,1,1.0000,0,3737
6733,1067463,defensive,1,1.0000,0,3738
6734,1067584,defensive,1,1.0000,0,3739
6735,1067706,defensive,1,1.0000,0,3740
6736,1067861,defensive,1,1.0000,0,3741
6737,1067984,defensive,1,1.0000,0,3742
6738,1068105,defensive,1,1.0000,0,3743
6739,1068230,defensive,1,1.0000,0,3744
6740,1068345,defensive,1,1.0000,0,3745
6741,1068494,defensive,1,1.0000,0,3746
6742,1068623,defensive,1,1.0000,0,3747
6743,1068744,defensive,1,1.0000,0,3748
6744,1068894,defensive,1,1.0000,0,3749
6745,1069019,defensive,1,1.0000,0,3750
6746,1069142,defensive,1,1.0000,0,3751
6747,1069255,defensive,1,1.0000,0,3752
6748,1069370,defensive,1,1.0000,0,3753
6749,1069494,defensive,1,1.0000,0,3754
6750,1069619,defensive,1,1.0000,0,3755
6751,1069754,defensive,1,1.0000,0,3756
6752,1069878,defensive,1,1.0000,0,3757
6753,1070005,defensive,1,1.0000,0,3758
6754,1070141,defensive,1,1.0000,0,3759
6755,1070265,defensive,1,1.0000,0,3760
6756,1070360,defensive,0,0.9900,0,3761
6757,1070512,defensive,1,0.9900,0,3762
6758,1070635,defensive,1,0.9900,0,3763
6759,1070800,defensive,1,0.9900,0,3764
6760,1071017,defensive,1,0.9900,0,3765
6761,1071138,defensive,1,0.9900,0,3766
6762,1071258,defensive,1,0.9900,0,3767
6763,1071384,defensive,1,0.9900,0,3768
6764,1071508,defensive,1,0.9900,0,3769
6765,1071635,defensive,1,0.9900,0,3770
6766,1071731,defensive,0,0.9800,0,3771
6767,1071890,defensive,1,0.9800,0,3772
6768,1072011,defensive,1,0.9800,0,3773
6769,1072135,defensive,1,0.9800,0,3774
6770,1072353,defensive,1,0.9800,0,3775
6771,1072478,defensive,1,0.9800,0,3776
6772,1072604,defensive,1,0.9800,0,3777
6773,1072720,defensive,1,0.9800,0,3778
6774,1072843,defensive,1,0.9800,0,3779
6775,1072967,defensive,1,0.9800,0,3780
6776,1073083,defensive,1,0.9800,0,3781
6777,1073206,defensive,1,0.9800,0,3782
6778,1073350,defensive,1,0.9800,0,3783
6779,1073477,defensive,1,0.9800,0,3784
6780,1073621,defensive,1,0.9800,0,3785
6781,1073746,defensive,1,0.9800,0,3786
6782,1073914,defensive,1,0.9800,0,3787
6783,1074038,defensive,1,0.9800,0,3788
6784,1074165,defensive,1,0.9800,0,3789
6785,1074294,defensive,1,0.9800,0,3790
6786,1074418,defensive,1,0.9800,0,3791
6787,1074542,defensive,1,0.9800,0,3792
6788,1074664,defensive,1,0.9800,0,3793
6789,1074789,defensive,1,0.9800,0,3794
6790,1074943,defensive,1,0.9800,0,3795
6791,1075064,defensive,1,0.9800,0,3796
6792,1075192,defensive,1,0.9800,0,3797
6793,1075334,defensive,1,0.9800,0,3798
6794,1075481,defensive,1,0.9800,0,3799
6795,1075602,defensive,1,0.9800,0,3800
6796,1075726,defensive,1,0.9800,0,3801
6797,1075849,defensive,1,0.9800,0,3802
6798,1075975,defensive,1,0.9800,0,3803
6799,1076106,defensive,1,0.9800,0,3804
6800,1076222,defensive,1,0.9800,0,3805
6801,1076348,defensive,1,0.9800,0,3806
6802,1076483,defensive,1,0.9800,0,3807
6803,1076642,defensive,1,0.9800,0,3808
6804,1076765,defensive,1,0.9800,0,3809
6805,1076892,defensive,1,0.9800,0,3810
6806,1077013,defensive,1,0.9800,0,3811
6807,1077145,defensive,1,0.9800,0,3812
6808,1077290,defensive,1,0.9800,0,3813
6809,1077415,defensive,1,0.9800,0,3814
6810,1077541,defensive,1,0.9800,0,3815
6811,1077720,defensive,1,0.9800,0,3816
6812,1077841,defensive,1,0.9800,0,3817
6813,1077990,defensive,1,0.9800,0,3818
6814,1078107,defensive,1,0.9800,0,3819
6815,1078230,defensive,1,0.9800,0,3820
6816,1078354,defensive,1,0.9800,0,3821
6817,1078474,defensive,1,0.9800,0,3822
6818,1078608,defensive,1,0.9800,0,3823
6819,1078813,defensive,1,0.9800,0,3824
6820,1079045,defensive,1,0.9800,0,3825
6821,1079166,defensive,1,0.9800,0,3826
6822,1079282,defensive,1,0.9800,0,3827
6823,1079474,defensive,1,0.9800,0,3828
6824,1079597,defensive,1,0.9800,0,3829
6825,1079751,defensive,1,0.9800,0,3830
6826,1079879,defensive,1,0.9800,0,3831
6827,1080004,defensive,1,0.9800,0,3832
6828,1080120,defensive,1,0.9800,0,3833
6829,1080268,defensive,1,0.9800,0,3834
6830,1080442,defensive,1,0.9800,0,3835
6831,1080571,defensive,1,0.9800,0,3836
6832,1080698,defensive,1,0.9800,0,3837
6833,1080819,defensive,1,0.9800,0,3838
6834,1080944,defensive,1,0.9800,0,3839
6835,1081080,defensive,1,0.9800,0,3840
6836,1081240,defensive,1,0.9800,0,3841
6837,1081379,defensive,1,0.9800,0,3842
6838,1081617,defensive,1,0.9800,0,3843
6839,1081752,defensive,1,0.9800,0,3844
6840,1081904,defensive,1,0.9800,0,3845
6841,1082020,defensive,1,0.9800,0,3846
6842,1082136,defensive,1,0.9800,0,3847
6843,1082267,defensive,1,0.9800,0,3848
6844,1082360,defensive,1,0.9800,0,3849
6845,1082478,defensive,1,0.9800,0,3850
6846,1082607,defensive,1,0.9800,0,3851
6847,1082724,defensive,1,0.9800,0,3852
6848,1082848,defensive,1,0.9800,0,3853
6849,1082976,defensive,1,0.9800,0,3854
6850,1083096,defensive,1,0.9800,0,3855
6851,1083216,defensive,1,0.9800,0,3856
6852,1083350,defensive,1,0.9800,0,3857
6853,1083485,defensive,1,0.9800,0,3858
6854,1083614,defensive,1,0.9800,0,3859
6855,1083770,defensive,1,0.9800,0,3860
6856,1083895,defensive,1,0.9900,0,3861
6857,1084022,defensive,1,0.9900,0,3862
6858,1084148,defensive,1,0.9900,0,3863
6859,1084272,defensive,1,0.9900,0,3864
6860,1084363,defensive,0,0.9800,0,3865
6861,1084512,defensive,1,0.9800,0,3866
6862,1084692,defensive,1,0.9800,0,3867
6863,1084811,defensive,1,0.9800,0,3868
6864,1084943,defensive,1,0.9800,0,3869
6865,1085081,defensive,1,0.9800,0,3870
6866,1085212,defensive,1,0.9900,0,3871
6867,1085340,defensive,1,0.9900,0,3872
6868,1085469,defensive,1,0.9900,0,3873
6869,1085593,defensive,1,0.9900,0,3874
6870,1085714,defensive,1,0.9900,0,3875
6871,1085938,defensive,1,0.9900,0,3876
6872,1086118,defensive,1,0.9900,0,3877
6873,1086242,defensive,1,0.9900,0,3878
6874,1086386,defensive,1,0.9900,0,3879
6875,1086662,defensive,1,0.9900,0,3880
6876,1086755,defensive,0,0.9800,0,3881
6877,1086877,defensive,1,0.9800,0,3882
6878,1087005,defensive,1,0.9800,0,3883
6879,1087123,defensive,1,0.9800,0,3884
6880,1087250,defensive,1,0.9800,0,3885
6881,1087396,defensive,1,0.9800,0,3886
6882,1087689,defensive,1,0.9800,0,3887
6883,1087853,defensive,1,0.9800,0,3888
6884,1087989,defensive,1,0.9800,0,3889
6885,1088111,defensive,1,0.9800,0,3890
6886,1088232,defensive,1,0.9800,0,3891
6887,1088358,defensive,1,0.9800,0,3892
6888,1088480,defensive,1,0.9800,0,3893
6889,1088605,defensive,1,0.9800,0,3894
6890,1088731,defensive,1,0.9800,0,3895
6891,1088882,defensive,1,0.9800,0,3896
6892,1089011,defensive,1,0.9800,0,3897
6893,1089130,defensive,1,0.9800,0,3898
6894,1089255,defensive,1,0.9800,0,3899
6895,1089379,defensive,1,0.9800,0,3900
6896,1089501,defensive,1,0.9800,0,3901
6897,1089631,defensive,1,0.9800,0,3902
6898,1089745,defensive,1,0.9800,0,3903
6899,1089867,defensive,1,0.9800,0,3904
6900,1089988,defensive,1,0.9800,0,3905
6901,1090118,defensive,1,0.9800,0,3906
6902,1091470,defensive,1,0.9800,0,3907
6903,1091668,defensive,1,0.9800,0,3908
6904,1091801,defensive,1,0.9800,0,3909
6905,1091921,defensive,1,0.9800,0,3910
6906,1092054,defensive,1,0.9800,0,3911
6907,1092187,defensive,1,0.9800,0,3912
6908,1092314,defensive,1,0.9800,0,3913
6909,1092448,defensive,1,0.9800,0,3914
6910,1092578,defensive,1,0.9800,0,3915
6911,1092708,defensive,1,0.9800,0,3916
6912,1092831,defensive,1,0.9800,0,3917
6913,1092969,defensive,1,0.9800,0,3918
6914,1093095,defensive,1,0.9800,0,3919
6915,1093224,defensive,1,0.9800,0,3920
6916,1093347,defensive,1,0.9800,0,3921
6917,1093468,defensive,1,0.9800,0,3922
6918,1093593,defensive,1,0.9800,0,3923
6919,1093719,defensive,1,0.9800,0,3924
6920,1093842,defensive,1,0.9800,0,3925
6921,1093963,defensive,1,0.9800,0,3926
6922,1094087,defensive,1,0.9800,0,3927
6923,1094223,defensive,1,0.9800,0,3928
6924,1094379,defensive,1,0.9800,0,3929
6925,1094510,defensive,1,0.9800,0,3930
6926,1094635,defensive,1,0.9800,0,3931
6927,1094757,defensive,1,0.9800,0,3932
6928,1094880,defensive,1,0.9800,0,3933
6929,1095012,defensive,1,0.9800,0,3934
6930,1095133,defensive,1,0.9800,0,3935
6931,1095228,defensive,1,0.9800,0,3936
6932,1095387,defensive,1,0.9800,0,3937
6933,1095521,defensive,1,0.9800,0,3938
6934,1095651,defensive,1,0.9800,0,3939
6935,1095816,defensive,1,0.9800,0,3940
6936,1095959,defensive,1,0.9800,0,3941
6937,1096145,defensive,1,0.9800,0,3942
6938,1096259,defensive,1,0.9800,0,3943
6939,1096380,defensive,1,0.9800,0,3944
6940,1096508,defensive,1,0.9800,0,3945
6941,1096645,defensive,1,0.9800,0,3946
6942,1096774,defensive,0,0.9700,0,3947
6943,1096896,defensive,1,0.9700,0,3948
6944,1097020,defensive,1,0.9700,0,3949
6945,1097146,defensive,1,0.9700,0,3950
6946,1097266,defensive,1,0.9700,0,3951
6947,1097408,defensive,1,0.9700,0,3952
6948,1097529,defensive,1,0.9700,0,3953
6949,1097651,defensive,1,0.9700,0,3954
6950,1097776,defensive,1,0.9700,0,3955
6951,1097943,defensive,1,0.9700,0,3956
6952,1098065,defensive,1,0.9700,0,3957
6953,1098185,defensive,1,0.9700,0,3958
6954,1098307,defensive,1,0.9700,0,3959
6955,1098421,defensive,1,0.9700,0,3960
6956,1098570,defensive,1,0.9700,0,3961
6957,1098701,defensive,1,0.9700,0,3962
6958,1098833,defensive,1,0.9700,0,3963
6959,1098955,defensive,1,0.9700,0,3964
6960,1099071,defensive,1,0.9800,0,3965
6961,1099197,defensive,1,0.9800,0,3966
6962,1099322,defensive,1,0.9800,0,3967
6963,1099455,defensive,1,0.9800,0,3968
6964,1099582,defensive,1,0.9800,0,3969
6965,1099716,defensive,1,0.9800,0,3970
6966,1099861,defensive,1,0.9800,0,3971
6967,1099987,defensive,1,0.9800,0,3972
6968,1100131,defensive,1,0.9800,0,3973
6969,1100255,defensive,1,0.9800,0,3974
6970,1100374,defensive,1,0.9800,0,3975
6971,1100491,defensive,1,0.9800,0,3976
6972,1100607,defensive,1,0.9800,0,3977
6973,1100739,defensive,1,0.9800,0,3978
6974,1100860,defensive,1,0.9800,0,3979
6975,1100985,defensive,1,0.9800,0,3980
6976,1101109,defensive,1,0.9900,0,3981
6977,1101355,defensive,1,0.9900,0,3982
6978,1101517,defensive,1,0.9900,0,3983
6979,1101643,defensive,1,0.9900,0,3984
6980,1101768,defensive,1,0.9900,0,3985
6981,1101914,defensive,1,0.9900,0,3986
6982,1102060,defensive,1,0.9900,0,3987
6983,1102190,defensive,1,0.9900,0,3988
6984,1102316,defensive,1,0.9900,0,3989
6985,1102409,defensive,1,0.9900,0,3990
6986,1103761,defensive,0,0.9800,0,3991
6987,1103905,defensive,1,0.9800,0,3992
6988,1104039,defensive,1,0.9800,0,3993
6989,1104157,defensive,1,0.9800,0,3994
6990,1104284,defensive,1,0.9800,0,3995
6991,1104404,defensive,1,0.9800,0,3996
6992,1104526,defensive,1,0.9800,0,3997
6993,1104697,defensive,1,0.9800,0,3998
6994,1104822,defensive,1,0.9800,0,3999
6995,1104950,defensive,1,0.9800,0,4000
6996,1105065,defensive,1,0.9800,0,4001
6997,1105209,defensive,1,0.9800,0,4002
6998,1105339,defensive,1,0.9800,0,4003
6999,1105488,defensive,1,0.9800,0,4004
7000,1105617,defensive,1,0.9800,0,4005
7001,1105747,defensive,1,0.9800,0,4006
7002,1105863,defensive,1,0.9800,0,4007
7003,1105983,defensive,1,0.9800,0,4008
7004,1106134,defensive,1,0.9800,0,4009
7005,1106264,defensive,1,0.9800,0,4010
7006,1106393,defensive,1,0.9800,0,4011
7007,1106520,defensive,1,0.9800,0,4012
7008,1106646,defensive,1,0.9800,0,4013
7009,1106796,defensive,1,0.9800,0,4014
7010,1106924,defensive,1,0.9800,0,4015
7011,1107049,defensive,1,0.9800,0,4016
7012,1107173,defensive,1,0.9800,0,4017
7013,1107305,defensive,1,0.9800,0,4018
7014,1108657,defensive,1,0.9800,0,4019
7015,1108781,defensive,1,0.9800,0,4020
7016,1108914,defensive,1,0.9800,0,4021
7017,1109033,defensive,1,0.9800,0,4022
7018,1109216,defensive,1,0.9800,0,4023
7019,1109346,defensive,1,0.9800,0,4024
7020,1109477,defensive,1,0.9800,0,4025
7021,1109607,defensive,1,0.9800,0,4026
7022,1109742,defensive,1,0.9800,0,4027
7023,1109839,defensive,1,0.9800,0,4028
7024,1109934,defensive,1,0.9800,0,4029
7025,1110052,defensive,1,0.9800,0,4030
7026,1110171,defensive,1,0.9800,0,4031
7027,1110287,defensive,1,0.9800,0,4032
7028,1110432,defensive,1,0.9800,0,4033
7029,1110559,defensive,1,0.9800,0,4034
7030,1110707,defensive,1,0.9800,0,4035
7031,1110905,defensive,1,0.9800,0,4036
7032,1111108,defensive,1,0.9800,0,4037
7033,1111250,defensive,1,0.9800,0,4038
7034,1111374,defensive,1,0.9800,0,4039
7035,1111496,defensive,1,0.9800,0,4040
7036,1111590,defensive,1,0.9800,0,4041
7037,1111729,defensive,1,0.9800,0,4042
7038,1111846,defensive,1,0.9800,0,4043
7039,1111968,defensive,1,0.9800,0,4044
7040,1112105,defensive,1,0.9800,0,4045
7041,1112226,defensive,1,0.9800,0,4046
7042,1112354,defensive,1,0.9900,0,4047
7043,1112490,defensive,1,0.9900,0,4048
7044,1112625,defensive,1,0.9900,0,4049
7045,1112790,defensive,1,0.9900,0,4050
7046,1112931,defensive,1,0.9900,0,4051
7047,1113063,defensive,1,0.9900,0,4052
7048,1113187,defensive,1,0.9900,0,4053
7049,1113328,defensive,1,0.9900,0,4054
7050,1113478,defensive,1,0.9900,0,4055
7051,1113598,defensive,1,0.9900,0,4056
7052,1113729,defensive,1,0.9900,0,4057
7053,1113861,defensive,1,0.9900,0,4058
7054,1113998,defensive,1,0.9900,0,4059
7055,1114094,defensive,1,0.9900,0,4060
7056,1114269,defensive,1,0.9900,0,4061
7057,1114400,defensive,1,0.9900,0,4062
7058,1114529,defensive,1,0.9900,0,4063
7059,1114818,defensive,1,0.9900,0,4064
7060,1114937,defensive,1,0.9900,0,4065
7061,1115058,defensive,1,0.9900,0,4066
7062,1115196,defensive,1,0.9900,0,4067
7063,1115332,defensive,1,0.9900,0,4068
7064,1115455,defensive,1,0.9900,0,4069
7065,1115570,defensive,1,0.9900,0,4070
7066,1115746,defensive,1,0.9900,0,4071
7067,1115870,defensive,1,0.9900,0,4072
7068,1116010,defensive,1,0.9900,0,4073
7069,1116137,defensive,1,0.9900,0,4074
7070,1116260,defensive,1,0.9900,0,4075
7071,1116390,defensive,1,0.9900,0,4076
7072,1116516,defensive,1,0.9900,0,4077
7073,1116642,defensive,1,0.9900,0,4078
7074,1116770,defensive,1,0.9900,0,4079
7075,1116895,defensive,1,0.9900,0,4080
7076,1117039,defensive,1,0.9900,0,4081
7077,1117180,defensive,1,0.9900,0,4082
7078,1117312,defensive,1,0.9900,0,4083
7079,1117431,defensive,1,0.9900,0,4084
7080,1117562,defensive,1,0.9900,0,4085
7081,1117686,defensive,1,0.9900,0,4086
7082,1117809,defensive,1,0.9900,0,4087
7083,1117934,defensive,1,0.9900,0,4088
7084,1118076,defensive,1,0.9900,0,4089
7085,1118230,defensive,1,0.9900,0,4090
7086,1118346,defensive,1,1.0000,0,4091
7087,1118478,defensive,1,1.0000,0,4092
7088,1118601,defensive,1,1.0000,0,4093
7089,1118731,defensive,1,1.0000,0,4094
7090,1118872,defensive,1,1.0000,0,4095
7091,1118998,defensive,1,1.0000,0,4096
7092,1119122,defensive,1,1.0000,0,4097
7093,1119249,defensive,1,1.0000,0,4098
7094,1119384,defensive,1,1.0000,0,4099
7095,1119516,defensive,1,1.0000,0,4100
7096,1119634,defensive,1,1.0000,0,4101
7097,1119753,defensive,1,1.0000,0,4102
7098,1119880,defensive,1,1.0000,0,4103
7099,1120011,defensive,1,1.0000,0,4104
7100,1120157,defensive,1,1.0000,0,4105
7101,1120284,defensive,1,1.0000,0,4106
7102,1120406,defensive,1,1.0000,0,4107
7103,1120526,defensive,1,1.0000,0,4108
7104,1120658,defensive,1,1.0000,0,4109
7105,1120789,defensive,1,1.0000,0,4110
7106,1120951,defensive,1,1.0000,0,4111
7107,1121098,defensive,1,1.0000,0,4112
7108,1121216,defensive,1,1.0000,0,4113
7109,1121347,defensive,1,1.0000,0,4114
7110,1121476,defensive,1,1.0000,0,4115
7111,1121602,defensive,1,1.0000,0,4116
7112,1121728,defensive,1,1.0000,0,4117
7113,1121870,defensive,1,1.0000,0,4118
7114,1121988,defensive,1,1.0000,0,4119
7115,1122117,defensive,1,1.0000,0,4120
7116,1122237,defensive,1,1.0000,0,4121
7117,1122365,defensive,1,1.0000,0,4122
7118,1122493,defensive,1,1.0000,0,4123
7119,1122612,defensive,1,1.0000,0,4124
7120,1122744,defensive,1,1.0000,0,4125
7121,1122874,defensive,1,1.0000,0,4126
7122,1122994,defensive,1,1.0000,0,4127
7123,1123120,defensive,1,1.0000,0,4128
7124,1123251,defensive,1,1.0000,0,4129
7125,1123380,defensive,1,1.0000,0,4130
7126,1123504,defensive,1,1.0000,0,4131
7127,1123628,defensive,1,1.0000,0,4132
7128,1123763,defensive,1,1.0000,0,4133
7129,1123971,defensive,1,1.0000,0,4134
7130,1124092,defensive,1,1.0000,0,4135
7131,1124220,defensive,1,1.0000,0,4136
7132,1124346,defensive,1,1.0000,0,4137
7133,1124488,defensive,1,1.0000,0,4138
7134,1124604,defensive,1,1.0000,0,4139
7135,1124727,defensive,1,1.0000,0,4140
7136,1124842,defensive,1,1.0000,0,4141
7137,1124981,defensive,1,1.0000,0,4142
7138,1125328,defensive,1,1.0000,0,4143
7139,1125454,defensive,1,1.0000,0,4144
7140,1125580,defensive,1,1.0000,0,4145
7141,1125725,defensive,1,1.0000,0,4146
7142,1125850,defensive,1,1.0000,0,4147
7143,1125980,defensive,1,1.0000,0,4148
7144,1126113,defensive,1,1.0000,0,4149
7145,1126234,defensive,1,1.0000,0,4150
7146,1126378,defensive,1,1.0000,0,4151
7147,1126505,defensive,1,1.0000,0,4152
7148,1126630,defensive,1,1.0000,0,4153
7149,1126774,defensive,1,1.0000,0,4154
7150,1126901,defensive,1,1.0000,0,4155
7151,1127073,defensive,1,1.0000,0,4156
7152,1127217,defensive,1,1.0000,0,4157
7153,1127311,defensive,1,1.0000,0,4158
7154,1127450,defensive,1,1.0000,0,4159
7155,1127577,defensive,1,1.0000,0,4160
7156,1127703,defensive,1,1.0000,0,4161
7157,1127836,defensive,1,1.0000,0,4162
7158,1127955,defensive,1,1.0000,0,4163
7159,1128078,defensive,1,1.0000,0,4164
7160,1128208,defensive,1,1.0000,0,4165
7161,1128430,defensive,1,1.0000,0,4166
7162,1128547,defensive,1,1.0000,0,4167
7163,1129899,defensive,1,1.0000,0,4168
7164,1130056,defensive,1,1.0000,0,4169
7165,1130177,defensive,1,1.0000,0,4170
7166,1130298,defensive,1,1.0000,0,4171
7167,1130424,defensive,1,1.0000,0,4172
7168,1130548,defensive,1,1.0000,0,4173
7169,1130674,defensive,1,1.0000,0,4174
7170,1130801,defensive,1,1.0000,0,4175
7171,1130944,defensive,1,1.0000,0,4176
7172,1131067,defensive,1,1.0000,0,4177
7173,1131170,defensive,0,0.9900,0,4178
7174,1131290,defensive,1,0.9900,0,4179
7175,1131411,defensive,1,0.9900,0,4180
7176,1131532,defensive,1,0.9900,0,4181
7177,1131680,defensive,1,0.9900,0,4182
7178,1131797,defensive,1,0.9900,0,4183
7179,1131919,defensive,1,0.9900,0,4184
7180,1132049,defensive,1,0.9900,0,4185
7181,1132173,defensive,1,0.9900,0,4186
7182,1132294,defensive,1,0.9900,0,4187
7183,1132428,defensive,1,0.9900,0,4188
7184,1132547,defensive,1,0.9900,0,4189
7185,1132688,defensive,1,0.9900,0,4190
7186,1132804,defensive,1,0.9900,0,4191
7187,1132951,defensive,1,0.9900,0,4192
7188,1133080,defensive,1,0.9900,0,4193
7189,1133226,defensive,1,0.9900,0,4194
7190,1133352,defensive,1,0.9900,0,4195
7191,1133480,defensive,1,0.9900,0,4196
7192,1133598,defensive,1,0.9900,0,4197
7193,1133760,defensive,1,0.9900,0,4198
7194,1133882,defensive,1,0.9900,0,4199
7195,1134008,defensive,1,0.9900,0,4200
7196,1134100,defensive,1,0.9900,0,4201
7197,1135452,defensive,1,0.9900,0,4202
7198,1135577,defensive,1,0.9900,0,4203
7199,1135718,defensive,1,0.9900,0,4204
7200,1135845,defensive,1,0.9900,0,4205
7201,1135979,defensive,1,0.9900,0,4206
7202,1136071,defensive,0,0.9800,0,4207
7203,1136227,defensive,1,0.9800,0,4208
7204,1136344,defensive,1,0.9800,0,4209
7205,1136466,defensive,1,0.9800,0,4210
7206,1136561,defensive,1,0.9800,0,4211
7207,1136701,defensive,1,0.9800,0,4212
7208,1136861,defensive,1,0.9800,0,4213
7209,1136985,defensive,1,0.9800,0,4214
7210,1137113,defensive,1,0.9800,0,4215
7211,1137207,defensive,1,0.9800,0,4216
7212,1137345,defensive,1,0.9800,0,4217
7213,1137475,defensive,1,0.9800,0,4218
7214,1137604,defensive,1,0.9800,0,4219
7215,1137727,defensive,1,0.9800,0,4220
7216,1137854,defensive,1,0.9800,0,4221
7217,1138007,defensive,1,0.9800,0,4222
7218,1138135,defensive,1,0.9800,0,4223
7219,1138267,defensive,1,0.9800,0,4224
7220,1138393,defensive,1,0.9800,0,4225
7221,1138513,defensive,1,0.9800,0,4226
7222,1138668,defensive,1,0.9800,0,4227
7223,1138806,defensive,1,0.9800,0,4228
7224,1138925,defensive,1,0.9800,0,4229
7225,1139081,defensive,1,0.9800,0,4230
7226,1139212,defensive,1,0.9800,0,4231
7227,1139372,defensive,1,0.9800,0,4232
7228,1139496,defensive,1,0.9800,0,4233
7229,1139751,defensive,1,0.9800,0,4234
7230,1139880,defensive,1,0.9800,0,4235
7231,1140171,defensive,1,0.9800,0,4236
7232,1140305,defensive,1,0.9800,0,4237
7233,1140430,defensive,1,0.9800,0,4238
7234,1140570,defensive,1,0.9800,0,4239
7235,1140717,defensive,1,0.9800,0,4240
7236,1140852,defensive,1,0.9800,0,4241
7237,1140980,defensive,1,0.9800,0,4242
7238,1141109,defensive,1,0.9800,0,4243
7239,1141238,defensive,1,0.9800,0,4244
7240,1141394,defensive,1,0.9800,0,4245
7241,1141513,defensive,1,0.9800,0,4246
7242,1141637,defensive,1,0.9800,0,4247
7243,1141760,defensive,1,0.9800,0,4248
7244,1141887,defensive,1,0.9800,0,4249
7245,1143239,defensive,1,0.9800,0,4250
7246,1143432,defensive,1,0.9800,0,4251
7247,1143557,defensive,1,0.9800,0,4252
7248,1143655,defensive,1,0.9800,0,4253
7249,1145007,defensive,1,0.9800,0,4254
7250,1145128,defensive,1,0.9800,0,4255
7251,1145251,defensive,1,0.9800,0,4256
7252,1145384,defensive,1,0.9800,0,4257
7253,1146736,defensive,1,0.9800,0,4258
7254,1146857,defensive,1,0.9800,0,4259
7255,1146987,defensive,1,0.9800,0,4260
7256,1147121,defensive,1,0.9800,0,4261
7257,1147253,defensive,1,0.9800,0,4262
7258,1147401,defensive,1,0.9800,0,4263
7259,1147545,defensive,1,0.9800,0,4264
7260,1147683,defensive,1,0.9800,0,4265
7261,1147803,defensive,1,0.9800,0,4266
7262,1147928,defensive,1,0.9800,0,4267
7263,1148065,defensive,1,0.9800,0,4268
7264,1148190,defensive,1,0.9800,0,4269
7265,1148321,defensive,1,0.9800,0,4270
7266,1148449,defensive,1,0.9800,0,4271
7267,1148608,defensive,1,0.9800,0,4272
7268,1148734,defensive,1,0.9800,0,4273
7269,1148852,defensive,1,0.9800,0,4274
7270,1148988,defensive,1,0.9800,0,4275
7271,1149079,defensive,0,0.9700,0,4276
7272,1149214,defensive,1,0.9700,0,4277
7273,1149342,defensive,1,0.9800,0,4278
7274,1149467,defensive,1,0.9800,0,4279
7275,1150819,defensive,1,0.9800,0,4280
7276,1150964,defensive,1,0.9800,0,4281
7277,1151101,defensive,1,0.9800,0,4282
7278,1151222,defensive,1,0.9800,0,4283
7279,1151355,defensive,1,0.9800,0,4284
7280,1151481,defensive,1,0.9800,0,4285
7281,1151597,defensive,1,0.9800,0,4286
7282,1151720,defensive,1,0.9800,0,4287
7283,1151845,defensive,1,0.9800,0,4288
7284,1151976,defensive,1,0.9800,0,4289
7285,1152115,defensive,1,0.9800,0,4290
7286,1152240,defensive,1,0.9800,0,4291
7287,1152361,defensive,1,0.9800,0,4292
7288,1152544,defensive,1,0.9800,0,4293
7289,1152669,defensive,1,0.9800,0,4294
7290,1152800,defensive,1,0.9800,0,4295
7291,1153048,defensive,1,0.9800,0,4296
7292,1153171,defensive,1,0.9800,0,4297
7293,1153323,defensive,1,0.9800,0,4298
7294,1153447,defensive,1,0.9800,0,4299
7295,1153579,defensive,1,0.9800,0,4300
7296,1153702,defensive,1,0.9800,0,4301
7297,1153826,defensive,1,0.9800,0,4302
7298,1153942,defensive,1,0.9800,0,4303
7299,1154074,defensive,1,0.9800,0,4304
7300,1154202,defensive,1,0.9800,0,4305
7301,1154344,defensive,1,0.9800,0,4306
7302,1154489,defensive,1,0.9900,0,4307
7303,1154614,defensive,1,0.9900,0,4308
7304,1154738,defensive,1,0.9900,0,4309
7305,1154862,defensive,1,0.9900,0,4310
7306,1154987,defensive,1,0.9900,0,4311
7307,1155110,defensive,1,0.9900,0,4312
7308,1155234,defensive,1,0.9900,0,4313
7309,1155374,defensive,1,0.9900,0,4314
7310,1155495,defensive,1,0.9900,0,4315
7311,1155628,defensive,1,0.9900,0,4316
7312,1155756,defensive,1,0.9900,0,4317
7313,1155888,defensive,1,0.9900,0,4318
7314,1156007,defensive,1,0.9900,0,4319
7315,1156177,defensive,1,0.9900,0,4320
7316,1156298,defensive,1,0.9900,0,4321
7317,1156440,defensive,1,0.9900,0,4322
7318,1156559,defensive,1,0.9900,0,4323
7319,1156701,defensive,1,0.9900,0,4324
7320,1156828,defensive,1,0.9900,0,4325
7321,1157000,defensive,1,0.9900,0,4326
7322,1157097,defensive,1,0.9900,0,4327
7323,1157517,defensive,1,0.9900,0,4328
7324,1157643,defensive,1,0.9900,0,4329
7325,1157810,defensive,1,0.9900,0,4330
7326,1157935,defensive,1,0.9900,0,4331
7327,1158054,defensive,1,0.9900,0,4332
7328,1158188,defensive,1,0.9900,0,4333
7329,1158315,defensive,1,0.9900,0,4334
7330,1158448,defensive,1,0.9900,0,4335
7331,1158573,defensive,1,0.9900,0,4336
7332,1158710,defensive,1,0.9900,0,4337
7333,1158831,defensive,1,0.9900,0,4338
7334,1158955,defensive,1,0.9900,0,4339
7335,1159082,defensive,1,0.9900,0,4340
7336,1159211,defensive,1,0.9900,0,4341
7337,1159350,defensive,1,0.9900,0,4342
7338,1159521,defensive,1,0.9900,0,4343
7339,1159647,defensive,1,0.9900,0,4344
7340,1159774,defensive,1,0.9900,0,4345
7341,1159903,defensive,1,0.9900,0,4346
7342,1161255,defensive,1,0.9900,0,4347
7343,1161410,defensive,1,0.9900,0,4348
7344,1161538,defensive,1,0.9900,0,4349
7345,1161664,defensive,1,0.9900,0,4350
7346,1161761,defensive,1,0.9900,0,4351
7347,1161925,defensive,1,0.9900,0,4352
7348,1162057,defensive,1,0.9900,0,4353
7349,1162187,defensive,1,0.9900,0,4354
7350,1162318,defensive,1,0.9900,0,4355
7351,1162456,defensive,1,0.9900,0,4356
7352,1162633,defensive,1,0.9900,0,4357
7353,1162764,defensive,1,0.9900,0,4358
7354,1162886,defensive,1,0.9900,0,4359
7355,1163017,defensive,1,0.9900,0,4360
7356,1163142,defensive,1,0.9900,0,4361
7357,1163240,defensive,1,0.9900,0,4362
7358,1163381,defensive,1,0.9900,0,4363
7359,1163513,defensive,1,0.9900,0,4364
7360,1163637,defensive,1,0.9900,0,4365
7361,1163733,defensive,1,0.9900,0,4366
7362,1163862,defensive,1,0.9900,0,4367
7363,1163988,defensive,1,0.9900,0,4368
7364,1164116,defensive,1,0.9900,0,4369
7365,1164246,defensive,1,0.9900,0,4370
7366,1164451,defensive,1,0.9900,0,4371
7367,1164584,defensive,1,0.9900,0,4372
7368,1164707,defensive,1,0.9900,0,4373
7369,1164831,defensive,1,0.9900,0,4374
7370,1164951,defensive,1,0.9900,0,4375
7371,1165076,defensive,1,1.0000,0,4376
7372,1165204,defensive,1,1.0000,0,4377
7373,1165336,defensive,1,1.0000,0,4378
7374,1165459,defensive,1,1.0000,0,4379
7375,1165602,defensive,1,1.0000,0,4380
7376,1165723,defensive,1,1.0000,0,4381
7377,1165848,defensive,1,1.0000,0,4382
7378,1165976,defensive,1,1.0000,0,4383
7379,1166118,defensive,1,1.0000,0,4384
7380,1166251,defensive,1,1.0000,0,4385
7381,1166389,defensive,1,1.0000,0,4386
7382,1166515,defensive,1,1.0000,0,4387
7383,1166656,defensive,1,1.0000,0,4388
7384,1166798,defensive,1,1.0000,0,4389
7385,1166923,defensive,1,1.0000,0,4390
7386,1167093,defensive,1,1.0000,0,4391
7387,1167218,defensive,1,1.0000,0,4392
7388,1167341,defensive,1,1.0000,0,4393
7389,1167466,defensive,1,1.0000,0,4394
7390,1167599,defensive,1,1.0000,0,4395
7391,1167722,defensive,1,1.0000,0,4396
7392,1167848,defensive,1,1.0000,0,4397
7393,1167982,defensive,1,1.0000,0,4398
7394,1168114,defensive,1,1.0000,0,4399
7395,1168305,defensive,1,1.0000,0,4400
7396,1168423,defensive,1,1.0000,0,4401
7397,1168549,defensive,1,1.0000,0,4402
7398,1168679,defensive,1,1.0000,0,4403
7399,1168813,defensive,1,1.0000,0,4404
7400,1168941,defensive,1,1.0000,0,4405
7401,1169070,defensive,1,1.0000,0,4406
7402,1169195,defensive,1,1.0000,0,4407
7403,1169315,defensive,1,1.0000,0,4408
7404,1169440,defensive,1,1.0000,0,4409
7405,1169564,defensive,1,1.0000,0,4410
7406,1169684,defensive,1,1.0000,0,4411
7407,1169814,defensive,1,1.0000,0,4412
7408,1169942,defensive,1,1.0000,0,4413
7409,1170066,defensive,1,1.0000,0,4414
7410,1170205,defensive,1,1.0000,0,4415
7411,1170327,defensive,1,1.0000,0,4416
7412,1170452,defensive,1,1.0000,0,4417
7413,1170579,defensive,1,1.0000,0,4418
7414,1170717,defensive,1,1.0000,0,4419
7415,1170842,defensive,1,1.0000,0,4420
7416,1171010,defensive,1,1.0000,0,4421
7417,1171134,defensive,1,1.0000,0,4422
7418,1171259,defensive,1,1.0000,0,4423
7419,1171387,defensive,1,1.0000,0,4424
7420,1171514,defensive,1,1.0000,0,4425
7421,1171641,defensive,1,1.0000,0,4426
7422,1171781,defensive,1,1.0000,0,4427
7423,1171972,defensive,1,1.0000,0,4428
7424,1172177,defensive,1,1.0000,0,4429
7425,1172301,defensive,1,1.0000,0,4430
7426,1172423,defensive,1,1.0000,0,4431
7427,1172542,defensive,1,1.0000,0,4432
7428,1172665,defensive,1,1.0000,0,4433
7429,1172790,defensive,1,1.0000,0,4434
7430,1172915,defensive,1,1.0000,0,4435
7431,1173035,defensive,1,1.0000,0,4436
7432,1173178,defensive,1,1.0000,0,4437
7433,1173310,defensive,1,1.0000,0,4438
7434,1173468,defensive,1,1.0000,0,4439
7435,1173613,defensive,1,1.0000,0,4440
7436,1173754,defensive,1,1.0000,0,4441
7437,1173880,defensive,1,1.0000,0,4442
7438,1174074,defensive,1,1.0000,0,4443
7439,1174237,defensive,1,1.0000,0,4444
7440,1174364,defensive,1,1.0000,0,4445
7441,1174485,defensive,1,1.0000,0,4446
7442,1174615,defensive,1,1.0000,0,4447
7443,1174749,defensive,1,1.0000,0,4448
7444,1174895,defensive,1,1.0000,0,4449
7445,1175029,defensive,1,1.0000,0,4450
7446,1175187,defensive,1,1.0000,0,4451
7447,1175307,defensive,1,1.0000,0,4452
7448,1175432,defensive,1,1.0000,0,4453
7449,1175561,defensive,1,1.0000,0,4454
7450,1175683,defensive,1,1.0000,0,4455
7451,1175807,defensive,1,1.0000,0,4456
7452,1176024,defensive,1,1.0000,0,4457
7453,1176120,defensive,1,1.0000,0,4458
7454,1176244,defensive,1,1.0000,0,4459
7455,1176340,defensive,0,0.9900,0,4460
7456,1176469,defensive,1,0.9900,0,4461
7457,1176815,defensive,1,0.9900,0,4462
7458,1176990,defensive,1,0.9900,0,4463
7459,1177122,defensive,1,0.9900,0,4464
7460,1177243,defensive,1,0.9900,0,4465
7461,1177361,defensive,1,0.9900,0,4466
7462,1177508,defensive,1,0.9900,0,4467
7463,1177632,defensive,1,0.9900,0,4468
7464,1177772,defensive,1,0.9900,0,4469
7465,1177893,defensive,1,0.9900,0,4470
7466,1178021,defensive,1,0.9900,0,4471
7467,1178207,defensive,1,0.9900,0,4472
7468,1178341,defensive,1,0.9900,0,4473
7469,1178496,defensive,1,0.9900,0,4474
7470,1178625,defensive,1,0.9900,0,4475
7471,1178753,defensive,1,0.9900,0,4476
7472,1178897,defensive,1,0.9900,0,4477
7473,1179019,defensive,1,0.9900,0,4478
7474,1179149,defensive,1,0.9900,0,4479
7475,1179277,defensive,1,0.9900,0,4480
7476,1179405,defensive,1,0.9900,0,4481
7477,1179536,defensive,1,0.9900,0,4482
7478,1179813,defensive,1,0.9900,0,4483
7479,1179946,defensive,1,0.9900,0,4484
7480,1180065,defensive,1,0.9900,0,4485
7481,1180183,defensive,1,0.9900,0,4486
7482,1180304,defensive,1,0.9900,0,4487
7483,1180440,defensive,1,0.9900,0,4488
7484,1180582,defensive,1,0.9900,0,4489
7485,1180704,defensive,1,0.9900,0,4490
7486,1180801,defensive,1,0.9900,0,4491
7487,1180898,defensive,1,0.9900,0,4492
7488,1181025,defensive,1,0.9900,0,4493
7489,1181147,defensive,1,0.9900,0,4494
7490,1181277,defensive,1,0.9900,0,4495
7491,1181599,defensive,1,0.9900,0,4496
7492,1181720,defensive,1,0.9900,0,4497
7493,1181858,defensive,1,0.9900,0,4498
7494,1181974,defensive,1,0.9900,0,4499
7495,1182110,defensive,1,0.9900,0,4500
7496,1182250,defensive,1,0.9900,0,4501
7497,1182371,defensive,1,0.9900,0,4502
7498,1182524,defensive,1,0.9900,0,4503
7499,1182652,defensive,1,0.9900,0,4504
7500,1182774,defensive,1,0.9900,0,4505
7501,1182896,defensive,1,0.9900,0,4506
7502,1183017,defensive,1,0.9900,0,4507
7503,1183177,defensive,1,0.9900,0,4508
7504,1183308,defensive,1,0.9900,0,4509
7505,1183506,defensive,1,0.9900,0,4510
7506,1183635,defensive,1,0.9900,0,4511
7507,1183758,defensive,1,0.9900,0,4512
7508,1183882,defensive,1,0.9900,0,4513
7509,1184021,defensive,1,0.9900,0,4514
7510,1184186,defensive,1,0.9900,0,4515
7511,1184277,defensive,1,0.9900,0,4516
7512,1184405,defensive,1,0.9900,0,4517
7513,1184529,defensive,1,0.9900,0,4518
7514,1184648,defensive,1,0.9900,0,4519
7515,1184816,defensive,1,0.9900,0,4520
7516,1184934,defensive,1,0.9900,0,4521
7517,1185058,defensive,1,0.9900,0,4522
7518,1185188,defensive,1,0.9900,0,4523
7519,1185381,defensive,1,0.9900,0,4524
7520,1185514,defensive,1,0.9900,0,4525
7521,1185643,defensive,1,0.9900,0,4526
7522,1185798,defensive,1,0.9900,0,4527
7523,1185889,defensive,1,0.9900,0,4528
7524,1186009,defensive,1,0.9900,0,4529
7525,1186132,defensive,1,0.9900,0,4530
7526,1186255,defensive,1,0.9900,0,4531
7527,1186370,defensive,1,0.9900,0,4532
7528,1186492,defensive,1,0.9900,0,4533
7529,1186616,defensive,1,0.9900,0,4534
7530,1186737,defensive,1,0.9900,0,4535
7531,1186863,defensive,1,0.9900,0,4536
7532,1186982,defensive,1,0.9900,0,4537
7533,1187106,defensive,1,0.9900,0,4538
7534,1187403,defensive,1,0.9900,0,4539
7535,1187541,defensive,1,0.9900,0,4540
7536,1187671,defensive,1,0.9900,0,4541
7537,1187795,defensive,1,0.9900,0,4542
7538,1187922,defensive,1,0.9900,0,4543
7539,1188049,defensive,1,0.9900,0,4544
7540,1188141,defensive,1,0.9900,0,4545
7541,1188269,defensive,1,0.9900,0,4546
7542,1188410,defensive,1,0.9900,0,4547
7543,1188542,defensive,1,0.9900,0,4548
7544,1188679,defensive,1,0.9900,0,4549
7545,1188804,defensive,1,0.9900,0,4550
7546,1188929,defensive,1,0.9900,0,4551
7547,1189105,defensive,1,0.9900,0,4552
7548,1189324,defensive,1,0.9900,0,4553
7549,1189451,defensive,1,0.9900,0,4554
7550,1189546,defensive,1,0.9900,0,4555
7551,1189671,defensive,1,0.9900,0,4556
7552,1189791,defensive,1,0.9900,0,4557
7553,1189917,defensive,1,0.9900,0,4558
7554,1190048,defensive,1,0.9900,0,4559
7555,1190175,defensive,1,1.0000,0,4560
7556,1190298,defensive,1,1.0000,0,4561
7557,1190418,defensive,1,1.0000,0,4562
7558,1190546,defensive,1,1.0000,0,4563
7559,1190676,defensive,1,1.0000,0,4564
7560,1190802,defensive,1,1.0000,0,4565
7561,1190948,defensive,1,1.0000,0,4566
7562,1191071,defensive,1,1.0000,0,4567
7563,1191219,defensive,1,1.0000,0,4568
7564,1191350,defensive,1,1.0000,0,4569
7565,1191475,defensive,1,1.0000,0,4570
7566,1191774,defensive,1,1.0000,0,4571
7567,1191900,defensive,1,1.0000,0,4572
7568,1192026,defensive,1,1.0000,0,4573
7569,1192156,defensive,1,1.0000,0,4574
7570,1192278,defensive,1,1.0000,0,4575
7571,1192400,defensive,1,1.0000,0,4576
7572,1192523,defensive,1,1.0000,0,4577
7573,1192641,defensive,1,1.0000,0,4578
7574,1192736,defensive,0,0.9900,0,4579
7575,1192863,defensive,1,0.9900,0,4580
7576,1193014,defensive,1,0.9900,0,4581
7577,1193141,defensive,1,0.9900,0,4582
7578,1193303,defensive,1,0.9900,0,4583
7579,1193427,defensive,1,0.9900,0,4584
7580,1193553,defensive,1,0.9900,0,4585
7581,1193678,defensive,1,0.9900,0,4586
7582,1193830,defensive,1,0.9900,0,4587
7583,1193961,defensive,1,0.9900,0,4588
7584,1194091,defensive,1,0.9900,0,4589
7585,1194209,defensive,1,0.9900,0,4590
7586,1194335,defensive,1,0.9900,0,4591
7587,1194432,defensive,1,0.9900,0,4592
7588,1194579,defensive,1,0.9900,0,4593
7589,1194711,defensive,1,0.9900,0,4594
7590,1194843,defensive,1,0.9900,0,4595
7591,1194967,defensive,1,0.9900,0,4596
7592,1195094,defensive,1,0.9900,0,4597
7593,1195220,defensive,1,0.9900,0,4598
7594,1195340,defensive,1,0.9900,0,4599
7595,1195463,defensive,1,0.9900,0,4600
7596,1195616,defensive,1,0.9900,0,4601
7597,1195741,defensive,1,0.9900,0,4602
7598,1195862,defensive,1,0.9900,0,4603
7599,1195986,defensive,1,0.9900,0,4604
7600,1196116,defensive,1,0.9900,0,4605
7601,1196238,defensive,1,0.9900,0,4606
7602,1196408,defensive,1,0.9900,0,4607
7603,1196530,defensive,1,0.9900,0,4608
7604,1196661,defensive,1,0.9900,0,4609
7605,1196809,defensive,1,0.9900,0,4610
7606,1196938,defensive,1,0.9900,0,4611
7607,1197076,defensive,1,0.9900,0,4612
7608,1197204,defensive,1,0.9900,0,4613
7609,1197330,defensive,1,0.9900,0,4614
7610,1197458,defensive,1,0.9900,0,4615
7611,1197675,defensive,1,0.9900,0,4616
7612,1197822,defensive,1,0.9900,0,4617
7613,1197918,defensive,1,0.9900,0,4618
7614,1198043,defensive,1,0.9900,0,4619
7615,1198175,defensive,1,0.9900,0,4620
7616,1198298,defensive,1,0.9900,0,4621
7617,1198423,defensive,1,0.9900,0,4622
7618,1198570,defensive,1,0.9900,0,4623
7619,1198697,defensive,1,0.9900,0,4624
7620,1198848,defensive,1,0.9900,0,4625
7621,1199131,defensive,1,0.9900,0,4626
7622,1199250,defensive,1,0.9900,0,4627
7623,1199378,defensive,1,0.9900,0,4628
7624,1199513,defensive,1,0.9900,0,4629
7625,1199638,defensive,1,0.9900,0,4630
7626,1199819,defensive,1,0.9900,0,4631
7627,1200045,defensive,1,0.9900,0,4632
7628,1200167,defensive,1,0.9900,0,4633
7629,1200288,defensive,1,0.9900,0,4634
7630,1200415,defensive,1,0.9900,0,4635
7631,1200552,defensive,1,0.9900,0,4636
7632,1200708,defensive,1,0.9900,0,4637
7633,1200848,defensive,1,0.9900,0,4638
7634,1201019,defensive,1,0.9900,0,4639
7635,1201150,defensive,1,0.9900,0,4640
7636,1201353,defensive,1,0.9900,0,4641
7637,1201473,defensive,1,0.9900,0,4642
7638,1201595,defensive,1,0.9900,0,4643
7639,1201691,defensive,1,0.9900,0,4644
7640,1201877,defensive,1,0.9900,0,4645
7641,1201992,defensive,1,0.9900,0,4646
7642,1202155,defensive,1,0.9900,0,4647
7643,1202280,defensive,1,0.9900,0,4648
7644,1202410,defensive,1,0.9900,0,4649
7645,1202535,defensive,1,0.9900,0,4650
7646,1202661,defensive,1,0.9900,0,4651
7647,1202753,defensive,1,0.9900,0,4652
7648,1202842,defensive,1,0.9900,0,4653
7649,1202977,defensive,1,0.9900,0,4654
7650,1203103,defensive,1,0.9900,0,4655
7651,1203230,defensive,1,0.9900,0,4656
7652,1203362,defensive,1,0.9900,0,4657
7653,1203483,defensive,1,0.9900,0,4658
7654,1203606,defensive,1,0.9900,0,4659
7655,1203728,defensive,1,0.9900,0,4660
7656,1203818,defensive,1,0.9900,0,4661
7657,1203923,defensive,0,0.9800,0,4662
7658,1204048,defensive,1,0.9800,0,4663
7659,1204179,defensive,1,0.9800,0,4664
7660,1204307,defensive,1,0.9800,0,4665
7661,1204433,defensive,1,0.9800,0,4666
7662,1204629,defensive,1,0.9800,0,4667
7663,1204752,defensive,1,0.9800,0,4668
7664,1204884,defensive,1,0.9800,0,4669
7665,1205032,defensive,1,0.9800,0,4670
7666,1205148,defensive,1,0.9800,0,4671
7667,1205273,defensive,1,0.9800,0,4672
7668,1205435,defensive,1,0.9800,0,4673
7669,1205531,defensive,1,0.9800,0,4674
7670,1205773,defensive,1,0.9800,0,4675
7671,1205921,defensive,1,0.9800,0,4676
7672,1206045,defensive,1,0.9800,0,4677
7673,1206171,defensive,1,0.9800,0,4678
7674,1206264,defensive,1,0.9900,0,4679
7675,1206384,defensive,1,0.9900,0,4680
7676,1206512,defensive,1,0.9900,0,4681
7677,1206635,defensive,1,0.9900,0,4682
7678,1206768,defensive,1,0.9900,0,4683
7679,1206860,defensive,1,0.9900,0,4684
7680,1206977,defensive,1,0.9900,0,4685
7681,1207153,defensive,1,0.9900,0,4686
7682,1207278,defensive,1,0.9900,0,4687
7683,1207423,defensive,1,0.9900,0,4688
7684,1207542,defensive,1,0.9900,0,4689
7685,1207672,defensive,1,0.9900,0,4690
7686,1207764,defensive,1,0.9900,0,4691
7687,1207909,defensive,1,0.9900,0,4692
7688,1208035,defensive,1,0.9900,0,4693
7689,1208161,defensive,1,0.9900,0,4694
7690,1208286,defensive,1,0.9900,0,4695
7691,1208402,defensive,1,0.9900,0,4696
7692,1208525,defensive,1,0.9900,0,4697
7693,1208647,defensive,1,0.9900,0,4698
7694,1208776,defensive,1,0.9900,0,4699
7695,1208910,defensive,1,0.9900,0,4700
7696,1209039,defensive,1,0.9900,0,4701
7697,1209474,defensive,1,0.9900,0,4702
7698,1209648,defensive,1,0.9900,0,4703
7699,1209807,defensive,1,0.9900,0,4704
7700,1209944,defensive,1,0.9900,0,4705
7701,1210085,defensive,1,0.9900,0,4706
7702,1210209,defensive,1,0.9900,0,4707
7703,1210360,defensive,1,0.9900,0,4708
7704,1210570,defensive,1,0.9900,0,4709
7705,1210696,defensive,1,0.9900,0,4710
7706,1210856,defensive,1,0.9900,0,4711
7707,1210949,defensive,1,0.9900,0,4712
7708,1211101,defensive,1,0.9900,0,4713
7709,1211229,defensive,1,0.9900,0,4714
7710,1211553,defensive,1,0.9900,0,4715
7711,1211649,defensive,0,0.9800,0,4716
7712,1211772,defensive,1,0.9800,0,4717
7713,1211909,defensive,1,0.9800,0,4718
7714,1212029,defensive,1,0.9800,0,4719
7715,1212170,defensive,1,0.9800,0,4720
7716,1212306,defensive,1,0.9800,0,4721
7717,1212430,defensive,1,0.9800,0,4722
7718,1212582,defensive,1,0.9800,0,4723
7719,1212706,defensive,1,0.9800,0,4724
7720,1212839,defensive,1,0.9800,0,4725
7721,1212969,defensive,1,0.9800,0,4726
7722,1213100,defensive,1,0.9800,0,4727
7723,1213231,defensive,1,0.9800,0,4728
7724,1213359,defensive,1,0.9800,0,4729
7725,1213516,defensive,1,0.9800,0,4730
7726,1213652,defensive,1,0.9800,0,4731
7727,1215004,defensive,1,0.9800,0,4732
7728,1215136,defensive,1,0.9800,0,4733
7729,1215267,defensive,1,0.9800,0,4734
7730,1215391,defensive,1,0.9800,0,4735
7731,1215518,defensive,1,0.9800,0,4736
7732,1215682,defensive,1,0.9800,0,4737
7733,1215805,defensive,1,0.9800,0,4738
7734,1215929,defensive,1,0.9800,0,4739
7735,1216118,defensive,1,0.9800,0,4740
7736,1216252,defensive,1,0.9800,0,4741
7737,1216414,defensive,1,0.9800,0,4742
7738,1216554,defensive,1,0.9800,0,4743
7739,1216701,defensive,1,0.9800,0,4744
7740,1216840,defensive,1,0.9800,0,4745
7741,1217010,defensive,1,0.9800,0,4746
7742,1217137,defensive,1,0.9800,0,4747
7743,1217260,defensive,1,0.9800,0,4748
7744,1217387,defensive,1,0.9800,0,4749
7745,1217514,defensive,1,0.9800,0,4750
7746,1217683,defensive,1,0.9800,0,4751
7747,1217857,defensive,1,0.9800,0,4752
7748,1217981,defensive,1,0.9800,0,4753
7749,1218121,defensive,1,0.9800,0,4754
7750,1218214,defensive,1,0.9800,0,4755
7751,1218376,defensive,1,0.9800,0,4756
7752,1218501,defensive,1,0.9800,0,4757
7753,1218635,defensive,1,0.9800,0,4758
7754,1218769,defensive,1,0.9800,0,4759
7755,1218894,defensive,1,0.9800,0,4760
7756,1219036,defensive,1,0.9800,0,4761
7757,1219168,defensive,1,0.9900,0,4762
7758,1219293,defensive,1,0.9900,0,4763
7759,1219387,defensive,1,0.9900,0,4764
7760,1219516,defensive,1,0.9900,0,4765
7761,1219644,defensive,1,0.9900,0,4766
7762,1219768,defensive,1,0.9900,0,4767
7763,1219906,defensive,1,0.9900,0,4768
7764,1220036,defensive,1,0.9900,0,4769
7765,1220160,defensive,1,0.9900,0,4770
7766,1220283,defensive,1,0.9900,0,4771
7767,1220376,defensive,1,0.9900,0,4772
7768,1220507,defensive,1,0.9900,0,4773
7769,1220645,defensive,1,0.9900,0,4774
7770,1220775,defensive,1,0.9900,0,4775
7771,1220902,defensive,1,0.9900,0,4776
7772,1221028,defensive,1,0.9900,0,4777
7773,1221166,defensive,1,0.9900,0,4778
7774,1221320,defensive,1,0.9900,0,4779
7775,1221444,defensive,1,0.9900,0,4780
7776,1221622,defensive,1,0.9900,0,4781
7777,1221759,defensive,1,0.9900,0,4782
7778,1221884,defensive,1,0.9900,0,4783
7779,1222012,defensive,1,0.9900,0,4784
7780,1222145,defensive,1,0.9900,0,4785
7781,1222271,defensive,1,0.9900,0,4786
7782,1222453,defensive,1,0.9900,0,4787
7783,1222574,defensive,1,0.9900,0,4788
7784,1222698,defensive,1,0.9900,0,4789
7785,1222827,defensive,1,0.9900,0,4790
7786,1222964,defensive,1,0.9900,0,4791
7787,1223101,defensive,1,0.9900,0,4792
7788,1223217,defensive,1,0.9900,0,4793
7789,1223316,defensive,1,0.9900,0,4794
7790,1223460,defensive,1,0.9900,0,4795
7791,1223582,defensive,1,0.9900,0,4796
7792,1223713,defensive,1,0.9900,0,4797
7793,1223843,defensive,1,0.9900,0,4798
7794,1223965,defensive,1,0.9900,0,4799
7795,1224053,defensive,0,0.9800,0,4800
7796,1224178,defensive,1,0.9800,0,4801
7797,1224308,defensive,1,0.9800,0,4802
7798,1224437,defensive,1,0.9800,0,4803
7799,1224582,defensive,1,0.9800,0,4804
7800,1224728,defensive,1,0.9800,0,4805
7801,1224836,defensive,0,0.9700,0,4806
7802,1224964,defensive,1,0.9700,0,4807
7803,1225101,defensive,1,0.9700,0,4808
7804,1225225,defensive,1,0.9700,0,4809
7805,1225350,defensive,1,0.9700,0,4810
7806,1225479,defensive,1,0.9700,0,4811
7807,1225609,defensive,1,0.9700,0,4812
7808,1226961,defensive,1,0.9700,0,4813
7809,1227098,defensive,1,0.9700,0,4814
7810,1227245,defensive,1,0.9700,0,4815
7811,1227371,defensive,1,0.9800,0,4816
7812,1227498,defensive,1,0.9800,0,4817
7813,1227623,defensive,1,0.9800,0,4818
7814,1227713,defensive,1,0.9800,0,4819
7815,1227849,defensive,1,0.9800,0,4820
7816,1227971,defensive,1,0.9800,0,4821
7817,1228091,defensive,1,0.9800,0,4822
7818,1228228,defensive,1,0.9800,0,4823
7819,1228349,defensive,1,0.9800,0,4824
7820,1228480,defensive,1,0.9800,0,4825
7821,1228609,defensive,1,0.9800,0,4826
7822,1228758,defensive,1,0.9800,0,4827
7823,1228887,defensive,1,0.9800,0,4828
7824,1229015,defensive,1,0.9800,0,4829
7825,1229155,defensive,1,0.9800,0,4830
7826,1229282,defensive,1,0.9800,0,4831
7827,1229403,defensive,1,0.9800,0,4832
7828,1229532,defensive,1,0.9800,0,4833
7829,1229655,defensive,1,0.9800,0,4834
7830,1229779,defensive,1,0.9800,0,4835
7831,1229877,defensive,0,0.9700,0,4836
7832,1229997,defensive,1,0.9700,0,4837
7833,1230125,defensive,1,0.9700,0,4838
7834,1230249,defensive,1,0.9700,0,4839
7835,1230374,defensive,1,0.9700,0,4840
7836,1230532,defensive,1,0.9700,0,4841
7837,1230661,defensive,1,0.9700,0,4842
7838,1230755,defensive,0,0.9600,0,4843
7839,1230893,defensive,1,0.9600,0,4844
7840,1231015,defensive,1,0.9600,0,4845
7841,1231149,defensive,1,0.9600,0,4846
7842,1231278,defensive,1,0.9600,0,4847
7843,1231414,defensive,1,0.9600,0,4848
7844,1231514,defensive,1,0.9600,0,4849
7845,1231643,defensive,1,0.9600,0,4850
7846,1231767,defensive,1,0.9600,0,4851
7847,1231897,defensive,1,0.9600,0,4852
7848,1232028,defensive,1,0.9600,0,4853
7849,1232154,defensive,1,0.9600,0,4854
7850,1232412,defensive,1,0.9600,0,4855
7851,1232562,defensive,1,0.9600,0,4856
7852,1232689,defensive,1,0.9600,0,4857
7853,1232828,defensive,1,0.9600,0,4858
7854,1232956,defensive,1,0.9600,0,4859
7855,1233094,defensive,1,0.9600,0,4860
7856,1233215,defensive,1,0.9600,0,4861
7857,1233344,defensive,1,0.9600,0,4862
7858,1233481,defensive,1,0.9600,0,4863
7859,1233606,defensive,1,0.9600,0,4864
7860,1233749,defensive,1,0.9600,0,4865
7861,1233873,defensive,1,0.9600,0,4866
7862,1235225,defensive,1,0.9600,0,4867
7863,1235356,defensive,1,0.9600,0,4868
7864,1235487,defensive,1,0.9600,0,4869
7865,1235633,defensive,1,0.9600,0,4870
7866,1235783,defensive,1,0.9600,0,4871
7867,1235907,defensive,1,0.9600,0,4872
7868,1236041,defensive,1,0.9600,0,4873
7869,1236177,defensive,1,0.9600,0,4874
7870,1236351,defensive,1,0.9600,0,4875
7871,1236444,defensive,1,0.9600,0,4876
7872,1236561,defensive,1,0.9600,0,4877
7873,1236735,defensive,1,0.9600,0,4878
7874,1236955,defensive,1,0.9600,0,4879
7875,1237085,defensive,1,0.9600,0,4880
7876,1238437,defensive,1,0.9600,0,4881
7877,1238639,defensive,1,0.9600,0,4882
7878,1238779,defensive,1,0.9600,0,4883
7879,1238903,defensive,1,0.9600,0,4884
7880,1239059,defensive,1,0.9600,0,4885
7881,1239202,defensive,1,0.9600,0,4886
7882,1239333,defensive,1,0.9600,0,4887
7883,1239459,defensive,1,0.9600,0,4888
7884,1239678,defensive,1,0.9600,0,4889
7885,1239813,defensive,1,0.9600,0,4890
7886,1239908,defensive,1,0.9600,0,4891
7887,1240041,defensive,1,0.9600,0,4892
7888,1240161,defensive,1,0.9600,0,4893
7889,1240288,defensive,1,0.9600,0,4894
7890,1240412,defensive,1,0.9600,0,4895
7891,1240540,defensive,1,0.9600,0,4896
7892,1240661,defensive,1,0.9600,0,4897
7893,1240757,defensive,1,0.9600,0,4898
7894,1242109,defensive,1,0.9600,0,4899
7895,1242240,defensive,1,0.9700,0,4900
7896,1242359,defensive,1,0.9700,0,4901
7897,1242515,defensive,1,0.9700,0,4902
7898,1242664,defensive,1,0.9700,0,4903
7899,1242793,defensive,1,0.9700,0,4904
7900,1242918,defensive,1,0.9700,0,4905
7901,1243039,defensive,1,0.9800,0,4906
7902,1243167,defensive,1,0.9800,0,4907
7903,1243310,defensive,1,0.9800,0,4908
7904,1243467,defensive,1,0.9800,0,4909
7905,1243586,defensive,1,0.9800,0,4910
7906,1243716,defensive,1,0.9800,0,4911
7907,1243844,defensive,1,0.9800,0,4912
7908,1243982,defensive,1,0.9800,0,4913
7909,1244140,defensive,1,0.9800,0,4914
7910,1244281,defensive,1,0.9800,0,4915
7911,1244493,defensive,1,0.9800,0,4916
7912,1244618,defensive,1,0.9800,0,4917
7913,1244742,defensive,1,0.9800,0,4918
7914,1244876,defensive,1,0.9800,0,4919
7915,1246228,defensive,1,0.9800,0,4920
7916,1246352,defensive,1,0.9800,0,4921
7917,1246481,defensive,1,0.9800,0,4922
7918,1246625,defensive,1,0.9800,0,4923
7919,1246762,defensive,1,0.9800,0,4924
7920,1246898,defensive,1,0.9800,0,4925
7921,1247030,defensive,1,0.9800,0,4926
7922,1247121,defensive,0,0.9700,0,4927
7923,1247213,defensive,0,0.9600,0,4928
7924,1247343,defensive,1,0.9600,0,4929
7925,1247470,defensive,1,0.9600,0,4930
7926,1247600,defensive,1,0.9600,0,4931
7927,1247730,defensive,1,0.9600,0,4932
7928,1247856,defensive,1,0.9600,0,4933
7929,1248042,defensive,1,0.9600,0,4934
7930,1248170,defensive,1,0.9600,0,4935
7931,1248293,defensive,1,0.9700,0,4936
7932,1248416,defensive,1,0.9700,0,4937
7933,1248567,defensive,1,0.9700,0,4938
7934,1248690,defensive,1,0.9700,0,4939
7935,1248817,defensive,1,0.9700,0,4940
7936,1248958,defensive,1,0.9700,0,4941
7937,1249082,defensive,1,0.9700,0,4942
7938,1249208,defensive,1,0.9800,0,4943
7939,1249339,defensive,1,0.9800,0,4944
7940,1249464,defensive,1,0.9800,0,4945
7941,1249552,defensive,0,0.9700,0,4946
7942,1249671,defensive,1,0.9700,0,4947
7943,1249806,defensive,1,0.9700,0,4948
7944,1249940,defensive,1,0.9700,0,4949
7945,1250060,defensive,1,0.9700,0,4950
7946,1250197,defensive,1,0.9700,0,4951
7947,1250328,defensive,1,0.9700,0,4952
7948,1250461,defensive,1,0.9700,0,4953
7949,1250592,defensive,1,0.9700,0,4954
7950,1250722,defensive,1,0.9700,0,4955
7951,1250847,defensive,1,0.9700,0,4956
7952,1250992,defensive,1,0.9700,0,4957
7953,1251143,defensive,1,0.9700,0,4958
7954,1251305,defensive,1,0.9700,0,4959
7955,1251429,defensive,1,0.9700,0,4960
7956,1251558,defensive,1,0.9700,0,4961
7957,1251725,defensive,1,0.9700,0,4962
7958,1251998,defensive,1,0.9700,0,4963
7959,1252132,defensive,1,0.9700,0,4964
7960,1252258,defensive,1,0.9700,0,4965
7961,1252385,defensive,1,0.9700,0,4966
7962,1252530,defensive,1,0.9700,0,4967
7963,1252692,defensive,1,0.9700,0,4968
7964,1252822,defensive,1,0.9700,0,4969
7965,1252981,defensive,1,0.9700,0,4970
7966,1253108,defensive,1,0.9700,0,4971
7967,1253230,defensive,1,0.9700,0,4972
7968,1253333,defensive,1,0.9700,0,4973
7969,1253457,defensive,1,0.9700,0,4974
7970,1253589,defensive,1,0.9700,0,4975
7971,1253720,defensive,1,0.9700,0,4976
7972,1253849,defensive,1,0.9700,0,4977
7973,1253972,defensive,1,0.9700,0,4978
7974,1254101,defensive,1,0.9700,0,4979
7975,1254248,defensive,1,0.9700,0,4980
7976,1254374,defensive,1,0.9700,0,4981
7977,1254494,defensive,1,0.9700,0,4982
7978,1254623,defensive,1,0.9700,0,4983
7979,1254746,defensive,1,0.9700,0,4984
7980,1254863,defensive,1,0.9700,0,4985
7981,1254982,defensive,1,0.9700,0,4986
7982,1255106,defensive,1,0.9700,0,4987
7983,1255252,defensive,1,0.9700,0,4988
7984,1255385,defensive,1,0.9700,0,4989
7985,1255546,defensive,1,0.9700,0,4990
7986,1255672,defensive,1,0.9700,0,4991
7987,1255763,defensive,0,0.9600,0,4992
7988,1255891,defensive,1,0.9600,0,4993
7989,1256019,defensive,1,0.9600,0,4994
7990,1256141,defensive,1,0.9600,0,4995
7991,1256277,defensive,1,0.9600,0,4996
7992,1256404,defensive,1,0.9600,0,4997
7993,1256535,defensive,1,0.9600,0,4998
7994,1256652,defensive,1,0.9600,0,4999
7995,1258004,defensive,1,0.9600,0,5000
7996,1258152,defensive,1,0.9600,0,5001
7997,1258284,defensive,1,0.9600,0,5002
7998,1258415,defensive,1,0.9600,0,5003
7999,1258552,defensive,1,0.9600,0,5004
8000,1258731,defensive,1,0.9600,0,5005
8001,1258857,defensive,1,0.9600,0,5006
8002,1258978,defensive,1,0.9600,0,5007
8003,1259100,defensive,1,0.9600,0,5008
8004,1259221,defensive,1,0.9600,0,5009
8005,1259410,defensive,1,0.9600,0,5010
8006,1259539,defensive,1,0.9600,0,5011
8007,1259677,defensive,1,0.9600,0,5012
8008,1259805,defensive,1,0.9600,0,5013
8009,1259931,defensive,1,0.9600,0,5014
8010,1260069,defensive,1,0.9600,0,5015
8011,1260207,defensive,1,0.9600,0,5016
8012,1260353,defensive,1,0.9600,0,5017
8013,1260510,defensive,1,0.9600,0,5018
8014,1260651,defensive,1,0.9600,0,5019
8015,1260776,defensive,1,0.9600,0,5020
8016,1260903,defensive,1,0.9600,0,5021
8017,1261029,defensive,1,0.9600,0,5022
8018,1261332,defensive,1,0.9600,0,5023
8019,1261511,defensive,1,0.9600,0,5024
8020,1262863,defensive,1,0.9600,0,5025
8021,1262988,defensive,1,0.9600,0,5026
8022,1263149,defensive,1,0.9700,0,5027
8023,1263272,defensive,1,0.9800,0,5028
8024,1263400,defensive,1,0.9800,0,5029
8025,1263547,defensive,1,0.9800,0,5030
8026,1263682,defensive,1,0.9800,0,5031
8027,1263850,defensive,1,0.9800,0,5032
8028,1263977,defensive,1,0.9800,0,5033
8029,1264102,defensive,1,0.9800,0,5034
8030,1264225,defensive,1,0.9800,0,5035
8031,1264350,defensive,1,0.9800,0,5036
8032,1264473,defensive,1,0.9800,0,5037
8033,1264615,defensive,1,0.9800,0,5038
8034,1264746,defensive,1,0.9800,0,5039
8035,1265020,defensive,1,0.9800,0,5040
8036,1265165,defensive,1,0.9800,0,5041
8037,1265291,defensive,1,0.9800,0,5042
8038,1265416,defensive,1,0.9800,0,5043
8039,1265536,defensive,1,0.9800,0,5044
8040,1265660,defensive,1,0.9800,0,5045
8041,1265785,defensive,1,0.9900,0,5046
8042,1265978,defensive,1,0.9900,0,5047
8043,1266110,defensive,1,0.9900,0,5048
8044,1266253,defensive,1,0.9900,0,5049
8045,1266389,defensive,1,0.9900,0,5050
8046,1266616,defensive,1,0.9900,0,5051
8047,1266745,defensive,1,0.9900,0,5052
8048,1266870,defensive,1,0.9900,0,5053
8049,1266994,defensive,1,0.9900,0,5054
8050,1267120,defensive,1,0.9900,0,5055
8051,1267240,defensive,1,0.9900,0,5056
8052,1267461,defensive,1,0.9900,0,5057
8053,1267587,defensive,1,0.9900,0,5058
8054,1267724,defensive,1,0.9900,0,5059
8055,1267848,defensive,1,0.9900,0,5060
8056,1267989,defensive,1,0.9900,0,5061
8057,1268114,defensive,1,0.9900,0,5062
8058,1268265,defensive,1,0.9900,0,5063
8059,1268393,defensive,1,0.9900,0,5064
8060,1268533,defensive,1,0.9900,0,5065
8061,1268660,defensive,1,0.9900,0,5066
8062,1268782,defensive,1,0.9900,0,5067
8063,1268905,defensive,1,0.9900,0,5068
8064,1269154,defensive,1,0.9900,0,5069
8065,1269282,defensive,1,0.9900,0,5070
8066,1269433,defensive,1,0.9900,0,5071
8067,1269571,defensive,1,0.9900,0,5072
8068,1269701,defensive,1,0.9900,0,5073
8069,1269850,defensive,1,0.9900,0,5074
8070,1269976,defensive,1,0.9900,0,5075
8071,1270114,defensive,1,0.9900,0,5076
8072,1270247,defensive,1,0.9900,0,5077
8073,1270397,defensive,1,0.9900,0,5078
8074,1270538,defensive,1,0.9900,0,5079
8075,1270674,defensive,1,0.9900,0,5080
8076,1270814,defensive,1,0.9900,0,5081
8077,1270997,defensive,1,0.9900,0,5082
8078,1271123,defensive,1,0.9900,0,5083
8079,1271259,defensive,1,0.9900,0,5084
8080,1271404,defensive,1,0.9900,0,5085
8081,1271543,defensive,1,0.9900,0,5086
8082,1272895,defensive,1,0.9900,0,5087
8083,1273034,defensive,1,0.9900,0,5088
8084,1273179,defensive,1,0.9900,0,5089
8085,1273305,defensive,1,0.9900,0,5090
8086,1273425,defensive,1,0.9900,0,5091
8087,1273584,defensive,1,1.0000,0,5092
8088,1273721,defensive,1,1.0000,0,5093
8089,1273850,defensive,1,1.0000,0,5094
8090,1273975,defensive,1,1.0000,0,5095
8091,1274121,defensive,1,1.0000,0,5096
8092,1274264,defensive,1,1.0000,0,5097
8093,1274386,defensive,1,1.0000,0,5098
8094,1274507,defensive,1,1.0000,0,5099
8095,1274635,defensive,1,1.0000,0,5100
8096,1274755,defensive,1,1.0000,0,5101
8097,1274882,defensive,1,1.0000,0,5102
8098,1275013,defensive,1,1.0000,0,5103
8099,1275136,defensive,1,1.0000,0,5104
8100,1275281,defensive,1,1.0000,0,5105
8101,1276633,defensive,1,1.0000,0,5106
8102,1276755,defensive,1,1.0000,0,5107
8103,1276908,defensive,1,1.0000,0,5108
8104,1277043,defensive,1,1.0000,0,5109
8105,1277167,defensive,1,1.0000,0,5110
8106,1277291,defensive,1,1.0000,0,5111
8107,1277423,defensive,1,1.0000,0,5112
8108,1277560,defensive,1,1.0000,0,5113
8109,1277713,defensive,1,1.0000,0,5114
8110,1277863,defensive,1,1.0000,0,5115
8111,1277993,defensive,1,1.0000,0,5116
8112,1278133,defensive,1,1.0000,0,5117
8113,1278262,defensive,1,1.0000,0,5118
8114,1278390,defensive,1,1.0000,0,5119
8115,1278515,defensive,1,1.0000,0,5120
8116,1278642,defensive,1,1.0000,0,5121
8117,1278772,defensive,1,1.0000,0,5122
8118,1278917,defensive,1,1.0000,0,5123
8119,1279064,defensive,1,1.0000,0,5124
8120,1279207,defensive,1,1.0000,0,5125
8121,1279333,defensive,1,1.0000,0,5126
8122,1279455,defensive,1,1.0000,0,5127
8123,1279596,defensive,1,1.0000,0,5128
8124,1279729,defensive,1,1.0000,0,5129
8125,1279853,defensive,1,1.0000,0,5130
8126,1279993,defensive,1,1.0000,0,5131
8127,1280130,defensive,1,1.0000,0,5132
8128,1280255,defensive,1,1.0000,0,5133
8129,1280470,defensive,1,1.0000,0,5134
8130,1280597,defensive,1,1.0000,0,5135
8131,1280742,defensive,1,1.0000,0,5136
8132,1280868,defensive,1,1.0000,0,5137
8133,1281009,defensive,1,1.0000,0,5138
8134,1281135,defensive,1,1.0000,0,5139
8135,1281266,defensive,1,1.0000,0,5140
8136,1281394,defensive,1,1.0000,0,5141
8137,1281520,defensive,1,1.0000,0,5142
8138,1281670,defensive,1,1.0000,0,5143
8139,1281805,defensive,1,1.0000,0,5144
8140,1281928,defensive,1,1.0000,0,5145
8141,1282053,defensive,1,1.0000,0,5146
8142,1282185,defensive,1,1.0000,0,5147
8143,1282307,defensive,1,1.0000,0,5148
8144,1282456,defensive,1,1.0000,0,5149
8145,1282605,defensive,1,1.0000,0,5150
8146,1282746,defensive,1,1.0000,0,5151
8147,1282886,defensive,1,1.0000,0,5152
8148,1283028,defensive,1,1.0000,0,5153
8149,1283152,defensive,1,1.0000,0,5154
8150,1283279,defensive,1,1.0000,0,5155
8151,1283406,defensive,1,1.0000,0,5156
8152,1283543,defensive,1,1.0000,0,5157
8153,1283680,defensive,1,1.0000,0,5158
8154,1283805,defensive,1,1.0000,0,5159
8155,1283933,defensive,1,1.0000,0,5160
8156,1284088,defensive,1,1.0000,0,5161
8157,1284215,defensive,1,1.0000,0,5162
8158,1284346,defensive,1,1.0000,0,5163
8159,1284506,defensive,1,1.0000,0,5164
8160,1284633,defensive,1,1.0000,0,5165
8161,1284765,defensive,1,1.0000,0,5166
8162,1284891,defensive,1,1.0000,0,5167
8163,1285032,defensive,1,1.0000,0,5168
8164,1285182,defensive,1,1.0000,0,5169
8165,1285313,defensive,1,1.0000,0,5170
8166,1285469,defensive,1,1.0000,0,5171
8167,1285633,defensive,1,1.0000,0,5172
8168,1285757,defensive,1,1.0000,0,5173
8169,1285902,defensive,1,1.0000,0,5174
8170,1286027,defensive,1,1.0000,0,5175
8171,1286153,defensive,1,1.0000,0,5176
8172,1286280,defensive,1,1.0000,0,5177
8173,1286409,defensive,1,1.0000,0,5178
8174,1286530,defensive,1,1.0000,0,5179
8175,1286656,defensive,1,1.0000,0,5180
8176,1286784,defensive,1,1.0000,0,5181
8177,1286930,defensive,1,1.0000,0,5182
8178,1287059,defensive,1,1.0000,0,5183
8179,1287194,defensive,1,1.0000,0,5184
8180,1287323,defensive,1,1.0000,0,5185
8181,1287450,defensive,1,1.0000,0,5186
8182,1287573,defensive,1,1.0000,0,5187
8183,1288925,defensive,1,1.0000,0,5188
8184,1289048,defensive,1,1.0000,0,5189
8185,1289175,defensive,1,1.0000,0,5190
8186,1289319,defensive,1,1.0000,0,5191
8187,1289492,defensive,1,1.0000,0,5192
8188,1289626,defensive,1,1.0000,0,5193
8189,1289763,defensive,1,1.0000,0,5194
8190,1289887,defensive,1,1.0000,0,5195
8191,1290011,defensive,1,1.0000,0,5196
8192,1290151,defensive,1,1.0000,0,5197
8193,1290271,defensive,1,1.0000,0,5198
8194,1290393,defensive,1,1.0000,0,5199
8195,1290519,defensive,1,1.0000,0,5200
8196,1290820,defensive,1,1.0000,0,5201
8197,1290947,defensive,1,1.0000,0,5202
8198,1291081,defensive,1,1.0000,0,5203
8199,1291353,defensive,1,1.0000,0,5204
8200,1291495,defensive,1,1.0000,0,5205
8201,1291631,defensive,1,1.0000,0,5206
8202,1291774,defensive,1,1.0000,0,5207
8203,1291902,defensive,1,1.0000,0,5208
8204,1292034,defensive,1,1.0000,0,5209
8205,1292156,defensive,1,1.0000,0,5210
8206,1292292,defensive,1,1.0000,0,5211
8207,1292416,defensive,1,1.0000,0,5212
8208,1292544,defensive,1,1.0000,0,5213
8209,1292971,defensive,1,1.0000,0,5214
8210,1293098,defensive,1,1.0000,0,5215
8211,1293223,defensive,1,1.0000,0,5216
8212,1293345,defensive,1,1.0000,0,5217
8213,1293476,defensive,1,1.0000,0,5218
8214,1293608,defensive,1,1.0000,0,5219
8215,1293736,defensive,1,1.0000,0,5220
8216,1293859,defensive,1,1.0000,0,5221
8217,1293990,defensive,1,1.0000,0,5222
8218,1294129,defensive,1,1.0000,0,5223
8219,1294267,defensive,1,1.0000,0,5224
8220,1294392,defensive,1,1.0000,0,5225
8221,1294518,defensive,1,1.0000,0,5226
8222,1294644,defensive,1,1.0000,0,5227
8223,1294788,defensive,1,1.0000,0,5228
8224,1294925,defensive,1,1.0000,0,5229
8225,1295088,defensive,1,1.0000,0,5230
8226,1295228,defensive,1,1.0000,0,5231
8227,1295355,defensive,1,1.0000,0,5232
8228,1295483,defensive,1,1.0000,0,5233
8229,1295624,defensive,1,1.0000,0,5234
8230,1295755,defensive,1,1.0000,0,5235
8231,1295897,defensive,1,1.0000,0,5236
8232,1296115,defensive,1,1.0000,0,5237
8233,1296238,defensive,1,1.0000,0,5238
8234,1296370,defensive,1,1.0000,0,5239
8235,1296526,defensive,1,1.0000,0,5240
8236,1296670,defensive,1,1.0000,0,5241
8237,1296809,defensive,1,1.0000,0,5242
8238,1296935,defensive,1,1.0000,0,5243
8239,1297063,defensive,1,1.0000,0,5244
8240,1297254,defensive,1,1.0000,0,5245
8241,1297408,defensive,1,1.0000,0,5246
8242,1297543,defensive,1,1.0000,0,5247
8243,1297692,defensive,1,1.0000,0,5248
8244,1297794,defensive,1,1.0000,0,5249
8245,1297923,defensive,1,1.0000,0,5250
8246,1298049,defensive,1,1.0000,0,5251
8247,1298262,defensive,1,1.0000,0,5252
8248,1298393,defensive,1,1.0000,0,5253
8249,1298553,defensive,1,1.0000,0,5254
8250,1298705,defensive,1,1.0000,0,5255
8251,1298838,defensive,1,1.0000,0,5256
8252,1298965,defensive,1,1.0000,0,5257
8253,1299113,defensive,1,1.0000,0,5258
8254,1299242,defensive,1,1.0000,0,5259
8255,1299368,defensive,1,1.0000,0,5260
8256,1299492,defensive,1,1.0000,0,5261
8257,1299620,defensive,1,1.0000,0,5262
8258,1299767,defensive,1,1.0000,0,5263
8259,1299892,defensive,1,1.0000,0,5264
8260,1300020,defensive,1,1.0000,0,5265
8261,1300165,defensive,1,1.0000,0,5266
8262,1300301,defensive,1,1.0000,0,5267
8263,1300427,defensive,1,1.0000,0,5268
8264,1300609,defensive,1,1.0000,0,5269
8265,1300751,defensive,1,1.0000,0,5270
8266,1300877,defensive,1,1.0000,0,5271
8267,1301010,defensive,1,1.0000,0,5272
8268,1301132,defensive,1,1.0000,0,5273
8269,1301255,defensive,1,1.0000,0,5274
8270,1301378,defensive,1,1.0000,0,5275
8271,1301503,defensive,1,1.0000,0,5276
8272,1301628,defensive,1,1.0000,0,5277
8273,1301756,defensive,1,1.0000,0,5278
8274,1301942,defensive,1,1.0000,0,5279
8275,1302080,defensive,1,1.0000,0,5280
8276,1302213,defensive,1,1.0000,0,5281
8277,1302343,defensive,1,1.0000,0,5282
8278,1302527,defensive,1,1.0000,0,5283
8279,1302680,defensive,1,1.0000,0,5284
8280,1302803,defensive,1,1.0000,0,5285
8281,1302945,defensive,1,1.0000,0,5286
8282,1303098,defensive,1,1.0000,0,5287
8283,1303226,defensive,1,1.0000,0,5288
8284,1303354,defensive,1,1.0000,0,5289
8285,1303478,defensive,1,1.0000,0,5290
8286,1303604,defensive,1,1.0000,0,5291
8287,1303731,defensive,1,1.0000,0,5292
8288,1303857,defensive,1,1.0000,0,5293
8289,1303981,defensive,1,1.0000,0,5294
8290,1304104,defensive,1,1.0000,0,5295
8291,1304233,defensive,1,1.0000,0,5296
8292,1304360,defensive,1,1.0000,0,5297
8293,1304535,defensive,1,1.0000,0,5298
8294,1304673,defensive,1,1.0000,0,5299
8295,1304798,defensive,1,1.0000,0,5300
8296,1304924,defensive,1,1.0000,0,5301
8297,1305068,defensive,1,1.0000,0,5302
8298,1305191,defensive,1,1.0000,0,5303
8299,1305314,defensive,1,1.0000,0,5304
8300,1305443,defensive,1,1.0000,0,5305
8301,1305575,defensive,1,1.0000,0,5306
8302,1305698,defensive,1,1.0000,0,5307
8303,1305823,defensive,1,1.0000,0,5308
8304,1305948,defensive,1,1.0000,0,5309
8305,1306096,defensive,1,1.0000,0,5310
8306,1306224,defensive,1,1.0000,0,5311
8307,1306371,defensive,1,1.0000,0,5312
8308,1306495,defensive,1,1.0000,0,5313
8309,1306615,defensive,1,1.0000,0,5314
8310,1306769,defensive,1,1.0000,0,5315
8311,1306897,defensive,1,1.0000,0,5316
8312,1307026,defensive,1,1.0000,0,5317
8313,1307154,defensive,1,1.0000,0,5318
8314,1307281,defensive,1,1.0000,0,5319
8315,1307405,defensive,1,1.0000,0,5320
8316,1307540,defensive,1,1.0000,0,5321
8317,1307689,defensive,1,1.0000,0,5322
8318,1307820,defensive,1,1.0000,0,5323
8319,1307951,defensive,1,1.0000,0,5324
8320,1308076,defensive,1,1.0000,0,5325
8321,1308239,defensive,1,1.0000,0,5326
8322,1308412,defensive,1,1.0000,0,5327
8323,1308563,defensive,1,1.0000,0,5328
8324,1308687,defensive,1,1.0000,0,5329
8325,1308818,defensive,1,1.0000,0,5330
8326,1308951,defensive,1,1.0000,0,5331
8327,1309073,defensive,1,1.0000,0,5332
8328,1309196,defensive,1,1.0000,0,5333
8329,1309319,defensive,1,1.0000,0,5334
8330,1309465,defensive,1,1.0000,0,5335
8331,1309586,defensive,1,1.0000,0,5336
8332,1309714,defensive,1,1.0000,0,5337
8333,1309878,defensive,1,1.0000,0,5338
8334,1310006,defensive,1,1.0000,0,5339
8335,1310133,defensive,1,1.0000,0,5340
8336,1310270,defensive,1,1.0000,0,5341
8337,1310394,defensive,1,1.0000,0,5342
8338,1310519,defensive,1,1.0000,0,5343
8339,1310662,defensive,1,1.0000,0,5344
8340,1310795,defensive,1,1.0000,0,5345
8341,1310924,defensive,1,1.0000,0,5346
8342,1311072,defensive,1,1.0000,0,5347
8343,1311195,defensive,1,1.0000,0,5348
8344,1311328,defensive,1,1.0000,0,5349
8345,1311448,defensive,1,1.0000,0,5350
8346,1311580,defensive,1,1.0000,0,5351
8347,1311707,defensive,1,1.0000,0,5352
8348,1311829,defensive,1,1.0000,0,5353
8349,1312006,defensive,1,1.0000,0,5354
8350,1312133,defensive,1,1.0000,0,5355
8351,1312264,defensive,1,1.0000,0,5356
8352,1312413,defensive,1,1.0000,0,5357
8353,1312553,defensive,1,1.0000,0,5358
8354,1312684,defensive,1,1.0000,0,5359
8355,1312977,defensive,1,1.0000,0,5360
8356,1313101,defensive,1,1.0000,0,5361
8357,1313231,defensive,1,1.0000,0,5362
8358,1313354,defensive,1,1.0000,0,5363
8359,1313496,defensive,1,1.0000,0,5364
8360,1313628,defensive,1,1.0000,0,5365
8361,1313762,defensive,1,1.0000,0,5366
8362,1313909,defensive,1,1.0000,0,5367
8363,1314065,defensive,1,1.0000,0,5368
8364,1314203,defensive,1,1.0000,0,5369
8365,1314348,defensive,1,1.0000,0,5370
8366,1314490,defensive,1,1.0000,0,5371
8367,1314611,defensive,1,1.0000,0,5372
8368,1314733,defensive,1,1.0000,0,5373
8369,1314853,defensive,1,1.0000,0,5374
8370,1314975,defensive,1,1.0000,0,5375
8371,1315122,defensive,1,1.0000,0,5376
8372,1315245,defensive,1,1.0000,0,5377
8373,1315364,defensive,1,1.0000,0,5378
8374,1315490,defensive,1,1.0000,0,5379
8375,1315623,defensive,1,1.0000,0,5380
8376,1315748,defensive,1,1.0000,0,5381
8377,1315884,defensive,1,1.0000,0,5382
8378,1316007,defensive,1,1.0000,0,5383
8379,1316133,defensive,1,1.0000,0,5384
8380,1316259,defensive,1,1.0000,0,5385
8381,1316379,defensive,1,1.0000,0,5386
8382,1316511,defensive,1,1.0000,0,5387
8383,1316638,defensive,1,1.0000,0,5388
8384,1316772,defensive,1,1.0000,0,5389
8385,1316901,defensive,1,1.0000,0,5390
8386,1317214,defensive,1,1.0000,0,5391
8387,1317377,defensive,1,1.0000,0,5392
8388,1317501,defensive,1,1.0000,0,5393
8389,1317625,defensive,1,1.0000,0,5394
8390,1317764,defensive,1,1.0000,0,5395
8391,1318038,defensive,1,1.0000,0,5396
8392,1318179,defensive,1,1.0000,0,5397
8393,1318302,defensive,1,1.0000,0,5398
8394,1318426,defensive,1,1.0000,0,5399
8395,1318572,defensive,1,1.0000,0,5400
8396,1318691,defensive,1,1.0000,0,5401
8397,1318816,defensive,1,1.0000,0,5402
8398,1318941,defensive,1,1.0000,0,5403
8399,1319066,defensive,1,1.0000,0,5404
8400,1319165,defensive,0,0.9900,0,5405
8401,1319284,defensive,1,0.9900,0,5406
8402,1319508,defensive,1,0.9900,0,5407
8403,1319638,defensive,1,0.9900,0,5408
8404,1319778,defensive,1,0.9900,0,5409
8405,1319906,defensive,1,0.9900,0,5410
8406,1320038,defensive,1,0.9900,0,5411
8407,1320163,defensive,1,0.9900,0,5412
8408,1320301,defensive,1,0.9900,0,5413
8409,1320424,defensive,1,0.9900,0,5414
8410,1320551,defensive,1,0.9900,0,5415
8411,1320697,defensive,1,0.9900,0,5416
8412,1320842,defensive,1,0.9900,0,5417
8413,1320983,defensive,1,0.9900,0,5418
8414,1321141,defensive,1,0.9900,0,5419
8415,1321414,defensive,1,0.9900,0,5420
8416,1321538,defensive,1,0.9900,0,5421
8417,1321670,defensive,1,0.9900,0,5422
8418,1321802,defensive,1,0.9900,0,5423
8419,1321931,defensive,1,0.9900,0,5424
8420,1322142,defensive,1,0.9900,0,5425
8421,1322267,defensive,1,0.9900,0,5426
8422,1322402,defensive,1,0.9900,0,5427
8423,1322527,defensive,1,0.9900,0,5428
8424,1322669,defensive,1,0.9900,0,5429
8425,1322911,defensive,1,0.9900,0,5430
8426,1323059,defensive,1,0.9900,0,5431
8427,1323183,defensive,1,0.9900,0,5432
8428,1323357,defensive,1,0.9900,0,5433
8429,1323487,defensive,1,0.9900,0,5434
8430,1323608,defensive,1,0.9900,0,5435
8431,1323737,defensive,1,0.9900,0,5436
8432,1323871,defensive,1,0.9900,0,5437
8433,1324000,defensive,1,0.9900,0,5438
8434,1324122,defensive,1,0.9900,0,5439
8435,1324267,defensive,1,0.9900,0,5440
8436,1324410,defensive,1,0.9900,0,5441
8437,1324537,defensive,1,0.9900,0,5442
8438,1324669,defensive,1,0.9900,0,5443
8439,1324794,defensive,1,0.9900,0,5444
8440,1324924,defensive,1,0.9900,0,5445
8441,1325074,defensive,1,0.9900,0,5446
8442,1325203,defensive,1,0.9900,0,5447
8443,1325329,defensive,1,0.9900,0,5448
8444,1325622,defensive,1,0.9900,0,5449
8445,1325761,defensive,1,0.9900,0,5450
8446,1326036,defensive,1,0.9900,0,5451
8447,1326158,defensive,1,0.9900,0,5452
8448,1326578,defensive,1,0.9900,0,5453
8449,1326713,defensive,1,0.9900,0,5454
8450,1326844,defensive,1,0.9900,0,5455
8451,1326972,defensive,1,0.9900,0,5456
8452,1327105,defensive,1,0.9900,0,5457
8453,1327247,defensive,1,0.9900,0,5458
8454,1327391,defensive,1,0.9900,0,5459
8455,1327519,defensive,1,0.9900,0,5460
8456,1327641,defensive,1,0.9900,0,5461
8457,1327760,defensive,1,0.9900,0,5462
8458,1327917,defensive,1,0.9900,0,5463
8459,1328055,defensive,1,0.9900,0,5464
8460,1328180,defensive,1,0.9900,0,5465
8461,1328318,defensive,1,0.9900,0,5466
8462,1328435,defensive,1,0.9900,0,5467
8463,1328563,defensive,1,0.9900,0,5468
8464,1328704,defensive,1,0.9900,0,5469
8465,1328832,defensive,1,0.9900,0,5470
8466,1329000,defensive,1,0.9900,0,5471
8467,1329176,defensive,1,0.9900,0,5472
8468,1329306,defensive,1,0.9900,0,5473
8469,1329485,defensive,1,0.9900,0,5474
8470,1329619,defensive,1,0.9900,0,5475
8471,1329755,defensive,1,0.9900,0,5476
8472,1329881,defensive,1,0.9900,0,5477
8473,1330022,defensive,1,0.9900,0,5478
8474,1330150,defensive,1,0.9900,0,5479
8475,1330281,defensive,1,0.9900,0,5480
8476,1330402,defensive,1,0.9900,0,5481
8477,1330524,defensive,1,0.9900,0,5482
8478,1330662,defensive,1,0.9900,0,5483
8479,1330796,defensive,1,0.9900,0,5484
8480,1330917,defensive,1,0.9900,0,5485
8481,1331054,defensive,1,0.9900,0,5486
8482,1331180,defensive,1,0.9900,0,5487
8483,1331352,defensive,1,0.9900,0,5488
8484,1331478,defensive,1,0.9900,0,5489
8485,1331605,defensive,1,0.9900,0,5490
8486,1331734,defensive,1,0.9900,0,5491
8487,1331858,defensive,1,0.9900,0,5492
8488,1331986,defensive,1,0.9900,0,5493
8489,1332116,defensive,1,0.9900,0,5494
8490,1332248,defensive,1,0.9900,0,5495
8491,1332369,defensive,1,0.9900,0,5496
8492,1332493,defensive,1,0.9900,0,5497
8493,1332622,defensive,1,0.9900,0,5498
8494,1332778,defensive,1,0.9900,0,5499
8495,1332901,defensive,1,0.9900,0,5500
8496,1333023,defensive,1,0.9900,0,5501
8497,1333157,defensive,1,0.9900,0,5502
8498,1333284,defensive,1,0.9900,0,5503
8499,1333404,defensive,1,0.9900,0,5504
8500,1333526,defensive,1,1.0000,0,5505
8501,1333647,defensive,1,1.0000,0,5506
8502,1333782,defensive,1,1.0000,0,5507
8503,1333938,defensive,1,1.0000,0,5508
8504,1334354,defensive,1,1.0000,0,5509
8505,1334481,defensive,1,1.0000,0,5510
8506,1334606,defensive,1,1.0000,0,5511
8507,1334733,defensive,1,1.0000,0,5512
8508,1334871,defensive,1,1.0000,0,5513
8509,1335005,defensive,1,1.0000,0,5514
8510,1335148,defensive,1,1.0000,0,5515
8511,1335273,defensive,1,1.0000,0,5516
8512,1335397,defensive,1,1.0000,0,5517
8513,1335520,defensive,1,1.0000,0,5518
8514,1335640,defensive,1,1.0000,0,5519
8515,1335901,defensive,1,1.0000,0,5520
8516,1336085,defensive,1,1.0000,0,5521
8517,1336222,defensive,1,1.0000,0,5522
8518,1336342,defensive,1,1.0000,0,5523
8519,1336469,defensive,1,1.0000,0,5524
8520,1336592,defensive,1,1.0000,0,5525
8521,1336714,defensive,1,1.0000,0,5526
8522,1336896,defensive,1,1.0000,0,5527
8523,1338248,defensive,1,1.0000,0,5528
8524,1338391,defensive,1,1.0000,0,5529
8525,1338514,defensive,1,1.0000,0,5530
8526,1338644,defensive,1,1.0000,0,5531
8527,1338769,defensive,1,1.0000,0,5532
8528,1338899,defensive,1,1.0000,0,5533
8529,1339021,defensive,1,1.0000,0,5534
8530,1339150,defensive,1,1.0000,0,5535
8531,1339274,defensive,1,1.0000,0,5536
8532,1339400,defensive,1,1.0000,0,5537
8533,1339517,defensive,1,1.0000,0,5538
8534,1339636,defensive,1,1.0000,0,5539
8535,1339755,defensive,1,1.0000,0,5540
8536,1339903,defensive,1,1.0000,0,5541
8537,1340027,defensive,1,1.0000,0,5542
8538,1340184,defensive,1,1.0000,0,5543
8539,1340307,defensive,1,1.0000,0,5544
8540,1340454,defensive,1,1.0000,0,5545
8541,1340579,defensive,1,1.0000,0,5546
8542,1340709,defensive,1,1.0000,0,5547
8543,1340860,defensive,1,1.0000,0,5548
8544,1340995,defensive,1,1.0000,0,5549
8545,1341183,defensive,1,1.0000,0,5550
8546,1341333,defensive,1,1.0000,0,5551
8547,1341460,defensive,1,1.0000,0,5552
8548,1341575,defensive,1,1.0000,0,5553
8549,1341699,defensive,1,1.0000,0,5554
8550,1341834,defensive,1,1.0000,0,5555
8551,1341958,defensive,1,1.0000,0,5556
8552,1342083,defensive,1,1.0000,0,5557
8553,1342379,defensive,1,1.0000,0,5558
8554,1342567,defensive,1,1.0000,0,5559
8555,1342691,defensive,1,1.0000,0,5560
8556,1342955,defensive,1,1.0000,0,5561
8557,1343087,defensive,1,1.0000,0,5562
8558,1343212,defensive,1,1.0000,0,5563
8559,1343344,defensive,1,1.0000,0,5564
8560,1343496,defensive,1,1.0000,0,5565
8561,1343619,defensive,1,1.0000,0,5566
8562,1343743,defensive,1,1.0000,0,5567
8563,1343877,defensive,1,1.0000,0,5568
8564,1344003,defensive,1,1.0000,0,5569
8565,1344132,defensive,1,1.0000,0,5570
8566,1344273,defensive,1,1.0000,0,5571
8567,1344415,defensive,1,1.0000,0,5572
8568,1344548,defensive,1,1.0000,0,5573
8569,1344669,defensive,1,1.0000,0,5574
8570,1344804,defensive,1,1.0000,0,5575
8571,1344951,defensive,1,1.0000,0,5576
8572,1345110,defensive,1,1.0000,0,5577
8573,1345234,defensive,1,1.0000,0,5578
8574,1345405,defensive,1,1.0000,0,5579
8575,1345526,defensive,1,1.0000,0,5580
8576,1345653,defensive,1,1.0000,0,5581
8577,1345785,defensive,1,1.0000,0,5582
8578,1345908,defensive,1,1.0000,0,5583
8579,1346031,defensive,1,1.0000,0,5584
8580,1346163,defensive,1,1.0000,0,5585
8581,1346293,defensive,1,1.0000,0,5586
8582,1346419,defensive,1,1.0000,0,5587
8583,1346544,defensive,1,1.0000,0,5588
8584,1346683,defensive,1,1.0000,0,5589
8585,1346801,defensive,1,1.0000,0,5590
8586,1346924,defensive,1,1.0000,0,5591
8587,1347047,defensive,1,1.0000,0,5592
8588,1347187,defensive,1,1.0000,0,5593
8589,1347315,defensive,1,1.0000,0,5594
8590,1347453,defensive,1,1.0000,0,5595
8591,1347577,defensive,1,1.0000,0,5596
8592,1347715,defensive,1,1.0000,0,5597
8593,1347839,defensive,1,1.0000,0,5598
8594,1347981,defensive,1,1.0000,0,5599
8595,1348104,defensive,1,1.0000,0,5600
8596,1348233,defensive,1,1.0000,0,5601
8597,1348381,defensive,1,1.0000,0,5602
8598,1348514,defensive,1,1.0000,0,5603
8599,1348639,defensive,1,1.0000,0,5604
8600,1348761,defensive,1,1.0000,0,5605
8601,1348901,defensive,1,1.0000,0,5606
8602,1349028,defensive,1,1.0000,0,5607
8603,1349167,defensive,1,1.0000,0,5608
8604,1349291,defensive,1,1.0000,0,5609
8605,1349413,defensive,1,1.0000,0,5610
8606,1349537,defensive,1,1.0000,0,5611
8607,1349677,defensive,1,1.0000,0,5612
8608,1349812,defensive,1,1.0000,0,5613
8609,1349989,defensive,1,1.0000,0,5614
8610,1350126,defensive,1,1.0000,0,5615
8611,1350255,defensive,1,1.0000,0,5616
8612,1350549,defensive,1,1.0000,0,5617
8613,1350685,defensive,1,1.0000,0,5618
8614,1351805,defensive,1,1.0000,0,5619
8615,1351932,defensive,1,1.0000,0,5620
8616,1352183,defensive,1,1.0000,0,5621
8617,1352445,defensive,1,1.0000,0,5622
8618,1352570,defensive,1,1.0000,0,5623
8619,1352703,defensive,1,1.0000,0,5624
8620,1352832,defensive,1,1.0000,0,5625
8621,1352971,defensive,1,1.0000,0,5626
8622,1353094,defensive,1,1.0000,0,5627
8623,1353236,defensive,1,1.0000,0,5628
8624,1353396,defensive,1,1.0000,0,5629
8625,1353523,defensive,1,1.0000,0,5630
8626,1353644,defensive,1,1.0000,0,5631
8627,1353821,defensive,1,1.0000,0,5632
8628,1354035,defensive,1,1.0000,0,5633
8629,1354163,defensive,1,1.0000,0,5634
8630,1354288,defensive,1,1.0000,0,5635
8631,1354430,defensive,1,1.0000,0,5636
8632,1354554,defensive,1,1.0000,0,5637
8633,1354691,defensive,1,1.0000,0,5638
8634,1354854,defensive,1,1.0000,0,5639
8635,1354976,defensive,1,1.0000,0,5640
8636,1355106,defensive,1,1.0000,0,5641
8637,1355231,defensive,1,1.0000,0,5642
8638,1355354,defensive,1,1.0000,0,5643
8639,1355488,defensive,1,1.0000,0,5644
8640,1355655,defensive,1,1.0000,0,5645
8641,1355777,defensive,1,1.0000,0,5646
8642,1355911,defensive,1,1.0000,0,5647
8643,1356047,defensive,1,1.0000,0,5648
8644,1356181,defensive,1,1.0000,0,5649
8645,1356314,defensive,1,1.0000,0,5650
8646,1356442,defensive,1,1.0000,0,5651
8647,1356579,defensive,1,1.0000,0,5652
8648,1356703,defensive,1,1.0000,0,5653
8649,1356829,defensive,1,1.0000,0,5654
8650,1356972,defensive,1,1.0000,0,5655
8651,1357095,defensive,1,1.0000,0,5656
8652,1357222,defensive,1,1.0000,0,5657
8653,1357492,defensive,1,1.0000,0,5658
8654,1357621,defensive,1,1.0000,0,5659
8655,1357747,defensive,1,1.0000,0,5660
8656,1357873,defensive,1,1.0000,0,5661
8657,1358000,defensive,1,1.0000,0,5662
8658,1358124,defensive,1,1.0000,0,5663
8659,1358254,defensive,1,1.0000,0,5664
8660,1358399,defensive,1,1.0000,0,5665
8661,1358549,defensive,1,1.0000,0,5666
8662,1358670,defensive,1,1.0000,0,5667
8663,1358803,defensive,1,1.0000,0,5668
8664,1358945,defensive,1,1.0000,0,5669
8665,1359073,defensive,1,1.0000,0,5670
8666,1359204,defensive,1,1.0000,0,5671
8667,1359325,defensive,1,1.0000,0,5672
8668,1359461,defensive,1,1.0000,0,5673
8669,1359584,defensive,1,1.0000,0,5674
8670,1359706,defensive,1,1.0000,0,5675
8671,1359902,defensive,1,1.0000,0,5676
8672,1360021,defensive,1,1.0000,0,5677
8673,1360144,defensive,1,1.0000,0,5678
8674,1360270,defensive,1,1.0000,0,5679
8675,1360400,defensive,1,1.0000,0,5680
8676,1360528,defensive,1,1.0000,0,5681
8677,1360656,defensive,1,1.0000,0,5682
8678,1360804,defensive,1,1.0000,0,5683
8679,1360927,defensive,1,1.0000,0,5684
8680,1361076,defensive,1,1.0000,0,5685
8681,1361208,defensive,1,1.0000,0,5686
8682,1361332,defensive,1,1.0000,0,5687
8683,1361475,defensive,1,1.0000,0,5688
8684,1361608,defensive,1,1.0000,0,5689
8685,1361749,defensive,1,1.0000,0,5690
8686,1361925,defensive,1,1.0000,0,5691
8687,1362055,defensive,1,1.0000,0,5692
8688,1362202,defensive,1,1.0000,0,5693
8689,1362346,defensive,1,1.0000,0,5694
8690,1362479,defensive,1,1.0000,0,5695
8691,1362602,defensive,1,1.0000,0,5696
8692,1362725,defensive,1,1.0000,0,5697
8693,1362849,defensive,1,1.0000,0,5698
8694,1363039,defensive,1,1.0000,0,5699
8695,1363167,defensive,1,1.0000,0,5700
8696,1363310,defensive,1,1.0000,0,5701
8697,1363443,defensive,1,1.0000,0,5702
8698,1363567,defensive,1,1.0000,0,5703
8699,1363691,defensive,1,1.0000,0,5704
8700,1363828,defensive,1,1.0000,0,5705
8701,1363971,defensive,1,1.0000,0,5706
8702,1364111,defensive,1,1.0000,0,5707
8703,1364258,defensive,1,1.0000,0,5708
8704,1364383,defensive,1,1.0000,0,5709
8705,1364508,defensive,1,1.0000,0,5710
8706,1364630,defensive,1,1.0000,0,5711
8707,1364787,defensive,1,1.0000,0,5712
8708,1364906,defensive,1,1.0000,0,5713
8709,1365028,defensive,1,1.0000,0,5714
8710,1365155,defensive,1,1.0000,0,5715
8711,1365313,defensive,1,1.0000,0,5716
8712,1365490,defensive,1,1.0000,0,5717
8713,1365613,defensive,1,1.0000,0,5718
8714,1365753,defensive,1,1.0000,0,5719
8715,1365890,defensive,1,1.0000,0,5720
8716,1366037,defensive,1,1.0000,0,5721
8717,1366163,defensive,1,1.0000,0,5722
8718,1366288,defensive,1,1.0000,0,5723
8719,1366412,defensive,1,1.0000,0,5724
8720,1366568,defensive,1,1.0000,0,5725
8721,1366694,defensive,1,1.0000,0,5726
8722,1366817,defensive,1,1.0000,0,5727
8723,1366946,defensive,1,1.0000,0,5728
8724,1367070,defensive,1,1.0000,0,5729
8725,1367199,defensive,1,1.0000,0,5730
8726,1367325,defensive,1,1.0000,0,5731
8727,1367447,defensive,1,1.0000,0,5732
8728,1367589,defensive,1,1.0000,0,5733
8729,1367705,defensive,1,1.0000,0,5734
8730,1367854,defensive,1,1.0000,0,5735
8731,1367977,defensive,1,1.0000,0,5736
8732,1368117,defensive,1,1.0000,0,5737
8733,1368266,defensive,1,1.0000,0,5738
8734,1368401,defensive,1,1.0000,0,5739
8735,1368526,defensive,1,1.0000,0,5740
8736,1368651,defensive,1,1.0000,0,5741
8737,1368768,defensive,1,1.0000,0,5742
8738,1368889,defensive,1,1.0000,0,5743
8739,1369024,defensive,1,1.0000,0,5744
8740,1369171,defensive,1,1.0000,0,5745
8741,1369323,defensive,1,1.0000,0,5746
8742,1369447,defensive,1,1.0000,0,5747
8743,1369725,defensive,1,1.0000,0,5748
8744,1369855,defensive,1,1.0000,0,5749
8745,1370000,defensive,1,1.0000,0,5750
8746,1370133,defensive,1,1.0000,0,5751
8747,1370251,defensive,1,1.0000,0,5752
8748,1370380,defensive,1,1.0000,0,5753
8749,1370498,defensive,1,1.0000,0,5754
8750,1370624,defensive,1,1.0000,0,5755
8751,1370747,defensive,1,1.0000,0,5756
8752,1370883,defensive,1,1.0000,0,5757
8753,1371005,defensive,1,1.0000,0,5758
8754,1371132,defensive,1,1.0000,0,5759
8755,1371261,defensive,1,1.0000,0,5760
8756,1371394,defensive,1,1.0000,0,5761
8757,1371528,defensive,1,1.0000,0,5762
8758,1371657,defensive,1,1.0000,0,5763
8759,1371836,defensive,1,1.0000,0,5764
8760,1371949,defensive,1,1.0000,0,5765
8761,1372075,defensive,1,1.0000,0,5766
8762,1372309,defensive,1,1.0000,0,5767
8763,1372437,defensive,1,1.0000,0,5768
8764,1372533,defensive,1,1.0000,0,5769
8765,1372657,defensive,1,1.0000,0,5770
8766,1372782,defensive,1,1.0000,0,5771
8767,1372925,defensive,1,1.0000,0,5772
8768,1373042,defensive,1,1.0000,0,5773
8769,1373186,defensive,1,1.0000,0,5774
8770,1373313,defensive,1,1.0000,0,5775
8771,1373438,defensive,1,1.0000,0,5776
8772,1373564,defensive,1,1.0000,0,5777
8773,1373711,defensive,1,1.0000,0,5778
8774,1373879,defensive,1,1.0000,0,5779
8775,1374027,defensive,1,1.0000,0,5780
8776,1374180,defensive,1,1.0000,0,5781
8777,1374303,defensive,1,1.0000,0,5782
8778,1374452,defensive,1,1.0000,0,5783
8779,1374581,defensive,1,1.0000,0,5784
8780,1374722,defensive,1,1.0000,0,5785
8781,1374860,defensive,1,1.0000,0,5786
8782,1374980,defensive,1,1.0000,0,5787
8783,1375119,defensive,1,1.0000,0,5788
8784,1375239,defensive,1,1.0000,0,5789
8785,1375368,defensive,1,1.0000,0,5790
8786,1375498,defensive,1,1.0000,0,5791
8787,1375625,defensive,1,1.0000,0,5792
8788,1375749,defensive,1,1.0000,0,5793
8789,1375874,defensive,1,1.0000,0,5794
8790,1376014,defensive,1,1.0000,0,5795
8791,1376144,defensive,1,1.0000,0,5796
8792,1376282,defensive,1,1.0000,0,5797
8793,1376407,defensive,1,1.0000,0,5798
8794,1376540,defensive,1,1.0000,0,5799
8795,1376699,defensive,1,1.0000,0,5800
8796,1376844,defensive,1,1.0000,0,5801
8797,1376967,defensive,1,1.0000,0,5802
8798,1377091,defensive,1,1.0000,0,5803
8799,1377210,defensive,1,1.0000,0,5804
8800,1377313,defensive,1,1.0000,0,5805
8801,1377453,defensive,1,1.0000,0,5806
8802,1377678,defensive,1,1.0000,0,5807
8803,1377798,defensive,1,1.0000,0,5808
8804,1377921,defensive,1,1.0000,0,5809
8805,1378050,defensive,1,1.0000,0,5810
8806,1378173,defensive,1,1.0000,0,5811
8807,1378295,defensive,1,1.0000,0,5812
8808,1378421,defensive,1,1.0000,0,5813
8809,1378568,defensive,1,1.0000,0,5814
8810,1378697,defensive,1,1.0000,0,5815
8811,1378841,defensive,1,1.0000,0,5816
8812,1378966,defensive,1,1.0000,0,5817
8813,1379097,defensive,1,1.0000,0,5818
8814,1379232,defensive,1,1.0000,0,5819
8815,1379370,defensive,1,1.0000,0,5820
8816,1379499,defensive,1,1.0000,0,5821
8817,1379652,defensive,1,1.0000,0,5822
8818,1379778,defensive,1,1.0000,0,5823
8819,1379899,defensive,1,1.0000,0,5824
8820,1380023,defensive,1,1.0000,0,5825
8821,1380122,defensive,0,0.9900,0,5826
8822,1380297,defensive,1,0.9900,0,5827
8823,1380419,defensive,1,0.9900,0,5828
8824,1380570,defensive,1,0.9900,0,5829
8825,1380693,defensive,1,0.9900,0,5830
8826,1380871,defensive,1,0.9900,0,5831
8827,1381036,defensive,1,0.9900,0,5832
8828,1381155,defensive,1,0.9900,0,5833
8829,1381281,defensive,1,0.9900,0,5834
8830,1381417,defensive,1,0.9900,0,5835
8831,1381554,defensive,1,0.9900,0,5836
8832,1381675,defensive,1,0.9900,0,5837
8833,1381794,defensive,1,0.9900,0,5838
8834,1381929,defensive,1,0.9900,0,5839
8835,1382056,defensive,1,0.9900,0,5840
8836,1382195,defensive,1,0.9900,0,5841
8837,1382348,defensive,1,0.9900,0,5842
8838,1382539,defensive,1,0.9900,0,5843
8839,1382692,defensive,1,0.9900,0,5844
8840,1382815,defensive,1,0.9900,0,5845
8841,1382941,defensive,1,0.9900,0,5846
8842,1383066,defensive,1,0.9900,0,5847
8843,1383206,defensive,1,0.9900,0,5848
8844,1383326,defensive,1,0.9900,0,5849
8845,1383449,defensive,1,0.9900,0,5850
8846,1383592,defensive,1,0.9900,0,5851
8847,1383712,defensive,1,0.9900,0,5852
8848,1383844,defensive,1,0.9900,0,5853
8849,1383987,defensive,1,0.9900,0,5854
8850,1384108,defensive,1,0.9900,0,5855
8851,1384229,defensive,1,0.9900,0,5856
8852,1384352,defensive,1,0.9900,0,5857
8853,1384475,defensive,1,0.9900,0,5858
8854,1384615,defensive,1,0.9900,0,5859
8855,1384745,defensive,1,0.9900,0,5860
8856,1384872,defensive,1,0.9900,0,5861
8857,1384992,defensive,1,0.9900,0,5862
8858,1385110,defensive,1,0.9900,0,5863
8859,1385237,defensive,1,0.9900,0,5864
8860,1385365,defensive,1,0.9900,0,5865
8861,1385491,defensive,1,0.9900,0,5866
8862,1385619,defensive,1,0.9900,0,5867
8863,1385751,defensive,1,0.9900,0,5868
8864,1385877,defensive,1,0.9900,0,5869
8865,1386023,defensive,1,0.9900,0,5870
8866,1386142,defensive,1,0.9900,0,5871
8867,1386286,defensive,1,0.9900,0,5872
8868,1386430,defensive,1,0.9900,0,5873
8869,1386561,defensive,1,0.9900,0,5874
8870,1386682,defensive,1,0.9900,0,5875
8871,1386812,defensive,1,0.9900,0,5876
8872,1386935,defensive,1,0.9900,0,5877
8873,1387078,defensive,1,0.9900,0,5878
8874,1387202,defensive,1,0.9900,0,5879
8875,1387323,defensive,1,0.9900,0,5880
8876,1387448,defensive,1,0.9900,0,5881
8877,1387575,defensive,1,0.9900,0,5882
8878,1387711,defensive,1,0.9900,0,5883
8879,1387833,defensive,1,0.9900,0,5884
8880,1387973,defensive,1,0.9900,0,5885
8881,1388105,defensive,1,0.9900,0,5886
8882,1389457,defensive,1,0.9900,0,5887
8883,1389641,defensive,1,0.9900,0,5888
8884,1389771,defensive,1,0.9900,0,5889
8885,1389912,defensive,1,0.9900,0,5890
8886,1390033,defensive,1,0.9900,0,5891
8887,1390180,defensive,1,0.9900,0,5892
8888,1390541,defensive,1,0.9900,0,5893
8889,1390686,defensive,1,0.9900,0,5894
8890,1390808,defensive,1,0.9900,0,5895
8891,1390947,defensive,1,0.9900,0,5896
8892,1391068,defensive,1,0.9900,0,5897
8893,1391199,defensive,1,0.9900,0,5898
8894,1391329,defensive,1,0.9900,0,5899
8895,1391464,defensive,1,0.9900,0,5900
8896,1391587,defensive,1,0.9900,0,5901
8897,1391730,defensive,1,0.9900,0,5902
8898,1391873,defensive,1,0.9900,0,5903
8899,1391996,defensive,1,0.9900,0,5904
8900,1392126,defensive,1,0.9900,0,5905
8901,1392251,defensive,1,0.9900,0,5906
8902,1392411,defensive,1,0.9900,0,5907
8903,1392538,defensive,1,0.9900,0,5908
8904,1392662,defensive,1,0.9900,0,5909
8905,1392788,defensive,1,0.9900,0,5910
8906,1392935,defensive,1,0.9900,0,5911
8907,1393056,defensive,1,0.9900,0,5912
8908,1393183,defensive,1,0.9900,0,5913
8909,1393311,defensive,1,0.9900,0,5914
8910,1393443,defensive,1,0.9900,0,5915
8911,1393590,defensive,1,0.9900,0,5916
8912,1393719,defensive,1,0.9900,0,5917
8913,1393851,defensive,1,0.9900,0,5918
8914,1393987,defensive,1,0.9900,0,5919
8915,1394115,defensive,1,0.9900,0,5920
8916,1394255,defensive,1,0.9900,0,5921
8917,1394376,defensive,1,0.9900,0,5922
8918,1394501,defensive,1,0.9900,0,5923
8919,1394628,defensive,1,0.9900,0,5924
8920,1394750,defensive,1,0.9900,0,5925
8921,1394871,defensive,1,1.0000,0,5926
8922,1395021,defensive,1,1.0000,0,5927
8923,1395190,defensive,1,1.0000,0,5928
8924,1395314,defensive,1,1.0000,0,5929
8925,1395439,defensive,1,1.0000,0,5930
8926,1395570,defensive,1,1.0000,0,5931
8927,1395714,defensive,1,1.0000,0,5932
8928,1395839,defensive,1,1.0000,0,5933
8929,1395962,defensive,1,1.0000,0,5934
8930,1396085,defensive,1,1.0000,0,5935
8931,1396210,defensive,1,1.0000,0,5936
8932,1396329,defensive,1,1.0000,0,5937
8933,1397681,defensive,1,1.0000,0,5938
8934,1397802,defensive,1,1.0000,0,5939
8935,1397941,defensive,1,1.0000,0,5940
8936,1398062,defensive,1,1.0000,0,5941
8937,1398184,defensive,1,1.0000,0,5942
8938,1398302,defensive,1,1.0000,0,5943
8939,1398428,defensive,1,1.0000,0,5944
8940,1398556,defensive,1,1.0000,0,5945
8941,1398687,defensive,1,1.0000,0,5946
8942,1398773,defensive,0,0.9900,0,5947
8943,1398900,defensive,1,0.9900,0,5948
8944,1399028,defensive,1,0.9900,0,5949
8945,1399165,defensive,1,0.9900,0,5950
8946,1399289,defensive,1,0.9900,0,5951
8947,1399414,defensive,1,0.9900,0,5952
8948,1399544,defensive,1,0.9900,0,5953
8949,1399708,defensive,1,0.9900,0,5954
8950,1399842,defensive,1,0.9900,0,5955
8951,1399967,defensive,1,0.9900,0,5956
8952,1400109,defensive,1,0.9900,0,5957
8953,1400306,corner,1,0.9900,1,1
8954,1400504,corner,1,0.9900,1,2
8955,1400664,corner,1,0.9900,1,3
8956,1401219,corner,1,0.9900,1,4
8957,1401544,corner,1,0.9900,1,5
8958,1401760,corner,1,0.9900,1,6
8959,1402310,corner,1,0.9900,1,7
8960,1402795,corner,1,0.9900,1,8
8961,1403096,corner,1,0.9900,1,9
8962,1403327,corner,1,0.9900,1,10
8963,1403836,corner,1,0.9900,1,11
8964,1404169,corner,1,0.9900,1,12
8965,1404326,corner,1,0.9900,1,13
8966,1404711,corner,1,0.9900,1,14
8967,1405059,corner,1,0.9900,1,15
8968,1405222,corner,1,0.9900,1,16
8969,1405772,corner,1,0.9900,1,17
8970,1406108,corner,1,0.9900,1,18
8971,1406272,corner,1,0.9900,1,19
8972,1406649,corner,1,0.9900,1,20
8973,1406809,corner,1,0.9900,1,21
8974,1407724,corner,1,0.9900,1,22
8975,1407904,corner,1,0.9900,1,23
8976,1408088,corner,1,0.9900,1,24
8977,1408257,corner,1,0.9900,1,25
8978,1408672,corner,1,0.9900,1,26
8979,1409060,corner,1,0.9900,1,27
8980,1409396,corner,1,0.9900,1,28
8981,1409751,corner,1,0.9900,1,29
8982,1409912,corner,1,0.9900,1,30
8983,1410321,corner,1,0.9900,1,31
8984,1410507,corner,1,0.9900,1,32
8985,1410850,corner,1,0.9900,1,33
8986,1412202,corner,1,0.9900,1,34
8987,1412539,corner,1,0.9900,1,35
8988,1412717,corner,1,0.9900,1,36
8989,1412881,corner,1,0.9900,1,37
8990,1413256,corner,1,0.9900,1,38
8991,1413760,corner,1,0.9900,1,39
8992,1414432,corner,1,0.9900,1,40
8993,1414980,corner,1,0.9900,1,41
8994,1415115,corner,1,0.9900,1,42
8995,1415633,corner,1,0.9900,1,43
8996,1416047,corner,1,0.9900,1,44
8997,1416418,corner,1,0.9900,1,45
8998,1416785,corner,1,0.9900,1,46
8999,1417159,corner,1,0.9900,1,47
9000,1417335,corner,1,0.9900,1,48
9001,1417535,corner,1,0.9900,1,49
9002,1418369,corner,1,0.9900,1,50
9003,1418542,corner,1,0.9900,1,51
9004,1418872,corner,1,0.9900,1,52
9005,1419122,corner,1,0.9900,1,53
9006,1419472,corner,1,0.9900,1,54
9007,1419988,corner,1,0.9900,1,55
9008,1420406,corner,1,0.9900,1,56
9009,1420611,corner,1,0.9900,1,57
9010,1420824,corner,1,0.9900,1,58
9011,1420992,corner,1,0.9900,1,59
9012,1421177,corner,1,0.9900,1,60
9013,1421295,corner,1,0.9900,1,61
9014,1421454,corner,1,0.9900,1,62
9015,1421795,corner,1,0.9900,1,63
9016,1421950,corner,1,0.9900,1,64
9017,1422149,corner,1,0.9900,1,65
9018,1422536,corner,1,0.9900,1,66
9019,1422768,corner,1,0.9900,1,67
9020,1422935,corner,1,0.9900,1,68
9021,1423104,corner,1,0.9900,1,69
9022,1423429,corner,1,0.9900,1,70
9023,1424024,corner,1,0.9900,1,71
9024,1424198,corner,1,0.9900,1,72
9025,1424417,corner,1,0.9900,1,73
9026,1424574,corner,1,0.9900,1,74
9027,1424904,corner,1,0.9900,1,75
9028,1425137,corner,1,0.9900,1,76
9029,1425501,corner,1,0.9900,1,77
9030,1425630,corner,1,0.9900,1,78
9031,1425976,corner,1,0.9900,1,79
9032,1426171,corner,1,0.9900,1,80
9033,1426673,corner,1,0.9900,1,81
9034,1427121,corner,1,0.9900,1,82
9035,1427377,corner,1,0.9900,1,83
9036,1427591,corner,1,0.9900,1,84
9037,1427741,corner,1,0.9900,1,85
9038,1427921,corner,1,0.9900,1,86
9039,1428273,corner,1,0.9900,1,87
9040,1428459,corner,1,0.9900,1,88
9041,1428833,corner,1,0.9900,1,89
9042,1429079,corner,1,1.0000,1,90
9043,1429606,corner,1,1.0000,1,91
9044,1429761,corner,1,1.0000,1,92
9045,1429954,corner,1,1.0000,1,93
9046,1430133,corner,1,1.0000,1,94
9047,1430324,corner,1,1.0000,1,95
9048,1430537,corner,1,1.0000,1,96
9049,1430867,corner,1,1.0000,1,97
9050,1431093,corner,1,1.0000,1,98
9051,1431265,corner,1,1.0000,1,99
9052,1431515,corner,1,1.0000,1,100
9053,1432040,corner,1,1.0000,1,101
9054,1432377,corner,1,1.0000,1,102
9055,1432561,corner,1,1.0000,1,103
9056,1432815,corner,1,1.0000,1,104
9057,1432972,corner,1,1.0000,1,105
9058,1433354,corner,1,1.0000,1,106
9059,1433520,corner,1,1.0000,1,107
9060,1433726,corner,1,1.0000,1,108
9061,1434110,corner,1,1.0000,1,109
9062,1434256,corner,1,1.0000,1,110
9063,1434417,corner,1,1.0000,1,111
9064,1434775,corner,1,1.0000,1,112
9065,1434969,corner,1,1.0000,1,113
9066,1435187,corner,1,1.0000,1,114
9067,1435400,corner,1,1.0000,1,115
9068,1435741,corner,1,1.0000,1,116
9069,1435935,corner,1,1.0000,1,117
9070,1436089,corner,1,1.0000,1,118
9071,1436275,corner,1,1.0000,1,119
9072,1436642,corner,1,1.0000,1,120
9073,1437014,corner,1,1.0000,1,121
9074,1437355,corner,1,1.0000,1,122
9075,1437720,corner,1,1.0000,1,123
9076,1437913,corner,1,1.0000,1,124
9077,1438084,corner,1,1.0000,1,125
9078,1438257,corner,1,1.0000,1,126
9079,1438419,corner,1,1.0000,1,127
9080,1438765,corner,1,1.0000,1,128
9081,1438902,corner,1,1.0000,1,129
9082,1439011,corner,0,0.9900,1,130
9083,1439188,corner,1,0.9900,1,131
9084,1439322,corner,1,0.9900,1,132
9085,1440035,corner,1,0.9900,1,133
9086,1440228,corner,1,0.9900,1,134
9087,1440913,corner,1,0.9900,1,135
9088,1441135,corner,1,0.9900,1,136
9089,1441294,corner,1,0.9900,1,137
9090,1441498,corner,1,0.9900,1,138
9091,1441689,corner,1,0.9900,1,139
9092,1441852,corner,1,0.9900,1,140
9093,1442013,corner,1,0.9900,1,141
9094,1442184,corner,1,0.9900,1,142
9095,1442357,corner,1,0.9900,1,143
9096,1442552,corner,1,0.9900,1,144
9097,1442698,corner,1,0.9900,1,145
9098,1442868,corner,1,0.9900,1,146
9099,1443107,corner,1,0.9900,1,147
9100,1443461,corner,1,0.9900,1,148
9101,1443818,corner,1,0.9900,1,149
9102,1443981,corner,1,0.9900,1,150
9103,1444188,corner,1,0.9900,1,151
9104,1444556,corner,1,0.9900,1,152
9105,1444731,corner,1,0.9900,1,153
9106,1444897,corner,1,0.9900,1,154
9107,1445092,corner,1,0.9900,1,155
9108,1445444,corner,1,0.9900,1,156
9109,1445965,corner,1,0.9900,1,157
9110,1446136,corner,1,0.9900,1,158
9111,1446880,corner,1,0.9900,1,159
9112,1447047,corner,1,0.9900,1,160
9113,1447275,corner,1,0.9900,1,161
9114,1447403,corner,1,0.9900,1,162
9115,1447581,corner,1,0.9900,1,163
9116,1447737,corner,1,0.9900,1,164
9117,1447913,corner,1,0.9900,1,165
9118,1448092,corner,1,0.9900,1,166
9119,1448379,corner,1,0.9900,1,167
9120,1448720,corner,1,0.9900,1,168
9121,1449019,corner,1,0.9900,1,169
9122,1449183,corner,1,0.9900,1,170
9123,1449394,corner,1,0.9900,1,171
9124,1449742,corner,1,0.9900,1,172
9125,1449943,corner,1,0.9900,1,173
9126,1450124,corner,1,0.9900,1,174
9127,1450359,corner,1,0.9900,1,175
9128,1450598,corner,1,0.9900,1,176
9129,1450764,corner,1,0.9900,1,177
9130,1450934,corner,1,0.9900,1,178
9131,1451103,corner,1,0.9900,1,179
9132,1451319,corner,1,0.9900,1,180
9133,1452034,corner,1,0.9900,1,181
9134,1452370,corner,1,0.9900,1,182
9135,1452583,corner,1,0.9900,1,183
9136,1452742,corner,1,0.9900,1,184
9137,1452939,corner,1,0.9900,1,185
9138,1453278,corner,1,0.9900,1,186
9139,1453469,corner,1,0.9900,1,187
9140,1453679,corner,1,0.9900,1,188
9141,1453843,corner,1,0.9900,1,189
9142,1454032,corner,1,0.9900,1,190
9143,1454239,corner,1,0.9900,1,191
9144,1454564,corner,1,0.9900,1,192
9145,1454755,corner,1,0.9900,1,193
9146,1454940,corner,1,0.9900,1,194
9147,1455150,corner,1,0.9900,1,195
9148,1455316,corner,1,0.9900,1,196
9149,1455663,corner,1,0.9900,1,197
9150,1455790,corner,0,0.9800,1,198
9151,1455990,corner,1,0.9800,1,199
9152,1456223,corner,1,0.9800,1,200
9153,1456401,corner,1,0.9800,1,201
9154,1456611,corner,1,0.9800,1,202
9155,1456954,corner,1,0.9800,1,203
9156,1457296,corner,1,0.9800,1,204
9157,1457490,corner,1,0.9800,1,205
9158,1457707,corner,1,0.9800,1,206
9159,1457921,corner,1,0.9800,1,207
9160,1458044,corner,0,0.9700,1,208
9161,1458217,corner,1,0.9700,1,209
9162,1458432,corner,1,0.9700,1,210
9163,1458599,corner,1,0.9700,1,211
9164,1458728,corner,0,0.9600,1,212
9165,1458859,corner,0,0.9500,1,213
9166,1459258,corner,1,0.9500,1,214
9167,1459577,corner,1,0.9500,1,215
9168,1459788,corner,1,0.9500,1,216
9169,1459974,corner,1,0.9500,1,217
9170,1460186,corner,1,0.9500,1,218
9171,1460348,corner,1,0.9500,1,219
9172,1460553,corner,1,0.9500,1,220
9173,1460766,corner,1,0.9500,1,221
9174,1460928,corner,1,0.9500,1,222
9175,1461052,corner,1,0.9500,1,223
9176,1461218,corner,1,0.9500,1,224
9177,1461430,corner,1,0.9500,1,225
9178,1461577,corner,1,0.9500,1,226
9179,1461766,corner,1,0.9500,1,227
9180,1462312,corner,1,0.9500,1,228
9181,1462482,corner,1,0.9500,1,229
9182,1462639,corner,1,0.9600,1,230
9183,1462808,corner,1,0.9600,1,231
9184,1462986,corner,1,0.9600,1,232
9185,1463170,corner,1,0.9600,1,233
9186,1463357,corner,1,0.9600,1,234
9187,1463510,corner,1,0.9600,1,235
9188,1463852,corner,1,0.9600,1,236
9189,1464397,corner,1,0.9600,1,237
9190,1464589,corner,1,0.9600,1,238
9191,1464761,corner,1,0.9600,1,239
9192,1465090,corner,1,0.9600,1,240
9193,1465612,corner,1,0.9600,1,241
9194,1466138,corner,1,0.9600,1,242
9195,1466367,corner,1,0.9600,1,243
9196,1466587,corner,1,0.9600,1,244
9197,1466887,corner,1,0.9600,1,245
9198,1467061,corner,1,0.9600,1,246
9199,1467240,corner,1,0.9600,1,247
9200,1467435,corner,1,0.9600,1,248
9201,1467606,corner,1,0.9600,1,249
9202,1467947,corner,1,0.9600,1,250
9203,1468100,corner,1,0.9600,1,251
9204,1468609,corner,1,0.9600,1,252
9205,1468942,corner,1,0.9600,1,253
9206,1469149,corner,1,0.9600,1,254
9207,1469345,corner,1,0.9600,1,255
9208,1469513,corner,1,0.9600,1,256
9209,1469671,corner,1,0.9600,1,257
9210,1470015,corner,1,0.9600,1,258
9211,1470185,corner,1,0.9600,1,259
9212,1470366,corner,1,0.9600,1,260
9213,1470600,corner,1,0.9600,1,261
9214,1470828,corner,1,0.9600,1,262
9215,1471155,corner,1,0.9600,1,263
9216,1471448,corner,1,0.9600,1,264
9217,1471609,corner,1,0.9600,1,265
9218,1471789,corner,1,0.9600,1,266
9219,1471963,corner,1,0.9600,1,267
9220,1472352,corner,1,0.9600,1,268
9221,1472545,corner,1,0.9600,1,269
9222,1472710,corner,1,0.9600,1,270
9223,1472885,corner,1,0.9600,1,271
9224,1473038,corner,1,0.9600,1,272
9225,1473243,corner,1,0.9600,1,273
9226,1473408,corner,1,0.9600,1,274
9227,1473802,corner,1,0.9600,1,275
9228,1474003,corner,1,0.9600,1,276
9229,1474209,corner,1,0.9600,1,277
9230,1474435,corner,1,0.9600,1,278
9231,1474761,corner,1,0.9600,1,279
9232,1475123,corner,1,0.9600,1,280
9233,1475331,corner,1,0.9600,1,281
9234,1475689,corner,1,0.9600,1,282
9235,1475882,corner,1,0.9600,1,283
9236,1476165,corner,1,0.9600,1,284
9237,1476332,corner,1,0.9600,1,285
9238,1476517,corner,1,0.9600,1,286
9239,1476761,corner,1,0.9600,1,287
9240,1477088,corner,1,0.9600,1,288
9241,1477285,corner,1,0.9600,1,289
9242,1477499,corner,1,0.9600,1,290
9243,1478085,corner,1,0.9600,1,291
9244,1478470,corner,1,0.9600,1,292
9245,1478645,corner,1,0.9600,1,293
9246,1478840,corner,1,0.9600,1,294
9247,1479091,corner,1,0.9600,1,295
9248,1479566,corner,1,0.9600,1,296
9249,1479916,corner,1,0.9600,1,297
9250,1480124,corner,1,0.9700,1,298
9251,1480476,corner,1,0.9700,1,299
9252,1480659,corner,1,0.9700,1,300
9253,1480850,corner,1,0.9700,1,301
9254,1481024,corner,1,0.9700,1,302
9255,1481374,corner,1,0.9700,1,303
9256,1481524,corner,1,0.9700,1,304
9257,1481678,corner,1,0.9700,1,305
9258,1481878,corner,1,0.9700,1,306
9259,1482570,corner,1,0.9700,1,307
9260,1482740,corner,1,0.9800,1,308
9261,1482919,corner,1,0.9800,1,309
9262,1483069,corner,1,0.9800,1,310
9263,1483275,corner,1,0.9800,1,311
9264,1483621,corner,1,0.9900,1,312
9265,1483848,corner,1,1.0000,1,313
9266,1484011,corner,1,1.0000,1,314
9267,1484209,corner,1,1.0000,1,315
9268,1484395,corner,1,1.0000,1,316
9269,1484577,corner,1,1.0000,1,317
9270,1484753,corner,1,1.0000,1,318
9271,1485106,corner,1,1.0000,1,319
9272,1485270,corner,1,1.0000,1,320
9273,1485497,corner,1,1.0000,1,321
9274,1485806,corner,1,1.0000,1,322
9275,1486132,corner,1,1.0000,1,323
9276,1486337,corner,1,1.0000,1,324
9277,1486686,corner,1,1.0000,1,325
9278,1486879,corner,1,1.0000,1,326
9279,1487047,corner,1,1.0000,1,327
9280,1487407,corner,1,1.0000,1,328
9281,1487730,corner,1,1.0000,1,329
9282,1487923,corner,1,1.0000,1,330
9283,1488092,corner,1,1.0000,1,331
9284,1488226,corner,1,1.0000,1,332
9285,1488407,corner,1,1.0000,1,333
9286,1488529,corner,1,1.0000,1,334
9287,1488646,corner,0,0.9900,1,335
9288,1488821,corner,1,0.9900,1,336
9289,1488992,corner,1,0.9900,1,337
9290,1489191,corner,1,0.9900,1,338
9291,1489364,corner,1,0.9900,1,339
9292,1489493,corner,1,0.9900,1,340
9293,1489711,corner,1,0.9900,1,341
9294,1489924,corner,1,0.9900,1,342
9295,1490092,corner,1,0.9900,1,343
9296,1490265,corner,1,0.9900,1,344
9297,1490421,corner,1,0.9900,1,345
9298,1490591,corner,1,0.9900,1,346
9299,1490748,corner,1,0.9900,1,347
9300,1490926,corner,1,0.9900,1,348
9301,1491081,corner,1,0.9900,1,349
9302,1491256,corner,1,0.9900,1,350
9303,1491420,corner,1,0.9900,1,351
9304,1491589,corner,1,0.9900,1,352
9305,1491719,corner,1,0.9900,1,353
9306,1491880,corner,1,0.9900,1,354
9307,1492223,corner,1,0.9900,1,355
9308,1492399,corner,1,0.9900,1,356
9309,1492587,corner,1,0.9900,1,357
9310,1492755,corner,1,0.9900,1,358
9311,1492929,corner,1,0.9900,1,359
9312,1493295,corner,1,0.9900,1,360
9313,1493495,corner,1,0.9900,1,361
9314,1493664,corner,1,0.9900,1,362
9315,1494108,corner,1,0.9900,1,363
9316,1494278,corner,1,0.9900,1,364
9317,1494462,corner,1,0.9900,1,365
9318,1494658,corner,1,0.9900,1,366
9319,1495026,corner,1,0.9900,1,367
9320,1495494,corner,0,0.9800,1,368
9321,1495619,corner,1,0.9800,1,369
9322,1495961,corner,1,0.9800,1,370
9323,1496167,corner,1,0.9800,1,371
9324,1496704,corner,1,0.9800,1,372
9325,1496889,corner,1,0.9800,1,373
9326,1497036,corner,1,0.9800,1,374
9327,1497223,corner,1,0.9800,1,375
9328,1497608,corner,1,0.9800,1,376
9329,1497800,corner,1,0.9800,1,377
9330,1497990,corner,1,0.9800,1,378
9331,1498206,corner,1,0.9800,1,379
9332,1498381,corner,1,0.9800,1,380
9333,1498581,corner,1,0.9800,1,381
9334,1498748,corner,1,0.9800,1,382
9335,1498908,corner,1,0.9800,1,383
9336,1499256,corner,1,0.9800,1,384
9337,1499425,corner,1,0.9800,1,385
9338,1499624,corner,1,0.9800,1,386
9339,1499866,corner,1,0.9800,1,387
9340,1500027,corner,1,0.9800,1,388
9341,1500146,corner,1,0.9800,1,389
9342,1500478,corner,1,0.9800,1,390
9343,1500667,corner,1,0.9800,1,391
9344,1500853,corner,1,0.9800,1,392
9345,1501022,corner,1,0.9800,1,393
9346,1501213,corner,1,0.9800,1,394
9347,1501412,corner,1,0.9800,1,395
9348,1501571,corner,1,0.9800,1,396
9349,1501786,corner,1,0.9800,1,397
9350,1502287,corner,1,0.9800,1,398
9351,1502444,corner,1,0.9800,1,399
9352,1502655,corner,1,0.9800,1,400
9353,1502827,corner,1,0.9800,1,401
9354,1502996,corner,1,0.9800,1,402
9355,1503203,corner,1,0.9800,1,403
9356,1503506,corner,1,0.9800,1,404
9357,1503697,corner,1,0.9800,1,405
9358,1503868,corner,1,0.9800,1,406
9359,1504038,corner,1,0.9800,1,407
9360,1504389,corner,1,0.9800,1,408
9361,1504578,corner,1,0.9800,1,409
9362,1504732,corner,1,0.9800,1,410
9363,1504900,corner,1,0.9800,1,411
9364,1505276,corner,1,0.9800,1,412
9365,1505439,corner,1,0.9800,1,413
9366,1505613,corner,1,0.9800,1,414
9367,1505811,corner,1,0.9800,1,415
9368,1505990,corner,1,0.9800,1,416
9369,1506180,corner,1,0.9800,1,417
9370,1506511,corner,1,0.9800,1,418
9371,1506719,corner,1,0.9800,1,419
9372,1506875,corner,1,0.9800,1,420
9373,1507056,corner,1,0.9800,1,421
9374,1507418,corner,1,0.9800,1,422
9375,1507597,corner,1,0.9800,1,423
9376,1507799,corner,1,0.9800,1,424
9377,1507959,corner,1,0.9800,1,425
9378,1508122,corner,1,0.9800,1,426
9379,1508348,corner,1,0.9800,1,427
9380,1508532,corner,1,0.9800,1,428
9381,1508702,corner,1,0.9800,1,429
9382,1508874,corner,1,0.9800,1,430
9383,1509222,corner,1,0.9800,1,431
9384,1509534,corner,1,0.9800,1,432
9385,1509718,corner,1,0.9800,1,433
9386,1509906,corner,1,0.9800,1,434
9387,1510113,corner,1,0.9900,1,435
9388,1510279,corner,1,0.9900,1,436
9389,1510457,corner,1,0.9900,1,437
9390,1510628,corner,1,0.9900,1,438
9391,1510806,corner,1,0.9900,1,439
9392,1511129,corner,1,0.9900,1,440
9393,1511828,corner,1,0.9900,1,441
9394,1512013,corner,1,0.9900,1,442
9395,1512159,corner,1,0.9900,1,443
9396,1512331,corner,1,0.9900,1,444
9397,1512569,corner,1,0.9900,1,445
9398,1512695,corner,1,0.9900,1,446
9399,1512863,corner,1,0.9900,1,447
9400,1513038,corner,1,0.9900,1,448
9401,1513190,corner,1,0.9900,1,449
9402,1513375,corner,1,0.9900,1,450
9403,1513574,corner,1,0.9900,1,451
9404,1513756,corner,1,0.9900,1,452
9405,1514087,corner,1,0.9900,1,453
9406,1514246,corner,1,0.9900,1,454
9407,1514571,corner,1,0.9900,1,455
9408,1514916,corner,1,0.9900,1,456
9409,1515078,corner,1,0.9900,1,457
9410,1515221,corner,1,0.9900,1,458
9411,1515423,corner,1,0.9900,1,459
9412,1515582,corner,1,0.9900,1,460
9413,1515962,corner,1,0.9900,1,461
9414,1516154,corner,1,0.9900,1,462
9415,1516326,corner,1,0.9900,1,463
9416,1516450,corner,1,0.9900,1,464
9417,1516624,corner,1,0.9900,1,465
9418,1516827,corner,1,0.9900,1,466
9419,1516995,corner,1,0.9900,1,467
9420,1517207,corner,1,1.0000,1,468
9421,1517390,corner,1,1.0000,1,469
9422,1517558,corner,1,1.0000,1,470
9423,1517745,corner,1,1.0000,1,471
9424,1517942,corner,1,1.0000,1,472
9425,1518158,corner,1,1.0000,1,473
9426,1518321,corner,1,1.0000,1,474
9427,1518486,corner,1,1.0000,1,475
9428,1518645,corner,1,1.0000,1,476
9429,1518820,corner,1,1.0000,1,477
9430,1518940,corner,0,0.9900,1,478
9431,1519084,corner,1,0.9900,1,479
9432,1519282,corner,1,0.9900,1,480
9433,1519436,corner,1,0.9900,1,481
9434,1519559,corner,1,0.9900,1,482
9435,1519755,corner,1,0.9900,1,483
9436,1519922,corner,1,0.9900,1,484
9437,1520096,corner,1,0.9900,1,485
9438,1520264,corner,1,0.9900,1,486
9439,1520473,corner,1,0.9900,1,487
9440,1520643,corner,1,0.9900,1,488
9441,1520967,corner,1,0.9900,1,489
9442,1521244,corner,1,0.9900,1,490
9443,1521463,corner,1,0.9900,1,491
9444,1521765,corner,1,0.9900,1,492
9445,1521932,corner,1,0.9900,1,493
9446,1522095,corner,1,0.9900,1,494
9447,1522296,corner,1,0.9900,1,495
9448,1522500,corner,1,0.9900,1,496
9449,1522678,corner,1,0.9900,1,497
9450,1522799,corner,0,0.9800,1,498
9451,1523131,corner,1,0.9800,1,499
9452,1523287,corner,1,0.9800,1,500
9453,1523445,corner,1,0.9800,1,501
9454,1523650,corner,1,0.9800,1,502
9455,1523977,corner,1,0.9800,1,503
9456,1524184,corner,1,0.9800,1,504
9457,1524345,corner,1,0.9800,1,505
9458,1524506,corner,1,0.9800,1,506
9459,1524678,corner,1,0.9800,1,507
9460,1524836,corner,1,0.9800,1,508
9461,1525007,corner,1,0.9800,1,509
9462,1525221,corner,1,0.9800,1,510
9463,1525381,corner,1,0.9800,1,511
9464,1525555,corner,1,0.9800,1,512
9465,1525685,corner,1,0.9800,1,513
9466,1525874,corner,1,0.9800,1,514
9467,1526034,corner,1,0.9800,1,515
9468,1526384,corner,1,0.9800,1,516
9469,1526559,corner,1,0.9800,1,517
9470,1526746,corner,1,0.9800,1,518
9471,1526959,corner,1,0.9800,1,519
9472,1527135,corner,1,0.9800,1,520
9473,1527314,corner,1,0.9800,1,521
9474,1527471,corner,1,0.9800,1,522
9475,1527623,corner,1,0.9800,1,523
9476,1527811,corner,1,0.9800,1,524
9477,1528004,corner,1,0.9800,1,525
9478,1528171,corner,1,0.9800,1,526
9479,1528334,corner,1,0.9800,1,527
9480,1528436,corner,0,0.9700,1,528
9481,1528677,corner,1,0.9700,1,529
9482,1528898,corner,1,0.9700,1,530
9483,1529096,corner,1,0.9700,1,531
9484,1529248,corner,1,0.9700,1,532
9485,1529371,corner,1,0.9700,1,533
9486,1529535,corner,1,0.9700,1,534
9487,1529733,corner,1,0.9700,1,535
9488,1529904,corner,1,0.9700,1,536
9489,1530077,corner,1,0.9700,1,537
9490,1530277,corner,1,0.9700,1,538
9491,1530444,corner,1,0.9700,1,539
9492,1530625,corner,1,0.9700,1,540
9493,1530818,corner,1,0.9700,1,541
9494,1530997,corner,1,0.9700,1,542
9495,1531185,corner,1,0.9700,1,543
9496,1531361,corner,1,0.9700,1,544
9497,1531533,corner,1,0.9700,1,545
9498,1531723,corner,1,0.9700,1,546
9499,1531910,corner,1,0.9700,1,547
9500,1532520,corner,1,0.9700,1,548
9501,1532731,corner,1,0.9700,1,549
9502,1532850,corner,1,0.9700,1,550
9503,1533042,corner,1,0.9700,1,551
9504,1533243,corner,1,0.9700,1,552
9505,1533414,corner,1,0.9700,1,553
9506,1533583,corner,1,0.9700,1,554
9507,1533755,corner,1,0.9700,1,555
9508,1533914,corner,1,0.9700,1,556
9509,1534066,corner,1,0.9700,1,557
9510,1534405,corner,1,0.9700,1,558
9511,1534577,corner,1,0.9700,1,559
9512,1534740,corner,1,0.9700,1,560
9513,1534926,corner,1,0.9700,1,561
9514,1535133,corner,1,0.9700,1,562
9515,1535294,corner,1,0.9700,1,563
9516,1535480,corner,1,0.9700,1,564
9517,1535658,corner,1,0.9700,1,565
9518,1535842,corner,1,0.9700,1,566
9519,1536030,corner,1,0.9700,1,567
9520,1536143,corner,1,0.9700,1,568
9521,1536257,corner,1,0.9700,1,569
9522,1536432,corner,1,0.9700,1,570
9523,1536589,corner,1,0.9700,1,571
9524,1536923,corner,1,0.9700,1,572
9525,1537081,corner,1,0.9700,1,573
9526,1537256,corner,1,0.9700,1,574
9527,1537475,corner,1,0.9700,1,575
9528,1537828,corner,1,0.9700,1,576
9529,1538002,corner,1,0.9700,1,577
9530,1538215,corner,1,0.9800,1,578
9531,1538412,corner,1,0.9800,1,579
9532,1538596,corner,1,0.9800,1,580
9533,1538762,corner,1,0.9800,1,581
9534,1538937,corner,1,0.9800,1,582
9535,1539105,corner,1,0.9800,1,583
9536,1539432,corner,1,0.9800,1,584
9537,1539583,corner,1,0.9800,1,585
9538,1539761,corner,1,0.9800,1,586
9539,1539926,corner,1,0.9800,1,587
9540,1540132,corner,1,0.9800,1,588
9541,1540629,corner,1,0.9800,1,589
9542,1540828,corner,1,0.9800,1,590
9543,1540980,corner,1,0.9800,1,591
9544,1541150,corner,1,0.9800,1,592
9545,1541311,corner,1,0.9800,1,593
9546,1541503,corner,1,0.9800,1,594
9547,1541695,corner,1,0.9800,1,595
9548,1541909,corner,1,0.9800,1,596
9549,1542239,corner,1,0.9800,1,597
9550,1542396,corner,1,0.9900,1,598
9551,1542673,corner,1,0.9900,1,599
9552,1543211,corner,1,0.9900,1,600
9553,1543390,corner,1,0.9900,1,601
9554,1543551,corner,1,0.9900,1,602
9555,1543701,corner,1,0.9900,1,603
9556,1543903,corner,1,0.9900,1,604
9557,1544135,corner,1,0.9900,1,605
9558,1544307,corner,1,0.9900,1,606
9559,1544474,corner,1,0.9900,1,607
9560,1544638,corner,1,0.9900,1,608
9561,1544802,corner,1,0.9900,1,609
9562,1544977,corner,1,0.9900,1,610
9563,1545160,corner,1,0.9900,1,611
9564,1545315,corner,1,0.9900,1,612
9565,1545496,corner,1,0.9900,1,613
9566,1545657,corner,1,0.9900,1,614
9567,1545829,corner,1,0.9900,1,615
9568,1546083,corner,1,0.9900,1,616
9569,1546439,corner,1,0.9900,1,617
9570,1546603,corner,1,0.9900,1,618
9571,1546773,corner,1,0.9900,1,619
9572,1546925,corner,1,0.9900,1,620
9573,1547105,corner,1,0.9900,1,621
9574,1547304,corner,1,0.9900,1,622
9575,1547483,corner,1,0.9900,1,623
9576,1547648,corner,1,0.9900,1,624
9577,1547804,corner,1,0.9900,1,625
9578,1547970,corner,1,0.9900,1,626
9579,1548156,corner,1,0.9900,1,627
9580,1548316,corner,1,1.0000,1,628
9581,1548498,corner,1,1.0000,1,629
9582,1548652,corner,1,1.0000,1,630
9583,1548808,corner,1,1.0000,1,631
9584,1548985,corner,1,1.0000,1,632
9585,1549171,corner,1,1.0000,1,633
9586,1549339,corner,1,1.0000,1,634
9587,1549563,corner,1,1.0000,1,635
9588,1549754,corner,1,1.0000,1,636
9589,1550084,corner,1,1.0000,1,637
9590,1550261,corner,1,1.0000,1,638
9591,1550401,corner,1,1.0000,1,639
9592,1550564,corner,1,1.0000,1,640
9593,1550742,corner,1,1.0000,1,641
9594,1551319,corner,1,1.0000,1,642
9595,1551720,corner,1,1.0000,1,643
9596,1551884,corner,1,1.0000,1,644
9597,1552047,corner,1,1.0000,1,645
9598,1552221,corner,1,1.0000,1,646
9599,1552399,corner,1,1.0000,1,647
9600,1552586,corner,1,1.0000,1,648
9601,1552959,corner,1,1.0000,1,649
9602,1553123,corner,1,1.0000,1,650
9603,1553316,corner,1,1.0000,1,651
9604,1553481,corner,1,1.0000,1,652
9605,1553643,corner,1,1.0000,1,653
9606,1553829,corner,1,1.0000,1,654
9607,1553974,corner,1,1.0000,1,655
9608,1554094,corner,0,0.9900,1,656
9609,1554267,corner,1,0.9900,1,657
9610,1554471,corner,1,0.9900,1,658
9611,1554636,corner,1,0.9900,1,659
9612,1554802,corner,1,0.9900,1,660
9613,1555022,corner,1,0.9900,1,661
9614,1555207,corner,1,0.9900,1,662
9615,1555425,corner,1,0.9900,1,663
9616,1555615,corner,1,0.9900,1,664
9617,1555825,corner,1,0.9900,1,665
9618,1555977,corner,1,0.9900,1,666
9619,1556178,corner,1,0.9900,1,667
9620,1556342,corner,1,0.9900,1,668
9621,1556495,corner,1,0.9900,1,669
9622,1556679,corner,1,0.9900,1,670
9623,1556795,corner,0,0.9800,1,671
9624,1556960,corner,1,0.9800,1,672
9625,1557181,corner,1,0.9800,1,673
9626,1557366,corner,1,0.9800,1,674
9627,1557571,corner,1,0.9800,1,675
9628,1557780,corner,1,0.9800,1,676
9629,1557983,corner,1,0.9800,1,677
9630,1558193,corner,1,0.9800,1,678
9631,1558324,corner,1,0.9800,1,679
9632,1558484,corner,1,0.9800,1,680
9633,1558654,corner,1,0.9800,1,681
9634,1558830,corner,1,0.9800,1,682
9635,1559009,corner,1,0.9800,1,683
9636,1559185,corner,1,0.9800,1,684
9637,1559376,corner,1,0.9800,1,685
9638,1559597,corner,1,0.9800,1,686
9639,1559761,corner,1,0.9800,1,687
9640,1559915,corner,1,0.9800,1,688
9641,1560093,corner,1,0.9800,1,689
9642,1560287,corner,1,0.9800,1,690
9643,1560438,corner,1,0.9800,1,691
9644,1560588,corner,1,0.9800,1,692
9645,1560762,corner,1,0.9800,1,693
9646,1560944,corner,1,0.9800,1,694
9647,1561110,corner,1,0.9800,1,695
9648,1561288,corner,1,0.9800,1,696
9649,1561439,corner,1,0.9800,1,697
9650,1561609,corner,1,0.9800,1,698
9651,1561766,corner,1,0.9800,1,699
9652,1561920,corner,1,0.9800,1,700
9653,1562124,corner,1,0.9800,1,701
9654,1562286,corner,1,0.9800,1,702
9655,1562476,corner,1,0.9800,1,703
9656,1562672,corner,1,0.9800,1,704
9657,1562850,corner,1,0.9800,1,705
9658,1563271,corner,1,0.9800,1,706
9659,1563482,corner,1,0.9800,1,707
9660,1563834,corner,1,0.9800,1,708
9661,1564002,corner,1,0.9800,1,709
9662,1564240,corner,1,0.9800,1,710
9663,1564395,corner,1,0.9800,1,711
9664,1564544,corner,1,0.9800,1,712
9665,1564709,corner,1,0.9800,1,713
9666,1565018,corner,1,0.9800,1,714
9667,1565128,corner,1,0.9800,1,715
9668,1565310,corner,1,0.9800,1,716
9669,1565630,corner,1,0.9800,1,717
9670,1565784,corner,1,0.9800,1,718
9671,1566042,corner,1,0.9800,1,719
9672,1566210,corner,1,0.9800,1,720
9673,1566410,corner,1,0.9800,1,721
9674,1566571,corner,1,0.9800,1,722
9675,1566742,corner,1,0.9800,1,723
9676,1566919,corner,1,0.9800,1,724
9677,1567111,corner,1,0.9800,1,725
9678,1567266,corner,1,0.9800,1,726
9679,1567489,corner,1,0.9800,1,727
9680,1567618,corner,1,0.9800,1,728
9681,1567778,corner,1,0.9800,1,729
9682,1569130,corner,1,0.9800,1,730
9683,1569304,corner,1,0.9800,1,731
9684,1569466,corner,1,0.9800,1,732
9685,1569636,corner,1,0.9800,1,733
9686,1569783,corner,1,0.9800,1,734
9687,1569945,corner,1,0.9800,1,735
9688,1570097,corner,1,0.9800,1,736
9689,1570285,corner,1,0.9800,1,737
9690,1570465,corner,1,0.9800,1,738
9691,1570617,corner,1,0.9800,1,739
9692,1570787,corner,1,0.9800,1,740
9693,1570961,corner,1,0.9800,1,741
9694,1571074,corner,0,0.9700,1,742
9695,1571240,corner,1,0.9700,1,743
9696,1571455,corner,1,0.9700,1,744
9697,1571711,corner,1,0.9700,1,745
9698,1571884,corner,1,0.9700,1,746
9699,1572065,corner,1,0.9700,1,747
9700,1572258,corner,1,0.9700,1,748
9701,1572412,corner,1,0.9700,1,749
9702,1572606,corner,1,0.9700,1,750
9703,1572747,corner,1,0.9700,1,751
9704,1572931,corner,1,0.9700,1,752
9705,1573108,corner,1,0.9700,1,753
9706,1573486,corner,1,0.9700,1,754
9707,1573675,corner,1,0.9700,1,755
9708,1573834,corner,1,0.9800,1,756
9709,1574166,corner,1,0.9800,1,757
9710,1574334,corner,1,0.9800,1,758
9711,1574496,corner,1,0.9800,1,759
9712,1574641,corner,1,0.9800,1,760
9713,1574853,corner,1,0.9800,1,761
9714,1575056,corner,1,0.9800,1,762
9715,1575270,corner,1,0.9800,1,763
9716,1575436,corner,1,0.9800,1,764
9717,1575618,corner,1,0.9800,1,765
9718,1575769,corner,1,0.9800,1,766
9719,1575932,corner,1,0.9800,1,767
9720,1576099,corner,1,0.9800,1,768
9721,1576299,corner,1,0.9800,1,769
9722,1576442,corner,1,0.9800,1,770
9723,1576621,corner,1,0.9900,1,771
9724,1576837,corner,1,0.9900,1,772
9725,1577003,corner,1,0.9900,1,773
9726,1577180,corner,1,0.9900,1,774
9727,1577520,corner,1,0.9900,1,775
9728,1577693,corner,1,0.9900,1,776
9729,1578061,corner,1,0.9900,1,777
9730,1578214,corner,1,0.9900,1,778
9731,1578419,corner,1,0.9900,1,779
9732,1578564,corner,1,0.9900,1,780
9733,1578728,corner,1,0.9900,1,781
9734,1578893,corner,1,0.9900,1,782
9735,1579071,corner,1,0.9900,1,783
9736,1579283,corner,1,0.9900,1,784
9737,1579427,corner,1,0.9900,1,785
9738,1579635,corner,1,0.9900,1,786
9739,1579792,corner,1,0.9900,1,787
9740,1579961,corner,1,0.9900,1,788
9741,1580107,corner,1,0.9900,1,789
9742,1580342,corner,1,0.9900,1,790
9743,1580581,corner,1,0.9900,1,791
9744,1580940,corner,1,0.9900,1,792
9745,1581115,corner,1,0.9900,1,793
9746,1581261,corner,1,0.9900,1,794
9747,1581429,corner,1,0.9900,1,795
9748,1581588,corner,1,0.9900,1,796
9749,1581742,corner,1,0.9900,1,797
9750,1581900,corner,1,0.9900,1,798
9751,1582276,corner,1,0.9900,1,799
9752,1582510,corner,1,0.9900,1,800
9753,1582683,corner,1,0.9900,1,801
9754,1582843,corner,1,0.9900,1,802
9755,1583184,corner,1,0.9900,1,803
9756,1583522,corner,1,0.9900,1,804
9757,1583668,corner,1,0.9900,1,805
9758,1583860,corner,1,0.9900,1,806
9759,1584008,corner,1,0.9900,1,807
9760,1584164,corner,1,0.9900,1,808
9761,1584329,corner,1,0.9900,1,809
9762,1584522,corner,1,0.9900,1,810
9763,1584675,corner,1,0.9900,1,811
9764,1584868,corner,1,0.9900,1,812
9765,1585039,corner,1,0.9900,1,813
9766,1585209,corner,1,0.9900,1,814
9767,1585421,corner,1,0.9900,1,815
9768,1585629,corner,1,0.9900,1,816
9769,1585915,corner,1,0.9900,1,817
9770,1586110,corner,1,0.9900,1,818
9771,1586265,corner,1,0.9900,1,819
9772,1586464,corner,1,0.9900,1,820
9773,1586627,corner,1,0.9900,1,821
9774,1586974,corner,1,0.9900,1,822
9775,1587182,corner,1,0.9900,1,823
9776,1587365,corner,1,0.9900,1,824
9777,1587523,corner,1,0.9900,1,825
9778,1587667,corner,1,0.9900,1,826
9779,1587843,corner,1,0.9900,1,827
9780,1588007,corner,1,0.9900,1,828
9781,1588161,corner,1,0.9900,1,829
9782,1588516,corner,1,0.9900,1,830
9783,1588670,corner,1,0.9900,1,831
9784,1589046,corner,1,0.9900,1,832
9785,1589261,corner,1,0.9900,1,833
9786,1589420,corner,1,0.9900,1,834
9787,1589777,corner,1,0.9900,1,835
9788,1589935,corner,1,0.9900,1,836
9789,1590104,corner,1,0.9900,1,837
9790,1590289,corner,1,0.9900,1,838
9791,1590467,corner,1,0.9900,1,839
9792,1590638,corner,1,0.9900,1,840
9793,1590989,corner,1,0.9900,1,841
9794,1591197,corner,1,1.0000,1,842
9795,1591364,corner,1,1.0000,1,843
9796,1591495,corner,1,1.0000,1,844
9797,1591664,corner,1,1.0000,1,845
9798,1591825,corner,1,1.0000,1,846
9799,1592032,corner,1,1.0000,1,847
9800,1592170,corner,1,1.0000,1,848
9801,1593522,corner,1,1.0000,1,849
9802,1593688,corner,1,1.0000,1,850
9803,1593855,corner,1,1.0000,1,851
9804,1594016,corner,1,1.0000,1,852
9805,1594174,corner,1,1.0000,1,853
9806,1594351,corner,1,1.0000,1,854
9807,1594522,corner,1,1.0000,1,855
9808,1594672,corner,1,1.0000,1,856
9809,1594828,corner,1,1.0000,1,857
9810,1596180,corner,1,1.0000,1,858
9811,1596336,corner,1,1.0000,1,859
9812,1596505,corner,1,1.0000,1,860
9813,1596694,corner,1,1.0000,1,861
9814,1597028,corner,1,1.0000,1,862
9815,1597183,corner,1,1.0000,1,863
9816,1597427,corner,1,1.0000,1,864
9817,1597609,corner,1,1.0000,1,865
9818,1597785,corner,1,1.0000,1,866
9819,1597953,corner,1,1.0000,1,867
9820,1598143,corner,1,1.0000,1,868
9821,1598265,corner,1,1.0000,1,869
9822,1598651,corner,1,1.0000,1,870
9823,1598880,corner,1,1.0000,1,871
9824,1599040,corner,1,1.0000,1,872
9825,1599202,corner,1,1.0000,1,873
9826,1599368,corner,1,1.0000,1,874
9827,1599528,corner,1,1.0000,1,875
9828,1599676,corner,1,1.0000,1,876
9829,1599932,corner,1,1.0000,1,877
9830,1600069,corner,1,1.0000,1,878
9831,1600318,corner,1,1.0000,1,879
9832,1600481,corner,1,1.0000,1,880
9833,1600681,corner,1,1.0000,1,881
9834,1600855,corner,1,1.0000,1,882
9835,1601203,corner,1,1.0000,1,883
9836,1601362,corner,1,1.0000,1,884
9837,1601546,corner,1,1.0000,1,885
9838,1601906,corner,1,1.0000,1,886
9839,1602072,corner,1,1.0000,1,887
9840,1602227,corner,1,1.0000,1,888
9841,1602378,corner,1,1.0000,1,889
9842,1602547,corner,1,1.0000,1,890
9843,1602752,corner,1,1.0000,1,891
9844,1602935,corner,1,1.0000,1,892
9845,1603129,corner,1,1.0000,1,893
9846,1603330,corner,1,1.0000,1,894
9847,1603559,corner,1,1.0000,1,895
9848,1603665,corner,1,1.0000,1,896
9849,1603823,corner,1,1.0000,1,897
9850,1604008,corner,1,1.0000,1,898
9851,1604197,corner,1,1.0000,1,899
9852,1604373,corner,1,1.0000,1,900
9853,1604492,corner,1,1.0000,1,901
9854,1604672,corner,1,1.0000,1,902
9855,1604844,corner,1,1.0000,1,903
9856,1605001,corner,1,1.0000,1,904
9857,1605210,corner,1,1.0000,1,905
9858,1605346,corner,1,1.0000,1,906
9859,1605579,corner,1,1.0000,1,907
9860,1605774,corner,1,1.0000,1,908
9861,1605921,corner,1,1.0000,1,909
9862,1606085,corner,1,1.0000,1,910
9863,1606258,corner,1,1.0000,1,911
9864,1606405,corner,1,1.0000,1,912
9865,1606565,corner,1,1.0000,1,913
9866,1606763,corner,1,1.0000,1,914
9867,1606928,corner,1,1.0000,1,915
9868,1607094,corner,1,1.0000,1,916
9869,1607257,corner,1,1.0000,1,917
9870,1607515,corner,1,1.0000,1,918
9871,1607701,corner,1,1.0000,1,919
9872,1607820,corner,1,1.0000,1,920
9873,1607978,corner,1,1.0000,1,921
9874,1608272,corner,1,1.0000,1,922
9875,1608437,corner,1,1.0000,1,923
9876,1608587,corner,1,1.0000,1,924
9877,1608734,corner,1,1.0000,1,925
9878,1608942,corner,1,1.0000,1,926
9879,1609105,corner,1,1.0000,1,927
9880,1609264,corner,1,1.0000,1,928
9881,1609453,corner,1,1.0000,1,929
9882,1609689,corner,1,1.0000,1,930
9883,1609900,corner,1,1.0000,1,931
9884,1610055,corner,1,1.0000,1,932
9885,1610205,corner,1,1.0000,1,933
9886,1610367,corner,1,1.0000,1,934
9887,1610540,corner,1,1.0000,1,935
9888,1610727,corner,1,1.0000,1,936
9889,1611065,corner,1,1.0000,1,937
9890,1611245,corner,1,1.0000,1,938
9891,1611412,corner,1,1.0000,1,939
9892,1611618,corner,1,1.0000,1,940
9893,1611801,corner,1,1.0000,1,941
9894,1611957,corner,1,1.0000,1,942
9895,1612133,corner,1,1.0000,1,943
9896,1612295,corner,1,1.0000,1,944
9897,1612493,corner,1,1.0000,1,945
9898,1612650,corner,1,1.0000,1,946
9899,1612788,corner,1,1.0000,1,947
9900,1613176,corner,1,1.0000,1,948
9901,1613350,corner,1,1.0000,1,949
9902,1613518,corner,1,1.0000,1,950
9903,1613692,corner,1,1.0000,1,951
9904,1613860,corner,1,1.0000,1,952
9905,1614007,corner,1,1.0000,1,953
9906,1614184,corner,1,1.0000,1,954
9907,1614526,corner,1,1.0000,1,955
9908,1614748,corner,1,1.0000,1,956
9909,1614961,corner,1,1.0000,1,957
9910,1615144,corner,1,1.0000,1,958
9911,1615320,corner,1,1.0000,1,959
9912,1615499,corner,1,1.0000,1,960
9913,1615665,corner,1,1.0000,1,961
9914,1616000,corner,1,1.0000,1,962
9915,1616208,corner,1,1.0000,1,963
9916,1616473,corner,1,1.0000,1,964
9917,1616654,corner,1,1.0000,1,965
9918,1616807,corner,1,1.0000,1,966
9919,1616964,corner,1,1.0000,1,967
9920,1617115,corner,1,1.0000,1,968
9921,1617303,corner,1,1.0000,1,969
9922,1617489,corner,1,1.0000,1,970
9923,1617641,corner,1,1.0000,1,971
9924,1618158,corner,1,1.0000,1,972
9925,1618319,corner,1,1.0000,1,973
9926,1618503,corner,1,1.0000,1,974
9927,1618690,corner,1,1.0000,1,975
9928,1618837,corner,1,1.0000,1,976
9929,1619126,corner,1,1.0000,1,977
9930,1619340,corner,1,1.0000,1,978
9931,1619551,corner,1,1.0000,1,979
9932,1619699,corner,1,1.0000,1,980
9933,1619878,corner,1,1.0000,1,981
9934,1620042,corner,1,1.0000,1,982
9935,1620248,corner,1,1.0000,1,983
9936,1620428,corner,1,1.0000,1,984
9937,1620583,corner,1,1.0000,1,985
9938,1620762,corner,1,1.0000,1,986
9939,1620905,corner,1,1.0000,1,987
9940,1621022,corner,1,1.0000,1,988
9941,1621181,corner,1,1.0000,1,989
9942,1621384,corner,1,1.0000,1,990
9943,1621687,corner,1,1.0000,1,991
9944,1621869,corner,1,1.0000,1,992
9945,1622083,corner,1,1.0000,1,993
9946,1622410,corner,1,1.0000,1,994
9947,1622586,corner,1,1.0000,1,995
9948,1622795,corner,1,1.0000,1,996
9949,1623159,corner,1,1.0000,1,997
9950,1623347,corner,1,1.0000,1,998
9951,1623536,corner,1,1.0000,1,999
9952,1623700,corner,1,1.0000,1,1000
9953,1623894,corner,1,1.0000,1,1001
9954,1624005,corner,0,0.9900,1,1002
9955,1624274,corner,1,0.9900,1,1003
9956,1624448,corner,1,0.9900,1,1004
9957,1624700,corner,1,0.9900,1,1005
9958,1624860,corner,1,0.9900,1,1006
9959,1625036,corner,1,0.9900,1,1007
9960,1625212,corner,1,0.9900,1,1008
9961,1625384,corner,1,0.9900,1,1009
9962,1625499,corner,1,0.9900,1,1010
9963,1625678,corner,1,0.9900,1,1011
9964,1625878,corner,1,0.9900,1,1012
9965,1626073,corner,1,0.9900,1,1013
9966,1626236,corner,1,0.9900,1,1014
9967,1626418,corner,1,0.9900,1,1015
9968,1626583,corner,1,0.9900,1,1016
9969,1626740,corner,1,0.9900,1,1017
9970,1626893,corner,1,0.9900,1,1018
9971,1627097,corner,1,0.9900,1,1019
9972,1627283,corner,1,0.9900,1,1020
9973,1627427,corner,1,0.9900,1,1021
9974,1627592,corner,1,0.9900,1,1022
9975,1627741,corner,1,0.9900,1,1023
9976,1627928,corner,1,0.9900,1,1024
9977,1628099,corner,1,0.9900,1,1025
9978,1628402,corner,1,0.9900,1,1026
9979,1628618,corner,1,0.9900,1,1027
9980,1628779,corner,1,0.9900,1,1028
9981,1628961,corner,1,0.9900,1,1029
9982,1629113,corner,1,0.9900,1,1030
9983,1629313,corner,1,0.9900,1,1031
9984,1629483,corner,1,0.9900,1,1032
9985,1629680,corner,1,0.9900,1,1033
9986,1629847,corner,1,0.9900,1,1034
9987,1630015,corner,1,0.9900,1,1035
9988,1630172,corner,1,0.9900,1,1036
9989,1630332,corner,1,0.9900,1,1037
9990,1630540,corner,1,0.9900,1,1038
9991,1630695,corner,1,0.9900,1,1039
9992,1630870,corner,1,0.9900,1,1040
9993,1631057,corner,1,0.9900,1,1041
9994,1631361,corner,0,0.9800,1,1042
9995,1631525,corner,1,0.9800,1,1043
9996,1631700,corner,1,0.9800,1,1044
9997,1631854,corner,1,0.9800,1,1045
9998,1632012,corner,1,0.9800,1,1046
9999,1632169,corner,1,0.9800,1,1047
10000,1632463,corner,1,0.9800,1,1048
10001,1632676,corner,1,0.9800,1,1049
10002,1632836,corner,1,0.9800,1,1050
10003,1632998,corner,1,0.9800,1,1051
10004,1633108,corner,1,0.9800,1,1052
10005,1633491,corner,1,0.9800,1,1053
10006,1633651,corner,1,0.9800,1,1054
10007,1633893,corner,1,0.9800,1,1055
10008,1634006,corner,1,0.9800,1,1056
10009,1634162,corner,1,0.9800,1,1057
10010,1634334,corner,1,0.9800,1,1058
10011,1634493,corner,1,0.9800,1,1059
10012,1634687,corner,1,0.9800,1,1060
10013,1634891,corner,1,0.9800,1,1061
10014,1635074,corner,1,0.9800,1,1062
10015,1635260,corner,1,0.9800,1,1063
10016,1635435,corner,1,0.9800,1,1064
10017,1635591,corner,1,0.9800,1,1065
10018,1635745,corner,1,0.9800,1,1066
10019,1635947,corner,1,0.9800,1,1067
10020,1636119,corner,1,0.9800,1,1068
10021,1636279,corner,1,0.9800,1,1069
10022,1636442,corner,1,0.9800,1,1070
10023,1636635,corner,1,0.9800,1,1071
10024,1636797,corner,1,0.9800,1,1072
10025,1636967,corner,1,0.9800,1,1073
10026,1637118,corner,1,0.9800,1,1074
10027,1637269,corner,1,0.9800,1,1075
10028,1637446,corner,1,0.9800,1,1076
10029,1637625,corner,1,0.9800,1,1077
10030,1637837,corner,1,0.9800,1,1078
10031,1637944,corner,0,0.9700,1,1079
10032,1638098,corner,1,0.9700,1,1080
10033,1638329,corner,1,0.9700,1,1081
10034,1638486,corner,1,0.9700,1,1082
10035,1638670,corner,1,0.9700,1,1083
10036,1638814,corner,1,0.9700,1,1084
10037,1638993,corner,1,0.9700,1,1085
10038,1639154,corner,1,0.9700,1,1086
10039,1639326,corner,1,0.9700,1,1087
10040,1639503,corner,1,0.9700,1,1088
10041,1639709,corner,1,0.9700,1,1089
10042,1639998,corner,1,0.9700,1,1090
10043,1640148,corner,1,0.9700,1,1091
10044,1640321,corner,1,0.9700,1,1092
10045,1640467,corner,1,0.9700,1,1093
10046,1640643,corner,1,0.9700,1,1094
10047,1640833,corner,1,0.9700,1,1095
10048,1641009,corner,1,0.9700,1,1096
10049,1641133,corner,0,0.9600,1,1097
10050,1641326,corner,1,0.9600,1,1098
10051,1641495,corner,1,0.9600,1,1099
10052,1641690,corner,1,0.9600,1,1100
10053,1641830,corner,1,0.9600,1,1101
10054,1642013,corner,1,0.9700,1,1102
10055,1642168,corner,1,0.9700,1,1103
10056,1642388,corner,1,0.9700,1,1104
10057,1642542,corner,1,0.9700,1,1105
10058,1642727,corner,1,0.9700,1,1106
10059,1642909,corner,1,0.9700,1,1107
10060,1643052,corner,1,0.9700,1,1108
10061,1643230,corner,1,0.9700,1,1109
10062,1643563,corner,1,0.9700,1,1110
10063,1643732,corner,1,0.9700,1,1111
10064,1644078,corner,1,0.9700,1,1112
10065,1644226,corner,1,0.9700,1,1113
10066,1644370,corner,1,0.9700,1,1114
10067,1644548,corner,1,0.9700,1,1115
10068,1644714,corner,1,0.9700,1,1116
10069,1644973,corner,1,0.9700,1,1117
10070,1645133,corner,1,0.9700,1,1118
10071,1645289,corner,1,0.9700,1,1119
10072,1645446,corner,1,0.9700,1,1120
10073,1645629,corner,1,0.9700,1,1121
10074,1645792,corner,1,0.9700,1,1122
10075,1645961,corner,1,0.9700,1,1123
10076,1646134,corner,1,0.9700,1,1124
10077,1646312,corner,1,0.9700,1,1125
10078,1646529,corner,1,0.9700,1,1126
10079,1646707,corner,1,0.9700,1,1127
10080,1647027,corner,1,0.9700,1,1128
10081,1647183,corner,1,0.9700,1,1129
10082,1647339,corner,1,0.9700,1,1130
10083,1647527,corner,1,0.9700,1,1131
10084,1647696,corner,1,0.9700,1,1132
10085,1647838,corner,1,0.9700,1,1133
10086,1647985,corner,1,0.9700,1,1134
10087,1648152,corner,1,0.9700,1,1135
10088,1648358,corner,1,0.9700,1,1136
10089,1648532,corner,1,0.9700,1,1137
10090,1648674,corner,1,0.9700,1,1138
10091,1648850,corner,1,0.9700,1,1139
10092,1649018,corner,1,0.9700,1,1140
10093,1649174,corner,1,0.9700,1,1141
10094,1649374,corner,1,0.9800,1,1142
10095,1649596,corner,1,0.9800,1,1143
10096,1649783,corner,1,0.9800,1,1144
10097,1649949,corner,1,0.9800,1,1145
10098,1650120,corner,1,0.9800,1,1146
10099,1650280,corner,1,0.9800,1,1147
10100,1650562,corner,1,0.9800,1,1148
10101,1650772,corner,1,0.9800,1,1149
10102,1650935,corner,1,0.9800,1,1150
10103,1651111,corner,1,0.9800,1,1151
10104,1651283,corner,1,0.9800,1,1152
10105,1651496,corner,1,0.9800,1,1153
10106,1651687,corner,1,0.9800,1,1154
10107,1651926,corner,1,0.9800,1,1155
10108,1652115,corner,1,0.9800,1,1156
10109,1652277,corner,1,0.9800,1,1157
10110,1652425,corner,1,0.9800,1,1158
10111,1652571,corner,1,0.9800,1,1159
10112,1652789,corner,1,0.9800,1,1160
10113,1652942,corner,1,0.9800,1,1161
10114,1653145,corner,1,0.9800,1,1162
10115,1653424,corner,0,0.9700,1,1163
10116,1653587,corner,1,0.9700,1,1164
10117,1653790,corner,1,0.9700,1,1165
10118,1653989,corner,1,0.9700,1,1166
10119,1654145,corner,1,0.9700,1,1167
10120,1654304,corner,1,0.9700,1,1168
10121,1654470,corner,1,0.9700,1,1169
10122,1654671,corner,1,0.9700,1,1170
10123,1654816,corner,1,0.9700,1,1171
10124,1654928,corner,1,0.9700,1,1172
10125,1655080,corner,1,0.9700,1,1173
10126,1655274,corner,1,0.9700,1,1174
10127,1655475,corner,1,0.9700,1,1175
10128,1655639,corner,1,0.9700,1,1176
10129,1655971,corner,1,0.9700,1,1177
10130,1656126,corner,1,0.9700,1,1178
10131,1656407,corner,1,0.9800,1,1179
10132,1656545,corner,1,0.9800,1,1180
10133,1656710,corner,1,0.9800,1,1181
10134,1656862,corner,1,0.9800,1,1182
10135,1657022,corner,1,0.9800,1,1183
10136,1657262,corner,1,0.9800,1,1184
10137,1657415,corner,1,0.9800,1,1185
10138,1657590,corner,1,0.9800,1,1186
10139,1657763,corner,1,0.9800,1,1187
10140,1657931,corner,1,0.9800,1,1188
10141,1658087,corner,1,0.9800,1,1189
10142,1658254,corner,1,0.9800,1,1190
10143,1658412,corner,1,0.9800,1,1191
10144,1658593,corner,1,0.9800,1,1192
10145,1658790,corner,1,0.9800,1,1193
10146,1658945,corner,1,0.9800,1,1194
10147,1659106,corner,1,0.9800,1,1195
10148,1659292,corner,1,0.9800,1,1196
10149,1659455,corner,1,0.9900,1,1197
10150,1659589,corner,1,0.9900,1,1198
10151,1659754,corner,1,0.9900,1,1199
10152,1659958,corner,1,0.9900,1,1200
10153,1660102,corner,1,0.9900,1,1201
10154,1660255,corner,1,0.9900,1,1202
10155,1660432,corner,1,0.9900,1,1203
10156,1660605,corner,1,0.9900,1,1204
10157,1660760,corner,1,0.9900,1,1205
10158,1660926,corner,1,0.9900,1,1206
10159,1661119,corner,1,0.9900,1,1207
10160,1661307,corner,1,0.9900,1,1208
10161,1661453,corner,1,0.9900,1,1209
10162,1661603,corner,1,0.9900,1,1210
10163,1661791,corner,1,0.9900,1,1211
10164,1661947,corner,1,0.9900,1,1212
10165,1662094,corner,1,0.9900,1,1213
10166,1662227,corner,1,0.9900,1,1214
10167,1662347,corner,1,0.9900,1,1215
10168,1662508,corner,1,0.9900,1,1216
10169,1662674,corner,1,0.9900,1,1217
10170,1662832,corner,1,0.9900,1,1218
10171,1662961,corner,1,0.9900,1,1219
10172,1663145,corner,1,0.9900,1,1220
10173,1663319,corner,1,0.9900,1,1221
10174,1663475,corner,1,0.9900,1,1222
10175,1663670,corner,1,0.9900,1,1223
10176,1663871,corner,1,0.9900,1,1224
10177,1664029,corner,1,0.9900,1,1225
10178,1664241,corner,1,0.9900,1,1226
10179,1664392,corner,1,0.9900,1,1227
10180,1664554,corner,1,0.9900,1,1228
10181,1664746,corner,1,0.9900,1,1229
10182,1664907,corner,1,0.9900,1,1230
10183,1665113,corner,1,0.9900,1,1231
10184,1665273,corner,1,0.9900,1,1232
10185,1665456,corner,1,0.9900,1,1233
10186,1665614,corner,1,0.9900,1,1234
10187,1665764,corner,1,0.9900,1,1235
10188,1665938,corner,1,0.9900,1,1236
10189,1666101,corner,1,0.9900,1,1237
10190,1666278,corner,1,0.9900,1,1238
10191,1666459,corner,1,0.9900,1,1239
10192,1666610,corner,1,0.9900,1,1240
10193,1666775,corner,1,0.9900,1,1241
10194,1666926,corner,1,0.9900,1,1242
10195,1667081,corner,1,0.9900,1,1243
10196,1667248,corner,1,0.9900,1,1244
10197,1667422,corner,1,0.9900,1,1245
10198,1667591,corner,1,0.9900,1,1246
10199,1667731,corner,1,0.9900,1,1247
10200,1668025,corner,1,0.9900,1,1248
10201,1668128,corner,0,0.9800,1,1249
10202,1668355,corner,1,0.9800,1,1250
10203,1668501,corner,1,0.9800,1,1251
10204,1668667,corner,1,0.9800,1,1252
10205,1668851,corner,1,0.9800,1,1253
10206,1669044,corner,1,0.9800,1,1254
10207,1669214,corner,1,0.9800,1,1255
10208,1669456,corner,1,0.9800,1,1256
10209,1669631,corner,1,0.9800,1,1257
10210,1669796,corner,1,0.9800,1,1258
10211,1669964,corner,1,0.9800,1,1259
10212,1670122,corner,1,0.9800,1,1260
10213,1670312,corner,1,0.9800,1,1261
10214,1670471,corner,1,0.9800,1,1262
10215,1670781,corner,1,0.9900,1,1263
10216,1670982,corner,1,0.9900,1,1264
10217,1671193,corner,1,0.9900,1,1265
10218,1671363,corner,1,0.9900,1,1266
10219,1671541,corner,1,0.9900,1,1267
10220,1671699,corner,1,0.9900,1,1268
10221,1671855,corner,1,0.9900,1,1269
10222,1672015,corner,1,0.9900,1,1270
10223,1672173,corner,1,0.9900,1,1271
10224,1672335,corner,1,0.9900,1,1272
10225,1672489,corner,1,0.9900,1,1273
10226,1672668,corner,1,0.9900,1,1274
10227,1672815,corner,1,0.9900,1,1275
10228,1672976,corner,1,0.9900,1,1276
10229,1673156,corner,1,0.9900,1,1277
10230,1673332,corner,1,0.9900,1,1278
10231,1673465,corner,1,0.9900,1,1279
10232,1673612,corner,1,0.9900,1,1280
10233,1673776,corner,1,0.9900,1,1281
10234,1673942,corner,1,0.9900,1,1282
10235,1674106,corner,1,0.9900,1,1283
10236,1674260,corner,1,0.9900,1,1284
10237,1674412,corner,1,0.9900,1,1285
10238,1674587,corner,1,0.9900,1,1286
10239,1674737,corner,1,0.9900,1,1287
10240,1674909,corner,1,0.9900,1,1288
10241,1675072,corner,1,0.9900,1,1289
10242,1675244,corner,1,0.9900,1,1290
10243,1675417,corner,1,0.9900,1,1291
10244,1675583,corner,1,0.9900,1,1292
10245,1675747,corner,1,0.9900,1,1293
10246,1675926,corner,1,0.9900,1,1294
10247,1676085,corner,1,0.9900,1,1295
10248,1676239,corner,1,0.9900,1,1296
10249,1676388,corner,1,0.9900,1,1297
10250,1676556,corner,1,0.9900,1,1298
10251,1676711,corner,1,0.9900,1,1299
10252,1676865,corner,1,0.9900,1,1300
10253,1677020,corner,1,0.9900,1,1301
10254,1677183,corner,1,0.9900,1,1302
10255,1677338,corner,1,0.9900,1,1303
10256,1677496,corner,1,0.9900,1,1304
10257,1677643,corner,1,0.9900,1,1305
10258,1677793,corner,1,0.9900,1,1306
10259,1677908,corner,1,0.9900,1,1307
10260,1678082,corner,1,0.9900,1,1308
10261,1678239,corner,1,0.9900,1,1309
10262,1678391,corner,1,0.9900,1,1310
10263,1678563,corner,1,0.9900,1,1311
10264,1678725,corner,1,0.9900,1,1312
10265,1679046,corner,1,0.9900,1,1313
10266,1679199,corner,1,0.9900,1,1314
10267,1679398,corner,1,0.9900,1,1315
10268,1679551,corner,1,0.9900,1,1316
10269,1679713,corner,1,0.9900,1,1317
10270,1679874,corner,1,0.9900,1,1318
10271,1680087,corner,1,0.9900,1,1319
10272,1680249,corner,1,0.9900,1,1320
10273,1680410,corner,1,0.9900,1,1321
10274,1680565,corner,1,0.9900,1,1322
10275,1680725,corner,1,0.9900,1,1323
10276,1680891,corner,1,0.9900,1,1324
10277,1681079,corner,1,0.9900,1,1325
10278,1681235,corner,1,0.9900,1,1326
10279,1681392,corner,1,0.9900,1,1327
10280,1681567,corner,1,0.9900,1,1328
10281,1681752,corner,1,0.9900,1,1329
10282,1681917,corner,1,0.9900,1,1330
10283,1682079,corner,1,0.9900,1,1331
10284,1682226,corner,1,0.9900,1,1332
10285,1682387,corner,1,0.9900,1,1333
10286,1682578,corner,1,0.9900,1,1334
10287,1682821,corner,1,0.9900,1,1335
10288,1683007,corner,1,0.9900,1,1336
10289,1683137,corner,1,0.9900,1,1337
10290,1683334,corner,1,0.9900,1,1338
10291,1683487,corner,1,0.9900,1,1339
10292,1683678,corner,1,0.9900,1,1340
10293,1683851,corner,1,0.9900,1,1341
10294,1684057,corner,1,0.9900,1,1342
10295,1684172,corner,1,0.9900,1,1343
10296,1684294,corner,1,0.9900,1,1344
10297,1684454,corner,1,0.9900,1,1345
10298,1684596,corner,1,0.9900,1,1346
10299,1684732,corner,1,0.9900,1,1347
10300,1684888,corner,1,0.9900,1,1348
10301,1685080,corner,1,1.0000,1,1349
10302,1685251,corner,1,1.0000,1,1350
10303,1685399,corner,1,1.0000,1,1351
10304,1685580,corner,1,1.0000,1,1352
10305,1685739,corner,1,1.0000,1,1353
10306,1685920,corner,1,1.0000,1,1354
10307,1686074,corner,1,1.0000,1,1355
10308,1686222,corner,1,1.0000,1,1356
10309,1686544,corner,1,1.0000,1,1357
10310,1686701,corner,1,1.0000,1,1358
10311,1686880,corner,1,1.0000,1,1359
10312,1687043,corner,1,1.0000,1,1360
10313,1687200,corner,1,1.0000,1,1361
10314,1687354,corner,1,1.0000,1,1362
10315,1687507,corner,1,1.0000,1,1363
10316,1687655,corner,1,1.0000,1,1364
10317,1687800,corner,1,1.0000,1,1365
10318,1688006,corner,1,1.0000,1,1366
10319,1688178,corner,1,1.0000,1,1367
10320,1688332,corner,1,1.0000,1,1368
10321,1688483,corner,1,1.0000,1,1369
10322,1688637,corner,1,1.0000,1,1370
10323,1688795,corner,1,1.0000,1,1371
10324,1689031,corner,1,1.0000,1,1372
10325,1689185,corner,1,1.0000,1,1373
10326,1689343,corner,1,1.0000,1,1374
10327,1689498,corner,1,1.0000,1,1375
10328,1689708,corner,1,1.0000,1,1376
10329,1689881,corner,1,1.0000,1,1377
10330,1690043,corner,1,1.0000,1,1378
10331,1690194,corner,1,1.0000,1,1379
10332,1690357,corner,1,1.0000,1,1380
10333,1690511,corner,1,1.0000,1,1381
10334,1690696,corner,1,1.0000,1,1382
10335,1690850,corner,1,1.0000,1,1383
10336,1690960,corner,1,1.0000,1,1384
10337,1691119,corner,1,1.0000,1,1385
10338,1691270,corner,1,1.0000,1,1386
10339,1691380,corner,0,0.9900,1,1387
10340,1691529,corner,1,0.9900,1,1388
10341,1691677,corner,1,0.9900,1,1389
10342,1691845,corner,1,0.9900,1,1390
10343,1692031,corner,1,0.9900,1,1391
10344,1692216,corner,1,0.9900,1,1392
10345,1692373,corner,1,0.9900,1,1393
10346,1692489,corner,1,0.9900,1,1394
10347,1692662,corner,1,0.9900,1,1395
10348,1692843,corner,1,0.9900,1,1396
10349,1692994,corner,1,0.9900,1,1397
10350,1693143,corner,1,0.9900,1,1398
10351,1693302,corner,1,0.9900,1,1399
10352,1693472,corner,1,0.9900,1,1400
10353,1693800,corner,1,0.9900,1,1401
10354,1694127,corner,1,0.9900,1,1402
10355,1694303,corner,1,0.9900,1,1403
10356,1694502,corner,1,0.9900,1,1404
10357,1694668,corner,1,0.9900,1,1405
10358,1694830,corner,1,0.9900,1,1406
10359,1695017,corner,1,0.9900,1,1407
10360,1695233,corner,1,0.9900,1,1408
10361,1695382,corner,1,0.9900,1,1409
10362,1695569,corner,1,0.9900,1,1410
10363,1695735,corner,1,0.9900,1,1411
10364,1695846,corner,1,0.9900,1,1412
10365,1696022,corner,1,0.9900,1,1413
10366,1696193,corner,1,0.9900,1,1414
10367,1696342,corner,1,0.9900,1,1415
10368,1696452,corner,1,0.9900,1,1416
10369,1696604,corner,1,0.9900,1,1417
10370,1696791,corner,1,0.9900,1,1418
10371,1696938,corner,1,0.9900,1,1419
10372,1697123,corner,1,0.9900,1,1420
10373,1697293,corner,1,0.9900,1,1421
10374,1697446,corner,1,0.9900,1,1422
10375,1697612,corner,1,0.9900,1,1423
10376,1697812,corner,1,0.9900,1,1424
10377,1698013,corner,1,0.9900,1,1425
10378,1698180,corner,1,0.9900,1,1426
10379,1698334,corner,1,0.9900,1,1427
10380,1698490,corner,1,0.9900,1,1428
10381,1698627,corner,1,0.9900,1,1429
10382,1698786,corner,1,0.9900,1,1430
10383,1699022,corner,1,0.9900,1,1431
10384,1699171,corner,1,0.9900,1,1432
10385,1699334,corner,1,0.9900,1,1433
10386,1699490,corner,1,0.9900,1,1434
10387,1699708,corner,1,0.9900,1,1435
10388,1699857,corner,1,0.9900,1,1436
10389,1699999,corner,1,0.9900,1,1437
10390,1700179,corner,1,0.9900,1,1438
10391,1700330,corner,1,0.9900,1,1439
10392,1700598,corner,1,0.9900,1,1440
10393,1700745,corner,1,0.9900,1,1441
10394,1700902,corner,1,0.9900,1,1442
10395,1701051,corner,1,0.9900,1,1443
10396,1701219,corner,1,0.9900,1,1444
10397,1701397,corner,1,0.9900,1,1445
10398,1701544,corner,1,0.9900,1,1446
10399,1701708,corner,1,0.9900,1,1447
10400,1701873,corner,1,0.9900,1,1448
10401,1702019,corner,1,0.9900,1,1449
10402,1702219,corner,1,0.9900,1,1450
10403,1702399,corner,1,0.9900,1,1451
10404,1702679,corner,1,0.9900,1,1452
10405,1702821,corner,1,0.9900,1,1453
10406,1702939,corner,1,0.9900,1,1454
10407,1703088,corner,1,0.9900,1,1455
10408,1703269,corner,1,0.9900,1,1456
10409,1703427,corner,1,0.9900,1,1457
10410,1703608,corner,1,0.9900,1,1458
10411,1703785,corner,1,0.9900,1,1459
10412,1703950,corner,1,0.9900,1,1460
10413,1704058,corner,1,0.9900,1,1461
10414,1704385,corner,1,0.9900,1,1462
10415,1704558,corner,1,0.9900,1,1463
10416,1704715,corner,1,0.9900,1,1464
10417,1705035,corner,1,0.9900,1,1465
10418,1705187,corner,1,0.9900,1,1466
10419,1705344,corner,1,0.9900,1,1467
10420,1705506,corner,1,0.9900,1,1468
10421,1705667,corner,1,0.9900,1,1469
10422,1705973,corner,1,0.9900,1,1470
10423,1706110,corner,1,0.9900,1,1471
10424,1706264,corner,1,0.9900,1,1472
10425,1706439,corner,1,0.9900,1,1473
10426,1706653,corner,1,0.9900,1,1474
10427,1706833,corner,1,0.9900,1,1475
10428,1706947,corner,1,0.9900,1,1476
10429,1707102,corner,1,0.9900,1,1477
10430,1707255,corner,1,0.9900,1,1478
10431,1707410,corner,1,0.9900,1,1479
10432,1707611,corner,1,0.9900,1,1480
10433,1707762,corner,1,0.9900,1,1481
10434,1707963,corner,1,0.9900,1,1482
10435,1708148,corner,1,0.9900,1,1483
10436,1708297,corner,1,0.9900,1,1484
10437,1708463,corner,1,0.9900,1,1485
10438,1708617,corner,1,0.9900,1,1486
10439,1708793,corner,1,1.0000,1,1487
10440,1708951,corner,1,1.0000,1,1488
10441,1709083,corner,1,1.0000,1,1489
10442,1709235,corner,1,1.0000,1,1490
10443,1709380,corner,1,1.0000,1,1491
10444,1709541,corner,1,1.0000,1,1492
10445,1709710,corner,1,1.0000,1,1493
10446,1709872,corner,1,1.0000,1,1494
10447,1710020,corner,1,1.0000,1,1495
10448,1710179,corner,1,1.0000,1,1496
10449,1710284,corner,1,1.0000,1,1497
10450,1710438,corner,1,1.0000,1,1498
10451,1710589,corner,1,1.0000,1,1499
10452,1710741,corner,1,1.0000,1,1500
10453,1710893,corner,1,1.0000,1,1501
10454,1711081,corner,1,1.0000,1,1502
10455,1711238,corner,1,1.0000,1,1503
10456,1711398,corner,1,1.0000,1,1504
10457,1711571,corner,1,1.0000,1,1505
10458,1711739,corner,1,1.0000,1,1506
10459,1711910,corner,1,1.0000,1,1507
10460,1712077,corner,1,1.0000,1,1508
10461,1712196,corner,1,1.0000,1,1509
10462,1712349,corner,1,1.0000,1,1510
10463,1712504,corner,1,1.0000,1,1511
10464,1712648,corner,1,1.0000,1,1512
10465,1712805,corner,1,1.0000,1,1513
10466,1712998,corner,1,1.0000,1,1514
10467,1713185,corner,1,1.0000,1,1515
10468,1713331,corner,1,1.0000,1,1516
10469,1713470,corner,1,1.0000,1,1517
10470,1713607,corner,1,1.0000,1,1518
10471,1713807,corner,1,1.0000,1,1519
10472,1713971,corner,1,1.0000,1,1520
10473,1714140,corner,1,1.0000,1,1521
10474,1714293,corner,1,1.0000,1,1522
10475,1714441,corner,1,1.0000,1,1523
10476,1714617,corner,1,1.0000,1,1524
10477,1714778,corner,1,1.0000,1,1525
10478,1714928,corner,1,1.0000,1,1526
10479,1715134,corner,1,1.0000,1,1527
10480,1715300,corner,1,1.0000,1,1528
10481,1715459,corner,1,1.0000,1,1529
10482,1715636,corner,1,1.0000,1,1530
10483,1715803,corner,1,1.0000,1,1531
10484,1715941,corner,1,1.0000,1,1532
10485,1716088,corner,1,1.0000,1,1533
10486,1716238,corner,1,1.0000,1,1534
10487,1716388,corner,1,1.0000,1,1535
10488,1716547,corner,1,1.0000,1,1536
10489,1716699,corner,1,1.0000,1,1537
10490,1716851,corner,1,1.0000,1,1538
10491,1717014,corner,1,1.0000,1,1539
10492,1717177,corner,1,1.0000,1,1540
10493,1717342,corner,1,1.0000,1,1541
10494,1717503,corner,1,1.0000,1,1542
10495,1717657,corner,1,1.0000,1,1543
10496,1717822,corner,1,1.0000,1,1544
10497,1717969,corner,1,1.0000,1,1545
10498,1718142,corner,1,1.0000,1,1546
10499,1718290,corner,1,1.0000,1,1547
10500,1718454,corner,1,1.0000,1,1548
10501,1718656,corner,1,1.0000,1,1549
10502,1718817,corner,1,1.0000,1,1550
10503,1718962,corner,1,1.0000,1,1551
10504,1719117,corner,1,1.0000,1,1552
10505,1719270,corner,1,1.0000,1,1553
10506,1719432,corner,1,1.0000,1,1554
10507,1719622,corner,1,1.0000,1,1555
10508,1719738,corner,1,1.0000,1,1556
10509,1719893,corner,1,1.0000,1,1557
10510,1720047,corner,1,1.0000,1,1558
10511,1720196,corner,1,1.0000,1,1559
10512,1720364,corner,1,1.0000,1,1560
10513,1720476,corner,1,1.0000,1,1561
10514,1720638,corner,1,1.0000,1,1562
10515,1720798,corner,1,1.0000,1,1563
10516,1720947,corner,1,1.0000,1,1564
10517,1721112,corner,1,1.0000,1,1565
10518,1721262,corner,1,1.0000,1,1566
10519,1721427,corner,1,1.0000,1,1567
10520,1721592,corner,1,1.0000,1,1568
10521,1721774,corner,1,1.0000,1,1569
10522,1721925,corner,1,1.0000,1,1570
10523,1722088,corner,1,1.0000,1,1571
10524,1722261,corner,1,1.0000,1,1572
10525,1722466,corner,1,1.0000,1,1573
10526,1722616,corner,1,1.0000,1,1574
10527,1722770,corner,1,1.0000,1,1575
10528,1722934,corner,1,1.0000,1,1576
10529,1723080,corner,1,1.0000,1,1577
10530,1723211,corner,1,1.0000,1,1578
10531,1723374,corner,1,1.0000,1,1579
10532,1723520,corner,1,1.0000,1,1580
10533,1723680,corner,1,1.0000,1,1581
10534,1723827,corner,1,1.0000,1,1582
10535,1724042,corner,1,1.0000,1,1583
10536,1724195,corner,1,1.0000,1,1584
10537,1724441,corner,1,1.0000,1,1585
10538,1724599,corner,1,1.0000,1,1586
10539,1724794,corner,1,1.0000,1,1587
10540,1724950,corner,1,1.0000,1,1588
10541,1725106,corner,1,1.0000,1,1589
10542,1725269,corner,1,1.0000,1,1590
10543,1725422,corner,1,1.0000,1,1591
10544,1725580,corner,1,1.0000,1,1592
10545,1725755,corner,1,1.0000,1,1593
10546,1725914,corner,1,1.0000,1,1594
10547,1726060,corner,1,1.0000,1,1595
10548,1726172,corner,1,1.0000,1,1596
10549,1726323,corner,1,1.0000,1,1597
10550,1726472,corner,1,1.0000,1,1598
10551,1726577,corner,0,0.9900,1,1599
10552,1726734,corner,1,0.9900,1,1600
10553,1726876,corner,1,0.9900,1,1601
10554,1727041,corner,1,0.9900,1,1602
10555,1727205,corner,1,0.9900,1,1603
10556,1727356,corner,1,0.9900,1,1604
10557,1727465,corner,1,0.9900,1,1605
10558,1727641,corner,1,0.9900,1,1606
10559,1727791,corner,1,0.9900,1,1607
10560,1727954,corner,1,0.9900,1,1608
10561,1728108,corner,1,0.9900,1,1609
10562,1728356,corner,1,0.9900,1,1610
10563,1728508,corner,1,0.9900,1,1611
10564,1728667,corner,1,0.9900,1,1612
10565,1728830,corner,1,0.9900,1,1613
10566,1729041,corner,1,0.9900,1,1614
10567,1729180,corner,1,0.9900,1,1615
10568,1729343,corner,1,0.9900,1,1616
10569,1729504,corner,1,0.9900,1,1617
10570,1729649,corner,1,0.9900,1,1618
10571,1729826,corner,1,0.9900,1,1619
10572,1729937,corner,1,0.9900,1,1620
10573,1730102,corner,1,0.9900,1,1621
10574,1730310,corner,1,0.9900,1,1622
10575,1730450,corner,1,0.9900,1,1623
10576,1730603,corner,1,0.9900,1,1624
10577,1730709,corner,1,0.9900,1,1625
10578,1730861,corner,1,0.9900,1,1626
10579,1731008,corner,1,0.9900,1,1627
10580,1731117,corner,1,0.9900,1,1628
10581,1731264,corner,1,0.9900,1,1629
10582,1731415,corner,1,0.9900,1,1630
10583,1731593,corner,1,0.9900,1,1631
10584,1731725,corner,1,0.9900,1,1632
10585,1731859,corner,1,0.9900,1,1633
10586,1732198,corner,1,0.9900,1,1634
10587,1732362,corner,1,0.9900,1,1635
10588,1732519,corner,1,0.9900,1,1636
10589,1732660,corner,1,0.9900,1,1637
10590,1732810,corner,1,0.9900,1,1638
10591,1732914,corner,1,0.9900,1,1639
10592,1733066,corner,1,0.9900,1,1640
10593,1733171,corner,1,0.9900,1,1641
10594,1733313,corner,1,0.9900,1,1642
10595,1733418,corner,1,0.9900,1,1643
10596,1733580,corner,1,0.9900,1,1644
10597,1733733,corner,1,0.9900,1,1645
10598,1733883,corner,1,0.9900,1,1646
10599,1734048,corner,1,0.9900,1,1647
10600,1734197,corner,1,0.9900,1,1648
10601,1734352,corner,1,0.9900,1,1649
10602,1734456,corner,1,0.9900,1,1650
10603,1734598,corner,1,0.9900,1,1651
10604,1734749,corner,1,0.9900,1,1652
10605,1734886,corner,1,0.9900,1,1653
10606,1735042,corner,1,0.9900,1,1654
10607,1735160,corner,1,0.9900,1,1655
10608,1735275,corner,1,0.9900,1,1656
10609,1735390,corner,1,0.9900,1,1657
10610,1735540,corner,1,0.9900,1,1658
10611,1735730,corner,1,0.9900,1,1659
10612,1735837,corner,1,0.9900,1,1660
10613,1735979,corner,1,0.9900,1,1661
10614,1736160,corner,1,0.9900,1,1662
10615,1736265,corner,1,0.9900,1,1663
10616,1736407,corner,1,0.9900,1,1664
10617,1736563,corner,1,0.9900,1,1665
10618,1736720,corner,1,0.9900,1,1666
10619,1736895,corner,1,0.9900,1,1667
10620,1737044,corner,1,0.9900,1,1668
10621,1737196,corner,1,0.9900,1,1669
10622,1737339,corner,1,0.9900,1,1670
10623,1737497,corner,1,0.9900,1,1671
10624,1737646,corner,1,0.9900,1,1672
10625,1737804,corner,1,0.9900,1,1673
10626,1737948,corner,1,0.9900,1,1674
10627,1738100,corner,1,0.9900,1,1675
10628,1738235,corner,1,0.9900,1,1676
10629,1738397,corner,1,0.9900,1,1677
10630,1738520,corner,1,0.9900,1,1678
10631,1738627,corner,0,0.9800,1,1679
10632,1738779,corner,1,0.9800,1,1680
10633,1738883,corner,0,0.9700,1,1681
10634,1739030,corner,1,0.9700,1,1682
10635,1739180,corner,1,0.9700,1,1683
10636,1739333,corner,1,0.9700,1,1684
10637,1739482,corner,1,0.9700,1,1685
10638,1739624,corner,1,0.9700,1,1686
10639,1739783,corner,1,0.9700,1,1687
10640,1739943,corner,1,0.9700,1,1688
10641,1740104,corner,1,0.9700,1,1689
10642,1740246,corner,1,0.9700,1,1690
10643,1740430,corner,1,0.9700,1,1691
10644,1740540,corner,1,0.9700,1,1692
10645,1740688,corner,1,0.9700,1,1693
10646,1740844,corner,1,0.9700,1,1694
10647,1740993,corner,1,0.9700,1,1695
10648,1741111,corner,1,0.9700,1,1696
10649,1741258,corner,1,0.9700,1,1697
10650,1741411,corner,1,0.9700,1,1698
10651,1741567,corner,1,0.9800,1,1699
10652,1741714,corner,1,0.9800,1,1700
10653,1741866,corner,1,0.9800,1,1701
10654,1742032,corner,1,0.9800,1,1702
10655,1742178,corner,1,0.9800,1,1703
10656,1742285,corner,1,0.9800,1,1704
10657,1742441,corner,1,0.9800,1,1705
10658,1742597,corner,1,0.9800,1,1706
10659,1742749,corner,1,0.9800,1,1707
10660,1742890,corner,1,0.9800,1,1708
10661,1742994,corner,1,0.9800,1,1709
10662,1743146,corner,1,0.9800,1,1710
10663,1743296,corner,1,0.9800,1,1711
10664,1743439,corner,1,0.9800,1,1712
10665,1743575,corner,1,0.9800,1,1713
10666,1743764,corner,1,0.9800,1,1714
10667,1743915,corner,1,0.9800,1,1715
10668,1744082,corner,1,0.9800,1,1716
10669,1744227,corner,1,0.9800,1,1717
10670,1744583,corner,1,0.9800,1,1718
10671,1744889,corner,1,0.9800,1,1719
10672,1745042,corner,1,0.9800,1,1720
10673,1745186,corner,1,0.9800,1,1721
10674,1745339,corner,1,0.9800,1,1722
10675,1745449,corner,1,0.9800,1,1723
10676,1745596,corner,1,0.9800,1,1724
10677,1745757,corner,1,0.9800,1,1725
10678,1745907,corner,1,0.9800,1,1726
10679,1746071,corner,1,0.9800,1,1727
10680,1746244,corner,1,0.9800,1,1728
10681,1746397,corner,1,0.9800,1,1729
10682,1746540,corner,1,0.9800,1,1730
10683,1746691,corner,1,0.9800,1,1731
10684,1746827,corner,1,0.9800,1,1732
10685,1746933,corner,1,0.9800,1,1733
10686,1747069,corner,1,0.9800,1,1734
10687,1747257,corner,1,0.9800,1,1735
10688,1747441,corner,1,0.9800,1,1736
10689,1747549,corner,1,0.9800,1,1737
10690,1747690,corner,1,0.9800,1,1738
10691,1747846,corner,1,0.9800,1,1739
10692,1747953,corner,1,0.9800,1,1740
10693,1748110,corner,1,0.9800,1,1741
10694,1748262,corner,1,0.9800,1,1742
10695,1748428,corner,1,0.9800,1,1743
10696,1748573,corner,1,0.9800,1,1744
10697,1748683,corner,1,0.9800,1,1745
10698,1748842,corner,1,0.9800,1,1746
10699,1748992,corner,1,0.9800,1,1747
10700,1749143,corner,1,0.9800,1,1748
10701,1749297,corner,1,0.9800,1,1749
10702,1749489,corner,1,0.9800,1,1750
10703,1749660,corner,1,0.9800,1,1751
10704,1749763,corner,1,0.9800,1,1752
10705,1749903,corner,1,0.9800,1,1753
10706,1750059,corner,1,0.9800,1,1754
10707,1750210,corner,1,0.9800,1,1755
10708,1750325,corner,1,0.9800,1,1756
10709,1750484,corner,1,0.9800,1,1757
10710,1750656,corner,1,0.9800,1,1758
10711,1750760,corner,1,0.9800,1,1759
10712,1750860,corner,0,0.9700,1,1760
10713,1751037,corner,1,0.9700,1,1761
10714,1751174,corner,1,0.9700,1,1762
10715,1751292,corner,1,0.9700,1,1763
10716,1751451,corner,1,0.9700,1,1764
10717,1751606,corner,1,0.9700,1,1765
10718,1751745,corner,1,0.9700,1,1766
10719,1751905,corner,1,0.9700,1,1767
10720,1752055,corner,1,0.9700,1,1768
10721,1752221,corner,1,0.9700,1,1769
10722,1752380,corner,1,0.9700,1,1770
10723,1752519,corner,1,0.9700,1,1771
10724,1752673,corner,1,0.9700,1,1772
10725,1752831,corner,1,0.9700,1,1773
10726,1752972,corner,1,0.9700,1,1774
10727,1753127,corner,1,0.9700,1,1775
10728,1753277,corner,1,0.9700,1,1776
10729,1753422,corner,1,0.9700,1,1777
10730,1753550,corner,1,0.9700,1,1778
10731,1753712,corner,1,0.9800,1,1779
10732,1753868,corner,1,0.9800,1,1780
10733,1754023,corner,1,0.9900,1,1781
10734,1754190,corner,1,0.9900,1,1782
10735,1754350,corner,1,0.9900,1,1783
10736,1754528,corner,1,0.9900,1,1784
10737,1754677,corner,1,0.9900,1,1785
10738,1754826,corner,1,0.9900,1,1786
10739,1754940,corner,1,0.9900,1,1787
10740,1755050,corner,1,0.9900,1,1788
10741,1755201,corner,1,0.9900,1,1789
10742,1755373,corner,1,0.9900,1,1790
10743,1755525,corner,1,0.9900,1,1791
10744,1755655,corner,0,0.9800,1,1792
10745,1755802,corner,1,0.9800,1,1793
10746,1755987,corner,1,0.9800,1,1794
10747,1756086,corner,0,0.9700,1,1795
10748,1756223,corner,1,0.9700,1,1796
10749,1756372,corner,1,0.9700,1,1797
10750,1757724,corner,1,0.9700,1,1798
10751,1757873,corner,1,0.9700,1,1799
10752,1757987,corner,1,0.9700,1,1800
10753,1758152,corner,1,0.9700,1,1801
10754,1758304,corner,1,0.9700,1,1802
10755,1758460,corner,1,0.9700,1,1803
10756,1758620,corner,1,0.9700,1,1804
10757,1758802,corner,1,0.9700,1,1805
10758,1758942,corner,1,0.9700,1,1806
10759,1759087,corner,1,0.9700,1,1807
10760,1759239,corner,1,0.9700,1,1808
10761,1759383,corner,1,0.9700,1,1809
10762,1759486,corner,1,0.9700,1,1810
10763,1759660,corner,1,0.9700,1,1811
10764,1759804,corner,1,0.9700,1,1812
10765,1759937,corner,1,0.9700,1,1813
10766,1760074,corner,1,0.9700,1,1814
10767,1760243,corner,1,0.9700,1,1815
10768,1760391,corner,1,0.9700,1,1816
10769,1760544,corner,1,0.9700,1,1817
10770,1760688,corner,1,0.9700,1,1818
10771,1760842,corner,1,0.9700,1,1819
10772,1760953,corner,1,0.9700,1,1820
10773,1761089,corner,1,0.9700,1,1821
10774,1761333,corner,1,0.9700,1,1822
10775,1761471,corner,1,0.9700,1,1823
10776,1761637,corner,1,0.9700,1,1824
10777,1761804,corner,1,0.9700,1,1825
10778,1761952,corner,1,0.9700,1,1826
10779,1762102,corner,1,0.9700,1,1827
10780,1762203,corner,1,0.9700,1,1828
10781,1762350,corner,1,0.9700,1,1829
10782,1762513,corner,1,0.9700,1,1830
10783,1762655,corner,1,0.9700,1,1831
10784,1762815,corner,1,0.9700,1,1832
10785,1763000,corner,1,0.9700,1,1833
10786,1763311,corner,1,0.9700,1,1834
10787,1763453,corner,1,0.9700,1,1835
10788,1763563,corner,1,0.9700,1,1836
10789,1763720,corner,1,0.9700,1,1837
10790,1763824,corner,1,0.9700,1,1838
10791,1763925,corner,1,0.9700,1,1839
10792,1764080,corner,1,0.9700,1,1840
10793,1764235,corner,1,0.9700,1,1841
10794,1764363,corner,1,0.9700,1,1842
10795,1764505,corner,1,0.9700,1,1843
10796,1764660,corner,1,0.9700,1,1844
10797,1764834,corner,1,0.9700,1,1845
10798,1764997,corner,1,0.9700,1,1846
10799,1765155,corner,1,0.9700,1,1847
10800,1765303,corner,1,0.9700,1,1848
10801,1765465,corner,1,0.9700,1,1849
10802,1765570,corner,1,0.9700,1,1850
10803,1765677,corner,1,0.9700,1,1851
10804,1765824,corner,1,0.9700,1,1852
10805,1765976,corner,1,0.9700,1,1853
10806,1766087,corner,0,0.9600,1,1854
10807,1766259,corner,1,0.9600,1,1855
10808,1766408,corner,1,0.9600,1,1856
10809,1766563,corner,1,0.9600,1,1857
10810,1766750,corner,1,0.9600,1,1858
10811,1766901,corner,1,0.9600,1,1859
10812,1767059,corner,1,0.9700,1,1860
10813,1767197,corner,1,0.9700,1,1861
10814,1767341,corner,1,0.9700,1,1862
10815,1767576,corner,1,0.9700,1,1863
10816,1767720,corner,1,0.9700,1,1864
10817,1767833,corner,1,0.9700,1,1865
10818,1767986,corner,1,0.9700,1,1866
10819,1768125,corner,1,0.9700,1,1867
10820,1768276,corner,1,0.9700,1,1868
10821,1768387,corner,1,0.9700,1,1869
10822,1768526,corner,1,0.9700,1,1870
10823,1768677,corner,1,0.9700,1,1871
10824,1768865,corner,1,0.9700,1,1872
10825,1769043,corner,1,0.9700,1,1873
10826,1769206,corner,1,0.9700,1,1874
10827,1769308,corner,1,0.9700,1,1875
10828,1769453,corner,1,0.9700,1,1876
10829,1769623,corner,1,0.9700,1,1877
10830,1769779,corner,1,0.9700,1,1878
10831,1769937,corner,1,0.9700,1,1879
10832,1770090,corner,1,0.9700,1,1880
10833,1770251,corner,1,0.9700,1,1881
10834,1770567,corner,1,0.9700,1,1882
10835,1770719,corner,1,0.9700,1,1883
10836,1770897,corner,1,0.9700,1,1884
10837,1771078,corner,1,0.9700,1,1885
10838,1771226,corner,1,0.9700,1,1886
10839,1771375,corner,1,0.9700,1,1887
10840,1771496,corner,1,0.9700,1,1888
10841,1771640,corner,1,0.9700,1,1889
10842,1771767,corner,1,0.9700,1,1890
10843,1771878,corner,1,0.9700,1,1891
10844,1772028,corner,1,0.9800,1,1892
10845,1772170,corner,1,0.9800,1,1893
10846,1772313,corner,1,0.9800,1,1894
10847,1772473,corner,1,0.9900,1,1895
10848,1772599,corner,1,0.9900,1,1896
10849,1772741,corner,1,0.9900,1,1897
10850,1772911,corner,1,0.9900,1,1898
10851,1773074,corner,1,0.9900,1,1899
10852,1773225,corner,1,0.9900,1,1900
10853,1773398,corner,1,0.9900,1,1901
10854,1773557,corner,1,0.9900,1,1902
10855,1773748,corner,1,0.9900,1,1903
10856,1773900,corner,1,0.9900,1,1904
10857,1774052,corner,1,0.9900,1,1905
10858,1774157,corner,1,0.9900,1,1906
10859,1774315,corner,1,0.9900,1,1907
10860,1774459,corner,1,0.9900,1,1908
10861,1774603,corner,1,0.9900,1,1909
10862,1774752,corner,1,0.9900,1,1910
10863,1774892,corner,1,0.9900,1,1911
10864,1775044,corner,1,0.9900,1,1912
10865,1775199,corner,1,0.9900,1,1913
10866,1775372,corner,1,0.9900,1,1914
10867,1775532,corner,1,0.9900,1,1915
10868,1775686,corner,1,0.9900,1,1916
10869,1775818,corner,1,0.9900,1,1917
10870,1775964,corner,1,0.9900,1,1918
10871,1776067,corner,1,0.9900,1,1919
10872,1776211,corner,1,0.9900,1,1920
10873,1776354,corner,1,0.9900,1,1921
10874,1776493,corner,1,0.9900,1,1922
10875,1776643,corner,1,0.9900,1,1923
10876,1776798,corner,1,0.9900,1,1924
10877,1777014,corner,1,0.9900,1,1925
10878,1777173,corner,1,0.9900,1,1926
10879,1777337,corner,1,0.9900,1,1927
10880,1777479,corner,1,0.9900,1,1928
10881,1777641,corner,1,0.9900,1,1929
10882,1777796,corner,1,0.9900,1,1930
10883,1777963,corner,1,0.9900,1,1931
10884,1778188,corner,1,0.9900,1,1932
10885,1778339,corner,1,0.9900,1,1933
10886,1778488,corner,1,0.9900,1,1934
10887,1778625,corner,1,0.9900,1,1935
10888,1778736,corner,1,0.9900,1,1936
10889,1778897,corner,1,0.9900,1,1937
10890,1779064,corner,1,0.9900,1,1938
10891,1779169,corner,1,0.9900,1,1939
10892,1779306,corner,1,0.9900,1,1940
10893,1779416,corner,1,0.9900,1,1941
10894,1779639,corner,1,0.9900,1,1942
10895,1779744,corner,1,0.9900,1,1943
10896,1779898,corner,1,0.9900,1,1944
10897,1780042,corner,1,0.9900,1,1945
10898,1780205,corner,1,0.9900,1,1946
10899,1780340,corner,1,0.9900,1,1947
10900,1780516,corner,1,0.9900,1,1948
10901,1780618,corner,1,0.9900,1,1949
10902,1780782,corner,1,0.9900,1,1950
10903,1780923,corner,1,0.9900,1,1951
10904,1781074,corner,1,0.9900,1,1952
10905,1781217,corner,1,0.9900,1,1953
10906,1781325,corner,1,1.0000,1,1954
10907,1781474,corner,1,1.0000,1,1955
10908,1781618,corner,1,1.0000,1,1956
10909,1781760,corner,1,1.0000,1,1957
10910,1781891,corner,1,1.0000,1,1958
10911,1782054,corner,1,1.0000,1,1959
10912,1782211,corner,1,1.0000,1,1960
10913,1782454,corner,1,1.0000,1,1961
10914,1782598,corner,1,1.0000,1,1962
10915,1782734,corner,1,1.0000,1,1963
10916,1782904,corner,1,1.0000,1,1964
10917,1783064,corner,1,1.0000,1,1965
10918,1783218,corner,1,1.0000,1,1966
10919,1783365,corner,1,1.0000,1,1967
10920,1783541,corner,1,1.0000,1,1968
10921,1783688,corner,1,1.0000,1,1969
10922,1783856,corner,1,1.0000,1,1970
10923,1784001,corner,1,1.0000,1,1971
10924,1784153,corner,1,1.0000,1,1972
10925,1784297,corner,1,1.0000,1,1973
10926,1784435,corner,1,1.0000,1,1974
10927,1784587,corner,1,1.0000,1,1975
10928,1784721,corner,1,1.0000,1,1976
10929,1784833,corner,1,1.0000,1,1977
10930,1784989,corner,1,1.0000,1,1978
10931,1785135,corner,1,1.0000,1,1979
10932,1785288,corner,1,1.0000,1,1980
10933,1785429,corner,1,1.0000,1,1981
10934,1785578,corner,1,1.0000,1,1982
10935,1785722,corner,1,1.0000,1,1983
10936,1785870,corner,1,1.0000,1,1984
10937,1786016,corner,1,1.0000,1,1985
10938,1786160,corner,1,1.0000,1,1986
10939,1786304,corner,1,1.0000,1,1987
10940,1786465,corner,1,1.0000,1,1988
10941,1786573,corner,1,1.0000,1,1989
10942,1786678,corner,1,1.0000,1,1990
10943,1786818,corner,1,1.0000,1,1991
10944,1786962,corner,1,1.0000,1,1992
10945,1787100,corner,1,1.0000,1,1993
10946,1787221,corner,1,1.0000,1,1994
10947,1787375,corner,1,1.0000,1,1995
10948,1787536,corner,1,1.0000,1,1996
10949,1787719,corner,1,1.0000,1,1997
10950,1787860,corner,1,1.0000,1,1998
10951,1788028,corner,1,1.0000,1,1999
10952,1788172,corner,1,1.0000,1,2000
10953,1788344,corner,1,1.0000,1,2001
10954,1788490,corner,1,1.0000,1,2002
10955,1788623,corner,1,1.0000,1,2003
10956,1788779,corner,1,1.0000,1,2004
10957,1789011,corner,1,1.0000,1,2005
10958,1789152,corner,1,1.0000,1,2006
10959,1789256,corner,1,1.0000,1,2007
10960,1789396,corner,1,1.0000,1,2008
10961,1789500,corner,1,1.0000,1,2009
10962,1789649,corner,1,1.0000,1,2010
10963,1789788,corner,1,1.0000,1,2011
10964,1789890,corner,1,1.0000,1,2012
10965,1789992,corner,1,1.0000,1,2013
10966,1790155,corner,1,1.0000,1,2014
10967,1790294,corner,1,1.0000,1,2015
10968,1790434,corner,1,1.0000,1,2016
10969,1790554,corner,1,1.0000,1,2017
10970,1790695,corner,1,1.0000,1,2018
10971,1790840,corner,1,1.0000,1,2019
10972,1790951,corner,1,1.0000,1,2020
10973,1791100,corner,1,1.0000,1,2021
10974,1791234,corner,1,1.0000,1,2022
10975,1791370,corner,1,1.0000,1,2023
10976,1791527,corner,1,1.0000,1,2024
10977,1791688,corner,1,1.0000,1,2025
10978,1791821,corner,1,1.0000,1,2026
10979,1791948,corner,1,1.0000,1,2027
10980,1792098,corner,1,1.0000,1,2028
10981,1792251,corner,1,1.0000,1,2029
10982,1792358,corner,1,1.0000,1,2030
10983,1792512,corner,1,1.0000,1,2031
10984,1792659,corner,1,1.0000,1,2032
10985,1792803,corner,1,1.0000,1,2033
10986,1792954,corner,1,1.0000,1,2034
10987,1793092,corner,1,1.0000,1,2035
10988,1793234,corner,1,1.0000,1,2036
10989,1793372,corner,1,1.0000,1,2037
10990,1793502,corner,1,1.0000,1,2038
10991,1793649,corner,1,1.0000,1,2039
10992,1793799,corner,1,1.0000,1,2040
10993,1793906,corner,1,1.0000,1,2041
10994,1794048,corner,1,1.0000,1,2042
10995,1794185,corner,1,1.0000,1,2043
10996,1794284,corner,1,1.0000,1,2044
10997,1794388,corner,1,1.0000,1,2045
10998,1794534,corner,1,1.0000,1,2046
10999,1794687,corner,1,1.0000,1,2047
11000,1794848,corner,1,1.0000,1,2048
11001,1795016,corner,1,1.0000,1,2049
11002,1795162,corner,1,1.0000,1,2050
11003,1795330,corner,1,1.0000,1,2051
11004,1795521,corner,1,1.0000,1,2052
11005,1795671,corner,1,1.0000,1,2053
11006,1795780,corner,1,1.0000,1,2054
11007,1795894,corner,1,1.0000,1,2055
11008,1795999,corner,1,1.0000,1,2056
11009,1796151,corner,1,1.0000,1,2057
11010,1796253,corner,1,1.0000,1,2058
11011,1796402,corner,1,1.0000,1,2059
11012,1796505,corner,1,1.0000,1,2060
11013,1796616,corner,1,1.0000,1,2061
11014,1796765,corner,1,1.0000,1,2062
11015,1796864,corner,1,1.0000,1,2063
11016,1797019,corner,1,1.0000,1,2064
11017,1797152,corner,1,1.0000,1,2065
11018,1797300,corner,1,1.0000,1,2066
11019,1797440,corner,1,1.0000,1,2067
11020,1797574,corner,1,1.0000,1,2068
11021,1797724,corner,1,1.0000,1,2069
11022,1797827,corner,1,1.0000,1,2070
11023,1797962,corner,1,1.0000,1,2071
11024,1798160,corner,1,1.0000,1,2072
11025,1798297,corner,1,1.0000,1,2073
11026,1798398,corner,1,1.0000,1,2074
11027,1798560,corner,1,1.0000,1,2075
11028,1798662,corner,0,0.9900,1,2076
11029,1798809,corner,1,0.9900,1,2077
11030,1798908,corner,1,0.9900,1,2078
11031,1799055,corner,1,0.9900,1,2079
11032,1799164,corner,1,0.9900,1,2080
11033,1799268,corner,1,0.9900,1,2081
11034,1799400,corner,1,0.9900,1,2082
11035,1799500,corner,1,0.9900,1,2083
11036,1799648,corner,1,0.9900,1,2084
11037,1799760,corner,1,0.9900,1,2085
11038,1799906,corner,1,0.9900,1,2086
11039,1800065,corner,1,0.9900,1,2087
11040,1800212,corner,1,0.9900,1,2088
11041,1800321,corner,1,0.9900,1,2089
11042,1800478,corner,1,0.9900,1,2090
11043,1800633,corner,1,0.9900,1,2091
11044,1800772,corner,1,0.9900,1,2092
11045,1800877,corner,1,0.9900,1,2093
11046,1801034,corner,1,0.9900,1,2094
11047,1801168,corner,1,0.9900,1,2095
11048,1801329,corner,1,0.9900,1,2096
11049,1801460,corner,1,0.9900,1,2097
11050,1801635,corner,1,0.9900,1,2098
11051,1801791,corner,1,0.9900,1,2099
11052,1801895,corner,1,0.9900,1,2100
11053,1802048,corner,1,0.9900,1,2101
11054,1802155,corner,1,0.9900,1,2102
11055,1802314,corner,1,0.9900,1,2103
11056,1802444,corner,1,0.9900,1,2104
11057,1802595,corner,1,0.9900,1,2105
11058,1802744,corner,1,0.9900,1,2106
11059,1802886,corner,1,0.9900,1,2107
11060,1804238,corner,1,0.9900,1,2108
11061,1804348,corner,1,0.9900,1,2109
11062,1804482,corner,1,0.9900,1,2110
11063,1804586,corner,1,0.9900,1,2111
11064,1804904,corner,1,0.9900,1,2112
11065,1805029,corner,1,0.9900,1,2113
11066,1805134,corner,0,0.9800,1,2114
11067,1805295,corner,1,0.9800,1,2115
11068,1805412,corner,1,0.9800,1,2116
11069,1805519,corner,0,0.9700,1,2117
11070,1805649,corner,1,0.9700,1,2118
11071,1805754,corner,1,0.9700,1,2119
11072,1805910,corner,1,0.9700,1,2120
11073,1806040,corner,1,0.9700,1,2121
11074,1806143,corner,1,0.9700,1,2122
11075,1806319,corner,1,0.9700,1,2123
11076,1806457,corner,1,0.9700,1,2124
11077,1806562,corner,1,0.9700,1,2125
11078,1806699,corner,1,0.9700,1,2126
11079,1806843,corner,1,0.9700,1,2127
11080,1806991,corner,1,0.9700,1,2128
11081,1807126,corner,1,0.9700,1,2129
11082,1807235,corner,1,0.9700,1,2130
11083,1807379,corner,1,0.9700,1,2131
11084,1807530,corner,1,0.9700,1,2132
11085,1807635,corner,1,0.9700,1,2133
11086,1807773,corner,1,0.9700,1,2134
11087,1807920,corner,1,0.9700,1,2135
11088,1808058,corner,1,0.9700,1,2136
11089,1808163,corner,1,0.9700,1,2137
11090,1808271,corner,1,0.9700,1,2138
11091,1808501,corner,1,0.9700,1,2139
11092,1808609,corner,0,0.9600,1,2140
11093,1808748,corner,1,0.9600,1,2141
11094,1808888,corner,1,0.9600,1,2142
11095,1809020,corner,1,0.9600,1,2143
11096,1809156,corner,1,0.9600,1,2144
11097,1809304,corner,1,0.9600,1,2145
11098,1809409,corner,1,0.9600,1,2146
11099,1809546,corner,1,0.9600,1,2147
11100,1809649,corner,1,0.9600,1,2148
11101,1809784,corner,1,0.9600,1,2149
11102,1809917,corner,1,0.9600,1,2150
11103,1810020,corner,1,0.9600,1,2151
11104,1810164,corner,1,0.9600,1,2152
11105,1810269,corner,1,0.9600,1,2153
11106,1810398,corner,1,0.9600,1,2154
11107,1810554,corner,1,0.9600,1,2155
11108,1810656,corner,1,0.9600,1,2156
11109,1810790,corner,1,0.9600,1,2157
11110,1810895,corner,1,0.9600,1,2158
11111,1811037,corner,1,0.9600,1,2159
11112,1811186,corner,1,0.9600,1,2160
11113,1811338,corner,1,0.9600,1,2161
11114,1811441,corner,1,0.9600,1,2162
11115,1811580,corner,1,0.9600,1,2163
11116,1811682,corner,1,0.9600,1,2164
11117,1811813,corner,1,0.9600,1,2165
11118,1811912,corner,1,0.9600,1,2166
11119,1812059,corner,1,0.9600,1,2167
11120,1812161,corner,1,0.9600,1,2168
11121,1812262,corner,1,0.9600,1,2169
11122,1812400,corner,1,0.9600,1,2170
11123,1812512,corner,0,0.9500,1,2171
11124,1812650,corner,1,0.9500,1,2172
11125,1812815,corner,1,0.9500,1,2173
11126,1812951,corner,1,0.9500,1,2174
11127,1813090,corner,1,0.9500,1,2175
11128,1813193,corner,1,0.9600,1,2176
11129,1813300,corner,1,0.9600,1,2177
11130,1813447,corner,1,0.9600,1,2178
11131,1813595,corner,1,0.9600,1,2179
11132,1813696,corner,1,0.9600,1,2180
11133,1813814,corner,1,0.9600,1,2181
11134,1813942,corner,1,0.9600,1,2182
11135,1814047,corner,1,0.9600,1,2183
11136,1814166,corner,0,0.9500,1,2184
11137,1814300,corner,1,0.9500,1,2185
11138,1814437,corner,1,0.9500,1,2186
11139,1814541,corner,1,0.9500,1,2187
11140,1814679,corner,1,0.9500,1,2188
11141,1814809,corner,1,0.9500,1,2189
11142,1814950,corner,1,0.9500,1,2190
11143,1815050,corner,1,0.9500,1,2191
11144,1815156,corner,1,0.9500,1,2192
11145,1815253,corner,0,0.9400,1,2193
11146,1815356,corner,1,0.9400,1,2194
11147,1815484,corner,1,0.9400,1,2195
11148,1815620,corner,1,0.9400,1,2196
11149,1815755,corner,1,0.9400,1,2197
11150,1815900,corner,1,0.9400,1,2198
11151,1816040,corner,1,0.9400,1,2199
11152,1816181,corner,1,0.9400,1,2200
11153,1816325,corner,1,0.9400,1,2201
11154,1816430,corner,1,0.9400,1,2202
11155,1816532,corner,0,0.9300,1,2203
11156,1816639,corner,1,0.9300,1,2204
11157,1816776,corner,1,0.9300,1,2205
11158,1816928,corner,1,0.9300,1,2206
11159,1817065,corner,1,0.9300,1,2207
11160,1817171,corner,1,0.9300,1,2208
11161,1817314,corner,1,0.9300,1,2209
11162,1817472,corner,1,0.9300,1,2210
11163,1817624,corner,1,0.9300,1,2211
11164,1817830,corner,1,0.9300,1,2212
11165,1817966,corner,1,0.9300,1,2213
11166,1818119,corner,1,0.9400,1,2214
11167,1818264,corner,1,0.9400,1,2215
11168,1818377,corner,1,0.9400,1,2216
11169,1818622,corner,1,0.9500,1,2217
11170,1818723,corner,1,0.9500,1,2218
11171,1818826,corner,1,0.9500,1,2219
11172,1818963,corner,1,0.9500,1,2220
11173,1819132,corner,1,0.9500,1,2221
11174,1819284,corner,1,0.9500,1,2222
11175,1819502,corner,1,0.9500,1,2223
11176,1819647,corner,1,0.9500,1,2224
11177,1819803,corner,1,0.9500,1,2225
11178,1819945,corner,1,0.9500,1,2226
11179,1820684,corner,1,0.9500,1,2227
11180,1820932,corner,1,0.9500,1,2228
11181,1821039,corner,1,0.9500,1,2229
11182,1821197,corner,1,0.9500,1,2230
11183,1821299,corner,1,0.9500,1,2231
11184,1821431,corner,1,0.9500,1,2232
11185,1821584,corner,1,0.9500,1,2233
11186,1821723,corner,1,0.9500,1,2234
11187,1821867,corner,1,0.9500,1,2235
11188,1822088,corner,1,0.9500,1,2236
11189,1822257,corner,1,0.9500,1,2237
11190,1822411,corner,1,0.9500,1,2238
11191,1822545,corner,1,0.9500,1,2239
11192,1822681,corner,1,0.9600,1,2240
11193,1822787,corner,1,0.9600,1,2241
11194,1824139,corner,1,0.9600,1,2242
11195,1824261,corner,1,0.9600,1,2243
11196,1824400,corner,1,0.9600,1,2244
11197,1824533,corner,1,0.9600,1,2245
11198,1824667,corner,1,0.9600,1,2246
11199,1824799,corner,1,0.9600,1,2247
11200,1824934,corner,1,0.9600,1,2248
11201,1825077,corner,1,0.9600,1,2249
11202,1825213,corner,1,0.9600,1,2250
11203,1825355,corner,1,0.9600,1,2251
11204,1825503,corner,1,0.9600,1,2252
11205,1825607,corner,1,0.9600,1,2253
11206,1825746,corner,1,0.9600,1,2254
11207,1825851,corner,1,0.9600,1,2255
11208,1825988,corner,1,0.9600,1,2256
11209,1826093,corner,1,0.9600,1,2257
11210,1826225,corner,1,0.9600,1,2258
11211,1826369,corner,1,0.9600,1,2259
11212,1826480,corner,1,0.9600,1,2260
11213,1826635,corner,1,0.9600,1,2261
11214,1826768,corner,1,0.9600,1,2262
11215,1826924,corner,1,0.9600,1,2263
11216,1827025,corner,1,0.9600,1,2264
11217,1827130,corner,1,0.9600,1,2265
11218,1827275,corner,1,0.9600,1,2266
11219,1827440,corner,1,0.9600,1,2267
11220,1827578,corner,1,0.9600,1,2268
11221,1827711,corner,1,0.9600,1,2269
11222,1827854,corner,1,0.9600,1,2270
11223,1827998,corner,1,0.9700,1,2271
11224,1828132,corner,1,0.9700,1,2272
11225,1828284,corner,1,0.9700,1,2273
11226,1828426,corner,1,0.9700,1,2274
11227,1828530,corner,1,0.9700,1,2275
11228,1828712,corner,1,0.9700,1,2276
11229,1828850,corner,1,0.9700,1,2277
11230,1828991,corner,1,0.9700,1,2278
11231,1829184,corner,1,0.9700,1,2279
11232,1829351,corner,1,0.9700,1,2280
11233,1829491,corner,1,0.9700,1,2281
11234,1829626,corner,1,0.9700,1,2282
11235,1829760,corner,1,0.9700,1,2283
11236,1829902,corner,1,0.9800,1,2284
11237,1830033,corner,1,0.9800,1,2285
11238,1830132,corner,1,0.9800,1,2286
11239,1830269,corner,1,0.9800,1,2287
11240,1830374,corner,1,0.9800,1,2288
11241,1830478,corner,1,0.9800,1,2289
11242,1830581,corner,1,0.9800,1,2290
11243,1830739,corner,1,0.9800,1,2291
11244,1830884,corner,1,0.9800,1,2292
11245,1830987,corner,1,0.9900,1,2293
11246,1831103,corner,0,0.9800,1,2294
11247,1831242,corner,1,0.9800,1,2295
11248,1831420,corner,1,0.9800,1,2296
11249,1831520,corner,0,0.9700,1,2297
11250,1831626,corner,1,0.9700,1,2298
11251,1831731,corner,1,0.9700,1,2299
11252,1831834,corner,1,0.9700,1,2300
11253,1831998,corner,1,0.9700,1,2301
11254,1832144,corner,1,0.9700,1,2302
11255,1832273,corner,1,0.9800,1,2303
11256,1832378,corner,1,0.9800,1,2304
11257,1832508,corner,1,0.9800,1,2305
11258,1832643,corner,1,0.9800,1,2306
11259,1832793,corner,1,0.9800,1,2307
11260,1832937,corner,1,0.9800,1,2308
11261,1833039,corner,1,0.9800,1,2309
11262,1833185,corner,1,0.9800,1,2310
11263,1833317,corner,1,0.9800,1,2311
11264,1833423,corner,1,0.9800,1,2312
11265,1833545,corner,0,0.9700,1,2313
11266,1833680,corner,1,0.9700,1,2314
11267,1833826,corner,1,0.9700,1,2315
11268,1833931,corner,0,0.9600,1,2316
11269,1834036,corner,1,0.9600,1,2317
11270,1834133,corner,0,0.9500,1,2318
11271,1834268,corner,1,0.9500,1,2319
11272,1834434,corner,1,0.9500,1,2320
11273,1834588,corner,1,0.9500,1,2321
11274,1834687,corner,1,0.9500,1,2322
11275,1834823,corner,1,0.9500,1,2323
11276,1834980,corner,1,0.9500,1,2324
11277,1835083,corner,1,0.9500,1,2325
11278,1835191,corner,1,0.9500,1,2326
11279,1835357,corner,1,0.9500,1,2327
11280,1835511,corner,1,0.9500,1,2328
11281,1835658,corner,1,0.9500,1,2329
11282,1835760,corner,1,0.9500,1,2330
11283,1835864,corner,1,0.9500,1,2331
11284,1836022,corner,1,0.9500,1,2332
11285,1836133,corner,1,0.9500,1,2333
11286,1836286,corner,1,0.9500,1,2334
11287,1836420,corner,1,0.9500,1,2335
11288,1836558,corner,1,0.9500,1,2336
11289,1836708,corner,1,0.9500,1,2337
11290,1836859,corner,1,0.9500,1,2338
11291,1836966,corner,1,0.9500,1,2339
11292,1837101,corner,1,0.9500,1,2340
11293,1837228,corner,1,0.9500,1,2341
11294,1837359,corner,1,0.9500,1,2342
11295,1837496,corner,1,0.9500,1,2343
11296,1837626,corner,1,0.9500,1,2344
11297,1837765,corner,1,0.9500,1,2345
11298,1837870,corner,1,0.9500,1,2346
11299,1838010,corner,1,0.9500,1,2347
11300,1838119,corner,1,0.9500,1,2348
11301,1838253,corner,1,0.9500,1,2349
11302,1838359,corner,1,0.9500,1,2350
11303,1838503,corner,1,0.9500,1,2351
11304,1838646,corner,1,0.9500,1,2352
11305,1838784,corner,1,0.9500,1,2353
11306,1838961,corner,1,0.9500,1,2354
11307,1839097,corner,1,0.9500,1,2355
11308,1839235,corner,1,0.9500,1,2356
11309,1839366,corner,1,0.9500,1,2357
11310,1839513,corner,1,0.9500,1,2358
11311,1839658,corner,1,0.9500,1,2359
11312,1839815,corner,1,0.9500,1,2360
11313,1839960,corner,1,0.9500,1,2361
11314,1840119,corner,1,0.9500,1,2362
11315,1840271,corner,1,0.9500,1,2363
11316,1840419,corner,1,0.9500,1,2364
11317,1840552,corner,1,0.9500,1,2365
11318,1840714,corner,1,0.9500,1,2366
11319,1840849,corner,1,0.9500,1,2367
11320,1840951,corner,1,0.9500,1,2368
11321,1842303,corner,1,0.9500,1,2369
11322,1842447,corner,1,0.9500,1,2370
11323,1842615,corner,1,0.9500,1,2371
11324,1842749,corner,1,0.9500,1,2372
11325,1842887,corner,1,0.9500,1,2373
11326,1843030,corner,1,0.9500,1,2374
11327,1843138,corner,1,0.9500,1,2375
11328,1843244,corner,1,0.9500,1,2376
11329,1843398,corner,1,0.9500,1,2377
11330,1843535,corner,1,0.9500,1,2378
11331,1843687,corner,1,0.9500,1,2379
11332,1843837,corner,1,0.9500,1,2380
11333,1843982,corner,1,0.9500,1,2381
11334,1844087,corner,1,0.9500,1,2382
11335,1844189,corner,1,0.9500,1,2383
11336,1844342,corner,1,0.9500,1,2384
11337,1844479,corner,1,0.9500,1,2385
11338,1844617,corner,1,0.9500,1,2386
11339,1844779,corner,1,0.9500,1,2387
11340,1844883,corner,1,0.9500,1,2388
11341,1845022,corner,1,0.9500,1,2389
11342,1845159,corner,1,0.9500,1,2390
11343,1845294,corner,1,0.9500,1,2391
11344,1845441,corner,1,0.9500,1,2392
11345,1845590,corner,1,0.9500,1,2393
11346,1845738,corner,1,0.9600,1,2394
11347,1845896,corner,1,0.9600,1,2395
11348,1846002,corner,1,0.9600,1,2396
11349,1846165,corner,1,0.9700,1,2397
11350,1846300,corner,1,0.9700,1,2398
11351,1846450,corner,1,0.9700,1,2399
11352,1846564,corner,1,0.9700,1,2400
11353,1846710,corner,1,0.9700,1,2401
11354,1846858,corner,1,0.9700,1,2402
11355,1846992,corner,1,0.9700,1,2403
11356,1847130,corner,1,0.9700,1,2404
11357,1847233,corner,1,0.9700,1,2405
11358,1847334,corner,1,0.9700,1,2406
11359,1847472,corner,1,0.9700,1,2407
11360,1847628,corner,1,0.9700,1,2408
11361,1847767,corner,1,0.9700,1,2409
11362,1847967,corner,1,0.9700,1,2410
11363,1848070,corner,1,0.9700,1,2411
11364,1848231,corner,1,0.9700,1,2412
11365,1848371,corner,1,0.9800,1,2413
11366,1848574,corner,1,0.9800,1,2414
11367,1848708,corner,1,0.9800,1,2415
11368,1848819,corner,1,0.9900,1,2416
11369,1848962,corner,1,0.9900,1,2417
11370,1849144,corner,1,1.0000,1,2418
11371,1849250,corner,1,1.0000,1,2419
11372,1849396,corner,1,1.0000,1,2420
11373,1849537,corner,1,1.0000,1,2421
11374,1849674,corner,1,1.0000,1,2422
11375,1849809,corner,1,1.0000,1,2423
11376,1849949,corner,1,1.0000,1,2424
11377,1850054,corner,1,1.0000,1,2425
11378,1850161,corner,1,1.0000,1,2426
11379,1850310,corner,1,1.0000,1,2427
11380,1850445,corner,1,1.0000,1,2428
11381,1850603,corner,1,1.0000,1,2429
11382,1850752,corner,1,1.0000,1,2430
11383,1850856,corner,1,1.0000,1,2431
11384,1851000,corner,1,1.0000,1,2432
11385,1851105,corner,1,1.0000,1,2433
11386,1851218,corner,1,1.0000,1,2434
11387,1851322,corner,0,0.9900,1,2435
11388,1851461,corner,1,0.9900,1,2436
11389,1851564,corner,1,0.9900,1,2437
11390,1851707,corner,1,0.9900,1,2438
11391,1851861,corner,1,0.9900,1,2439
11392,1852029,corner,1,0.9900,1,2440
11393,1852129,corner,0,0.9800,1,2441
11394,1852274,corner,1,0.9800,1,2442
11395,1852433,corner,1,0.9800,1,2443
11396,1852711,corner,1,0.9800,1,2444
11397,1852812,corner,1,0.9800,1,2445
11398,1852957,corner,1,0.9800,1,2446
11399,1853062,corner,1,0.9800,1,2447
11400,1853232,corner,1,0.9800,1,2448
11401,1853373,corner,1,0.9800,1,2449
11402,1853530,corner,1,0.9800,1,2450
11403,1853694,corner,1,0.9800,1,2451
11404,1853827,corner,1,0.9800,1,2452
11405,1853972,corner,1,0.9800,1,2453
11406,1854115,corner,1,0.9800,1,2454
11407,1854260,corner,1,0.9800,1,2455
11408,1854395,corner,1,0.9800,1,2456
11409,1854541,corner,1,0.9800,1,2457
11410,1854684,corner,1,0.9800,1,2458
11411,1854793,corner,1,0.9800,1,2459
11412,1854942,corner,1,0.9800,1,2460
11413,1855081,corner,1,0.9800,1,2461
11414,1855190,corner,1,0.9800,1,2462
11415,1855330,corner,1,0.9800,1,2463
11416,1855437,corner,1,0.9800,1,2464
11417,1855545,corner,1,0.9800,1,2465
11418,1855652,corner,1,0.9800,1,2466
11419,1855758,corner,1,0.9800,1,2467
11420,1855891,corner,1,0.9800,1,2468
11421,1855997,corner,1,0.9800,1,2469
11422,1856128,corner,1,0.9800,1,2470
11423,1856259,corner,1,0.9800,1,2471
11424,1856429,corner,1,0.9800,1,2472
11425,1856607,corner,1,0.9800,1,2473
11426,1856749,corner,1,0.9800,1,2474
11427,1856884,corner,1,0.9800,1,2475
11428,1857039,corner,1,0.9800,1,2476
11429,1857165,corner,1,0.9800,1,2477
11430,1857271,corner,1,0.9800,1,2478
11431,1857418,corner,1,0.9800,1,2479
11432,1857550,corner,1,0.9800,1,2480
11433,1857775,corner,1,0.9800,1,2481
11434,1857925,corner,1,0.9800,1,2482
11435,1858074,corner,1,0.9800,1,2483
11436,1858209,corner,1,0.9800,1,2484
11437,1858327,corner,1,0.9800,1,2485
11438,1858482,corner,1,0.9800,1,2486
11439,1858616,corner,1,0.9800,1,2487
11440,1858721,corner,1,0.9800,1,2488
11441,1858857,corner,1,0.9800,1,2489
11442,1858989,corner,1,0.9800,1,2490
11443,1859174,corner,1,0.9800,1,2491
11444,1859346,corner,1,0.9800,1,2492
11445,1859450,corner,1,0.9800,1,2493
11446,1859583,corner,1,0.9800,1,2494
11447,1859720,corner,1,0.9800,1,2495
11448,1859830,corner,1,0.9800,1,2496
11449,1859934,corner,1,0.9800,1,2497
11450,1860071,corner,1,0.9800,1,2498
11451,1860219,corner,1,0.9800,1,2499
11452,1860356,corner,1,0.9800,1,2500
11453,1860505,corner,1,0.9800,1,2501
11454,1860712,corner,1,0.9800,1,2502
11455,1860842,corner,1,0.9800,1,2503
11456,1860947,corner,0,0.9700,1,2504
11457,1861053,corner,1,0.9700,1,2505
11458,1861158,corner,1,0.9700,1,2506
11459,1861313,corner,1,0.9700,1,2507
11460,1861419,corner,1,0.9700,1,2508
11461,1861533,corner,1,0.9700,1,2509
11462,1861672,corner,1,0.9700,1,2510
11463,1861812,corner,1,0.9700,1,2511
11464,1861918,corner,1,0.9700,1,2512
11465,1862019,corner,1,0.9700,1,2513
11466,1862122,corner,0,0.9600,1,2514
11467,1862226,corner,1,0.9600,1,2515
11468,1862326,corner,0,0.9500,1,2516
11469,1862438,corner,1,0.9500,1,2517
11470,1862552,corner,1,0.9500,1,2518
11471,1862688,corner,1,0.9500,1,2519
11472,1862817,corner,1,0.9500,1,2520
11473,1862959,corner,1,0.9500,1,2521
11474,1863129,corner,1,0.9500,1,2522
11475,1863293,corner,1,0.9500,1,2523
11476,1863436,corner,1,0.9500,1,2524
11477,1863571,corner,1,0.9500,1,2525
11478,1863733,corner,1,0.9500,1,2526
11479,1863876,corner,1,0.9500,1,2527
11480,1864041,corner,1,0.9500,1,2528
11481,1864149,corner,1,0.9500,1,2529
11482,1864303,corner,1,0.9500,1,2530
11483,1864520,corner,1,0.9500,1,2531
11484,1864619,corner,1,0.9500,1,2532
11485,1864763,corner,1,0.9500,1,2533
11486,1864860,corner,0,0.9400,1,2534
11487,1865036,corner,1,0.9500,1,2535
11488,1865140,corner,1,0.9500,1,2536
11489,1865249,corner,1,0.9500,1,2537
11490,1865383,corner,1,0.9500,1,2538
11491,1865533,corner,1,0.9500,1,2539
11492,1865669,corner,1,0.9500,1,2540
11493,1865791,corner,1,0.9600,1,2541
11494,1865934,corner,1,0.9600,1,2542
11495,1866083,corner,1,0.9600,1,2543
11496,1866188,corner,1,0.9600,1,2544
11497,1866327,corner,1,0.9600,1,2545
11498,1866460,corner,1,0.9600,1,2546
11499,1866603,corner,1,0.9600,1,2547
11500,1866731,corner,1,0.9600,1,2548
11501,1866837,corner,1,0.9600,1,2549
11502,1866969,corner,1,0.9600,1,2550
11503,1867105,corner,1,0.9600,1,2551
11504,1867207,corner,0,0.9500,1,2552
11505,1867431,corner,1,0.9500,1,2553
11506,1867565,corner,1,0.9500,1,2554
11507,1867720,corner,1,0.9500,1,2555
11508,1867828,corner,1,0.9500,1,2556
11509,1867972,corner,1,0.9500,1,2557
11510,1868142,corner,1,0.9500,1,2558
11511,1868307,corner,1,0.9500,1,2559
11512,1868453,corner,1,0.9500,1,2560
11513,1868587,corner,1,0.9500,1,2561
11514,1868739,corner,1,0.9500,1,2562
11515,1868874,corner,1,0.9500,1,2563
11516,1869017,corner,1,0.9500,1,2564
11517,1869153,corner,1,0.9500,1,2565
11518,1869281,corner,1,0.9500,1,2566
11519,1869429,corner,1,0.9500,1,2567
11520,1869530,corner,0,0.9400,1,2568
11521,1869631,corner,1,0.9400,1,2569
11522,1869781,corner,1,0.9400,1,2570
11523,1869914,corner,1,0.9400,1,2571
11524,1870045,corner,1,0.9400,1,2572
11525,1870145,corner,0,0.9300,1,2573
11526,1870250,corner,1,0.9300,1,2574
11527,1870353,corner,1,0.9300,1,2575
11528,1870489,corner,1,0.9300,1,2576
11529,1870642,corner,1,0.9300,1,2577
11530,1870773,corner,1,0.9300,1,2578
11531,1870884,corner,1,0.9300,1,2579
11532,1871014,corner,1,0.9300,1,2580
11533,1871162,corner,1,0.9300,1,2581
11534,1871303,corner,1,0.9300,1,2582
11535,1871420,corner,1,0.9300,1,2583
11536,1871526,corner,1,0.9300,1,2584
11537,1871661,corner,1,0.9300,1,2585
11538,1871766,corner,1,0.9300,1,2586
11539,1871903,corner,1,0.9300,1,2587
11540,1872045,corner,1,0.9300,1,2588
11541,1872191,corner,1,0.9300,1,2589
11542,1872299,corner,1,0.9300,1,2590
11543,1872435,corner,1,0.9300,1,2591
11544,1872580,corner,1,0.9300,1,2592
11545,1872723,corner,1,0.9300,1,2593
11546,1872859,corner,1,0.9300,1,2594
11547,1873022,corner,1,0.9300,1,2595
11548,1873171,corner,1,0.9300,1,2596
11549,1873312,corner,1,0.9300,1,2597
11550,1873449,corner,1,0.9300,1,2598
11551,1873594,corner,1,0.9300,1,2599
11552,1873733,corner,1,0.9300,1,2600
11553,1873867,corner,1,0.9300,1,2601
11554,1874016,corner,1,0.9300,1,2602
11555,1874162,corner,1,0.9300,1,2603
11556,1874302,corner,1,0.9400,1,2604
11557,1874451,corner,1,0.9400,1,2605
11558,1874582,corner,1,0.9400,1,2606
11559,1874701,corner,1,0.9400,1,2607
11560,1874804,corner,1,0.9400,1,2608
11561,1874911,corner,1,0.9400,1,2609
11562,1875057,corner,1,0.9400,1,2610
11563,1875160,corner,1,0.9400,1,2611
11564,1875267,corner,1,0.9400,1,2612
11565,1875373,corner,1,0.9400,1,2613
11566,1875513,corner,1,0.9500,1,2614
11567,1875677,corner,1,0.9500,1,2615
11568,1875813,corner,1,0.9600,1,2616
11569,1875949,corner,1,0.9600,1,2617
11570,1876099,corner,1,0.9600,1,2618
11571,1876250,corner,1,0.9600,1,2619
11572,1876511,corner,1,0.9600,1,2620
11573,1876649,corner,1,0.9600,1,2621
11574,1876764,corner,1,0.9600,1,2622
11575,1876957,corner,1,0.9600,1,2623
11576,1877105,corner,1,0.9600,1,2624
11577,1877250,corner,1,0.9600,1,2625
11578,1877362,corner,1,0.9600,1,2626
11579,1877510,corner,1,0.9600,1,2627
11580,1877660,corner,1,0.9600,1,2628
11581,1877793,corner,1,0.9600,1,2629
11582,1877920,corner,1,0.9600,1,2630
11583,1878071,corner,1,0.9600,1,2631
11584,1878215,corner,1,0.9600,1,2632
11585,1878329,corner,1,0.9600,1,2633
11586,1878478,corner,1,0.9700,1,2634
11587,1878643,corner,1,0.9700,1,2635
11588,1878812,corner,1,0.9700,1,2636
11589,1878987,corner,1,0.9700,1,2637
11590,1879146,corner,1,0.9700,1,2638
11591,1879293,corner,1,0.9700,1,2639
11592,1879425,corner,1,0.9700,1,2640
11593,1879532,corner,1,0.9700,1,2641
11594,1879670,corner,1,0.9700,1,2642
11595,1879804,corner,1,0.9700,1,2643
11596,1879954,corner,1,0.9700,1,2644
11597,1880092,corner,1,0.9700,1,2645
11598,1880200,corner,1,0.9700,1,2646
11599,1880393,corner,1,0.9700,1,2647
11600,1880548,corner,1,0.9700,1,2648
11601,1880699,corner,1,0.9700,1,2649
11602,1880874,corner,1,0.9700,1,2650
11603,1881029,corner,1,0.9700,1,2651
11604,1881161,corner,1,0.9800,1,2652
11605,1881294,corner,1,0.9800,1,2653
11606,1881435,corner,1,0.9800,1,2654
11607,1881587,corner,1,0.9800,1,2655
11608,1881783,corner,1,0.9800,1,2656
11609,1881933,corner,1,0.9800,1,2657
11610,1882087,corner,1,0.9800,1,2658
11611,1882225,corner,1,0.9800,1,2659
11612,1882359,corner,1,0.9800,1,2660
11613,1882466,corner,1,0.9800,1,2661
11614,1882605,corner,1,0.9800,1,2662
11615,1882738,corner,1,0.9800,1,2663
11616,1882845,corner,1,0.9800,1,2664
11617,1882982,corner,1,0.9800,1,2665
11618,1883087,corner,1,0.9800,1,2666
11619,1883221,corner,1,0.9800,1,2667
11620,1883365,corner,1,0.9900,1,2668
11621,1883507,corner,1,0.9900,1,2669
11622,1883608,corner,1,0.9900,1,2670
11623,1883788,corner,1,0.9900,1,2671
11624,1883894,corner,1,0.9900,1,2672
11625,1883999,corner,1,1.0000,1,2673
11626,1884209,corner,1,1.0000,1,2674
11627,1884356,corner,1,1.0000,1,2675
11628,1884487,corner,1,1.0000,1,2676
11629,1884593,corner,1,1.0000,1,2677
11630,1884697,corner,1,1.0000,1,2678
11631,1884834,corner,1,1.0000,1,2679
11632,1884938,corner,1,1.0000,1,2680
11633,1885089,corner,1,1.0000,1,2681
11634,1885228,corner,1,1.0000,1,2682
11635,1885387,corner,1,1.0000,1,2683
11636,1885523,corner,1,1.0000,1,2684
11637,1885660,corner,1,1.0000,1,2685
11638,1885798,corner,1,1.0000,1,2686
11639,1885910,corner,1,1.0000,1,2687
11640,1886041,corner,1,1.0000,1,2688
11641,1886198,corner,1,1.0000,1,2689
11642,1886303,corner,1,1.0000,1,2690
11643,1886442,corner,1,1.0000,1,2691
11644,1886572,corner,1,1.0000,1,2692
11645,1886680,corner,1,1.0000,1,2693
11646,1886787,corner,1,1.0000,1,2694
11647,1886984,corner,1,1.0000,1,2695
11648,1887092,corner,1,1.0000,1,2696
11649,1887244,corner,1,1.0000,1,2697
11650,1887345,corner,1,1.0000,1,2698
11651,1887474,corner,1,1.0000,1,2699
11652,1887814,corner,1,1.0000,1,2700
11653,1887964,corner,1,1.0000,1,2701
11654,1888122,corner,1,1.0000,1,2702
11655,1888273,corner,1,1.0000,1,2703
11656,1888407,corner,1,1.0000,1,2704
11657,1888512,corner,1,1.0000,1,2705
11658,1888619,corner,1,1.0000,1,2706
11659,1888751,corner,1,1.0000,1,2707
11660,1888891,corner,1,1.0000,1,2708
11661,1889034,corner,1,1.0000,1,2709
11662,1889133,corner,0,0.9900,1,2710
11663,1889268,corner,1,0.9900,1,2711
11664,1889403,corner,1,0.9900,1,2712
11665,1889550,corner,1,0.9900,1,2713
11666,1889699,corner,1,0.9900,1,2714
11667,1889810,corner,1,0.9900,1,2715
11668,1889944,corner,1,0.9900,1,2716
11669,1890101,corner,1,0.9900,1,2717
11670,1890238,corner,1,0.9900,1,2718
11671,1890389,corner,1,0.9900,1,2719
11672,1890522,corner,1,0.9900,1,2720
11673,1890665,corner,1,0.9900,1,2721
11674,1890769,corner,1,0.9900,1,2722
11675,1891009,corner,1,0.9900,1,2723
11676,1891135,corner,1,0.9900,1,2724
11677,1891265,corner,1,0.9900,1,2725
11678,1891411,corner,1,0.9900,1,2726
11679,1891546,corner,1,0.9900,1,2727
11680,1891694,corner,1,0.9900,1,2728
11681,1891835,corner,1,0.9900,1,2729
11682,1891946,corner,1,0.9900,1,2730
11683,1892050,corner,0,0.9800,1,2731
11684,1892184,corner,1,0.9800,1,2732
11685,1892316,corner,1,0.9800,1,2733
11686,1892464,corner,1,0.9800,1,2734
11687,1892614,corner,1,0.9800,1,2735
11688,1892745,corner,1,0.9800,1,2736
11689,1892891,corner,1,0.9800,1,2737
11690,1893050,corner,1,0.9800,1,2738
11691,1893186,corner,1,0.9800,1,2739
11692,1893328,corner,1,0.9800,1,2740
11693,1893507,corner,1,0.9800,1,2741
11694,1893614,corner,1,0.9800,1,2742
11695,1893720,corner,1,0.9800,1,2743
11696,1893849,corner,1,0.9800,1,2744
11697,1893952,corner,1,0.9800,1,2745
11698,1894056,corner,1,0.9800,1,2746
11699,1894204,corner,1,0.9800,1,2747
11700,1894355,corner,1,0.9800,1,2748
11701,1894508,corner,1,0.9800,1,2749
11702,1894646,corner,1,0.9800,1,2750
11703,1894815,corner,1,0.9800,1,2751
11704,1894927,corner,1,0.9800,1,2752
11705,1895061,corner,1,0.9800,1,2753
11706,1895197,corner,1,0.9800,1,2754
11707,1895339,corner,1,0.9800,1,2755
11708,1895444,corner,1,0.9800,1,2756
11709,1895549,corner,1,0.9800,1,2757
11710,1895685,corner,1,0.9800,1,2758
11711,1895825,corner,1,0.9800,1,2759
11712,1895937,corner,1,0.9800,1,2760
11713,1896045,corner,1,0.9800,1,2761
11714,1896188,corner,1,0.9800,1,2762
11715,1896322,corner,1,0.9800,1,2763
11716,1896426,corner,1,0.9800,1,2764
11717,1896530,corner,1,0.9800,1,2765
11718,1896660,corner,1,0.9800,1,2766
11719,1896764,corner,1,0.9800,1,2767
11720,1896897,corner,1,0.9800,1,2768
11721,1897026,corner,1,0.9800,1,2769
11722,1897173,corner,1,0.9800,1,2770
11723,1897308,corner,1,0.9800,1,2771
11724,1897445,corner,1,0.9800,1,2772
11725,1897550,corner,1,0.9800,1,2773
11726,1897709,corner,1,0.9800,1,2774
11727,1897847,corner,1,0.9800,1,2775
11728,1897990,corner,1,0.9800,1,2776
11729,1898159,corner,1,0.9800,1,2777
11730,1898314,corner,1,0.9800,1,2778
11731,1898462,corner,1,0.9800,1,2779
11732,1898684,corner,1,0.9800,1,2780
11733,1898835,corner,1,0.9800,1,2781
11734,1898940,corner,1,0.9800,1,2782
11735,1899046,corner,1,0.9800,1,2783
11736,1899220,corner,1,0.9800,1,2784
11737,1899353,corner,1,0.9800,1,2785
11738,1899511,corner,1,0.9800,1,2786
11739,1899619,corner,1,0.9800,1,2787
11740,1899721,corner,0,0.9700,1,2788
11741,1899865,corner,1,0.9700,1,2789
11742,1900019,corner,1,0.9700,1,2790
11743,1900131,corner,1,0.9700,1,2791
11744,1900287,corner,1,0.9700,1,2792
11745,1900391,corner,1,0.9700,1,2793
11746,1900531,corner,1,0.9700,1,2794
11747,1900702,corner,1,0.9700,1,2795
11748,1900809,corner,1,0.9700,1,2796
11749,1900913,corner,1,0.9700,1,2797
11750,1901069,corner,1,0.9700,1,2798
11751,1901208,corner,1,0.9700,1,2799
11752,1901369,corner,1,0.9700,1,2800
11753,1901509,corner,1,0.9700,1,2801
11754,1901620,corner,1,0.9700,1,2802
11755,1901773,corner,1,0.9700,1,2803
11756,1901934,corner,1,0.9700,1,2804
11757,1902087,corner,1,0.9700,1,2805
11758,1902260,corner,1,0.9700,1,2806
11759,1902410,corner,1,0.9700,1,2807
11760,1902517,corner,1,0.9700,1,2808
11761,1902666,corner,1,0.9700,1,2809
11762,1902770,corner,1,0.9800,1,2810
11763,1902973,corner,1,0.9800,1,2811
11764,1903074,corner,1,0.9800,1,2812
11765,1903185,corner,1,0.9800,1,2813
11766,1903332,corner,1,0.9800,1,2814
11767,1903490,corner,1,0.9800,1,2815
11768,1903599,corner,1,0.9800,1,2816
11769,1903722,corner,1,0.9800,1,2817
11770,1903867,corner,1,0.9800,1,2818
11771,1904004,corner,1,0.9800,1,2819
11772,1904113,corner,1,0.9800,1,2820
11773,1904253,corner,1,0.9800,1,2821
11774,1904362,corner,1,0.9800,1,2822
11775,1904492,corner,1,0.9800,1,2823
11776,1904613,corner,1,0.9800,1,2824
11777,1904759,corner,1,0.9800,1,2825
11778,1904917,corner,1,0.9800,1,2826
11779,1905020,corner,1,0.9800,1,2827
11780,1905164,corner,1,0.9800,1,2828
11781,1905304,corner,1,0.9800,1,2829
11782,1905454,corner,1,0.9800,1,2830
11783,1905593,corner,1,0.9900,1,2831
11784,1905746,corner,1,0.9900,1,2832
11785,1905857,corner,1,0.9900,1,2833
11786,1906015,corner,1,0.9900,1,2834
11787,1906157,corner,1,0.9900,1,2835
11788,1906263,corner,1,0.9900,1,2836
11789,1906414,corner,1,0.9900,1,2837
11790,1906560,corner,1,0.9900,1,2838
11791,1906707,corner,1,0.9900,1,2839
11792,1906817,corner,1,0.9900,1,2840
11793,1906930,corner,1,0.9900,1,2841
11794,1907033,corner,1,0.9900,1,2842
11795,1907133,corner,1,0.9900,1,2843
11796,1907281,corner,1,0.9900,1,2844
11797,1907387,corner,1,0.9900,1,2845
11798,1907496,corner,1,0.9900,1,2846
11799,1907608,corner,1,0.9900,1,2847
11800,1907745,corner,1,0.9900,1,2848
11801,1907861,corner,1,0.9900,1,2849
11802,1908011,corner,1,0.9900,1,2850
11803,1908182,corner,1,0.9900,1,2851
11804,1908330,corner,1,0.9900,1,2852
11805,1908616,corner,1,0.9900,1,2853
11806,1908715,corner,1,0.9900,1,2854
11807,1908868,corner,1,0.9900,1,2855
11808,1908975,corner,1,0.9900,1,2856
11809,1909127,corner,1,0.9900,1,2857
11810,1909281,corner,1,0.9900,1,2858
11811,1909433,corner,1,0.9900,1,2859
11812,1909599,corner,1,0.9900,1,2860
11813,1909748,corner,1,0.9900,1,2861
11814,1909912,corner,1,0.9900,1,2862
11815,1910090,corner,1,0.9900,1,2863
11816,1910247,corner,1,0.9900,1,2864
11817,1910380,corner,1,0.9900,1,2865
11818,1910542,corner,1,0.9900,1,2866
11819,1910690,corner,1,0.9900,1,2867
11820,1910797,corner,1,0.9900,1,2868
11821,1910959,corner,1,0.9900,1,2869
11822,1911096,corner,1,0.9900,1,2870
11823,1911200,corner,1,0.9900,1,2871
11824,1911374,corner,1,0.9900,1,2872
11825,1911484,corner,1,0.9900,1,2873
11826,1911591,corner,1,0.9900,1,2874
11827,1911741,corner,1,0.9900,1,2875
11828,1911852,corner,1,0.9900,1,2876
11829,1912002,corner,1,0.9900,1,2877
11830,1912109,corner,1,0.9900,1,2878
11831,1912261,corner,1,0.9900,1,2879
11832,1912418,corner,1,0.9900,1,2880
11833,1912595,corner,1,0.9900,1,2881
11834,1912731,corner,1,0.9900,1,2882
11835,1912840,corner,1,0.9900,1,2883
11836,1912975,corner,1,0.9900,1,2884
11837,1913121,corner,1,0.9900,1,2885
11838,1913270,corner,1,0.9900,1,2886
11839,1913377,corner,1,0.9900,1,2887
11840,1913656,corner,1,1.0000,1,2888
11841,1913837,corner,1,1.0000,1,2889
11842,1913978,corner,1,1.0000,1,2890
11843,1914086,corner,1,1.0000,1,2891
11844,1914239,corner,1,1.0000,1,2892
11845,1914377,corner,1,1.0000,1,2893
11846,1914512,corner,1,1.0000,1,2894
11847,1914696,corner,1,1.0000,1,2895
11848,1914860,corner,1,1.0000,1,2896
11849,1915009,corner,1,1.0000,1,2897
11850,1915173,corner,1,1.0000,1,2898
11851,1915283,corner,1,1.0000,1,2899
11852,1915515,corner,1,1.0000,1,2900
11853,1915618,corner,1,1.0000,1,2901
11854,1915726,corner,1,1.0000,1,2902
11855,1915872,corner,1,1.0000,1,2903
11856,1916009,corner,1,1.0000,1,2904
11857,1916174,corner,1,1.0000,1,2905
11858,1916305,corner,1,1.0000,1,2906
11859,1916451,corner,1,1.0000,1,2907
11860,1916617,corner,1,1.0000,1,2908
11861,1916750,corner,1,1.0000,1,2909
11862,1917080,corner,1,1.0000,1,2910
11863,1917198,corner,1,1.0000,1,2911
11864,1917342,corner,1,1.0000,1,2912
11865,1917475,corner,1,1.0000,1,2913
11866,1917579,corner,1,1.0000,1,2914
11867,1917680,corner,1,1.0000,1,2915
11868,1917836,corner,1,1.0000,1,2916
11869,1917937,corner,1,1.0000,1,2917
11870,1918078,corner,1,1.0000,1,2918
11871,1918225,corner,1,1.0000,1,2919
11872,1918371,corner,1,1.0000,1,2920
11873,1918485,corner,1,1.0000,1,2921
11874,1918591,corner,1,1.0000,1,2922
11875,1918702,corner,1,1.0000,1,2923
11876,1918822,corner,1,1.0000,1,2924
11877,1918979,corner,1,1.0000,1,2925
11878,1919084,corner,1,1.0000,1,2926
11879,1919198,corner,1,1.0000,1,2927
11880,1919302,corner,1,1.0000,1,2928
11881,1919412,corner,1,1.0000,1,2929
11882,1919523,corner,0,0.9900,1,2930
11883,1919630,corner,0,0.9800,1,2931
11884,1919801,corner,1,0.9800,1,2932
11885,1919966,corner,1,0.9800,1,2933
11886,1920098,corner,1,0.9800,1,2934
11887,1920236,corner,1,0.9800,1,2935
11888,1920408,corner,1,0.9800,1,2936
11889,1920584,corner,1,0.9800,1,2937
11890,1920720,corner,1,0.9800,1,2938
11891,1920856,corner,1,0.9800,1,2939
11892,1920962,corner,1,0.9800,1,2940
11893,1921076,corner,1,0.9800,1,2941
11894,1921221,corner,1,0.9800,1,2942
11895,1921323,corner,1,0.9800,1,2943
11896,1921476,corner,1,0.9800,1,2944
11897,1921588,corner,1,0.9800,1,2945
11898,1921696,corner,1,0.9800,1,2946
11899,1921801,corner,1,0.9800,1,2947
11900,1921910,corner,1,0.9800,1,2948
11901,1922042,corner,1,0.9800,1,2949
11902,1922155,corner,1,0.9800,1,2950
11903,1922311,corner,1,0.9800,1,2951
11904,1922457,corner,1,0.9800,1,2952
11905,1922578,corner,0,0.9700,1,2953
11906,1922685,corner,1,0.9700,1,2954
11907,1922829,corner,1,0.9700,1,2955
11908,1923000,corner,1,0.9700,1,2956
11909,1923140,corner,1,0.9700,1,2957
11910,1923701,corner,1,0.9700,1,2958
11911,1923837,corner,1,0.9700,1,2959
11912,1923950,corner,1,0.9700,1,2960
11913,1924095,corner,1,0.9700,1,2961
11914,1924202,corner,1,0.9700,1,2962
11915,1924309,corner,1,0.9700,1,2963
11916,1924484,corner,1,0.9700,1,2964
11917,1924588,corner,1,0.9700,1,2965
11918,1924692,corner,1,0.9700,1,2966
11919,1924794,corner,1,0.9700,1,2967
11920,1924965,corner,1,0.9700,1,2968
11921,1925115,corner,1,0.9700,1,2969
11922,1925219,corner,1,0.9700,1,2970
11923,1925351,corner,1,0.9700,1,2971
11924,1925514,corner,1,0.9700,1,2972
11925,1925768,corner,1,0.9700,1,2973
11926,1925874,corner,1,0.9700,1,2974
11927,1926013,corner,1,0.9700,1,2975
11928,1926159,corner,1,0.9700,1,2976
11929,1926310,corner,1,0.9700,1,2977
11930,1926425,corner,1,0.9700,1,2978
11931,1926535,corner,1,0.9700,1,2979
11932,1926680,corner,1,0.9700,1,2980
11933,1926835,corner,1,0.9700,1,2981
11934,1926940,corner,1,0.9700,1,2982
11935,1927250,corner,1,0.9700,1,2983
11936,1927359,corner,1,0.9700,1,2984
11937,1927469,corner,1,0.9700,1,2985
11938,1927575,corner,1,0.9700,1,2986
11939,1927725,corner,1,0.9700,1,2987
11940,1927885,corner,1,0.9700,1,2988
11941,1927991,corner,1,0.9700,1,2989
11942,1928151,corner,1,0.9700,1,2990
11943,1928353,corner,1,0.9700,1,2991
11944,1928510,corner,1,0.9700,1,2992
11945,1928654,corner,1,0.9700,1,2993
11946,1928765,corner,1,0.9700,1,2994
11947,1928911,corner,1,0.9700,1,2995
11948,1929039,corner,1,0.9700,1,2996
11949,1929175,corner,1,0.9700,1,2997
11950,1929301,corner,1,0.9700,1,2998
11951,1929455,corner,1,0.9700,1,2999
11952,1929623,corner,1,0.9700,1,3000
11953,1929765,corner,1,0.9700,1,3001
11954,1929922,corner,1,0.9700,1,3002
11955,1930084,corner,1,0.9700,1,3003
11956,1930238,corner,1,0.9700,1,3004
11957,1930356,corner,1,0.9700,1,3005
11958,1930519,corner,1,0.9700,1,3006
11959,1930628,corner,1,0.9700,1,3007
11960,1930740,corner,1,0.9700,1,3008
11961,1930895,corner,1,0.9700,1,3009
11962,1931018,corner,1,0.9700,1,3010
11963,1931164,corner,1,0.9700,1,3011
11964,1931289,corner,1,0.9700,1,3012
11965,1931395,corner,1,0.9700,1,3013
11966,1931505,corner,1,0.9700,1,3014
11967,1931691,corner,1,0.9700,1,3015
11968,1931792,corner,1,0.9700,1,3016
11969,1931991,corner,1,0.9700,1,3017
11970,1932105,corner,1,0.9700,1,3018
11971,1932210,corner,1,0.9700,1,3019
11972,1932314,corner,1,0.9700,1,3020
11973,1932447,corner,1,0.9700,1,3021
11974,1932552,corner,1,0.9700,1,3022
11975,1932656,corner,1,0.9700,1,3023
11976,1932800,corner,1,0.9700,1,3024
11977,1932907,corner,1,0.9700,1,3025
11978,1933052,corner,1,0.9700,1,3026
11979,1933205,corner,1,0.9700,1,3027
11980,1933344,corner,1,0.9700,1,3028
11981,1933446,corner,0,0.9600,1,3029
11982,1933548,corner,1,0.9700,1,3030
11983,1933695,corner,1,0.9800,1,3031
11984,1933795,corner,1,0.9800,1,3032
11985,1933893,corner,0,0.9700,1,3033
11986,1934073,corner,1,0.9700,1,3034
11987,1934267,corner,1,0.9700,1,3035
11988,1934372,corner,1,0.9700,1,3036
11989,1934509,corner,1,0.9700,1,3037
11990,1934651,corner,1,0.9700,1,3038
11991,1934791,corner,1,0.9700,1,3039
11992,1934947,corner,1,0.9700,1,3040
11993,1935090,corner,1,0.9700,1,3041
11994,1935227,corner,1,0.9700,1,3042
11995,1935382,corner,1,0.9700,1,3043
11996,1935530,corner,1,0.9700,1,3044
11997,1935669,corner,1,0.9700,1,3045
11998,1935806,corner,1,0.9700,1,3046
11999,1935917,corner,1,0.9700,1,3047
12000,1936055,corner,1,0.9700,1,3048
12001,1936219,corner,1,0.9700,1,3049
12002,1936363,corner,1,0.9700,1,3050
12003,1936467,corner,1,0.9700,1,3051
12004,1936612,corner,1,0.9700,1,3052
12005,1936743,corner,1,0.9800,1,3053
12006,1936889,corner,1,0.9800,1,3054
12007,1937042,corner,1,0.9800,1,3055
12008,1937194,corner,1,0.9800,1,3056
12009,1937384,corner,1,0.9800,1,3057
12010,1937539,corner,1,0.9800,1,3058
12011,1937682,corner,1,0.9800,1,3059
12012,1937827,corner,1,0.9800,1,3060
12013,1938010,corner,1,0.9800,1,3061
12014,1938118,corner,1,0.9800,1,3062
12015,1938340,corner,1,0.9800,1,3063
12016,1938496,corner,1,0.9800,1,3064
12017,1938654,corner,1,0.9800,1,3065
12018,1938763,corner,1,0.9800,1,3066
12019,1938868,corner,1,0.9800,1,3067
12020,1939013,corner,1,0.9800,1,3068
12021,1939187,corner,1,0.9800,1,3069
12022,1939324,corner,1,0.9800,1,3070
12023,1939475,corner,1,0.9800,1,3071
12024,1939632,corner,1,0.9800,1,3072
12025,1939808,corner,1,0.9800,1,3073
12026,1940002,corner,1,0.9800,1,3074
12027,1940107,corner,1,0.9800,1,3075
12028,1940258,corner,1,0.9800,1,3076
12029,1940363,corner,1,0.9800,1,3077
12030,1940523,corner,1,0.9800,1,3078
12031,1940653,corner,1,0.9800,1,3079
12032,1940756,corner,1,0.9800,1,3080
12033,1940859,corner,1,0.9800,1,3081
12034,1941005,corner,1,0.9800,1,3082
12035,1941188,corner,1,0.9800,1,3083
12036,1941339,corner,1,0.9800,1,3084
12037,1941480,corner,1,0.9800,1,3085
12038,1941584,corner,1,0.9800,1,3086
12039,1941713,corner,1,0.9800,1,3087
12040,1941816,corner,1,0.9800,1,3088
12041,1941922,corner,1,0.9800,1,3089
12042,1942067,corner,1,0.9800,1,3090
12043,1942268,corner,1,0.9800,1,3091
12044,1942379,corner,1,0.9800,1,3092
12045,1942486,corner,1,0.9800,1,3093
12046,1942606,corner,1,0.9800,1,3094
12047,1942763,corner,1,0.9800,1,3095
12048,1942912,corner,1,0.9800,1,3096
12049,1943015,corner,1,0.9800,1,3097
12050,1943159,corner,1,0.9800,1,3098
12051,1943262,corner,0,0.9700,1,3099
12052,1943404,corner,1,0.9700,1,3100
12053,1943547,corner,1,0.9700,1,3101
12054,1943704,corner,1,0.9700,1,3102
12055,1943844,corner,1,0.9700,1,3103
12056,1943950,corner,1,0.9700,1,3104
12057,1944093,corner,1,0.9700,1,3105
12058,1944194,corner,1,0.9700,1,3106
12059,1944328,corner,1,0.9700,1,3107
12060,1944476,corner,1,0.9700,1,3108
12061,1944607,corner,1,0.9700,1,3109
12062,1944721,corner,1,0.9700,1,3110
12063,1944824,corner,1,0.9700,1,3111
12064,1944925,corner,1,0.9700,1,3112
12065,1945061,corner,1,0.9700,1,3113
12066,1945202,corner,1,0.9700,1,3114
12067,1945334,corner,1,0.9700,1,3115
12068,1945471,corner,1,0.9700,1,3116
12069,1945578,corner,0,0.9600,1,3117
12070,1945687,corner,1,0.9600,1,3118
12071,1945792,corner,1,0.9600,1,3119
12072,1945933,corner,1,0.9600,1,3120
12073,1946078,corner,1,0.9600,1,3121
12074,1946222,corner,1,0.9600,1,3122
12075,1946368,corner,1,0.9600,1,3123
12076,1946471,corner,1,0.9600,1,3124
12077,1946619,corner,1,0.9600,1,3125
12078,1946729,corner,1,0.9600,1,3126
12079,1946832,corner,1,0.9600,1,3127
12080,1946931,corner,0,0.9500,1,3128
12081,1947099,corner,1,0.9600,1,3129
12082,1947330,corner,1,0.9600,1,3130
12083,1947494,corner,1,0.9600,1,3131
12084,1947620,corner,1,0.9600,1,3132
12085,1947798,corner,1,0.9700,1,3133
12086,1947931,corner,1,0.9700,1,3134
12087,1948099,corner,1,0.9700,1,3135
12088,1948205,corner,1,0.9700,1,3136
12089,1948349,corner,1,0.9700,1,3137
12090,1948491,corner,1,0.9700,1,3138
12091,1948594,corner,1,0.9700,1,3139
12092,1948759,corner,1,0.9700,1,3140
12093,1948902,corner,1,0.9700,1,3141
12094,1949008,corner,1,0.9700,1,3142
12095,1949154,corner,1,0.9700,1,3143
12096,1949310,corner,1,0.9700,1,3144
12097,1949480,corner,1,0.9700,1,3145
12098,1949632,corner,1,0.9700,1,3146
12099,1949908,corner,1,0.9700,1,3147
12100,1950050,corner,1,0.9700,1,3148
12101,1950153,corner,1,0.9700,1,3149
12102,1950263,corner,1,0.9700,1,3150
12103,1950407,corner,1,0.9700,1,3151
12104,1950538,corner,1,0.9700,1,3152
12105,1950647,corner,1,0.9700,1,3153
12106,1950752,corner,1,0.9700,1,3154
12107,1950885,corner,1,0.9700,1,3155
12108,1950988,corner,1,0.9700,1,3156
12109,1951124,corner,1,0.9700,1,3157
12110,1951268,corner,1,0.9700,1,3158
12111,1951419,corner,1,0.9700,1,3159
12112,1951561,corner,1,0.9700,1,3160
12113,1951699,corner,1,0.9700,1,3161
12114,1951895,corner,1,0.9700,1,3162
12115,1952006,corner,1,0.9700,1,3163
12116,1952117,corner,1,0.9700,1,3164
12117,1952292,corner,1,0.9700,1,3165
12118,1952479,corner,1,0.9700,1,3166
12119,1952627,corner,1,0.9700,1,3167
12120,1952765,corner,1,0.9700,1,3168
12121,1952868,corner,1,0.9700,1,3169
12122,1952969,corner,0,0.9600,1,3170
12123,1953126,corner,1,0.9600,1,3171
12124,1953382,corner,1,0.9600,1,3172
12125,1953527,corner,1,0.9600,1,3173
12126,1953632,corner,1,0.9600,1,3174
12127,1953763,corner,1,0.9600,1,3175
12128,1953914,corner,1,0.9600,1,3176
12129,1954054,corner,1,0.9600,1,3177
12130,1954156,corner,1,0.9600,1,3178
12131,1954261,corner,1,0.9600,1,3179
12132,1954372,corner,1,0.9600,1,3180
12133,1954517,corner,1,0.9600,1,3181
12134,1954654,corner,1,0.9600,1,3182
12135,1954761,corner,1,0.9600,1,3183
12136,1954864,corner,1,0.9600,1,3184
12137,1955009,corner,1,0.9600,1,3185
12138,1955117,corner,1,0.9600,1,3186
12139,1955224,corner,1,0.9600,1,3187
12140,1955374,corner,1,0.9600,1,3188
12141,1955526,corner,1,0.9600,1,3189
12142,1955669,corner,1,0.9600,1,3190
12143,1955772,corner,1,0.9600,1,3191
12144,1955882,corner,1,0.9600,1,3192
12145,1956038,corner,1,0.9600,1,3193
12146,1956176,corner,1,0.9600,1,3194
12147,1956282,corner,1,0.9600,1,3195
12148,1956384,corner,1,0.9600,1,3196
12149,1956516,corner,1,0.9600,1,3197
12150,1956622,corner,1,0.9600,1,3198
12151,1956723,corner,1,0.9700,1,3199
12152,1956831,corner,1,0.9700,1,3200
12153,1956963,corner,1,0.9700,1,3201
12154,1957073,corner,1,0.9700,1,3202
12155,1957209,corner,1,0.9700,1,3203
12156,1957370,corner,1,0.9700,1,3204
12157,1957518,corner,1,0.9700,1,3205
12158,1957632,corner,1,0.9700,1,3206
12159,1957731,corner,1,0.9700,1,3207
12160,1957880,corner,1,0.9700,1,3208
12161,1957982,corner,1,0.9700,1,3209
12162,1958113,corner,1,0.9700,1,3210
12163,1958256,corner,1,0.9700,1,3211
12164,1958420,corner,1,0.9700,1,3212
12165,1958529,corner,1,0.9700,1,3213
12166,1958677,corner,1,0.9700,1,3214
12167,1958828,corner,1,0.9700,1,3215
12168,1958931,corner,1,0.9700,1,3216
12169,1959034,corner,1,0.9800,1,3217
12170,1959136,corner,1,0.9800,1,3218
12171,1959295,corner,1,0.9800,1,3219
12172,1959395,corner,0,0.9700,1,3220
12173,1959503,corner,1,0.9700,1,3221
12174,1959625,corner,1,0.9700,1,3222
12175,1959786,corner,1,0.9700,1,3223
12176,1959932,corner,1,0.9700,1,3224
12177,1960044,corner,1,0.9700,1,3225
12178,1960149,corner,1,0.9700,1,3226
12179,1960251,corner,1,0.9700,1,3227
12180,1960358,corner,1,0.9800,1,3228
12181,1960465,corner,1,0.9800,1,3229
12182,1960567,corner,1,0.9800,1,3230
12183,1960706,corner,1,0.9800,1,3231
12184,1960812,corner,1,0.9800,1,3232
12185,1960991,corner,1,0.9800,1,3233
12186,1961103,corner,1,0.9800,1,3234
12187,1961243,corner,1,0.9800,1,3235
12188,1961403,corner,1,0.9800,1,3236
12189,1961509,corner,1,0.9800,1,3237
12190,1961666,corner,1,0.9800,1,3238
12191,1961819,corner,1,0.9800,1,3239
12192,1961929,corner,1,0.9800,1,3240
12193,1962074,corner,1,0.9800,1,3241
12194,1962176,corner,1,0.9800,1,3242
12195,1962282,corner,1,0.9800,1,3243
12196,1962388,corner,1,0.9800,1,3244
12197,1962490,corner,1,0.9800,1,3245
12198,1962597,corner,1,0.9800,1,3246
12199,1962698,corner,1,0.9800,1,3247
12200,1962833,corner,1,0.9800,1,3248
12201,1962936,corner,1,0.9800,1,3249
12202,1963075,corner,1,0.9800,1,3250
12203,1963179,corner,1,0.9800,1,3251
12204,1963324,corner,1,0.9800,1,3252
12205,1963477,corner,1,0.9800,1,3253
12206,1963628,corner,1,0.9800,1,3254
12207,1963772,corner,1,0.9800,1,3255
12208,1963879,corner,1,0.9800,1,3256
12209,1963984,corner,1,0.9800,1,3257
12210,1964088,corner,1,0.9800,1,3258
12211,1964190,corner,1,0.9800,1,3259
12212,1964510,corner,1,0.9800,1,3260
12213,1964662,corner,1,0.9800,1,3261
12214,1964775,corner,1,0.9800,1,3262
12215,1964961,corner,1,0.9800,1,3263
12216,1965065,corner,0,0.9700,1,3264
12217,1965185,corner,1,0.9700,1,3265
12218,1965287,corner,1,0.9700,1,3266
12219,1965428,corner,1,0.9700,1,3267
12220,1965532,corner,1,0.9700,1,3268
12221,1965642,corner,1,0.9700,1,3269
12222,1965777,corner,1,0.9800,1,3270
12223,1965877,corner,1,0.9800,1,3271
12224,1965982,corner,1,0.9800,1,3272
12225,1966118,corner,1,0.9800,1,3273
12226,1966229,corner,1,0.9800,1,3274
12227,1966370,corner,1,0.9800,1,3275
12228,1966477,corner,1,0.9800,1,3276
12229,1966585,corner,1,0.9800,1,3277
12230,1966736,corner,1,0.9800,1,3278
12231,1966839,corner,1,0.9800,1,3279
12232,1966980,corner,1,0.9800,1,3280
12233,1967115,corner,1,0.9800,1,3281
12234,1967221,corner,1,0.9800,1,3282
12235,1967360,corner,1,0.9800,1,3283
12236,1967525,corner,1,0.9800,1,3284
12237,1967692,corner,1,0.9800,1,3285
12238,1967846,corner,1,0.9800,1,3286
12239,1967992,corner,1,0.9800,1,3287
12240,1968096,corner,1,0.9800,1,3288
12241,1968238,corner,1,0.9800,1,3289
12242,1968339,corner,1,0.9800,1,3290
12243,1968499,corner,1,0.9800,1,3291
12244,1968604,corner,1,0.9800,1,3292
12245,1968746,corner,1,0.9800,1,3293
12246,1968854,corner,1,0.9800,1,3294
12247,1968968,corner,1,0.9800,1,3295
12248,1969125,corner,1,0.9800,1,3296
12249,1969290,corner,1,0.9800,1,3297
12250,1969396,corner,1,0.9800,1,3298
12251,1969508,corner,1,0.9800,1,3299
12252,1969608,corner,1,0.9800,1,3300
12253,1969714,corner,1,0.9800,1,3301
12254,1969872,corner,1,0.9800,1,3302
12255,1969974,corner,1,0.9800,1,3303
12256,1970117,corner,1,0.9800,1,3304
12257,1970264,corner,1,0.9800,1,3305
12258,1970413,corner,1,0.9800,1,3306
12259,1970589,corner,1,0.9800,1,3307
12260,1970701,corner,1,0.9800,1,3308
12261,1970856,corner,1,0.9800,1,3309
12262,1970998,corner,1,0.9800,1,3310
12263,1971104,corner,1,0.9800,1,3311
12264,1971279,corner,1,0.9800,1,3312
12265,1971406,corner,1,0.9800,1,3313
12266,1971509,corner,1,0.9800,1,3314
12267,1971648,corner,1,0.9800,1,3315
12268,1971788,corner,1,0.9800,1,3316
12269,1971893,corner,1,0.9800,1,3317
12270,1972034,corner,1,0.9800,1,3318
12271,1972177,corner,1,0.9800,1,3319
12272,1973529,corner,1,0.9900,1,3320
12273,1973676,corner,1,0.9900,1,3321
12274,1973781,corner,1,0.9900,1,3322
12275,1973924,corner,1,0.9900,1,3323
12276,1974024,corner,0,0.9800,1,3324
12277,1974128,corner,1,0.9800,1,3325
12278,1974282,corner,1,0.9800,1,3326
12279,1974390,corner,1,0.9800,1,3327
12280,1974534,corner,1,0.9800,1,3328
12281,1974704,corner,1,0.9800,1,3329
12282,1974808,corner,1,0.9800,1,3330
12283,1974926,corner,1,0.9800,1,3331
12284,1975071,corner,1,0.9800,1,3332
12285,1975235,corner,1,0.9800,1,3333
12286,1975346,corner,1,0.9800,1,3334
12287,1975493,corner,1,0.9800,1,3335
12288,1975599,corner,1,0.9800,1,3336
12289,1975735,corner,1,0.9800,1,3337
12290,1975839,corner,1,0.9800,1,3338
12291,1975944,corner,1,0.9800,1,3339
12292,1976049,corner,1,0.9800,1,3340
12293,1976197,corner,1,0.9800,1,3341
12294,1976306,corner,1,0.9800,1,3342
12295,1976435,corner,1,0.9800,1,3343
12296,1976537,corner,1,0.9800,1,3344
12297,1976639,corner,1,0.9800,1,3345
12298,1976750,corner,1,0.9800,1,3346
12299,1976850,corner,1,0.9800,1,3347
12300,1976952,corner,1,0.9800,1,3348
12301,1977063,corner,1,0.9800,1,3349
12302,1977218,corner,1,0.9800,1,3350
12303,1977361,corner,1,0.9800,1,3351
12304,1977464,corner,1,0.9800,1,3352
12305,1977569,corner,1,0.9800,1,3353
12306,1977674,corner,1,0.9800,1,3354
12307,1977839,corner,1,0.9800,1,3355
12308,1977976,corner,1,0.9800,1,3356
12309,1978083,corner,1,0.9800,1,3357
12310,1978191,corner,1,0.9800,1,3358
12311,1978329,corner,1,0.9800,1,3359
12312,1978430,corner,1,0.9800,1,3360
12313,1978534,corner,1,0.9800,1,3361
12314,1978638,corner,1,0.9800,1,3362
12315,1978749,corner,1,0.9800,1,3363
12316,1978885,corner,1,0.9900,1,3364
12317,1978985,corner,1,0.9900,1,3365
12318,1979093,corner,1,0.9900,1,3366
12319,1979195,corner,1,0.9900,1,3367
12320,1979331,corner,1,0.9900,1,3368
12321,1979437,corner,1,0.9900,1,3369
12322,1979544,corner,1,0.9900,1,3370
12323,1979693,corner,1,0.9900,1,3371
12324,1979799,corner,0,0.9800,1,3372
12325,1979911,corner,1,0.9800,1,3373
12326,1980019,corner,1,0.9800,1,3374
12327,1980150,corner,1,0.9800,1,3375
12328,1980298,corner,1,0.9800,1,3376
12329,1980402,corner,1,0.9800,1,3377
12330,1980509,corner,1,0.9800,1,3378
12331,1980707,corner,1,0.9800,1,3379
12332,1980821,corner,1,0.9800,1,3380
12333,1980979,corner,1,0.9800,1,3381
12334,1981081,corner,1,0.9800,1,3382
12335,1981190,corner,1,0.9800,1,3383
12336,1981295,corner,1,0.9800,1,3384
12337,1981399,corner,1,0.9800,1,3385
12338,1981532,corner,1,0.9800,1,3386
12339,1981646,corner,1,0.9800,1,3387
12340,1981749,corner,0,0.9700,1,3388
12341,1981893,corner,1,0.9700,1,3389
12342,1982044,corner,1,0.9700,1,3390
12343,1982192,corner,1,0.9700,1,3391
12344,1982301,corner,1,0.9700,1,3392
12345,1982445,corner,1,0.9700,1,3393
12346,1982596,corner,1,0.9700,1,3394
12347,1982732,corner,1,0.9700,1,3395
12348,1982872,corner,1,0.9700,1,3396
12349,1982978,corner,1,0.9700,1,3397
12350,1983086,corner,1,0.9700,1,3398
12351,1983255,corner,1,0.9700,1,3399
12352,1983409,corner,1,0.9700,1,3400
12353,1983523,corner,1,0.9700,1,3401
12354,1983664,corner,1,0.9700,1,3402
12355,1983812,corner,1,0.9700,1,3403
12356,1983914,corner,1,0.9700,1,3404
12357,1984064,corner,1,0.9700,1,3405
12358,1984176,corner,1,0.9700,1,3406
12359,1984278,corner,1,0.9700,1,3407
12360,1984503,corner,1,0.9700,1,3408
12361,1984611,corner,1,0.9700,1,3409
12362,1984717,corner,1,0.9700,1,3410
12363,1984848,corner,1,0.9700,1,3411
12364,1984968,corner,1,0.9700,1,3412
12365,1985066,corner,1,0.9700,1,3413
12366,1985221,corner,1,0.9700,1,3414
12367,1985381,corner,1,0.9700,1,3415
12368,1985531,corner,1,0.9700,1,3416
12369,1985639,corner,1,0.9700,1,3417
12370,1985802,corner,1,0.9700,1,3418
12371,1985904,corner,1,0.9700,1,3419
12372,1986063,corner,1,0.9700,1,3420
12373,1986213,corner,1,0.9700,1,3421
12374,1986363,corner,1,0.9700,1,3422
12375,1986525,corner,1,0.9700,1,3423
12376,1986630,corner,1,0.9800,1,3424
12377,1986732,corner,1,0.9800,1,3425
12378,1986878,corner,1,0.9800,1,3426
12379,1987025,corner,1,0.9800,1,3427
12380,1987181,corner,1,0.9800,1,3428
12381,1987348,corner,1,0.9800,1,3429
12382,1987485,corner,1,0.9800,1,3430
12383,1987593,corner,1,0.9800,1,3431
12384,1987735,corner,1,0.9800,1,3432
12385,1987885,corner,1,0.9800,1,3433
12386,1988035,corner,1,0.9800,1,3434
12387,1988181,corner,1,0.9800,1,3435
12388,1988357,corner,1,0.9800,1,3436
12389,1988461,corner,1,0.9800,1,3437
12390,1988609,corner,1,0.9800,1,3438
12391,1988761,corner,1,0.9800,1,3439
12392,1988901,corner,1,0.9800,1,3440
12393,1989059,corner,1,0.9800,1,3441
12394,1989192,corner,1,0.9800,1,3442
12395,1989304,corner,1,0.9800,1,3443
12396,1989457,corner,1,0.9800,1,3444
12397,1989587,corner,1,0.9800,1,3445
12398,1989745,corner,1,0.9800,1,3446
12399,1989847,corner,1,0.9800,1,3447
12400,1989947,corner,1,0.9800,1,3448
12401,1990055,corner,1,0.9800,1,3449
12402,1990194,corner,1,0.9800,1,3450
12403,1990305,corner,1,0.9800,1,3451
12404,1990456,corner,1,0.9800,1,3452
12405,1990559,corner,1,0.9800,1,3453
12406,1990664,corner,1,0.9800,1,3454
12407,1990763,corner,1,0.9800,1,3455
12408,1990909,corner,1,0.9800,1,3456
12409,1991021,corner,1,0.9800,1,3457
12410,1991122,corner,0,0.9700,1,3458
12411,1991289,corner,1,0.9700,1,3459
12412,1991469,corner,1,0.9700,1,3460
12413,1991571,corner,1,0.9700,1,3461
12414,1991675,corner,1,0.9700,1,3462
12415,1991782,corner,1,0.9700,1,3463
12416,1991955,corner,1,0.9700,1,3464
12417,1992066,corner,0,0.9600,1,3465
12418,1992169,corner,1,0.9600,1,3466
12419,1992275,corner,1,0.9600,1,3467
12420,1992423,corner,1,0.9600,1,3468
12421,1992529,corner,1,0.9600,1,3469
12422,1992636,corner,1,0.9600,1,3470
12423,1992741,corner,1,0.9600,1,3471
12424,1992895,corner,1,0.9700,1,3472
12425,1992996,corner,0,0.9600,1,3473
12426,1993135,corner,1,0.9600,1,3474
12427,1993279,corner,1,0.9600,1,3475
12428,1993381,corner,1,0.9600,1,3476
12429,1993489,corner,0,0.9500,1,3477
12430,1993631,corner,1,0.9500,1,3478
12431,1993762,corner,1,0.9500,1,3479
12432,1993917,corner,1,0.9500,1,3480
12433,1994275,corner,1,0.9500,1,3481
12434,1994383,corner,1,0.9500,1,3482
12435,1994486,corner,1,0.9500,1,3483
12436,1994594,corner,1,0.9500,1,3484
12437,1994699,corner,1,0.9500,1,3485
12438,1994873,corner,1,0.9500,1,3486
12439,1994975,corner,1,0.9500,1,3487
12440,1995076,corner,1,0.9600,1,3488
12441,1995210,corner,1,0.9600,1,3489
12442,1995314,corner,1,0.9600,1,3490
12443,1995452,corner,1,0.9600,1,3491
12444,1995593,corner,1,0.9600,1,3492
12445,1995754,corner,1,0.9600,1,3493
12446,1995854,corner,0,0.9500,1,3494
12447,1995959,corner,1,0.9500,1,3495
12448,1996096,corner,1,0.9500,1,3496
12449,1996237,corner,1,0.9500,1,3497
12450,1996340,corner,1,0.9500,1,3498
12451,1996447,corner,1,0.9500,1,3499
12452,1996581,corner,1,0.9500,1,3500
12453,1996685,corner,1,0.9500,1,3501
12454,1996791,corner,1,0.9500,1,3502
12455,1996943,corner,1,0.9500,1,3503
12456,1997055,corner,1,0.9500,1,3504
12457,1997179,corner,0,0.9400,1,3505
12458,1997313,corner,1,0.9400,1,3506
12459,1997421,corner,0,0.9300,1,3507
12460,1997567,corner,1,0.9300,1,3508
12461,1997695,corner,1,0.9300,1,3509
12462,1997804,corner,1,0.9300,1,3510
12463,1997911,corner,1,0.9300,1,3511
12464,1998013,corner,1,0.9300,1,3512
12465,1998147,corner,1,0.9300,1,3513
12466,1998318,corner,1,0.9300,1,3514
12467,1998431,corner,1,0.9300,1,3515
12468,1998536,corner,1,0.9300,1,3516
12469,1998647,corner,1,0.9300,1,3517
12470,1998782,corner,1,0.9300,1,3518
12471,1998925,corner,1,0.9300,1,3519
12472,1999050,corner,1,0.9300,1,3520
12473,1999160,corner,1,0.9300,1,3521
12474,1999264,corner,1,0.9300,1,3522
12475,1999410,corner,1,0.9300,1,3523
12476,1999520,corner,1,0.9300,1,3524
12477,1999655,corner,1,0.9300,1,3525
12478,1999763,corner,1,0.9300,1,3526
12479,1999923,corner,1,0.9300,1,3527
12480,2000059,corner,1,0.9300,1,3528
12481,2000202,corner,1,0.9300,1,3529
12482,2000351,corner,1,0.9300,1,3530
12483,2000452,corner,1,0.9300,1,3531
12484,2000590,corner,1,0.9300,1,3532
12485,2000737,corner,1,0.9300,1,3533
12486,2000886,corner,1,0.9300,1,3534
12487,2001047,corner,1,0.9300,1,3535
12488,2001186,corner,1,0.9300,1,3536
12489,2001291,corner,1,0.9300,1,3537
12490,2001395,corner,1,0.9300,1,3538
12491,2001545,corner,1,0.9300,1,3539
12492,2001700,corner,1,0.9300,1,3540
12493,2001809,corner,1,0.9300,1,3541
12494,2001951,corner,1,0.9300,1,3542
12495,2002054,corner,1,0.9300,1,3543
12496,2002158,corner,0,0.9200,1,3544
12497,2002258,corner,0,0.9100,1,3545
12498,2002434,corner,1,0.9100,1,3546
12499,2002544,corner,1,0.9100,1,3547
12500,2002693,corner,1,0.9100,1,3548
12501,2002843,corner,1,0.9100,1,3549
12502,2002953,corner,1,0.9100,1,3550
12503,2003057,corner,1,0.9100,1,3551
12504,2003193,corner,1,0.9100,1,3552
12505,2003341,corner,1,0.9100,1,3553
12506,2003477,corner,1,0.9100,1,3554
12507,2003585,corner,1,0.9100,1,3555
12508,2003683,corner,1,0.9100,1,3556
12509,2003836,corner,1,0.9100,1,3557
12510,2003982,corner,1,0.9200,1,3558
12511,2004086,corner,1,0.9200,1,3559
12512,2004227,corner,1,0.9200,1,3560
12513,2004401,corner,1,0.9200,1,3561
12514,2004568,corner,1,0.9200,1,3562
12515,2004678,corner,1,0.9200,1,3563
12516,2004785,corner,1,0.9200,1,3564
12517,2004933,corner,1,0.9300,1,3565
12518,2005043,corner,1,0.9300,1,3566
12519,2005196,corner,1,0.9300,1,3567
12520,2005332,corner,1,0.9300,1,3568
12521,2005462,corner,1,0.9300,1,3569
12522,2005615,corner,1,0.9300,1,3570
12523,2005790,corner,1,0.9300,1,3571
12524,2005943,corner,1,0.9300,1,3572
12525,2006071,corner,1,0.9400,1,3573
12526,2006208,corner,1,0.9400,1,3574
12527,2006306,corner,1,0.9400,1,3575
12528,2006410,corner,1,0.9400,1,3576
12529,2006550,corner,1,0.9500,1,3577
12530,2006688,corner,1,0.9500,1,3578
12531,2006841,corner,1,0.9500,1,3579
12532,2006944,corner,1,0.9500,1,3580
12533,2007138,corner,1,0.9500,1,3581
12534,2007291,corner,1,0.9500,1,3582
12535,2007436,corner,1,0.9500,1,3583
12536,2007607,corner,0,0.9400,1,3584
12537,2007752,corner,1,0.9400,1,3585
12538,2007885,corner,1,0.9400,1,3586
12539,2008035,corner,1,0.9400,1,3587
12540,2008139,corner,1,0.9400,1,3588
12541,2008277,corner,1,0.9400,1,3589
12542,2008409,corner,1,0.9400,1,3590
12543,2008519,corner,1,0.9400,1,3591
12544,2008659,corner,1,0.9400,1,3592
12545,2008790,corner,1,0.9400,1,3593
12546,2008933,corner,1,0.9500,1,3594
12547,2009038,corner,1,0.9500,1,3595
12548,2009192,corner,1,0.9500,1,3596
12549,2009301,corner,1,0.9500,1,3597
12550,2009464,corner,1,0.9500,1,3598
12551,2009642,corner,1,0.9500,1,3599
12552,2009811,corner,1,0.9500,1,3600
12553,2009956,corner,1,0.9500,1,3601
12554,2010098,corner,1,0.9500,1,3602
12555,2010202,corner,1,0.9500,1,3603
12556,2010379,corner,1,0.9500,1,3604
12557,2010520,corner,1,0.9600,1,3605
12558,2010666,corner,1,0.9600,1,3606
12559,2010777,corner,1,0.9700,1,3607
12560,2010928,corner,1,0.9700,1,3608
12561,2011038,corner,1,0.9700,1,3609
12562,2011199,corner,1,0.9700,1,3610
12563,2011333,corner,1,0.9700,1,3611
12564,2011494,corner,1,0.9700,1,3612
12565,2011632,corner,1,0.9700,1,3613
12566,2011800,corner,1,0.9700,1,3614
12567,2011952,corner,1,0.9700,1,3615
12568,2012097,corner,1,0.9700,1,3616
12569,2012198,corner,1,0.9700,1,3617
12570,2012344,corner,1,0.9700,1,3618
12571,2012444,corner,0,0.9600,1,3619
12572,2012553,corner,1,0.9600,1,3620
12573,2012700,corner,1,0.9600,1,3621
12574,2012804,corner,1,0.9600,1,3622
12575,2012987,corner,1,0.9600,1,3623
12576,2013088,corner,1,0.9600,1,3624
12577,2013231,corner,1,0.9600,1,3625
12578,2013382,corner,1,0.9600,1,3626
12579,2013552,corner,1,0.9600,1,3627
12580,2013693,corner,1,0.9600,1,3628
12581,2013832,corner,1,0.9600,1,3629
12582,2013972,corner,1,0.9600,1,3630
12583,2014117,corner,1,0.9600,1,3631
12584,2014261,corner,1,0.9600,1,3632
12585,2014402,corner,1,0.9600,1,3633
12586,2014539,corner,1,0.9600,1,3634
12587,2014689,corner,1,0.9600,1,3635
12588,2014835,corner,1,0.9600,1,3636
12589,2014987,corner,1,0.9600,1,3637
12590,2015133,corner,1,0.9600,1,3638
12591,2015276,corner,1,0.9600,1,3639
12592,2015432,corner,1,0.9600,1,3640
12593,2015573,corner,1,0.9600,1,3641
12594,2015680,corner,1,0.9600,1,3642
12595,2015789,corner,1,0.9600,1,3643
12596,2015921,corner,1,0.9700,1,3644
12597,2016054,corner,1,0.9800,1,3645
12598,2016208,corner,1,0.9800,1,3646
12599,2016318,corner,1,0.9800,1,3647
12600,2016429,corner,1,0.9800,1,3648
12601,2016568,corner,1,0.9800,1,3649
12602,2016706,corner,1,0.9800,1,3650
12603,2016843,corner,1,0.9800,1,3651
12604,2016983,corner,1,0.9800,1,3652
12605,2017095,corner,1,0.9800,1,3653
12606,2017200,corner,1,0.9800,1,3654
12607,2017302,corner,1,0.9800,1,3655
12608,2017439,corner,1,0.9800,1,3656
12609,2017596,corner,1,0.9800,1,3657
12610,2017740,corner,1,0.9800,1,3658
12611,2017856,corner,1,0.9800,1,3659
12612,2017968,corner,1,0.9800,1,3660
12613,2018107,corner,1,0.9800,1,3661
12614,2018234,corner,1,0.9800,1,3662
12615,2018406,corner,1,0.9800,1,3663
12616,2018514,corner,1,0.9800,1,3664
12617,2018620,corner,1,0.9800,1,3665
12618,2018754,corner,1,0.9800,1,3666
12619,2018907,corner,1,0.9800,1,3667
12620,2019050,corner,1,0.9800,1,3668
12621,2019156,corner,1,0.9800,1,3669
12622,2019261,corner,1,0.9800,1,3670
12623,2019397,corner,1,0.9800,1,3671
12624,2019510,corner,1,0.9800,1,3672
12625,2019647,corner,1,0.9800,1,3673
12626,2019782,corner,1,0.9800,1,3674
12627,2019923,corner,1,0.9800,1,3675
12628,2020074,corner,1,0.9800,1,3676
12629,2020185,corner,1,0.9800,1,3677
12630,2020519,corner,1,0.9800,1,3678
12631,2020627,corner,1,0.9800,1,3679
12632,2020779,corner,1,0.9800,1,3680
12633,2020924,corner,1,0.9800,1,3681
12634,2021059,corner,1,0.9800,1,3682
12635,2021159,corner,1,0.9800,1,3683
12636,2021289,corner,1,0.9900,1,3684
12637,2021422,corner,1,0.9900,1,3685
12638,2021532,corner,1,0.9900,1,3686
12639,2021667,corner,1,0.9900,1,3687
12640,2021803,corner,1,0.9900,1,3688
12641,2021902,corner,0,0.9800,1,3689
12642,2022009,corner,0,0.9700,1,3690
12643,2022156,corner,1,0.9700,1,3691
12644,2022263,corner,1,0.9700,1,3692
12645,2022413,corner,1,0.9700,1,3693
12646,2022558,corner,1,0.9700,1,3694
12647,2022720,corner,1,0.9700,1,3695
12648,2022851,corner,1,0.9700,1,3696
12649,2022956,corner,1,0.9700,1,3697
12650,2023058,corner,1,0.9700,1,3698
12651,2023190,corner,1,0.9700,1,3699
12652,2023347,corner,1,0.9700,1,3700
12653,2023489,corner,1,0.9700,1,3701
12654,2023622,corner,1,0.9700,1,3702
12655,2023771,corner,1,0.9700,1,3703
12656,2023924,corner,1,0.9700,1,3704
12657,2024068,corner,1,0.9700,1,3705
12658,2024172,corner,1,0.9700,1,3706
12659,2024317,corner,1,0.9700,1,3707
12660,2024462,corner,1,0.9700,1,3708
12661,2024618,corner,1,0.9700,1,3709
12662,2024767,corner,1,0.9700,1,3710
12663,2024873,corner,1,0.9700,1,3711
12664,2025040,corner,1,0.9700,1,3712
12665,2025178,corner,1,0.9700,1,3713
12666,2025318,corner,1,0.9700,1,3714
12667,2025481,corner,1,0.9700,1,3715
12668,2025611,corner,1,0.9700,1,3716
12669,2025761,corner,1,0.9700,1,3717
12670,2025871,corner,1,0.9700,1,3718
12671,2026070,corner,1,0.9800,1,3719
12672,2026222,corner,1,0.9800,1,3720
12673,2026352,corner,1,0.9800,1,3721
12674,2026491,corner,1,0.9800,1,3722
12675,2026633,corner,1,0.9800,1,3723
12676,2026767,corner,1,0.9800,1,3724
12677,2026870,corner,1,0.9800,1,3725
12678,2027008,corner,1,0.9800,1,3726
12679,2027154,corner,1,0.9800,1,3727
12680,2027265,corner,1,0.9800,1,3728
12681,2027407,corner,1,0.9800,1,3729
12682,2027564,corner,1,0.9800,1,3730
12683,2027703,corner,1,0.9800,1,3731
12684,2027904,corner,1,0.9800,1,3732
12685,2028057,corner,1,0.9800,1,3733
12686,2028219,corner,1,0.9800,1,3734
12687,2028356,corner,1,0.9800,1,3735
12688,2028492,corner,1,0.9800,1,3736
12689,2028630,corner,1,0.9800,1,3737
12690,2028762,corner,1,0.9800,1,3738
12691,2028911,corner,1,0.9800,1,3739
12692,2029044,corner,1,0.9800,1,3740
12693,2029192,corner,1,0.9800,1,3741
12694,2029328,corner,1,0.9800,1,3742
12695,2029468,corner,1,0.9800,1,3743
12696,2029608,corner,1,0.9800,1,3744
12697,2029762,corner,1,0.9800,1,3745
12698,2029910,corner,1,0.9800,1,3746
12699,2030069,corner,1,0.9800,1,3747
12700,2030217,corner,1,0.9800,1,3748
12701,2030365,corner,1,0.9800,1,3749
12702,2030512,corner,1,0.9800,1,3750
12703,2030689,corner,1,0.9800,1,3751
12704,2030871,corner,1,0.9800,1,3752
12705,2031017,corner,1,0.9800,1,3753
12706,2031152,corner,1,0.9800,1,3754
12707,2031291,corner,1,0.9800,1,3755
12708,2031440,corner,1,0.9800,1,3756
12709,2031550,corner,1,0.9800,1,3757
12710,2031692,corner,1,0.9800,1,3758
12711,2031803,corner,1,0.9800,1,3759
12712,2031938,corner,1,0.9800,1,3760
12713,2032075,corner,1,0.9800,1,3761
12714,2032221,corner,1,0.9800,1,3762
12715,2032369,corner,1,0.9800,1,3763
12716,2032506,corner,1,0.9800,1,3764
12717,2032647,corner,1,0.9800,1,3765
12718,2032952,corner,1,0.9800,1,3766
12719,2033084,corner,1,0.9800,1,3767
12720,2033233,corner,1,0.9800,1,3768
12721,2033388,corner,1,0.9800,1,3769
12722,2033589,corner,1,0.9800,1,3770
12723,2033734,corner,1,0.9800,1,3771
12724,2033873,corner,1,0.9800,1,3772
12725,2033994,corner,1,0.9800,1,3773
12726,2034107,corner,1,0.9800,1,3774
12727,2034248,corner,1,0.9800,1,3775
12728,2034357,corner,1,0.9800,1,3776
12729,2034502,corner,1,0.9800,1,3777
12730,2034818,corner,1,0.9800,1,3778
12731,2034970,corner,1,0.9800,1,3779
12732,2035113,corner,1,0.9800,1,3780
12733,2035263,corner,1,0.9800,1,3781
12734,2035401,corner,1,0.9800,1,3782
12735,2035544,corner,1,0.9800,1,3783
12736,2035703,corner,1,0.9800,1,3784
12737,2035845,corner,1,0.9800,1,3785
12738,2035947,corner,1,0.9800,1,3786
12739,2036081,corner,1,0.9800,1,3787
12740,2036219,corner,1,0.9800,1,3788
12741,2036367,corner,1,0.9900,1,3789
12742,2036479,corner,1,1.0000,1,3790
12743,2036612,corner,1,1.0000,1,3791
12744,2036761,corner,1,1.0000,1,3792
12745,2036908,corner,1,1.0000,1,3793
12746,2037050,corner,1,1.0000,1,3794
12747,2037153,corner,1,1.0000,1,3795
12748,2037303,corner,1,1.0000,1,3796
12749,2037437,corner,1,1.0000,1,3797
12750,2037587,corner,1,1.0000,1,3798
12751,2037726,corner,1,1.0000,1,3799
12752,2037861,corner,1,1.0000,1,3800
12753,2038002,corner,1,1.0000,1,3801
12754,2038155,corner,1,1.0000,1,3802
12755,2038264,corner,1,1.0000,1,3803
12756,2038422,corner,1,1.0000,1,3804
12757,2038580,corner,1,1.0000,1,3805
12758,2038721,corner,1,1.0000,1,3806
12759,2038896,corner,1,1.0000,1,3807
12760,2039042,corner,1,1.0000,1,3808
12761,2039209,corner,1,1.0000,1,3809
12762,2039316,corner,1,1.0000,1,3810
12763,2039456,corner,1,1.0000,1,3811
12764,2039610,corner,1,1.0000,1,3812
12765,2039755,corner,1,1.0000,1,3813
12766,2039862,corner,1,1.0000,1,3814
12767,2040000,corner,1,1.0000,1,3815
12768,2040138,corner,1,1.0000,1,3816
12769,2040307,corner,1,1.0000,1,3817
12770,2040458,corner,1,1.0000,1,3818
12771,2040596,corner,1,1.0000,1,3819
12772,2040701,corner,1,1.0000,1,3820
12773,2040845,corner,1,1.0000,1,3821
12774,2040983,corner,1,1.0000,1,3822
12775,2041139,corner,1,1.0000,1,3823
12776,2041302,corner,1,1.0000,1,3824
12777,2041408,corner,1,1.0000,1,3825
12778,2041545,corner,1,1.0000,1,3826
12779,2041683,corner,1,1.0000,1,3827
12780,2041833,corner,1,1.0000,1,3828
12781,2041931,corner,0,0.9900,1,3829
12782,2042105,corner,1,0.9900,1,3830
12783,2042253,corner,1,0.9900,1,3831
12784,2042395,corner,1,0.9900,1,3832
12785,2042499,corner,1,0.9900,1,3833
12786,2042640,corner,1,0.9900,1,3834
12787,2042778,corner,1,0.9900,1,3835
12788,2042934,corner,1,0.9900,1,3836
12789,2043040,corner,1,0.9900,1,3837
12790,2043179,corner,1,0.9900,1,3838
12791,2043323,corner,1,0.9900,1,3839
12792,2043469,corner,1,0.9900,1,3840
12793,2043583,corner,1,0.9900,1,3841
12794,2043725,corner,1,0.9900,1,3842
12795,2043873,corner,1,0.9900,1,3843
12796,2044019,corner,1,0.9900,1,3844
12797,2044128,corner,1,0.9900,1,3845
12798,2044268,corner,1,0.9900,1,3846
12799,2044411,corner,1,0.9900,1,3847
12800,2044543,corner,1,0.9900,1,3848
12801,2044647,corner,1,0.9900,1,3849
12802,2044776,corner,1,0.9900,1,3850
12803,2044922,corner,1,0.9900,1,3851
12804,2045071,corner,1,0.9900,1,3852
12805,2045180,corner,1,0.9900,1,3853
12806,2045283,corner,1,0.9900,1,3854
12807,2045425,corner,1,0.9900,1,3855
12808,2045533,corner,1,0.9900,1,3856
12809,2045686,corner,1,0.9900,1,3857
12810,2045790,corner,1,0.9900,1,3858
12811,2045927,corner,1,0.9900,1,3859
12812,2046076,corner,1,0.9900,1,3860
12813,2046216,corner,1,0.9900,1,3861
12814,2046357,corner,1,0.9900,1,3862
12815,2046501,corner,1,0.9900,1,3863
12816,2046635,corner,1,0.9900,1,3864
12817,2046770,corner,1,0.9900,1,3865
12818,2046909,corner,1,0.9900,1,3866
12819,2047054,corner,1,0.9900,1,3867
12820,2047203,corner,1,0.9900,1,3868
12821,2047314,corner,1,0.9900,1,3869
12822,2047459,corner,1,0.9900,1,3870
12823,2047610,corner,1,0.9900,1,3871
12824,2047741,corner,1,0.9900,1,3872
12825,2047849,corner,1,0.9900,1,3873
12826,2047990,corner,1,0.9900,1,3874
12827,2048100,corner,1,0.9900,1,3875
12828,2048245,corner,1,0.9900,1,3876
12829,2048377,corner,1,0.9900,1,3877
12830,2048517,corner,1,0.9900,1,3878
12831,2048647,corner,1,0.9900,1,3879
12832,2048791,corner,1,0.9900,1,3880
12833,2048945,corner,1,0.9900,1,3881
12834,2049164,corner,1,0.9900,1,3882
12835,2049318,corner,1,0.9900,1,3883
12836,2049499,corner,1,0.9900,1,3884
12837,2049650,corner,1,0.9900,1,3885
12838,2049758,corner,1,0.9900,1,3886
12839,2049906,corner,1,0.9900,1,3887
12840,2050066,corner,1,0.9900,1,3888
12841,2050210,corner,1,0.9900,1,3889
12842,2050319,corner,1,0.9900,1,3890
12843,2050452,corner,1,0.9900,1,3891
12844,2050599,corner,1,0.9900,1,3892
12845,2050748,corner,1,0.9900,1,3893
12846,2050886,corner,1,0.9900,1,3894
12847,2051021,corner,1,0.9900,1,3895
12848,2051176,corner,1,0.9900,1,3896
12849,2051334,corner,1,0.9900,1,3897
12850,2051476,corner,1,0.9900,1,3898
12851,2051666,corner,1,0.9900,1,3899
12852,2051820,corner,1,0.9900,1,3900
12853,2051966,corner,1,0.9900,1,3901
12854,2052111,corner,1,0.9900,1,3902
12855,2052260,corner,1,0.9900,1,3903
12856,2052402,corner,1,0.9900,1,3904
12857,2052532,corner,1,0.9900,1,3905
12858,2052679,corner,1,0.9900,1,3906
12859,2052814,corner,1,0.9900,1,3907
12860,2052970,corner,1,0.9900,1,3908
12861,2053118,corner,1,0.9900,1,3909
12862,2053294,corner,1,0.9900,1,3910
12863,2053395,corner,1,0.9900,1,3911
12864,2053535,corner,1,0.9900,1,3912
12865,2053683,corner,1,0.9900,1,3913
12866,2053833,corner,1,0.9900,1,3914
12867,2053951,corner,1,0.9900,1,3915
12868,2054052,corner,0,0.9800,1,3916
12869,2054181,corner,1,0.9800,1,3917
12870,2054338,corner,1,0.9800,1,3918
12871,2054479,corner,1,0.9800,1,3919
12872,2054615,corner,1,0.9800,1,3920
12873,2054747,corner,1,0.9800,1,3921
12874,2054883,corner,1,0.9800,1,3922
12875,2055073,corner,1,0.9800,1,3923
12876,2055211,corner,1,0.9800,1,3924
12877,2055351,corner,1,0.9800,1,3925
12878,2055492,corner,1,0.9800,1,3926
12879,2055605,corner,1,0.9800,1,3927
12880,2055762,corner,1,0.9800,1,3928
12881,2055915,corner,1,0.9900,1,3929
12882,2056063,corner,1,0.9900,1,3930
12883,2056234,corner,1,0.9900,1,3931
12884,2056351,corner,1,0.9900,1,3932
12885,2056496,corner,1,0.9900,1,3933
12886,2056603,corner,1,0.9900,1,3934
12887,2056703,corner,1,0.9900,1,3935
12888,2056853,corner,1,0.9900,1,3936
12889,2057012,corner,1,0.9900,1,3937
12890,2057150,corner,1,0.9900,1,3938
12891,2057289,corner,1,0.9900,1,3939
12892,2057423,corner,1,0.9900,1,3940
12893,2057569,corner,1,0.9900,1,3941
12894,2057711,corner,1,0.9900,1,3942
12895,2057844,corner,1,0.9900,1,3943
12896,2058022,corner,1,0.9900,1,3944
12897,2058161,corner,1,0.9900,1,3945
12898,2058307,corner,1,0.9900,1,3946
12899,2058494,corner,1,0.9900,1,3947
12900,2058634,corner,1,0.9900,1,3948
12901,2058789,corner,1,0.9900,1,3949
12902,2058931,corner,1,0.9900,1,3950
12903,2059040,corner,0,0.9800,1,3951
12904,2059169,corner,1,0.9800,1,3952
12905,2059324,corner,1,0.9800,1,3953
12906,2059462,corner,1,0.9800,1,3954
12907,2059600,corner,1,0.9800,1,3955
12908,2059753,corner,1,0.9800,1,3956
12909,2059890,corner,1,0.9800,1,3957
12910,2060039,corner,1,0.9800,1,3958
12911,2060187,corner,1,0.9800,1,3959
12912,2060293,corner,1,0.9800,1,3960
12913,2060409,corner,1,0.9800,1,3961
12914,2060552,corner,1,0.9800,1,3962
12915,2060690,corner,1,0.9800,1,3963
12916,2060842,corner,1,0.9800,1,3964
12917,2060979,corner,1,0.9800,1,3965
12918,2061121,corner,1,0.9800,1,3966
12919,2061263,corner,1,0.9800,1,3967
12920,2061406,corner,1,0.9800,1,3968
12921,2061540,corner,1,0.9800,1,3969
12922,2061686,corner,1,0.9800,1,3970
12923,2061833,corner,1,0.9800,1,3971
12924,2061959,corner,1,0.9800,1,3972
12925,2062087,corner,1,0.9800,1,3973
12926,2062215,corner,1,0.9800,1,3974
12927,2062347,corner,1,0.9800,1,3975
12928,2062467,corner,1,0.9800,1,3976
12929,2062603,corner,1,0.9800,1,3977
12930,2062745,corner,1,0.9800,1,3978
12931,2062846,corner,1,0.9800,1,3979
12932,2062984,corner,1,0.9800,1,3980
12933,2063119,corner,1,0.9800,1,3981
12934,2063271,corner,1,0.9800,1,3982
12935,2063378,corner,1,0.9800,1,3983
12936,2063514,corner,1,0.9800,1,3984
12937,2063649,corner,1,0.9800,1,3985
12938,2063750,corner,1,0.9800,1,3986
12939,2063877,corner,1,0.9800,1,3987
12940,2064012,corner,1,0.9800,1,3988
12941,2064153,corner,1,0.9800,1,3989
12942,2064303,corner,1,0.9800,1,3990
12943,2064441,corner,1,0.9800,1,3991
12944,2064555,corner,1,0.9800,1,3992
12945,2064700,corner,1,0.9800,1,3993
12946,2064900,corner,1,0.9800,1,3994
12947,2065004,corner,1,0.9800,1,3995
12948,2065109,corner,1,0.9800,1,3996
12949,2065253,corner,1,0.9800,1,3997
12950,2065403,corner,1,0.9800,1,3998
12951,2065552,corner,1,0.9800,1,3999
12952,2065729,corner,1,0.9800,1,4000
12953,2065879,corner,1,0.9800,1,4001
12954,2066020,corner,1,0.9800,1,4002
12955,2066157,corner,1,0.9800,1,4003
12956,2066289,corner,1,0.9800,1,4004
12957,2066443,corner,1,0.9800,1,4005
12958,2066581,corner,1,0.9800,1,4006
12959,2066744,corner,1,0.9800,1,4007
12960,2066893,corner,1,0.9800,1,4008
12961,2067025,corner,1,0.9800,1,4009
12962,2067175,corner,1,0.9800,1,4010
12963,2067323,corner,1,0.9800,1,4011
12964,2067462,corner,1,0.9800,1,4012
12965,2067568,corner,1,0.9800,1,4013
12966,2067728,corner,1,0.9800,1,4014
12967,2067833,corner,1,0.9800,1,4015
12968,2068002,corner,1,0.9900,1,4016
12969,2068134,corner,1,0.9900,1,4017
12970,2068260,corner,1,0.9900,1,4018
12971,2068409,corner,1,0.9900,1,4019
12972,2068565,corner,1,0.9900,1,4020
12973,2068665,corner,1,0.9900,1,4021
12974,2068776,corner,1,0.9900,1,4022
12975,2068881,corner,0,0.9800,1,4023
12976,2068995,corner,1,0.9800,1,4024
12977,2069145,corner,1,0.9800,1,4025
12978,2069294,corner,1,0.9800,1,4026
12979,2069441,corner,1,0.9800,1,4027
12980,2069633,corner,1,0.9800,1,4028
12981,2069782,corner,1,0.9800,1,4029
12982,2069916,corner,1,0.9800,1,4030
12983,2070044,corner,1,0.9800,1,4031
12984,2070179,corner,1,0.9800,1,4032
12985,2070346,corner,1,0.9800,1,4033
12986,2070481,corner,1,0.9800,1,4034
12987,2070614,corner,1,0.9800,1,4035
12988,2070773,corner,1,0.9800,1,4036
12989,2070928,corner,1,0.9800,1,4037
12990,2071084,corner,1,0.9800,1,4038
12991,2071233,corner,1,0.9800,1,4039
12992,2071378,corner,1,0.9800,1,4040
12993,2071543,corner,1,0.9800,1,4041
12994,2071699,corner,1,0.9800,1,4042
12995,2071844,corner,1,0.9800,1,4043
12996,2071991,corner,1,0.9800,1,4044
12997,2072091,corner,1,0.9800,1,4045
12998,2072235,corner,1,0.9800,1,4046
12999,2072379,corner,1,0.9800,1,4047
13000,2072530,corner,1,0.9800,1,4048
13001,2072679,corner,1,0.9800,1,4049
13002,2072821,corner,1,0.9800,1,4050
13003,2072960,corner,1,0.9900,1,4051
13004,2073093,corner,1,0.9900,1,4052
13005,2073250,corner,1,0.9900,1,4053
13006,2073360,corner,1,0.9900,1,4054
13007,2073513,corner,1,0.9900,1,4055
13008,2073630,corner,1,0.9900,1,4056
13009,2073734,corner,0,0.9800,1,4057
13010,2073864,corner,1,0.9800,1,4058
13011,2074001,corner,1,0.9800,1,4059
13012,2074203,corner,1,0.9800,1,4060
13013,2074344,corner,1,0.9800,1,4061
13014,2074477,corner,1,0.9800,1,4062
13015,2074640,corner,1,0.9800,1,4063
13016,2074797,corner,1,0.9800,1,4064
13017,2074961,corner,1,0.9800,1,4065
13018,2075107,corner,1,0.9800,1,4066
13019,2075257,corner,1,0.9800,1,4067
13020,2075386,corner,1,0.9800,1,4068
13021,2075497,corner,1,0.9800,1,4069
13022,2075645,corner,1,0.9800,1,4070
13023,2075747,corner,1,0.9800,1,4071
13024,2075884,corner,1,0.9800,1,4072
13025,2076054,corner,1,0.9800,1,4073
13026,2076201,corner,1,0.9800,1,4074
13027,2076308,corner,0,0.9700,1,4075
13028,2076443,corner,1,0.9700,1,4076
13029,2076579,corner,1,0.9700,1,4077
13030,2076771,corner,1,0.9700,1,4078
13031,2076875,corner,1,0.9700,1,4079
13032,2076986,corner,1,0.9700,1,4080
13033,2077124,corner,1,0.9700,1,4081
13034,2077279,corner,1,0.9700,1,4082
13035,2077431,corner,1,0.9700,1,4083
13036,2077562,corner,1,0.9700,1,4084
13037,2077694,corner,1,0.9700,1,4085
13038,2077827,corner,1,0.9700,1,4086
13039,2077984,corner,1,0.9700,1,4087
13040,2078096,corner,1,0.9700,1,4088
13041,2078231,corner,1,0.9700,1,4089
13042,2078382,corner,1,0.9700,1,4090
13043,2078500,corner,1,0.9700,1,4091
13044,2078672,corner,1,0.9700,1,4092
13045,2078794,corner,1,0.9700,1,4093
13046,2078933,corner,1,0.9700,1,4094
13047,2079088,corner,1,0.9700,1,4095
13048,2079198,corner,1,0.9700,1,4096
13049,2079446,corner,1,0.9700,1,4097
13050,2079581,corner,1,0.9700,1,4098
13051,2079724,corner,1,0.9700,1,4099
13052,2079863,corner,1,0.9700,1,4100
13053,2080016,corner,1,0.9700,1,4101
13054,2080151,corner,1,0.9700,1,4102
13055,2080285,corner,1,0.9700,1,4103
13056,2080453,corner,1,0.9700,1,4104
13057,2080596,corner,1,0.9700,1,4105
13058,2080713,corner,1,0.9700,1,4106
13059,2080845,corner,1,0.9700,1,4107
13060,2080987,corner,1,0.9700,1,4108
13061,2081099,corner,1,0.9700,1,4109
13062,2081244,corner,1,0.9700,1,4110
13063,2081381,corner,1,0.9700,1,4111
13064,2081565,corner,1,0.9700,1,4112
13065,2081697,corner,1,0.9700,1,4113
13066,2081833,corner,1,0.9700,1,4114
13067,2081988,corner,1,0.9700,1,4115
13068,2082134,corner,1,0.9700,1,4116
13069,2082284,corner,1,0.9700,1,4117
13070,2082398,corner,1,0.9700,1,4118
13071,2082530,corner,1,0.9700,1,4119
13072,2082679,corner,1,0.9700,1,4120
13073,2082779,corner,1,0.9700,1,4121
13074,2082922,corner,1,0.9700,1,4122
13075,2083032,corner,1,0.9800,1,4123
13076,2083158,corner,1,0.9800,1,4124
13077,2083296,corner,1,0.9800,1,4125
13078,2083399,corner,1,0.9800,1,4126
13079,2083549,corner,1,0.9800,1,4127
13080,2083689,corner,1,0.9800,1,4128
13081,2083834,corner,1,0.9800,1,4129
13082,2083976,corner,1,0.9800,1,4130
13083,2084117,corner,1,0.9800,1,4131
13084,2084267,corner,1,0.9800,1,4132
13085,2084376,corner,1,0.9800,1,4133
13086,2084510,corner,1,0.9800,1,4134
13087,2084676,corner,1,0.9800,1,4135
13088,2084829,corner,1,0.9800,1,4136
13089,2084959,corner,1,0.9800,1,4137
13090,2085127,corner,1,0.9800,1,4138
13091,2085283,corner,1,0.9800,1,4139
13092,2085389,corner,1,0.9800,1,4140
13093,2085540,corner,1,0.9800,1,4141
13094,2085684,corner,1,0.9800,1,4142
13095,2085824,corner,1,0.9800,1,4143
13096,2085965,corner,1,0.9800,1,4144
13097,2086112,corner,1,0.9800,1,4145
13098,2086247,corner,1,0.9800,1,4146
13099,2086390,corner,1,0.9800,1,4147
13100,2086499,corner,1,0.9800,1,4148
13101,2086643,corner,1,0.9800,1,4149
13102,2086789,corner,1,0.9800,1,4150
13103,2086898,corner,1,0.9800,1,4151
13104,2087037,corner,1,0.9800,1,4152
13105,2087173,corner,1,0.9800,1,4153
13106,2087329,corner,1,0.9800,1,4154
13107,2087436,corner,1,0.9800,1,4155
13108,2087600,corner,1,0.9800,1,4156
13109,2087704,corner,1,0.9900,1,4157
13110,2087841,corner,1,0.9900,1,4158
13111,2087949,corner,1,0.9900,1,4159
13112,2088085,corner,1,0.9900,1,4160
13113,2088261,corner,1,0.9900,1,4161
13114,2088396,corner,1,0.9900,1,4162
13115,2088504,corner,1,0.9900,1,4163
13116,2088651,corner,1,0.9900,1,4164
13117,2088769,corner,1,0.9900,1,4165
13118,2088908,corner,1,0.9900,1,4166
13119,2089053,corner,1,0.9900,1,4167
13120,2089159,corner,1,0.9900,1,4168
13121,2089307,corner,1,0.9900,1,4169
13122,2089445,corner,1,0.9900,1,4170
13123,2089588,corner,1,0.9900,1,4171
13124,2089746,corner,1,0.9900,1,4172
13125,2089893,corner,1,0.9900,1,4173
13126,2090030,corner,1,0.9900,1,4174
13127,2090178,corner,1,1.0000,1,4175
13128,2090311,corner,1,1.0000,1,4176
13129,2090418,corner,1,1.0000,1,4177
13130,2090595,corner,1,1.0000,1,4178
13131,2090731,corner,1,1.0000,1,4179
13132,2090828,corner,1,1.0000,1,4180
13133,2090931,corner,1,1.0000,1,4181
13134,2091096,corner,1,1.0000,1,4182
13135,2091227,corner,1,1.0000,1,4183
13136,2091338,corner,1,1.0000,1,4184
13137,2091484,corner,1,1.0000,1,4185
13138,2091590,corner,1,1.0000,1,4186
13139,2091733,corner,1,1.0000,1,4187
13140,2091881,corner,1,1.0000,1,4188
13141,2092030,corner,1,1.0000,1,4189
13142,2092168,corner,1,1.0000,1,4190
13143,2092305,corner,1,1.0000,1,4191
13144,2092448,corner,1,1.0000,1,4192
13145,2092563,corner,1,1.0000,1,4193
13146,2092695,corner,1,1.0000,1,4194
13147,2092826,corner,1,1.0000,1,4195
13148,2092965,corner,1,1.0000,1,4196
13149,2093113,corner,1,1.0000,1,4197
13150,2093217,corner,0,0.9900,1,4198
13151,2093347,corner,1,0.9900,1,4199
13152,2093481,corner,1,0.9900,1,4200
13153,2093587,corner,1,0.9900,1,4201
13154,2093720,corner,1,0.9900,1,4202
13155,2093856,corner,1,0.9900,1,4203
13156,2093997,corner,1,0.9900,1,4204
13157,2094135,corner,1,0.9900,1,4205
13158,2094271,corner,1,0.9900,1,4206
13159,2094416,corner,1,0.9900,1,4207
13160,2094553,corner,1,0.9900,1,4208
13161,2094659,corner,1,0.9900,1,4209
13162,2094814,corner,1,0.9900,1,4210
13163,2094972,corner,1,0.9900,1,4211
13164,2095124,corner,1,0.9900,1,4212
13165,2095264,corner,1,0.9900,1,4213
13166,2095424,corner,1,0.9900,1,4214
13167,2095560,corner,1,0.9900,1,4215
13168,2095714,corner,1,0.9900,1,4216
13169,2095849,corner,1,0.9900,1,4217
13170,2095979,corner,1,0.9900,1,4218
13171,2096107,corner,1,0.9900,1,4219
13172,2096239,corner,1,0.9900,1,4220
13173,2096397,corner,1,0.9900,1,4221
13174,2096540,corner,1,0.9900,1,4222
13175,2096879,corner,1,0.9900,1,4223
13176,2097024,corner,1,0.9900,1,4224
13177,2097128,corner,1,0.9900,1,4225
13178,2097236,corner,1,0.9900,1,4226
13179,2097369,corner,1,0.9900,1,4227
13180,2097551,corner,1,0.9900,1,4228
13181,2097659,corner,1,0.9900,1,4229
13182,2097770,corner,1,0.9900,1,4230
13183,2097890,corner,1,0.9900,1,4231
13184,2098032,corner,1,0.9900,1,4232
13185,2098164,corner,1,0.9900,1,4233
13186,2098294,corner,1,0.9900,1,4234
13187,2098401,corner,1,0.9900,1,4235
13188,2098534,corner,1,0.9900,1,4236
13189,2098682,corner,1,0.9900,1,4237
13190,2098784,corner,0,0.9800,1,4238
13191,2098925,corner,1,0.9800,1,4239
13192,2099058,corner,1,0.9800,1,4240
13193,2099210,corner,1,0.9800,1,4241
13194,2099350,corner,1,0.9800,1,4242
13195,2099490,corner,1,0.9800,1,4243
13196,2099615,corner,1,0.9800,1,4244
13197,2099751,corner,1,0.9800,1,4245
13198,2099860,corner,1,0.9800,1,4246
13199,2100050,corner,1,0.9800,1,4247
13200,2100207,corner,1,0.9800,1,4248
13201,2100310,corner,1,0.9800,1,4249
13202,2100424,corner,1,0.9800,1,4250
13203,2100570,corner,1,0.9800,1,4251
13204,2100712,corner,1,0.9800,1,4252
13205,2100816,corner,1,0.9800,1,4253
13206,2100947,corner,1,0.9800,1,4254
13207,2101117,corner,1,0.9800,1,4255
13208,2101255,corner,1,0.9800,1,4256
13209,2101361,corner,1,0.9800,1,4257
13210,2101462,corner,1,0.9800,1,4258
13211,2101566,corner,0,0.9700,1,4259
13212,2101699,corner,1,0.9700,1,4260
13213,2101808,corner,1,0.9700,1,4261
13214,2102076,corner,1,0.9700,1,4262
13215,2102182,corner,1,0.9700,1,4263
13216,2102295,corner,1,0.9700,1,4264
13217,2102441,corner,1,0.9700,1,4265
13218,2102576,corner,1,0.9700,1,4266
13219,2102719,corner,1,0.9700,1,4267
13220,2102831,corner,1,0.9700,1,4268
13221,2102972,corner,1,0.9700,1,4269
13222,2103105,corner,1,0.9700,1,4270
13223,2103263,corner,1,0.9700,1,4271
13224,2103412,corner,1,0.9700,1,4272
13225,2103519,corner,1,0.9700,1,4273
13226,2103724,corner,1,0.9700,1,4274
13227,2103872,corner,1,0.9700,1,4275
13228,2104063,corner,1,0.9700,1,4276
13229,2104229,corner,1,0.9700,1,4277
13230,2104340,corner,1,0.9700,1,4278
13231,2104449,corner,1,0.9700,1,4279
13232,2104553,corner,1,0.9700,1,4280
13233,2104688,corner,1,0.9700,1,4281
13234,2104791,corner,1,0.9700,1,4282
13235,2105111,corner,1,0.9700,1,4283
13236,2105250,corner,1,0.9700,1,4284
13237,2105393,corner,1,0.9700,1,4285
13238,2105525,corner,1,0.9700,1,4286
13239,2105680,corner,1,0.9700,1,4287
13240,2105831,corner,1,0.9700,1,4288
13241,2105937,corner,1,0.9700,1,4289
13242,2106069,corner,1,0.9700,1,4290
13243,2106173,corner,1,0.9700,1,4291
13244,2106316,corner,1,0.9700,1,4292
13245,2106484,corner,1,0.9700,1,4293
13246,2106622,corner,1,0.9700,1,4294
13247,2106760,corner,1,0.9700,1,4295
13248,2106900,corner,1,0.9700,1,4296
13249,2107018,corner,1,0.9700,1,4297
13250,2107168,corner,1,0.9800,1,4298
13251,2107274,corner,1,0.9800,1,4299
13252,2107416,corner,1,0.9800,1,4300
13253,2107551,corner,1,0.9800,1,4301
13254,2107708,corner,1,0.9800,1,4302
13255,2107860,corner,1,0.9800,1,4303
13256,2107988,corner,1,0.9800,1,4304
13257,2108108,corner,1,0.9800,1,4305
13258,2108241,corner,1,0.9800,1,4306
13259,2108391,corner,1,0.9800,1,4307
13260,2108621,corner,1,0.9800,1,4308
13261,2108732,corner,1,0.9800,1,4309
13262,2108843,corner,1,0.9800,1,4310
13263,2108949,corner,0,0.9700,1,4311
13264,2109094,corner,1,0.9700,1,4312
13265,2109243,corner,1,0.9700,1,4313
13266,2109351,corner,1,0.9700,1,4314
13267,2109501,corner,1,0.9700,1,4315
13268,2109606,corner,1,0.9700,1,4316
13269,2109772,corner,1,0.9700,1,4317
13270,2109944,corner,1,0.9700,1,4318
13271,2110090,corner,1,0.9700,1,4319
13272,2110224,corner,1,0.9700,1,4320
13273,2110368,corner,1,0.9700,1,4321
13274,2110496,corner,1,0.9700,1,4322
13275,2110656,corner,1,0.9700,1,4323
13276,2110818,corner,1,0.9700,1,4324
13277,2110959,corner,1,0.9700,1,4325
13278,2111060,corner,1,0.9700,1,4326
13279,2111203,corner,1,0.9700,1,4327
13280,2111308,corner,1,0.9700,1,4328
13281,2111447,corner,1,0.9700,1,4329
13282,2111598,corner,1,0.9700,1,4330
13283,2111736,corner,1,0.9700,1,4331
13284,2111882,corner,1,0.9700,1,4332
13285,2112031,corner,1,0.9700,1,4333
13286,2112167,corner,1,0.9700,1,4334
13287,2112328,corner,1,0.9700,1,4335
13288,2112433,corner,1,0.9700,1,4336
13289,2112550,corner,1,0.9700,1,4337
13290,2112698,corner,1,0.9800,1,4338
13291,2112837,corner,1,0.9800,1,4339
13292,2112959,corner,1,0.9800,1,4340
13293,2113097,corner,1,0.9800,1,4341
13294,2113434,corner,1,0.9800,1,4342
13295,2113566,corner,1,0.9800,1,4343
13296,2113701,corner,1,0.9800,1,4344
13297,2113805,corner,1,0.9800,1,4345
13298,2113965,corner,1,0.9800,1,4346
13299,2114106,corner,1,0.9800,1,4347
13300,2114266,corner,1,0.9800,1,4348
13301,2114398,corner,1,0.9800,1,4349
13302,2114545,corner,1,0.9800,1,4350
13303,2114664,corner,1,0.9800,1,4351
13304,2114807,corner,1,0.9800,1,4352
13305,2114962,corner,1,0.9800,1,4353
13306,2115099,corner,1,0.9800,1,4354
13307,2115237,corner,1,0.9800,1,4355
13308,2115355,corner,1,0.9800,1,4356
13309,2115461,corner,1,0.9800,1,4357
13310,2115570,corner,1,0.9800,1,4358
13311,2115701,corner,1,0.9900,1,4359
13312,2115860,corner,1,0.9900,1,4360
13313,2116038,corner,1,0.9900,1,4361
13314,2116147,corner,1,0.9900,1,4362
13315,2116292,corner,1,0.9900,1,4363
13316,2116424,corner,1,0.9900,1,4364
13317,2116565,corner,1,0.9900,1,4365
13318,2116673,corner,1,0.9900,1,4366
13319,2116815,corner,1,0.9900,1,4367
13320,2116988,corner,1,0.9900,1,4368
13321,2117152,corner,1,0.9900,1,4369
13322,2117295,corner,1,0.9900,1,4370
13323,2117409,corner,1,0.9900,1,4371
13324,2117509,corner,0,0.9800,1,4372
13325,2117656,corner,1,0.9800,1,4373
13326,2117818,corner,1,0.9800,1,4374
13327,2117932,corner,1,0.9800,1,4375
13328,2118067,corner,1,0.9800,1,4376
13329,2118207,corner,1,0.9800,1,4377
13330,2118343,corner,1,0.9800,1,4378
13331,2118455,corner,1,0.9800,1,4379
13332,2118593,corner,1,0.9800,1,4380
13333,2118738,corner,1,0.9800,1,4381
13334,2118918,corner,1,0.9800,1,4382
13335,2119054,corner,1,0.9800,1,4383
13336,2119190,corner,1,0.9800,1,4384
13337,2119337,corner,1,0.9800,1,4385
13338,2119495,corner,1,0.9800,1,4386
13339,2119630,corner,1,0.9800,1,4387
13340,2119775,corner,1,0.9800,1,4388
13341,2119927,corner,1,0.9800,1,4389
13342,2120071,corner,1,0.9800,1,4390
13343,2120205,corner,1,0.9800,1,4391
13344,2120362,corner,1,0.9800,1,4392
13345,2120514,corner,1,0.9800,1,4393
13346,2120651,corner,1,0.9800,1,4394
13347,2120788,corner,1,0.9800,1,4395
13348,2120947,corner,1,0.9800,1,4396
13349,2121053,corner,1,0.9800,1,4397
13350,2121184,corner,1,0.9800,1,4398
13351,2121338,corner,1,0.9800,1,4399
13352,2121482,corner,1,0.9800,1,4400
13353,2121621,corner,1,0.9800,1,4401
13354,2121785,corner,1,0.9800,1,4402
13355,2121932,corner,1,0.9800,1,4403
13356,2122123,corner,1,0.9800,1,4404
13357,2122262,corner,1,0.9800,1,4405
13358,2122401,corner,1,0.9800,1,4406
13359,2122549,corner,1,0.9800,1,4407
13360,2122682,corner,1,0.9800,1,4408
13361,2122961,corner,0,0.9700,1,4409
13362,2123104,corner,1,0.9700,1,4410
13363,2123244,corner,1,0.9800,1,4411
13364,2123367,corner,1,0.9800,1,4412
13365,2123508,corner,1,0.9800,1,4413
13366,2123667,corner,1,0.9800,1,4414
13367,2123809,corner,1,0.9800,1,4415
13368,2123954,corner,1,0.9800,1,4416
13369,2124108,corner,1,0.9800,1,4417
13370,2124315,corner,1,0.9800,1,4418
13371,2124462,corner,1,0.9800,1,4419
13372,2124614,corner,1,0.9800,1,4420
13373,2124964,corner,1,0.9800,1,4421
13374,2125075,corner,1,0.9800,1,4422
13375,2125285,corner,1,0.9800,1,4423
13376,2125437,corner,1,0.9800,1,4424
13377,2125541,corner,1,0.9800,1,4425
13378,2125689,corner,1,0.9800,1,4426
13379,2125805,corner,1,0.9800,1,4427
13380,2125945,corner,1,0.9800,1,4428
13381,2126078,corner,1,0.9800,1,4429
13382,2126212,corner,1,0.9800,1,4430
13383,2126321,corner,1,0.9800,1,4431
13384,2126475,corner,1,0.9800,1,4432
13385,2126621,corner,1,0.9800,1,4433
13386,2127973,corner,1,0.9800,1,4434
13387,2128108,corner,1,0.9800,1,4435
13388,2128224,corner,1,0.9800,1,4436
13389,2128357,corner,1,0.9800,1,4437
13390,2128466,corner,1,0.9800,1,4438
13391,2128567,corner,1,0.9800,1,4439
13392,2128719,corner,1,0.9800,1,4440
13393,2128870,corner,1,0.9800,1,4441
13394,2129098,corner,1,0.9800,1,4442
13395,2129232,corner,1,0.9800,1,4443
13396,2129381,corner,1,0.9800,1,4444
13397,2129523,corner,1,0.9800,1,4445
13398,2129681,corner,1,0.9800,1,4446
13399,2129795,corner,1,0.9800,1,4447
13400,2129931,corner,1,0.9800,1,4448
13401,2130074,corner,1,0.9800,1,4449
13402,2131426,corner,1,0.9800,1,4450
13403,2131568,corner,1,0.9800,1,4451
13404,2131731,corner,1,0.9800,1,4452
13405,2131897,corner,1,0.9800,1,4453
13406,2132036,corner,1,0.9800,1,4454
13407,2132197,corner,1,0.9800,1,4455
13408,2132330,corner,1,0.9800,1,4456
13409,2132492,corner,1,0.9800,1,4457
13410,2132640,corner,1,0.9800,1,4458
13411,2132783,corner,1,0.9800,1,4459
13412,2132932,corner,1,0.9800,1,4460
13413,2133043,corner,1,0.9800,1,4461
13414,2133190,corner,1,0.9800,1,4462
13415,2133339,corner,1,0.9800,1,4463
13416,2133521,corner,1,0.9800,1,4464
13417,2133676,corner,1,0.9800,1,4465
13418,2133825,corner,1,0.9800,1,4466
13419,2133941,corner,1,0.9800,1,4467
13420,2134093,corner,1,0.9800,1,4468
13421,2134239,corner,1,0.9800,1,4469
13422,2134396,corner,1,0.9800,1,4470
13423,2134553,corner,1,0.9800,1,4471
13424,2134664,corner,1,0.9900,1,4472
13425,2134882,corner,1,0.9900,1,4473
13426,2135016,corner,1,0.9900,1,4474
13427,2135185,corner,1,0.9900,1,4475
13428,2135335,corner,1,0.9900,1,4476
13429,2135502,corner,1,0.9900,1,4477
13430,2135653,corner,1,0.9900,1,4478
13431,2135798,corner,1,0.9900,1,4479
13432,2135944,corner,1,0.9900,1,4480
13433,2136142,corner,1,0.9900,1,4481
13434,2136259,corner,1,0.9900,1,4482
13435,2136364,corner,1,0.9900,1,4483
13436,2136482,corner,1,0.9900,1,4484
13437,2136625,corner,1,0.9900,1,4485
13438,2136796,corner,1,0.9900,1,4486
13439,2136924,corner,1,0.9900,1,4487
13440,2137080,corner,1,0.9900,1,4488
13441,2137230,corner,1,0.9900,1,4489
13442,2137393,corner,1,0.9900,1,4490
13443,2137534,corner,1,0.9900,1,4491
13444,2137663,corner,1,0.9900,1,4492
13445,2137768,corner,1,0.9900,1,4493
13446,2137914,corner,1,0.9900,1,4494
13447,2138123,corner,1,0.9900,1,4495
13448,2138286,corner,1,0.9900,1,4496
13449,2138451,corner,1,0.9900,1,4497
13450,2138588,corner,1,0.9900,1,4498
13451,2138732,corner,1,0.9900,1,4499
13452,2138835,corner,1,0.9900,1,4500
13453,2138984,corner,1,0.9900,1,4501
13454,2139126,corner,1,0.9900,1,4502
13455,2139270,corner,1,0.9900,1,4503
13456,2139410,corner,1,0.9900,1,4504
13457,2139603,corner,1,0.9900,1,4505
13458,2139745,corner,1,0.9900,1,4506
13459,2139882,corner,1,0.9900,1,4507
13460,2140031,corner,1,0.9900,1,4508
13461,2140165,corner,1,1.0000,1,4509
13462,2140310,corner,1,1.0000,1,4510
13463,2140487,corner,1,1.0000,1,4511
13464,2140592,corner,1,1.0000,1,4512
13465,2140743,corner,1,1.0000,1,4513
13466,2140875,corner,1,1.0000,1,4514
13467,2141032,corner,1,1.0000,1,4515
13468,2141172,corner,1,1.0000,1,4516
13469,2141321,corner,1,1.0000,1,4517
13470,2141426,corner,1,1.0000,1,4518
13471,2141540,corner,1,1.0000,1,4519
13472,2141697,corner,1,1.0000,1,4520
13473,2141860,corner,1,1.0000,1,4521
13474,2142009,corner,1,1.0000,1,4522
13475,2142144,corner,1,1.0000,1,4523
13476,2142251,corner,0,0.9900,1,4524
13477,2142385,corner,1,0.9900,1,4525
13478,2142518,corner,1,0.9900,1,4526
13479,2142662,corner,1,0.9900,1,4527
13480,2142797,corner,1,0.9900,1,4528
13481,2142938,corner,1,0.9900,1,4529
13482,2143097,corner,1,0.9900,1,4530
13483,2143238,corner,1,0.9900,1,4531
13484,2144590,corner,1,0.9900,1,4532
13485,2144769,corner,1,0.9900,1,4533
13486,2144967,corner,1,0.9900,1,4534
13487,2145076,corner,1,0.9900,1,4535
13488,2145217,corner,1,0.9900,1,4536
13489,2145354,corner,1,0.9900,1,4537
13490,2145501,corner,1,0.9900,1,4538
13491,2145677,corner,1,0.9900,1,4539
13492,2145785,corner,1,0.9900,1,4540
13493,2145910,corner,1,0.9900,1,4541
13494,2146046,corner,1,0.9900,1,4542
13495,2146149,corner,1,0.9900,1,4543
13496,2146302,corner,1,0.9900,1,4544
13497,2146446,corner,1,0.9900,1,4545
13498,2146556,corner,1,0.9900,1,4546
13499,2146685,corner,1,0.9900,1,4547
13500,2146826,corner,1,0.9900,1,4548
13501,2146938,corner,1,0.9900,1,4549
13502,2147046,corner,1,0.9900,1,4550
13503,2147154,corner,1,0.9900,1,4551
13504,2147263,corner,1,0.9900,1,4552
13505,2147396,corner,1,0.9900,1,4553
13506,2147505,corner,1,0.9900,1,4554
13507,2147647,corner,1,0.9900,1,4555
13508,2147785,corner,1,0.9900,1,4556
13509,2147923,corner,1,0.9900,1,4557
13510,2148063,corner,1,0.9900,1,4558
13511,2148175,corner,1,0.9900,1,4559
13512,2148391,corner,1,0.9900,1,4560
13513,2148535,corner,1,0.9900,1,4561
13514,2148639,corner,1,0.9900,1,4562
13515,2148780,corner,1,0.9900,1,4563
13516,2148945,corner,1,0.9900,1,4564
13517,2149082,corner,1,0.9900,1,4565
13518,2149214,corner,1,0.9900,1,4566
13519,2149366,corner,1,0.9900,1,4567
13520,2149475,corner,1,0.9900,1,4568
13521,2149590,corner,1,0.9900,1,4569
13522,2149746,corner,1,0.9900,1,4570
13523,2149918,corner,1,0.9900,1,4571
13524,2150055,corner,1,0.9900,1,4572
13525,2150192,corner,1,0.9900,1,4573
13526,2150333,corner,1,0.9900,1,4574
13527,2150437,corner,1,0.9900,1,4575
13528,2150569,corner,1,0.9900,1,4576
13529,2150710,corner,1,0.9900,1,4577
13530,2150852,corner,1,0.9900,1,4578
13531,2150991,corner,1,0.9900,1,4579
13532,2151136,corner,1,0.9900,1,4580
13533,2151292,corner,1,0.9900,1,4581
13534,2151418,corner,1,0.9900,1,4582
13535,2151560,corner,1,0.9900,1,4583
13536,2151725,corner,1,0.9900,1,4584
13537,2151871,corner,1,0.9900,1,4585
13538,2152177,corner,0,0.9800,1,4586
13539,2152313,corner,1,0.9800,1,4587
13540,2152465,corner,1,0.9800,1,4588
13541,2152598,corner,1,0.9800,1,4589
13542,2152768,corner,1,0.9800,1,4590
13543,2152877,corner,1,0.9800,1,4591
13544,2153025,corner,1,0.9800,1,4592
13545,2153173,corner,1,0.9800,1,4593
13546,2153313,corner,1,0.9800,1,4594
13547,2153447,corner,1,0.9800,1,4595
13548,2153593,corner,1,0.9800,1,4596
13549,2153711,corner,1,0.9800,1,4597
13550,2153852,corner,1,0.9800,1,4598
13551,2153968,corner,1,0.9800,1,4599
13552,2154136,corner,1,0.9800,1,4600
13553,2154323,corner,1,0.9800,1,4601
13554,2154473,corner,1,0.9800,1,4602
13555,2154633,corner,1,0.9800,1,4603
13556,2154769,corner,1,0.9800,1,4604
13557,2154929,corner,1,0.9800,1,4605
13558,2155061,corner,1,0.9800,1,4606
13559,2155197,corner,1,0.9800,1,4607
13560,2155348,corner,1,0.9800,1,4608
13561,2155493,corner,1,0.9800,1,4609
13562,2155644,corner,1,0.9800,1,4610
13563,2155743,corner,1,0.9800,1,4611
13564,2155886,corner,1,0.9800,1,4612
13565,2156030,corner,1,0.9800,1,4613
13566,2156133,corner,0,0.9700,1,4614
13567,2156276,corner,1,0.9700,1,4615
13568,2156413,corner,1,0.9700,1,4616
13569,2156565,corner,1,0.9700,1,4617
13570,2156717,corner,1,0.9700,1,4618
13571,2156854,corner,1,0.9700,1,4619
13572,2157001,corner,1,0.9700,1,4620
13573,2157152,corner,1,0.9700,1,4621
13574,2157325,corner,1,0.9700,1,4622
13575,2157492,corner,1,0.9700,1,4623
13576,2157668,corner,1,0.9800,1,4624
13577,2157807,corner,1,0.9800,1,4625
13578,2157998,corner,1,0.9800,1,4626
13579,2158110,corner,1,0.9800,1,4627
13580,2158249,corner,1,0.9800,1,4628
13581,2158348,corner,0,0.9700,1,4629
13582,2158454,corner,1,0.9700,1,4630
13583,2158613,corner,1,0.9700,1,4631
13584,2158795,corner,1,0.9700,1,4632
13585,2158922,corner,1,0.9700,1,4633
13586,2159066,corner,1,0.9700,1,4634
13587,2159178,corner,1,0.9700,1,4635
13588,2159326,corner,1,0.9700,1,4636
13589,2159470,corner,1,0.9700,1,4637
13590,2159623,corner,1,0.9700,1,4638
13591,2159776,corner,1,0.9700,1,4639
13592,2159940,corner,1,0.9700,1,4640
13593,2160094,corner,1,0.9700,1,4641
13594,2160267,corner,1,0.9700,1,4642
13595,2160415,corner,1,0.9700,1,4643
13596,2160571,corner,1,0.9700,1,4644
13597,2160717,corner,1,0.9700,1,4645
13598,2160851,corner,1,0.9700,1,4646
13599,2161017,corner,1,0.9700,1,4647
13600,2161175,corner,1,0.9700,1,4648
13601,2161317,corner,1,0.9700,1,4649
13602,2161455,corner,1,0.9700,1,4650
13603,2161613,corner,1,0.9700,1,4651
13604,2161763,corner,1,0.9700,1,4652
13605,2161899,corner,1,0.9700,1,4653
13606,2162017,corner,1,0.9700,1,4654
13607,2162205,corner,1,0.9700,1,4655
13608,2162445,corner,1,0.9700,1,4656
13609,2162596,corner,1,0.9700,1,4657
13610,2162747,corner,1,0.9700,1,4658
13611,2162918,corner,1,0.9700,1,4659
13612,2163076,corner,1,0.9700,1,4660
13613,2163213,corner,1,0.9700,1,4661
13614,2163351,corner,1,0.9700,1,4662
13615,2163520,corner,1,0.9700,1,4663
13616,2163653,corner,1,0.9700,1,4664
13617,2163794,corner,1,0.9700,1,4665
13618,2163946,corner,1,0.9700,1,4666
13619,2164105,corner,1,0.9700,1,4667
13620,2164242,corner,1,0.9700,1,4668
13621,2164375,corner,1,0.9700,1,4669
13622,2164532,corner,1,0.9700,1,4670
13623,2164672,corner,1,0.9700,1,4671
13624,2164810,corner,1,0.9700,1,4672
13625,2164966,corner,1,0.9700,1,4673
13626,2165124,corner,1,0.9700,1,4674
13627,2165265,corner,1,0.9700,1,4675
13628,2165366,corner,1,0.9700,1,4676
13629,2165505,corner,1,0.9700,1,4677
13630,2165664,corner,1,0.9700,1,4678
13631,2165830,corner,1,0.9700,1,4679
13632,2166007,corner,1,0.9700,1,4680
13633,2166163,corner,1,0.9700,1,4681
13634,2166273,corner,1,0.9700,1,4682
13635,2166411,corner,1,0.9700,1,4683
13636,2166553,corner,1,0.9700,1,4684
13637,2166715,corner,1,0.9700,1,4685
13638,2166895,corner,1,0.9800,1,4686
13639,2167036,corner,1,0.9800,1,4687
13640,2167189,corner,1,0.9800,1,4688
13641,2167320,corner,1,0.9800,1,4689
13642,2167455,corner,1,0.9800,1,4690
13643,2167562,corner,1,0.9800,1,4691
13644,2167669,corner,1,0.9800,1,4692
13645,2167835,corner,1,0.9800,1,4693
13646,2167971,corner,1,0.9800,1,4694
13647,2168121,corner,1,0.9800,1,4695
13648,2168260,corner,1,0.9800,1,4696
13649,2168367,corner,1,0.9800,1,4697
13650,2168583,corner,1,0.9800,1,4698
13651,2168746,corner,1,0.9800,1,4699
13652,2168856,corner,1,0.9800,1,4700
13653,2168971,corner,1,0.9800,1,4701
13654,2169107,corner,1,0.9800,1,4702
13655,2169244,corner,1,0.9800,1,4703
13656,2169384,corner,1,0.9800,1,4704
13657,2169528,corner,1,0.9800,1,4705
13658,2169680,corner,1,0.9800,1,4706
13659,2169788,corner,1,0.9800,1,4707
13660,2169923,corner,1,0.9800,1,4708
13661,2170057,corner,1,0.9800,1,4709
13662,2170185,corner,1,0.9800,1,4710
13663,2170314,corner,1,0.9800,1,4711
13664,2170474,corner,1,0.9800,1,4712
13665,2170622,corner,1,0.9800,1,4713
13666,2170790,corner,1,0.9900,1,4714
13667,2170933,corner,1,0.9900,1,4715
13668,2171072,corner,1,0.9900,1,4716
13669,2171211,corner,1,0.9900,1,4717
13670,2171361,corner,1,0.9900,1,4718
13671,2171514,corner,1,0.9900,1,4719
13672,2171655,corner,1,0.9900,1,4720
13673,2171820,corner,1,0.9900,1,4721
13674,2171965,corner,1,0.9900,1,4722
13675,2172104,corner,1,0.9900,1,4723
13676,2172254,corner,1,0.9900,1,4724
13677,2172392,corner,1,0.9900,1,4725
13678,2172558,corner,1,0.9900,1,4726
13679,2172694,corner,1,0.9900,1,4727
13680,2172846,corner,1,0.9900,1,4728
13681,2172968,corner,1,1.0000,1,4729
13682,2173113,corner,1,1.0000,1,4730
13683,2173250,corner,1,1.0000,1,4731
13684,2173398,corner,1,1.0000,1,4732
13685,2173543,corner,1,1.0000,1,4733
13686,2173668,corner,1,1.0000,1,4734
13687,2173819,corner,1,1.0000,1,4735
13688,2173953,corner,1,1.0000,1,4736
13689,2174104,corner,1,1.0000,1,4737
13690,2174219,corner,1,1.0000,1,4738
13691,2174352,corner,1,1.0000,1,4739
13692,2174512,corner,1,1.0000,1,4740
13693,2174650,corner,1,1.0000,1,4741
13694,2174772,corner,1,1.0000,1,4742
13695,2174910,corner,1,1.0000,1,4743
13696,2175022,corner,1,1.0000,1,4744
13697,2175165,corner,1,1.0000,1,4745
13698,2175325,corner,1,1.0000,1,4746
13699,2175467,corner,1,1.0000,1,4747
13700,2175613,corner,1,1.0000,1,4748
13701,2175961,corner,1,1.0000,1,4749
13702,2176107,corner,1,1.0000,1,4750
13703,2176217,corner,0,0.9900,1,4751
13704,2176406,corner,1,0.9900,1,4752
13705,2176514,corner,1,0.9900,1,4753
13706,2176655,corner,1,0.9900,1,4754
13707,2176815,corner,1,0.9900,1,4755
13708,2176952,corner,1,0.9900,1,4756
13709,2177110,corner,1,0.9900,1,4757
13710,2177254,corner,1,0.9900,1,4758
13711,2177397,corner,1,0.9900,1,4759
13712,2177535,corner,1,0.9900,1,4760
13713,2177688,corner,1,0.9900,1,4761
13714,2177801,corner,1,0.9900,1,4762
13715,2177938,corner,1,0.9900,1,4763
13716,2178073,corner,1,0.9900,1,4764
13717,2178183,corner,1,0.9900,1,4765
13718,2178322,corner,1,0.9900,1,4766
13719,2178484,corner,1,0.9900,1,4767
13720,2178636,corner,1,0.9900,1,4768
13721,2178788,corner,1,0.9900,1,4769
13722,2178933,corner,1,0.9900,1,4770
13723,2179074,corner,1,0.9900,1,4771
13724,2179185,corner,1,0.9900,1,4772
13725,2179335,corner,1,0.9900,1,4773
13726,2179477,corner,1,0.9900,1,4774
13727,2179620,corner,1,0.9900,1,4775
13728,2179762,corner,1,0.9900,1,4776
13729,2179897,corner,1,0.9900,1,4777
13730,2180048,corner,1,0.9900,1,4778
13731,2180172,corner,1,0.9900,1,4779
13732,2180276,corner,1,0.9900,1,4780
13733,2180372,corner,0,0.9800,1,4781
13734,2180507,corner,1,0.9800,1,4782
13735,2180656,corner,1,0.9800,1,4783
13736,2180763,corner,1,0.9800,1,4784
13737,2180903,corner,1,0.9800,1,4785
13738,2181041,corner,1,0.9800,1,4786
13739,2181201,corner,1,0.9800,1,4787
13740,2181343,corner,1,0.9800,1,4788
13741,2181476,corner,1,0.9800,1,4789
13742,2181661,corner,1,0.9800,1,4790
13743,2181764,corner,0,0.9700,1,4791
13744,2181866,corner,1,0.9700,1,4792
13745,2181973,corner,1,0.9700,1,4793
13746,2182083,corner,1,0.9700,1,4794
13747,2182229,corner,1,0.9700,1,4795
13748,2182362,corner,1,0.9700,1,4796
13749,2182476,corner,1,0.9700,1,4797
13750,2182616,corner,1,0.9700,1,4798
13751,2182727,corner,1,0.9700,1,4799
13752,2182902,corner,1,0.9700,1,4800
13753,2183014,corner,1,0.9700,1,4801
13754,2183123,corner,1,0.9700,1,4802
13755,2183275,corner,1,0.9700,1,4803
13756,2183539,corner,1,0.9700,1,4804
13757,2183651,corner,1,0.9700,1,4805
13758,2183769,corner,1,0.9700,1,4806
13759,2183914,corner,1,0.9700,1,4807
13760,2184062,corner,1,0.9700,1,4808
13761,2184198,corner,1,0.9700,1,4809
13762,2184371,corner,1,0.9700,1,4810
13763,2184526,corner,1,0.9700,1,4811
13764,2184631,corner,1,0.9700,1,4812
13765,2184789,corner,1,0.9700,1,4813
13766,2184939,corner,1,0.9700,1,4814
13767,2185150,corner,1,0.9700,1,4815
13768,2185255,corner,0,0.9600,1,4816
13769,2185388,corner,1,0.9600,1,4817
13770,2185538,corner,1,0.9600,1,4818
13771,2185668,corner,1,0.9600,1,4819
13772,2186001,corner,1,0.9600,1,4820
13773,2186178,corner,1,0.9600,1,4821
13774,2186335,corner,1,0.9600,1,4822
13775,2186499,corner,1,0.9600,1,4823
13776,2186602,corner,1,0.9600,1,4824
13777,2186753,corner,1,0.9600,1,4825
13778,2186908,corner,1,0.9600,1,4826
13779,2187018,corner,1,0.9600,1,4827
13780,2187153,corner,1,0.9600,1,4828
13781,2187256,corner,1,0.9600,1,4829
13782,2187359,corner,1,0.9600,1,4830
13783,2187503,corner,1,0.9600,1,4831
13784,2187640,corner,1,0.9600,1,4832
13785,2187757,corner,1,0.9600,1,4833
13786,2187905,corner,1,0.9600,1,4834
13787,2188059,corner,1,0.9600,1,4835
13788,2188168,corner,1,0.9600,1,4836
13789,2188281,corner,1,0.9600,1,4837
13790,2188418,corner,1,0.9600,1,4838
13791,2188561,corner,1,0.9600,1,4839
13792,2188730,corner,1,0.9600,1,4840
13793,2188865,corner,1,0.9600,1,4841
13794,2189015,corner,1,0.9600,1,4842
13795,2189154,corner,1,0.9600,1,4843
13796,2189292,corner,1,0.9600,1,4844
13797,2189439,corner,1,0.9600,1,4845
13798,2189587,corner,1,0.9600,1,4846
13799,2189770,corner,1,0.9600,1,4847
13800,2189936,corner,1,0.9600,1,4848
13801,2190076,corner,1,0.9600,1,4849
13802,2190185,corner,0,0.9500,1,4850
13803,2190333,corner,1,0.9600,1,4851
13804,2190482,corner,1,0.9600,1,4852
13805,2190624,corner,1,0.9600,1,4853
13806,2190815,corner,1,0.9600,1,4854
13807,2190966,corner,1,0.9600,1,4855
13808,2191094,corner,1,0.9600,1,4856
13809,2191274,corner,1,0.9600,1,4857
13810,2191424,corner,1,0.9600,1,4858
13811,2191565,corner,1,0.9600,1,4859
13812,2191714,corner,1,0.9600,1,4860
13813,2191866,corner,1,0.9600,1,4861
13814,2192007,corner,1,0.9600,1,4862
13815,2192159,corner,1,0.9600,1,4863
13816,2192265,corner,1,0.9600,1,4864
13817,2192407,corner,1,0.9600,1,4865
13818,2192526,corner,1,0.9600,1,4866
13819,2192658,corner,1,0.9600,1,4867
13820,2192847,corner,1,0.9600,1,4868
13821,2193002,corner,1,0.9600,1,4869
13822,2193116,corner,1,0.9600,1,4870
13823,2193275,corner,1,0.9600,1,4871
13824,2193421,corner,1,0.9600,1,4872
13825,2193534,corner,0,0.9500,1,4873
13826,2193667,corner,1,0.9500,1,4874
13827,2193815,corner,1,0.9500,1,4875
13828,2193949,corner,1,0.9500,1,4876
13829,2194102,corner,1,0.9500,1,4877
13830,2194337,corner,1,0.9500,1,4878
13831,2194442,corner,1,0.9500,1,4879
13832,2194588,corner,1,0.9500,1,4880
13833,2194758,corner,1,0.9600,1,4881
13834,2194930,corner,1,0.9600,1,4882
13835,2195076,corner,1,0.9600,1,4883
13836,2195285,corner,1,0.9600,1,4884
13837,2195395,corner,1,0.9600,1,4885
13838,2195538,corner,1,0.9600,1,4886
13839,2195692,corner,1,0.9600,1,4887
13840,2195831,corner,1,0.9600,1,4888
13841,2196104,corner,0,0.9500,1,4889
13842,2196248,corner,1,0.9500,1,4890
13843,2196380,corner,1,0.9600,1,4891
13844,2196554,corner,1,0.9600,1,4892
13845,2196664,corner,1,0.9600,1,4893
13846,2198016,corner,1,0.9600,1,4894
13847,2198149,corner,1,0.9600,1,4895
13848,2198339,corner,1,0.9600,1,4896
13849,2198498,corner,1,0.9600,1,4897
13850,2198630,corner,1,0.9600,1,4898
13851,2198744,corner,1,0.9600,1,4899
13852,2198895,corner,1,0.9600,1,4900
13853,2199031,corner,1,0.9600,1,4901
13854,2199200,corner,1,0.9600,1,4902
13855,2199357,corner,1,0.9600,1,4903
13856,2199499,corner,1,0.9600,1,4904
13857,2199651,corner,1,0.9600,1,4905
13858,2199792,corner,1,0.9600,1,4906
13859,2199955,corner,1,0.9600,1,4907
13860,2200277,corner,1,0.9600,1,4908
13861,2200408,corner,1,0.9600,1,4909
13862,2200556,corner,1,0.9600,1,4910
13863,2200706,corner,1,0.9600,1,4911
13864,2200816,corner,1,0.9600,1,4912
13865,2200958,corner,1,0.9600,1,4913
13866,2201115,corner,1,0.9600,1,4914
13867,2201252,corner,1,0.9600,1,4915
13868,2201426,corner,1,0.9700,1,4916
13869,2201575,corner,1,0.9700,1,4917
13870,2201717,corner,1,0.9700,1,4918
13871,2201870,corner,1,0.9700,1,4919
13872,2202032,corner,1,0.9700,1,4920
13873,2202184,corner,1,0.9700,1,4921
13874,2202322,corner,1,0.9700,1,4922
13875,2202481,corner,1,0.9700,1,4923
13876,2202654,corner,1,0.9700,1,4924
13877,2202800,corner,1,0.9700,1,4925
13878,2202932,corner,1,0.9700,1,4926
13879,2203075,corner,1,0.9700,1,4927
13880,2203208,corner,1,0.9700,1,4928
13881,2203368,corner,1,0.9700,1,4929
13882,2203476,corner,0,0.9600,1,4930
13883,2203599,corner,1,0.9600,1,4931
13884,2203783,corner,1,0.9600,1,4932
13885,2203897,corner,1,0.9600,1,4933
13886,2204035,corner,1,0.9600,1,4934
13887,2204191,corner,1,0.9600,1,4935
13888,2204345,corner,1,0.9600,1,4936
13889,2204521,corner,1,0.9600,1,4937
13890,2204676,corner,1,0.9600,1,4938
13891,2204853,corner,1,0.9600,1,4939
13892,2205062,corner,1,0.9600,1,4940
13893,2205198,corner,1,0.9600,1,4941
13894,2205363,corner,1,0.9600,1,4942
13895,2205727,corner,1,0.9600,1,4943
13896,2205836,corner,1,0.9600,1,4944
13897,2206012,corner,1,0.9600,1,4945
13898,2206155,corner,1,0.9600,1,4946
13899,2206308,corner,1,0.9600,1,4947
13900,2206455,corner,1,0.9600,1,4948
13901,2206606,corner,1,0.9600,1,4949
13902,2206709,corner,1,0.9700,1,4950
13903,2206870,corner,1,0.9700,1,4951
13904,2207016,corner,1,0.9700,1,4952
13905,2207164,corner,1,0.9700,1,4953
13906,2207317,corner,1,0.9700,1,4954
13907,2207582,corner,1,0.9700,1,4955
13908,2207687,corner,1,0.9700,1,4956
13909,2207835,corner,1,0.9700,1,4957
13910,2207944,corner,1,0.9700,1,4958
13911,2208110,corner,1,0.9700,1,4959
13912,2208288,corner,1,0.9700,1,4960
13913,2208431,corner,1,0.9700,1,4961
13914,2208656,corner,1,0.9700,1,4962
13915,2208820,corner,1,0.9700,1,4963
13916,2208949,corner,1,0.9700,1,4964
13917,2209086,corner,1,0.9700,1,4965
13918,2209258,corner,1,0.9700,1,4966
13919,2209412,corner,1,0.9700,1,4967
13920,2209582,corner,1,0.9700,1,4968
13921,2209718,corner,1,0.9700,1,4969
13922,2209871,corner,1,0.9700,1,4970
13923,2210010,corner,1,0.9700,1,4971
13924,2210137,corner,1,0.9700,1,4972
13925,2210293,corner,1,0.9800,1,4973
13926,2210455,corner,1,0.9800,1,4974
13927,2210622,corner,1,0.9800,1,4975
13928,2210811,corner,1,0.9800,1,4976
13929,2210955,corner,1,0.9800,1,4977
13930,2211106,corner,1,0.9800,1,4978
13931,2211254,corner,1,0.9800,1,4979
13932,2211410,corner,1,0.9800,1,4980
13933,2211577,corner,1,0.9800,1,4981
13934,2211735,corner,1,0.9800,1,4982
13935,2211894,corner,1,0.9800,1,4983
13936,2212007,corner,1,0.9800,1,4984
13937,2212120,corner,0,0.9700,1,4985
13938,2212258,corner,1,0.9700,1,4986
13939,2212369,corner,1,0.9700,1,4987
13940,2212532,corner,1,0.9700,1,4988
13941,2212673,corner,1,0.9800,1,4989
13942,2212823,corner,1,0.9800,1,4990
13943,2213016,corner,1,0.9800,1,4991
13944,2213158,corner,1,0.9800,1,4992
13945,2213327,corner,1,0.9800,1,4993
13946,2213532,corner,1,0.9800,1,4994
13947,2213685,corner,1,0.9800,1,4995
13948,2213797,corner,1,0.9800,1,4996
13949,2213902,corner,1,0.9800,1,4997
13950,2214013,corner,1,0.9800,1,4998
13951,2214150,corner,1,0.9800,1,4999
13952,2214313,corner,1,0.9800,1,5000
13953,2214453,corner,1,0.9800,1,5001
13954,2214595,corner,1,0.9800,1,5002
13955,2214746,corner,1,0.9800,1,5003
13956,2214926,corner,1,0.9800,1,5004
13957,2215066,corner,1,0.9800,1,5005
13958,2215211,corner,1,0.9800,1,5006
13959,2215396,corner,1,0.9800,1,5007
13960,2215549,corner,1,0.9800,1,5008
13961,2215708,corner,1,0.9800,1,5009
13962,2215876,corner,1,0.9800,1,5010
13963,2216019,corner,1,0.9800,1,5011
13964,2216182,corner,1,0.9800,1,5012
13965,2216372,corner,1,0.9800,1,5013
13966,2216555,corner,1,0.9800,1,5014
13967,2216863,corner,1,0.9800,1,5015
13968,2216971,corner,1,0.9800,1,5016
13969,2217115,corner,1,0.9800,1,5017
13970,2217251,corner,1,0.9800,1,5018
13971,2217440,corner,1,0.9800,1,5019
13972,2217611,corner,1,0.9800,1,5020
13973,2217719,corner,1,0.9800,1,5021
13974,2217877,corner,1,0.9800,1,5022
13975,2218010,corner,1,0.9800,1,5023
13976,2218186,corner,1,0.9800,1,5024
13977,2218294,corner,1,0.9800,1,5025
13978,2218403,corner,1,0.9800,1,5026
13979,2218573,corner,1,0.9800,1,5027
13980,2218760,corner,1,0.9800,1,5028
13981,2218922,corner,1,0.9800,1,5029
13982,2219081,corner,1,0.9900,1,5030
13983,2219223,corner,1,0.9900,1,5031
13984,2219401,corner,1,0.9900,1,5032
13985,2219554,corner,1,0.9900,1,5033
13986,2219704,corner,1,0.9900,1,5034
13987,2219876,corner,1,0.9900,1,5035
13988,2220187,corner,1,0.9900,1,5036
13989,2220393,corner,1,0.9900,1,5037
13990,2220714,corner,1,0.9900,1,5038
13991,2220891,corner,1,0.9900,1,5039
13992,2221209,corner,1,0.9900,1,5040
13993,2221379,corner,1,0.9900,1,5041
13994,2221482,corner,0,0.9800,1,5042
13995,2221634,corner,1,0.9800,1,5043
13996,2221775,corner,1,0.9800,1,5044
13997,2221932,corner,1,0.9800,1,5045
13998,2222033,corner,0,0.9700,1,5046
13999,2222139,corner,1,0.9700,1,5047
14000,2222247,corner,1,0.9700,1,5048
14001,2222357,corner,1,0.9700,1,5049
14002,2222503,corner,1,0.9700,1,5050
14003,2222756,corner,1,0.9700,1,5051
14004,2222924,corner,1,0.9700,1,5052
14005,2223065,corner,1,0.9700,1,5053
14006,2223207,corner,1,0.9700,1,5054
14007,2223350,corner,1,0.9700,1,5055
14008,2223491,corner,1,0.9700,1,5056
14009,2223613,corner,1,0.9700,1,5057
14010,2223763,corner,1,0.9700,1,5058
14011,2223904,corner,1,0.9700,1,5059
14012,2224052,corner,1,0.9700,1,5060
14013,2224196,corner,1,0.9700,1,5061
14014,2224373,corner,1,0.9700,1,5062
14015,2224526,corner,1,0.9700,1,5063
14016,2224660,corner,1,0.9700,1,5064
14017,2224800,corner,1,0.9700,1,5065
14018,2224938,corner,1,0.9700,1,5066
14019,2225113,corner,1,0.9700,1,5067
14020,2225273,corner,1,0.9700,1,5068
14021,2225404,corner,1,0.9700,1,5069
14022,2225583,corner,1,0.9700,1,5070
14023,2225747,corner,1,0.9700,1,5071
14024,2225858,corner,1,0.9700,1,5072
14025,2226057,corner,1,0.9700,1,5073
14026,2226268,corner,1,0.9700,1,5074
14027,2226428,corner,1,0.9700,1,5075
14028,2226552,corner,1,0.9700,1,5076
14029,2226702,corner,1,0.9700,1,5077
14030,2226835,corner,1,0.9700,1,5078
14031,2226987,corner,1,0.9700,1,5079
14032,2227135,corner,1,0.9700,1,5080
14033,2227281,corner,1,0.9700,1,5081
14034,2227380,corner,0,0.9600,1,5082
14035,2227563,corner,1,0.9600,1,5083
14036,2227711,corner,1,0.9600,1,5084
14037,2227852,corner,1,0.9700,1,5085
14038,2228013,corner,1,0.9700,1,5086
14039,2228150,corner,1,0.9700,1,5087
14040,2228258,corner,1,0.9700,1,5088
14041,2228443,corner,1,0.9700,1,5089
14042,2228548,corner,0,0.9600,1,5090
14043,2229900,corner,1,0.9600,1,5091
14044,2230047,corner,1,0.9600,1,5092
14045,2230203,corner,1,0.9600,1,5093
14046,2230358,corner,1,0.9600,1,5094
14047,2230522,corner,1,0.9600,1,5095
14048,2230684,corner,1,0.9600,1,5096
14049,2230809,corner,1,0.9600,1,5097
14050,2230954,corner,1,0.9600,1,5098
14051,2231071,corner,1,0.9600,1,5099
14052,2231226,corner,1,0.9600,1,5100
14053,2231373,corner,1,0.9600,1,5101
14054,2231532,corner,1,0.9600,1,5102
14055,2232884,corner,1,0.9600,1,5103
14056,2233043,corner,1,0.9600,1,5104
14057,2233220,corner,1,0.9600,1,5105
14058,2233380,corner,1,0.9600,1,5106
14059,2233542,corner,1,0.9600,1,5107
14060,2233682,corner,1,0.9600,1,5108
14061,2233818,corner,1,0.9600,1,5109
14062,2233982,corner,1,0.9600,1,5110
14063,2234138,corner,1,0.9600,1,5111
14064,2234249,corner,1,0.9600,1,5112
14065,2234406,corner,1,0.9600,1,5113
14066,2234576,corner,1,0.9600,1,5114
14067,2234729,corner,1,0.9600,1,5115
14068,2234897,corner,1,0.9600,1,5116
14069,2235063,corner,1,0.9600,1,5117
14070,2235209,corner,1,0.9600,1,5118
14071,2235346,corner,1,0.9600,1,5119
14072,2235492,corner,1,0.9600,1,5120
14073,2235671,corner,1,0.9600,1,5121
14074,2235781,corner,0,0.9500,1,5122
14075,2235931,corner,1,0.9500,1,5123
14076,2236040,corner,0,0.9400,1,5124
14077,2236224,corner,1,0.9400,1,5125
14078,2236421,corner,1,0.9400,1,5126
14079,2236572,corner,1,0.9400,1,5127
14080,2236766,corner,1,0.9400,1,5128
14081,2236908,corner,1,0.9400,1,5129
14082,2237071,corner,1,0.9400,1,5130
14083,2237211,corner,1,0.9400,1,5131
14084,2237315,corner,1,0.9400,1,5132
14085,2237471,corner,1,0.9400,1,5133
14086,2237614,corner,1,0.9400,1,5134
14087,2237758,corner,1,0.9400,1,5135
14088,2238140,corner,1,0.9400,1,5136
14089,2238301,corner,1,0.9400,1,5137
14090,2238459,corner,1,0.9400,1,5138
14091,2238612,corner,1,0.9400,1,5139
14092,2238755,corner,1,0.9400,1,5140
14093,2238919,corner,1,0.9400,1,5141
14094,2239100,corner,1,0.9500,1,5142
14095,2239248,corner,1,0.9500,1,5143
14096,2239412,corner,1,0.9500,1,5144
14097,2239524,corner,1,0.9500,1,5145
14098,2239683,corner,1,0.9600,1,5146
14099,2239830,corner,1,0.9600,1,5147
14100,2239994,corner,1,0.9600,1,5148
14101,2240150,corner,1,0.9600,1,5149
14102,2240285,corner,1,0.9600,1,5150
14103,2240435,corner,1,0.9600,1,5151
14104,2240550,corner,1,0.9600,1,5152
14105,2240722,corner,1,0.9600,1,5153
14106,2240867,corner,1,0.9600,1,5154
14107,2241020,corner,1,0.9600,1,5155
14108,2241179,corner,1,0.9600,1,5156
14109,2241322,corner,1,0.9600,1,5157
14110,2241476,corner,1,0.9600,1,5158
14111,2241614,corner,1,0.9600,1,5159
14112,2241757,corner,1,0.9600,1,5160
14113,2241942,corner,1,0.9600,1,5161
14114,2242048,corner,0,0.9500,1,5162
14115,2242165,corner,1,0.9500,1,5163
14116,2242319,corner,1,0.9500,1,5164
14117,2242541,corner,1,0.9500,1,5165
14118,2242701,corner,1,0.9500,1,5166
14119,2242864,corner,1,0.9500,1,5167
14120,2243010,corner,1,0.9500,1,5168
14121,2243516,corner,1,0.9500,1,5169
14122,2243691,corner,1,0.9500,1,5170
14123,2243838,corner,1,0.9500,1,5171
14124,2244049,corner,1,0.9500,1,5172
14125,2244192,corner,1,0.9500,1,5173
14126,2244377,corner,1,0.9500,1,5174
14127,2244523,corner,1,0.9500,1,5175
14128,2244671,corner,1,0.9500,1,5176
14129,2244824,corner,1,0.9500,1,5177
14130,2244934,corner,1,0.9500,1,5178
14131,2245089,corner,1,0.9500,1,5179
14132,2245551,corner,1,0.9500,1,5180
14133,2245714,corner,1,0.9500,1,5181
14134,2245875,corner,1,0.9600,1,5182
14135,2246033,corner,1,0.9600,1,5183
14136,2246216,corner,1,0.9600,1,5184
14137,2246372,corner,1,0.9600,1,5185
14138,2246497,corner,1,0.9600,1,5186
14139,2246660,corner,1,0.9600,1,5187
14140,2246764,corner,1,0.9600,1,5188
14141,2246911,corner,1,0.9600,1,5189
14142,2247087,corner,1,0.9700,1,5190
14143,2247235,corner,1,0.9700,1,5191
14144,2247543,corner,1,0.9700,1,5192
14145,2247699,corner,1,0.9700,1,5193
14146,2247854,corner,1,0.9700,1,5194
14147,2247993,corner,1,0.9700,1,5195
14148,2248163,corner,1,0.9700,1,5196
14149,2248312,corner,1,0.9700,1,5197
14150,2248416,corner,1,0.9700,1,5198
14151,2248604,corner,1,0.9700,1,5199
14152,2248724,corner,1,0.9700,1,5200
14153,2248891,corner,1,0.9700,1,5201
14154,2249024,corner,1,0.9700,1,5202
14155,2249189,corner,1,0.9700,1,5203
14156,2249343,corner,1,0.9700,1,5204
14157,2249483,corner,1,0.9700,1,5205
14158,2249644,corner,1,0.9700,1,5206
14159,2249803,corner,1,0.9700,1,5207
14160,2249992,corner,1,0.9700,1,5208
14161,2250153,corner,1,0.9700,1,5209
14162,2250363,corner,1,0.9700,1,5210
14163,2250488,corner,1,0.9700,1,5211
14164,2250829,corner,1,0.9700,1,5212
14165,2250979,corner,1,0.9700,1,5213
14166,2251107,corner,1,0.9700,1,5214
14167,2251280,corner,1,0.9700,1,5215
14168,2251633,corner,1,0.9700,1,5216
14169,2251804,corner,1,0.9700,1,5217
14170,2251982,corner,1,0.9700,1,5218
14171,2252119,corner,1,0.9700,1,5219
14172,2252229,corner,1,0.9700,1,5220
14173,2252377,corner,1,0.9700,1,5221
14174,2252487,corner,1,0.9800,1,5222
14175,2252654,corner,1,0.9800,1,5223
14176,2252828,corner,1,0.9900,1,5224
14177,2252937,corner,1,0.9900,1,5225
14178,2253091,corner,1,0.9900,1,5226
14179,2253394,corner,1,0.9900,1,5227
14180,2253543,corner,1,0.9900,1,5228
14181,2253722,corner,1,0.9900,1,5229
14182,2253890,corner,1,0.9900,1,5230
14183,2254052,corner,1,0.9900,1,5231
14184,2254192,corner,1,0.9900,1,5232
14185,2254331,corner,1,0.9900,1,5233
14186,2254472,corner,1,0.9900,1,5234
14187,2254646,corner,1,0.9900,1,5235
14188,2254960,corner,1,0.9900,1,5236
14189,2255113,corner,1,0.9900,1,5237
14190,2255223,corner,0,0.9800,1,5238
14191,2256575,corner,1,0.9800,1,5239
14192,2256681,corner,1,0.9800,1,5240
14193,2256847,corner,1,0.9800,1,5241
14194,2257002,corner,1,0.9800,1,5242
14195,2257152,corner,1,0.9800,1,5243
14196,2257307,corner,1,0.9800,1,5244
14197,2257417,corner,1,0.9800,1,5245
14198,2257587,corner,1,0.9800,1,5246
14199,2257739,corner,1,0.9800,1,5247
14200,2257878,corner,1,0.9800,1,5248
14201,2258039,corner,1,0.9800,1,5249
14202,2258147,corner,1,0.9800,1,5250
14203,2258251,corner,0,0.9700,1,5251
14204,2258441,corner,1,0.9700,1,5252
14205,2258566,corner,1,0.9700,1,5253
14206,2258734,corner,1,0.9700,1,5254
14207,2258842,corner,1,0.9700,1,5255
14208,2260194,corner,1,0.9700,1,5256
14209,2260360,corner,1,0.9700,1,5257
14210,2260551,corner,1,0.9700,1,5258
14211,2260732,corner,1,0.9700,1,5259
14212,2260908,corner,1,0.9700,1,5260
14213,2261083,corner,1,0.9700,1,5261
14214,2261251,corner,1,0.9800,1,5262
14215,2261396,corner,1,0.9800,1,5263
14216,2261549,corner,1,0.9800,1,5264
14217,2261723,corner,1,0.9800,1,5265
14218,2261882,corner,1,0.9800,1,5266
14219,2262024,corner,1,0.9800,1,5267
14220,2262169,corner,1,0.9800,1,5268
14221,2262325,corner,1,0.9800,1,5269
14222,2262468,corner,1,0.9800,1,5270
14223,2262617,corner,1,0.9800,1,5271
14224,2262782,corner,1,0.9800,1,5272
14225,2262944,corner,1,0.9800,1,5273
14226,2263151,corner,1,0.9800,1,5274
14227,2263294,corner,1,0.9800,1,5275
14228,2263440,corner,1,0.9800,1,5276
14229,2263619,corner,1,0.9800,1,5277
14230,2263773,corner,1,0.9800,1,5278
14231,2263927,corner,1,0.9800,1,5279
14232,2264060,corner,1,0.9800,1,5280
14233,2264214,corner,1,0.9800,1,5281
14234,2264371,corner,1,0.9800,1,5282
14235,2264524,corner,1,0.9800,1,5283
14236,2264653,corner,1,0.9800,1,5284
14237,2264799,corner,1,0.9800,1,5285
14238,2264908,corner,1,0.9800,1,5286
14239,2265045,corner,1,0.9800,1,5287
14240,2265185,corner,1,0.9800,1,5288
14241,2265383,corner,1,0.9800,1,5289
14242,2265496,corner,1,0.9800,1,5290
14243,2265640,corner,1,0.9800,1,5291
14244,2265794,corner,1,0.9800,1,5292
14245,2265999,corner,1,0.9800,1,5293
14246,2266135,corner,1,0.9800,1,5294
14247,2266281,corner,1,0.9800,1,5295
14248,2266620,corner,1,0.9800,1,5296
14249,2266748,corner,1,0.9800,1,5297
14250,2266901,corner,1,0.9800,1,5298
14251,2267041,corner,1,0.9800,1,5299
14252,2267193,corner,1,0.9800,1,5300
14253,2267349,corner,1,0.9800,1,5301
14254,2267461,corner,1,0.9800,1,5302
14255,2267597,corner,1,0.9800,1,5303
14256,2267729,corner,1,0.9800,1,5304
14257,2267883,corner,1,0.9800,1,5305
14258,2268017,corner,1,0.9800,1,5306
14259,2268157,corner,1,0.9800,1,5307
14260,2268298,corner,1,0.9800,1,5308
14261,2268444,corner,1,0.9800,1,5309
14262,2268611,corner,1,0.9800,1,5310
14263,2268753,corner,1,0.9800,1,5311
14264,2268863,corner,1,0.9800,1,5312
14265,2268983,corner,1,0.9800,1,5313
14266,2269165,corner,1,0.9800,1,5314
14267,2269309,corner,1,0.9800,1,5315
14268,2269457,corner,1,0.9800,1,5316
14269,2269595,corner,1,0.9800,1,5317
14270,2269718,corner,1,0.9800,1,5318
14271,2269837,corner,1,0.9800,1,5319
14272,2269986,corner,1,0.9800,1,5320
14273,2270161,corner,1,0.9800,1,5321
14274,2270308,corner,1,0.9800,1,5322
14275,2270456,corner,1,0.9800,1,5323
14276,2270608,corner,1,0.9800,1,5324
14277,2270724,corner,1,0.9800,1,5325
14278,2270868,corner,1,0.9800,1,5326
14279,2270974,corner,1,0.9800,1,5327
14280,2271084,corner,1,0.9800,1,5328
14281,2271230,corner,1,0.9800,1,5329
14282,2271375,corner,1,0.9800,1,5330
14283,2271515,corner,1,0.9800,1,5331
14284,2271621,corner,1,0.9800,1,5332
14285,2271738,corner,1,0.9800,1,5333
14286,2271874,corner,1,0.9800,1,5334
14287,2272035,corner,1,0.9800,1,5335
14288,2272157,corner,1,0.9800,1,5336
14289,2272295,corner,1,0.9800,1,5337
14290,2272454,corner,1,0.9900,1,5338
14291,2272642,corner,1,0.9900,1,5339
14292,2272760,corner,1,0.9900,1,5340
14293,2272914,corner,1,0.9900,1,5341
14294,2273084,corner,1,0.9900,1,5342
14295,2273245,corner,1,0.9900,1,5343
14296,2273387,corner,1,0.9900,1,5344
14297,2273539,corner,1,0.9900,1,5345
14298,2273649,corner,1,0.9900,1,5346
14299,2273824,corner,1,0.9900,1,5347
14300,2273942,corner,1,0.9900,1,5348
14301,2274096,corner,1,0.9900,1,5349
14302,2274233,corner,1,0.9900,1,5350
14303,2274389,corner,1,1.0000,1,5351
14304,2274537,corner,1,1.0000,1,5352
14305,2274682,corner,1,1.0000,1,5353
14306,2274833,corner,1,1.0000,1,5354
14307,2274981,corner,1,1.0000,1,5355
14308,2275127,corner,1,1.0000,1,5356
14309,2275268,corner,1,1.0000,1,5357
14310,2275435,corner,1,1.0000,1,5358
14311,2275635,corner,1,1.0000,1,5359
14312,2275812,corner,1,1.0000,1,5360
14313,2275969,corner,1,1.0000,1,5361
14314,2276111,corner,1,1.0000,1,5362
14315,2276257,corner,1,1.0000,1,5363
14316,2276436,corner,1,1.0000,1,5364
14317,2276584,corner,1,1.0000,1,5365
14318,2276734,corner,1,1.0000,1,5366
14319,2276892,corner,1,1.0000,1,5367
14320,2277040,corner,1,1.0000,1,5368
14321,2277200,corner,1,1.0000,1,5369
14322,2277348,corner,1,1.0000,1,5370
14323,2277500,corner,1,1.0000,1,5371
14324,2277667,corner,1,1.0000,1,5372
14325,2277813,corner,1,1.0000,1,5373
14326,2277964,corner,1,1.0000,1,5374
14327,2279316,corner,1,1.0000,1,5375
14328,2279415,corner,0,0.9900,1,5376
14329,2279552,corner,1,0.9900,1,5377
14330,2279659,corner,1,0.9900,1,5378
14331,2279818,corner,1,0.9900,1,5379
14332,2280034,corner,1,0.9900,1,5380
14333,2280190,corner,1,0.9900,1,5381
14334,2280360,corner,1,0.9900,1,5382
14335,2280511,corner,1,0.9900,1,5383
14336,2280656,corner,1,0.9900,1,5384
14337,2280786,corner,1,0.9900,1,5385
14338,2280890,corner,0,0.9800,1,5386
14339,2281048,corner,1,0.9800,1,5387
14340,2281167,corner,1,0.9800,1,5388
14341,2281322,corner,1,0.9800,1,5389
14342,2281473,corner,1,0.9800,1,5390
14343,2281581,corner,1,0.9800,1,5391
14344,2281717,corner,1,0.9800,1,5392
14345,2281882,corner,1,0.9800,1,5393
14346,2282051,corner,1,0.9800,1,5394
14347,2282228,corner,1,0.9800,1,5395
14348,2282387,corner,1,0.9800,1,5396
14349,2282535,corner,1,0.9800,1,5397
14350,2282688,corner,1,0.9800,1,5398
14351,2282858,corner,1,0.9800,1,5399
14352,2283024,corner,1,0.9800,1,5400
14353,2283134,corner,1,0.9800,1,5401
14354,2283282,corner,1,0.9800,1,5402
14355,2283393,corner,1,0.9800,1,5403
14356,2283548,corner,1,0.9800,1,5404
14357,2283693,corner,1,0.9800,1,5405
14358,2283860,corner,1,0.9800,1,5406
14359,2283993,corner,1,0.9800,1,5407
14360,2284133,corner,1,0.9800,1,5408
14361,2284237,corner,1,0.9800,1,5409
14362,2284449,corner,1,0.9800,1,5410
14363,2284616,corner,1,0.9800,1,5411
14364,2284765,corner,1,0.9800,1,5412
14365,2284880,corner,1,0.9800,1,5413
14366,2284993,corner,1,0.9800,1,5414
14367,2285124,corner,1,0.9800,1,5415
14368,2285231,corner,1,0.9800,1,5416
14369,2285394,corner,1,0.9800,1,5417
14370,2285537,corner,1,0.9800,1,5418
14371,2285680,corner,1,0.9800,1,5419
14372,2285835,corner,1,0.9800,1,5420
14373,2285954,corner,1,0.9800,1,5421
14374,2286116,corner,1,0.9800,1,5422
14375,2286309,corner,1,0.9800,1,5423
14376,2286443,corner,1,0.9800,1,5424
14377,2286567,corner,1,0.9800,1,5425
14378,2286677,corner,1,0.9800,1,5426
14379,2286816,corner,1,0.9800,1,5427
14380,2286972,corner,1,0.9800,1,5428
14381,2287083,corner,1,0.9800,1,5429
14382,2287260,corner,1,0.9800,1,5430
14383,2287403,corner,1,0.9800,1,5431
14384,2287552,corner,1,0.9800,1,5432
14385,2287663,corner,1,0.9800,1,5433
14386,2287804,corner,1,0.9800,1,5434
14387,2287954,corner,1,0.9800,1,5435
14388,2288110,corner,1,0.9800,1,5436
14389,2288212,corner,1,0.9800,1,5437
14390,2288390,corner,1,0.9800,1,5438
14391,2288521,corner,1,0.9800,1,5439
14392,2288667,corner,1,0.9800,1,5440
14393,2288811,corner,1,0.9800,1,5441
14394,2288917,corner,1,0.9800,1,5442
14395,2289090,corner,1,0.9800,1,5443
14396,2289226,corner,1,0.9800,1,5444
14397,2289368,corner,1,0.9800,1,5445
14398,2289510,corner,1,0.9800,1,5446
14399,2289659,corner,1,0.9800,1,5447
14400,2289819,corner,1,0.9800,1,5448
14401,2289922,corner,0,0.9700,1,5449
14402,2290065,corner,1,0.9700,1,5450
14403,2290207,corner,1,0.9700,1,5451
14404,2290379,corner,1,0.9700,1,5452
14405,2290570,corner,1,0.9700,1,5453
14406,2290693,corner,0,0.9600,1,5454
14407,2290895,corner,1,0.9600,1,5455
14408,2291039,corner,1,0.9600,1,5456
14409,2291241,corner,1,0.9600,1,5457
14410,2291384,corner,1,0.9600,1,5458
14411,2291495,corner,1,0.9600,1,5459
14412,2292847,corner,1,0.9600,1,5460
14413,2292986,corner,1,0.9600,1,5461
14414,2293137,corner,1,0.9600,1,5462
14415,2293273,corner,1,0.9600,1,5463
14416,2293412,corner,1,0.9600,1,5464
14417,2293552,corner,1,0.9600,1,5465
14418,2293700,corner,1,0.9600,1,5466
14419,2293848,corner,1,0.9600,1,5467
14420,2293988,corner,1,0.9600,1,5468
14421,2294132,corner,1,0.9600,1,5469
14422,2294247,corner,1,0.9600,1,5470
14423,2294361,corner,1,0.9600,1,5471
14424,2294512,corner,1,0.9600,1,5472
14425,2294659,corner,1,0.9600,1,5473
14426,2294835,corner,1,0.9600,1,5474
14427,2294944,corner,1,0.9600,1,5475
14428,2295124,corner,1,0.9700,1,5476
14429,2295230,corner,0,0.9600,1,5477
14430,2295393,corner,1,0.9600,1,5478
14431,2295561,corner,1,0.9600,1,5479
14432,2295702,corner,1,0.9600,1,5480
14433,2295885,corner,1,0.9600,1,5481
14434,2296022,corner,1,0.9600,1,5482
14435,2296171,corner,1,0.9600,1,5483
14436,2296316,corner,1,0.9600,1,5484
14437,2296427,corner,0,0.9500,1,5485
14438,2296535,corner,1,0.9600,1,5486
14439,2296646,corner,1,0.9600,1,5487
14440,2296757,corner,1,0.9600,1,5488
14441,2296922,corner,1,0.9600,1,5489
14442,2297063,corner,1,0.9600,1,5490
14443,2297212,corner,1,0.9600,1,5491
14444,2297374,corner,1,0.9600,1,5492
14445,2297527,corner,1,0.9600,1,5493
14446,2297717,corner,1,0.9600,1,5494
14447,2297871,corner,1,0.9600,1,5495
14448,2298013,corner,1,0.9600,1,5496
14449,2298184,corner,1,0.9600,1,5497
14450,2298287,corner,1,0.9600,1,5498
14451,2298427,corner,1,0.9600,1,5499
14452,2298545,corner,1,0.9600,1,5500
14453,2298689,corner,1,0.9600,1,5501
14454,2298838,corner,1,0.9600,1,5502
14455,2298971,corner,1,0.9600,1,5503
14456,2299079,corner,0,0.9500,1,5504
14457,2299221,corner,1,0.9500,1,5505
14458,2299388,corner,1,0.9500,1,5506
14459,2299542,corner,1,0.9500,1,5507
14460,2299679,corner,1,0.9500,1,5508
14461,2299815,corner,1,0.9500,1,5509
14462,2299930,corner,1,0.9500,1,5510
14463,2300076,corner,1,0.9500,1,5511
14464,2300208,defensive,1,0.9500,2,1
14465,2300392,defensive,1,0.9500,2,2
14466,2300552,defensive,1,0.9500,2,3
14467,2300808,defensive,1,0.9500,2,4
14468,2300991,defensive,1,0.9500,2,5
14469,2301123,defensive,1,0.9500,2,6
14470,2301254,defensive,1,0.9500,2,7
14471,2301379,defensive,1,0.9500,2,8
14472,2301516,defensive,1,0.9500,2,9
14473,2301682,defensive,1,0.9500,2,10
14474,2301852,defensive,1,0.9500,2,11
14475,2302048,defensive,1,0.9500,2,12
14476,2302211,defensive,1,0.9500,2,13
14477,2302351,defensive,1,0.9500,2,14
14478,2302483,defensive,1,0.9500,2,15
14479,2302661,defensive,1,0.9500,2,16
14480,2302789,defensive,1,0.9500,2,17
14481,2302978,defensive,1,0.9500,2,18
14482,2303187,defensive,1,0.9500,2,19
14483,2303356,defensive,1,0.9500,2,20
14484,2303531,defensive,1,0.9500,2,21
14485,2303702,defensive,1,0.9500,2,22
14486,2303954,defensive,1,0.9500,2,23
14487,2304089,defensive,1,0.9500,2,24
14488,2304451,defensive,1,0.9500,2,25
14489,2304686,defensive,1,0.9500,2,26
14490,2304887,defensive,1,0.9500,2,27
14491,2305172,defensive,1,0.9500,2,28
14492,2305356,defensive,1,0.9500,2,29
14493,2305494,defensive,1,0.9500,2,30
14494,2305640,defensive,1,0.9500,2,31
14495,2305855,defensive,1,0.9500,2,32
14496,2306029,defensive,1,0.9500,2,33
14497,2306210,defensive,1,0.9500,2,34
14498,2306370,defensive,1,0.9500,2,35
14499,2306504,defensive,1,0.9500,2,36
14500,2306631,defensive,1,0.9500,2,37
14501,2306776,defensive,1,0.9600,2,38
14502,2306934,defensive,1,0.9600,2,39
14503,2307086,defensive,1,0.9600,2,40
14504,2307245,defensive,1,0.9600,2,41
14505,2307419,defensive,1,0.9600,2,42
14506,2307601,defensive,1,0.9700,2,43
14507,2307758,defensive,1,0.9700,2,44
14508,2307915,defensive,1,0.9700,2,45
14509,2308052,defensive,1,0.9700,2,46
14510,2308182,defensive,1,0.9700,2,47
14511,2308357,defensive,1,0.9700,2,48
14512,2308565,defensive,1,0.9700,2,49
14513,2308716,defensive,1,0.9700,2,50
14514,2308889,defensive,1,0.9700,2,51
14515,2309039,defensive,1,0.9700,2,52
14516,2309174,defensive,1,0.9700,2,53
14517,2309331,defensive,1,0.9700,2,54
14518,2309492,defensive,1,0.9700,2,55
14519,2309793,defensive,1,0.9700,2,56
14520,2309934,defensive,1,0.9700,2,57
14521,2310064,defensive,1,0.9700,2,58
14522,2310206,defensive,0,0.9600,2,59
14523,2310382,defensive,1,0.9600,2,60
14524,2310513,defensive,1,0.9600,2,61
14525,2310671,defensive,1,0.9600,2,62
14526,2310771,defensive,1,0.9600,2,63
14527,2310961,defensive,1,0.9600,2,64
14528,2311117,defensive,1,0.9600,2,65
14529,2311308,defensive,1,0.9700,2,66
14530,2311432,defensive,1,0.9700,2,67
14531,2311642,defensive,1,0.9700,2,68
14532,2311814,defensive,1,0.9700,2,69
14533,2311969,defensive,1,0.9700,2,70
14534,2312110,defensive,1,0.9700,2,71
14535,2312259,defensive,1,0.9700,2,72
14536,2312394,defensive,0,0.9600,2,73
14537,2313746,defensive,1,0.9700,2,74
14538,2313931,defensive,1,0.9700,2,75
14539,2314069,defensive,1,0.9700,2,76
14540,2314166,defensive,0,0.9600,2,77
14541,2314319,defensive,1,0.9600,2,78
14542,2314414,defensive,0,0.9500,2,79
14543,2314539,defensive,1,0.9500,2,80
14544,2314756,defensive,1,0.9500,2,81
14545,2314883,defensive,1,0.9500,2,82
14546,2315018,defensive,1,0.9500,2,83
14547,2316370,defensive,1,0.9500,2,84
14548,2316522,defensive,1,0.9500,2,85
14549,2316703,defensive,1,0.9500,2,86
14550,2316992,defensive,1,0.9500,2,87
14551,2317122,defensive,1,0.9500,2,88
14552,2317250,defensive,1,0.9500,2,89
14553,2317393,defensive,1,0.9500,2,90
14554,2317558,defensive,1,0.9500,2,91
14555,2317744,defensive,1,0.9500,2,92
14556,2317922,defensive,1,0.9600,2,93
14557,2318104,defensive,1,0.9600,2,94
14558,2318254,defensive,1,0.9600,2,95
14559,2318421,defensive,1,0.9600,2,96
14560,2318617,defensive,1,0.9600,2,97
14561,2318768,defensive,1,0.9600,2,98
14562,2318902,defensive,1,0.9600,2,99
14563,2319048,defensive,1,0.9600,2,100
14564,2319205,defensive,1,0.9600,2,101
14565,2319408,defensive,1,0.9600,2,102
14566,2319504,defensive,1,0.9600,2,103
14567,2319655,defensive,1,0.9600,2,104
14568,2319849,defensive,1,0.9600,2,105
14569,2319979,defensive,1,0.9600,2,106
14570,2320142,defensive,0,0.9500,2,107
14571,2320305,defensive,1,0.9500,2,108
14572,2320414,defensive,0,0.9400,2,109
14573,2320557,defensive,1,0.9400,2,110
14574,2320697,defensive,1,0.9400,2,111
14575,2320852,defensive,1,0.9400,2,112
14576,2321019,defensive,1,0.9400,2,113
14577,2321184,defensive,1,0.9400,2,114
14578,2321279,defensive,0,0.9300,2,115
14579,2322631,defensive,1,0.9300,2,116
14580,2322762,defensive,1,0.9300,2,117
14581,2322897,defensive,1,0.9300,2,118
14582,2322999,defensive,0,0.9200,2,119
14583,2323150,defensive,1,0.9200,2,120
14584,2323280,defensive,1,0.9200,2,121
14585,2323489,defensive,1,0.9200,2,122
14586,2323623,defensive,1,0.9200,2,123
14587,2323814,defensive,1,0.9200,2,124
14588,2323971,defensive,1,0.9200,2,125
14589,2324140,defensive,1,0.9200,2,126
14590,2324324,defensive,1,0.9200,2,127
14591,2324506,defensive,1,0.9200,2,128
14592,2324651,defensive,1,0.9200,2,129
14593,2324793,defensive,1,0.9200,2,130
14594,2324954,defensive,1,0.9200,2,131
14595,2325090,defensive,1,0.9200,2,132
14596,2325230,defensive,1,0.9200,2,133
14597,2325325,defensive,0,0.9100,2,134
14598,2325435,defensive,0,0.9000,2,135
14599,2325574,defensive,1,0.9000,2,136
14600,2325718,defensive,1,0.9000,2,137
14601,2325851,defensive,1,0.9000,2,138
14602,2325994,defensive,1,0.9000,2,139
14603,2326125,defensive,1,0.9000,2,140
14604,2326264,defensive,1,0.9000,2,141
14605,2326395,defensive,1,0.9000,2,142
14606,2326580,defensive,1,0.9000,2,143
14607,2326709,defensive,1,0.9000,2,144
14608,2326846,defensive,1,0.9000,2,145
14609,2326996,defensive,1,0.9000,2,146
14610,2327155,defensive,1,0.9000,2,147
14611,2327282,defensive,1,0.9000,2,148
14612,2327541,defensive,1,0.9000,2,149
14613,2327904,defensive,1,0.9000,2,150
14614,2328064,defensive,1,0.9000,2,151
14615,2328212,defensive,1,0.9000,2,152
14616,2328351,defensive,1,0.9000,2,153
14617,2328514,defensive,1,0.9000,2,154
14618,2328675,defensive,1,0.9000,2,155
14619,2328801,defensive,1,0.9000,2,156
14620,2328945,defensive,1,0.9000,2,157
14621,2329074,defensive,1,0.9000,2,158
14622,2329206,defensive,1,0.9100,2,159
14623,2329350,defensive,1,0.9100,2,160
14624,2329484,defensive,1,0.9100,2,161
14625,2329585,defensive,1,0.9100,2,162
14626,2329677,defensive,0,0.9000,2,163
14627,2329850,defensive,1,0.9000,2,164
14628,2330030,defensive,1,0.9000,2,165
14629,2330209,defensive,1,0.9000,2,166
14630,2330334,defensive,1,0.9000,2,167
14631,2330466,defensive,1,0.9000,2,168
14632,2330624,defensive,1,0.9000,2,169
14633,2330814,defensive,1,0.9000,2,170
14634,2331088,defensive,1,0.9000,2,171
14635,2331236,defensive,1,0.9000,2,172
14636,2331559,defensive,1,0.9100,2,173
14637,2331719,defensive,1,0.9100,2,174
14638,2331894,defensive,1,0.9100,2,175
14639,2332062,defensive,1,0.9100,2,176
14640,2332220,defensive,1,0.9200,2,177
14641,2332364,defensive,1,0.9200,2,178
14642,2332515,defensive,1,0.9300,2,179
14643,2332657,defensive,1,0.9300,2,180
14644,2332797,defensive,1,0.9300,2,181
14645,2332956,defensive,1,0.9300,2,182
14646,2333118,defensive,1,0.9300,2,183
14647,2333309,defensive,1,0.9300,2,184
14648,2333454,defensive,1,0.9300,2,185
14649,2333591,defensive,1,0.9300,2,186
14650,2333790,defensive,1,0.9300,2,187
14651,2333925,defensive,1,0.9300,2,188
14652,2334101,defensive,1,0.9300,2,189
14653,2334258,defensive,1,0.9300,2,190
14654,2334383,defensive,1,0.9300,2,191
14655,2334570,defensive,1,0.9300,2,192
14656,2334698,defensive,1,0.9300,2,193
14657,2334853,defensive,1,0.9300,2,194
14658,2334979,defensive,1,0.9300,2,195
14659,2335157,defensive,1,0.9300,2,196
14660,2335285,defensive,1,0.9300,2,197
14661,2335414,defensive,1,0.9300,2,198
14662,2335543,defensive,1,0.9300,2,199
14663,2335694,defensive,1,0.9300,2,200
14664,2335802,defensive,0,0.9200,2,201
14665,2335902,defensive,1,0.9200,2,202
14666,2336040,defensive,1,0.9200,2,203
14667,2336171,defensive,1,0.9200,2,204
14668,2336484,defensive,1,0.9200,2,205
14669,2336609,defensive,1,0.9200,2,206
14670,2336847,defensive,1,0.9300,2,207
14671,2336987,defensive,1,0.9300,2,208
14672,2337155,defensive,1,0.9400,2,209
14673,2337280,defensive,1,0.9400,2,210
14674,2337440,defensive,1,0.9400,2,211
14675,2337611,defensive,1,0.9400,2,212
14676,2337837,defensive,1,0.9400,2,213
14677,2338021,defensive,1,0.9400,2,214
14678,2338167,defensive,1,0.9500,2,215
14679,2338294,defensive,1,0.9500,2,216
14680,2338426,defensive,1,0.9500,2,217
14681,2338552,defensive,1,0.9500,2,218
14682,2338720,defensive,1,0.9600,2,219
14683,2338820,defensive,1,0.9600,2,220
14684,2338982,defensive,1,0.9600,2,221
14685,2339119,defensive,1,0.9600,2,222
14686,2339268,defensive,1,0.9600,2,223
14687,2339432,defensive,1,0.9600,2,224
14688,2339585,defensive,1,0.9600,2,225
14689,2339754,defensive,1,0.9600,2,226
14690,2339946,defensive,1,0.9600,2,227
14691,2340096,defensive,1,0.9600,2,228
14692,2340249,defensive,1,0.9600,2,229
14693,2340396,defensive,1,0.9600,2,230
14694,2340668,defensive,1,0.9600,2,231
14695,2340803,defensive,1,0.9600,2,232
14696,2340974,defensive,1,0.9600,2,233
14697,2341126,defensive,1,0.9700,2,234
14698,2341257,defensive,1,0.9800,2,235
14699,2341545,defensive,1,0.9800,2,236
14700,2341701,defensive,1,0.9800,2,237
14701,2341840,defensive,1,0.9800,2,238
14702,2342104,defensive,0,0.9700,2,239
14703,2342230,defensive,1,0.9700,2,240
14704,2342379,defensive,1,0.9700,2,241
14705,2342526,defensive,1,0.9700,2,242
14706,2342637,defensive,1,0.9700,2,243
14707,2342779,defensive,1,0.9700,2,244
14708,2342877,defensive,0,0.9600,2,245
14709,2343004,defensive,1,0.9600,2,246
14710,2343176,defensive,1,0.9600,2,247
14711,2343327,defensive,1,0.9600,2,248
14712,2343421,defensive,0,0.9500,2,249
14713,2343603,defensive,1,0.9500,2,250
14714,2343737,defensive,1,0.9500,2,251
14715,2343867,defensive,1,0.9500,2,252
14716,2344035,defensive,1,0.9500,2,253
14717,2344176,defensive,1,0.9500,2,254
14718,2344313,defensive,1,0.9500,2,255
14719,2344492,defensive,1,0.9500,2,256
14720,2344621,defensive,1,0.9500,2,257
14721,2344749,defensive,1,0.9500,2,258
14722,2344879,defensive,1,0.9500,2,259
14723,2345007,defensive,1,0.9500,2,260
14724,2345134,defensive,1,0.9500,2,261
14725,2345294,defensive,1,0.9500,2,262
14726,2345468,defensive,1,0.9600,2,263
14727,2345760,defensive,1,0.9600,2,264
14728,2345885,defensive,1,0.9600,2,265
14729,2346014,defensive,1,0.9600,2,266
14730,2346314,defensive,1,0.9600,2,267
14731,2346444,defensive,1,0.9600,2,268
14732,2346577,defensive,1,0.9600,2,269
14733,2346814,defensive,1,0.9600,2,270
14734,2346915,defensive,1,0.9600,2,271
14735,2347014,defensive,0,0.9500,2,272
14736,2347157,defensive,1,0.9500,2,273
14737,2347309,defensive,1,0.9500,2,274
14738,2347477,defensive,1,0.9500,2,275
14739,2347617,defensive,1,0.9500,2,276
14740,2347801,defensive,1,0.9500,2,277
14741,2347931,defensive,1,0.9500,2,278
14742,2348081,defensive,1,0.9500,2,279
14743,2348206,defensive,1,0.9500,2,280
14744,2348353,defensive,1,0.9500,2,281
14745,2348489,defensive,1,0.9500,2,282
14746,2348640,defensive,1,0.9500,2,283
14747,2348800,defensive,1,0.9500,2,284
14748,2348957,defensive,1,0.9500,2,285
14749,2349086,defensive,1,0.9500,2,286
14750,2349278,defensive,1,0.9500,2,287
14751,2349413,defensive,1,0.9500,2,288
14752,2349564,defensive,1,0.9500,2,289
14753,2349691,defensive,1,0.9500,2,290
14754,2349826,defensive,1,0.9500,2,291
14755,2349982,defensive,1,0.9500,2,292
14756,2350260,defensive,1,0.9500,2,293
14757,2350523,defensive,0,0.9400,2,294
14758,2350653,defensive,1,0.9400,2,295
14759,2350781,defensive,1,0.9400,2,296
14760,2350910,defensive,1,0.9400,2,297
14761,2351111,defensive,1,0.9400,2,298
14762,2351262,defensive,1,0.9400,2,299
14763,2351389,defensive,1,0.9400,2,300
14764,2351533,defensive,1,0.9500,2,301
14765,2351666,defensive,1,0.9500,2,302
14766,2351801,defensive,1,0.9500,2,303
14767,2351947,defensive,1,0.9500,2,304
14768,2352122,defensive,1,0.9500,2,305
14769,2352329,defensive,1,0.9500,2,306
14770,2352455,defensive,1,0.9500,2,307
14771,2352590,defensive,1,0.9500,2,308
14772,2352753,defensive,1,0.9500,2,309
14773,2352904,defensive,1,0.9500,2,310
14774,2353033,defensive,1,0.9500,2,311
14775,2353188,defensive,1,0.9500,2,312
14776,2353333,defensive,1,0.9500,2,313
14777,2353478,defensive,1,0.9500,2,314
14778,2353668,defensive,1,0.9500,2,315
14779,2353806,defensive,1,0.9500,2,316
14780,2353955,defensive,1,0.9500,2,317
14781,2354094,defensive,1,0.9500,2,318
14782,2354238,defensive,1,0.9500,2,319
14783,2354368,defensive,1,0.9500,2,320
14784,2354550,defensive,1,0.9500,2,321
14785,2354721,defensive,1,0.9500,2,322
14786,2354908,defensive,1,0.9500,2,323
14787,2355049,defensive,1,0.9500,2,324
14788,2355230,defensive,1,0.9500,2,325
14789,2355512,defensive,1,0.9500,2,326
14790,2355677,defensive,1,0.9500,2,327
14791,2355850,defensive,1,0.9500,2,328
14792,2356063,defensive,1,0.9500,2,329
14793,2356213,defensive,1,0.9500,2,330
14794,2356409,defensive,1,0.9500,2,331
14795,2356538,defensive,1,0.9500,2,332
14796,2356705,defensive,1,0.9500,2,333
14797,2356844,defensive,1,0.9500,2,334
14798,2356971,defensive,1,0.9500,2,335
14799,2357069,defensive,0,0.9400,2,336
14800,2357216,defensive,1,0.9400,2,337
14801,2357465,defensive,1,0.9400,2,338
14802,2357600,defensive,1,0.9500,2,339
14803,2357763,defensive,1,0.9500,2,340
14804,2357921,defensive,1,0.9500,2,341
14805,2358082,defensive,1,0.9500,2,342
14806,2358225,defensive,1,0.9500,2,343
14807,2358442,defensive,1,0.9500,2,344
14808,2358566,defensive,1,0.9600,2,345
14809,2358743,defensive,1,0.9600,2,346
14810,2358897,defensive,1,0.9600,2,347
14811,2359132,defensive,1,0.9600,2,348
14812,2359262,defensive,1,0.9700,2,349
14813,2359388,defensive,1,0.9700,2,350
14814,2359581,defensive,1,0.9700,2,351
14815,2359731,defensive,1,0.9700,2,352
14816,2359869,defensive,1,0.9700,2,353
14817,2360052,defensive,1,0.9700,2,354
14818,2360137,defensive,0,0.9600,2,355
14819,2360324,defensive,1,0.9600,2,356
14820,2360451,defensive,1,0.9600,2,357
14821,2360645,defensive,1,0.9600,2,358
14822,2360775,defensive,1,0.9600,2,359
14823,2360973,defensive,1,0.9600,2,360
14824,2361162,defensive,1,0.9600,2,361
14825,2361400,defensive,1,0.9600,2,362
14826,2361529,defensive,1,0.9600,2,363
14827,2361689,defensive,1,0.9600,2,364
14828,2361816,defensive,1,0.9600,2,365
14829,2361943,defensive,1,0.9600,2,366
14830,2362069,defensive,1,0.9600,2,367
14831,2362296,defensive,1,0.9600,2,368
14832,2362439,defensive,1,0.9600,2,369
14833,2362536,defensive,1,0.9600,2,370
14834,2362715,defensive,1,0.9600,2,371
14835,2362852,defensive,1,0.9700,2,372
14836,2362988,defensive,1,0.9700,2,373
14837,2363112,defensive,1,0.9700,2,374
14838,2363279,defensive,1,0.9700,2,375
14839,2363422,defensive,1,0.9700,2,376
14840,2363593,defensive,1,0.9700,2,377
14841,2363900,defensive,1,0.9700,2,378
14842,2364054,defensive,1,0.9700,2,379
14843,2364206,defensive,1,0.9700,2,380
14844,2364408,defensive,1,0.9700,2,381
14845,2364538,defensive,1,0.9700,2,382
14846,2364687,defensive,1,0.9700,2,383
14847,2364849,defensive,1,0.9700,2,384
14848,2364985,defensive,1,0.9700,2,385
14849,2365170,defensive,1,0.9700,2,386
14850,2365303,defensive,1,0.9700,2,387
14851,2365618,defensive,1,0.9700,2,388
14852,2365777,defensive,1,0.9700,2,389
14853,2365964,defensive,1,0.9700,2,390
14854,2366103,defensive,1,0.9700,2,391
14855,2366250,defensive,1,0.9700,2,392
14856,2366429,defensive,1,0.9700,2,393
14857,2366560,defensive,1,0.9800,2,394
14858,2366721,defensive,1,0.9800,2,395
14859,2366883,defensive,1,0.9800,2,396
14860,2367070,defensive,1,0.9800,2,397
14861,2367213,defensive,1,0.9800,2,398
14862,2367346,defensive,1,0.9800,2,399
14863,2367545,defensive,1,0.9800,2,400
14864,2367694,defensive,1,0.9800,2,401
14865,2367850,defensive,1,0.9800,2,402
14866,2367983,defensive,1,0.9800,2,403
14867,2368226,defensive,1,0.9800,2,404
14868,2368380,defensive,1,0.9800,2,405
14869,2368511,defensive,1,0.9800,2,406
14870,2368646,defensive,1,0.9800,2,407
14871,2368776,defensive,1,0.9800,2,408
14872,2368944,defensive,1,0.9800,2,409
14873,2369080,defensive,1,0.9800,2,410
14874,2369209,defensive,1,0.9800,2,411
14875,2369352,defensive,1,0.9800,2,412
14876,2369547,defensive,1,0.9800,2,413
14877,2369675,defensive,1,0.9800,2,414
14878,2369823,defensive,1,0.9800,2,415
14879,2369926,defensive,0,0.9700,2,416
14880,2370068,defensive,1,0.9700,2,417
14881,2370196,defensive,1,0.9700,2,418
14882,2370356,defensive,1,0.9700,2,419
14883,2370496,defensive,1,0.9700,2,420
14884,2370648,defensive,1,0.9700,2,421
14885,2370811,defensive,1,0.9700,2,422
14886,2370982,defensive,1,0.9700,2,423
14887,2371124,defensive,1,0.9700,2,424
14888,2371288,defensive,1,0.9700,2,425
14889,2371423,defensive,1,0.9700,2,426
14890,2371621,defensive,1,0.9700,2,427
14891,2371728,defensive,0,0.9600,2,428
14892,2371873,defensive,1,0.9600,2,429
14893,2372025,defensive,1,0.9600,2,430
14894,2372237,defensive,1,0.9600,2,431
14895,2372396,defensive,1,0.9600,2,432
14896,2372557,defensive,1,0.9600,2,433
14897,2372823,defensive,1,0.9600,2,434
14898,2372963,defensive,1,0.9600,2,435
14899,2373061,defensive,1,0.9700,2,436
14900,2373196,defensive,1,0.9700,2,437
14901,2373351,defensive,1,0.9700,2,438
14902,2373667,defensive,1,0.9700,2,439
14903,2373861,defensive,1,0.9700,2,440
14904,2373989,defensive,1,0.9700,2,441
14905,2374137,defensive,1,0.9700,2,442
14906,2374318,defensive,1,0.9700,2,443
14907,2374429,defensive,0,0.9600,2,444
14908,2374572,defensive,1,0.9600,2,445
14909,2374704,defensive,1,0.9600,2,446
14910,2374850,defensive,1,0.9600,2,447
14911,2375067,defensive,1,0.9600,2,448
14912,2375227,defensive,1,0.9600,2,449
14913,2375562,defensive,1,0.9600,2,450
14914,2375727,defensive,1,0.9600,2,451
14915,2375864,defensive,1,0.9600,2,452
14916,2375999,defensive,1,0.9600,2,453
14917,2376134,defensive,1,0.9600,2,454
14918,2376325,defensive,1,0.9700,2,455
14919,2376451,defensive,1,0.9700,2,456
14920,2376587,defensive,1,0.9700,2,457
14921,2376719,defensive,1,0.9700,2,458
14922,2376949,defensive,1,0.9700,2,459
14923,2377099,defensive,1,0.9700,2,460
14924,2377236,defensive,1,0.9700,2,461
14925,2377407,defensive,1,0.9700,2,462
14926,2377675,defensive,1,0.9700,2,463
14927,2377810,defensive,1,0.9700,2,464
14928,2377938,defensive,1,0.9700,2,465
14929,2378081,defensive,1,0.9700,2,466
14930,2378228,defensive,1,0.9700,2,467
14931,2378353,defensive,1,0.9700,2,468
14932,2378494,defensive,1,0.9700,2,469
14933,2378627,defensive,1,0.9700,2,470
14934,2378758,defensive,1,0.9700,2,471
14935,2378887,defensive,1,0.9700,2,472
14936,2379067,defensive,1,0.9700,2,473
14937,2379189,defensive,1,0.9700,2,474
14938,2379326,defensive,1,0.9700,2,475
14939,2379558,defensive,1,0.9700,2,476
14940,2379717,defensive,1,0.9700,2,477
14941,2379886,defensive,1,0.9700,2,478
14942,2380018,defensive,1,0.9700,2,479
14943,2380146,defensive,1,0.9700,2,480
14944,2380287,defensive,1,0.9700,2,481
14945,2380436,defensive,1,0.9700,2,482
14946,2380578,defensive,1,0.9700,2,483
14947,2380724,defensive,1,0.9700,2,484
14948,2380872,defensive,1,0.9700,2,485
14949,2381072,defensive,1,0.9700,2,486
14950,2381279,defensive,1,0.9700,2,487
14951,2381435,defensive,1,0.9700,2,488
14952,2381582,defensive,0,0.9600,2,489
14953,2381737,defensive,1,0.9600,2,490
14954,2381879,defensive,1,0.9600,2,491
14955,2382005,defensive,1,0.9600,2,492
14956,2382159,defensive,1,0.9600,2,493
14957,2382303,defensive,1,0.9600,2,494
14958,2382437,defensive,1,0.9600,2,495
14959,2382564,defensive,1,0.9600,2,496
14960,2382709,defensive,1,0.9600,2,497
14961,2382900,defensive,1,0.9600,2,498
14962,2383082,defensive,1,0.9600,2,499
14963,2383242,defensive,1,0.9600,2,500
14964,2383430,defensive,1,0.9600,2,501
14965,2383559,defensive,1,0.9600,2,502
14966,2383733,defensive,1,0.9600,2,503
14967,2383866,defensive,1,0.9600,2,504
14968,2384044,defensive,1,0.9600,2,505
14969,2384186,defensive,1,0.9600,2,506
14970,2384316,defensive,1,0.9600,2,507
14971,2384465,defensive,1,0.9600,2,508
14972,2384617,defensive,1,0.9600,2,509
14973,2384756,defensive,1,0.9600,2,510
14974,2384851,defensive,0,0.9500,2,511
14975,2384996,defensive,1,0.9500,2,512
14976,2385145,defensive,1,0.9500,2,513
14977,2385322,defensive,1,0.9500,2,514
14978,2385492,defensive,1,0.9500,2,515
14979,2385619,defensive,1,0.9600,2,516
14980,2385792,defensive,1,0.9600,2,517
14981,2385938,defensive,1,0.9600,2,518
14982,2386090,defensive,1,0.9600,2,519
14983,2386218,defensive,1,0.9600,2,520
14984,2386367,defensive,1,0.9600,2,521
14985,2386471,defensive,0,0.9500,2,522
14986,2386600,defensive,1,0.9500,2,523
14987,2386725,defensive,1,0.9500,2,524
14988,2386874,defensive,1,0.9500,2,525
14989,2387005,defensive,1,0.9500,2,526
14990,2387159,defensive,1,0.9500,2,527
14991,2387335,defensive,1,0.9600,2,528
14992,2387471,defensive,1,0.9600,2,529
14993,2387616,defensive,1,0.9600,2,530
14994,2387782,defensive,1,0.9600,2,531
14995,2387930,defensive,1,0.9600,2,532
14996,2388060,defensive,1,0.9600,2,533
14997,2388198,defensive,1,0.9600,2,534
14998,2388328,defensive,1,0.9600,2,535
14999,2388475,defensive,1,0.9600,2,536
15000,2388603,defensive,1,0.9600,2,537
15001,2388702,defensive,1,0.9600,2,538
15002,2388963,defensive,1,0.9600,2,539
15003,2389115,defensive,1,0.9600,2,540
15004,2389260,defensive,1,0.9600,2,541
15005,2389387,defensive,1,0.9600,2,542
15006,2389565,defensive,1,0.9600,2,543
15007,2389724,defensive,1,0.9700,2,544
15008,2389885,defensive,1,0.9700,2,545
15009,2390054,defensive,1,0.9700,2,546
15010,2390230,defensive,1,0.9700,2,547
15011,2390368,defensive,1,0.9700,2,548
15012,2390499,defensive,1,0.9700,2,549
15013,2390629,defensive,1,0.9700,2,550
15014,2390761,defensive,1,0.9700,2,551
15015,2390895,defensive,1,0.9700,2,552
15016,2391029,defensive,1,0.9700,2,553
15017,2391129,defensive,0,0.9600,2,554
15018,2391270,defensive,1,0.9600,2,555
15019,2391409,defensive,1,0.9600,2,556
15020,2391551,defensive,1,0.9600,2,557
15021,2391695,defensive,1,0.9600,2,558
15022,2391828,defensive,1,0.9600,2,559
15023,2391972,defensive,1,0.9600,2,560
15024,2392127,defensive,1,0.9600,2,561
15025,2392257,defensive,1,0.9600,2,562
15026,2392396,defensive,1,0.9600,2,563
15027,2392555,defensive,1,0.9600,2,564
15028,2392723,defensive,1,0.9600,2,565
15029,2392866,defensive,1,0.9600,2,566
15030,2392968,defensive,0,0.9500,2,567
15031,2393103,defensive,1,0.9500,2,568
15032,2393268,defensive,1,0.9500,2,569
15033,2393390,defensive,1,0.9500,2,570
15034,2393518,defensive,1,0.9500,2,571
15035,2393664,defensive,1,0.9500,2,572
15036,2393823,defensive,1,0.9500,2,573
15037,2394005,defensive,1,0.9500,2,574
15038,2394130,defensive,1,0.9500,2,575
15039,2394258,defensive,1,0.9500,2,576
15040,2394383,defensive,1,0.9500,2,577
15041,2394693,defensive,1,0.9500,2,578
15042,2394876,defensive,1,0.9500,2,579
15043,2395036,defensive,1,0.9500,2,580
15044,2395179,defensive,1,0.9500,2,581
15045,2395333,defensive,1,0.9500,2,582
15046,2395476,defensive,1,0.9500,2,583
15047,2395567,defensive,0,0.9400,2,584
15048,2395766,defensive,1,0.9400,2,585
15049,2395903,defensive,1,0.9400,2,586
15050,2396070,defensive,1,0.9400,2,587
15051,2396361,defensive,1,0.9400,2,588
15052,2396492,defensive,1,0.9500,2,589
15053,2396625,defensive,1,0.9500,2,590
15054,2396767,defensive,1,0.9500,2,591
15055,2396901,defensive,1,0.9500,2,592
15056,2397032,defensive,1,0.9500,2,593
15057,2397172,defensive,1,0.9500,2,594
15058,2397465,defensive,1,0.9500,2,595
15059,2397597,defensive,1,0.9500,2,596
15060,2397725,defensive,1,0.9500,2,597
15061,2397869,defensive,1,0.9500,2,598
15062,2398023,defensive,1,0.9500,2,599
15063,2398172,defensive,1,0.9500,2,600
15064,2398318,defensive,1,0.9500,2,601
15065,2398440,defensive,1,0.9500,2,602
15066,2398570,defensive,1,0.9500,2,603
15067,2398740,defensive,1,0.9500,2,604
15068,2398934,defensive,1,0.9500,2,605
15069,2399098,defensive,1,0.9500,2,606
15070,2399189,defensive,0,0.9400,2,607
15071,2399328,defensive,1,0.9400,2,608
15072,2399459,defensive,1,0.9400,2,609
15073,2399620,defensive,1,0.9400,2,610
15074,2399755,defensive,1,0.9500,2,611
15075,2399864,defensive,0,0.9400,2,612
15076,2400007,defensive,1,0.9400,2,613
15077,2400132,defensive,1,0.9400,2,614
15078,2400318,defensive,1,0.9400,2,615
15079,2400442,defensive,1,0.9400,2,616
15080,2400593,defensive,1,0.9400,2,617
15081,2400719,defensive,1,0.9400,2,618
15082,2400855,defensive,1,0.9400,2,619
15083,2400984,defensive,1,0.9400,2,620
15084,2401159,defensive,1,0.9400,2,621
15085,2401254,defensive,0,0.9400,2,622
15086,2401543,defensive,1,0.9400,2,623
15087,2401680,defensive,1,0.9400,2,624
15088,2401929,defensive,1,0.9400,2,625
15089,2402072,defensive,1,0.9400,2,626
15090,2402200,defensive,1,0.9400,2,627
15091,2402364,defensive,1,0.9400,2,628
15092,2402508,defensive,1,0.9400,2,629
15093,2402729,defensive,1,0.9400,2,630
15094,2402861,defensive,1,0.9400,2,631
15095,2402998,defensive,1,0.9400,2,632
15096,2403132,defensive,1,0.9400,2,633
15097,2403275,defensive,1,0.9400,2,634
15098,2403412,defensive,1,0.9400,2,635
15099,2403557,defensive,1,0.9400,2,636
15100,2403684,defensive,1,0.9400,2,637
15101,2403871,defensive,1,0.9400,2,638
15102,2404166,defensive,1,0.9400,2,639
15103,2404297,defensive,1,0.9400,2,640
15104,2404478,defensive,1,0.9400,2,641
15105,2404629,defensive,1,0.9400,2,642
15106,2404781,defensive,1,0.9400,2,643
15107,2404909,defensive,1,0.9400,2,644
15108,2405037,defensive,1,0.9400,2,645
15109,2405196,defensive,1,0.9400,2,646
15110,2405365,defensive,1,0.9400,2,647
15111,2405652,defensive,1,0.9400,2,648
15112,2405795,defensive,1,0.9400,2,649
15113,2405928,defensive,1,0.9400,2,650
15114,2406084,defensive,1,0.9400,2,651
15115,2406248,defensive,1,0.9400,2,652
15116,2406379,defensive,1,0.9400,2,653
15117,2406647,defensive,1,0.9500,2,654
15118,2406810,defensive,1,0.9500,2,655
15119,2406944,defensive,1,0.9500,2,656
15120,2407128,defensive,1,0.9500,2,657
15121,2407256,defensive,1,0.9500,2,658
15122,2407382,defensive,1,0.9500,2,659
15123,2407551,defensive,1,0.9500,2,660
15124,2407687,defensive,1,0.9500,2,661
15125,2407814,defensive,1,0.9500,2,662
15126,2407940,defensive,1,0.9500,2,663
15127,2408163,defensive,1,0.9500,2,664
15128,2408302,defensive,1,0.9500,2,665
15129,2408465,defensive,1,0.9500,2,666
15130,2408759,defensive,1,0.9600,2,667
15131,2408895,defensive,1,0.9600,2,668
15132,2409047,defensive,1,0.9600,2,669
15133,2409173,defensive,1,0.9600,2,670
15134,2409345,defensive,1,0.9600,2,671
15135,2409475,defensive,1,0.9600,2,672
15136,2409605,defensive,1,0.9600,2,673
15137,2409903,defensive,1,0.9600,2,674
15138,2410053,defensive,1,0.9600,2,675
15139,2410193,defensive,1,0.9600,2,676
15140,2410320,defensive,1,0.9600,2,677
15141,2410452,defensive,1,0.9600,2,678
15142,2410688,defensive,1,0.9600,2,679
15143,2410822,defensive,1,0.9600,2,680
15144,2411088,defensive,1,0.9600,2,681
15145,2411211,defensive,1,0.9600,2,682
15146,2411365,defensive,1,0.9600,2,683
15147,2411516,defensive,1,0.9700,2,684
15148,2411669,defensive,1,0.9700,2,685
15149,2411816,defensive,1,0.9700,2,686
15150,2411965,defensive,1,0.9700,2,687
15151,2412090,defensive,1,0.9700,2,688
15152,2412236,defensive,1,0.9700,2,689
15153,2412434,defensive,1,0.9700,2,690
15154,2412620,defensive,1,0.9700,2,691
15155,2412755,defensive,1,0.9700,2,692
15156,2412890,defensive,1,0.9700,2,693
15157,2413060,defensive,1,0.9700,2,694
15158,2413220,defensive,1,0.9700,2,695
15159,2413360,defensive,1,0.9700,2,696
15160,2413522,defensive,1,0.9700,2,697
15161,2413682,defensive,1,0.9700,2,698
15162,2413867,defensive,1,0.9700,2,699
15163,2414138,defensive,1,0.9700,2,700
15164,2414269,defensive,1,0.9700,2,701
15165,2414400,defensive,1,0.9700,2,702
15166,2414534,defensive,1,0.9700,2,703
15167,2414698,defensive,1,0.9700,2,704
15168,2414843,defensive,1,0.9700,2,705
15169,2415029,defensive,1,0.9700,2,706
15170,2415162,defensive,1,0.9800,2,707
15171,2415494,defensive,1,0.9800,2,708
15172,2415621,defensive,1,0.9800,2,709
15173,2415750,defensive,1,0.9800,2,710
15174,2415882,defensive,0,0.9700,2,711
15175,2416013,defensive,1,0.9800,2,712
15176,2416188,defensive,1,0.9800,2,713
15177,2416316,defensive,1,0.9800,2,714
15178,2416487,defensive,1,0.9800,2,715
15179,2416660,defensive,1,0.9800,2,716
15180,2416820,defensive,1,0.9800,2,717
15181,2416952,defensive,1,0.9800,2,718
15182,2417103,defensive,1,0.9800,2,719
15183,2417244,defensive,1,0.9800,2,720
15184,2417380,defensive,1,0.9800,2,721
15185,2417505,defensive,1,0.9900,2,722
15186,2417646,defensive,1,0.9900,2,723
15187,2417828,defensive,1,0.9900,2,724
15188,2417979,defensive,1,0.9900,2,725
15189,2418124,defensive,1,0.9900,2,726
15190,2418250,defensive,1,0.9900,2,727
15191,2418380,defensive,1,0.9900,2,728
15192,2418529,defensive,1,0.9900,2,729
15193,2418762,defensive,1,0.9900,2,730
15194,2418897,defensive,1,0.9900,2,731
15195,2419025,defensive,1,0.9900,2,732
15196,2419172,defensive,1,0.9900,2,733
15197,2419296,defensive,1,0.9900,2,734
15198,2419435,defensive,1,0.9900,2,735
15199,2419589,defensive,1,0.9900,2,736
15200,2419730,defensive,1,0.9900,2,737
15201,2419884,defensive,1,0.9900,2,738
15202,2420014,defensive,1,0.9900,2,739
15203,2420168,defensive,1,0.9900,2,740
15204,2420293,defensive,1,0.9900,2,741
15205,2420443,defensive,1,0.9900,2,742
15206,2420611,defensive,1,0.9900,2,743
15207,2420788,defensive,1,0.9900,2,744
15208,2420908,defensive,1,0.9900,2,745
15209,2421035,defensive,1,0.9900,2,746
15210,2421211,defensive,1,0.9900,2,747
15211,2421347,defensive,1,0.9900,2,748
15212,2421519,defensive,1,0.9900,2,749
15213,2421655,defensive,1,0.9900,2,750
15214,2421962,defensive,1,0.9900,2,751
15215,2422115,defensive,1,0.9900,2,752
15216,2422273,defensive,1,0.9900,2,753
15217,2422395,defensive,1,0.9900,2,754
15218,2422584,defensive,1,0.9900,2,755
15219,2422735,defensive,1,0.9900,2,756
15220,2422868,defensive,1,0.9900,2,757
15221,2423005,defensive,1,0.9900,2,758
15222,2423131,defensive,1,0.9900,2,759
15223,2423311,defensive,1,0.9900,2,760
15224,2423433,defensive,1,0.9900,2,761
15225,2423589,defensive,1,0.9900,2,762
15226,2423718,defensive,1,0.9900,2,763
15227,2423852,defensive,1,0.9900,2,764
15228,2424007,defensive,1,0.9900,2,765
15229,2424133,defensive,1,0.9900,2,766
15230,2424276,defensive,1,0.9900,2,767
15231,2424456,defensive,1,0.9900,2,768
15232,2424583,defensive,1,0.9900,2,769
15233,2424753,defensive,1,0.9900,2,770
15234,2424916,defensive,1,0.9900,2,771
15235,2425108,defensive,1,0.9900,2,772
15236,2425283,defensive,1,0.9900,2,773
15237,2425480,defensive,1,0.9900,2,774
15238,2425609,defensive,1,0.9900,2,775
15239,2425737,defensive,1,0.9900,2,776
15240,2425897,defensive,1,0.9900,2,777
15241,2426045,defensive,1,0.9900,2,778
15242,2426226,defensive,1,0.9900,2,779
15243,2426381,defensive,1,0.9900,2,780
15244,2426513,defensive,1,0.9900,2,781
15245,2426685,defensive,1,0.9900,2,782
15246,2426828,defensive,1,0.9900,2,783
15247,2426975,defensive,1,0.9900,2,784
15248,2427103,defensive,1,0.9900,2,785
15249,2427260,defensive,1,0.9900,2,786
15250,2427385,defensive,1,0.9900,2,787
15251,2427589,defensive,1,0.9900,2,788
15252,2427721,defensive,1,0.9900,2,789
15253,2427895,defensive,1,0.9900,2,790
15254,2428024,defensive,1,0.9900,2,791
15255,2428187,defensive,1,0.9900,2,792
15256,2428316,defensive,1,0.9900,2,793
15257,2428457,defensive,1,0.9900,2,794
15258,2428587,defensive,1,0.9900,2,795
15259,2428745,defensive,1,0.9900,2,796
15260,2428893,defensive,1,0.9900,2,797
15261,2429036,defensive,1,0.9900,2,798
15262,2429221,defensive,1,0.9900,2,799
15263,2429411,defensive,1,0.9900,2,800
15264,2429558,defensive,1,0.9900,2,801
15265,2429653,defensive,1,0.9900,2,802
15266,2429782,defensive,1,0.9900,2,803
15267,2429907,defensive,1,0.9900,2,804
15268,2430040,defensive,1,0.9900,2,805
15269,2430184,defensive,1,0.9900,2,806
15270,2430316,defensive,1,0.9900,2,807
15271,2430450,defensive,1,0.9900,2,808
15272,2430590,defensive,1,0.9900,2,809
15273,2430739,defensive,1,0.9900,2,810
15274,2430876,defensive,1,1.0000,2,811
15275,2431031,defensive,1,1.0000,2,812
15276,2431194,defensive,1,1.0000,2,813
15277,2431369,defensive,1,1.0000,2,814
15278,2431617,defensive,1,1.0000,2,815
15279,2431753,defensive,1,1.0000,2,816
15280,2431901,defensive,1,1.0000,2,817
15281,2432033,defensive,1,1.0000,2,818
15282,2432201,defensive,1,1.0000,2,819
15283,2432364,defensive,1,1.0000,2,820
15284,2432493,defensive,1,1.0000,2,821
15285,2432638,defensive,1,1.0000,2,822
15286,2432792,defensive,1,1.0000,2,823
15287,2432919,defensive,1,1.0000,2,824
15288,2433053,defensive,1,1.0000,2,825
15289,2433214,defensive,1,1.0000,2,826
15290,2433364,defensive,1,1.0000,2,827
15291,2433503,defensive,1,1.0000,2,828
15292,2433627,defensive,1,1.0000,2,829
15293,2433771,defensive,1,1.0000,2,830
15294,2433907,defensive,1,1.0000,2,831
15295,2434035,defensive,1,1.0000,2,832
15296,2434216,defensive,1,1.0000,2,833
15297,2434356,defensive,1,1.0000,2,834
15298,2434529,defensive,1,1.0000,2,835
15299,2434680,defensive,1,1.0000,2,836
15300,2434804,defensive,1,1.0000,2,837
15301,2434932,defensive,1,1.0000,2,838
15302,2435076,defensive,1,1.0000,2,839
15303,2435197,defensive,1,1.0000,2,840
15304,2435390,defensive,1,1.0000,2,841
15305,2435547,defensive,1,1.0000,2,842
15306,2435689,defensive,1,1.0000,2,843
15307,2435815,defensive,1,1.0000,2,844
15308,2435949,defensive,1,1.0000,2,845
15309,2436076,defensive,1,1.0000,2,846
15310,2436234,defensive,1,1.0000,2,847
15311,2436383,defensive,1,1.0000,2,848
15312,2436544,defensive,1,1.0000,2,849
15313,2436709,defensive,1,1.0000,2,850
15314,2436802,defensive,0,0.9900,2,851
15315,2436940,defensive,1,0.9900,2,852
15316,2437063,defensive,1,0.9900,2,853
15317,2437194,defensive,1,0.9900,2,854
15318,2437338,defensive,1,0.9900,2,855
15319,2437463,defensive,1,0.9900,2,856
15320,2437592,defensive,1,0.9900,2,857
15321,2437737,defensive,1,0.9900,2,858
15322,2437865,defensive,1,0.9900,2,859
15323,2437993,defensive,1,0.9900,2,860
15324,2438138,defensive,1,0.9900,2,861
15325,2438285,defensive,1,0.9900,2,862
15326,2438416,defensive,1,0.9900,2,863
15327,2438540,defensive,1,0.9900,2,864
15328,2438660,defensive,1,0.9900,2,865
15329,2438814,defensive,1,0.9900,2,866
15330,2438956,defensive,1,0.9900,2,867
15331,2439088,defensive,1,0.9900,2,868
15332,2439218,defensive,1,0.9900,2,869
15333,2439353,defensive,1,0.9900,2,870
15334,2439479,defensive,1,0.9900,2,871
15335,2439609,defensive,1,0.9900,2,872
15336,2439734,defensive,1,0.9900,2,873
15337,2439867,defensive,1,0.9900,2,874
15338,2439999,defensive,1,0.9900,2,875
15339,2440180,defensive,1,0.9900,2,876
15340,2440328,defensive,1,0.9900,2,877
15341,2440470,defensive,1,0.9900,2,878
15342,2440615,defensive,1,0.9900,2,879
15343,2440787,defensive,1,0.9900,2,880
15344,2441011,defensive,1,0.9900,2,881
15345,2441151,defensive,1,0.9900,2,882
15346,2441310,defensive,1,0.9900,2,883
15347,2441437,defensive,1,0.9900,2,884
15348,2441561,defensive,1,0.9900,2,885
15349,2441693,defensive,1,0.9900,2,886
15350,2441985,defensive,1,0.9900,2,887
15351,2442110,defensive,1,0.9900,2,888
15352,2442245,defensive,1,0.9900,2,889
15353,2442367,defensive,1,0.9900,2,890
15354,2442507,defensive,1,0.9900,2,891
15355,2442639,defensive,1,0.9900,2,892
15356,2442764,defensive,1,0.9900,2,893
15357,2442924,defensive,1,0.9900,2,894
15358,2443068,defensive,1,0.9900,2,895
15359,2443232,defensive,1,0.9900,2,896
15360,2443371,defensive,1,0.9900,2,897
15361,2443520,defensive,1,0.9900,2,898
15362,2443678,defensive,1,0.9900,2,899
15363,2443802,defensive,1,0.9900,2,900
15364,2443928,defensive,1,0.9900,2,901
15365,2444061,defensive,1,0.9900,2,902
15366,2444185,defensive,1,0.9900,2,903
15367,2444320,defensive,1,0.9900,2,904
15368,2444443,defensive,1,0.9900,2,905
15369,2444738,defensive,1,0.9900,2,906
15370,2444886,defensive,1,0.9900,2,907
15371,2445040,defensive,1,0.9900,2,908
15372,2445224,defensive,1,0.9900,2,909
15373,2445354,defensive,1,0.9900,2,910
15374,2445508,defensive,1,0.9900,2,911
15375,2445636,defensive,1,0.9900,2,912
15376,2445828,defensive,1,0.9900,2,913
15377,2445957,defensive,1,0.9900,2,914
15378,2446116,defensive,1,0.9900,2,915
15379,2446245,defensive,1,0.9900,2,916
15380,2446375,defensive,1,0.9900,2,917
15381,2446506,defensive,1,0.9900,2,918
15382,2446636,defensive,1,0.9900,2,919
15383,2446797,defensive,1,0.9900,2,920
15384,2446919,defensive,1,0.9900,2,921
15385,2447042,defensive,1,0.9900,2,922
15386,2447166,defensive,1,0.9900,2,923
15387,2447294,defensive,1,0.9900,2,924
15388,2447421,defensive,1,0.9900,2,925
15389,2447544,defensive,1,0.9900,2,926
15390,2447701,defensive,1,0.9900,2,927
15391,2447788,defensive,0,0.9800,2,928
15392,2447934,defensive,1,0.9800,2,929
15393,2448062,defensive,1,0.9800,2,930
15394,2448190,defensive,1,0.9800,2,931
15395,2448340,defensive,1,0.9800,2,932
15396,2448463,defensive,1,0.9800,2,933
15397,2448591,defensive,1,0.9800,2,934
15398,2448742,defensive,1,0.9800,2,935
15399,2448901,defensive,1,0.9800,2,936
15400,2449058,defensive,1,0.9800,2,937
15401,2449224,defensive,1,0.9800,2,938
15402,2449348,defensive,1,0.9800,2,939
15403,2449495,defensive,1,0.9800,2,940
15404,2449623,defensive,1,0.9800,2,941
15405,2449748,defensive,1,0.9800,2,942
15406,2449886,defensive,1,0.9800,2,943
15407,2450018,defensive,1,0.9800,2,944
15408,2450139,defensive,1,0.9800,2,945
15409,2450277,defensive,1,0.9800,2,946
15410,2450404,defensive,1,0.9800,2,947
15411,2450587,defensive,1,0.9800,2,948
15412,2450740,defensive,1,0.9800,2,949
15413,2450871,defensive,1,0.9800,2,950
15414,2451018,defensive,1,0.9900,2,951
15415,2451141,defensive,1,0.9900,2,952
15416,2451295,defensive,1,0.9900,2,953
15417,2451430,defensive,1,0.9900,2,954
15418,2451563,defensive,1,0.9900,2,955
15419,2451691,defensive,1,0.9900,2,956
15420,2451821,defensive,1,0.9900,2,957
15421,2451953,defensive,1,0.9900,2,958
15422,2452086,defensive,1,0.9900,2,959
15423,2452266,defensive,1,0.9900,2,960
15424,2452649,defensive,1,0.9900,2,961
15425,2452840,defensive,1,0.9900,2,962
15426,2452976,defensive,1,0.9900,2,963
15427,2453106,defensive,1,0.9900,2,964
15428,2453250,defensive,1,0.9900,2,965
15429,2453485,defensive,1,0.9900,2,966
15430,2453644,defensive,1,0.9900,2,967
15431,2453785,defensive,1,0.9900,2,968
15432,2453911,defensive,1,0.9900,2,969
15433,2454035,defensive,1,0.9900,2,970
15434,2454170,defensive,1,0.9900,2,971
15435,2454296,defensive,1,0.9900,2,972
15436,2454418,defensive,1,0.9900,2,973
15437,2454542,defensive,1,0.9900,2,974
15438,2454681,defensive,1,0.9900,2,975
15439,2454822,defensive,1,0.9900,2,976
15440,2454980,defensive,1,0.9900,2,977
15441,2455106,defensive,1,0.9900,2,978
15442,2455236,defensive,1,0.9900,2,979
15443,2455366,defensive,1,0.9900,2,980
15444,2455527,defensive,1,0.9900,2,981
15445,2455652,defensive,1,0.9900,2,982
15446,2455780,defensive,1,0.9900,2,983
15447,2455941,defensive,1,0.9900,2,984
15448,2456078,defensive,1,0.9900,2,985
15449,2456249,defensive,1,0.9900,2,986
15450,2456382,defensive,1,0.9900,2,987
15451,2456516,defensive,1,0.9900,2,988
15452,2456652,defensive,1,0.9900,2,989
15453,2456783,defensive,1,0.9900,2,990
15454,2457075,defensive,1,0.9900,2,991
15455,2457247,defensive,1,0.9900,2,992
15456,2457379,defensive,1,0.9900,2,993
15457,2457499,defensive,1,0.9900,2,994
15458,2457642,defensive,1,0.9900,2,995
15459,2457773,defensive,1,0.9900,2,996
15460,2457907,defensive,1,0.9900,2,997
15461,2458032,defensive,1,0.9900,2,998
15462,2458159,defensive,1,0.9900,2,999
15463,2458303,defensive,1,0.9900,2,1000
15464,2458431,defensive,1,0.9900,2,1001
15465,2458573,defensive,1,0.9900,2,1002
15466,2458718,defensive,1,0.9900,2,1003
15467,2458849,defensive,0,0.9800,2,1004
15468,2459028,defensive,1,0.9800,2,1005
15469,2459216,defensive,1,0.9800,2,1006
15470,2459358,defensive,1,0.9800,2,1007
15471,2459494,defensive,1,0.9800,2,1008
15472,2459633,defensive,1,0.9800,2,1009
15473,2459825,defensive,1,0.9800,2,1010
15474,2459978,defensive,1,0.9800,2,1011
15475,2460104,defensive,1,0.9800,2,1012
15476,2460261,defensive,1,0.9800,2,1013
15477,2460395,defensive,1,0.9800,2,1014
15478,2460523,defensive,1,0.9800,2,1015
15479,2460670,defensive,1,0.9800,2,1016
15480,2460814,defensive,1,0.9800,2,1017
15481,2460963,defensive,1,0.9800,2,1018
15482,2461121,defensive,1,0.9800,2,1019
15483,2461247,defensive,1,0.9800,2,1020
15484,2461373,defensive,1,0.9800,2,1021
15485,2461554,defensive,1,0.9800,2,1022
15486,2461756,defensive,1,0.9800,2,1023
15487,2461890,defensive,1,0.9800,2,1024
15488,2462016,defensive,1,0.9800,2,1025
15489,2462186,defensive,1,0.9800,2,1026
15490,2462421,defensive,1,0.9800,2,1027
15491,2462544,defensive,1,0.9900,2,1028
15492,2462681,defensive,1,0.9900,2,1029
15493,2462819,defensive,1,0.9900,2,1030
15494,2462941,defensive,1,0.9900,2,1031
15495,2463105,defensive,1,0.9900,2,1032
15496,2463231,defensive,1,0.9900,2,1033
15497,2463362,defensive,1,0.9900,2,1034
15498,2463608,defensive,1,0.9900,2,1035
15499,2463746,defensive,1,0.9900,2,1036
15500,2463877,defensive,1,0.9900,2,1037
15501,2464027,defensive,1,0.9900,2,1038
15502,2464152,defensive,1,0.9900,2,1039
15503,2464337,defensive,1,0.9900,2,1040
15504,2464485,defensive,1,0.9900,2,1041
15505,2464634,defensive,1,0.9900,2,1042
15506,2464770,defensive,1,0.9900,2,1043
15507,2464940,defensive,1,0.9900,2,1044
15508,2465113,defensive,1,0.9900,2,1045
15509,2465241,defensive,1,0.9900,2,1046
15510,2465331,defensive,0,0.9800,2,1047
15511,2465458,defensive,1,0.9800,2,1048
15512,2465626,defensive,1,0.9800,2,1049
15513,2465897,defensive,1,0.9800,2,1050
15514,2466033,defensive,1,0.9800,2,1051
15515,2466220,defensive,1,0.9800,2,1052
15516,2466315,defensive,0,0.9700,2,1053
15517,2466442,defensive,1,0.9700,2,1054
15518,2466603,defensive,1,0.9700,2,1055
15519,2466753,defensive,1,0.9700,2,1056
15520,2466881,defensive,1,0.9700,2,1057
15521,2467042,defensive,1,0.9700,2,1058
15522,2467167,defensive,1,0.9700,2,1059
15523,2468519,defensive,1,0.9700,2,1060
15524,2468643,defensive,1,0.9700,2,1061
15525,2468769,defensive,1,0.9700,2,1062
15526,2468920,defensive,1,0.9700,2,1063
15527,2469068,defensive,1,0.9700,2,1064
15528,2469213,defensive,1,0.9700,2,1065
15529,2469467,defensive,1,0.9700,2,1066
15530,2469598,defensive,1,0.9700,2,1067
15531,2469731,defensive,1,0.9700,2,1068
15532,2469884,defensive,1,0.9700,2,1069
15533,2470031,defensive,1,0.9700,2,1070
15534,2470193,defensive,1,0.9700,2,1071
15535,2470358,defensive,1,0.9700,2,1072
15536,2470567,defensive,1,0.9700,2,1073
15537,2470713,defensive,1,0.9700,2,1074
15538,2470887,defensive,1,0.9700,2,1075
15539,2471014,defensive,1,0.9700,2,1076
15540,2471144,defensive,1,0.9700,2,1077
15541,2471294,defensive,1,0.9700,2,1078
15542,2471422,defensive,1,0.9700,2,1079
15543,2471554,defensive,1,0.9700,2,1080
15544,2471683,defensive,1,0.9700,2,1081
15545,2471846,defensive,1,0.9700,2,1082
15546,2471970,defensive,1,0.9700,2,1083
15547,2472103,defensive,1,0.9700,2,1084
15548,2472229,defensive,1,0.9700,2,1085
15549,2472401,defensive,1,0.9700,2,1086
15550,2472572,defensive,1,0.9700,2,1087
15551,2472697,defensive,1,0.9700,2,1088
15552,2472826,defensive,1,0.9700,2,1089
15553,2472972,defensive,1,0.9700,2,1090
15554,2473126,defensive,1,0.9700,2,1091
15555,2473253,defensive,1,0.9700,2,1092
15556,2473447,defensive,1,0.9700,2,1093
15557,2473606,defensive,1,0.9700,2,1094
15558,2473800,defensive,1,0.9700,2,1095
15559,2473923,defensive,1,0.9700,2,1096
15560,2474048,defensive,1,0.9700,2,1097
15561,2474187,defensive,1,0.9700,2,1098
15562,2474336,defensive,1,0.9700,2,1099
15563,2474516,defensive,1,0.9700,2,1100
15564,2474664,defensive,1,0.9700,2,1101
15565,2474788,defensive,1,0.9700,2,1102
15566,2474976,defensive,1,0.9700,2,1103
15567,2475166,defensive,1,0.9800,2,1104
15568,2475312,defensive,1,0.9800,2,1105
15569,2475444,defensive,1,0.9800,2,1106
15570,2475575,defensive,1,0.9800,2,1107
15571,2475915,defensive,1,0.9800,2,1108
15572,2476059,defensive,1,0.9800,2,1109
15573,2476179,defensive,1,0.9800,2,1110
15574,2476415,defensive,1,0.9800,2,1111
15575,2476543,defensive,1,0.9800,2,1112
15576,2476670,defensive,1,0.9800,2,1113
15577,2476793,defensive,1,0.9800,2,1114
15578,2476941,defensive,1,0.9800,2,1115
15579,2477065,defensive,1,0.9800,2,1116
15580,2477216,defensive,1,0.9800,2,1117
15581,2477353,defensive,1,0.9800,2,1118
15582,2477474,defensive,1,0.9800,2,1119
15583,2477609,defensive,1,0.9800,2,1120
15584,2477804,defensive,1,0.9800,2,1121
15585,2477928,defensive,1,0.9800,2,1122
15586,2478241,defensive,1,0.9800,2,1123
15587,2478383,defensive,1,0.9800,2,1124
15588,2478561,defensive,1,0.9800,2,1125
15589,2478705,defensive,1,0.9800,2,1126
15590,2478823,defensive,1,0.9800,2,1127
15591,2478966,defensive,1,0.9800,2,1128
15592,2479229,defensive,1,0.9800,2,1129
15593,2479562,defensive,1,0.9800,2,1130
15594,2479705,defensive,1,0.9800,2,1131
15595,2481057,defensive,1,0.9800,2,1132
15596,2481231,defensive,1,0.9800,2,1133
15597,2481400,defensive,1,0.9800,2,1134
15598,2481528,defensive,1,0.9800,2,1135
15599,2481663,defensive,1,0.9800,2,1136
15600,2481864,defensive,1,0.9800,2,1137
15601,2482046,defensive,1,0.9800,2,1138
15602,2482193,defensive,1,0.9800,2,1139
15603,2482373,defensive,1,0.9800,2,1140
15604,2482562,defensive,1,0.9800,2,1141
15605,2482693,defensive,1,0.9800,2,1142
15606,2482913,defensive,1,0.9800,2,1143
15607,2483051,defensive,1,0.9800,2,1144
15608,2483178,defensive,1,0.9800,2,1145
15609,2483307,defensive,1,0.9800,2,1146
15610,2483431,defensive,1,0.9900,2,1147
15611,2483569,defensive,1,0.9900,2,1148
15612,2483697,defensive,1,0.9900,2,1149
15613,2483828,defensive,1,0.9900,2,1150
15614,2483974,defensive,1,0.9900,2,1151
15615,2484119,defensive,1,0.9900,2,1152
15616,2484296,defensive,1,1.0000,2,1153
15617,2484454,defensive,1,1.0000,2,1154
15618,2484584,defensive,1,1.0000,2,1155
15619,2484722,defensive,1,1.0000,2,1156
15620,2484968,defensive,1,1.0000,2,1157
15621,2485152,defensive,1,1.0000,2,1158
15622,2485244,defensive,0,0.9900,2,1159
15623,2485376,defensive,1,0.9900,2,1160
15624,2485506,defensive,1,0.9900,2,1161
15625,2485630,defensive,1,0.9900,2,1162
15626,2485760,defensive,1,0.9900,2,1163
15627,2485889,defensive,1,0.9900,2,1164
15628,2486020,defensive,1,0.9900,2,1165
15629,2486295,defensive,1,0.9900,2,1166
15630,2486448,defensive,1,0.9900,2,1167
15631,2486591,defensive,1,0.9900,2,1168
15632,2486732,defensive,1,0.9900,2,1169
15633,2486890,defensive,1,0.9900,2,1170
15634,2487032,defensive,1,0.9900,2,1171
15635,2487195,defensive,1,0.9900,2,1172
15636,2487372,defensive,1,0.9900,2,1173
15637,2487534,defensive,1,0.9900,2,1174
15638,2487688,defensive,1,0.9900,2,1175
15639,2487814,defensive,1,0.9900,2,1176
15640,2488008,defensive,1,0.9900,2,1177
15641,2488131,defensive,1,0.9900,2,1178
15642,2488254,defensive,1,0.9900,2,1179
15643,2488402,defensive,1,0.9900,2,1180
15644,2488489,defensive,0,0.9800,2,1181
15645,2488682,defensive,1,0.9800,2,1182
15646,2488916,defensive,1,0.9800,2,1183
15647,2489070,defensive,1,0.9800,2,1184
15648,2489227,defensive,1,0.9800,2,1185
15649,2489378,defensive,1,0.9800,2,1186
15650,2489522,defensive,1,0.9800,2,1187
15651,2489653,defensive,1,0.9800,2,1188
15652,2489786,defensive,1,0.9800,2,1189
15653,2489953,defensive,1,0.9800,2,1190
15654,2490089,defensive,1,0.9800,2,1191
15655,2490243,defensive,1,0.9800,2,1192
15656,2490371,defensive,1,0.9800,2,1193
15657,2490684,defensive,1,0.9800,2,1194
15658,2490811,defensive,1,0.9800,2,1195
15659,2490950,defensive,1,0.9800,2,1196
15660,2491157,defensive,1,0.9800,2,1197
15661,2491286,defensive,1,0.9800,2,1198
15662,2491416,defensive,1,0.9800,2,1199
15663,2491534,defensive,1,0.9800,2,1200
15664,2491665,defensive,1,0.9800,2,1201
15665,2491849,defensive,1,0.9800,2,1202
15666,2491979,defensive,1,0.9800,2,1203
15667,2492138,defensive,1,0.9800,2,1204
15668,2492277,defensive,1,0.9800,2,1205
15669,2492429,defensive,1,0.9800,2,1206
15670,2492554,defensive,1,0.9800,2,1207
15671,2492684,defensive,1,0.9800,2,1208
15672,2492869,defensive,1,0.9800,2,1209
15673,2492991,defensive,1,0.9800,2,1210
15674,2493122,defensive,1,0.9800,2,1211
15675,2493246,defensive,1,0.9800,2,1212
15676,2493380,defensive,1,0.9800,2,1213
15677,2493506,defensive,1,0.9800,2,1214
15678,2493649,defensive,1,0.9800,2,1215
15679,2493791,defensive,1,0.9800,2,1216
15680,2494010,defensive,1,0.9800,2,1217
15681,2494160,defensive,1,0.9800,2,1218
15682,2494285,defensive,1,0.9800,2,1219
15683,2494412,defensive,1,0.9800,2,1220
15684,2494558,defensive,1,0.9800,2,1221
15685,2494727,defensive,1,0.9800,2,1222
15686,2494854,defensive,1,0.9800,2,1223
15687,2495023,defensive,1,0.9800,2,1224
15688,2495181,defensive,1,0.9800,2,1225
15689,2495352,defensive,1,0.9800,2,1226
15690,2495505,defensive,1,0.9800,2,1227
15691,2495699,defensive,1,0.9800,2,1228
15692,2495840,defensive,1,0.9800,2,1229
15693,2495962,defensive,1,0.9800,2,1230
15694,2496089,defensive,1,0.9800,2,1231
15695,2496237,defensive,1,0.9800,2,1232
15696,2496395,defensive,1,0.9800,2,1233
15697,2496528,defensive,1,0.9800,2,1234
15698,2496665,defensive,1,0.9800,2,1235
15699,2496794,defensive,1,0.9800,2,1236
15700,2496964,defensive,1,0.9800,2,1237
15701,2497092,defensive,1,0.9800,2,1238
15702,2497250,defensive,1,0.9800,2,1239
15703,2497391,defensive,1,0.9800,2,1240
15704,2497562,defensive,1,0.9800,2,1241
15705,2497718,defensive,1,0.9800,2,1242
15706,2497860,defensive,1,0.9800,2,1243
15707,2497985,defensive,1,0.9800,2,1244
15708,2498136,defensive,1,0.9800,2,1245
15709,2498258,defensive,1,0.9800,2,1246
15710,2498382,defensive,1,0.9800,2,1247
15711,2498530,defensive,1,0.9800,2,1248
15712,2498667,defensive,1,0.9800,2,1249
15713,2498763,defensive,1,0.9800,2,1250
15714,2498995,defensive,1,0.9800,2,1251
15715,2499159,defensive,1,0.9800,2,1252
15716,2499255,defensive,0,0.9700,2,1253
15717,2499388,defensive,1,0.9700,2,1254
15718,2499523,defensive,1,0.9700,2,1255
15719,2499671,defensive,1,0.9700,2,1256
15720,2499804,defensive,1,0.9700,2,1257
15721,2500043,defensive,1,0.9700,2,1258
15722,2500219,defensive,1,0.9800,2,1259
15723,2500347,defensive,1,0.9800,2,1260
15724,2500485,defensive,1,0.9800,2,1261
15725,2500622,defensive,1,0.9800,2,1262
15726,2500719,defensive,0,0.9700,2,1263
15727,2500845,defensive,1,0.9700,2,1264
15728,2501015,defensive,1,0.9700,2,1265
15729,2501163,defensive,1,0.9700,2,1266
15730,2501254,defensive,0,0.9600,2,1267
15731,2501381,defensive,1,0.9600,2,1268
15732,2501509,defensive,1,0.9600,2,1269
15733,2501645,defensive,1,0.9600,2,1270
15734,2501802,defensive,1,0.9600,2,1271
15735,2501930,defensive,1,0.9600,2,1272
15736,2502090,defensive,1,0.9600,2,1273
15737,2502247,defensive,1,0.9600,2,1274
15738,2502383,defensive,1,0.9600,2,1275
15739,2502600,defensive,1,0.9600,2,1276
15740,2502758,defensive,1,0.9600,2,1277
15741,2502910,defensive,1,0.9600,2,1278
15742,2503048,defensive,1,0.9600,2,1279
15743,2503228,defensive,1,0.9600,2,1280
15744,2503371,defensive,1,0.9700,2,1281
15745,2503532,defensive,1,0.9700,2,1282
15746,2503676,defensive,1,0.9700,2,1283
15747,2503837,defensive,1,0.9700,2,1284
15748,2503960,defensive,1,0.9700,2,1285
15749,2504110,defensive,1,0.9700,2,1286
15750,2504242,defensive,1,0.9700,2,1287
15751,2504390,defensive,1,0.9700,2,1288
15752,2504574,defensive,1,0.9700,2,1289
15753,2504711,defensive,1,0.9700,2,1290
15754,2504870,defensive,1,0.9700,2,1291
15755,2504997,defensive,1,0.9700,2,1292
15756,2505137,defensive,1,0.9700,2,1293
15757,2505268,defensive,1,0.9700,2,1294
15758,2505410,defensive,1,0.9700,2,1295
15759,2505542,defensive,1,0.9700,2,1296
15760,2505726,defensive,1,0.9700,2,1297
15761,2505863,defensive,1,0.9700,2,1298
15762,2505988,defensive,1,0.9700,2,1299
15763,2506132,defensive,1,0.9700,2,1300
15764,2506321,defensive,1,0.9700,2,1301
15765,2506475,defensive,1,0.9700,2,1302
15766,2506627,defensive,1,0.9700,2,1303
15767,2506758,defensive,1,0.9700,2,1304
15768,2506884,defensive,1,0.9700,2,1305
15769,2507009,defensive,1,0.9700,2,1306
15770,2507158,defensive,1,0.9700,2,1307
15771,2507297,defensive,1,0.9700,2,1308
15772,2507423,defensive,1,0.9700,2,1309
15773,2507545,defensive,1,0.9700,2,1310
15774,2507679,defensive,1,0.9700,2,1311
15775,2507809,defensive,1,0.9700,2,1312
15776,2507944,defensive,1,0.9700,2,1313
15777,2508073,defensive,1,0.9700,2,1314
15778,2508209,defensive,1,0.9700,2,1315
15779,2508336,defensive,1,0.9700,2,1316
15780,2508486,defensive,1,0.9700,2,1317
15781,2508635,defensive,1,0.9700,2,1318
15782,2508764,defensive,1,0.9700,2,1319
15783,2508897,defensive,1,0.9700,2,1320
15784,2509042,defensive,1,0.9700,2,1321
15785,2509168,defensive,1,0.9700,2,1322
15786,2509294,defensive,1,0.9700,2,1323
15787,2509422,defensive,1,0.9700,2,1324
15788,2509605,defensive,1,0.9700,2,1325
15789,2509738,defensive,1,0.9700,2,1326
15790,2509918,defensive,1,0.9700,2,1327
15791,2510055,defensive,1,0.9700,2,1328
15792,2510187,defensive,1,0.9700,2,1329
15793,2510320,defensive,1,0.9700,2,1330
15794,2510467,defensive,1,0.9700,2,1331
15795,2510608,defensive,1,0.9700,2,1332
15796,2510760,defensive,1,0.9700,2,1333
15797,2510942,defensive,1,0.9700,2,1334
15798,2511073,defensive,1,0.9700,2,1335
15799,2511289,defensive,1,0.9700,2,1336
15800,2511413,defensive,1,0.9700,2,1337
15801,2511561,defensive,1,0.9700,2,1338
15802,2511688,defensive,1,0.9700,2,1339
15803,2512923,defensive,1,0.9700,2,1340
15804,2513085,defensive,1,0.9700,2,1341
15805,2513215,defensive,1,0.9700,2,1342
15806,2513349,defensive,1,0.9700,2,1343
15807,2513474,defensive,1,0.9700,2,1344
15808,2513604,defensive,1,0.9700,2,1345
15809,2513749,defensive,1,0.9700,2,1346
15810,2513882,defensive,1,0.9700,2,1347
15811,2514004,defensive,1,0.9700,2,1348
15812,2514180,defensive,1,0.9700,2,1349
15813,2514321,defensive,1,0.9700,2,1350
15814,2514445,defensive,1,0.9700,2,1351
15815,2514573,defensive,1,0.9700,2,1352
15816,2514723,defensive,1,0.9800,2,1353
15817,2514858,defensive,1,0.9800,2,1354
15818,2515081,defensive,1,0.9800,2,1355
15819,2515212,defensive,1,0.9800,2,1356
15820,2515340,defensive,1,0.9800,2,1357
15821,2515466,defensive,1,0.9800,2,1358
15822,2515652,defensive,1,0.9800,2,1359
15823,2515776,defensive,1,0.9800,2,1360
15824,2515908,defensive,1,0.9800,2,1361
15825,2516036,defensive,1,0.9800,2,1362
15826,2516167,defensive,1,0.9900,2,1363
15827,2516368,defensive,1,0.9900,2,1364
15828,2516489,defensive,1,0.9900,2,1365
15829,2516668,defensive,1,0.9900,2,1366
15830,2516794,defensive,1,1.0000,2,1367
15831,2517111,defensive,1,1.0000,2,1368
15832,2517238,defensive,1,1.0000,2,1369
15833,2517331,defensive,0,0.9900,2,1370
15834,2517482,defensive,1,0.9900,2,1371
15835,2517721,defensive,1,0.9900,2,1372
15836,2517849,defensive,1,0.9900,2,1373
15837,2517990,defensive,1,0.9900,2,1374
15838,2518118,defensive,1,0.9900,2,1375
15839,2518243,defensive,1,0.9900,2,1376
15840,2518420,defensive,1,0.9900,2,1377
15841,2518578,defensive,1,0.9900,2,1378
15842,2518716,defensive,1,0.9900,2,1379
15843,2518858,defensive,1,0.9900,2,1380
15844,2518986,defensive,1,0.9900,2,1381
15845,2519118,defensive,1,0.9900,2,1382
15846,2519269,defensive,1,0.9900,2,1383
15847,2519397,defensive,1,0.9900,2,1384
15848,2519491,defensive,1,0.9900,2,1385
15849,2519597,defensive,1,0.9900,2,1386
15850,2519756,defensive,1,0.9900,2,1387
15851,2519884,defensive,1,0.9900,2,1388
15852,2520011,defensive,1,0.9900,2,1389
15853,2520160,defensive,1,0.9900,2,1390
15854,2520288,defensive,0,0.9800,2,1391
15855,2520435,defensive,1,0.9800,2,1392
15856,2520596,defensive,1,0.9800,2,1393
15857,2520727,defensive,1,0.9800,2,1394
15858,2520853,defensive,1,0.9800,2,1395
15859,2521129,defensive,1,0.9800,2,1396
15860,2521287,defensive,1,0.9800,2,1397
15861,2521413,defensive,1,0.9800,2,1398
15862,2521562,defensive,1,0.9800,2,1399
15863,2521677,defensive,0,0.9700,2,1400
15864,2521804,defensive,1,0.9700,2,1401
15865,2521973,defensive,1,0.9700,2,1402
15866,2522099,defensive,1,0.9700,2,1403
15867,2522247,defensive,1,0.9700,2,1404
15868,2522385,defensive,1,0.9700,2,1405
15869,2522512,defensive,1,0.9700,2,1406
15870,2522660,defensive,1,0.9700,2,1407
15871,2522790,defensive,1,0.9700,2,1408
15872,2522914,defensive,1,0.9700,2,1409
15873,2523050,defensive,1,0.9700,2,1410
15874,2523198,defensive,1,0.9700,2,1411
15875,2523322,defensive,1,0.9700,2,1412
15876,2523448,defensive,1,0.9700,2,1413
15877,2523570,defensive,1,0.9700,2,1414
15878,2523748,defensive,1,0.9700,2,1415
15879,2523873,defensive,1,0.9700,2,1416
15880,2524022,defensive,1,0.9700,2,1417
15881,2524146,defensive,1,0.9700,2,1418
15882,2524277,defensive,1,0.9700,2,1419
15883,2524420,defensive,1,0.9700,2,1420
15884,2524546,defensive,1,0.9700,2,1421
15885,2524672,defensive,1,0.9700,2,1422
15886,2524835,defensive,1,0.9700,2,1423
15887,2525006,defensive,1,0.9700,2,1424
15888,2525184,defensive,1,0.9700,2,1425
15889,2525327,defensive,1,0.9700,2,1426
15890,2525480,defensive,1,0.9700,2,1427
15891,2525605,defensive,1,0.9700,2,1428
15892,2525730,defensive,1,0.9700,2,1429
15893,2525859,defensive,1,0.9700,2,1430
15894,2526150,defensive,1,0.9700,2,1431
15895,2526308,defensive,1,0.9700,2,1432
15896,2526436,defensive,1,0.9700,2,1433
15897,2526560,defensive,1,0.9700,2,1434
15898,2526692,defensive,1,0.9700,2,1435
15899,2526815,defensive,1,0.9700,2,1436
15900,2526967,defensive,1,0.9700,2,1437
15901,2527150,defensive,1,0.9700,2,1438
15902,2527273,defensive,1,0.9700,2,1439
15903,2527404,defensive,1,0.9700,2,1440
15904,2527556,defensive,1,0.9700,2,1441
15905,2527702,defensive,1,0.9700,2,1442
15906,2527825,defensive,1,0.9700,2,1443
15907,2527990,defensive,1,0.9700,2,1444
15908,2528132,defensive,1,0.9700,2,1445
15909,2528266,defensive,1,0.9700,2,1446
15910,2528386,defensive,1,0.9700,2,1447
15911,2528536,defensive,1,0.9700,2,1448
15912,2528661,defensive,1,0.9700,2,1449
15913,2528814,defensive,1,0.9700,2,1450
15914,2528959,defensive,1,0.9700,2,1451
15915,2529081,defensive,1,0.9700,2,1452
15916,2529234,defensive,1,0.9700,2,1453
15917,2529362,defensive,1,0.9700,2,1454
15918,2529566,defensive,1,0.9700,2,1455
15919,2529711,defensive,1,0.9700,2,1456
15920,2529865,defensive,1,0.9700,2,1457
15921,2529993,defensive,1,0.9700,2,1458
15922,2530118,defensive,1,0.9700,2,1459
15923,2530245,defensive,1,0.9700,2,1460
15924,2530340,defensive,0,0.9600,2,1461
15925,2530459,defensive,1,0.9600,2,1462
15926,2530602,defensive,1,0.9600,2,1463
15927,2530746,defensive,1,0.9600,2,1464
15928,2530906,defensive,1,0.9600,2,1465
15929,2531033,defensive,1,0.9600,2,1466
15930,2531200,defensive,1,0.9600,2,1467
15931,2531372,defensive,1,0.9600,2,1468
15932,2531494,defensive,1,0.9600,2,1469
15933,2531624,defensive,1,0.9700,2,1470
15934,2531757,defensive,1,0.9700,2,1471
15935,2531909,defensive,1,0.9700,2,1472
15936,2532034,defensive,1,0.9700,2,1473
15937,2532165,defensive,1,0.9700,2,1474
15938,2532293,defensive,1,0.9700,2,1475
15939,2532428,defensive,1,0.9700,2,1476
15940,2532567,defensive,1,0.9700,2,1477
15941,2532715,defensive,1,0.9700,2,1478
15942,2532885,defensive,1,0.9700,2,1479
15943,2533014,defensive,1,0.9700,2,1480
15944,2533132,defensive,1,0.9700,2,1481
15945,2533275,defensive,1,0.9700,2,1482
15946,2533398,defensive,1,0.9700,2,1483
15947,2533528,defensive,1,0.9700,2,1484
15948,2533652,defensive,1,0.9700,2,1485
15949,2533771,defensive,1,0.9700,2,1486
15950,2533906,defensive,1,0.9700,2,1487
15951,2534029,defensive,1,0.9700,2,1488
15952,2534152,defensive,1,0.9700,2,1489
15953,2534277,defensive,1,0.9700,2,1490
15954,2534405,defensive,1,0.9800,2,1491
15955,2534524,defensive,1,0.9800,2,1492
15956,2534671,defensive,1,0.9800,2,1493
15957,2534798,defensive,1,0.9800,2,1494
15958,2534914,defensive,1,0.9800,2,1495
15959,2535036,defensive,1,0.9800,2,1496
15960,2535163,defensive,1,0.9800,2,1497
15961,2535347,defensive,1,0.9800,2,1498
15962,2535467,defensive,1,0.9800,2,1499
15963,2535600,defensive,1,0.9900,2,1500
15964,2535742,defensive,1,0.9900,2,1501
15965,2535896,defensive,1,0.9900,2,1502
15966,2536018,defensive,1,0.9900,2,1503
15967,2536148,defensive,1,0.9900,2,1504
15968,2536284,defensive,0,0.9800,2,1505
15969,2536405,defensive,1,0.9800,2,1506
15970,2536530,defensive,1,0.9800,2,1507
15971,2536660,defensive,1,0.9800,2,1508
15972,2536786,defensive,1,0.9800,2,1509
15973,2536910,defensive,1,0.9800,2,1510
15974,2537059,defensive,1,0.9800,2,1511
15975,2537186,defensive,1,0.9800,2,1512
15976,2537312,defensive,1,0.9800,2,1513
15977,2537463,defensive,1,0.9800,2,1514
15978,2537616,defensive,1,0.9800,2,1515
15979,2537753,defensive,1,0.9800,2,1516
15980,2537881,defensive,1,0.9800,2,1517
15981,2538045,defensive,1,0.9800,2,1518
15982,2538258,defensive,1,0.9800,2,1519
15983,2538403,defensive,1,0.9800,2,1520
15984,2538557,defensive,1,0.9800,2,1521
15985,2538707,defensive,1,0.9800,2,1522
15986,2538855,defensive,1,0.9800,2,1523
15987,2539001,defensive,1,0.9800,2,1524
15988,2539123,defensive,1,0.9800,2,1525
15989,2539285,defensive,1,0.9800,2,1526
15990,2539449,defensive,1,0.9800,2,1527
15991,2539589,defensive,1,0.9800,2,1528
15992,2539717,defensive,1,0.9800,2,1529
15993,2539846,defensive,1,0.9800,2,1530
15994,2539976,defensive,1,0.9800,2,1531
15995,2540112,defensive,1,0.9800,2,1532
15996,2540240,defensive,1,0.9800,2,1533
15997,2540365,defensive,1,0.9800,2,1534
15998,2540492,defensive,1,0.9800,2,1535
15999,2540619,defensive,1,0.9800,2,1536
16000,2540735,defensive,1,0.9800,2,1537
16001,2540909,defensive,1,0.9800,2,1538
16002,2541035,defensive,1,0.9800,2,1539
16003,2541155,defensive,1,0.9800,2,1540
16004,2541308,defensive,1,0.9800,2,1541
16005,2541423,defensive,0,0.9700,2,1542
16006,2541656,defensive,1,0.9700,2,1543
16007,2541789,defensive,1,0.9700,2,1544
16008,2541916,defensive,1,0.9700,2,1545
16009,2542027,defensive,0,0.9600,2,1546
16010,2542180,defensive,1,0.9600,2,1547
16011,2542335,defensive,1,0.9600,2,1548
16012,2542456,defensive,1,0.9600,2,1549
16013,2542583,defensive,1,0.9600,2,1550
16014,2542761,defensive,1,0.9600,2,1551
16015,2542881,defensive,1,0.9600,2,1552
16016,2543014,defensive,1,0.9600,2,1553
16017,2544366,defensive,1,0.9600,2,1554
16018,2544504,defensive,1,0.9600,2,1555
16019,2544622,defensive,1,0.9600,2,1556
16020,2544759,defensive,1,0.9600,2,1557
16021,2544888,defensive,1,0.9600,2,1558
16022,2545011,defensive,1,0.9600,2,1559
16023,2545157,defensive,1,0.9600,2,1560
16024,2545299,defensive,1,0.9700,2,1561
16025,2545441,defensive,1,0.9700,2,1562
16026,2545600,defensive,1,0.9700,2,1563
16027,2545740,defensive,1,0.9700,2,1564
16028,2545869,defensive,1,0.9700,2,1565
16029,2546020,defensive,1,0.9700,2,1566
16030,2546151,defensive,1,0.9700,2,1567
16031,2546308,defensive,1,0.9700,2,1568
16032,2546458,defensive,1,0.9700,2,1569
16033,2546583,defensive,1,0.9700,2,1570
16034,2546688,defensive,0,0.9600,2,1571
16035,2546951,defensive,1,0.9600,2,1572
16036,2547074,defensive,1,0.9600,2,1573
16037,2547191,defensive,1,0.9600,2,1574
16038,2547329,defensive,1,0.9600,2,1575
16039,2547453,defensive,1,0.9600,2,1576
16040,2547585,defensive,1,0.9600,2,1577
16041,2548937,defensive,1,0.9600,2,1578
16042,2549093,defensive,1,0.9600,2,1579
16043,2549215,defensive,1,0.9600,2,1580
16044,2549357,defensive,1,0.9600,2,1581
16045,2549495,defensive,1,0.9600,2,1582
16046,2549645,defensive,1,0.9600,2,1583
16047,2549946,defensive,1,0.9600,2,1584
16048,2550063,defensive,1,0.9600,2,1585
16049,2550195,defensive,1,0.9600,2,1586
16050,2550389,defensive,1,0.9600,2,1587
16051,2550521,defensive,1,0.9600,2,1588
16052,2550658,defensive,1,0.9600,2,1589
16053,2550786,defensive,1,0.9600,2,1590
16054,2550911,defensive,1,0.9600,2,1591
16055,2551035,defensive,1,0.9600,2,1592
16056,2551161,defensive,1,0.9600,2,1593
16057,2551310,defensive,1,0.9600,2,1594
16058,2551456,defensive,1,0.9600,2,1595
16059,2551598,defensive,1,0.9600,2,1596
16060,2551713,defensive,1,0.9600,2,1597
16061,2551863,defensive,1,0.9600,2,1598
16062,2552087,defensive,1,0.9600,2,1599
16063,2552215,defensive,1,0.9600,2,1600
16064,2552339,defensive,1,0.9600,2,1601
16065,2552508,defensive,1,0.9600,2,1602
16066,2552646,defensive,1,0.9600,2,1603
16067,2552807,defensive,1,0.9600,2,1604
16068,2552928,defensive,1,0.9700,2,1605
16069,2553075,defensive,1,0.9700,2,1606
16070,2553302,defensive,1,0.9700,2,1607
16071,2553449,defensive,1,0.9700,2,1608
16072,2553580,defensive,1,0.9700,2,1609
16073,2553709,defensive,1,0.9700,2,1610
16074,2553833,defensive,1,0.9700,2,1611
16075,2553961,defensive,1,0.9700,2,1612
16076,2554085,defensive,1,0.9700,2,1613
16077,2554261,defensive,1,0.9700,2,1614
16078,2554404,defensive,1,0.9700,2,1615
16079,2554532,defensive,1,0.9700,2,1616
16080,2554674,defensive,1,0.9700,2,1617
16081,2554795,defensive,1,0.9700,2,1618
16082,2554928,defensive,1,0.9700,2,1619
16083,2555054,defensive,1,0.9700,2,1620
16084,2555199,defensive,1,0.9700,2,1621
16085,2555332,defensive,1,0.9700,2,1622
16086,2555457,defensive,1,0.9700,2,1623
16087,2555586,defensive,1,0.9700,2,1624
16088,2555744,defensive,1,0.9700,2,1625
16089,2555868,defensive,1,0.9700,2,1626
16090,2555992,defensive,1,0.9700,2,1627
16091,2556152,defensive,1,0.9700,2,1628
16092,2556276,defensive,1,0.9700,2,1629
16093,2556480,defensive,1,0.9700,2,1630
16094,2556579,defensive,1,0.9700,2,1631
16095,2556714,defensive,1,0.9700,2,1632
16096,2556841,defensive,1,0.9700,2,1633
16097,2556986,defensive,1,0.9700,2,1634
16098,2557134,defensive,1,0.9700,2,1635
16099,2557251,defensive,1,0.9700,2,1636
16100,2557383,defensive,1,0.9700,2,1637
16101,2557534,defensive,1,0.9700,2,1638
16102,2557712,defensive,1,0.9700,2,1639
16103,2557840,defensive,1,0.9700,2,1640
16104,2557965,defensive,1,0.9700,2,1641
16105,2558089,defensive,1,0.9800,2,1642
16106,2558214,defensive,1,0.9800,2,1643
16107,2558335,defensive,1,0.9800,2,1644
16108,2558545,defensive,1,0.9800,2,1645
16109,2558676,defensive,1,0.9900,2,1646
16110,2558815,defensive,1,0.9900,2,1647
16111,2558946,defensive,1,0.9900,2,1648
16112,2559085,defensive,1,0.9900,2,1649
16113,2559178,defensive,1,0.9900,2,1650
16114,2559299,defensive,1,0.9900,2,1651
16115,2559454,defensive,1,0.9900,2,1652
16116,2559653,defensive,1,0.9900,2,1653
16117,2559774,defensive,1,0.9900,2,1654
16118,2559895,defensive,1,0.9900,2,1655
16119,2560060,defensive,1,0.9900,2,1656
16120,2560241,defensive,1,0.9900,2,1657
16121,2560418,defensive,1,0.9900,2,1658
16122,2560581,defensive,1,0.9900,2,1659
16123,2560709,defensive,1,0.9900,2,1660
16124,2560841,defensive,1,0.9900,2,1661
16125,2560934,defensive,0,0.9800,2,1662
16126,2561095,defensive,1,0.9800,2,1663
16127,2561191,defensive,0,0.9700,2,1664
16128,2561344,defensive,1,0.9700,2,1665
16129,2561466,defensive,1,0.9700,2,1666
16130,2561590,defensive,1,0.9700,2,1667
16131,2561717,defensive,1,0.9700,2,1668
16132,2561915,defensive,1,0.9700,2,1669
16133,2562050,defensive,1,0.9700,2,1670
16134,2562176,defensive,1,0.9800,2,1671
16135,2562299,defensive,1,0.9800,2,1672
16136,2562419,defensive,1,0.9800,2,1673
16137,2562518,defensive,0,0.9700,2,1674
16138,2562649,defensive,1,0.9700,2,1675
16139,2562799,defensive,1,0.9700,2,1676
16140,2562926,defensive,1,0.9700,2,1677
16141,2563071,defensive,1,0.9700,2,1678
16142,2563197,defensive,1,0.9700,2,1679
16143,2563321,defensive,1,0.9700,2,1680
16144,2563444,defensive,1,0.9700,2,1681
16145,2563587,defensive,1,0.9700,2,1682
16146,2563760,defensive,1,0.9700,2,1683
16147,2563881,defensive,1,0.9700,2,1684
16148,2564006,defensive,1,0.9700,2,1685
16149,2564141,defensive,1,0.9700,2,1686
16150,2564271,defensive,1,0.9700,2,1687
16151,2564397,defensive,1,0.9700,2,1688
16152,2564526,defensive,1,0.9700,2,1689
16153,2564675,defensive,1,0.9700,2,1690
16154,2564805,defensive,1,0.9700,2,1691
16155,2564925,defensive,1,0.9700,2,1692
16156,2565096,defensive,1,0.9700,2,1693
16157,2565213,defensive,1,0.9700,2,1694
16158,2565342,defensive,1,0.9700,2,1695
16159,2565474,defensive,1,0.9700,2,1696
16160,2565594,defensive,1,0.9700,2,1697
16161,2565718,defensive,1,0.9700,2,1698
16162,2565858,defensive,1,0.9700,2,1699
16163,2566005,defensive,1,0.9700,2,1700
16164,2566094,defensive,0,0.9600,2,1701
16165,2566214,defensive,1,0.9600,2,1702
16166,2566308,defensive,0,0.9500,2,1703
16167,2566456,defensive,1,0.9500,2,1704
16168,2566594,defensive,1,0.9500,2,1705
16169,2566727,defensive,1,0.9500,2,1706
16170,2566907,defensive,1,0.9500,2,1707
16171,2567031,defensive,1,0.9500,2,1708
16172,2567127,defensive,1,0.9500,2,1709
16173,2567272,defensive,1,0.9500,2,1710
16174,2567393,defensive,1,0.9500,2,1711
16175,2567521,defensive,1,0.9500,2,1712
16176,2567622,defensive,1,0.9500,2,1713
16177,2567743,defensive,1,0.9500,2,1714
16178,2567871,defensive,1,0.9500,2,1715
16179,2567994,defensive,1,0.9500,2,1716
16180,2568122,defensive,1,0.9500,2,1717
16181,2568242,defensive,1,0.9500,2,1718
16182,2568377,defensive,1,0.9500,2,1719
16183,2568526,defensive,1,0.9500,2,1720
16184,2568692,defensive,1,0.9500,2,1721
16185,2568975,defensive,1,0.9500,2,1722
16186,2569098,defensive,1,0.9500,2,1723
16187,2569230,defensive,1,0.9500,2,1724
16188,2569364,defensive,1,0.9500,2,1725
16189,2569511,defensive,1,0.9500,2,1726
16190,2569643,defensive,1,0.9500,2,1727
16191,2569813,defensive,1,0.9500,2,1728
16192,2569940,defensive,1,0.9500,2,1729
16193,2570059,defensive,1,0.9500,2,1730
16194,2570279,defensive,1,0.9500,2,1731
16195,2570443,defensive,1,0.9500,2,1732
16196,2570579,defensive,1,0.9500,2,1733
16197,2570713,defensive,1,0.9500,2,1734
16198,2570840,defensive,1,0.9500,2,1735
16199,2571014,defensive,1,0.9500,2,1736
16200,2571166,defensive,1,0.9500,2,1737
16201,2571294,defensive,1,0.9500,2,1738
16202,2571434,defensive,1,0.9500,2,1739
16203,2571569,defensive,1,0.9500,2,1740
16204,2571717,defensive,1,0.9500,2,1741
16205,2571901,defensive,1,0.9500,2,1742
16206,2572027,defensive,1,0.9500,2,1743
16207,2572176,defensive,1,0.9500,2,1744
16208,2572308,defensive,1,0.9500,2,1745
16209,2572429,defensive,1,0.9500,2,1746
16210,2572555,defensive,1,0.9500,2,1747
16211,2572708,defensive,1,0.9500,2,1748
16212,2572826,defensive,1,0.9500,2,1749
16213,2572961,defensive,1,0.9500,2,1750
16214,2573096,defensive,1,0.9500,2,1751
16215,2573225,defensive,1,0.9500,2,1752
16216,2573351,defensive,1,0.9500,2,1753
16217,2573475,defensive,1,0.9500,2,1754
16218,2573599,defensive,1,0.9500,2,1755
16219,2573727,defensive,1,0.9500,2,1756
16220,2573849,defensive,1,0.9500,2,1757
16221,2573973,defensive,1,0.9500,2,1758
16222,2574096,defensive,1,0.9500,2,1759
16223,2574227,defensive,1,0.9500,2,1760
16224,2574347,defensive,1,0.9500,2,1761
16225,2574515,defensive,1,0.9600,2,1762
16226,2574658,defensive,1,0.9600,2,1763
16227,2574793,defensive,1,0.9700,2,1764
16228,2574893,defensive,1,0.9700,2,1765
16229,2575025,defensive,1,0.9700,2,1766
16230,2575158,defensive,1,0.9700,2,1767
16231,2575294,defensive,1,0.9700,2,1768
16232,2575420,defensive,1,0.9700,2,1769
16233,2575554,defensive,1,0.9700,2,1770
16234,2575677,defensive,1,0.9700,2,1771
16235,2575804,defensive,1,0.9700,2,1772
16236,2575972,defensive,1,0.9700,2,1773
16237,2576101,defensive,1,0.9800,2,1774
16238,2576227,defensive,1,0.9800,2,1775
16239,2576348,defensive,1,0.9800,2,1776
16240,2576493,defensive,1,0.9800,2,1777
16241,2576623,defensive,1,0.9800,2,1778
16242,2576746,defensive,1,0.9800,2,1779
16243,2576869,defensive,1,0.9800,2,1780
16244,2576999,defensive,1,0.9800,2,1781
16245,2577128,defensive,1,0.9800,2,1782
16246,2577293,defensive,1,0.9800,2,1783
16247,2577419,defensive,1,0.9800,2,1784
16248,2577562,defensive,1,0.9800,2,1785
16249,2577713,defensive,1,0.9800,2,1786
16250,2577872,defensive,1,0.9800,2,1787
16251,2578102,defensive,1,0.9800,2,1788
16252,2578231,defensive,1,0.9800,2,1789
16253,2578358,defensive,1,0.9800,2,1790
16254,2578489,defensive,1,0.9800,2,1791
16255,2578623,defensive,1,0.9800,2,1792
16256,2578743,defensive,1,0.9800,2,1793
16257,2578907,defensive,1,0.9800,2,1794
16258,2579043,defensive,1,0.9800,2,1795
16259,2579193,defensive,1,0.9800,2,1796
16260,2579326,defensive,1,0.9800,2,1797
16261,2579449,defensive,1,0.9800,2,1798
16262,2579605,defensive,1,0.9800,2,1799
16263,2579730,defensive,1,0.9800,2,1800
16264,2579855,defensive,1,0.9900,2,1801
16265,2579978,defensive,1,0.9900,2,1802
16266,2580108,defensive,1,1.0000,2,1803
16267,2580238,defensive,1,1.0000,2,1804
16268,2580364,defensive,1,1.0000,2,1805
16269,2580502,defensive,1,1.0000,2,1806
16270,2580624,defensive,1,1.0000,2,1807
16271,2580794,defensive,1,1.0000,2,1808
16272,2580934,defensive,1,1.0000,2,1809
16273,2581122,defensive,1,1.0000,2,1810
16274,2581291,defensive,1,1.0000,2,1811
16275,2581421,defensive,1,1.0000,2,1812
16276,2581599,defensive,1,1.0000,2,1813
16277,2581718,defensive,1,1.0000,2,1814
16278,2581842,defensive,1,1.0000,2,1815
16279,2581966,defensive,1,1.0000,2,1816
16280,2582127,defensive,1,1.0000,2,1817
16281,2582274,defensive,1,1.0000,2,1818
16282,2582458,defensive,1,1.0000,2,1819
16283,2582560,defensive,0,0.9900,2,1820
16284,2582688,defensive,1,0.9900,2,1821
16285,2582813,defensive,1,0.9900,2,1822
16286,2582969,defensive,1,0.9900,2,1823
16287,2583093,defensive,1,0.9900,2,1824
16288,2583245,defensive,1,0.9900,2,1825
16289,2583372,defensive,1,0.9900,2,1826
16290,2583532,defensive,1,0.9900,2,1827
16291,2583670,defensive,1,0.9900,2,1828
16292,2583832,defensive,1,0.9900,2,1829
16293,2583963,defensive,1,0.9900,2,1830
16294,2584087,defensive,1,0.9900,2,1831
16295,2584236,defensive,1,0.9900,2,1832
16296,2584363,defensive,1,0.9900,2,1833
16297,2584517,defensive,1,0.9900,2,1834
16298,2584646,defensive,1,0.9900,2,1835
16299,2584820,defensive,1,0.9900,2,1836
16300,2584949,defensive,1,0.9900,2,1837
16301,2585067,defensive,1,0.9900,2,1838
16302,2585190,defensive,1,0.9900,2,1839
16303,2585315,defensive,1,0.9900,2,1840
16304,2585458,defensive,1,0.9900,2,1841
16305,2585579,defensive,1,0.9900,2,1842
16306,2585682,defensive,0,0.9800,2,1843
16307,2585805,defensive,1,0.9800,2,1844
16308,2585932,defensive,1,0.9800,2,1845
16309,2586069,defensive,1,0.9800,2,1846
16310,2586199,defensive,1,0.9800,2,1847
16311,2586322,defensive,1,0.9800,2,1848
16312,2586471,defensive,1,0.9800,2,1849
16313,2586621,defensive,1,0.9800,2,1850
16314,2586750,defensive,1,0.9800,2,1851
16315,2586902,defensive,1,0.9800,2,1852
16316,2587043,defensive,1,0.9800,2,1853
16317,2587185,defensive,1,0.9800,2,1854
16318,2587349,defensive,1,0.9800,2,1855
16319,2587481,defensive,1,0.9800,2,1856
16320,2587604,defensive,1,0.9800,2,1857
16321,2587734,defensive,1,0.9800,2,1858
16322,2587824,defensive,1,0.9800,2,1859
16323,2587949,defensive,1,0.9800,2,1860
16324,2588109,defensive,1,0.9800,2,1861
16325,2588239,defensive,1,0.9800,2,1862
16326,2588365,defensive,1,0.9800,2,1863
16327,2588508,defensive,1,0.9800,2,1864
16328,2588653,defensive,1,0.9800,2,1865
16329,2588780,defensive,1,0.9800,2,1866
16330,2589072,defensive,1,0.9800,2,1867
16331,2589217,defensive,1,0.9800,2,1868
16332,2589371,defensive,1,0.9800,2,1869
16333,2589535,defensive,1,0.9800,2,1870
16334,2589674,defensive,1,0.9800,2,1871
16335,2589816,defensive,1,0.9800,2,1872
16336,2589937,defensive,1,0.9800,2,1873
16337,2590059,defensive,1,0.9800,2,1874
16338,2590196,defensive,1,0.9800,2,1875
16339,2590373,defensive,1,0.9800,2,1876
16340,2590494,defensive,1,0.9800,2,1877
16341,2590645,defensive,1,0.9800,2,1878
16342,2590767,defensive,1,0.9800,2,1879
16343,2590960,defensive,1,0.9800,2,1880
16344,2591082,defensive,1,0.9800,2,1881
16345,2591178,defensive,0,0.9700,2,1882
16346,2591321,defensive,1,0.9700,2,1883
16347,2591420,defensive,0,0.9600,2,1884
16348,2591545,defensive,1,0.9600,2,1885
16349,2591798,defensive,1,0.9600,2,1886
16350,2591957,defensive,1,0.9600,2,1887
16351,2592084,defensive,1,0.9600,2,1888
16352,2592304,defensive,1,0.9600,2,1889
16353,2592597,defensive,1,0.9600,2,1890
16354,2592718,defensive,1,0.9600,2,1891
16355,2592863,defensive,1,0.9600,2,1892
16356,2592982,defensive,1,0.9600,2,1893
16357,2593119,defensive,1,0.9600,2,1894
16358,2593255,defensive,1,0.9600,2,1895
16359,2593386,defensive,1,0.9600,2,1896
16360,2593519,defensive,1,0.9600,2,1897
16361,2593674,defensive,1,0.9600,2,1898
16362,2593800,defensive,1,0.9600,2,1899
16363,2593927,defensive,1,0.9600,2,1900
16364,2594057,defensive,1,0.9600,2,1901
16365,2594228,defensive,1,0.9600,2,1902
16366,2594381,defensive,1,0.9600,2,1903
16367,2594514,defensive,1,0.9600,2,1904
16368,2594638,defensive,1,0.9600,2,1905
16369,2594769,defensive,1,0.9600,2,1906
16370,2594891,defensive,1,0.9600,2,1907
16371,2595046,defensive,1,0.9600,2,1908
16372,2595189,defensive,1,0.9600,2,1909
16373,2595351,defensive,1,0.9600,2,1910
16374,2595472,defensive,1,0.9600,2,1911
16375,2595645,defensive,1,0.9600,2,1912
16376,2595770,defensive,1,0.9600,2,1913
16377,2595993,defensive,1,0.9600,2,1914
16378,2596130,defensive,1,0.9600,2,1915
16379,2596251,defensive,1,0.9600,2,1916
16380,2596374,defensive,1,0.9600,2,1917
16381,2596521,defensive,1,0.9600,2,1918
16382,2596678,defensive,1,0.9600,2,1919
16383,2596840,defensive,1,0.9700,2,1920
16384,2596962,defensive,1,0.9700,2,1921
16385,2597096,defensive,1,0.9700,2,1922
16386,2597253,defensive,1,0.9700,2,1923
16387,2597382,defensive,1,0.9700,2,1924
16388,2597506,defensive,1,0.9700,2,1925
16389,2597637,defensive,1,0.9700,2,1926
16390,2597768,defensive,1,0.9700,2,1927
16391,2597898,defensive,1,0.9700,2,1928
16392,2598035,defensive,1,0.9700,2,1929
16393,2598167,defensive,1,0.9700,2,1930
16394,2598293,defensive,1,0.9700,2,1931
16395,2598521,defensive,1,0.9700,2,1932
16396,2598669,defensive,1,0.9700,2,1933
16397,2598821,defensive,1,0.9700,2,1934
16398,2598943,defensive,1,0.9700,2,1935
16399,2599120,defensive,1,0.9700,2,1936
16400,2599247,defensive,1,0.9700,2,1937
16401,2599372,defensive,1,0.9700,2,1938
16402,2599506,defensive,1,0.9700,2,1939
16403,2599780,defensive,1,0.9700,2,1940
16404,2599900,defensive,1,0.9700,2,1941
16405,2600057,defensive,1,0.9700,2,1942
16406,2600194,defensive,1,0.9800,2,1943
16407,2600344,defensive,1,0.9800,2,1944
16408,2600471,defensive,1,0.9800,2,1945
16409,2600602,defensive,1,0.9800,2,1946
16410,2600723,defensive,1,0.9800,2,1947
16411,2600935,defensive,1,0.9800,2,1948
16412,2601060,defensive,1,0.9800,2,1949
16413,2601187,defensive,1,0.9800,2,1950
16414,2601340,defensive,1,0.9800,2,1951
16415,2601500,defensive,1,0.9800,2,1952
16416,2601642,defensive,1,0.9800,2,1953
16417,2601763,defensive,1,0.9800,2,1954
16418,2601921,defensive,1,0.9800,2,1955
16419,2602010,defensive,0,0.9700,2,1956
16420,2602160,defensive,1,0.9700,2,1957
16421,2602259,defensive,1,0.9700,2,1958
16422,2602423,defensive,1,0.9700,2,1959
16423,2602589,defensive,1,0.9700,2,1960
16424,2602710,defensive,1,0.9700,2,1961
16425,2602868,defensive,1,0.9700,2,1962
16426,2603000,defensive,0,0.9600,2,1963
16427,2603162,defensive,1,0.9600,2,1964
16428,2603292,defensive,1,0.9600,2,1965
16429,2603432,defensive,1,0.9600,2,1966
16430,2603595,defensive,1,0.9600,2,1967
16431,2603720,defensive,1,0.9600,2,1968
16432,2603906,defensive,1,0.9600,2,1969
16433,2604033,defensive,1,0.9600,2,1970
16434,2604158,defensive,1,0.9600,2,1971
16435,2604286,defensive,1,0.9600,2,1972
16436,2604479,defensive,1,0.9600,2,1973
16437,2604673,defensive,1,0.9600,2,1974
16438,2604823,defensive,1,0.9600,2,1975
16439,2604948,defensive,1,0.9600,2,1976
16440,2605081,defensive,1,0.9600,2,1977
16441,2605208,defensive,1,0.9600,2,1978
16442,2605391,defensive,1,0.9600,2,1979
16443,2605554,defensive,1,0.9600,2,1980
16444,2605681,defensive,1,0.9600,2,1981
16445,2605834,defensive,1,0.9700,2,1982
16446,2606166,defensive,1,0.9700,2,1983
16447,2606315,defensive,1,0.9800,2,1984
16448,2606433,defensive,1,0.9800,2,1985
16449,2606554,defensive,1,0.9800,2,1986
16450,2606680,defensive,1,0.9800,2,1987
16451,2606839,defensive,1,0.9800,2,1988
16452,2607040,defensive,1,0.9800,2,1989
16453,2607167,defensive,1,0.9800,2,1990
16454,2607297,defensive,1,0.9800,2,1991
16455,2607418,defensive,1,0.9800,2,1992
16456,2607613,defensive,1,0.9800,2,1993
16457,2607741,defensive,1,0.9800,2,1994
16458,2607882,defensive,1,0.9800,2,1995
16459,2608024,defensive,1,0.9800,2,1996
16460,2608142,defensive,1,0.9800,2,1997
16461,2608263,defensive,1,0.9800,2,1998
16462,2608387,defensive,1,0.9800,2,1999
16463,2608508,defensive,1,0.9800,2,2000
16464,2608660,defensive,1,0.9800,2,2001
16465,2608824,defensive,1,0.9800,2,2002
16466,2609039,defensive,1,0.9800,2,2003
16467,2609172,defensive,1,0.9800,2,2004
16468,2609298,defensive,1,0.9800,2,2005
16469,2609459,defensive,1,0.9800,2,2006
16470,2609594,defensive,1,0.9800,2,2007
16471,2609719,defensive,1,0.9800,2,2008
16472,2609845,defensive,1,0.9800,2,2009
16473,2609968,defensive,1,0.9800,2,2010
16474,2610094,defensive,1,0.9800,2,2011
16475,2610228,defensive,1,0.9800,2,2012
16476,2610364,defensive,1,0.9800,2,2013
16477,2610562,defensive,1,0.9800,2,2014
16478,2610715,defensive,1,0.9800,2,2015
16479,2610835,defensive,1,0.9800,2,2016
16480,2611090,defensive,1,0.9800,2,2017
16481,2611315,defensive,1,0.9800,2,2018
16482,2611410,defensive,0,0.9700,2,2019
16483,2611719,defensive,1,0.9700,2,2020
16484,2611865,defensive,1,0.9700,2,2021
16485,2612003,defensive,1,0.9700,2,2022
16486,2612144,defensive,1,0.9700,2,2023
16487,2612312,defensive,1,0.9700,2,2024
16488,2612438,defensive,1,0.9700,2,2025
16489,2612598,defensive,1,0.9700,2,2026
16490,2612790,defensive,1,0.9700,2,2027
16491,2612964,defensive,1,0.9700,2,2028
16492,2613160,defensive,1,0.9700,2,2029
16493,2613316,defensive,1,0.9700,2,2030
16494,2613443,defensive,1,0.9700,2,2031
16495,2613565,defensive,1,0.9700,2,2032
16496,2613687,defensive,1,0.9700,2,2033
16497,2613812,defensive,1,0.9700,2,2034
16498,2614150,defensive,1,0.9700,2,2035
16499,2614276,defensive,1,0.9700,2,2036
16500,2614409,defensive,1,0.9700,2,2037
16501,2614545,defensive,1,0.9700,2,2038
16502,2614682,defensive,1,0.9700,2,2039
16503,2614819,defensive,1,0.9700,2,2040
16504,2614943,defensive,1,0.9700,2,2041
16505,2615063,defensive,1,0.9700,2,2042
16506,2615193,defensive,1,0.9700,2,2043
16507,2615354,defensive,1,0.9700,2,2044
16508,2615500,defensive,1,0.9700,2,2045
16509,2615621,defensive,1,0.9700,2,2046
16510,2615746,defensive,1,0.9700,2,2047
16511,2615876,defensive,1,0.9700,2,2048
16512,2616040,defensive,1,0.9700,2,2049
16513,2616172,defensive,1,0.9700,2,2050
16514,2616356,defensive,1,0.9700,2,2051
16515,2616485,defensive,1,0.9700,2,2052
16516,2616632,defensive,1,0.9700,2,2053
16517,2616761,defensive,1,0.9700,2,2054
16518,2616917,defensive,1,0.9700,2,2055
16519,2617040,defensive,1,0.9800,2,2056
16520,2617170,defensive,1,0.9800,2,2057
16521,2617326,defensive,1,0.9800,2,2058
16522,2617469,defensive,1,0.9800,2,2059
16523,2617556,defensive,0,0.9700,2,2060
16524,2617688,defensive,1,0.9700,2,2061
16525,2617815,defensive,1,0.9700,2,2062
16526,2617937,defensive,1,0.9800,2,2063
16527,2618062,defensive,1,0.9800,2,2064
16528,2618179,defensive,1,0.9800,2,2065
16529,2618311,defensive,1,0.9800,2,2066
16530,2618436,defensive,1,0.9800,2,2067
16531,2618557,defensive,1,0.9800,2,2068
16532,2618679,defensive,1,0.9800,2,2069
16533,2618814,defensive,1,0.9800,2,2070
16534,2618935,defensive,1,0.9800,2,2071
16535,2619086,defensive,1,0.9800,2,2072
16536,2619241,defensive,1,0.9800,2,2073
16537,2619370,defensive,1,0.9800,2,2074
16538,2619499,defensive,1,0.9800,2,2075
16539,2619628,defensive,1,0.9800,2,2076
16540,2619749,defensive,1,0.9800,2,2077
16541,2619896,defensive,1,0.9800,2,2078
16542,2620035,defensive,1,0.9800,2,2079
16543,2620162,defensive,1,0.9800,2,2080
16544,2620305,defensive,1,0.9800,2,2081
16545,2620463,defensive,1,0.9800,2,2082
16546,2620639,defensive,1,0.9800,2,2083
16547,2620759,defensive,1,0.9800,2,2084
16548,2620901,defensive,1,0.9800,2,2085
16549,2621033,defensive,1,0.9800,2,2086
16550,2621227,defensive,1,0.9800,2,2087
16551,2621360,defensive,1,0.9800,2,2088
16552,2621490,defensive,1,0.9800,2,2089
16553,2621616,defensive,1,0.9800,2,2090
16554,2621751,defensive,1,0.9800,2,2091
16555,2621875,defensive,1,0.9800,2,2092
16556,2622003,defensive,1,0.9800,2,2093
16557,2622129,defensive,1,0.9800,2,2094
16558,2622321,defensive,1,0.9800,2,2095
16559,2622514,defensive,1,0.9800,2,2096
16560,2622658,defensive,1,0.9800,2,2097
16561,2622778,defensive,1,0.9800,2,2098
16562,2622988,defensive,1,0.9800,2,2099
16563,2623127,defensive,1,0.9800,2,2100
16564,2623436,defensive,1,0.9800,2,2101
16565,2623558,defensive,1,0.9800,2,2102
16566,2623680,defensive,1,0.9800,2,2103
16567,2623864,defensive,1,0.9800,2,2104
16568,2623995,defensive,1,0.9800,2,2105
16569,2624171,defensive,1,0.9800,2,2106
16570,2624303,defensive,1,0.9800,2,2107
16571,2624434,defensive,1,0.9800,2,2108
16572,2624592,defensive,1,0.9800,2,2109
16573,2624711,defensive,1,0.9800,2,2110
16574,2624838,defensive,1,0.9800,2,2111
16575,2624968,defensive,1,0.9800,2,2112
16576,2625090,defensive,1,0.9800,2,2113
16577,2625220,defensive,1,0.9800,2,2114
16578,2625518,defensive,1,0.9800,2,2115
16579,2625640,defensive,1,0.9800,2,2116
16580,2625864,defensive,1,0.9800,2,2117
16581,2625992,defensive,1,0.9800,2,2118
16582,2626125,defensive,1,0.9900,2,2119
16583,2626249,defensive,1,0.9900,2,2120
16584,2626375,defensive,1,0.9900,2,2121
16585,2626495,defensive,1,0.9900,2,2122
16586,2626710,defensive,1,0.9900,2,2123
16587,2626831,defensive,1,0.9900,2,2124
16588,2626995,defensive,1,0.9900,2,2125
16589,2627153,defensive,1,0.9900,2,2126
16590,2627286,defensive,1,0.9900,2,2127
16591,2627409,defensive,1,0.9900,2,2128
16592,2627536,defensive,1,0.9900,2,2129
16593,2627670,defensive,1,0.9900,2,2130
16594,2627796,defensive,1,0.9900,2,2131
16595,2627918,defensive,1,0.9900,2,2132
16596,2628045,defensive,1,0.9900,2,2133
16597,2628167,defensive,1,0.9900,2,2134
16598,2628318,defensive,1,0.9900,2,2135
16599,2628465,defensive,1,0.9900,2,2136
16600,2628642,defensive,1,0.9900,2,2137
16601,2628774,defensive,1,0.9900,2,2138
16602,2628901,defensive,1,0.9900,2,2139
16603,2628996,defensive,0,0.9800,2,2140
16604,2629125,defensive,1,0.9800,2,2141
16605,2629251,defensive,1,0.9800,2,2142
16606,2629373,defensive,1,0.9800,2,2143
16607,2629537,defensive,1,0.9800,2,2144
16608,2629663,defensive,1,0.9800,2,2145
16609,2629792,defensive,1,0.9800,2,2146
16610,2629920,defensive,1,0.9800,2,2147
16611,2630076,defensive,1,0.9800,2,2148
16612,2630178,defensive,0,0.9700,2,2149
16613,2631530,defensive,1,0.9700,2,2150
16614,2631681,defensive,1,0.9700,2,2151
16615,2631807,defensive,1,0.9700,2,2152
16616,2631958,defensive,1,0.9700,2,2153
16617,2632082,defensive,1,0.9700,2,2154
16618,2632223,defensive,1,0.9700,2,2155
16619,2632385,defensive,1,0.9700,2,2156
16620,2632518,defensive,1,0.9700,2,2157
16621,2632655,defensive,1,0.9700,2,2158
16622,2632802,defensive,1,0.9700,2,2159
16623,2632963,defensive,1,0.9800,2,2160
16624,2633090,defensive,1,0.9800,2,2161
16625,2633235,defensive,1,0.9800,2,2162
16626,2633363,defensive,1,0.9800,2,2163
16627,2633555,defensive,1,0.9800,2,2164
16628,2633646,defensive,0,0.9700,2,2165
16629,2633775,defensive,1,0.9700,2,2166
16630,2633900,defensive,1,0.9700,2,2167
16631,2634049,defensive,1,0.9700,2,2168
16632,2634171,defensive,1,0.9700,2,2169
16633,2634326,defensive,1,0.9700,2,2170
16634,2634466,defensive,1,0.9700,2,2171
16635,2634619,defensive,1,0.9700,2,2172
16636,2634743,defensive,1,0.9700,2,2173
16637,2634842,defensive,0,0.9600,2,2174
16638,2634984,defensive,1,0.9600,2,2175
16639,2635117,defensive,1,0.9600,2,2176
16640,2635238,defensive,1,0.9600,2,2177
16641,2635353,defensive,1,0.9600,2,2178
16642,2635498,defensive,1,0.9600,2,2179
16643,2635635,defensive,1,0.9600,2,2180
16644,2635804,defensive,1,0.9600,2,2181
16645,2635966,defensive,1,0.9600,2,2182
16646,2636098,defensive,1,0.9600,2,2183
16647,2636236,defensive,1,0.9600,2,2184
16648,2636397,defensive,1,0.9600,2,2185
16649,2636557,defensive,1,0.9600,2,2186
16650,2636691,defensive,1,0.9600,2,2187
16651,2636817,defensive,1,0.9600,2,2188
16652,2636940,defensive,1,0.9600,2,2189
16653,2637089,defensive,1,0.9600,2,2190
16654,2637209,defensive,1,0.9600,2,2191
16655,2637337,defensive,1,0.9600,2,2192
16656,2637465,defensive,1,0.9600,2,2193
16657,2637606,defensive,1,0.9600,2,2194
16658,2637740,defensive,1,0.9600,2,2195
16659,2637874,defensive,1,0.9600,2,2196
16660,2638011,defensive,1,0.9600,2,2197
16661,2638183,defensive,1,0.9600,2,2198
16662,2638310,defensive,1,0.9600,2,2199
16663,2638433,defensive,1,0.9600,2,2200
16664,2638553,defensive,1,0.9600,2,2201
16665,2638726,defensive,1,0.9600,2,2202
16666,2638887,defensive,1,0.9600,2,2203
16667,2639049,defensive,1,0.9600,2,2204
16668,2639179,defensive,1,0.9600,2,2205
16669,2639312,defensive,1,0.9600,2,2206
16670,2639452,defensive,1,0.9600,2,2207
16671,2639587,defensive,1,0.9600,2,2208
16672,2639712,defensive,1,0.9600,2,2209
16673,2639837,defensive,1,0.9600,2,2210
16674,2639956,defensive,1,0.9600,2,2211
16675,2640094,defensive,1,0.9600,2,2212
16676,2640252,defensive,1,0.9600,2,2213
16677,2640375,defensive,1,0.9600,2,2214
16678,2640500,defensive,1,0.9600,2,2215
16679,2640629,defensive,1,0.9600,2,2216
16680,2640759,defensive,1,0.9600,2,2217
16681,2640893,defensive,1,0.9600,2,2218
16682,2641030,defensive,1,0.9600,2,2219
16683,2641159,defensive,1,0.9600,2,2220
16684,2641279,defensive,1,0.9600,2,2221
16685,2641412,defensive,1,0.9600,2,2222
16686,2641540,defensive,1,0.9600,2,2223
16687,2641688,defensive,1,0.9600,2,2224
16688,2641822,defensive,1,0.9600,2,2225
16689,2641969,defensive,1,0.9600,2,2226
16690,2642103,defensive,1,0.9600,2,2227
16691,2642233,defensive,1,0.9600,2,2228
16692,2642346,defensive,1,0.9600,2,2229
16693,2642472,defensive,1,0.9600,2,2230
16694,2642600,defensive,1,0.9600,2,2231
16695,2642748,defensive,1,0.9600,2,2232
16696,2642889,defensive,1,0.9600,2,2233
16697,2643087,defensive,1,0.9600,2,2234
16698,2643211,defensive,1,0.9600,2,2235
16699,2643337,defensive,1,0.9600,2,2236
16700,2643465,defensive,1,0.9600,2,2237
16701,2643586,defensive,1,0.9600,2,2238
16702,2643709,defensive,1,0.9600,2,2239
16703,2643835,defensive,1,0.9700,2,2240
16704,2643973,defensive,1,0.9700,2,2241
16705,2644093,defensive,1,0.9700,2,2242
16706,2644220,defensive,1,0.9700,2,2243
16707,2644346,defensive,1,0.9700,2,2244
16708,2644474,defensive,1,0.9700,2,2245
16709,2644608,defensive,1,0.9700,2,2246
16710,2644757,defensive,1,0.9700,2,2247
16711,2644879,defensive,1,0.9700,2,2248
16712,2645003,defensive,1,0.9800,2,2249
16713,2645134,defensive,1,0.9800,2,2250
16714,2645257,defensive,1,0.9800,2,2251
16715,2645476,defensive,1,0.9800,2,2252
16716,2645571,defensive,1,0.9800,2,2253
16717,2645702,defensive,1,0.9800,2,2254
16718,2645875,defensive,1,0.9800,2,2255
16719,2645997,defensive,1,0.9800,2,2256
16720,2646149,defensive,1,0.9800,2,2257
16721,2646281,defensive,1,0.9800,2,2258
16722,2646407,defensive,1,0.9800,2,2259
16723,2646530,defensive,1,0.9800,2,2260
16724,2646657,defensive,1,0.9800,2,2261
16725,2646797,defensive,1,0.9800,2,2262
16726,2646920,defensive,1,0.9800,2,2263
16727,2647046,defensive,1,0.9800,2,2264
16728,2647166,defensive,1,0.9900,2,2265
16729,2647293,defensive,1,0.9900,2,2266
16730,2647413,defensive,1,0.9900,2,2267
16731,2647583,defensive,1,0.9900,2,2268
16732,2647708,defensive,1,0.9900,2,2269
16733,2647935,defensive,1,0.9900,2,2270
16734,2648085,defensive,1,0.9900,2,2271
16735,2648213,defensive,1,0.9900,2,2272
16736,2648340,defensive,1,0.9900,2,2273
16737,2648480,defensive,1,1.0000,2,2274
16738,2648652,defensive,1,1.0000,2,2275
16739,2648749,defensive,1,1.0000,2,2276
16740,2648880,defensive,1,1.0000,2,2277
16741,2649073,defensive,1,1.0000,2,2278
16742,2649193,defensive,1,1.0000,2,2279
16743,2649373,defensive,1,1.0000,2,2280
16744,2649499,defensive,1,1.0000,2,2281
16745,2649656,defensive,1,1.0000,2,2282
16746,2649792,defensive,1,1.0000,2,2283
16747,2651144,defensive,1,1.0000,2,2284
16748,2651287,defensive,1,1.0000,2,2285
16749,2651417,defensive,1,1.0000,2,2286
16750,2651732,defensive,1,1.0000,2,2287
16751,2651887,defensive,1,1.0000,2,2288
16752,2652034,defensive,1,1.0000,2,2289
16753,2652177,defensive,1,1.0000,2,2290
16754,2652301,defensive,1,1.0000,2,2291
16755,2652436,defensive,1,1.0000,2,2292
16756,2652568,defensive,1,1.0000,2,2293
16757,2652688,defensive,1,1.0000,2,2294
16758,2652815,defensive,1,1.0000,2,2295
16759,2652973,defensive,1,1.0000,2,2296
16760,2653103,defensive,1,1.0000,2,2297
16761,2653227,defensive,1,1.0000,2,2298
16762,2653377,defensive,1,1.0000,2,2299
16763,2653500,defensive,1,1.0000,2,2300
16764,2653619,defensive,1,1.0000,2,2301
16765,2653753,defensive,1,1.0000,2,2302
16766,2653881,defensive,1,1.0000,2,2303
16767,2654025,defensive,1,1.0000,2,2304
16768,2654334,defensive,1,1.0000,2,2305
16769,2654461,defensive,1,1.0000,2,2306
16770,2654587,defensive,1,1.0000,2,2307
16771,2654728,defensive,1,1.0000,2,2308
16772,2654854,defensive,1,1.0000,2,2309
16773,2654990,defensive,1,1.0000,2,2310
16774,2655152,defensive,1,1.0000,2,2311
16775,2655291,defensive,1,1.0000,2,2312
16776,2655550,defensive,1,1.0000,2,2313
16777,2655670,defensive,1,1.0000,2,2314
16778,2655797,defensive,1,1.0000,2,2315
16779,2655919,defensive,1,1.0000,2,2316
16780,2656064,defensive,1,1.0000,2,2317
16781,2656188,defensive,1,1.0000,2,2318
16782,2656310,defensive,1,1.0000,2,2319
16783,2656433,defensive,1,1.0000,2,2320
16784,2656564,defensive,1,1.0000,2,2321
16785,2656698,defensive,1,1.0000,2,2322
16786,2656828,defensive,1,1.0000,2,2323
16787,2656947,defensive,1,1.0000,2,2324
16788,2657069,defensive,1,1.0000,2,2325
16789,2657196,defensive,1,1.0000,2,2326
16790,2657327,defensive,1,1.0000,2,2327
16791,2657419,defensive,0,0.9900,2,2328
16792,2657628,defensive,1,0.9900,2,2329
16793,2657774,defensive,1,0.9900,2,2330
16794,2657902,defensive,1,0.9900,2,2331
16795,2658066,defensive,1,0.9900,2,2332
16796,2658193,defensive,1,0.9900,2,2333
16797,2658338,defensive,1,0.9900,2,2334
16798,2658490,defensive,1,0.9900,2,2335
16799,2658760,defensive,1,0.9900,2,2336
16800,2658892,defensive,1,0.9900,2,2337
16801,2659038,defensive,1,0.9900,2,2338
16802,2659197,defensive,1,0.9900,2,2339
16803,2659305,defensive,1,0.9900,2,2340
16804,2659425,defensive,1,0.9900,2,2341
16805,2659552,defensive,1,0.9900,2,2342
16806,2659733,defensive,1,0.9900,2,2343
16807,2659878,defensive,1,0.9900,2,2344
16808,2660018,defensive,1,0.9900,2,2345
16809,2660146,defensive,1,0.9900,2,2346
16810,2660275,defensive,1,0.9900,2,2347
16811,2660451,defensive,1,0.9900,2,2348
16812,2660644,defensive,1,0.9900,2,2349
16813,2660802,defensive,1,0.9900,2,2350
16814,2660931,defensive,1,0.9900,2,2351
16815,2661056,defensive,1,0.9900,2,2352
16816,2661189,defensive,1,0.9900,2,2353
16817,2661315,defensive,1,0.9900,2,2354
16818,2661436,defensive,1,0.9900,2,2355
16819,2661556,defensive,1,0.9900,2,2356
16820,2661703,defensive,1,0.9900,2,2357
16821,2661857,defensive,1,0.9900,2,2358
16822,2661992,defensive,1,0.9900,2,2359
16823,2662130,defensive,1,0.9900,2,2360
16824,2662247,defensive,1,0.9900,2,2361
16825,2662390,defensive,1,0.9900,2,2362
16826,2662518,defensive,1,0.9900,2,2363
16827,2662642,defensive,1,0.9900,2,2364
16828,2662769,defensive,1,0.9900,2,2365
16829,2662918,defensive,1,0.9900,2,2366
16830,2663043,defensive,1,0.9900,2,2367
16831,2663199,defensive,1,0.9900,2,2368
16832,2663323,defensive,1,0.9900,2,2369
16833,2663499,defensive,1,0.9900,2,2370
16834,2663645,defensive,1,0.9900,2,2371
16835,2663770,defensive,1,0.9900,2,2372
16836,2663906,defensive,1,0.9900,2,2373
16837,2664038,defensive,1,0.9900,2,2374
16838,2664138,defensive,0,0.9800,2,2375
16839,2664282,defensive,1,0.9800,2,2376
16840,2664405,defensive,1,0.9800,2,2377
16841,2664537,defensive,1,0.9800,2,2378
16842,2664670,defensive,1,0.9800,2,2379
16843,2664810,defensive,1,0.9800,2,2380
16844,2664980,defensive,1,0.9800,2,2381
16845,2665169,defensive,1,0.9800,2,2382
16846,2665307,defensive,1,0.9800,2,2383
16847,2665439,defensive,1,0.9800,2,2384
16848,2665560,defensive,1,0.9800,2,2385
16849,2665681,defensive,1,0.9800,2,2386
16850,2665826,defensive,1,0.9800,2,2387
16851,2666005,defensive,1,0.9800,2,2388
16852,2666131,defensive,1,0.9800,2,2389
16853,2666276,defensive,1,0.9800,2,2390
16854,2666435,defensive,1,0.9800,2,2391
16855,2666564,defensive,1,0.9800,2,2392
16856,2666693,defensive,1,0.9800,2,2393
16857,2666880,defensive,1,0.9800,2,2394
16858,2666999,defensive,1,0.9800,2,2395
16859,2667133,defensive,1,0.9800,2,2396
16860,2667421,defensive,1,0.9800,2,2397
16861,2667549,defensive,1,0.9800,2,2398
16862,2667666,defensive,1,0.9800,2,2399
16863,2667791,defensive,1,0.9800,2,2400
16864,2667920,defensive,1,0.9800,2,2401
16865,2668070,defensive,1,0.9800,2,2402
16866,2668192,defensive,1,0.9800,2,2403
16867,2668314,defensive,1,0.9800,2,2404
16868,2668451,defensive,1,0.9800,2,2405
16869,2668582,defensive,1,0.9800,2,2406
16870,2668708,defensive,1,0.9800,2,2407
16871,2668847,defensive,1,0.9800,2,2408
16872,2669023,defensive,1,0.9800,2,2409
16873,2669151,defensive,1,0.9800,2,2410
16874,2669331,defensive,1,0.9800,2,2411
16875,2669454,defensive,1,0.9800,2,2412
16876,2669596,defensive,1,0.9800,2,2413
16877,2669725,defensive,1,0.9800,2,2414
16878,2669865,defensive,1,0.9800,2,2415
16879,2669994,defensive,1,0.9800,2,2416
16880,2670117,defensive,1,0.9800,2,2417
16881,2670243,defensive,1,0.9800,2,2418
16882,2670367,defensive,1,0.9800,2,2419
16883,2670492,defensive,1,0.9800,2,2420
16884,2670617,defensive,1,0.9800,2,2421
16885,2670741,defensive,1,0.9800,2,2422
16886,2670870,defensive,1,0.9800,2,2423
16887,2671001,defensive,1,0.9800,2,2424
16888,2671132,defensive,1,0.9800,2,2425
16889,2671274,defensive,1,0.9800,2,2426
16890,2671367,defensive,1,0.9800,2,2427
16891,2671522,defensive,1,0.9900,2,2428
16892,2671669,defensive,1,0.9900,2,2429
16893,2671797,defensive,1,0.9900,2,2430
16894,2671926,defensive,1,0.9900,2,2431
16895,2672044,defensive,1,0.9900,2,2432
16896,2672172,defensive,1,0.9900,2,2433
16897,2672296,defensive,1,0.9900,2,2434
16898,2672426,defensive,1,0.9900,2,2435
16899,2672546,defensive,1,0.9900,2,2436
16900,2672677,defensive,1,0.9900,2,2437
16901,2672806,defensive,1,0.9900,2,2438
16902,2672943,defensive,1,0.9900,2,2439
16903,2673071,defensive,1,0.9900,2,2440
16904,2673225,defensive,1,0.9900,2,2441
16905,2673345,defensive,1,0.9900,2,2442
16906,2673492,defensive,1,0.9900,2,2443
16907,2673611,defensive,1,0.9900,2,2444
16908,2673756,defensive,1,0.9900,2,2445
16909,2673906,defensive,1,0.9900,2,2446
16910,2674003,defensive,1,0.9900,2,2447
16911,2674149,defensive,1,0.9900,2,2448
16912,2674280,defensive,1,0.9900,2,2449
16913,2674423,defensive,1,0.9900,2,2450
16914,2674559,defensive,1,0.9900,2,2451
16915,2674693,defensive,1,0.9900,2,2452
16916,2674787,defensive,1,0.9900,2,2453
16917,2674911,defensive,1,0.9900,2,2454
16918,2675103,defensive,1,0.9900,2,2455
16919,2675227,defensive,1,0.9900,2,2456
16920,2675357,defensive,1,0.9900,2,2457
16921,2675478,defensive,1,0.9900,2,2458
16922,2675607,defensive,1,0.9900,2,2459
16923,2675766,defensive,1,0.9900,2,2460
16924,2675886,defensive,1,0.9900,2,2461
16925,2676034,defensive,1,0.9900,2,2462
16926,2676175,defensive,1,0.9900,2,2463
16927,2676297,defensive,1,0.9900,2,2464
16928,2676430,defensive,1,0.9900,2,2465
16929,2676555,defensive,1,0.9900,2,2466
16930,2676648,defensive,1,0.9900,2,2467
16931,2676829,defensive,1,0.9900,2,2468
16932,2676947,defensive,1,0.9900,2,2469
16933,2677077,defensive,1,0.9900,2,2470
16934,2677168,defensive,0,0.9800,2,2471
16935,2677288,defensive,1,0.9800,2,2472
16936,2677420,defensive,1,0.9800,2,2473
16937,2677544,defensive,1,0.9800,2,2474
16938,2677683,defensive,1,0.9900,2,2475
16939,2677838,defensive,1,0.9900,2,2476
16940,2677989,defensive,1,0.9900,2,2477
16941,2678116,defensive,1,0.9900,2,2478
16942,2678237,defensive,1,0.9900,2,2479
16943,2678364,defensive,1,0.9900,2,2480
16944,2678490,defensive,1,0.9900,2,2481
16945,2678618,defensive,1,0.9900,2,2482
16946,2678791,defensive,1,0.9900,2,2483
16947,2678920,defensive,1,0.9900,2,2484
16948,2679047,defensive,1,0.9900,2,2485
16949,2679174,defensive,1,0.9900,2,2486
16950,2679279,defensive,1,0.9900,2,2487
16951,2679442,defensive,1,0.9900,2,2488
16952,2679565,defensive,1,0.9900,2,2489
16953,2679686,defensive,1,0.9900,2,2490
16954,2681038,defensive,1,0.9900,2,2491
16955,2681161,defensive,1,0.9900,2,2492
16956,2681298,defensive,1,0.9900,2,2493
16957,2681418,defensive,1,0.9900,2,2494
16958,2681545,defensive,1,0.9900,2,2495
16959,2681684,defensive,1,0.9900,2,2496
16960,2681807,defensive,1,0.9900,2,2497
16961,2681906,defensive,0,0.9800,2,2498
16962,2682035,defensive,1,0.9800,2,2499
16963,2682200,defensive,1,0.9800,2,2500
16964,2682347,defensive,1,0.9800,2,2501
16965,2682506,defensive,1,0.9800,2,2502
16966,2682630,defensive,1,0.9800,2,2503
16967,2682756,defensive,1,0.9800,2,2504
16968,2682883,defensive,1,0.9800,2,2505
16969,2683016,defensive,1,0.9800,2,2506
16970,2683140,defensive,1,0.9800,2,2507
16971,2683265,defensive,1,0.9800,2,2508
16972,2683393,defensive,1,0.9800,2,2509
16973,2683511,defensive,1,0.9800,2,2510
16974,2683655,defensive,1,0.9800,2,2511
16975,2683783,defensive,1,0.9800,2,2512
16976,2683902,defensive,1,0.9800,2,2513
16977,2684029,defensive,1,0.9800,2,2514
16978,2684164,defensive,1,0.9800,2,2515
16979,2684345,defensive,1,0.9800,2,2516
16980,2684483,defensive,1,0.9800,2,2517
16981,2684602,defensive,1,0.9800,2,2518
16982,2684731,defensive,1,0.9800,2,2519
16983,2684849,defensive,1,0.9800,2,2520
16984,2684986,defensive,1,0.9800,2,2521
16985,2685111,defensive,1,0.9800,2,2522
16986,2685260,defensive,1,0.9800,2,2523
16987,2685393,defensive,1,0.9800,2,2524
16988,2685511,defensive,1,0.9800,2,2525
16989,2685636,defensive,1,0.9800,2,2526
16990,2685755,defensive,1,0.9800,2,2527
16991,2685879,defensive,1,0.9800,2,2528
16992,2686063,defensive,1,0.9800,2,2529
16993,2686201,defensive,1,0.9800,2,2530
16994,2686346,defensive,1,0.9800,2,2531
16995,2686448,defensive,0,0.9700,2,2532
16996,2686599,defensive,1,0.9700,2,2533
16997,2686725,defensive,1,0.9700,2,2534
16998,2686910,defensive,1,0.9700,2,2535
16999,2687073,defensive,1,0.9700,2,2536
17000,2687200,defensive,1,0.9700,2,2537
17001,2687359,defensive,1,0.9700,2,2538
17002,2687494,defensive,1,0.9700,2,2539
17003,2687617,defensive,1,0.9700,2,2540
17004,2687739,defensive,1,0.9700,2,2541
17005,2687856,defensive,1,0.9700,2,2542
17006,2687998,defensive,1,0.9700,2,2543
17007,2688147,defensive,1,0.9700,2,2544
17008,2688270,defensive,1,0.9700,2,2545
17009,2688389,defensive,1,0.9700,2,2546
17010,2688523,defensive,1,0.9700,2,2547
17011,2688648,defensive,1,0.9700,2,2548
17012,2688795,defensive,1,0.9700,2,2549
17013,2688919,defensive,1,0.9700,2,2550
17014,2689049,defensive,1,0.9700,2,2551
17015,2689181,defensive,1,0.9700,2,2552
17016,2689303,defensive,1,0.9700,2,2553
17017,2689431,defensive,1,0.9700,2,2554
17018,2689584,defensive,1,0.9700,2,2555
17019,2689721,defensive,1,0.9700,2,2556
17020,2689852,defensive,1,0.9700,2,2557
17021,2689995,defensive,1,0.9700,2,2558
17022,2690098,defensive,0,0.9600,2,2559
17023,2690221,defensive,1,0.9600,2,2560
17024,2690345,defensive,1,0.9600,2,2561
17025,2690466,defensive,1,0.9600,2,2562
17026,2690597,defensive,1,0.9600,2,2563
17027,2690719,defensive,1,0.9600,2,2564
17028,2690837,defensive,1,0.9600,2,2565
17029,2690962,defensive,1,0.9600,2,2566
17030,2691113,defensive,1,0.9600,2,2567
17031,2691249,defensive,1,0.9600,2,2568
17032,2691370,defensive,1,0.9600,2,2569
17033,2691491,defensive,1,0.9600,2,2570
17034,2691637,defensive,1,0.9700,2,2571
17035,2691771,defensive,1,0.9700,2,2572
17036,2691905,defensive,1,0.9700,2,2573
17037,2692035,defensive,1,0.9700,2,2574
17038,2692164,defensive,1,0.9700,2,2575
17039,2692313,defensive,1,0.9700,2,2576
17040,2692488,defensive,1,0.9700,2,2577
17041,2692610,defensive,1,0.9700,2,2578
17042,2692731,defensive,1,0.9700,2,2579
17043,2692860,defensive,1,0.9700,2,2580
17044,2693007,defensive,1,0.9700,2,2581
17045,2693135,defensive,1,0.9700,2,2582
17046,2693284,defensive,1,0.9700,2,2583
17047,2693426,defensive,1,0.9700,2,2584
17048,2693551,defensive,1,0.9700,2,2585
17049,2693673,defensive,1,0.9700,2,2586
17050,2693828,defensive,1,0.9700,2,2587
17051,2693955,defensive,1,0.9700,2,2588
17052,2694076,defensive,1,0.9700,2,2589
17053,2694238,defensive,1,0.9700,2,2590
17054,2694362,defensive,1,0.9700,2,2591
17055,2694490,defensive,1,0.9700,2,2592
17056,2694616,defensive,1,0.9700,2,2593
17057,2694735,defensive,1,0.9700,2,2594
17058,2694861,defensive,1,0.9700,2,2595
17059,2694992,defensive,1,0.9700,2,2596
17060,2695090,defensive,0,0.9600,2,2597
17061,2695210,defensive,1,0.9700,2,2598
17062,2695370,defensive,1,0.9700,2,2599
17063,2695495,defensive,1,0.9700,2,2600
17064,2695623,defensive,1,0.9700,2,2601
17065,2695744,defensive,1,0.9700,2,2602
17066,2695863,defensive,1,0.9700,2,2603
17067,2695988,defensive,1,0.9700,2,2604
17068,2696111,defensive,1,0.9700,2,2605
17069,2696230,defensive,1,0.9700,2,2606
17070,2696354,defensive,1,0.9700,2,2607
17071,2696481,defensive,1,0.9700,2,2608
17072,2696607,defensive,1,0.9700,2,2609
17073,2696726,defensive,1,0.9700,2,2610
17074,2696848,defensive,1,0.9700,2,2611
17075,2696969,defensive,1,0.9700,2,2612
17076,2697096,defensive,1,0.9700,2,2613
17077,2697233,defensive,1,0.9700,2,2614
17078,2697359,defensive,1,0.9700,2,2615
17079,2697531,defensive,1,0.9700,2,2616
17080,2697669,defensive,1,0.9700,2,2617
17081,2697805,defensive,1,0.9700,2,2618
17082,2697927,defensive,1,0.9700,2,2619
17083,2698055,defensive,1,0.9700,2,2620
17084,2698200,defensive,1,0.9700,2,2621
17085,2698293,defensive,0,0.9600,2,2622
17086,2698431,defensive,1,0.9600,2,2623
17087,2698532,defensive,1,0.9600,2,2624
17088,2698656,defensive,1,0.9600,2,2625
17089,2698817,defensive,1,0.9600,2,2626
17090,2698921,defensive,1,0.9600,2,2627
17091,2699087,defensive,1,0.9600,2,2628
17092,2699209,defensive,1,0.9600,2,2629
17093,2699335,defensive,1,0.9600,2,2630
17094,2699460,defensive,1,0.9600,2,2631
17095,2699579,defensive,1,0.9700,2,2632
17096,2699719,defensive,1,0.9700,2,2633
17097,2699889,defensive,1,0.9700,2,2634
17098,2700011,defensive,1,0.9700,2,2635
17099,2700144,defensive,1,0.9700,2,2636
17100,2700277,defensive,1,0.9700,2,2637
17101,2700399,defensive,1,0.9700,2,2638
17102,2700523,defensive,1,0.9700,2,2639
17103,2700709,defensive,1,0.9700,2,2640
17104,2700848,defensive,1,0.9700,2,2641
17105,2700975,defensive,1,0.9700,2,2642
17106,2701106,defensive,1,0.9700,2,2643
17107,2701235,defensive,1,0.9700,2,2644
17108,2701394,defensive,1,0.9700,2,2645
17109,2701518,defensive,1,0.9700,2,2646
17110,2701701,defensive,1,0.9700,2,2647
17111,2701832,defensive,1,0.9700,2,2648
17112,2701950,defensive,1,0.9700,2,2649
17113,2702048,defensive,1,0.9700,2,2650
17114,2702205,defensive,1,0.9700,2,2651
17115,2702321,defensive,1,0.9700,2,2652
17116,2702441,defensive,1,0.9700,2,2653
17117,2702569,defensive,1,0.9700,2,2654
17118,2702696,defensive,1,0.9700,2,2655
17119,2702842,defensive,1,0.9700,2,2656
17120,2702939,defensive,1,0.9700,2,2657
17121,2703057,defensive,1,0.9700,2,2658
17122,2703196,defensive,1,0.9800,2,2659
17123,2703319,defensive,1,0.9800,2,2660
17124,2703478,defensive,1,0.9800,2,2661
17125,2703569,defensive,0,0.9700,2,2662
17126,2703719,defensive,1,0.9700,2,2663
17127,2703844,defensive,1,0.9700,2,2664
17128,2703991,defensive,1,0.9700,2,2665
17129,2705343,defensive,1,0.9700,2,2666
17130,2705467,defensive,1,0.9700,2,2667
17131,2705599,defensive,1,0.9700,2,2668
17132,2705722,defensive,1,0.9700,2,2669
17133,2705849,defensive,1,0.9700,2,2670
17134,2705979,defensive,1,0.9700,2,2671
17135,2706115,defensive,1,0.9700,2,2672
17136,2706246,defensive,1,0.9700,2,2673
17137,2706343,defensive,1,0.9700,2,2674
17138,2706459,defensive,1,0.9700,2,2675
17139,2706587,defensive,1,0.9700,2,2676
17140,2706717,defensive,1,0.9700,2,2677
17141,2706875,defensive,1,0.9700,2,2678
17142,2707000,defensive,1,0.9700,2,2679
17143,2707135,defensive,1,0.9700,2,2680
17144,2707256,defensive,1,0.9700,2,2681
17145,2707384,defensive,1,0.9700,2,2682
17146,2707513,defensive,1,0.9700,2,2683
17147,2707634,defensive,1,0.9700,2,2684
17148,2707759,defensive,1,0.9700,2,2685
17149,2707880,defensive,1,0.9700,2,2686
17150,2708005,defensive,1,0.9700,2,2687
17151,2708136,defensive,1,0.9700,2,2688
17152,2708316,defensive,1,0.9700,2,2689
17153,2708479,defensive,1,0.9700,2,2690
17154,2708600,defensive,1,0.9700,2,2691
17155,2708731,defensive,1,0.9700,2,2692
17156,2708827,defensive,1,0.9700,2,2693
17157,2708958,defensive,1,0.9700,2,2694
17158,2709163,defensive,1,0.9700,2,2695
17159,2709300,defensive,1,0.9700,2,2696
17160,2709438,defensive,1,0.9800,2,2697
17161,2709597,defensive,1,0.9800,2,2698
17162,2709723,defensive,1,0.9800,2,2699
17163,2709888,defensive,1,0.9800,2,2700
17164,2710011,defensive,1,0.9800,2,2701
17165,2710135,defensive,1,0.9800,2,2702
17166,2710267,defensive,1,0.9800,2,2703
17167,2710398,defensive,1,0.9800,2,2704
17168,2710516,defensive,1,0.9800,2,2705
17169,2710637,defensive,1,0.9800,2,2706
17170,2710768,defensive,1,0.9800,2,2707
17171,2710899,defensive,1,0.9800,2,2708
17172,2711069,defensive,1,0.9800,2,2709
17173,2711208,defensive,1,0.9800,2,2710
17174,2711325,defensive,1,0.9800,2,2711
17175,2711452,defensive,1,0.9800,2,2712
17176,2711631,defensive,1,0.9800,2,2713
17177,2711757,defensive,1,0.9800,2,2714
17178,2711874,defensive,1,0.9800,2,2715
17179,2711999,defensive,1,0.9800,2,2716
17180,2712133,defensive,1,0.9800,2,2717
17181,2712255,defensive,1,0.9800,2,2718
17182,2712352,defensive,1,0.9800,2,2719
17183,2712468,defensive,1,0.9800,2,2720
17184,2712593,defensive,1,0.9800,2,2721
17185,2712743,defensive,1,0.9900,2,2722
17186,2712929,defensive,1,0.9900,2,2723
17187,2713090,defensive,1,0.9900,2,2724
17188,2713215,defensive,1,0.9900,2,2725
17189,2713382,defensive,1,0.9900,2,2726
17190,2713511,defensive,1,0.9900,2,2727
17191,2713685,defensive,1,0.9900,2,2728
17192,2713776,defensive,0,0.9800,2,2729
17193,2713869,defensive,0,0.9700,2,2730
17194,2714037,defensive,1,0.9700,2,2731
17195,2714166,defensive,1,0.9700,2,2732
17196,2714284,defensive,1,0.9700,2,2733
17197,2714450,defensive,1,0.9700,2,2734
17198,2714570,defensive,1,0.9700,2,2735
17199,2714699,defensive,1,0.9700,2,2736
17200,2714854,defensive,1,0.9700,2,2737
17201,2715000,defensive,1,0.9700,2,2738
17202,2715128,defensive,1,0.9700,2,2739
17203,2716480,defensive,1,0.9700,2,2740
17204,2716603,defensive,1,0.9700,2,2741
17205,2716784,defensive,1,0.9700,2,2742
17206,2716906,defensive,1,0.9700,2,2743
17207,2717038,defensive,1,0.9700,2,2744
17208,2717159,defensive,1,0.9700,2,2745
17209,2717302,defensive,1,0.9700,2,2746
17210,2717438,defensive,1,0.9700,2,2747
17211,2717554,defensive,1,0.9700,2,2748
17212,2717680,defensive,1,0.9700,2,2749
17213,2717834,defensive,1,0.9700,2,2750
17214,2717967,defensive,1,0.9700,2,2751
17215,2718101,defensive,1,0.9700,2,2752
17216,2718239,defensive,1,0.9700,2,2753
17217,2718363,defensive,1,0.9700,2,2754
17218,2718489,defensive,1,0.9700,2,2755
17219,2718701,defensive,1,0.9700,2,2756
17220,2718874,defensive,1,0.9700,2,2757
17221,2719006,defensive,1,0.9700,2,2758
17222,2719125,defensive,1,0.9700,2,2759
17223,2719251,defensive,1,0.9700,2,2760
17224,2719381,defensive,1,0.9700,2,2761
17225,2719519,defensive,1,0.9800,2,2762
17226,2719666,defensive,1,0.9800,2,2763
17227,2719790,defensive,1,0.9800,2,2764
17228,2719919,defensive,1,0.9800,2,2765
17229,2720041,defensive,1,0.9800,2,2766
17230,2720172,defensive,1,0.9800,2,2767
17231,2720290,defensive,1,0.9800,2,2768
17232,2720417,defensive,1,0.9800,2,2769
17233,2720563,defensive,1,0.9800,2,2770
17234,2720715,defensive,1,0.9800,2,2771
17235,2720842,defensive,1,0.9800,2,2772
17236,2720965,defensive,1,0.9800,2,2773
17237,2721093,defensive,1,0.9800,2,2774
17238,2721213,defensive,1,0.9800,2,2775
17239,2721341,defensive,1,0.9800,2,2776
17240,2721475,defensive,1,0.9800,2,2777
17241,2721595,defensive,1,0.9800,2,2778
17242,2721744,defensive,1,0.9800,2,2779
17243,2721867,defensive,1,0.9800,2,2780
17244,2722010,defensive,1,0.9800,2,2781
17245,2722131,defensive,1,0.9800,2,2782
17246,2722256,defensive,1,0.9800,2,2783
17247,2722378,defensive,1,0.9800,2,2784
17248,2722481,defensive,1,0.9800,2,2785
17249,2722598,defensive,1,0.9800,2,2786
17250,2722764,defensive,1,0.9800,2,2787
17251,2722865,defensive,0,0.9700,2,2788
17252,2723002,defensive,1,0.9700,2,2789
17253,2723124,defensive,1,0.9700,2,2790
17254,2723213,defensive,0,0.9600,2,2791
17255,2723346,defensive,1,0.9600,2,2792
17256,2723468,defensive,1,0.9600,2,2793
17257,2723592,defensive,1,0.9600,2,2794
17258,2723721,defensive,1,0.9600,2,2795
17259,2723845,defensive,1,0.9600,2,2796
17260,2724000,defensive,1,0.9600,2,2797
17261,2724138,defensive,1,0.9600,2,2798
17262,2724283,defensive,1,0.9600,2,2799
17263,2724409,defensive,1,0.9600,2,2800
17264,2724568,defensive,1,0.9600,2,2801
17265,2724691,defensive,1,0.9600,2,2802
17266,2724805,defensive,1,0.9600,2,2803
17267,2724910,defensive,1,0.9600,2,2804
17268,2725036,defensive,1,0.9600,2,2805
17269,2725225,defensive,1,0.9600,2,2806
17270,2725335,defensive,1,0.9600,2,2807
17271,2725480,defensive,1,0.9600,2,2808
17272,2725568,defensive,0,0.9500,2,2809
17273,2725697,defensive,1,0.9500,2,2810
17274,2725822,defensive,1,0.9500,2,2811
17275,2725942,defensive,1,0.9500,2,2812
17276,2726073,defensive,1,0.9500,2,2813
17277,2726197,defensive,1,0.9500,2,2814
17278,2726329,defensive,1,0.9500,2,2815
17279,2726527,defensive,1,0.9500,2,2816
17280,2726702,defensive,1,0.9500,2,2817
17281,2726985,defensive,1,0.9500,2,2818
17282,2727103,defensive,1,0.9500,2,2819
17283,2727275,defensive,1,0.9500,2,2820
17284,2727428,defensive,1,0.9500,2,2821
17285,2727517,defensive,1,0.9500,2,2822
17286,2727640,defensive,1,0.9500,2,2823
17287,2727798,defensive,1,0.9500,2,2824
17288,2727945,defensive,1,0.9500,2,2825
17289,2728090,defensive,1,0.9500,2,2826
17290,2728209,defensive,1,0.9500,2,2827
17291,2728338,defensive,1,0.9500,2,2828
17292,2728472,defensive,1,0.9600,2,2829
17293,2728608,defensive,1,0.9700,2,2830
17294,2728732,defensive,1,0.9700,2,2831
17295,2728854,defensive,1,0.9700,2,2832
17296,2728979,defensive,1,0.9700,2,2833
17297,2729113,defensive,1,0.9700,2,2834
17298,2729252,defensive,1,0.9700,2,2835
17299,2729383,defensive,1,0.9700,2,2836
17300,2729476,defensive,1,0.9700,2,2837
17301,2729634,defensive,1,0.9700,2,2838
17302,2729807,defensive,1,0.9700,2,2839
17303,2729935,defensive,1,0.9700,2,2840
17304,2730160,defensive,1,0.9700,2,2841
17305,2730306,defensive,1,0.9700,2,2842
17306,2730448,defensive,1,0.9700,2,2843
17307,2730569,defensive,1,0.9700,2,2844
17308,2730692,defensive,1,0.9700,2,2845
17309,2730983,defensive,1,0.9700,2,2846
17310,2731121,defensive,1,0.9700,2,2847
17311,2731242,defensive,1,0.9700,2,2848
17312,2731388,defensive,1,0.9700,2,2849
17313,2731520,defensive,1,0.9700,2,2850
17314,2731642,defensive,1,0.9700,2,2851
17315,2731773,defensive,1,0.9700,2,2852
17316,2731923,defensive,1,0.9700,2,2853
17317,2732064,defensive,1,0.9700,2,2854
17318,2732187,defensive,1,0.9700,2,2855
17319,2732338,defensive,1,0.9700,2,2856
17320,2732630,defensive,1,0.9700,2,2857
17321,2732761,defensive,1,0.9700,2,2858
17322,2732890,defensive,1,0.9700,2,2859
17323,2733009,defensive,1,0.9700,2,2860
17324,2733135,defensive,1,0.9700,2,2861
17325,2733267,defensive,1,0.9700,2,2862
17326,2733389,defensive,1,0.9700,2,2863
17327,2733512,defensive,1,0.9700,2,2864
17328,2733629,defensive,1,0.9700,2,2865
17329,2733759,defensive,1,0.9700,2,2866
17330,2733907,defensive,1,0.9700,2,2867
17331,2734028,defensive,1,0.9700,2,2868
17332,2734167,defensive,1,0.9700,2,2869
17333,2734289,defensive,1,0.9700,2,2870
17334,2734434,defensive,1,0.9700,2,2871
17335,2734555,defensive,1,0.9700,2,2872
17336,2734688,defensive,1,0.9700,2,2873
17337,2734813,defensive,1,0.9700,2,2874
17338,2734940,defensive,1,0.9700,2,2875
17339,2735072,defensive,1,0.9700,2,2876
17340,2735192,defensive,1,0.9700,2,2877
17341,2735317,defensive,1,0.9700,2,2878
17342,2735435,defensive,1,0.9700,2,2879
17343,2735564,defensive,1,0.9700,2,2880
17344,2735700,defensive,1,0.9700,2,2881
17345,2735825,defensive,1,0.9700,2,2882
17346,2735919,defensive,0,0.9600,2,2883
17347,2736049,defensive,1,0.9600,2,2884
17348,2736209,defensive,1,0.9600,2,2885
17349,2736359,defensive,1,0.9600,2,2886
17350,2736455,defensive,1,0.9600,2,2887
17351,2736570,defensive,1,0.9700,2,2888
17352,2736725,defensive,1,0.9700,2,2889
17353,2736858,defensive,1,0.9700,2,2890
17354,2736998,defensive,1,0.9800,2,2891
17355,2737117,defensive,1,0.9800,2,2892
17356,2737230,defensive,1,0.9800,2,2893
17357,2737343,defensive,1,0.9800,2,2894
17358,2737462,defensive,1,0.9800,2,2895
17359,2737584,defensive,1,0.9800,2,2896
17360,2737765,defensive,1,0.9800,2,2897
17361,2737888,defensive,1,0.9800,2,2898
17362,2738014,defensive,1,0.9800,2,2899
17363,2738104,defensive,1,0.9800,2,2900
17364,2738229,defensive,1,0.9800,2,2901
17365,2738353,defensive,1,0.9800,2,2902
17366,2738493,defensive,1,0.9800,2,2903
17367,2738639,defensive,1,0.9800,2,2904
17368,2738802,defensive,1,0.9800,2,2905
17369,2738926,defensive,1,0.9800,2,2906
17370,2739048,defensive,1,0.9800,2,2907
17371,2739169,defensive,1,0.9800,2,2908
17372,2739286,defensive,1,0.9900,2,2909
17373,2739419,defensive,1,0.9900,2,2910
17374,2739546,defensive,1,0.9900,2,2911
17375,2739804,defensive,1,0.9900,2,2912
17376,2739937,defensive,1,0.9900,2,2913
17377,2740069,defensive,1,0.9900,2,2914
17378,2740191,defensive,1,0.9900,2,2915
17379,2740343,defensive,1,0.9900,2,2916
17380,2740461,defensive,1,0.9900,2,2917
17381,2740551,defensive,1,0.9900,2,2918
17382,2740674,defensive,1,0.9900,2,2919
17383,2740793,defensive,1,0.9900,2,2920
17384,2740891,defensive,0,0.9800,2,2921
17385,2741028,defensive,1,0.9800,2,2922
17386,2741201,defensive,1,0.9800,2,2923
17387,2741328,defensive,1,0.9800,2,2924
17388,2741453,defensive,1,0.9800,2,2925
17389,2741574,defensive,1,0.9800,2,2926
17390,2741708,defensive,1,0.9800,2,2927
17391,2741826,defensive,1,0.9800,2,2928
17392,2741944,defensive,1,0.9800,2,2929
17393,2742070,defensive,1,0.9800,2,2930
17394,2742199,defensive,1,0.9800,2,2931
17395,2742423,defensive,1,0.9800,2,2932
17396,2742523,defensive,0,0.9700,2,2933
17397,2742656,defensive,1,0.9700,2,2934
17398,2742779,defensive,1,0.9700,2,2935
17399,2742903,defensive,1,0.9700,2,2936
17400,2743032,defensive,1,0.9700,2,2937
17401,2743191,defensive,1,0.9700,2,2938
17402,2743307,defensive,1,0.9700,2,2939
17403,2743424,defensive,1,0.9700,2,2940
17404,2743547,defensive,1,0.9700,2,2941
17405,2743678,defensive,1,0.9700,2,2942
17406,2743804,defensive,1,0.9700,2,2943
17407,2743889,defensive,0,0.9600,2,2944
17408,2744020,defensive,1,0.9600,2,2945
17409,2744120,defensive,1,0.9600,2,2946
17410,2744241,defensive,1,0.9600,2,2947
17411,2744408,defensive,1,0.9600,2,2948
17412,2744530,defensive,1,0.9600,2,2949
17413,2744815,defensive,1,0.9600,2,2950
17414,2744953,defensive,1,0.9600,2,2951
17415,2745078,defensive,1,0.9600,2,2952
17416,2745199,defensive,1,0.9600,2,2953
17417,2745345,defensive,1,0.9600,2,2954
17418,2745465,defensive,1,0.9600,2,2955
17419,2745585,defensive,1,0.9600,2,2956
17420,2745682,defensive,1,0.9600,2,2957
17421,2745828,defensive,1,0.9600,2,2958
17422,2745925,defensive,0,0.9500,2,2959
17423,2746076,defensive,1,0.9500,2,2960
17424,2746204,defensive,1,0.9500,2,2961
17425,2746328,defensive,1,0.9500,2,2962
17426,2746483,defensive,1,0.9500,2,2963
17427,2746603,defensive,1,0.9500,2,2964
17428,2746725,defensive,1,0.9500,2,2965
17429,2746821,defensive,0,0.9400,2,2966
17430,2746956,defensive,1,0.9400,2,2967
17431,2747165,defensive,1,0.9400,2,2968
17432,2747308,defensive,1,0.9400,2,2969
17433,2747517,defensive,1,0.9400,2,2970
17434,2747646,defensive,1,0.9400,2,2971
17435,2747769,defensive,1,0.9400,2,2972
17436,2747894,defensive,1,0.9400,2,2973
17437,2748038,defensive,1,0.9400,2,2974
17438,2748156,defensive,1,0.9400,2,2975
17439,2748374,defensive,1,0.9400,2,2976
17440,2748526,defensive,1,0.9400,2,2977
17441,2748639,defensive,1,0.9400,2,2978
17442,2748770,defensive,1,0.9400,2,2979
17443,2748902,defensive,1,0.9400,2,2980
17444,2749033,defensive,1,0.9400,2,2981
17445,2749179,defensive,1,0.9400,2,2982
17446,2749351,defensive,1,0.9500,2,2983
17447,2749475,defensive,1,0.9500,2,2984
17448,2749594,defensive,1,0.9500,2,2985
17449,2749720,defensive,1,0.9500,2,2986
17450,2749852,defensive,1,0.9500,2,2987
17451,2749964,defensive,1,0.9500,2,2988
17452,2750090,defensive,1,0.9500,2,2989
17453,2750211,defensive,1,0.9500,2,2990
17454,2750358,defensive,1,0.9500,2,2991
17455,2750502,defensive,1,0.9500,2,2992
17456,2750673,defensive,1,0.9500,2,2993
17457,2750800,defensive,1,0.9500,2,2994
17458,2750927,defensive,1,0.9500,2,2995
17459,2751068,defensive,1,0.9500,2,2996
17460,2751210,defensive,1,0.9500,2,2997
17461,2751326,defensive,1,0.9500,2,2998
17462,2751447,defensive,1,0.9500,2,2999
17463,2751590,defensive,1,0.9500,2,3000
17464,2751712,defensive,1,0.9500,2,3001
17465,2751833,defensive,1,0.9500,2,3002
17466,2751952,defensive,1,0.9500,2,3003
17467,2752060,defensive,0,0.9400,2,3004
17468,2752244,defensive,1,0.9400,2,3005
17469,2752368,defensive,1,0.9400,2,3006
17470,2752528,defensive,1,0.9400,2,3007
17471,2752647,defensive,1,0.9400,2,3008
17472,2752788,defensive,1,0.9400,2,3009
17473,2752953,defensive,1,0.9400,2,3010
17474,2753076,defensive,1,0.9400,2,3011
17475,2753229,defensive,1,0.9400,2,3012
17476,2753349,defensive,1,0.9400,2,3013
17477,2753484,defensive,1,0.9400,2,3014
17478,2753601,defensive,1,0.9400,2,3015
17479,2753746,defensive,1,0.9400,2,3016
17480,2753871,defensive,1,0.9400,2,3017
17481,2754002,defensive,1,0.9400,2,3018
17482,2754125,defensive,1,0.9400,2,3019
17483,2754278,defensive,1,0.9400,2,3020
17484,2754411,defensive,1,0.9500,2,3021
17485,2754549,defensive,1,0.9500,2,3022
17486,2754724,defensive,1,0.9500,2,3023
17487,2754848,defensive,1,0.9500,2,3024
17488,2754971,defensive,1,0.9500,2,3025
17489,2755093,defensive,1,0.9500,2,3026
17490,2755212,defensive,1,0.9500,2,3027
17491,2755337,defensive,1,0.9500,2,3028
17492,2755464,defensive,1,0.9500,2,3029
17493,2755590,defensive,1,0.9500,2,3030
17494,2755710,defensive,1,0.9500,2,3031
17495,2755849,defensive,1,0.9500,2,3032
17496,2755972,defensive,1,0.9600,2,3033
17497,2756091,defensive,1,0.9600,2,3034
17498,2756183,defensive,1,0.9600,2,3035
17499,2756309,defensive,1,0.9600,2,3036
17500,2756487,defensive,1,0.9600,2,3037
17501,2756616,defensive,1,0.9600,2,3038
17502,2756929,defensive,1,0.9600,2,3039
17503,2757065,defensive,1,0.9600,2,3040
17504,2757194,defensive,1,0.9600,2,3041
17505,2757319,defensive,1,0.9600,2,3042
17506,2757413,defensive,1,0.9600,2,3043
17507,2757539,defensive,1,0.9700,2,3044
17508,2757669,defensive,1,0.9700,2,3045
17509,2757755,defensive,0,0.9600,2,3046
17510,2757882,defensive,1,0.9600,2,3047
17511,2758013,defensive,1,0.9600,2,3048
17512,2758134,defensive,1,0.9600,2,3049
17513,2758260,defensive,1,0.9600,2,3050
17514,2758389,defensive,1,0.9600,2,3051
17515,2758515,defensive,1,0.9600,2,3052
17516,2758634,defensive,1,0.9600,2,3053
17517,2758756,defensive,1,0.9600,2,3054
17518,2758886,defensive,1,0.9600,2,3055
17519,2759011,defensive,1,0.9600,2,3056
17520,2759198,defensive,1,0.9600,2,3057
17521,2759320,defensive,1,0.9600,2,3058
17522,2759437,defensive,1,0.9700,2,3059
17523,2759563,defensive,1,0.9700,2,3060
17524,2759688,defensive,1,0.9700,2,3061
17525,2759854,defensive,1,0.9700,2,3062
17526,2759985,defensive,1,0.9700,2,3063
17527,2760077,defensive,0,0.9600,2,3064
17528,2760197,defensive,1,0.9600,2,3065
17529,2760321,defensive,1,0.9700,2,3066
17530,2760445,defensive,1,0.9700,2,3067
17531,2760566,defensive,1,0.9700,2,3068
17532,2760712,defensive,1,0.9700,2,3069
17533,2760850,defensive,1,0.9700,2,3070
17534,2761110,defensive,1,0.9700,2,3071
17535,2761206,defensive,1,0.9700,2,3072
17536,2761292,defensive,0,0.9600,2,3073
17537,2761414,defensive,1,0.9600,2,3074
17538,2761546,defensive,1,0.9600,2,3075
17539,2761665,defensive,1,0.9600,2,3076
17540,2761848,defensive,1,0.9600,2,3077
17541,2761954,defensive,1,0.9600,2,3078
17542,2762081,defensive,1,0.9600,2,3079
17543,2762197,defensive,1,0.9600,2,3080
17544,2762318,defensive,1,0.9600,2,3081
17545,2762445,defensive,1,0.9600,2,3082
17546,2762538,defensive,1,0.9600,2,3083
17547,2762660,defensive,1,0.9600,2,3084
17548,2762795,defensive,1,0.9600,2,3085
17549,2762941,defensive,1,0.9600,2,3086
17550,2763063,defensive,1,0.9600,2,3087
17551,2763263,defensive,1,0.9600,2,3088
17552,2763382,defensive,1,0.9600,2,3089
17553,2763501,defensive,1,0.9600,2,3090
17554,2763621,defensive,1,0.9600,2,3091
17555,2763748,defensive,1,0.9600,2,3092
17556,2763868,defensive,1,0.9600,2,3093
17557,2763989,defensive,1,0.9600,2,3094
17558,2764079,defensive,0,0.9500,2,3095
17559,2764204,defensive,1,0.9500,2,3096
17560,2764328,defensive,1,0.9500,2,3097
17561,2764450,defensive,1,0.9500,2,3098
17562,2764572,defensive,1,0.9500,2,3099
17563,2764709,defensive,1,0.9500,2,3100
17564,2764892,defensive,1,0.9500,2,3101
17565,2765008,defensive,1,0.9500,2,3102
17566,2765164,defensive,1,0.9500,2,3103
17567,2765290,defensive,1,0.9600,2,3104
17568,2765419,defensive,1,0.9600,2,3105
17569,2765555,defensive,1,0.9600,2,3106
17570,2765683,defensive,1,0.9600,2,3107
17571,2765849,defensive,1,0.9600,2,3108
17572,2765972,defensive,1,0.9600,2,3109
17573,2766107,defensive,1,0.9600,2,3110
17574,2766229,defensive,1,0.9600,2,3111
17575,2766364,defensive,1,0.9600,2,3112
17576,2766486,defensive,1,0.9600,2,3113
17577,2766626,defensive,1,0.9600,2,3114
17578,2766774,defensive,1,0.9600,2,3115
17579,2766900,defensive,1,0.9600,2,3116
17580,2767032,defensive,1,0.9600,2,3117
17581,2767193,defensive,1,0.9600,2,3118
17582,2767345,defensive,1,0.9600,2,3119
17583,2767491,defensive,1,0.9600,2,3120
17584,2767631,defensive,1,0.9600,2,3121
17585,2767791,defensive,1,0.9600,2,3122
17586,2767916,defensive,1,0.9600,2,3123
17587,2768044,defensive,1,0.9600,2,3124
17588,2768161,defensive,1,0.9600,2,3125
17589,2768285,defensive,1,0.9600,2,3126
17590,2768503,defensive,1,0.9600,2,3127
17591,2768617,defensive,1,0.9600,2,3128
17592,2768739,defensive,1,0.9600,2,3129
17593,2768998,defensive,1,0.9600,2,3130
17594,2769119,defensive,1,0.9600,2,3131
17595,2769252,defensive,1,0.9600,2,3132
17596,2769369,defensive,1,0.9600,2,3133
17597,2769464,defensive,1,0.9600,2,3134
17598,2769558,defensive,1,0.9600,2,3135
17599,2769686,defensive,1,0.9600,2,3136
17600,2769805,defensive,1,0.9600,2,3137
17601,2769919,defensive,1,0.9600,2,3138
17602,2770046,defensive,1,0.9600,2,3139
17603,2770174,defensive,1,0.9600,2,3140
17604,2770336,defensive,1,0.9600,2,3141
17605,2770458,defensive,1,0.9600,2,3142
17606,2770578,defensive,1,0.9600,2,3143
17607,2770756,defensive,1,0.9600,2,3144
17608,2770891,defensive,1,0.9600,2,3145
17609,2771029,defensive,1,0.9700,2,3146
17610,2771174,defensive,1,0.9700,2,3147
17611,2771286,defensive,1,0.9700,2,3148
17612,2771404,defensive,1,0.9700,2,3149
17613,2771533,defensive,1,0.9700,2,3150
17614,2771707,defensive,1,0.9700,2,3151
17615,2771830,defensive,1,0.9700,2,3152
17616,2771957,defensive,1,0.9700,2,3153
17617,2772095,defensive,1,0.9700,2,3154
17618,2772217,defensive,1,0.9700,2,3155
17619,2772316,defensive,1,0.9700,2,3156
17620,2772436,defensive,1,0.9700,2,3157
17621,2772568,defensive,1,0.9700,2,3158
17622,2772702,defensive,1,0.9700,2,3159
17623,2772830,defensive,1,0.9700,2,3160
17624,2772946,defensive,1,0.9700,2,3161
17625,2773104,defensive,1,0.9700,2,3162
17626,2773264,defensive,1,0.9700,2,3163
17627,2773394,defensive,1,0.9800,2,3164
17628,2773520,defensive,1,0.9800,2,3165
17629,2773639,defensive,1,0.9800,2,3166
17630,2773757,defensive,1,0.9800,2,3167
17631,2773860,defensive,1,0.9800,2,3168
17632,2773983,defensive,1,0.9800,2,3169
17633,2774104,defensive,1,0.9800,2,3170
17634,2774224,defensive,1,0.9800,2,3171
17635,2774354,defensive,1,0.9800,2,3172
17636,2774530,defensive,1,0.9900,2,3173
17637,2774663,defensive,1,0.9900,2,3174
17638,2774786,defensive,1,0.9900,2,3175
17639,2774908,defensive,1,0.9900,2,3176
17640,2775055,defensive,1,0.9900,2,3177
17641,2775176,defensive,1,0.9900,2,3178
17642,2775333,defensive,1,0.9900,2,3179
17643,2775459,defensive,1,0.9900,2,3180
17644,2775582,defensive,1,0.9900,2,3181
17645,2775706,defensive,1,0.9900,2,3182
17646,2775832,defensive,1,0.9900,2,3183
17647,2775957,defensive,1,0.9900,2,3184
17648,2776081,defensive,1,0.9900,2,3185
17649,2776202,defensive,1,0.9900,2,3186
17650,2776322,defensive,1,0.9900,2,3187
17651,2776469,defensive,1,0.9900,2,3188
17652,2776587,defensive,1,0.9900,2,3189
17653,2776712,defensive,1,0.9900,2,3190
17654,2776962,defensive,1,0.9900,2,3191
17655,2777134,defensive,1,0.9900,2,3192
17656,2777273,defensive,1,0.9900,2,3193
17657,2777394,defensive,1,0.9900,2,3194
17658,2777523,defensive,1,1.0000,2,3195
17659,2777642,defensive,1,1.0000,2,3196
17660,2777769,defensive,1,1.0000,2,3197
17661,2777923,defensive,1,1.0000,2,3198
17662,2778062,defensive,1,1.0000,2,3199
17663,2778185,defensive,1,1.0000,2,3200
17664,2778308,defensive,1,1.0000,2,3201
17665,2778429,defensive,1,1.0000,2,3202
17666,2778561,defensive,1,1.0000,2,3203
17667,2778682,defensive,1,1.0000,2,3204
17668,2778822,defensive,1,1.0000,2,3205
17669,2778965,defensive,1,1.0000,2,3206
17670,2779087,defensive,1,1.0000,2,3207
17671,2779245,defensive,1,1.0000,2,3208
17672,2779364,defensive,1,1.0000,2,3209
17673,2779495,defensive,1,1.0000,2,3210
17674,2779671,defensive,1,1.0000,2,3211
17675,2779859,defensive,1,1.0000,2,3212
17676,2779983,defensive,1,1.0000,2,3213
17677,2780122,defensive,1,1.0000,2,3214
17678,2780247,defensive,1,1.0000,2,3215
17679,2780380,defensive,1,1.0000,2,3216
17680,2780594,defensive,1,1.0000,2,3217
17681,2780738,defensive,1,1.0000,2,3218
17682,2780858,defensive,1,1.0000,2,3219
17683,2780980,defensive,1,1.0000,2,3220
17684,2781094,defensive,1,1.0000,2,3221
17685,2781217,defensive,1,1.0000,2,3222
17686,2781345,defensive,1,1.0000,2,3223
17687,2781612,defensive,1,1.0000,2,3224
17688,2781737,defensive,1,1.0000,2,3225
17689,2781866,defensive,1,1.0000,2,3226
17690,2781990,defensive,1,1.0000,2,3227
17691,2782108,defensive,1,1.0000,2,3228
17692,2782235,defensive,1,1.0000,2,3229
17693,2782372,defensive,1,1.0000,2,3230
17694,2782488,defensive,1,1.0000,2,3231
17695,2782605,defensive,1,1.0000,2,3232
17696,2782724,defensive,1,1.0000,2,3233
17697,2782886,defensive,1,1.0000,2,3234
17698,2783007,defensive,1,1.0000,2,3235
17699,2783143,defensive,1,1.0000,2,3236
17700,2783260,defensive,1,1.0000,2,3237
17701,2783378,defensive,1,1.0000,2,3238
17702,2783554,defensive,1,1.0000,2,3239
17703,2783673,defensive,1,1.0000,2,3240
17704,2783804,defensive,1,1.0000,2,3241
17705,2783952,defensive,1,1.0000,2,3242
17706,2784076,defensive,1,1.0000,2,3243
17707,2784192,defensive,1,1.0000,2,3244
17708,2784367,defensive,1,1.0000,2,3245
17709,2784486,defensive,1,1.0000,2,3246
17710,2784627,defensive,1,1.0000,2,3247
17711,2784723,defensive,1,1.0000,2,3248
17712,2784844,defensive,1,1.0000,2,3249
17713,2784944,defensive,1,1.0000,2,3250
17714,2785074,defensive,1,1.0000,2,3251
17715,2785230,defensive,1,1.0000,2,3252
17716,2785354,defensive,1,1.0000,2,3253
17717,2785517,defensive,1,1.0000,2,3254
17718,2785643,defensive,1,1.0000,2,3255
17719,2785783,defensive,1,1.0000,2,3256
17720,2785901,defensive,1,1.0000,2,3257
17721,2786062,defensive,1,1.0000,2,3258
17722,2786183,defensive,1,1.0000,2,3259
17723,2786343,defensive,1,1.0000,2,3260
17724,2786476,defensive,1,1.0000,2,3261
17725,2786597,defensive,1,1.0000,2,3262
17726,2786719,defensive,1,1.0000,2,3263
17727,2786916,defensive,1,1.0000,2,3264
17728,2787040,defensive,1,1.0000,2,3265
17729,2787181,defensive,1,1.0000,2,3266
17730,2787324,defensive,1,1.0000,2,3267
17731,2787446,defensive,1,1.0000,2,3268
17732,2787569,defensive,1,1.0000,2,3269
17733,2787699,defensive,1,1.0000,2,3270
17734,2787819,defensive,1,1.0000,2,3271
17735,2787938,defensive,1,1.0000,2,3272
17736,2788064,defensive,1,1.0000,2,3273
17737,2788191,defensive,1,1.0000,2,3274
17738,2788309,defensive,1,1.0000,2,3275
17739,2788441,defensive,1,1.0000,2,3276
17740,2788567,defensive,1,1.0000,2,3277
17741,2788706,defensive,1,1.0000,2,3278
17742,2788833,defensive,1,1.0000,2,3279
17743,2788973,defensive,1,1.0000,2,3280
17744,2789099,defensive,1,1.0000,2,3281
17745,2789221,defensive,1,1.0000,2,3282
17746,2789350,defensive,1,1.0000,2,3283
17747,2789474,defensive,1,1.0000,2,3284
17748,2789599,defensive,1,1.0000,2,3285
17749,2789723,defensive,1,1.0000,2,3286
17750,2789875,defensive,1,1.0000,2,3287
17751,2790003,defensive,1,1.0000,2,3288
17752,2790191,defensive,1,1.0000,2,3289
17753,2790322,defensive,1,1.0000,2,3290
17754,2790449,defensive,1,1.0000,2,3291
17755,2790571,defensive,1,1.0000,2,3292
17756,2790704,defensive,1,1.0000,2,3293
17757,2790793,defensive,0,0.9900,2,3294
17758,2790921,defensive,1,0.9900,2,3295
17759,2791046,defensive,1,0.9900,2,3296
17760,2791186,defensive,1,0.9900,2,3297
17761,2791350,defensive,1,0.9900,2,3298
17762,2791472,defensive,1,0.9900,2,3299
17763,2791611,defensive,1,0.9900,2,3300
17764,2791746,defensive,1,0.9900,2,3301
17765,2791902,defensive,1,0.9900,2,3302
17766,2792004,defensive,1,0.9900,2,3303
17767,2792159,defensive,1,0.9900,2,3304
17768,2792283,defensive,1,0.9900,2,3305
17769,2792407,defensive,1,0.9900,2,3306
17770,2792542,defensive,1,0.9900,2,3307
17771,2792665,defensive,1,0.9900,2,3308
17772,2792788,defensive,1,0.9900,2,3309
17773,2792882,defensive,1,0.9900,2,3310
17774,2793016,defensive,1,0.9900,2,3311
17775,2793136,defensive,1,0.9900,2,3312
17776,2793258,defensive,1,0.9900,2,3313
17777,2793382,defensive,1,0.9900,2,3314
17778,2793507,defensive,1,0.9900,2,3315
17779,2793638,defensive,1,0.9900,2,3316
17780,2793806,defensive,1,0.9900,2,3317
17781,2793962,defensive,1,0.9900,2,3318
17782,2794106,defensive,1,0.9900,2,3319
17783,2794228,defensive,1,0.9900,2,3320
17784,2794351,defensive,1,0.9900,2,3321
17785,2794470,defensive,1,0.9900,2,3322
17786,2794611,defensive,1,0.9900,2,3323
17787,2794727,defensive,1,0.9900,2,3324
17788,2794851,defensive,1,0.9900,2,3325
17789,2794983,defensive,1,0.9900,2,3326
17790,2795109,defensive,1,0.9900,2,3327
17791,2795231,defensive,1,0.9900,2,3328
17792,2795366,defensive,1,0.9900,2,3329
17793,2795495,defensive,1,0.9900,2,3330
17794,2795639,defensive,1,0.9900,2,3331
17795,2795759,defensive,1,0.9900,2,3332
17796,2795888,defensive,1,0.9900,2,3333
17797,2796025,defensive,1,0.9900,2,3334
17798,2796119,defensive,1,0.9900,2,3335
17799,2796248,defensive,1,0.9900,2,3336
17800,2796368,defensive,1,0.9900,2,3337
17801,2796598,defensive,1,0.9900,2,3338
17802,2796745,defensive,1,0.9900,2,3339
17803,2796862,defensive,1,0.9900,2,3340
17804,2796990,defensive,1,0.9900,2,3341
17805,2797135,defensive,1,0.9900,2,3342
17806,2797235,defensive,1,0.9900,2,3343
17807,2797357,defensive,1,0.9900,2,3344
17808,2797484,defensive,1,0.9900,2,3345
17809,2797610,defensive,1,0.9900,2,3346
17810,2797731,defensive,1,0.9900,2,3347
17811,2797855,defensive,1,0.9900,2,3348
17812,2797977,defensive,1,0.9900,2,3349
17813,2798097,defensive,1,0.9900,2,3350
17814,2798215,defensive,1,0.9900,2,3351
17815,2798337,defensive,1,0.9900,2,3352
17816,2798460,defensive,1,0.9900,2,3353
17817,2798603,defensive,1,0.9900,2,3354
17818,2798699,defensive,1,0.9900,2,3355
17819,2798860,defensive,1,0.9900,2,3356
17820,2798987,defensive,1,0.9900,2,3357
17821,2799150,defensive,1,0.9900,2,3358
17822,2799276,defensive,1,0.9900,2,3359
17823,2799573,defensive,1,0.9900,2,3360
17824,2799666,defensive,1,0.9900,2,3361
17825,2799792,defensive,1,0.9900,2,3362
17826,2799929,defensive,1,0.9900,2,3363
17827,2800050,defensive,1,0.9900,2,3364
17828,2800174,defensive,1,0.9900,2,3365
17829,2800293,defensive,1,0.9900,2,3366
17830,2800412,defensive,1,0.9900,2,3367
17831,2800509,defensive,1,0.9900,2,3368
17832,2800632,defensive,1,0.9900,2,3369
17833,2800799,defensive,1,0.9900,2,3370
17834,2800939,defensive,1,0.9900,2,3371
17835,2801078,defensive,1,0.9900,2,3372
17836,2801210,defensive,1,0.9900,2,3373
17837,2801331,defensive,1,0.9900,2,3374
17838,2801454,defensive,1,0.9900,2,3375
17839,2801586,defensive,1,0.9900,2,3376
17840,2801714,defensive,1,0.9900,2,3377
17841,2801800,defensive,0,0.9800,2,3378
17842,2801952,defensive,1,0.9800,2,3379
17843,2802076,defensive,1,0.9800,2,3380
17844,2802258,defensive,1,0.9800,2,3381
17845,2802381,defensive,1,0.9800,2,3382
17846,2802510,defensive,1,0.9800,2,3383
17847,2802637,defensive,1,0.9800,2,3384
17848,2802768,defensive,1,0.9800,2,3385
17849,2802874,defensive,1,0.9800,2,3386
17850,2802997,defensive,1,0.9800,2,3387
17851,2803145,defensive,1,0.9800,2,3388
17852,2803269,defensive,1,0.9800,2,3389
17853,2803407,defensive,1,0.9800,2,3390
17854,2803538,defensive,1,0.9800,2,3391
17855,2803683,defensive,1,0.9800,2,3392
17856,2803807,defensive,1,0.9800,2,3393
17857,2803946,defensive,1,0.9900,2,3394
17858,2804093,defensive,1,0.9900,2,3395
17859,2804234,defensive,1,0.9900,2,3396
17860,2804355,defensive,1,0.9900,2,3397
17861,2804489,defensive,1,0.9900,2,3398
17862,2804614,defensive,1,0.9900,2,3399
17863,2804741,defensive,1,0.9900,2,3400
17864,2804861,defensive,1,0.9900,2,3401
17865,2804988,defensive,1,0.9900,2,3402
17866,2805115,defensive,1,0.9900,2,3403
17867,2805258,defensive,1,0.9900,2,3404
17868,2805390,defensive,1,0.9900,2,3405
17869,2805569,defensive,1,0.9900,2,3406
17870,2805724,defensive,1,0.9900,2,3407
17871,2805877,defensive,1,0.9900,2,3408
17872,2806000,defensive,1,0.9900,2,3409
17873,2806098,defensive,1,0.9900,2,3410
17874,2806256,defensive,1,0.9900,2,3411
17875,2806374,defensive,1,0.9900,2,3412
17876,2806500,defensive,1,0.9900,2,3413
17877,2806664,defensive,1,0.9900,2,3414
17878,2806792,defensive,1,0.9900,2,3415
17879,2806954,defensive,1,0.9900,2,3416
17880,2807084,defensive,1,0.9900,2,3417
17881,2807231,defensive,1,0.9900,2,3418
17882,2807356,defensive,1,0.9900,2,3419
17883,2807482,defensive,1,0.9900,2,3420
17884,2807577,defensive,0,0.9800,2,3421
17885,2807702,defensive,1,0.9800,2,3422
17886,2807863,defensive,1,0.9800,2,3423
17887,2807985,defensive,1,0.9800,2,3424
17888,2808115,defensive,1,0.9800,2,3425
17889,2808381,defensive,1,0.9800,2,3426
17890,2808524,defensive,1,0.9800,2,3427
17891,2808641,defensive,1,0.9800,2,3428
17892,2808796,defensive,1,0.9800,2,3429
17893,2808919,defensive,1,0.9800,2,3430
17894,2809094,defensive,1,0.9800,2,3431
17895,2809214,defensive,1,0.9800,2,3432
17896,2809339,defensive,1,0.9800,2,3433
17897,2809542,defensive,1,0.9800,2,3434
17898,2809667,defensive,1,0.9800,2,3435
17899,2809813,defensive,1,0.9800,2,3436
17900,2809946,defensive,1,0.9800,2,3437
17901,2810070,defensive,1,0.9800,2,3438
17902,2810199,defensive,1,0.9800,2,3439
17903,2810328,defensive,1,0.9800,2,3440
17904,2810447,defensive,1,0.9800,2,3441
17905,2810599,defensive,1,0.9800,2,3442
17906,2810721,defensive,1,0.9800,2,3443
17907,2810839,defensive,1,0.9800,2,3444
17908,2811032,defensive,1,0.9800,2,3445
17909,2811151,defensive,1,0.9800,2,3446
17910,2811281,defensive,1,0.9800,2,3447
17911,2811475,defensive,1,0.9800,2,3448
17912,2811592,defensive,1,0.9800,2,3449
17913,2811731,defensive,1,0.9800,2,3450
17914,2811843,defensive,1,0.9800,2,3451
17915,2811967,defensive,1,0.9800,2,3452
17916,2812256,defensive,1,0.9800,2,3453
17917,2812421,defensive,1,0.9800,2,3454
17918,2812550,defensive,1,0.9800,2,3455
17919,2812686,defensive,1,0.9800,2,3456
17920,2812831,defensive,1,0.9800,2,3457
17921,2812957,defensive,1,0.9800,2,3458
17922,2813100,defensive,1,0.9800,2,3459
17923,2813267,defensive,1,0.9800,2,3460
17924,2813398,defensive,1,0.9800,2,3461
17925,2813517,defensive,1,0.9800,2,3462
17926,2813649,defensive,1,0.9800,2,3463
17927,2813766,defensive,1,0.9800,2,3464
17928,2813893,defensive,1,0.9800,2,3465
17929,2814016,defensive,1,0.9800,2,3466
17930,2814143,defensive,1,0.9800,2,3467
17931,2814290,defensive,1,0.9800,2,3468
17932,2814517,defensive,1,0.9800,2,3469
17933,2814670,defensive,1,0.9800,2,3470
17934,2814816,defensive,1,0.9800,2,3471
17935,2814937,defensive,1,0.9800,2,3472
17936,2815153,defensive,1,0.9800,2,3473
17937,2815281,defensive,1,0.9800,2,3474
17938,2815406,defensive,1,0.9800,2,3475
17939,2815526,defensive,1,0.9800,2,3476
17940,2815672,defensive,1,0.9800,2,3477
17941,2815834,defensive,1,0.9900,2,3478
17942,2815955,defensive,1,0.9900,2,3479
17943,2816082,defensive,1,0.9900,2,3480
17944,2816224,defensive,1,0.9900,2,3481
17945,2816349,defensive,1,0.9900,2,3482
17946,2816615,defensive,1,0.9900,2,3483
17947,2816740,defensive,1,0.9900,2,3484
17948,2816865,defensive,1,0.9900,2,3485
17949,2816998,defensive,1,0.9900,2,3486
17950,2817137,defensive,1,0.9900,2,3487
17951,2817259,defensive,1,0.9900,2,3488
17952,2817396,defensive,1,0.9900,2,3489
17953,2817522,defensive,1,0.9900,2,3490
17954,2817650,defensive,1,0.9900,2,3491
17955,2817813,defensive,1,0.9900,2,3492
17956,2817938,defensive,1,0.9900,2,3493
17957,2818073,defensive,1,0.9900,2,3494
17958,2818199,defensive,1,0.9900,2,3495
17959,2818327,defensive,1,0.9900,2,3496
17960,2818446,defensive,1,0.9900,2,3497
17961,2818569,defensive,1,0.9900,2,3498
17962,2818690,defensive,1,0.9900,2,3499
17963,2818824,defensive,1,0.9900,2,3500
17964,2818950,defensive,1,0.9900,2,3501
17965,2819073,defensive,1,0.9900,2,3502
17966,2819195,defensive,1,0.9900,2,3503
17967,2819364,defensive,1,0.9900,2,3504
17968,2819484,defensive,1,0.9900,2,3505
17969,2819604,defensive,1,0.9900,2,3506
17970,2819729,defensive,1,0.9900,2,3507
17971,2819854,defensive,1,0.9900,2,3508
17972,2819968,defensive,1,0.9900,2,3509
17973,2820090,defensive,1,0.9900,2,3510
17974,2820219,defensive,1,0.9900,2,3511
17975,2820344,defensive,1,0.9900,2,3512
17976,2820480,defensive,1,0.9900,2,3513
17977,2820600,defensive,1,0.9900,2,3514
17978,2820773,defensive,1,0.9900,2,3515
17979,2820900,defensive,1,0.9900,2,3516
17980,2821041,defensive,1,0.9900,2,3517
17981,2821177,defensive,1,0.9900,2,3518
17982,2821273,defensive,1,0.9900,2,3519
17983,2821390,defensive,1,0.9900,2,3520
17984,2821565,defensive,1,1.0000,2,3521
17985,2821687,defensive,1,1.0000,2,3522
17986,2821821,defensive,1,1.0000,2,3523
17987,2822006,defensive,1,1.0000,2,3524
17988,2822127,defensive,1,1.0000,2,3525
17989,2822252,defensive,1,1.0000,2,3526
17990,2822384,defensive,1,1.0000,2,3527
17991,2822501,defensive,1,1.0000,2,3528
17992,2822630,defensive,1,1.0000,2,3529
17993,2822806,defensive,1,1.0000,2,3530
17994,2822930,defensive,1,1.0000,2,3531
17995,2823051,defensive,1,1.0000,2,3532
17996,2823168,defensive,1,1.0000,2,3533
17997,2823316,defensive,1,1.0000,2,3534
17998,2823459,defensive,1,1.0000,2,3535
17999,2823583,defensive,1,1.0000,2,3536
18000,2824935,defensive,1,1.0000,2,3537
18001,2825061,defensive,1,1.0000,2,3538
18002,2825191,defensive,1,1.0000,2,3539
18003,2825325,defensive,1,1.0000,2,3540
18004,2825453,defensive,1,1.0000,2,3541
18005,2825567,defensive,1,1.0000,2,3542
18006,2825688,defensive,1,1.0000,2,3543
18007,2825812,defensive,1,1.0000,2,3544
18008,2825936,defensive,1,1.0000,2,3545
18009,2826053,defensive,1,1.0000,2,3546
18010,2826262,defensive,1,1.0000,2,3547
18011,2826380,defensive,1,1.0000,2,3548
18012,2826506,defensive,1,1.0000,2,3549
18013,2826633,defensive,1,1.0000,2,3550
18014,2826771,defensive,1,1.0000,2,3551
18015,2826897,defensive,1,1.0000,2,3552
18016,2827016,defensive,1,1.0000,2,3553
18017,2827160,defensive,1,1.0000,2,3554
18018,2827307,defensive,1,1.0000,2,3555
18019,2827431,defensive,1,1.0000,2,3556
18020,2827591,defensive,1,1.0000,2,3557
18021,2827728,defensive,1,1.0000,2,3558
18022,2827884,defensive,1,1.0000,2,3559
18023,2828032,defensive,1,1.0000,2,3560
18024,2828160,defensive,1,1.0000,2,3561
18025,2828281,defensive,1,1.0000,2,3562
18026,2828428,defensive,1,1.0000,2,3563
18027,2828559,defensive,1,1.0000,2,3564
18028,2828681,defensive,1,1.0000,2,3565
18029,2828803,defensive,1,1.0000,2,3566
18030,2828934,defensive,1,1.0000,2,3567
18031,2829051,defensive,1,1.0000,2,3568
18032,2829191,defensive,1,1.0000,2,3569
18033,2829320,defensive,1,1.0000,2,3570
18034,2829444,defensive,1,1.0000,2,3571
18035,2829580,defensive,1,1.0000,2,3572
18036,2829841,defensive,1,1.0000,2,3573
18037,2829974,defensive,1,1.0000,2,3574
18038,2830105,defensive,1,1.0000,2,3575
18039,2830229,defensive,1,1.0000,2,3576
18040,2830373,defensive,1,1.0000,2,3577
18041,2830500,defensive,1,1.0000,2,3578
18042,2830638,defensive,1,1.0000,2,3579
18043,2830759,defensive,1,1.0000,2,3580
18044,2830948,defensive,1,1.0000,2,3581
18045,2831074,defensive,1,1.0000,2,3582
18046,2831201,defensive,1,1.0000,2,3583
18047,2831332,defensive,1,1.0000,2,3584
18048,2831455,defensive,1,1.0000,2,3585
18049,2831580,defensive,1,1.0000,2,3586
18050,2831718,defensive,1,1.0000,2,3587
18051,2831835,defensive,1,1.0000,2,3588
18052,2831966,defensive,1,1.0000,2,3589
18053,2832224,defensive,1,1.0000,2,3590
18054,2832349,defensive,1,1.0000,2,3591
18055,2832478,defensive,1,1.0000,2,3592
18056,2832611,defensive,1,1.0000,2,3593
18057,2832739,defensive,1,1.0000,2,3594
18058,2832864,defensive,1,1.0000,2,3595
18059,2832991,defensive,1,1.0000,2,3596
18060,2833159,defensive,1,1.0000,2,3597
18061,2833345,defensive,1,1.0000,2,3598
18062,2833520,defensive,1,1.0000,2,3599
18063,2833662,defensive,1,1.0000,2,3600
18064,2833809,defensive,1,1.0000,2,3601
18065,2833959,defensive,1,1.0000,2,3602
18066,2834107,defensive,1,1.0000,2,3603
18067,2834228,defensive,1,1.0000,2,3604
18068,2834372,defensive,1,1.0000,2,3605
18069,2834533,defensive,1,1.0000,2,3606
18070,2834656,defensive,1,1.0000,2,3607
18071,2834754,defensive,1,1.0000,2,3608
18072,2834851,defensive,0,0.9900,2,3609
18073,2835005,defensive,1,0.9900,2,3610
18074,2835130,defensive,1,0.9900,2,3611
18075,2835268,defensive,1,0.9900,2,3612
18076,2835390,defensive,1,0.9900,2,3613
18077,2835540,defensive,1,0.9900,2,3614
18078,2835675,defensive,1,0.9900,2,3615
18079,2835837,defensive,1,0.9900,2,3616
18080,2836081,defensive,1,0.9900,2,3617
18081,2836197,defensive,1,0.9900,2,3618
18082,2836328,defensive,1,0.9900,2,3619
18083,2836502,defensive,1,0.9900,2,3620
18084,2836642,defensive,1,0.9900,2,3621
18085,2837994,defensive,1,0.9900,2,3622
18086,2838113,defensive,1,0.9900,2,3623
18087,2838231,defensive,1,0.9900,2,3624
18088,2838358,defensive,1,0.9900,2,3625
18089,2838526,defensive,1,0.9900,2,3626
18090,2838719,defensive,1,0.9900,2,3627
18091,2838858,defensive,1,0.9900,2,3628
18092,2838983,defensive,1,0.9900,2,3629
18093,2839132,defensive,1,0.9900,2,3630
18094,2839255,defensive,1,0.9900,2,3631
18095,2839379,defensive,1,0.9900,2,3632
18096,2839500,defensive,1,0.9900,2,3633
18097,2839660,defensive,1,0.9900,2,3634
18098,2839795,defensive,1,0.9900,2,3635
18099,2839951,defensive,1,0.9900,2,3636
18100,2840087,defensive,1,0.9900,2,3637
18101,2840211,defensive,1,0.9900,2,3638
18102,2840345,defensive,1,0.9900,2,3639
18103,2840472,defensive,1,0.9900,2,3640
18104,2840638,defensive,1,0.9900,2,3641
18105,2840754,defensive,1,0.9900,2,3642
18106,2840850,defensive,0,0.9800,2,3643
18107,2840944,defensive,0,0.9700,2,3644
18108,2841070,defensive,1,0.9700,2,3645
18109,2841213,defensive,1,0.9700,2,3646
18110,2841361,defensive,1,0.9700,2,3647
18111,2841505,defensive,1,0.9700,2,3648
18112,2841631,defensive,1,0.9700,2,3649
18113,2841761,defensive,1,0.9700,2,3650
18114,2841916,defensive,1,0.9700,2,3651
18115,2842039,defensive,1,0.9700,2,3652
18116,2842167,defensive,1,0.9700,2,3653
18117,2842310,defensive,1,0.9700,2,3654
18118,2842447,defensive,1,0.9700,2,3655
18119,2842540,defensive,1,0.9700,2,3656
18120,2842667,defensive,1,0.9700,2,3657
18121,2842798,defensive,1,0.9700,2,3658
18122,2842950,defensive,1,0.9700,2,3659
18123,2843075,defensive,1,0.9700,2,3660
18124,2843200,defensive,1,0.9700,2,3661
18125,2843349,defensive,1,0.9700,2,3662
18126,2843470,defensive,1,0.9700,2,3663
18127,2843600,defensive,1,0.9700,2,3664
18128,2843723,defensive,1,0.9700,2,3665
18129,2843828,defensive,1,0.9700,2,3666
18130,2843965,defensive,1,0.9700,2,3667
18131,2844083,defensive,1,0.9700,2,3668
18132,2844201,defensive,1,0.9700,2,3669
18133,2844324,defensive,1,0.9700,2,3670
18134,2844428,defensive,0,0.9600,2,3671
18135,2844557,defensive,1,0.9600,2,3672
18136,2844678,defensive,1,0.9600,2,3673
18137,2844798,defensive,1,0.9600,2,3674
18138,2844945,defensive,1,0.9600,2,3675
18139,2845066,defensive,1,0.9600,2,3676
18140,2845256,defensive,1,0.9600,2,3677
18141,2845348,defensive,0,0.9500,2,3678
18142,2845472,defensive,1,0.9500,2,3679
18143,2845606,defensive,1,0.9500,2,3680
18144,2845732,defensive,1,0.9500,2,3681
18145,2845869,defensive,1,0.9500,2,3682
18146,2845987,defensive,1,0.9500,2,3683
18147,2846132,defensive,1,0.9500,2,3684
18148,2846233,defensive,1,0.9500,2,3685
18149,2846364,defensive,1,0.9500,2,3686
18150,2846479,defensive,1,0.9500,2,3687
18151,2846761,defensive,1,0.9500,2,3688
18152,2846928,defensive,1,0.9500,2,3689
18153,2847043,defensive,1,0.9500,2,3690
18154,2847164,defensive,1,0.9500,2,3691
18155,2847446,defensive,1,0.9500,2,3692
18156,2847576,defensive,1,0.9500,2,3693
18157,2847708,defensive,1,0.9500,2,3694
18158,2847953,defensive,1,0.9500,2,3695
18159,2848086,defensive,1,0.9500,2,3696
18160,2848242,defensive,1,0.9500,2,3697
18161,2848385,defensive,1,0.9500,2,3698
18162,2848508,defensive,1,0.9500,2,3699
18163,2848633,defensive,1,0.9500,2,3700
18164,2848758,defensive,1,0.9500,2,3701
18165,2848897,defensive,1,0.9500,2,3702
18166,2849061,defensive,1,0.9500,2,3703
18167,2849193,defensive,1,0.9500,2,3704
18168,2849311,defensive,1,0.9500,2,3705
18169,2849446,defensive,1,0.9500,2,3706
18170,2849595,defensive,1,0.9500,2,3707
18171,2849714,defensive,1,0.9500,2,3708
18172,2849900,defensive,1,0.9600,2,3709
18173,2849997,defensive,0,0.9500,2,3710
18174,2850124,defensive,1,0.9500,2,3711
18175,2850257,defensive,1,0.9500,2,3712
18176,2850381,defensive,1,0.9500,2,3713
18177,2850499,defensive,1,0.9500,2,3714
18178,2850626,defensive,1,0.9500,2,3715
18179,2850760,defensive,1,0.9500,2,3716
18180,2850862,defensive,1,0.9500,2,3717
18181,2850980,defensive,1,0.9500,2,3718
18182,2851098,defensive,1,0.9500,2,3719
18183,2851188,defensive,0,0.9400,2,3720
18184,2851311,defensive,1,0.9400,2,3721
18185,2851426,defensive,1,0.9400,2,3722
18186,2851566,defensive,1,0.9400,2,3723
18187,2851855,defensive,1,0.9400,2,3724
18188,2851994,defensive,1,0.9400,2,3725
18189,2852124,defensive,1,0.9400,2,3726
18190,2852242,defensive,1,0.9400,2,3727
18191,2852369,defensive,1,0.9400,2,3728
18192,2852591,defensive,1,0.9400,2,3729
18193,2852713,defensive,1,0.9400,2,3730
18194,2852858,defensive,1,0.9400,2,3731
18195,2852990,defensive,1,0.9400,2,3732
18196,2853110,defensive,1,0.9400,2,3733
18197,2853232,defensive,1,0.9400,2,3734
18198,2853358,defensive,1,0.9400,2,3735
18199,2853550,defensive,1,0.9400,2,3736
18200,2853669,defensive,1,0.9400,2,3737
18201,2853795,defensive,1,0.9400,2,3738
18202,2853918,defensive,1,0.9400,2,3739
18203,2854054,defensive,1,0.9400,2,3740
18204,2854178,defensive,1,0.9400,2,3741
18205,2854301,defensive,1,0.9400,2,3742
18206,2854420,defensive,1,0.9500,2,3743
18207,2854590,defensive,1,0.9600,2,3744
18208,2854721,defensive,1,0.9600,2,3745
18209,2854877,defensive,1,0.9600,2,3746
18210,2855028,defensive,1,0.9600,2,3747
18211,2855178,defensive,1,0.9600,2,3748
18212,2855315,defensive,1,0.9600,2,3749
18213,2855461,defensive,1,0.9600,2,3750
18214,2855587,defensive,1,0.9600,2,3751
18215,2855703,defensive,1,0.9600,2,3752
18216,2855842,defensive,1,0.9600,2,3753
18217,2855958,defensive,1,0.9600,2,3754
18218,2856088,defensive,1,0.9600,2,3755
18219,2856256,defensive,1,0.9600,2,3756
18220,2856401,defensive,1,0.9600,2,3757
18221,2856519,defensive,1,0.9600,2,3758
18222,2856643,defensive,1,0.9600,2,3759
18223,2856764,defensive,1,0.9600,2,3760
18224,2856969,defensive,1,0.9600,2,3761
18225,2857097,defensive,1,0.9600,2,3762
18226,2857235,defensive,1,0.9600,2,3763
18227,2857368,defensive,1,0.9600,2,3764
18228,2857468,defensive,1,0.9600,2,3765
18229,2857589,defensive,1,0.9600,2,3766
18230,2857715,defensive,1,0.9600,2,3767
18231,2857862,defensive,1,0.9600,2,3768
18232,2858021,defensive,1,0.9600,2,3769
18233,2858160,defensive,1,0.9600,2,3770
18234,2858285,defensive,1,0.9700,2,3771
18235,2858427,defensive,1,0.9700,2,3772
18236,2858523,defensive,0,0.9600,2,3773
18237,2858650,defensive,1,0.9600,2,3774
18238,2858820,defensive,1,0.9600,2,3775
18239,2858950,defensive,1,0.9600,2,3776
18240,2859071,defensive,1,0.9600,2,3777
18241,2859206,defensive,1,0.9700,2,3778
18242,2859413,defensive,1,0.9700,2,3779
18243,2859538,defensive,1,0.9700,2,3780
18244,2859655,defensive,1,0.9700,2,3781
18245,2859774,defensive,1,0.9700,2,3782
18246,2860001,defensive,1,0.9700,2,3783
18247,2860143,defensive,1,0.9700,2,3784
18248,2860298,defensive,1,0.9700,2,3785
18249,2860424,defensive,1,0.9700,2,3786
18250,2860648,defensive,1,0.9700,2,3787
18251,2860801,defensive,1,0.9700,2,3788
18252,2860923,defensive,1,0.9700,2,3789
18253,2861022,defensive,1,0.9700,2,3790
18254,2861143,defensive,1,0.9700,2,3791
18255,2861270,defensive,1,0.9700,2,3792
18256,2861394,defensive,1,0.9700,2,3793
18257,2861524,defensive,1,0.9700,2,3794
18258,2861700,defensive,1,0.9700,2,3795
18259,2861839,defensive,1,0.9700,2,3796
18260,2861974,defensive,1,0.9700,2,3797
18261,2862106,defensive,1,0.9700,2,3798
18262,2862224,defensive,1,0.9700,2,3799
18263,2862371,defensive,1,0.9700,2,3800
18264,2862498,defensive,1,0.9700,2,3801
18265,2862626,defensive,1,0.9700,2,3802
18266,2862753,defensive,1,0.9700,2,3803
18267,2862868,defensive,1,0.9700,2,3804
18268,2863011,defensive,1,0.9700,2,3805
18269,2863131,defensive,1,0.9700,2,3806
18270,2863285,defensive,1,0.9700,2,3807
18271,2863408,defensive,1,0.9700,2,3808
18272,2863535,defensive,1,0.9700,2,3809
18273,2863660,defensive,1,0.9800,2,3810
18274,2863792,defensive,1,0.9800,2,3811
18275,2863923,defensive,1,0.9800,2,3812
18276,2864057,defensive,1,0.9800,2,3813
18277,2864189,defensive,1,0.9800,2,3814
18278,2864312,defensive,1,0.9800,2,3815
18279,2864457,defensive,1,0.9800,2,3816
18280,2864584,defensive,1,0.9800,2,3817
18281,2864722,defensive,1,0.9800,2,3818
18282,2864847,defensive,1,0.9800,2,3819
18283,2864974,defensive,1,0.9900,2,3820
18284,2865097,defensive,1,0.9900,2,3821
18285,2865220,defensive,1,0.9900,2,3822
18286,2865352,defensive,1,0.9900,2,3823
18287,2865473,defensive,1,0.9900,2,3824
18288,2865603,defensive,1,0.9900,2,3825
18289,2865755,defensive,1,0.9900,2,3826
18290,2865905,defensive,1,0.9900,2,3827
18291,2866022,defensive,1,0.9900,2,3828
18292,2866148,defensive,1,0.9900,2,3829
18293,2866294,defensive,1,0.9900,2,3830
18294,2866434,defensive,1,0.9900,2,3831
18295,2866560,defensive,1,0.9900,2,3832
18296,2866694,defensive,1,0.9900,2,3833
18297,2866826,defensive,1,0.9900,2,3834
18298,2866947,defensive,1,0.9900,2,3835
18299,2867039,defensive,0,0.9800,2,3836
18300,2867174,defensive,1,0.9800,2,3837
18301,2867303,defensive,1,0.9800,2,3838
18302,2867444,defensive,1,0.9800,2,3839
18303,2867570,defensive,1,0.9800,2,3840
18304,2867727,defensive,1,0.9800,2,3841
18305,2867855,defensive,1,0.9800,2,3842
18306,2867992,defensive,1,0.9800,2,3843
18307,2868154,defensive,1,0.9800,2,3844
18308,2868311,defensive,1,0.9800,2,3845
18309,2868450,defensive,1,0.9800,2,3846
18310,2868573,defensive,1,0.9800,2,3847
18311,2868710,defensive,1,0.9800,2,3848
18312,2868831,defensive,1,0.9800,2,3849
18313,2869162,defensive,1,0.9800,2,3850
18314,2869305,defensive,1,0.9800,2,3851
18315,2869445,defensive,1,0.9800,2,3852
18316,2869572,defensive,1,0.9800,2,3853
18317,2869693,defensive,1,0.9800,2,3854
18318,2869811,defensive,1,0.9800,2,3855
18319,2869936,defensive,1,0.9800,2,3856
18320,2870059,defensive,1,0.9800,2,3857
18321,2870180,defensive,1,0.9800,2,3858
18322,2870328,defensive,1,0.9800,2,3859
18323,2870470,defensive,1,0.9800,2,3860
18324,2870595,defensive,1,0.9800,2,3861
18325,2870717,defensive,1,0.9800,2,3862
18326,2870855,defensive,1,0.9800,2,3863
18327,2870988,defensive,1,0.9800,2,3864
18328,2871174,defensive,1,0.9800,2,3865
18329,2871355,defensive,1,0.9800,2,3866
18330,2871480,defensive,1,0.9800,2,3867
18331,2871602,defensive,1,0.9800,2,3868
18332,2871731,defensive,1,0.9800,2,3869
18333,2871863,defensive,1,0.9800,2,3870
18334,2871988,defensive,1,0.9800,2,3871
18335,2872127,defensive,1,0.9800,2,3872
18336,2872279,defensive,1,0.9900,2,3873
18337,2872401,defensive,1,0.9900,2,3874
18338,2872528,defensive,1,0.9900,2,3875
18339,2872647,defensive,1,0.9900,2,3876
18340,2872872,defensive,1,0.9900,2,3877
18341,2872998,defensive,1,0.9900,2,3878
18342,2873179,defensive,1,0.9900,2,3879
18343,2873299,defensive,1,0.9900,2,3880
18344,2873414,defensive,1,0.9900,2,3881
18345,2873536,defensive,1,0.9900,2,3882
18346,2873659,defensive,1,0.9900,2,3883
18347,2873785,defensive,1,0.9900,2,3884
18348,2873908,defensive,1,0.9900,2,3885
18349,2874050,defensive,1,0.9900,2,3886
18350,2874177,defensive,1,0.9900,2,3887
18351,2874340,defensive,1,0.9900,2,3888
18352,2874503,defensive,1,0.9900,2,3889
18353,2874634,defensive,1,0.9900,2,3890
18354,2874805,defensive,1,0.9900,2,3891
18355,2874963,defensive,1,0.9900,2,3892
18356,2875082,defensive,1,0.9900,2,3893
18357,2875210,defensive,1,0.9900,2,3894
18358,2875354,defensive,1,0.9900,2,3895
18359,2875477,defensive,1,0.9900,2,3896
18360,2875596,defensive,1,0.9900,2,3897
18361,2875719,defensive,1,0.9900,2,3898
18362,2875867,defensive,1,0.9900,2,3899
18363,2876012,defensive,1,0.9900,2,3900
18364,2876172,defensive,1,0.9900,2,3901
18365,2876296,defensive,1,0.9900,2,3902
18366,2876423,defensive,1,0.9900,2,3903
18367,2876559,defensive,1,0.9900,2,3904
18368,2876697,defensive,1,0.9900,2,3905
18369,2876831,defensive,1,0.9900,2,3906
18370,2876948,defensive,1,0.9900,2,3907
18371,2877071,defensive,1,0.9900,2,3908
18372,2877199,defensive,1,0.9900,2,3909
18373,2877327,defensive,1,0.9900,2,3910
18374,2877453,defensive,1,0.9900,2,3911
18375,2877580,defensive,1,0.9900,2,3912
18376,2877697,defensive,1,0.9900,2,3913
18377,2877842,defensive,1,0.9900,2,3914
18378,2877961,defensive,1,0.9900,2,3915
18379,2878086,defensive,1,0.9900,2,3916
18380,2878217,defensive,1,0.9900,2,3917
18381,2878334,defensive,1,0.9900,2,3918
18382,2878457,defensive,1,0.9900,2,3919
18383,2878586,defensive,1,0.9900,2,3920
18384,2878733,defensive,1,0.9900,2,3921
18385,2878876,defensive,1,0.9900,2,3922
18386,2878991,defensive,1,0.9900,2,3923
18387,2879128,defensive,1,0.9900,2,3924
18388,2879266,defensive,1,0.9900,2,3925
18389,2879404,defensive,1,0.9900,2,3926
18390,2879522,defensive,1,0.9900,2,3927
18391,2879671,defensive,1,0.9900,2,3928
18392,2879833,defensive,1,0.9900,2,3929
18393,2879957,defensive,1,0.9900,2,3930
18394,2880120,defensive,1,0.9900,2,3931
18395,2880254,defensive,1,0.9900,2,3932
18396,2880430,defensive,1,0.9900,2,3933
18397,2880571,defensive,1,0.9900,2,3934
18398,2880701,defensive,1,0.9900,2,3935
18399,2880836,defensive,1,1.0000,2,3936
18400,2880965,defensive,1,1.0000,2,3937
18401,2881092,defensive,1,1.0000,2,3938
18402,2881224,defensive,1,1.0000,2,3939
18403,2881365,defensive,1,1.0000,2,3940
18404,2881482,defensive,1,1.0000,2,3941
18405,2881607,defensive,1,1.0000,2,3942
18406,2881776,defensive,1,1.0000,2,3943
18407,2881896,defensive,1,1.0000,2,3944
18408,2882149,defensive,1,1.0000,2,3945
18409,2882330,defensive,1,1.0000,2,3946
18410,2882451,defensive,1,1.0000,2,3947
18411,2882641,defensive,1,1.0000,2,3948
18412,2882773,defensive,1,1.0000,2,3949
18413,2882875,defensive,1,1.0000,2,3950
18414,2883053,defensive,1,1.0000,2,3951
18415,2883177,defensive,1,1.0000,2,3952
18416,2883321,defensive,1,1.0000,2,3953
18417,2883441,defensive,1,1.0000,2,3954
18418,2883535,defensive,1,1.0000,2,3955
18419,2883667,defensive,1,1.0000,2,3956
18420,2883785,defensive,1,1.0000,2,3957
18421,2883925,defensive,1,1.0000,2,3958
18422,2884044,defensive,1,1.0000,2,3959
18423,2884171,defensive,1,1.0000,2,3960
18424,2884291,defensive,1,1.0000,2,3961
18425,2884411,defensive,1,1.0000,2,3962
18426,2884528,defensive,1,1.0000,2,3963
18427,2884654,defensive,1,1.0000,2,3964
18428,2884779,defensive,1,1.0000,2,3965
18429,2884918,defensive,1,1.0000,2,3966
18430,2885069,defensive,1,1.0000,2,3967
18431,2885227,defensive,1,1.0000,2,3968
18432,2885351,defensive,1,1.0000,2,3969
18433,2885493,defensive,1,1.0000,2,3970
18434,2885616,defensive,1,1.0000,2,3971
18435,2885736,defensive,1,1.0000,2,3972
18436,2885872,defensive,1,1.0000,2,3973
18437,2885995,defensive,1,1.0000,2,3974
18438,2886137,defensive,1,1.0000,2,3975
18439,2886242,defensive,1,1.0000,2,3976
18440,2886365,defensive,1,1.0000,2,3977
18441,2886513,defensive,1,1.0000,2,3978
18442,2886634,defensive,1,1.0000,2,3979
18443,2886857,defensive,1,1.0000,2,3980
18444,2886984,defensive,1,1.0000,2,3981
18445,2887124,defensive,1,1.0000,2,3982
18446,2887252,defensive,1,1.0000,2,3983
18447,2887369,defensive,1,1.0000,2,3984
18448,2887501,defensive,1,1.0000,2,3985
18449,2887626,defensive,1,1.0000,2,3986
18450,2887750,defensive,1,1.0000,2,3987
18451,2887872,defensive,1,1.0000,2,3988
18452,2887988,defensive,1,1.0000,2,3989
18453,2888165,defensive,1,1.0000,2,3990
18454,2888292,defensive,1,1.0000,2,3991
18455,2888426,defensive,1,1.0000,2,3992
18456,2888549,defensive,1,1.0000,2,3993
18457,2888681,defensive,1,1.0000,2,3994
18458,2888798,defensive,1,1.0000,2,3995
18459,2888889,defensive,0,0.9900,2,3996
18460,2889034,defensive,1,0.9900,2,3997
18461,2889151,defensive,1,0.9900,2,3998
18462,2889273,defensive,1,0.9900,2,3999
18463,2889393,defensive,1,0.9900,2,4000
18464,2889530,defensive,1,0.9900,2,4001
18465,2889652,defensive,1,0.9900,2,4002
18466,2889799,defensive,1,0.9900,2,4003
18467,2889922,defensive,1,0.9900,2,4004
18468,2890039,defensive,1,0.9900,2,4005
18469,2890135,defensive,0,0.9800,2,4006
18470,2890268,defensive,1,0.9800,2,4007
18471,2890366,defensive,1,0.9800,2,4008
18472,2890499,defensive,1,0.9800,2,4009
18473,2890616,defensive,1,0.9800,2,4010
18474,2890740,defensive,1,0.9800,2,4011
18475,2890877,defensive,1,0.9800,2,4012
18476,2890996,defensive,1,0.9800,2,4013
18477,2891136,defensive,1,0.9800,2,4014
18478,2891253,defensive,1,0.9800,2,4015
18479,2891403,defensive,1,0.9800,2,4016
18480,2891537,defensive,1,0.9800,2,4017
18481,2891657,defensive,1,0.9800,2,4018
18482,2891807,defensive,1,0.9800,2,4019
18483,2891929,defensive,1,0.9800,2,4020
18484,2892066,defensive,1,0.9800,2,4021
18485,2892206,defensive,1,0.9800,2,4022
18486,2892335,defensive,1,0.9800,2,4023
18487,2892438,defensive,1,0.9800,2,4024
18488,2892560,defensive,1,0.9800,2,4025
18489,2892652,defensive,1,0.9800,2,4026
18490,2892774,defensive,1,0.9800,2,4027
18491,2892896,defensive,1,0.9800,2,4028
18492,2893012,defensive,1,0.9800,2,4029
18493,2893141,defensive,1,0.9800,2,4030
18494,2893264,defensive,1,0.9800,2,4031
18495,2893475,defensive,1,0.9800,2,4032
18496,2893595,defensive,1,0.9800,2,4033
18497,2893740,defensive,1,0.9800,2,4034
18498,2893871,defensive,1,0.9800,2,4035
18499,2893988,defensive,1,0.9800,2,4036
18500,2894122,defensive,1,0.9800,2,4037
18501,2894239,defensive,1,0.9800,2,4038
18502,2894343,defensive,1,0.9800,2,4039
18503,2894460,defensive,1,0.9800,2,4040
18504,2894746,defensive,1,0.9800,2,4041
18505,2894870,defensive,1,0.9800,2,4042
18506,2894993,defensive,1,0.9800,2,4043
18507,2895124,defensive,1,0.9800,2,4044
18508,2895249,defensive,1,0.9800,2,4045
18509,2895366,defensive,1,0.9800,2,4046
18510,2895485,defensive,1,0.9800,2,4047
18511,2895612,defensive,1,0.9800,2,4048
18512,2895751,defensive,1,0.9800,2,4049
18513,2895872,defensive,1,0.9800,2,4050
18514,2895993,defensive,1,0.9800,2,4051
18515,2896095,defensive,1,0.9800,2,4052
18516,2896228,defensive,1,0.9800,2,4053
18517,2896351,defensive,1,0.9800,2,4054
18518,2896466,defensive,1,0.9800,2,4055
18519,2896618,defensive,1,0.9800,2,4056
18520,2896737,defensive,1,0.9800,2,4057
18521,2896878,defensive,1,0.9800,2,4058
18522,2897010,defensive,1,0.9800,2,4059
18523,2897145,defensive,1,0.9800,2,4060
18524,2897268,defensive,1,0.9800,2,4061
18525,2897384,defensive,1,0.9800,2,4062
18526,2897516,defensive,1,0.9800,2,4063
18527,2897642,defensive,1,0.9800,2,4064
18528,2897768,defensive,1,0.9800,2,4065
18529,2897874,defensive,1,0.9800,2,4066
18530,2898022,defensive,1,0.9800,2,4067
18531,2898156,defensive,1,0.9800,2,4068
18532,2898323,defensive,1,0.9800,2,4069
18533,2898455,defensive,1,0.9800,2,4070
18534,2898588,defensive,1,0.9800,2,4071
18535,2898712,defensive,1,0.9800,2,4072
18536,2898831,defensive,1,0.9800,2,4073
18537,2898962,defensive,1,0.9800,2,4074
18538,2899110,defensive,1,0.9800,2,4075
18539,2899317,defensive,1,0.9800,2,4076
18540,2899438,defensive,1,0.9800,2,4077
18541,2899550,defensive,1,0.9800,2,4078
18542,2899685,defensive,1,0.9800,2,4079
18543,2899802,defensive,1,0.9800,2,4080
18544,2899924,defensive,1,0.9800,2,4081
18545,2900055,defensive,1,0.9800,2,4082
18546,2900187,defensive,1,0.9800,2,4083
18547,2900303,defensive,1,0.9800,2,4084
18548,2900421,defensive,1,0.9800,2,4085
18549,2900547,defensive,1,0.9800,2,4086
18550,2900686,defensive,1,0.9800,2,4087
18551,2900876,defensive,1,0.9800,2,4088
18552,2901004,defensive,1,0.9800,2,4089
18553,2901151,defensive,1,0.9800,2,4090
18554,2901275,defensive,1,0.9800,2,4091
18555,2901396,defensive,1,0.9800,2,4092
18556,2901556,defensive,1,0.9800,2,4093
18557,2901681,defensive,1,0.9800,2,4094
18558,2901818,defensive,1,0.9800,2,4095
18559,2901915,defensive,1,0.9900,2,4096
18560,2902034,defensive,1,0.9900,2,4097
18561,2902157,defensive,1,0.9900,2,4098
18562,2902303,defensive,1,0.9900,2,4099
18563,2902416,defensive,1,0.9900,2,4100
18564,2902559,defensive,1,0.9900,2,4101
18565,2902708,defensive,1,0.9900,2,4102
18566,2902827,defensive,1,0.9900,2,4103
18567,2902961,defensive,1,0.9900,2,4104
18568,2903083,defensive,1,0.9900,2,4105
18569,2903205,defensive,1,1.0000,2,4106
18570,2903330,defensive,1,1.0000,2,4107
18571,2903453,defensive,1,1.0000,2,4108
18572,2903572,defensive,1,1.0000,2,4109
18573,2903698,defensive,1,1.0000,2,4110
18574,2903818,defensive,1,1.0000,2,4111
18575,2903954,defensive,1,1.0000,2,4112
18576,2904102,defensive,1,1.0000,2,4113
18577,2904223,defensive,1,1.0000,2,4114
18578,2904369,defensive,1,1.0000,2,4115
18579,2904489,defensive,1,1.0000,2,4116
18580,2904635,defensive,1,1.0000,2,4117
18581,2904759,defensive,1,1.0000,2,4118
18582,2904880,defensive,1,1.0000,2,4119
18583,2904978,defensive,0,0.9900,2,4120
18584,2905104,defensive,1,0.9900,2,4121
18585,2905233,defensive,1,0.9900,2,4122
18586,2905352,defensive,1,0.9900,2,4123
18587,2905671,defensive,1,0.9900,2,4124
18588,2905792,defensive,1,0.9900,2,4125
18589,2905941,defensive,1,0.9900,2,4126
18590,2906094,defensive,1,0.9900,2,4127
18591,2906207,defensive,1,0.9900,2,4128
18592,2906337,defensive,1,0.9900,2,4129
18593,2906474,defensive,1,0.9900,2,4130
18594,2906592,defensive,1,0.9900,2,4131
18595,2906716,defensive,1,0.9900,2,4132
18596,2906844,defensive,1,0.9900,2,4133
18597,2906962,defensive,1,0.9900,2,4134
18598,2907088,defensive,1,0.9900,2,4135
18599,2907210,defensive,1,0.9900,2,4136
18600,2907328,defensive,1,0.9900,2,4137
18601,2907454,defensive,1,0.9900,2,4138
18602,2907613,defensive,1,0.9900,2,4139
18603,2907728,defensive,1,0.9900,2,4140
18604,2907861,defensive,1,0.9900,2,4141
18605,2907982,defensive,1,0.9900,2,4142
18606,2908099,defensive,1,0.9900,2,4143
18607,2908244,defensive,1,0.9900,2,4144
18608,2908396,defensive,1,0.9900,2,4145
18609,2908523,defensive,1,0.9900,2,4146
18610,2908649,defensive,1,0.9900,2,4147
18611,2908769,defensive,1,0.9900,2,4148
18612,2908862,defensive,1,0.9900,2,4149
18613,2908983,defensive,1,0.9900,2,4150
18614,2909100,defensive,1,0.9900,2,4151
18615,2909212,defensive,1,0.9900,2,4152
18616,2909337,defensive,1,0.9900,2,4153
18617,2909467,defensive,1,0.9900,2,4154
18618,2909589,defensive,1,0.9900,2,4155
18619,2909722,defensive,1,0.9900,2,4156
18620,2909860,defensive,1,0.9900,2,4157
18621,2909952,defensive,1,0.9900,2,4158
18622,2910069,defensive,1,0.9900,2,4159
18623,2910176,defensive,1,0.9900,2,4160
18624,2910296,defensive,1,0.9900,2,4161
18625,2910456,defensive,1,0.9900,2,4162
18626,2910580,defensive,1,0.9900,2,4163
18627,2910700,defensive,1,0.9900,2,4164
18628,2910831,defensive,1,0.9900,2,4165
18629,2910991,defensive,1,0.9900,2,4166
18630,2911118,defensive,1,0.9900,2,4167
18631,2911303,defensive,1,0.9900,2,4168
18632,2911401,defensive,1,0.9900,2,4169
18633,2911518,defensive,1,0.9900,2,4170
18634,2911639,defensive,1,0.9900,2,4171
18635,2911759,defensive,1,0.9900,2,4172
18636,2911901,defensive,1,0.9900,2,4173
18637,2912071,defensive,1,0.9900,2,4174
18638,2912173,defensive,1,0.9900,2,4175
18639,2912335,defensive,1,0.9900,2,4176
18640,2912461,defensive,1,0.9900,2,4177
18641,2912580,defensive,1,0.9900,2,4178
18642,2912693,defensive,1,0.9900,2,4179
18643,2912816,defensive,1,0.9900,2,4180
18644,2912941,defensive,1,0.9900,2,4181
18645,2913104,defensive,1,0.9900,2,4182
18646,2913196,defensive,1,0.9900,2,4183
18647,2913315,defensive,1,0.9900,2,4184
18648,2913434,defensive,1,0.9900,2,4185
18649,2913622,defensive,1,0.9900,2,4186
18650,2913754,defensive,1,0.9900,2,4187
18651,2913872,defensive,1,0.9900,2,4188
18652,2913967,defensive,1,0.9900,2,4189
18653,2914082,defensive,1,0.9900,2,4190
18654,2914249,defensive,1,0.9900,2,4191
18655,2914372,defensive,1,0.9900,2,4192
18656,2914486,defensive,1,0.9900,2,4193
18657,2914600,defensive,1,0.9900,2,4194
18658,2914716,defensive,1,0.9900,2,4195
18659,2914834,defensive,1,0.9900,2,4196
18660,2914985,defensive,1,0.9900,2,4197
18661,2915100,defensive,1,0.9900,2,4198
18662,2915238,defensive,1,0.9900,2,4199
18663,2915369,defensive,1,0.9900,2,4200
18664,2915487,defensive,1,0.9900,2,4201
18665,2915625,defensive,1,0.9900,2,4202
18666,2915748,defensive,1,0.9900,2,4203
18667,2915893,defensive,1,0.9900,2,4204
18668,2916018,defensive,1,0.9900,2,4205
18669,2916162,defensive,1,0.9900,2,4206
18670,2916323,defensive,1,0.9900,2,4207
18671,2916462,defensive,1,0.9900,2,4208
18672,2916579,defensive,1,0.9900,2,4209
18673,2916700,defensive,1,0.9900,2,4210
18674,2916824,defensive,1,0.9900,2,4211
18675,2916944,defensive,1,0.9900,2,4212
18676,2917132,defensive,1,0.9900,2,4213
18677,2917250,defensive,1,0.9900,2,4214
18678,2917514,defensive,1,0.9900,2,4215
18679,2917678,defensive,1,0.9900,2,4216
18680,2917798,defensive,1,0.9900,2,4217
18681,2917921,defensive,1,0.9900,2,4218
18682,2918047,defensive,1,0.9900,2,4219
18683,2918273,defensive,1,1.0000,2,4220
18684,2918392,defensive,1,1.0000,2,4221
18685,2918561,defensive,1,1.0000,2,4222
18686,2918657,defensive,0,0.9900,2,4223
18687,2918782,defensive,1,0.9900,2,4224
18688,2918901,defensive,1,0.9900,2,4225
18689,2919031,defensive,1,0.9900,2,4226
18690,2919163,defensive,1,0.9900,2,4227
18691,2919281,defensive,1,0.9900,2,4228
18692,2919405,defensive,1,0.9900,2,4229
18693,2919541,defensive,1,0.9900,2,4230
18694,2919670,defensive,1,0.9900,2,4231
18695,2919760,defensive,1,0.9900,2,4232
18696,2919880,defensive,1,0.9900,2,4233
18697,2920000,defensive,1,0.9900,2,4234
18698,2920122,defensive,1,0.9900,2,4235
18699,2920265,defensive,1,0.9900,2,4236
18700,2920355,defensive,1,0.9900,2,4237
18701,2920492,defensive,1,0.9900,2,4238
18702,2920630,defensive,1,0.9900,2,4239
18703,2920747,defensive,1,0.9900,2,4240
18704,2920866,defensive,1,0.9900,2,4241
18705,2920982,defensive,1,0.9900,2,4242
18706,2921099,defensive,1,0.9900,2,4243
18707,2921217,defensive,1,0.9900,2,4244
18708,2921401,defensive,1,0.9900,2,4245
18709,2921539,defensive,1,0.9900,2,4246
18710,2921658,defensive,1,0.9900,2,4247
18711,2921782,defensive,1,0.9900,2,4248
18712,2921910,defensive,1,0.9900,2,4249
18713,2922033,defensive,1,0.9900,2,4250
18714,2922149,defensive,1,0.9900,2,4251
18715,2922286,defensive,1,0.9900,2,4252
18716,2922426,defensive,1,0.9900,2,4253
18717,2922549,defensive,1,0.9900,2,4254
18718,2922667,defensive,1,0.9900,2,4255
18719,2922793,defensive,1,0.9900,2,4256
18720,2922915,defensive,1,0.9900,2,4257
18721,2923041,defensive,1,0.9900,2,4258
18722,2923166,defensive,1,0.9900,2,4259
18723,2923288,defensive,1,0.9900,2,4260
18724,2923411,defensive,1,0.9900,2,4261
18725,2923543,defensive,1,0.9900,2,4262
18726,2923665,defensive,1,0.9900,2,4263
18727,2923757,defensive,0,0.9800,2,4264
18728,2923892,defensive,1,0.9800,2,4265
18729,2924006,defensive,1,0.9800,2,4266
18730,2924141,defensive,1,0.9800,2,4267
18731,2924273,defensive,1,0.9800,2,4268
18732,2924396,defensive,1,0.9800,2,4269
18733,2924546,defensive,1,0.9800,2,4270
18734,2924659,defensive,1,0.9800,2,4271
18735,2924781,defensive,1,0.9800,2,4272
18736,2924905,defensive,1,0.9800,2,4273
18737,2925028,defensive,1,0.9800,2,4274
18738,2925178,defensive,1,0.9800,2,4275
18739,2925294,defensive,1,0.9800,2,4276
18740,2925412,defensive,1,0.9800,2,4277
18741,2925503,defensive,0,0.9700,2,4278
18742,2925640,defensive,1,0.9700,2,4279
18743,2925731,defensive,0,0.9600,2,4280
18744,2925858,defensive,1,0.9600,2,4281
18745,2925947,defensive,0,0.9500,2,4282
18746,2926063,defensive,1,0.9500,2,4283
18747,2926214,defensive,1,0.9500,2,4284
18748,2926359,defensive,1,0.9500,2,4285
18749,2926483,defensive,1,0.9500,2,4286
18750,2926606,defensive,1,0.9500,2,4287
18751,2926735,defensive,1,0.9500,2,4288
18752,2926863,defensive,1,0.9500,2,4289
18753,2926979,defensive,1,0.9500,2,4290
18754,2927101,defensive,1,0.9500,2,4291
18755,2927237,defensive,1,0.9500,2,4292
18756,2927332,defensive,1,0.9500,2,4293
18757,2927418,defensive,0,0.9400,2,4294
18758,2927598,defensive,1,0.9400,2,4295
18759,2927726,defensive,1,0.9400,2,4296
18760,2927859,defensive,1,0.9400,2,4297
18761,2927995,defensive,1,0.9400,2,4298
18762,2928119,defensive,1,0.9400,2,4299
18763,2928263,defensive,1,0.9400,2,4300
18764,2928353,defensive,0,0.9300,2,4301
18765,2928520,defensive,1,0.9300,2,4302
18766,2928651,defensive,1,0.9300,2,4303
18767,2928791,defensive,1,0.9300,2,4304
18768,2928914,defensive,1,0.9300,2,4305
18769,2929044,defensive,1,0.9300,2,4306
18770,2929168,defensive,1,0.9300,2,4307
18771,2929292,defensive,1,0.9300,2,4308
18772,2929423,defensive,1,0.9300,2,4309
18773,2929557,defensive,1,0.9300,2,4310
18774,2929675,defensive,1,0.9300,2,4311
18775,2929817,defensive,1,0.9300,2,4312
18776,2929958,defensive,1,0.9300,2,4313
18777,2930076,defensive,1,0.9300,2,4314
18778,2930207,defensive,1,0.9300,2,4315
18779,2930326,defensive,1,0.9300,2,4316
18780,2930477,defensive,1,0.9300,2,4317
18781,2930575,defensive,0,0.9200,2,4318
18782,2930673,defensive,1,0.9200,2,4319
18783,2930814,defensive,1,0.9200,2,4320
18784,2930936,defensive,1,0.9200,2,4321
18785,2931063,defensive,1,0.9200,2,4322
18786,2931185,defensive,1,0.9300,2,4323
18787,2931301,defensive,1,0.9300,2,4324
18788,2931437,defensive,1,0.9300,2,4325
18789,2931553,defensive,1,0.9300,2,4326
18790,2931677,defensive,1,0.9300,2,4327
18791,2931799,defensive,1,0.9300,2,4328
18792,2931922,defensive,1,0.9300,2,4329
18793,2932110,defensive,1,0.9300,2,4330
18794,2932238,defensive,1,0.9300,2,4331
18795,2932357,defensive,1,0.9300,2,4332
18796,2932477,defensive,1,0.9300,2,4333
18797,2932595,defensive,1,0.9300,2,4334
18798,2932720,defensive,1,0.9300,2,4335
18799,2932965,defensive,1,0.9300,2,4336
18800,2933106,defensive,1,0.9300,2,4337
18801,2933235,defensive,1,0.9300,2,4338
18802,2933402,defensive,1,0.9300,2,4339
18803,2933527,defensive,1,0.9300,2,4340
18804,2933709,defensive,1,0.9300,2,4341
18805,2933846,defensive,1,0.9300,2,4342
18806,2933975,defensive,1,0.9300,2,4343
18807,2934071,defensive,1,0.9300,2,4344
18808,2934209,defensive,1,0.9300,2,4345
18809,2934452,defensive,1,0.9300,2,4346
18810,2934571,defensive,1,0.9300,2,4347
18811,2934687,defensive,1,0.9300,2,4348
18812,2934831,defensive,1,0.9300,2,4349
18813,2934956,defensive,1,0.9300,2,4350
18814,2935079,defensive,1,0.9300,2,4351
18815,2935228,defensive,1,0.9300,2,4352
18816,2935434,defensive,1,0.9300,2,4353
18817,2935573,defensive,1,0.9300,2,4354
18818,2935700,defensive,1,0.9300,2,4355
18819,2935816,defensive,1,0.9300,2,4356
18820,2935938,defensive,1,0.9300,2,4357
18821,2936060,defensive,1,0.9300,2,4358
18822,2936192,defensive,1,0.9300,2,4359
18823,2936313,defensive,1,0.9300,2,4360
18824,2936438,defensive,1,0.9300,2,4361
18825,2936584,defensive,1,0.9300,2,4362
18826,2936683,defensive,0,0.9200,2,4363
18827,2936817,defensive,1,0.9300,2,4364
18828,2936968,defensive,1,0.9300,2,4365
18829,2937082,defensive,1,0.9300,2,4366
18830,2937188,defensive,0,0.9200,2,4367
18831,2937329,defensive,1,0.9200,2,4368
18832,2937449,defensive,1,0.9200,2,4369
18833,2937565,defensive,1,0.9200,2,4370
18834,2937681,defensive,1,0.9200,2,4371
18835,2937799,defensive,1,0.9200,2,4372
18836,2937925,defensive,1,0.9200,2,4373
18837,2938044,defensive,1,0.9200,2,4374
18838,2938164,defensive,1,0.9200,2,4375
18839,2938297,defensive,1,0.9200,2,4376
18840,2938416,defensive,1,0.9200,2,4377
18841,2938545,defensive,1,0.9300,2,4378
18842,2938665,defensive,1,0.9300,2,4379
18843,2938787,defensive,1,0.9400,2,4380
18844,2938933,defensive,1,0.9400,2,4381
18845,2939074,defensive,1,0.9500,2,4382
18846,2939213,defensive,1,0.9500,2,4383
18847,2939344,defensive,1,0.9500,2,4384
18848,2939488,defensive,1,0.9500,2,4385
18849,2939607,defensive,1,0.9500,2,4386
18850,2939785,defensive,1,0.9500,2,4387
18851,2939905,defensive,1,0.9500,2,4388
18852,2940030,defensive,1,0.9500,2,4389
18853,2940153,defensive,1,0.9500,2,4390
18854,2940284,defensive,1,0.9500,2,4391
18855,2940413,defensive,1,0.9500,2,4392
18856,2940550,defensive,1,0.9500,2,4393
18857,2940674,defensive,1,0.9600,2,4394
18858,2940796,defensive,1,0.9600,2,4395
18859,2940930,defensive,1,0.9600,2,4396
18860,2941053,defensive,1,0.9600,2,4397
18861,2941174,defensive,1,0.9600,2,4398
18862,2941292,defensive,1,0.9600,2,4399
18863,2941409,defensive,1,0.9600,2,4400
18864,2941563,defensive,1,0.9700,2,4401
18865,2941685,defensive,1,0.9700,2,4402
18866,2941816,defensive,1,0.9700,2,4403
18867,2941937,defensive,1,0.9700,2,4404
18868,2942086,defensive,1,0.9700,2,4405
18869,2942214,defensive,1,0.9700,2,4406
18870,2942346,defensive,1,0.9700,2,4407
18871,2942480,defensive,1,0.9700,2,4408
18872,2942598,defensive,1,0.9700,2,4409
18873,2942738,defensive,1,0.9700,2,4410
18874,2942888,defensive,1,0.9700,2,4411
18875,2943018,defensive,1,0.9700,2,4412
18876,2943166,defensive,1,0.9700,2,4413
18877,2943301,defensive,1,0.9700,2,4414
18878,2943554,defensive,1,0.9700,2,4415
18879,2943695,defensive,1,0.9700,2,4416
18880,2943923,defensive,1,0.9700,2,4417
18881,2944045,defensive,1,0.9800,2,4418
18882,2944163,defensive,1,0.9800,2,4419
18883,2944395,defensive,1,0.9800,2,4420
18884,2944513,defensive,1,0.9800,2,4421
18885,2944638,defensive,1,0.9800,2,4422
18886,2944782,defensive,1,0.9800,2,4423
18887,2944901,defensive,1,0.9800,2,4424
18888,2945029,defensive,1,0.9800,2,4425
18889,2945152,defensive,1,0.9800,2,4426
18890,2945305,defensive,1,0.9800,2,4427
18891,2945425,defensive,1,0.9800,2,4428
18892,2945548,defensive,1,0.9800,2,4429
18893,2945673,defensive,1,0.9800,2,4430
18894,2945815,defensive,1,0.9800,2,4431
18895,2945934,defensive,1,0.9800,2,4432
18896,2946069,defensive,1,0.9800,2,4433
18897,2946199,defensive,1,0.9800,2,4434
18898,2946358,defensive,1,0.9800,2,4435
18899,2946482,defensive,1,0.9800,2,4436
18900,2946602,defensive,1,0.9800,2,4437
18901,2946741,defensive,1,0.9800,2,4438
18902,2946864,defensive,1,0.9800,2,4439
18903,2946981,defensive,1,0.9800,2,4440
18904,2947112,defensive,1,0.9800,2,4441
18905,2947233,defensive,1,0.9800,2,4442
18906,2947355,defensive,1,0.9800,2,4443
18907,2947476,defensive,1,0.9800,2,4444
18908,2947621,defensive,1,0.9800,2,4445
18909,2947748,defensive,1,0.9800,2,4446
18910,2947878,defensive,1,0.9800,2,4447
18911,2948025,defensive,1,0.9800,2,4448
18912,2948146,defensive,1,0.9800,2,4449
18913,2948271,defensive,1,0.9800,2,4450
18914,2948393,defensive,1,0.9800,2,4451
18915,2948559,defensive,1,0.9800,2,4452
18916,2948681,defensive,1,0.9800,2,4453
18917,2948801,defensive,1,0.9800,2,4454
18918,2948928,defensive,0,0.9700,2,4455
18919,2949065,defensive,1,0.9700,2,4456
18920,2949179,defensive,1,0.9700,2,4457
18921,2949316,defensive,1,0.9700,2,4458
18922,2949447,defensive,1,0.9700,2,4459
18923,2949577,defensive,1,0.9700,2,4460
18924,2949703,defensive,1,0.9700,2,4461
18925,2949828,defensive,1,0.9700,2,4462
18926,2949960,defensive,1,0.9800,2,4463
18927,2950080,defensive,1,0.9800,2,4464
18928,2950197,defensive,1,0.9800,2,4465
18929,2950351,defensive,1,0.9800,2,4466
18930,2950470,defensive,1,0.9900,2,4467
18931,2950595,defensive,1,0.9900,2,4468
18932,2950721,defensive,1,0.9900,2,4469
18933,2950811,defensive,0,0.9800,2,4470
18934,2950931,defensive,1,0.9800,2,4471
18935,2951066,defensive,1,0.9800,2,4472
18936,2951188,defensive,1,0.9800,2,4473
18937,2951402,defensive,1,0.9800,2,4474
18938,2951554,defensive,1,0.9800,2,4475
18939,2951723,defensive,1,0.9800,2,4476
18940,2951861,defensive,1,0.9800,2,4477
18941,2951995,defensive,1,0.9800,2,4478
18942,2952118,defensive,1,0.9800,2,4479
18943,2952246,defensive,1,0.9800,2,4480
18944,2952368,defensive,1,0.9800,2,4481
18945,2952541,defensive,1,0.9800,2,4482
18946,2952658,defensive,1,0.9800,2,4483
18947,2952803,defensive,1,0.9800,2,4484
18948,2952925,defensive,1,0.9800,2,4485
18949,2953041,defensive,1,0.9800,2,4486
18950,2953208,defensive,1,0.9800,2,4487
18951,2953327,defensive,1,0.9800,2,4488
18952,2953454,defensive,1,0.9800,2,4489
18953,2953586,defensive,1,0.9800,2,4490
18954,2953728,defensive,1,0.9800,2,4491
18955,2953863,defensive,1,0.9800,2,4492
18956,2953983,defensive,1,0.9800,2,4493
18957,2954103,defensive,1,0.9800,2,4494
18958,2954235,defensive,1,0.9800,2,4495
18959,2954364,defensive,1,0.9800,2,4496
18960,2954487,defensive,1,0.9800,2,4497
18961,2954612,defensive,1,0.9800,2,4498
18962,2954781,defensive,1,0.9800,2,4499
18963,2954879,defensive,1,0.9800,2,4500
18964,2954999,defensive,1,0.9800,2,4501
18965,2955126,defensive,1,0.9800,2,4502
18966,2955251,defensive,1,0.9800,2,4503
18967,2955392,defensive,1,0.9800,2,4504
18968,2955532,defensive,1,0.9800,2,4505
18969,2955623,defensive,0,0.9700,2,4506
18970,2955751,defensive,1,0.9700,2,4507
18971,2955870,defensive,1,0.9700,2,4508
18972,2955985,defensive,1,0.9700,2,4509
18973,2956122,defensive,1,0.9700,2,4510
18974,2956246,defensive,1,0.9700,2,4511
18975,2956345,defensive,0,0.9600,2,4512
18976,2956467,defensive,1,0.9600,2,4513
18977,2956592,defensive,1,0.9600,2,4514
18978,2956721,defensive,1,0.9600,2,4515
18979,2956855,defensive,1,0.9600,2,4516
18980,2956973,defensive,1,0.9600,2,4517
18981,2957092,defensive,1,0.9600,2,4518
18982,2957217,defensive,1,0.9600,2,4519
18983,2957338,defensive,1,0.9600,2,4520
18984,2957481,defensive,1,0.9600,2,4521
18985,2957610,defensive,1,0.9600,2,4522
18986,2957733,defensive,1,0.9600,2,4523
18987,2957857,defensive,1,0.9600,2,4524
18988,2957988,defensive,1,0.9600,2,4525
18989,2958111,defensive,1,0.9600,2,4526
18990,2958400,defensive,1,0.9600,2,4527
18991,2958541,defensive,1,0.9600,2,4528
18992,2958683,defensive,1,0.9600,2,4529
18993,2958822,defensive,1,0.9600,2,4530
18994,2958945,defensive,1,0.9600,2,4531
18995,2959068,defensive,1,0.9600,2,4532
18996,2959187,defensive,1,0.9600,2,4533
18997,2959324,defensive,1,0.9600,2,4534
18998,2959485,defensive,1,0.9600,2,4535
18999,2959606,defensive,1,0.9600,2,4536
19000,2959728,defensive,1,0.9600,2,4537
19001,2959858,defensive,1,0.9600,2,4538
19002,2959979,defensive,1,0.9600,2,4539
19003,2960132,defensive,1,0.9600,2,4540
19004,2960271,defensive,1,0.9600,2,4541
19005,2960385,defensive,1,0.9600,2,4542
19006,2960512,defensive,1,0.9600,2,4543
19007,2960639,defensive,1,0.9600,2,4544
19008,2960790,defensive,1,0.9600,2,4545
19009,2960921,defensive,1,0.9600,2,4546
19010,2961040,defensive,1,0.9600,2,4547
19011,2961173,defensive,1,0.9600,2,4548
19012,2961298,defensive,1,0.9600,2,4549
19013,2961420,defensive,1,0.9600,2,4550
19014,2961549,defensive,1,0.9600,2,4551
19015,2961669,defensive,1,0.9600,2,4552
19016,2961800,defensive,1,0.9600,2,4553
19017,2961923,defensive,1,0.9600,2,4554
19018,2962051,defensive,1,0.9700,2,4555
19019,2962177,defensive,1,0.9700,2,4556
19020,2962323,defensive,1,0.9700,2,4557
19021,2962527,defensive,1,0.9700,2,4558
19022,2962644,defensive,1,0.9700,2,4559
19023,2962778,defensive,1,0.9700,2,4560
19024,2962905,defensive,1,0.9700,2,4561
19025,2963041,defensive,1,0.9700,2,4562
19026,2963174,defensive,1,0.9700,2,4563
19027,2963319,defensive,1,0.9700,2,4564
19028,2963444,defensive,1,0.9700,2,4565
19029,2963534,defensive,0,0.9600,2,4566
19030,2963658,defensive,1,0.9600,2,4567
19031,2963787,defensive,1,0.9600,2,4568
19032,2963915,defensive,1,0.9600,2,4569
19033,2964036,defensive,1,0.9700,2,4570
19034,2964157,defensive,1,0.9700,2,4571
19035,2964277,defensive,1,0.9700,2,4572
19036,2964553,defensive,1,0.9700,2,4573
19037,2964682,defensive,1,0.9700,2,4574
19038,2964806,defensive,1,0.9700,2,4575
19039,2964934,defensive,1,0.9700,2,4576
19040,2965066,defensive,1,0.9700,2,4577
19041,2965186,defensive,1,0.9700,2,4578
19042,2965310,defensive,1,0.9700,2,4579
19043,2965438,defensive,1,0.9700,2,4580
19044,2965561,defensive,1,0.9700,2,4581
19045,2965684,defensive,1,0.9700,2,4582
19046,2965807,defensive,1,0.9700,2,4583
19047,2965931,defensive,1,0.9700,2,4584
19048,2966069,defensive,1,0.9700,2,4585
19049,2966193,defensive,1,0.9700,2,4586
19050,2966342,defensive,1,0.9700,2,4587
19051,2966488,defensive,1,0.9700,2,4588
19052,2966647,defensive,1,0.9700,2,4589
19053,2966777,defensive,1,0.9700,2,4590
19054,2966907,defensive,1,0.9700,2,4591
19055,2967067,defensive,1,0.9700,2,4592
19056,2967197,defensive,1,0.9700,2,4593
19057,2967332,defensive,1,0.9700,2,4594
19058,2967457,defensive,1,0.9700,2,4595
19059,2967579,defensive,1,0.9700,2,4596
19060,2967718,defensive,1,0.9700,2,4597
19061,2967855,defensive,1,0.9700,2,4598
19062,2968022,defensive,1,0.9700,2,4599
19063,2968145,defensive,1,0.9700,2,4600
19064,2968241,defensive,1,0.9700,2,4601
19065,2968494,defensive,1,0.9700,2,4602
19066,2968658,defensive,1,0.9700,2,4603
19067,2968792,defensive,1,0.9700,2,4604
19068,2968948,defensive,1,0.9700,2,4605
19069,2969108,defensive,1,0.9800,2,4606
19070,2969238,defensive,1,0.9800,2,4607
19071,2969368,defensive,1,0.9800,2,4608
19072,2969497,defensive,1,0.9800,2,4609
19073,2969619,defensive,1,0.9800,2,4610
19074,2969737,defensive,1,0.9800,2,4611
19075,2970024,defensive,1,0.9900,2,4612
19076,2970217,defensive,1,0.9900,2,4613
19077,2970364,defensive,1,0.9900,2,4614
19078,2970485,defensive,1,0.9900,2,4615
19079,2970609,defensive,1,0.9900,2,4616
19080,2970729,defensive,1,0.9900,2,4617
19081,2970857,defensive,1,0.9900,2,4618
19082,2970999,defensive,1,0.9900,2,4619
19083,2971159,defensive,1,0.9900,2,4620
19084,2971278,defensive,1,0.9900,2,4621
19085,2971467,defensive,1,0.9900,2,4622
19086,2971566,defensive,1,0.9900,2,4623
19087,2971701,defensive,1,0.9900,2,4624
19088,2971831,defensive,1,0.9900,2,4625
19089,2971925,defensive,1,0.9900,2,4626
19090,2972045,defensive,1,0.9900,2,4627
19091,2972176,defensive,1,0.9900,2,4628
19092,2972300,defensive,1,0.9900,2,4629
19093,2972428,defensive,1,0.9900,2,4630
19094,2972550,defensive,1,0.9900,2,4631
19095,2972680,defensive,1,0.9900,2,4632
19096,2972788,defensive,0,0.9800,2,4633
19097,2972933,defensive,1,0.9800,2,4634
19098,2973087,defensive,1,0.9800,2,4635
19099,2973207,defensive,1,0.9800,2,4636
19100,2973382,defensive,1,0.9800,2,4637
19101,2973520,defensive,1,0.9800,2,4638
19102,2973643,defensive,1,0.9800,2,4639
19103,2973781,defensive,1,0.9800,2,4640
19104,2973900,defensive,1,0.9800,2,4641
19105,2974046,defensive,1,0.9800,2,4642
19106,2974147,defensive,1,0.9800,2,4643
19107,2974267,defensive,1,0.9800,2,4644
19108,2974399,defensive,1,0.9800,2,4645
19109,2974538,defensive,1,0.9800,2,4646
19110,2974671,defensive,1,0.9800,2,4647
19111,2974790,defensive,1,0.9800,2,4648
19112,2974930,defensive,1,0.9800,2,4649
19113,2975083,defensive,1,0.9800,2,4650
19114,2975207,defensive,1,0.9800,2,4651
19115,2975326,defensive,1,0.9800,2,4652
19116,2975457,defensive,1,0.9800,2,4653
19117,2975581,defensive,1,0.9800,2,4654
19118,2975721,defensive,1,0.9800,2,4655
19119,2975959,defensive,1,0.9800,2,4656
19120,2976109,defensive,1,0.9800,2,4657
19121,2976267,defensive,1,0.9800,2,4658
19122,2976362,defensive,1,0.9800,2,4659
19123,2976496,defensive,1,0.9800,2,4660
19124,2976652,defensive,1,0.9800,2,4661
19125,2976778,defensive,1,0.9800,2,4662
19126,2976890,defensive,1,0.9800,2,4663
19127,2977021,defensive,1,0.9800,2,4664
19128,2977140,defensive,1,0.9800,2,4665
19129,2977256,defensive,1,0.9900,2,4666
19130,2977385,defensive,1,0.9900,2,4667
19131,2977510,defensive,1,0.9900,2,4668
19132,2977634,defensive,1,0.9900,2,4669
19133,2977800,defensive,1,0.9900,2,4670
19134,2977942,defensive,1,0.9900,2,4671
19135,2978173,defensive,1,0.9900,2,4672
19136,2978292,defensive,1,0.9900,2,4673
19137,2978419,defensive,1,0.9900,2,4674
19138,2978591,defensive,1,0.9900,2,4675
19139,2978707,defensive,1,0.9900,2,4676
19140,2978830,defensive,1,0.9900,2,4677
19141,2979124,defensive,1,0.9900,2,4678
19142,2979257,defensive,1,0.9900,2,4679
19143,2979389,defensive,1,0.9900,2,4680
19144,2979578,defensive,1,0.9900,2,4681
19145,2979669,defensive,1,0.9900,2,4682
19146,2979796,defensive,1,0.9900,2,4683
19147,2979950,defensive,1,0.9900,2,4684
19148,2980080,defensive,1,0.9900,2,4685
19149,2980212,defensive,1,0.9900,2,4686
19150,2980350,defensive,1,0.9900,2,4687
19151,2980481,defensive,1,0.9900,2,4688
19152,2980627,defensive,1,0.9900,2,4689
19153,2980753,defensive,1,0.9900,2,4690
19154,2980873,defensive,1,0.9900,2,4691
19155,2981010,defensive,1,0.9900,2,4692
19156,2981127,defensive,1,0.9900,2,4693
19157,2981318,defensive,1,0.9900,2,4694
19158,2981461,defensive,1,0.9900,2,4695
19159,2981589,defensive,1,0.9900,2,4696
19160,2981733,defensive,1,0.9900,2,4697
19161,2981852,defensive,1,0.9900,2,4698
19162,2982121,defensive,1,0.9900,2,4699
19163,2982245,defensive,1,0.9900,2,4700
19164,2982385,defensive,1,0.9900,2,4701
19165,2982513,defensive,1,0.9900,2,4702
19166,2982646,defensive,1,0.9900,2,4703
19167,2982764,defensive,1,0.9900,2,4704
19168,2982900,defensive,1,0.9900,2,4705
19169,2983029,defensive,1,0.9900,2,4706
19170,2983157,defensive,1,0.9900,2,4707
19171,2983275,defensive,1,0.9900,2,4708
19172,2983391,defensive,1,0.9900,2,4709
19173,2983510,defensive,1,0.9900,2,4710
19174,2983639,defensive,1,0.9900,2,4711
19175,2983763,defensive,1,0.9900,2,4712
19176,2983908,defensive,1,0.9900,2,4713
19177,2984098,defensive,1,0.9900,2,4714
19178,2984213,defensive,1,0.9900,2,4715
19179,2984362,defensive,1,0.9900,2,4716
19180,2984508,defensive,1,0.9900,2,4717
19181,2984641,defensive,1,0.9900,2,4718
19182,2984762,defensive,1,0.9900,2,4719
19183,2984890,defensive,1,0.9900,2,4720
19184,2985013,defensive,1,0.9900,2,4721
19185,2985111,defensive,0,0.9800,2,4722
19186,2985247,defensive,1,0.9800,2,4723
19187,2985455,defensive,1,0.9800,2,4724
19188,2985574,defensive,1,0.9800,2,4725
19189,2985723,defensive,1,0.9800,2,4726
19190,2985848,defensive,1,0.9800,2,4727
19191,2985962,defensive,1,0.9800,2,4728
19192,2986110,defensive,1,0.9800,2,4729
19193,2986234,defensive,1,0.9800,2,4730
19194,2986357,defensive,1,0.9800,2,4731
19195,2986478,defensive,1,0.9800,2,4732
19196,2986608,defensive,1,0.9900,2,4733
19197,2986726,defensive,1,0.9900,2,4734
19198,2986917,defensive,1,0.9900,2,4735
19199,2987043,defensive,1,0.9900,2,4736
19200,2987171,defensive,1,0.9900,2,4737
19201,2987326,defensive,1,0.9900,2,4738
19202,2987483,defensive,1,0.9900,2,4739
19203,2987605,defensive,1,0.9900,2,4740
19204,2987752,defensive,1,0.9900,2,4741
19205,2987869,defensive,1,0.9900,2,4742
19206,2987995,defensive,1,0.9900,2,4743
19207,2988144,defensive,1,0.9900,2,4744
19208,2988288,defensive,1,0.9900,2,4745
19209,2988587,defensive,1,0.9900,2,4746
19210,2988707,defensive,1,0.9900,2,4747
19211,2988823,defensive,1,0.9900,2,4748
19212,2988939,defensive,1,0.9900,2,4749
19213,2989097,defensive,1,0.9900,2,4750
19214,2989213,defensive,1,0.9900,2,4751
19215,2989344,defensive,1,0.9900,2,4752
19216,2989462,defensive,1,0.9900,2,4753
19217,2989596,defensive,1,0.9900,2,4754
19218,2989773,defensive,1,0.9900,2,4755
19219,2989895,defensive,1,0.9900,2,4756
19220,2990015,defensive,1,0.9900,2,4757
19221,2990142,defensive,1,0.9900,2,4758
19222,2990289,defensive,1,0.9900,2,4759
19223,2990409,defensive,1,0.9900,2,4760
19224,2990578,defensive,1,0.9900,2,4761
19225,2990733,defensive,1,0.9900,2,4762
19226,2990867,defensive,1,0.9900,2,4763
19227,2990985,defensive,1,0.9900,2,4764
19228,2991104,defensive,1,0.9900,2,4765
19229,2991249,defensive,1,0.9900,2,4766
19230,2991361,defensive,1,0.9900,2,4767
19231,2991488,defensive,1,0.9900,2,4768
19232,2991603,defensive,1,0.9900,2,4769
19233,2991738,defensive,1,0.9900,2,4770
19234,2991865,defensive,1,0.9900,2,4771
19235,2991992,defensive,1,0.9900,2,4772
19236,2992140,defensive,1,0.9900,2,4773
19237,2992264,defensive,1,0.9900,2,4774
19238,2992387,defensive,1,0.9900,2,4775
19239,2992517,defensive,1,0.9900,2,4776
19240,2992632,defensive,1,0.9900,2,4777
19241,2992818,defensive,1,0.9900,2,4778
19242,2992955,defensive,1,0.9900,2,4779
19243,2993078,defensive,1,0.9900,2,4780
19244,2993350,defensive,1,0.9900,2,4781
19245,2993468,defensive,1,0.9900,2,4782
19246,2993586,defensive,1,0.9900,2,4783
19247,2993709,defensive,1,0.9900,2,4784
19248,2993840,defensive,1,0.9900,2,4785
19249,2993958,defensive,1,0.9900,2,4786
19250,2994111,defensive,1,0.9900,2,4787
19251,2994250,defensive,1,0.9900,2,4788
19252,2994364,defensive,1,0.9900,2,4789
19253,2994509,defensive,1,0.9900,2,4790
19254,2994634,defensive,1,0.9900,2,4791
19255,2994848,defensive,1,0.9900,2,4792
19256,2994944,defensive,1,0.9900,2,4793
19257,2995090,defensive,1,0.9900,2,4794
19258,2995211,defensive,1,0.9900,2,4795
19259,2995336,defensive,1,0.9900,2,4796
19260,2995491,defensive,1,0.9900,2,4797
19261,2995610,defensive,1,0.9900,2,4798
19262,2995731,defensive,1,0.9900,2,4799
19263,2995863,defensive,1,0.9900,2,4800
19264,2995982,defensive,1,0.9900,2,4801
19265,2996106,defensive,1,0.9900,2,4802
19266,2996233,defensive,1,0.9900,2,4803
19267,2996359,defensive,1,0.9900,2,4804
19268,2996481,defensive,1,0.9900,2,4805
19269,2996606,defensive,1,0.9900,2,4806
19270,2996877,defensive,1,0.9900,2,4807
19271,2997000,defensive,1,0.9900,2,4808
19272,2997143,defensive,1,0.9900,2,4809
19273,2997315,defensive,1,0.9900,2,4810
19274,2997435,defensive,1,0.9900,2,4811
19275,2997571,defensive,1,0.9900,2,4812
19276,2997689,defensive,1,0.9900,2,4813
19277,2997910,defensive,1,0.9900,2,4814
19278,2998087,defensive,1,0.9900,2,4815
19279,2998209,defensive,1,0.9900,2,4816
19280,2998359,defensive,1,0.9900,2,4817
19281,2998515,defensive,1,0.9900,2,4818
19282,2998634,defensive,1,0.9900,2,4819
19283,2998756,defensive,1,0.9900,2,4820
19284,2998895,defensive,1,0.9900,2,4821
19285,2999017,defensive,1,1.0000,2,4822
19286,2999135,defensive,1,1.0000,2,4823
19287,2999256,defensive,1,1.0000,2,4824
19288,2999387,defensive,1,1.0000,2,4825
19289,2999484,defensive,1,1.0000,2,4826
19290,2999635,defensive,1,1.0000,2,4827
19291,2999761,defensive,1,1.0000,2,4828
19292,2999858,defensive,0,0.9900,2,4829
19293,3000007,defensive,1,0.9900,2,4830
19294,3000123,defensive,1,0.9900,2,4831
19295,3000281,defensive,1,0.9900,2,4832
19296,3000439,defensive,1,0.9900,2,4833
19297,3000559,defensive,1,0.9900,2,4834
19298,3000758,defensive,1,0.9900,2,4835
19299,3000880,defensive,1,0.9900,2,4836
19300,3001004,defensive,1,0.9900,2,4837
19301,3001140,defensive,1,0.9900,2,4838
19302,3001262,defensive,1,0.9900,2,4839
19303,3001416,defensive,1,0.9900,2,4840
19304,3001533,defensive,1,0.9900,2,4841
19305,3001680,defensive,1,0.9900,2,4842
19306,3001809,defensive,1,0.9900,2,4843
19307,3001938,defensive,1,0.9900,2,4844
19308,3002061,defensive,1,0.9900,2,4845
19309,3002186,defensive,1,0.9900,2,4846
19310,3002306,defensive,1,0.9900,2,4847
19311,3002453,defensive,1,0.9900,2,4848
19312,3002668,defensive,1,0.9900,2,4849
19313,3002787,defensive,1,0.9900,2,4850
19314,3002923,defensive,1,0.9900,2,4851
19315,3003064,defensive,1,0.9900,2,4852
19316,3003189,defensive,1,0.9900,2,4853
19317,3003320,defensive,1,0.9900,2,4854
19318,3003442,defensive,1,0.9900,2,4855
19319,3003577,defensive,1,0.9900,2,4856
19320,3003699,defensive,1,0.9900,2,4857
19321,3003823,defensive,1,0.9900,2,4858
19322,3004067,defensive,1,0.9900,2,4859
19323,3004209,defensive,1,0.9900,2,4860
19324,3004328,defensive,1,0.9900,2,4861
19325,3004446,defensive,1,0.9900,2,4862
19326,3004576,defensive,1,0.9900,2,4863
19327,3004714,defensive,1,0.9900,2,4864
19328,3004833,defensive,1,0.9900,2,4865
19329,3004965,defensive,1,0.9900,2,4866
19330,3005085,defensive,1,0.9900,2,4867
19331,3005205,defensive,1,0.9900,2,4868
19332,3005334,defensive,1,0.9900,2,4869
19333,3005462,defensive,1,0.9900,2,4870
19334,3005584,defensive,1,0.9900,2,4871
19335,3005702,defensive,1,0.9900,2,4872
19336,3005835,defensive,1,0.9900,2,4873
19337,3005978,defensive,1,0.9900,2,4874
19338,3006118,defensive,1,0.9900,2,4875
19339,3006250,defensive,1,0.9900,2,4876
19340,3006398,defensive,1,0.9900,2,4877
19341,3006521,defensive,1,0.9900,2,4878
19342,3006744,defensive,1,0.9900,2,4879
19343,3006898,defensive,1,0.9900,2,4880
19344,3007020,defensive,1,0.9900,2,4881
19345,3007141,defensive,1,0.9900,2,4882
19346,3007258,defensive,1,0.9900,2,4883
19347,3007390,defensive,1,0.9900,2,4884
19348,3007683,defensive,1,0.9900,2,4885
19349,3007807,defensive,1,0.9900,2,4886
19350,3007936,defensive,1,0.9900,2,4887
19351,3008078,defensive,1,0.9900,2,4888
19352,3008204,defensive,1,0.9900,2,4889
19353,3008336,defensive,1,0.9900,2,4890
19354,3008454,defensive,1,0.9900,2,4891
19355,3008553,defensive,1,0.9900,2,4892
19356,3008668,defensive,1,0.9900,2,4893
19357,3008788,defensive,1,0.9900,2,4894
19358,3008934,defensive,1,0.9900,2,4895
19359,3009059,defensive,1,0.9900,2,4896
19360,3009176,defensive,1,0.9900,2,4897
19361,3009303,defensive,1,0.9900,2,4898
19362,3009397,defensive,1,0.9900,2,4899
19363,3009523,defensive,1,0.9900,2,4900
19364,3009650,defensive,1,0.9900,2,4901
19365,3009766,defensive,1,0.9900,2,4902
19366,3009894,defensive,1,0.9900,2,4903
19367,3010018,defensive,1,0.9900,2,4904
19368,3010148,defensive,1,0.9900,2,4905
19369,3010268,defensive,1,0.9900,2,4906
19370,3010405,defensive,1,0.9900,2,4907
19371,3010525,defensive,1,0.9900,2,4908
19372,3010646,defensive,1,0.9900,2,4909
19373,3010768,defensive,1,0.9900,2,4910
19374,3010892,defensive,1,0.9900,2,4911
19375,3011014,defensive,1,0.9900,2,4912
19376,3011132,defensive,1,0.9900,2,4913
19377,3011252,defensive,1,0.9900,2,4914
19378,3011383,defensive,1,0.9900,2,4915
19379,3011511,defensive,1,0.9900,2,4916
19380,3011663,defensive,1,0.9900,2,4917
19381,3011792,defensive,1,0.9900,2,4918
19382,3011911,defensive,1,0.9900,2,4919
19383,3012042,defensive,1,0.9900,2,4920
19384,3012138,defensive,0,0.9800,2,4921
19385,3012383,defensive,1,0.9800,2,4922
19386,3012569,defensive,1,0.9800,2,4923
19387,3012698,defensive,1,0.9800,2,4924
19388,3012826,defensive,1,0.9800,2,4925
19389,3012970,defensive,1,0.9800,2,4926
19390,3013103,defensive,1,0.9800,2,4927
19391,3013222,defensive,1,0.9800,2,4928
19392,3013344,defensive,1,0.9900,2,4929
19393,3013472,defensive,1,0.9900,2,4930
19394,3013597,defensive,1,0.9900,2,4931
19395,3013716,defensive,1,0.9900,2,4932
19396,3013975,defensive,1,0.9900,2,4933
19397,3014114,defensive,1,0.9900,2,4934
19398,3014233,defensive,0,0.9800,2,4935
19399,3014352,defensive,1,0.9800,2,4936
19400,3014518,defensive,1,0.9800,2,4937
19401,3014777,defensive,1,0.9800,2,4938
19402,3014903,defensive,1,0.9800,2,4939
19403,3015035,defensive,1,0.9800,2,4940
19404,3015157,defensive,1,0.9800,2,4941
19405,3015278,defensive,1,0.9800,2,4942
19406,3015403,defensive,1,0.9800,2,4943
19407,3015522,defensive,1,0.9800,2,4944
19408,3015654,defensive,1,0.9800,2,4945
19409,3015828,defensive,1,0.9800,2,4946
19410,3016006,defensive,1,0.9800,2,4947
19411,3016133,defensive,1,0.9800,2,4948
19412,3016233,defensive,1,0.9800,2,4949
19413,3016361,defensive,1,0.9800,2,4950
19414,3016461,defensive,0,0.9700,2,4951
19415,3016613,defensive,1,0.9700,2,4952
19416,3016729,defensive,1,0.9700,2,4953
19417,3016901,defensive,1,0.9700,2,4954
19418,3017029,defensive,1,0.9700,2,4955
19419,3017151,defensive,1,0.9700,2,4956
19420,3017302,defensive,1,0.9700,2,4957
19421,3017425,defensive,1,0.9700,2,4958
19422,3017602,defensive,1,0.9700,2,4959
19423,3017730,defensive,1,0.9700,2,4960
19424,3017921,defensive,1,0.9700,2,4961
19425,3018061,defensive,1,0.9700,2,4962
19426,3018187,defensive,1,0.9700,2,4963
19427,3018314,defensive,1,0.9700,2,4964
19428,3018448,defensive,1,0.9700,2,4965
19429,3018611,defensive,1,0.9700,2,4966
19430,3018718,defensive,1,0.9700,2,4967
19431,3018849,defensive,1,0.9700,2,4968
19432,3018978,defensive,1,0.9700,2,4969
19433,3019138,defensive,1,0.9700,2,4970
19434,3019262,defensive,1,0.9700,2,4971
19435,3019387,defensive,1,0.9700,2,4972
19436,3019631,defensive,1,0.9700,2,4973
19437,3019942,defensive,1,0.9700,2,4974
19438,3020097,defensive,1,0.9700,2,4975
19439,3020256,defensive,1,0.9700,2,4976
19440,3020378,defensive,1,0.9700,2,4977
19441,3020569,defensive,1,0.9700,2,4978
19442,3020768,defensive,1,0.9700,2,4979
19443,3020890,defensive,1,0.9700,2,4980
19444,3021075,defensive,1,0.9700,2,4981
19445,3021196,defensive,1,0.9700,2,4982
19446,3021318,defensive,1,0.9700,2,4983
19447,3021444,defensive,1,0.9700,2,4984
19448,3021565,defensive,1,0.9700,2,4985
19449,3021703,defensive,1,0.9700,2,4986
19450,3021823,defensive,1,0.9700,2,4987
19451,3021946,defensive,1,0.9700,2,4988
19452,3022064,defensive,1,0.9700,2,4989
19453,3022197,defensive,1,0.9700,2,4990
19454,3022322,defensive,1,0.9700,2,4991
19455,3022443,defensive,1,0.9700,2,4992
19456,3022561,defensive,1,0.9700,2,4993
19457,3022714,defensive,1,0.9700,2,4994
19458,3022837,defensive,1,0.9700,2,4995
19459,3022966,defensive,1,0.9700,2,4996
19460,3023145,defensive,1,0.9700,2,4997
19461,3023327,defensive,1,0.9700,2,4998
19462,3023468,defensive,1,0.9700,2,4999
19463,3023636,defensive,1,0.9700,2,5000
19464,3023778,defensive,1,0.9700,2,5001
19465,3023898,defensive,1,0.9700,2,5002
19466,3024065,defensive,1,0.9700,2,5003
19467,3024190,defensive,1,0.9700,2,5004
19468,3024290,defensive,0,0.9600,2,5005
19469,3024444,defensive,1,0.9600,2,5006
19470,3024569,defensive,1,0.9600,2,5007
19471,3024762,defensive,1,0.9600,2,5008
19472,3024884,defensive,1,0.9600,2,5009
19473,3025006,defensive,1,0.9600,2,5010
19474,3025127,defensive,1,0.9600,2,5011
19475,3025250,defensive,1,0.9600,2,5012
19476,3025365,defensive,1,0.9600,2,5013
19477,3025500,defensive,1,0.9600,2,5014
19478,3025643,defensive,1,0.9600,2,5015
19479,3025780,defensive,1,0.9600,2,5016
19480,3025900,defensive,1,0.9600,2,5017
19481,3026033,defensive,1,0.9600,2,5018
19482,3026171,defensive,1,0.9600,2,5019
19483,3026292,defensive,1,0.9600,2,5020
19484,3026433,defensive,1,0.9700,2,5021
19485,3026566,defensive,1,0.9700,2,5022
19486,3026681,defensive,1,0.9700,2,5023
19487,3026801,defensive,1,0.9700,2,5024
19488,3026926,defensive,1,0.9700,2,5025
19489,3027060,defensive,1,0.9700,2,5026
19490,3027221,defensive,1,0.9700,2,5027
19491,3027344,defensive,1,0.9700,2,5028
19492,3027464,defensive,1,0.9700,2,5029
19493,3027597,defensive,1,0.9700,2,5030
19494,3027728,defensive,1,0.9700,2,5031
19495,3027837,defensive,1,0.9700,2,5032
19496,3027965,defensive,1,0.9700,2,5033
19497,3028088,defensive,1,0.9700,2,5034
19498,3028217,defensive,1,0.9800,2,5035
19499,3028346,defensive,1,0.9800,2,5036
19500,3028473,defensive,1,0.9800,2,5037
19501,3028603,defensive,1,0.9800,2,5038
19502,3028748,defensive,1,0.9800,2,5039
19503,3028867,defensive,1,0.9800,2,5040
19504,3028987,defensive,1,0.9800,2,5041
19505,3029110,defensive,1,0.9800,2,5042
19506,3029241,defensive,1,0.9800,2,5043
19507,3029366,defensive,1,0.9800,2,5044
19508,3029483,defensive,1,0.9800,2,5045
19509,3029611,defensive,1,0.9800,2,5046
19510,3029747,defensive,1,0.9800,2,5047
19511,3029841,defensive,1,0.9800,2,5048
19512,3029966,defensive,1,0.9800,2,5049
19513,3030085,defensive,1,0.9800,2,5050
19514,3030232,defensive,1,0.9900,2,5051
19515,3030524,defensive,1,0.9900,2,5052
19516,3030641,defensive,1,0.9900,2,5053
19517,3030782,defensive,1,0.9900,2,5054
19518,3030957,defensive,1,0.9900,2,5055
19519,3031075,defensive,1,0.9900,2,5056
19520,3031226,defensive,1,0.9900,2,5057
19521,3031342,defensive,1,0.9900,2,5058
19522,3031461,defensive,1,0.9900,2,5059
19523,3031583,defensive,1,0.9900,2,5060
19524,3031741,defensive,1,0.9900,2,5061
19525,3031875,defensive,1,0.9900,2,5062
19526,3031998,defensive,1,0.9900,2,5063
19527,3032117,defensive,1,0.9900,2,5064
19528,3032299,defensive,1,0.9900,2,5065
19529,3032431,defensive,1,0.9900,2,5066
19530,3032595,defensive,1,0.9900,2,5067
19531,3032725,defensive,1,0.9900,2,5068
19532,3032884,defensive,1,0.9900,2,5069
19533,3033005,defensive,1,0.9900,2,5070
19534,3033169,defensive,1,0.9900,2,5071
19535,3033289,defensive,1,0.9900,2,5072
19536,3033408,defensive,1,0.9900,2,5073
19537,3033554,defensive,1,0.9900,2,5074
19538,3033710,defensive,1,0.9900,2,5075
19539,3033845,defensive,1,0.9900,2,5076
19540,3033965,defensive,1,0.9900,2,5077
19541,3034226,defensive,1,0.9900,2,5078
19542,3034350,defensive,1,0.9900,2,5079
19543,3034483,defensive,1,0.9900,2,5080
19544,3034601,defensive,1,0.9900,2,5081
19545,3034726,defensive,1,0.9900,2,5082
19546,3034849,defensive,1,0.9900,2,5083
19547,3034964,defensive,1,0.9900,2,5084
19548,3035055,defensive,1,0.9900,2,5085
19549,3035201,defensive,1,0.9900,2,5086
19550,3035296,defensive,1,0.9900,2,5087
19551,3035429,defensive,1,0.9900,2,5088
19552,3035549,defensive,1,0.9900,2,5089
19553,3035695,defensive,1,0.9900,2,5090
19554,3035825,defensive,1,0.9900,2,5091
19555,3035970,defensive,1,0.9900,2,5092
19556,3036091,defensive,1,0.9900,2,5093
19557,3036215,defensive,1,0.9900,2,5094
19558,3036335,defensive,1,0.9900,2,5095
19559,3036464,defensive,1,0.9900,2,5096
19560,3036589,defensive,1,0.9900,2,5097
19561,3036708,defensive,1,0.9900,2,5098
19562,3036837,defensive,1,0.9900,2,5099
19563,3036969,defensive,1,0.9900,2,5100
19564,3037105,defensive,1,0.9900,2,5101
19565,3037369,defensive,1,0.9900,2,5102
19566,3037492,defensive,1,0.9900,2,5103
19567,3037647,defensive,1,0.9900,2,5104
19568,3037771,defensive,1,1.0000,2,5105
19569,3037917,defensive,1,1.0000,2,5106
19570,3038045,defensive,1,1.0000,2,5107
19571,3038164,defensive,1,1.0000,2,5108
19572,3038311,defensive,1,1.0000,2,5109
19573,3038429,defensive,1,1.0000,2,5110
19574,3038563,defensive,1,1.0000,2,5111
19575,3038690,defensive,1,1.0000,2,5112
19576,3038843,defensive,1,1.0000,2,5113
19577,3038979,defensive,1,1.0000,2,5114
19578,3039101,defensive,1,1.0000,2,5115
19579,3039242,defensive,1,1.0000,2,5116
19580,3039366,defensive,1,1.0000,2,5117
19581,3039627,defensive,1,1.0000,2,5118
19582,3039747,defensive,1,1.0000,2,5119
19583,3040005,defensive,1,1.0000,2,5120
19584,3040134,defensive,1,1.0000,2,5121
19585,3040259,defensive,1,1.0000,2,5122
19586,3040387,defensive,1,1.0000,2,5123
19587,3040531,defensive,1,1.0000,2,5124
19588,3040661,defensive,1,1.0000,2,5125
19589,3040788,defensive,1,1.0000,2,5126
19590,3040913,defensive,1,1.0000,2,5127
19591,3041034,defensive,1,1.0000,2,5128
19592,3041162,defensive,1,1.0000,2,5129
19593,3041290,defensive,1,1.0000,2,5130
19594,3041414,defensive,1,1.0000,2,5131
19595,3041532,defensive,1,1.0000,2,5132
19596,3041691,defensive,1,1.0000,2,5133
19597,3041859,defensive,1,1.0000,2,5134
19598,3041983,defensive,1,1.0000,2,5135
19599,3042273,defensive,1,1.0000,2,5136
19600,3042389,defensive,1,1.0000,2,5137
19601,3042542,defensive,1,1.0000,2,5138
19602,3042669,defensive,1,1.0000,2,5139
19603,3042813,defensive,1,1.0000,2,5140
19604,3042926,defensive,1,1.0000,2,5141
19605,3043042,defensive,1,1.0000,2,5142
19606,3043274,defensive,1,1.0000,2,5143
19607,3043398,defensive,1,1.0000,2,5144
19608,3043513,defensive,1,1.0000,2,5145
19609,3043773,defensive,1,1.0000,2,5146
19610,3043892,defensive,1,1.0000,2,5147
19611,3044149,defensive,1,1.0000,2,5148
19612,3044277,defensive,1,1.0000,2,5149
19613,3044400,defensive,1,1.0000,2,5150
19614,3044545,defensive,1,1.0000,2,5151
19615,3044664,defensive,1,1.0000,2,5152
19616,3044761,defensive,1,1.0000,2,5153
19617,3044878,defensive,1,1.0000,2,5154
19618,3045053,defensive,1,1.0000,2,5155
19619,3045177,defensive,1,1.0000,2,5156
19620,3045318,defensive,1,1.0000,2,5157
19621,3045574,defensive,1,1.0000,2,5158
19622,3045750,defensive,1,1.0000,2,5159
19623,3045876,defensive,1,1.0000,2,5160
19624,3045996,defensive,1,1.0000,2,5161
19625,3046128,defensive,1,1.0000,2,5162
19626,3046273,defensive,1,1.0000,2,5163
19627,3046401,defensive,1,1.0000,2,5164
19628,3046527,defensive,1,1.0000,2,5165
19629,3046650,defensive,1,1.0000,2,5166
19630,3046773,defensive,1,1.0000,2,5167
19631,3046925,defensive,1,1.0000,2,5168
19632,3047045,defensive,1,1.0000,2,5169
19633,3047174,defensive,1,1.0000,2,5170
19634,3047298,defensive,1,1.0000,2,5171
19635,3047419,defensive,1,1.0000,2,5172
19636,3047541,defensive,1,1.0000,2,5173
19637,3047691,defensive,1,1.0000,2,5174
19638,3047811,defensive,1,1.0000,2,5175
19639,3047932,defensive,1,1.0000,2,5176
19640,3048064,defensive,1,1.0000,2,5177
19641,3048231,defensive,1,1.0000,2,5178
19642,3048349,defensive,1,1.0000,2,5179
19643,3048469,defensive,1,1.0000,2,5180
19644,3048593,defensive,1,1.0000,2,5181
19645,3048723,defensive,1,1.0000,2,5182
19646,3048854,defensive,1,1.0000,2,5183
19647,3048973,defensive,1,1.0000,2,5184
19648,3049251,defensive,1,1.0000,2,5185
19649,3049375,defensive,1,1.0000,2,5186
19650,3049495,defensive,1,1.0000,2,5187
19651,3049616,defensive,1,1.0000,2,5188
19652,3049764,defensive,1,1.0000,2,5189
19653,3049922,defensive,1,1.0000,2,5190
19654,3050047,defensive,1,1.0000,2,5191
19655,3050180,defensive,1,1.0000,2,5192
19656,3050307,defensive,1,1.0000,2,5193
19657,3050432,defensive,1,1.0000,2,5194
19658,3050560,defensive,1,1.0000,2,5195
19659,3050684,defensive,1,1.0000,2,5196
19660,3050812,defensive,1,1.0000,2,5197
19661,3050931,defensive,1,1.0000,2,5198
19662,3051054,defensive,1,1.0000,2,5199
19663,3051178,defensive,1,1.0000,2,5200
19664,3051304,defensive,1,1.0000,2,5201
19665,3051439,defensive,1,1.0000,2,5202
19666,3051567,defensive,1,1.0000,2,5203
19667,3051687,defensive,1,1.0000,2,5204
19668,3051812,defensive,1,1.0000,2,5205
19669,3051936,defensive,1,1.0000,2,5206
19670,3052051,defensive,1,1.0000,2,5207
19671,3052175,defensive,1,1.0000,2,5208
19672,3052264,defensive,0,0.9900,2,5209
19673,3052474,defensive,1,0.9900,2,5210
19674,3052604,defensive,1,0.9900,2,5211
19675,3052741,defensive,1,0.9900,2,5212
19676,3052864,defensive,1,0.9900,2,5213
19677,3052991,defensive,1,0.9900,2,5214
19678,3053135,defensive,1,0.9900,2,5215
19679,3053253,defensive,1,0.9900,2,5216
19680,3053547,defensive,1,0.9900,2,5217
19681,3053666,defensive,1,0.9900,2,5218
19682,3053797,defensive,1,0.9900,2,5219
19683,3053934,defensive,1,0.9900,2,5220
19684,3054050,defensive,1,0.9900,2,5221
19685,3054175,defensive,1,0.9900,2,5222
19686,3054302,defensive,1,0.9900,2,5223
19687,3054432,defensive,1,0.9900,2,5224
19688,3054554,defensive,1,0.9900,2,5225
19689,3054682,defensive,1,0.9900,2,5226
19690,3054883,defensive,1,0.9900,2,5227
19691,3055025,defensive,1,0.9900,2,5228
19692,3055179,defensive,1,0.9900,2,5229
19693,3055302,defensive,1,0.9900,2,5230
19694,3055444,defensive,1,0.9900,2,5231
19695,3055638,defensive,1,0.9900,2,5232
19696,3055800,defensive,1,0.9900,2,5233
19697,3055918,defensive,1,0.9900,2,5234
19698,3056037,defensive,1,0.9900,2,5235
19699,3056174,defensive,1,0.9900,2,5236
19700,3056294,defensive,1,0.9900,2,5237
19701,3056412,defensive,1,0.9900,2,5238
19702,3056529,defensive,1,0.9900,2,5239
19703,3056768,defensive,1,0.9900,2,5240
19704,3056889,defensive,1,0.9900,2,5241
19705,3057015,defensive,1,0.9900,2,5242
19706,3057163,defensive,1,0.9900,2,5243
19707,3057288,defensive,1,0.9900,2,5244
19708,3057465,defensive,1,0.9900,2,5245
19709,3057587,defensive,1,0.9900,2,5246
19710,3057716,defensive,1,0.9900,2,5247
19711,3057861,defensive,1,0.9900,2,5248
19712,3057981,defensive,1,0.9900,2,5249
19713,3058127,defensive,1,0.9900,2,5250
19714,3058256,defensive,1,0.9900,2,5251
19715,3058395,defensive,1,0.9900,2,5252
19716,3058524,defensive,1,0.9900,2,5253
19717,3058666,defensive,1,0.9900,2,5254
19718,3058797,defensive,1,0.9900,2,5255
19719,3058927,defensive,1,0.9900,2,5256
19720,3059071,defensive,1,0.9900,2,5257
19721,3059187,defensive,1,0.9900,2,5258
19722,3059305,defensive,1,0.9900,2,5259
19723,3059427,defensive,1,0.9900,2,5260
19724,3059548,defensive,1,0.9900,2,5261
19725,3059682,defensive,1,0.9900,2,5262
19726,3059805,defensive,1,0.9900,2,5263
19727,3059924,defensive,1,0.9900,2,5264
19728,3060081,defensive,1,0.9900,2,5265
19729,3060204,defensive,1,0.9900,2,5266
19730,3060333,defensive,1,0.9900,2,5267
19731,3060455,defensive,1,0.9900,2,5268
19732,3060603,defensive,1,0.9900,2,5269
19733,3060749,defensive,1,0.9900,2,5270
19734,3060869,defensive,1,0.9900,2,5271
19735,3060991,defensive,1,0.9900,2,5272
19736,3061118,defensive,1,0.9900,2,5273
19737,3061240,defensive,1,0.9900,2,5274
19738,3061359,defensive,1,0.9900,2,5275
19739,3061483,defensive,1,0.9900,2,5276
19740,3061582,defensive,1,0.9900,2,5277
19741,3061711,defensive,1,0.9900,2,5278
19742,3061868,defensive,1,0.9900,2,5279
19743,3062000,defensive,1,0.9900,2,5280
19744,3062120,defensive,1,0.9900,2,5281
19745,3062254,defensive,1,0.9900,2,5282
19746,3062402,defensive,1,0.9900,2,5283
19747,3062519,defensive,1,0.9900,2,5284
19748,3062637,defensive,1,0.9900,2,5285
19749,3062754,defensive,1,0.9900,2,5286
19750,3062875,defensive,1,0.9900,2,5287
19751,3063016,defensive,1,0.9900,2,5288
19752,3063131,defensive,1,0.9900,2,5289
19753,3063260,defensive,1,0.9900,2,5290
19754,3063401,defensive,1,0.9900,2,5291
19755,3063525,defensive,1,0.9900,2,5292
19756,3063644,defensive,1,0.9900,2,5293
19757,3063769,defensive,1,0.9900,2,5294
19758,3063916,defensive,1,0.9900,2,5295
19759,3064066,defensive,1,0.9900,2,5296
19760,3064183,defensive,1,0.9900,2,5297
19761,3064301,defensive,1,0.9900,2,5298
19762,3064421,defensive,1,0.9900,2,5299
19763,3064550,defensive,1,0.9900,2,5300
19764,3064700,defensive,1,0.9900,2,5301
19765,3064825,defensive,1,0.9900,2,5302
19766,3064971,defensive,1,0.9900,2,5303
19767,3065132,defensive,1,0.9900,2,5304
19768,3065372,defensive,1,0.9900,2,5305
19769,3065496,defensive,1,0.9900,2,5306
19770,3065621,defensive,1,0.9900,2,5307
19771,3065751,defensive,1,0.9900,2,5308
19772,3065897,defensive,1,1.0000,2,5309
19773,3066065,defensive,1,1.0000,2,5310
19774,3066186,defensive,1,1.0000,2,5311
19775,3066348,defensive,1,1.0000,2,5312
19776,3066467,defensive,1,1.0000,2,5313
19777,3066583,defensive,1,1.0000,2,5314
19778,3066677,defensive,1,1.0000,2,5315
19779,3066796,defensive,1,1.0000,2,5316
19780,3066939,defensive,1,1.0000,2,5317
19781,3067055,defensive,1,1.0000,2,5318
19782,3067191,defensive,1,1.0000,2,5319
19783,3067314,defensive,1,1.0000,2,5320
19784,3067436,defensive,1,1.0000,2,5321
19785,3067565,defensive,1,1.0000,2,5322
19786,3067697,defensive,1,1.0000,2,5323
19787,3067876,defensive,1,1.0000,2,5324
19788,3067994,defensive,1,1.0000,2,5325
19789,3068115,defensive,1,1.0000,2,5326
19790,3068233,defensive,1,1.0000,2,5327
19791,3068363,defensive,1,1.0000,2,5328
19792,3068492,defensive,1,1.0000,2,5329
19793,3068613,defensive,1,1.0000,2,5330
19794,3068737,defensive,1,1.0000,2,5331
19795,3068953,defensive,1,1.0000,2,5332
19796,3069124,defensive,1,1.0000,2,5333
19797,3069414,defensive,1,1.0000,2,5334
19798,3069556,defensive,1,1.0000,2,5335
19799,3069704,defensive,1,1.0000,2,5336
19800,3069826,defensive,1,1.0000,2,5337
19801,3069962,defensive,1,1.0000,2,5338
19802,3070082,defensive,1,1.0000,2,5339
19803,3070206,defensive,1,1.0000,2,5340
19804,3070325,defensive,1,1.0000,2,5341
19805,3070455,defensive,1,1.0000,2,5342
19806,3070579,defensive,1,1.0000,2,5343
19807,3070704,defensive,1,1.0000,2,5344
19808,3070839,defensive,1,1.0000,2,5345
19809,3070966,defensive,1,1.0000,2,5346
19810,3071093,defensive,1,1.0000,2,5347
19811,3071213,defensive,1,1.0000,2,5348
19812,3071366,defensive,1,1.0000,2,5349
19813,3071487,defensive,1,1.0000,2,5350
19814,3071608,defensive,1,1.0000,2,5351
19815,3071736,defensive,1,1.0000,2,5352
19816,3071870,defensive,1,1.0000,2,5353
19817,3071995,defensive,1,1.0000,2,5354
19818,3072117,defensive,1,1.0000,2,5355
19819,3072235,defensive,1,1.0000,2,5356
19820,3072368,defensive,1,1.0000,2,5357
19821,3072541,defensive,1,1.0000,2,5358
19822,3072662,defensive,1,1.0000,2,5359
19823,3072823,defensive,1,1.0000,2,5360
19824,3072945,defensive,1,1.0000,2,5361
19825,3073195,defensive,1,1.0000,2,5362
19826,3073330,defensive,1,1.0000,2,5363
19827,3073483,defensive,1,1.0000,2,5364
19828,3073603,defensive,1,1.0000,2,5365
19829,3073723,defensive,1,1.0000,2,5366
19830,3073861,defensive,1,1.0000,2,5367
19831,3073997,defensive,1,1.0000,2,5368
19832,3074177,defensive,1,1.0000,2,5369
19833,3074315,defensive,1,1.0000,2,5370
19834,3074446,defensive,1,1.0000,2,5371
19835,3074642,defensive,1,1.0000,2,5372
19836,3074732,defensive,0,0.9900,2,5373
19837,3074860,defensive,1,0.9900,2,5374
19838,3074983,defensive,1,0.9900,2,5375
19839,3075142,defensive,1,0.9900,2,5376
19840,3075267,defensive,1,0.9900,2,5377
19841,3075395,defensive,1,0.9900,2,5378
19842,3075517,defensive,1,0.9900,2,5379
19843,3075658,defensive,1,0.9900,2,5380
19844,3075784,defensive,1,0.9900,2,5381
19845,3075928,defensive,1,0.9900,2,5382
19846,3076076,defensive,1,0.9900,2,5383
19847,3076192,defensive,1,0.9900,2,5384
19848,3076315,defensive,1,0.9900,2,5385
19849,3076434,defensive,1,0.9900,2,5386
19850,3076548,defensive,1,0.9900,2,5387
19851,3076640,defensive,0,0.9800,2,5388
19852,3076737,defensive,1,0.9800,2,5389
19853,3076881,defensive,1,0.9800,2,5390
19854,3076977,defensive,0,0.9700,2,5391
19855,3077098,defensive,1,0.9700,2,5392
19856,3077225,defensive,1,0.9700,2,5393
19857,3077353,defensive,1,0.9700,2,5394
19858,3077476,defensive,1,0.9700,2,5395
19859,3077595,defensive,1,0.9700,2,5396
19860,3077715,defensive,1,0.9700,2,5397
19861,3077853,defensive,1,0.9700,2,5398
19862,3077972,defensive,1,0.9700,2,5399
19863,3078093,defensive,1,0.9700,2,5400
19864,3078215,defensive,1,0.9700,2,5401
19865,3078337,defensive,1,0.9700,2,5402
19866,3078465,defensive,1,0.9700,2,5403
19867,3078592,defensive,1,0.9700,2,5404
19868,3078743,defensive,1,0.9700,2,5405
19869,3078874,defensive,1,0.9700,2,5406
19870,3079003,defensive,1,0.9700,2,5407
19871,3079132,defensive,1,0.9700,2,5408
19872,3079264,defensive,1,0.9700,2,5409
19873,3079362,defensive,0,0.9600,2,5410
19874,3079492,defensive,1,0.9600,2,5411
19875,3079618,defensive,1,0.9600,2,5412
19876,3079732,defensive,1,0.9600,2,5413
19877,3079876,defensive,1,0.9600,2,5414
19878,3080051,defensive,1,0.9600,2,5415
19879,3080172,defensive,1,0.9600,2,5416
19880,3080304,defensive,1,0.9600,2,5417
19881,3080431,defensive,1,0.9600,2,5418
19882,3080563,defensive,1,0.9600,2,5419
19883,3080660,defensive,1,0.9600,2,5420
19884,3080797,defensive,1,0.9600,2,5421
19885,3080922,defensive,1,0.9600,2,5422
19886,3081033,defensive,1,0.9600,2,5423
19887,3081160,defensive,1,0.9600,2,5424
19888,3081300,defensive,1,0.9600,2,5425
19889,3081421,defensive,1,0.9600,2,5426
19890,3081547,defensive,1,0.9600,2,5427
19891,3081668,defensive,1,0.9600,2,5428
19892,3081792,defensive,1,0.9600,2,5429
19893,3081926,defensive,1,0.9600,2,5430
19894,3082055,defensive,1,0.9600,2,5431
19895,3082183,defensive,1,0.9600,2,5432
19896,3082319,defensive,1,0.9600,2,5433
19897,3082439,defensive,1,0.9600,2,5434
19898,3082564,defensive,1,0.9600,2,5435
19899,3082684,defensive,1,0.9600,2,5436
19900,3082804,defensive,1,0.9600,2,5437
19901,3082923,defensive,1,0.9600,2,5438
19902,3083040,defensive,1,0.9600,2,5439
19903,3083165,defensive,1,0.9600,2,5440
19904,3083297,defensive,1,0.9600,2,5441
19905,3083499,defensive,1,0.9600,2,5442
19906,3083630,defensive,1,0.9600,2,5443
19907,3083757,defensive,1,0.9600,2,5444
19908,3083876,defensive,1,0.9600,2,5445
19909,3083998,defensive,1,0.9600,2,5446
19910,3084146,defensive,1,0.9600,2,5447
19911,3084272,defensive,1,0.9600,2,5448
19912,3084386,defensive,1,0.9600,2,5449
19913,3084565,defensive,1,0.9600,2,5450
19914,3084701,defensive,1,0.9600,2,5451
19915,3084831,defensive,1,0.9600,2,5452
19916,3084930,defensive,1,0.9600,2,5453
19917,3085051,defensive,1,0.9600,2,5454
19918,3085192,defensive,1,0.9600,2,5455
19919,3085376,defensive,1,0.9600,2,5456
19920,3085507,defensive,1,0.9600,2,5457
19921,3085642,defensive,1,0.9600,2,5458
19922,3085918,defensive,1,0.9600,2,5459
19923,3086043,defensive,1,0.9600,2,5460
19924,3086169,defensive,1,0.9600,2,5461
19925,3086295,defensive,1,0.9600,2,5462
19926,3086421,defensive,1,0.9600,2,5463
19927,3086566,defensive,1,0.9600,2,5464
19928,3086691,defensive,1,0.9600,2,5465
19929,3086815,defensive,1,0.9600,2,5466
19930,3087068,defensive,1,0.9600,2,5467
19931,3087192,defensive,1,0.9600,2,5468
19932,3087350,defensive,1,0.9600,2,5469
19933,3087472,defensive,1,0.9600,2,5470
19934,3087567,defensive,1,0.9600,2,5471
19935,3087684,defensive,1,0.9600,2,5472
19936,3087805,defensive,1,0.9700,2,5473
19937,3087930,defensive,1,0.9700,2,5474
19938,3088075,defensive,1,0.9700,2,5475
19939,3088203,defensive,1,0.9700,2,5476
19940,3088330,defensive,1,0.9700,2,5477
19941,3088469,defensive,1,0.9700,2,5478
19942,3088594,defensive,1,0.9700,2,5479
19943,3088718,defensive,1,0.9700,2,5480
19944,3088992,defensive,1,0.9700,2,5481
19945,3089131,defensive,1,0.9700,2,5482
19946,3089269,defensive,1,0.9700,2,5483
19947,3089425,defensive,1,0.9700,2,5484
19948,3089568,defensive,1,0.9700,2,5485
19949,3089852,defensive,1,0.9700,2,5486
19950,3089981,defensive,1,0.9700,2,5487
19951,3090105,defensive,1,0.9800,2,5488
19952,3090332,defensive,1,0.9800,2,5489
19953,3090451,defensive,1,0.9800,2,5490
19954,3090631,defensive,1,0.9900,2,5491
19955,3090773,defensive,1,0.9900,2,5492
19956,3090917,defensive,1,0.9900,2,5493
19957,3091016,defensive,1,0.9900,2,5494
19958,3091139,defensive,1,0.9900,2,5495
19959,3091276,defensive,1,0.9900,2,5496
19960,3091411,defensive,1,0.9900,2,5497
19961,3091513,defensive,1,0.9900,2,5498
19962,3091626,defensive,1,0.9900,2,5499
19963,3091717,defensive,0,0.9800,2,5500
19964,3091839,defensive,1,0.9800,2,5501
19965,3091935,defensive,1,0.9800,2,5502
19966,3092096,defensive,1,0.9800,2,5503
19967,3092258,defensive,1,0.9800,2,5504
19968,3092403,defensive,1,0.9800,2,5505
19969,3092542,defensive,1,0.9800,2,5506
19970,3092637,defensive,0,0.9700,2,5507
19971,3092761,defensive,1,0.9700,2,5508
19972,3092893,defensive,1,0.9700,2,5509
19973,3093013,defensive,1,0.9800,2,5510
19974,3093170,defensive,1,0.9800,2,5511
19975,3093293,defensive,1,0.9800,2,5512
19976,3093418,defensive,1,0.9800,2,5513
19977,3093542,defensive,1,0.9800,2,5514
19978,3093674,defensive,1,0.9800,2,5515
19979,3093794,defensive,1,0.9800,2,5516
19980,3093926,defensive,1,0.9800,2,5517
19981,3094055,defensive,1,0.9800,2,5518
19982,3094150,defensive,1,0.9800,2,5519
19983,3094242,defensive,1,0.9800,2,5520
19984,3094538,defensive,1,0.9800,2,5521
19985,3094714,defensive,1,0.9800,2,5522
19986,3094842,defensive,1,0.9800,2,5523
19987,3094964,defensive,1,0.9800,2,5524
19988,3095089,defensive,1,0.9800,2,5525
19989,3095212,defensive,1,0.9800,2,5526
19990,3095344,defensive,1,0.9800,2,5527
19991,3095486,defensive,1,0.9800,2,5528
19992,3095613,defensive,1,0.9800,2,5529
19993,3095733,defensive,1,0.9800,2,5530
19994,3095918,defensive,1,0.9800,2,5531
19995,3096097,defensive,1,0.9800,2,5532
19996,3096251,defensive,1,0.9800,2,5533
19997,3096379,defensive,1,0.9800,2,5534
19998,3096497,defensive,1,0.9800,2,5535
19999,3096637,defensive,1,0.9800,2,5536
20000,3096760,defensive,1,0.9800,2,5537
20001,3096884,defensive,1,0.9800,2,5538
20002,3097003,defensive,1,0.9800,2,5539
20003,3097153,defensive,1,0.9800,2,5540
20004,3097306,defensive,1,0.9800,2,5541
20005,3097436,defensive,1,0.9800,2,5542
20006,3097562,defensive,1,0.9800,2,5543
20007,3097693,defensive,1,0.9800,2,5544
20008,3097843,defensive,1,0.9800,2,5545
20009,3097988,defensive,1,0.9800,2,5546
20010,3098108,defensive,1,0.9800,2,5547
20011,3098203,defensive,0,0.9700,2,5548
20012,3098322,defensive,1,0.9700,2,5549
20013,3098450,defensive,1,0.9700,2,5550
20014,3098627,defensive,1,0.9700,2,5551
20015,3098750,defensive,1,0.9700,2,5552
20016,3098877,defensive,1,0.9700,2,5553
20017,3099002,defensive,1,0.9700,2,5554
20018,3099131,defensive,1,0.9700,2,5555
20019,3099370,defensive,1,0.9700,2,5556
20020,3099486,defensive,1,0.9700,2,5557
20021,3099601,defensive,1,0.9700,2,5558
20022,3099699,defensive,1,0.9700,2,5559
20023,3099885,defensive,1,0.9700,2,5560
20024,3100011,defensive,1,0.9700,2,5561
20025,3100149,defensive,1,0.9700,2,5562
20026,3100248,defensive,0,0.9600,2,5563
20027,3100382,defensive,1,0.9600,2,5564
20028,3100476,defensive,0,0.9500,2,5565
20029,3100637,defensive,1,0.9500,2,5566
20030,3100771,defensive,1,0.9500,2,5567
20031,3100891,defensive,1,0.9500,2,5568
20032,3101036,defensive,1,0.9500,2,5569
20033,3101131,defensive,0,0.9400,2,5570
20034,3101252,defensive,1,0.9400,2,5571
20035,3101371,defensive,1,0.9400,2,5572
20036,3101493,defensive,1,0.9400,2,5573
20037,3101779,defensive,1,0.9400,2,5574
20038,3101926,defensive,1,0.9400,2,5575
20039,3102056,defensive,1,0.9400,2,5576
20040,3102201,defensive,1,0.9400,2,5577
20041,3102351,defensive,1,0.9400,2,5578
20042,3102492,defensive,1,0.9400,2,5579
20043,3102687,defensive,1,0.9400,2,5580
20044,3102825,defensive,1,0.9400,2,5581
20045,3102953,defensive,1,0.9400,2,5582
20046,3103073,defensive,1,0.9400,2,5583
20047,3103196,defensive,1,0.9400,2,5584
20048,3103342,defensive,1,0.9400,2,5585
20049,3103485,defensive,1,0.9400,2,5586
20050,3103611,defensive,1,0.9400,2,5587
20051,3103726,defensive,1,0.9400,2,5588
20052,3103815,defensive,0,0.9300,2,5589
20053,3103956,defensive,1,0.9300,2,5590
20054,3104105,defensive,1,0.9300,2,5591
20055,3104223,defensive,1,0.9300,2,5592
20056,3104349,defensive,1,0.9300,2,5593
20057,3104439,defensive,0,0.9200,2,5594
20058,3104567,defensive,1,0.9200,2,5595
20059,3104704,defensive,1,0.9200,2,5596
20060,3104886,defensive,1,0.9200,2,5597
20061,3105029,defensive,1,0.9200,2,5598
20062,3105151,defensive,1,0.9200,2,5599
20063,3105305,defensive,1,0.9300,2,5600
20064,3105435,defensive,1,0.9300,2,5601
20065,3105554,defensive,1,0.9300,2,5602
20066,3105674,defensive,1,0.9300,2,5603
20067,3105799,defensive,1,0.9300,2,5604
20068,3105919,defensive,1,0.9300,2,5605
20069,3106053,defensive,1,0.9300,2,5606
20070,3106174,defensive,1,0.9400,2,5607
20071,3106307,defensive,1,0.9400,2,5608
20072,3106430,defensive,1,0.9400,2,5609
20073,3106587,defensive,1,0.9400,2,5610
20074,3106713,defensive,1,0.9400,2,5611
20075,3106831,defensive,1,0.9400,2,5612
20076,3106966,defensive,1,0.9400,2,5613
20077,3107089,defensive,1,0.9400,2,5614
20078,3107235,defensive,1,0.9400,2,5615
20079,3107353,defensive,1,0.9400,2,5616
20080,3107475,defensive,1,0.9400,2,5617
20081,3107621,defensive,1,0.9400,2,5618
20082,3107738,defensive,1,0.9400,2,5619
20083,3107858,defensive,1,0.9400,2,5620
20084,3107981,defensive,1,0.9400,2,5621
20085,3108096,defensive,1,0.9400,2,5622
20086,3108221,defensive,1,0.9400,2,5623
20087,3108342,defensive,1,0.9400,2,5624
20088,3108479,defensive,1,0.9400,2,5625
20089,3108606,defensive,1,0.9400,2,5626
20090,3108724,defensive,1,0.9400,2,5627
20091,3108820,defensive,1,0.9400,2,5628
20092,3108948,defensive,1,0.9400,2,5629
20093,3109068,defensive,1,0.9400,2,5630
20094,3109192,defensive,1,0.9400,2,5631
20095,3109327,defensive,1,0.9400,2,5632
20096,3109454,defensive,1,0.9400,2,5633
20097,3109594,defensive,1,0.9400,2,5634
20098,3109718,defensive,1,0.9400,2,5635
20099,3109996,defensive,1,0.9400,2,5636
20100,3110125,defensive,1,0.9400,2,5637
20101,3110251,defensive,1,0.9400,2,5638
20102,3110343,defensive,0,0.9300,2,5639
20103,3110439,defensive,1,0.9300,2,5640
20104,3110564,defensive,1,0.9300,2,5641
20105,3110685,defensive,1,0.9300,2,5642
20106,3110805,defensive,1,0.9300,2,5643
20107,3110924,defensive,1,0.9300,2,5644
20108,3111012,defensive,1,0.9300,2,5645
20109,3111151,defensive,1,0.9300,2,5646
20110,3111310,defensive,1,0.9300,2,5647
20111,3111460,defensive,1,0.9400,2,5648
20112,3111597,defensive,1,0.9400,2,5649
20113,3111730,defensive,1,0.9400,2,5650
20114,3111858,defensive,1,0.9400,2,5651
20115,3111983,defensive,1,0.9400,2,5652
20116,3112099,defensive,1,0.9400,2,5653
20117,3112225,defensive,1,0.9400,2,5654
20118,3112350,defensive,1,0.9400,2,5655
20119,3112471,defensive,1,0.9400,2,5656
20120,3112584,defensive,1,0.9400,2,5657
20121,3112703,defensive,1,0.9400,2,5658
20122,3112827,defensive,1,0.9400,2,5659
20123,3112962,defensive,1,0.9400,2,5660
20124,3113078,defensive,1,0.9400,2,5661
20125,3113223,defensive,1,0.9400,2,5662
20126,3113345,defensive,1,0.9500,2,5663
20127,3113536,defensive,1,0.9500,2,5664
20128,3113674,defensive,1,0.9600,2,5665
20129,3113806,defensive,1,0.9600,2,5666
20130,3113958,defensive,1,0.9600,2,5667
20131,3114084,defensive,1,0.9600,2,5668
20132,3114205,defensive,1,0.9600,2,5669
20133,3114326,defensive,1,0.9700,2,5670
20134,3114450,defensive,1,0.9700,2,5671
20135,3114579,defensive,1,0.9700,2,5672
20136,3114702,defensive,1,0.9700,2,5673
20137,3114819,defensive,1,0.9700,2,5674
20138,3114946,defensive,1,0.9700,2,5675
20139,3115066,defensive,1,0.9700,2,5676
20140,3115200,defensive,1,0.9700,2,5677
20141,3115324,defensive,1,0.9700,2,5678
20142,3115463,defensive,1,0.9700,2,5679
20143,3115584,defensive,1,0.9700,2,5680
20144,3115835,defensive,1,0.9700,2,5681
20145,3115973,defensive,1,0.9700,2,5682
20146,3116090,defensive,1,0.9700,2,5683
20147,3116184,defensive,1,0.9700,2,5684
20148,3116304,defensive,1,0.9700,2,5685
20149,3116435,defensive,1,0.9700,2,5686
20150,3116559,defensive,1,0.9700,2,5687
20151,3116678,defensive,1,0.9700,2,5688
20152,3116767,defensive,0,0.9700,2,5689
20153,3116886,defensive,1,0.9700,2,5690
20154,3116978,defensive,1,0.9700,2,5691
20155,3117100,defensive,1,0.9700,2,5692
20156,3117265,defensive,1,0.9700,2,5693
20157,3117363,defensive,0,0.9700,2,5694
20158,3117479,defensive,1,0.9700,2,5695
20159,3117624,defensive,1,0.9700,2,5696
20160,3117747,defensive,1,0.9700,2,5697
20161,3117868,defensive,1,0.9700,2,5698
20162,3117992,defensive,1,0.9700,2,5699
20163,3118113,defensive,1,0.9700,2,5700
20164,3118232,defensive,1,0.9700,2,5701
20165,3118323,defensive,1,0.9700,2,5702
20166,3118445,defensive,1,0.9700,2,5703
20167,3118562,defensive,1,0.9700,2,5704
20168,3118769,defensive,1,0.9700,2,5705
20169,3118945,defensive,1,0.9700,2,5706
20170,3119073,defensive,1,0.9700,2,5707
20171,3119164,defensive,0,0.9600,2,5708
20172,3119285,defensive,1,0.9600,2,5709
20173,3119427,defensive,1,0.9600,2,5710
20174,3119557,defensive,1,0.9600,2,5711
20175,3119685,defensive,1,0.9600,2,5712
20176,3119804,defensive,1,0.9600,2,5713
20177,3119921,defensive,1,0.9600,2,5714
20178,3120077,defensive,1,0.9600,2,5715
20179,3120228,defensive,1,0.9600,2,5716
20180,3120371,defensive,1,0.9600,2,5717
20181,3120492,defensive,1,0.9600,2,5718
20182,3120619,defensive,1,0.9600,2,5719
20183,3120745,defensive,1,0.9600,2,5720
20184,3120874,defensive,1,0.9600,2,5721
20185,3121014,defensive,1,0.9600,2,5722
20186,3121135,defensive,1,0.9600,2,5723
20187,3121266,defensive,1,0.9600,2,5724
20188,3121386,defensive,1,0.9600,2,5725
20189,3121517,defensive,1,0.9600,2,5726
20190,3121646,defensive,1,0.9600,2,5727
20191,3121792,defensive,1,0.9600,2,5728
20192,3121914,defensive,1,0.9600,2,5729
20193,3122043,defensive,1,0.9600,2,5730
20194,3122176,defensive,1,0.9600,2,5731
20195,3122295,defensive,1,0.9600,2,5732
20196,3122448,defensive,1,0.9600,2,5733
20197,3122583,defensive,1,0.9600,2,5734
20198,3122712,defensive,1,0.9600,2,5735
20199,3122834,defensive,1,0.9600,2,5736
20200,3122944,defensive,0,0.9500,2,5737
20201,3123065,defensive,1,0.9500,2,5738
20202,3123199,defensive,1,0.9600,2,5739
20203,3123330,defensive,1,0.9600,2,5740
20204,3123420,defensive,0,0.9500,2,5741
20205,3123595,defensive,1,0.9500,2,5742
20206,3123733,defensive,1,0.9500,2,5743
20207,3123854,defensive,1,0.9500,2,5744
20208,3123982,defensive,1,0.9500,2,5745
20209,3124110,defensive,1,0.9500,2,5746
20210,3124232,defensive,1,0.9500,2,5747
20211,3124353,defensive,1,0.9500,2,5748
20212,3124487,defensive,1,0.9500,2,5749
20213,3124605,defensive,1,0.9500,2,5750
20214,3124736,defensive,1,0.9500,2,5751
20215,3124859,defensive,1,0.9500,2,5752
20216,3125017,defensive,1,0.9500,2,5753
20217,3125130,defensive,1,0.9500,2,5754
20218,3125301,defensive,1,0.9500,2,5755
20219,3125395,defensive,1,0.9500,2,5756
20220,3125529,defensive,1,0.9500,2,5757
20221,3125620,defensive,1,0.9500,2,5758
20222,3125753,defensive,1,0.9500,2,5759
20223,3125889,defensive,1,0.9500,2,5760
20224,3126147,defensive,1,0.9500,2,5761
20225,3126271,defensive,1,0.9500,2,5762
20226,3126398,defensive,1,0.9500,2,5763
20227,3126521,defensive,1,0.9500,2,5764
20228,3126646,defensive,1,0.9500,2,5765
20229,3126782,defensive,1,0.9500,2,5766
20230,3126880,defensive,0,0.9400,2,5767
20231,3127015,defensive,1,0.9400,2,5768
20232,3127110,defensive,0,0.9300,2,5769
20233,3127220,defensive,1,0.9300,2,5770
20234,3127343,defensive,1,0.9300,2,5771
20235,3127514,defensive,1,0.9300,2,5772
20236,3127640,defensive,1,0.9300,2,5773
20237,3127763,defensive,1,0.9300,2,5774
20238,3127878,defensive,1,0.9300,2,5775
20239,3128018,defensive,1,0.9300,2,5776
20240,3128140,defensive,1,0.9300,2,5777
20241,3128263,defensive,1,0.9300,2,5778
20242,3128388,defensive,1,0.9300,2,5779
20243,3128518,defensive,1,0.9300,2,5780
20244,3128605,defensive,0,0.9200,2,5781
20245,3128724,defensive,1,0.9200,2,5782
20246,3128876,defensive,1,0.9200,2,5783
20247,3128997,defensive,1,0.9200,2,5784
20248,3129131,defensive,1,0.9200,2,5785
20249,3129278,defensive,1,0.9200,2,5786
20250,3129427,defensive,1,0.9200,2,5787
20251,3129573,defensive,1,0.9200,2,5788
20252,3129713,defensive,1,0.9300,2,5789
20253,3129831,defensive,1,0.9300,2,5790
20254,3129953,defensive,1,0.9300,2,5791
20255,3130096,defensive,1,0.9300,2,5792
20256,3130221,defensive,1,0.9300,2,5793
20257,3130353,defensive,1,0.9400,2,5794
20258,3130482,defensive,1,0.9400,2,5795
20259,3130645,defensive,1,0.9400,2,5796
20260,3130742,defensive,0,0.9300,2,5797
20261,3130859,defensive,1,0.9300,2,5798
20262,3130983,defensive,1,0.9300,2,5799
20263,3131111,defensive,1,0.9300,2,5800
20264,3131248,defensive,1,0.9300,2,5801
20265,3131394,defensive,1,0.9300,2,5802
20266,3131523,defensive,1,0.9300,2,5803
20267,3131649,defensive,1,0.9300,2,5804
20268,3131769,defensive,1,0.9300,2,5805
20269,3131862,defensive,1,0.9300,2,5806
20270,3131990,defensive,1,0.9300,2,5807
20271,3132115,defensive,1,0.9400,2,5808
20272,3132241,defensive,1,0.9400,2,5809
20273,3132364,defensive,1,0.9400,2,5810
20274,3132483,defensive,1,0.9400,2,5811
20275,3132606,defensive,1,0.9400,2,5812
20276,3132734,defensive,1,0.9400,2,5813
20277,3132873,defensive,1,0.9400,2,5814
20278,3132986,defensive,1,0.9400,2,5815
20279,3133105,defensive,1,0.9400,2,5816
20280,3133230,defensive,1,0.9400,2,5817
20281,3133344,defensive,1,0.9400,2,5818
20282,3133458,defensive,1,0.9400,2,5819
20283,3133604,defensive,1,0.9400,2,5820
20284,3133730,defensive,1,0.9400,2,5821
20285,3133857,defensive,1,0.9400,2,5822
20286,3133980,defensive,1,0.9400,2,5823
20287,3134287,defensive,1,0.9400,2,5824
20288,3134379,defensive,0,0.9300,2,5825
20289,3134505,defensive,1,0.9300,2,5826
20290,3134633,defensive,1,0.9300,2,5827
20291,3134772,defensive,1,0.9300,2,5828
20292,3134889,defensive,1,0.9300,2,5829
20293,3135006,defensive,1,0.9300,2,5830
20294,3135178,defensive,1,0.9300,2,5831
20295,3135294,defensive,1,0.9300,2,5832
20296,3135383,defensive,1,0.9300,2,5833
20297,3135507,defensive,1,0.9300,2,5834
20298,3135627,defensive,1,0.9300,2,5835
20299,3135748,defensive,1,0.9300,2,5836
20300,3135873,defensive,1,0.9400,2,5837
20301,3135991,defensive,1,0.9400,2,5838
20302,3136083,defensive,1,0.9400,2,5839
20303,3136209,defensive,1,0.9400,2,5840
20304,3136349,defensive,1,0.9500,2,5841
20305,3136474,defensive,1,0.9500,2,5842
20306,3136605,defensive,1,0.9500,2,5843
20307,3136732,defensive,1,0.9500,2,5844
20308,3136885,defensive,1,0.9500,2,5845
20309,3137006,defensive,1,0.9500,2,5846
20310,3137129,defensive,1,0.9500,2,5847
20311,3137265,defensive,1,0.9500,2,5848
20312,3137387,defensive,1,0.9500,2,5849
20313,3137474,defensive,1,0.9500,2,5850
20314,3137614,defensive,1,0.9500,2,5851
20315,3137743,defensive,1,0.9500,2,5852
20316,3137920,defensive,1,0.9500,2,5853
20317,3138008,defensive,1,0.9500,2,5854
20318,3138251,defensive,1,0.9500,2,5855
20319,3138341,defensive,0,0.9400,2,5856
20320,3138464,defensive,1,0.9400,2,5857
20321,3138580,defensive,1,0.9400,2,5858
20322,3138723,defensive,1,0.9400,2,5859
20323,3138841,defensive,1,0.9400,2,5860
20324,3138995,defensive,1,0.9400,2,5861
20325,3139123,defensive,1,0.9400,2,5862
20326,3139213,defensive,1,0.9400,2,5863
20327,3139339,defensive,1,0.9400,2,5864
20328,3139467,defensive,1,0.9400,2,5865
20329,3139597,defensive,1,0.9400,2,5866
20330,3139799,defensive,1,0.9500,2,5867
20331,3140017,defensive,1,0.9500,2,5868
20332,3140202,defensive,1,0.9600,2,5869
20333,3140324,defensive,1,0.9600,2,5870
20334,3140446,defensive,1,0.9600,2,5871
20335,3140566,defensive,1,0.9600,2,5872
20336,3140684,defensive,1,0.9600,2,5873
20337,3140802,defensive,1,0.9600,2,5874
20338,3140945,defensive,1,0.9600,2,5875
20339,3141068,defensive,1,0.9600,2,5876
20340,3141195,defensive,1,0.9600,2,5877
20341,3141326,defensive,1,0.9600,2,5878
20342,3141448,defensive,1,0.9600,2,5879
20343,3141568,defensive,1,0.9600,2,5880
20344,3141669,defensive,1,0.9700,2,5881
20345,3141832,defensive,1,0.9700,2,5882
20346,3141954,defensive,1,0.9700,2,5883
20347,3142045,defensive,0,0.9600,2,5884
20348,3142287,defensive,1,0.9600,2,5885
20349,3142411,defensive,1,0.9600,2,5886
20350,3142555,defensive,1,0.9600,2,5887
20351,3142675,defensive,1,0.9600,2,5888
20352,3142799,defensive,1,0.9600,2,5889
20353,3142988,defensive,1,0.9600,2,5890
20354,3143105,defensive,1,0.9600,2,5891
20355,3143244,defensive,1,0.9600,2,5892
20356,3143378,defensive,1,0.9600,2,5893
20357,3143502,defensive,1,0.9600,2,5894
20358,3143636,defensive,1,0.9600,2,5895
20359,3143736,defensive,0,0.9500,2,5896
20360,3143875,defensive,1,0.9600,2,5897
20361,3143995,defensive,1,0.9600,2,5898
20362,3144128,defensive,1,0.9600,2,5899
20363,3144245,defensive,1,0.9600,2,5900
20364,3144357,defensive,1,0.9600,2,5901
20365,3144482,defensive,1,0.9600,2,5902
20366,3144606,defensive,1,0.9600,2,5903
20367,3144730,defensive,1,0.9600,2,5904
20368,3144863,defensive,1,0.9600,2,5905
20369,3144983,defensive,1,0.9600,2,5906
20370,3145136,defensive,1,0.9600,2,5907
20371,3145227,defensive,0,0.9500,2,5908
20372,3145352,defensive,1,0.9500,2,5909
20373,3145479,defensive,1,0.9500,2,5910
20374,3145568,defensive,0,0.9400,2,5911
20375,3145695,defensive,1,0.9400,2,5912
20376,3145921,defensive,1,0.9400,2,5913
20377,3146043,defensive,1,0.9400,2,5914
20378,3146167,defensive,1,0.9400,2,5915
20379,3146294,defensive,1,0.9400,2,5916
20380,3146420,defensive,1,0.9400,2,5917
20381,3146544,defensive,1,0.9400,2,5918
20382,3146710,defensive,1,0.9400,2,5919
20383,3146846,defensive,1,0.9400,2,5920
20384,3146971,defensive,1,0.9400,2,5921
20385,3147068,defensive,0,0.9300,2,5922
20386,3147155,defensive,1,0.9300,2,5923
20387,3147308,defensive,1,0.9300,2,5924
20388,3147441,defensive,1,0.9400,2,5925
20389,3147565,defensive,1,0.9400,2,5926
20390,3147698,defensive,1,0.9400,2,5927
20391,3147820,defensive,1,0.9400,2,5928
20392,3147959,defensive,1,0.9400,2,5929
20393,3148096,defensive,1,0.9400,2,5930
20394,3148218,defensive,1,0.9400,2,5931
20395,3148371,defensive,1,0.9400,2,5932
20396,3148539,defensive,1,0.9400,2,5933
20397,3148669,defensive,1,0.9400,2,5934
20398,3148806,defensive,1,0.9400,2,5935
20399,3148936,defensive,1,0.9400,2,5936
20400,3149078,defensive,1,0.9400,2,5937
20401,3149202,defensive,1,0.9400,2,5938
20402,3149379,defensive,1,0.9400,2,5939
20403,3149504,defensive,1,0.9400,2,5940
20404,3149638,defensive,1,0.9400,2,5941
20405,3149754,defensive,1,0.9400,2,5942
20406,3149890,defensive,1,0.9400,2,5943
20407,3149981,defensive,0,0.9300,2,5944
20408,3150098,defensive,1,0.9300,2,5945
20409,3150228,defensive,1,0.9300,2,5946
20410,3150355,defensive,1,0.9300,2,5947
20411,3150489,defensive,1,0.9300,2,5948
20412,3150642,defensive,1,0.9300,2,5949
20413,3150769,defensive,1,0.9300,2,5950
20414,3150857,defensive,1,0.9300,2,5951
20415,3151000,defensive,1,0.9300,2,5952
20416,3151125,defensive,1,0.9300,2,5953
20417,3151217,defensive,1,0.9300,2,5954
20418,3151346,defensive,1,0.9300,2,5955
20419,3151464,defensive,1,0.9400,2,5956
20420,3151593,defensive,1,0.9400,2,5957
20421,3151732,defensive,1,0.9400,2,5958
20422,3151863,defensive,1,0.9400,2,5959
20423,3151985,defensive,1,0.9400,2,5960
20424,3152108,defensive,1,0.9400,2,5961
20425,3152234,defensive,1,0.9400,2,5962
20426,3152360,defensive,1,0.9400,2,5963
20427,3152485,defensive,1,0.9400,2,5964
20428,3152576,defensive,1,0.9400,2,5965
20429,3152694,defensive,1,0.9400,2,5966
20430,3152821,defensive,1,0.9400,2,5967
20431,3152974,defensive,1,0.9400,2,5968
20432,3153095,defensive,1,0.9400,2,5969
20433,3153184,defensive,0,0.9300,2,5970
20434,3153279,defensive,0,0.9200,2,5971
20435,3153394,defensive,1,0.9200,2,5972
20436,3153517,defensive,1,0.9200,2,5973
20437,3153613,defensive,0,0.9100,2,5974
20438,3153734,defensive,1,0.9100,2,5975
20439,3153859,defensive,1,0.9100,2,5976
20440,3154029,defensive,1,0.9100,2,5977
20441,3154126,defensive,0,0.9000,2,5978
20442,3154264,defensive,1,0.9000,2,5979
20443,3154381,defensive,1,0.9000,2,5980
20444,3154550,defensive,1,0.9000,2,5981
20445,3154678,defensive,1,0.9000,2,5982
20446,3154806,defensive,1,0.9000,2,5983
20447,3154931,defensive,1,0.9100,2,5984
20448,3155110,defensive,1,0.9100,2,5985
20449,3155309,defensive,1,0.9100,2,5986
20450,3155429,defensive,1,0.9100,2,5987
20451,3155562,defensive,1,0.9100,2,5988
20452,3155709,defensive,1,0.9100,2,5989
20453,3155799,defensive,1,0.9100,2,5990
20454,3155925,defensive,1,0.9100,2,5991
20455,3156079,defensive,1,0.9100,2,5992
20456,3156206,defensive,1,0.9100,2,5993
20457,3156339,defensive,1,0.9100,2,5994
20458,3156459,defensive,1,0.9100,2,5995
20459,3156577,defensive,1,0.9200,2,5996
20460,3156705,defensive,1,0.9200,2,5997
20461,3156869,defensive,1,0.9200,2,5998
20462,3156959,defensive,1,0.9200,2,5999
20463,3157091,defensive,1,0.9200,2,6000
20464,3157218,defensive,1,0.9200,2,6001
20465,3157347,defensive,1,0.9200,2,6002
20466,3157469,defensive,1,0.9200,2,6003
20467,3157651,defensive,1,0.9200,2,6004
20468,3157828,defensive,1,0.9200,2,6005
20469,3157954,defensive,1,0.9200,2,6006
20470,3158089,defensive,1,0.9200,2,6007
20471,3158208,defensive,1,0.9300,2,6008
20472,3158341,defensive,1,0.9300,2,6009
20473,3158467,defensive,1,0.9300,2,6010
20474,3158592,defensive,1,0.9400,2,6011
20475,3158775,defensive,1,0.9400,2,6012
20476,3158900,defensive,1,0.9400,2,6013
20477,3158993,defensive,1,0.9400,2,6014
20478,3159114,defensive,1,0.9400,2,6015
20479,3159244,defensive,1,0.9400,2,6016
20480,3159482,defensive,1,0.9400,2,6017
20481,3159603,defensive,1,0.9400,2,6018
20482,3159695,defensive,1,0.9400,2,6019
20483,3159822,defensive,1,0.9400,2,6020
20484,3159952,defensive,1,0.9400,2,6021
20485,3160076,defensive,1,0.9500,2,6022
20486,3160205,defensive,1,0.9500,2,6023
20487,3160338,defensive,1,0.9500,2,6024
20488,3160451,defensive,0,0.9400,2,6025
20489,3160546,defensive,0,0.9300,2,6026
20490,3160687,defensive,1,0.9300,2,6027
20491,3160833,defensive,1,0.9300,2,6028
20492,3160959,defensive,1,0.9300,2,6029
20493,3161076,defensive,1,0.9300,2,6030
20494,3161171,defensive,0,0.9200,2,6031
20495,3161267,defensive,0,0.9100,2,6032
20496,3161404,defensive,1,0.9100,2,6033
20497,3161530,defensive,1,0.9100,2,6034
20498,3161619,defensive,1,0.9100,2,6035
20499,3161750,defensive,1,0.9100,2,6036
20500,3161879,defensive,1,0.9100,2,6037
20501,3162009,defensive,1,0.9100,2,6038
20502,3162131,defensive,1,0.9100,2,6039
20503,3162260,defensive,1,0.9100,2,6040
20504,3162391,defensive,1,0.9100,2,6041
20505,3162514,defensive,1,0.9100,2,6042
20506,3162642,defensive,1,0.9100,2,6043
20507,3162764,defensive,1,0.9200,2,6044
20508,3162898,defensive,1,0.9200,2,6045
20509,3163025,defensive,1,0.9200,2,6046
20510,3163151,defensive,1,0.9200,2,6047
20511,3163285,defensive,1,0.9200,2,6048
20512,3163413,defensive,1,0.9200,2,6049
20513,3163550,defensive,1,0.9200,2,6050
20514,3163705,defensive,1,0.9200,2,6051
20515,3163825,defensive,1,0.9200,2,6052
20516,3163926,defensive,1,0.9200,2,6053
20517,3164066,defensive,1,0.9200,2,6054
20518,3164190,defensive,1,0.9200,2,6055
20519,3164316,defensive,1,0.9200,2,6056
20520,3164434,defensive,1,0.9200,2,6057
20521,3164559,defensive,1,0.9200,2,6058
20522,3164682,defensive,1,0.9200,2,6059
20523,3164808,defensive,1,0.9200,2,6060
20524,3164937,defensive,1,0.9200,2,6061
20525,3165067,defensive,1,0.9200,2,6062
20526,3165191,defensive,1,0.9200,2,6063
20527,3165327,defensive,1,0.9200,2,6064
20528,3165464,defensive,1,0.9200,2,6065
20529,3165587,defensive,1,0.9200,2,6066
20530,3165719,defensive,1,0.9200,2,6067
20531,3165884,defensive,1,0.9200,2,6068
20532,3166026,defensive,1,0.9200,2,6069
20533,3166165,defensive,1,0.9300,2,6070
20534,3166294,defensive,1,0.9400,2,6071
20535,3166417,defensive,1,0.9400,2,6072
20536,3166551,defensive,1,0.9400,2,6073
20537,3166695,defensive,1,0.9500,2,6074
20538,3166786,defensive,1,0.9500,2,6075
20539,3166880,defensive,0,0.9400,2,6076
20540,3166998,defensive,1,0.9400,2,6077
20541,3167091,defensive,0,0.9400,2,6078
20542,3167249,defensive,1,0.9400,2,6079
20543,3167371,defensive,1,0.9400,2,6080
20544,3167491,defensive,1,0.9400,2,6081
20545,3167611,defensive,1,0.9400,2,6082
20546,3167755,defensive,1,0.9400,2,6083
20547,3167886,defensive,1,0.9400,2,6084
20548,3168012,defensive,1,0.9400,2,6085
20549,3168138,defensive,1,0.9400,2,6086
20550,3168275,defensive,1,0.9400,2,6087
20551,3168362,defensive,1,0.9400,2,6088
20552,3168495,defensive,1,0.9400,2,6089
20553,3168625,defensive,1,0.9400,2,6090
20554,3168715,defensive,1,0.9400,2,6091
20555,3168863,defensive,1,0.9400,2,6092
20556,3168993,defensive,1,0.9400,2,6093
20557,3169116,defensive,1,0.9400,2,6094
20558,3169210,defensive,0,0.9300,2,6095
20559,3169326,defensive,1,0.9300,2,6096
20560,3169449,defensive,1,0.9300,2,6097
20561,3169573,defensive,1,0.9300,2,6098
20562,3169665,defensive,0,0.9200,2,6099
20563,3169803,defensive,1,0.9200,2,6100
20564,3169935,defensive,1,0.9200,2,6101
20565,3170062,defensive,1,0.9200,2,6102
20566,3170187,defensive,1,0.9200,2,6103
20567,3170306,defensive,1,0.9200,2,6104
20568,3170429,defensive,1,0.9200,2,6105
20569,3170541,defensive,1,0.9200,2,6106
20570,3170662,defensive,1,0.9200,2,6107
20571,3170786,defensive,1,0.9200,2,6108
20572,3170921,defensive,1,0.9200,2,6109
20573,3171042,defensive,1,0.9200,2,6110
20574,3171164,defensive,1,0.9200,2,6111
20575,3171254,defensive,1,0.9200,2,6112
20576,3171439,defensive,1,0.9200,2,6113
20577,3171563,defensive,1,0.9200,2,6114
20578,3171686,defensive,1,0.9200,2,6115
20579,3171813,defensive,1,0.9200,2,6116
20580,3171958,defensive,1,0.9200,2,6117
20581,3172090,defensive,1,0.9200,2,6118
20582,3172226,defensive,1,0.9200,2,6119
20583,3172347,defensive,1,0.9200,2,6120
20584,3172523,defensive,1,0.9200,2,6121
20585,3172647,defensive,1,0.9200,2,6122
20586,3172840,defensive,1,0.9200,2,6123
20587,3172967,defensive,1,0.9200,2,6124
20588,3173088,defensive,1,0.9300,2,6125
20589,3173211,defensive,1,0.9400,2,6126
20590,3173374,defensive,1,0.9400,2,6127
20591,3173533,defensive,1,0.9400,2,6128
20592,3173627,defensive,1,0.9400,2,6129
20593,3173747,defensive,1,0.9400,2,6130
20594,3173906,defensive,1,0.9500,2,6131
20595,3174032,defensive,1,0.9600,2,6132
20596,3174161,defensive,1,0.9600,2,6133
20597,3174286,defensive,1,0.9600,2,6134
20598,3174425,defensive,1,0.9600,2,6135
20599,3174548,defensive,1,0.9600,2,6136
20600,3174673,defensive,1,0.9600,2,6137
20601,3174764,defensive,0,0.9500,2,6138
20602,3174888,defensive,1,0.9500,2,6139
20603,3175009,defensive,1,0.9500,2,6140
20604,3175134,defensive,1,0.9500,2,6141
20605,3175257,defensive,1,0.9500,2,6142
20606,3175449,defensive,1,0.9500,2,6143
20607,3175565,defensive,1,0.9500,2,6144
20608,3175687,defensive,1,0.9500,2,6145
20609,3175779,defensive,1,0.9500,2,6146
20610,3175907,defensive,1,0.9500,2,6147
20611,3176025,defensive,1,0.9500,2,6148
20612,3176152,defensive,1,0.9500,2,6149
20613,3176280,defensive,1,0.9500,2,6150
20614,3176543,defensive,1,0.9500,2,6151
20615,3176695,defensive,1,0.9500,2,6152
20616,3176814,defensive,1,0.9500,2,6153
20617,3176936,defensive,1,0.9500,2,6154
20618,3177055,defensive,1,0.9500,2,6155
20619,3177172,defensive,1,0.9500,2,6156
20620,3177294,defensive,1,0.9500,2,6157
20621,3177383,defensive,1,0.9500,2,6158
20622,3177506,defensive,1,0.9500,2,6159
20623,3177597,defensive,1,0.9500,2,6160
20624,3177717,defensive,1,0.9500,2,6161
20625,3177845,defensive,1,0.9500,2,6162
20626,3177967,defensive,1,0.9500,2,6163
20627,3178085,defensive,1,0.9500,2,6164
20628,3178212,defensive,1,0.9500,2,6165
20629,3178339,defensive,1,0.9500,2,6166
20630,3178460,defensive,1,0.9500,2,6167
20631,3178585,defensive,1,0.9500,2,6168
20632,3178710,defensive,1,0.9500,2,6169
20633,3178857,defensive,1,0.9500,2,6170
20634,3179094,defensive,1,0.9500,2,6171
20635,3179214,defensive,1,0.9500,2,6172
20636,3179336,defensive,1,0.9500,2,6173
20637,3179455,defensive,1,0.9500,2,6174
20638,3179545,defensive,1,0.9500,2,6175
20639,3179681,defensive,1,0.9600,2,6176
20640,3179821,defensive,1,0.9600,2,6177
20641,3179949,defensive,1,0.9700,2,6178
20642,3180073,defensive,1,0.9700,2,6179
20643,3180227,defensive,1,0.9700,2,6180
20644,3180359,defensive,1,0.9700,2,6181
20645,3180550,defensive,1,0.9700,2,6182
20646,3180678,defensive,1,0.9700,2,6183
20647,3180821,defensive,1,0.9700,2,6184
20648,3180952,defensive,1,0.9700,2,6185
20649,3181088,defensive,1,0.9700,2,6186
20650,3181183,defensive,0,0.9600,2,6187
20651,3181315,defensive,1,0.9600,2,6188
20652,3181473,defensive,1,0.9600,2,6189
20653,3181568,defensive,0,0.9500,2,6190
20654,3181714,defensive,1,0.9500,2,6191
20655,3181876,defensive,1,0.9500,2,6192
20656,3182003,defensive,1,0.9500,2,6193
20657,3182132,defensive,1,0.9500,2,6194
20658,3182252,defensive,1,0.9600,2,6195
20659,3182376,defensive,1,0.9600,2,6196
20660,3182562,defensive,1,0.9600,2,6197
20661,3182691,defensive,1,0.9600,2,6198
20662,3182829,defensive,1,0.9700,2,6199
20663,3182918,defensive,0,0.9600,2,6200
20664,3183045,defensive,1,0.9600,2,6201
20665,3183175,defensive,1,0.9600,2,6202
20666,3183314,defensive,1,0.9600,2,6203
20667,3183477,defensive,1,0.9600,2,6204
20668,3183600,defensive,1,0.9600,2,6205
20669,3183894,defensive,1,0.9600,2,6206
20670,3183984,defensive,1,0.9600,2,6207
20671,3184102,defensive,1,0.9600,2,6208
20672,3184249,defensive,1,0.9600,2,6209
20673,3184339,defensive,1,0.9600,2,6210
20674,3184503,defensive,1,0.9600,2,6211
20675,3184626,defensive,1,0.9600,2,6212
20676,3184714,defensive,1,0.9600,2,6213
20677,3184840,defensive,1,0.9600,2,6214
20678,3184928,defensive,0,0.9500,2,6215
20679,3185053,defensive,1,0.9500,2,6216
20680,3185177,defensive,1,0.9500,2,6217
20681,3185309,defensive,1,0.9500,2,6218
20682,3185528,defensive,1,0.9500,2,6219
20683,3185658,defensive,1,0.9500,2,6220
20684,3185797,defensive,1,0.9500,2,6221
20685,3185944,defensive,1,0.9500,2,6222
20686,3186080,defensive,1,0.9500,2,6223
20687,3186222,defensive,1,0.9500,2,6224
20688,3186333,defensive,1,0.9500,2,6225
20689,3186465,defensive,1,0.9500,2,6226
20690,3186670,defensive,1,0.9500,2,6227
20691,3186796,defensive,1,0.9500,2,6228
20692,3186943,defensive,1,0.9500,2,6229
20693,3187034,defensive,1,0.9500,2,6230
20694,3187208,defensive,1,0.9500,2,6231
20695,3187351,defensive,1,0.9500,2,6232
20696,3187476,defensive,1,0.9500,2,6233
20697,3187617,defensive,1,0.9500,2,6234
20698,3187751,defensive,1,0.9500,2,6235
20699,3187883,defensive,1,0.9500,2,6236
20700,3188019,defensive,1,0.9500,2,6237
20701,3188144,defensive,1,0.9600,2,6238
20702,3188284,defensive,1,0.9600,2,6239
20703,3188408,defensive,1,0.9600,2,6240
20704,3188539,defensive,1,0.9600,2,6241
20705,3188668,defensive,1,0.9600,2,6242
20706,3188822,defensive,1,0.9600,2,6243
20707,3188961,defensive,1,0.9600,2,6244
20708,3189085,defensive,1,0.9600,2,6245
20709,3189177,defensive,1,0.9600,2,6246
20710,3189323,defensive,1,0.9600,2,6247
20711,3189571,defensive,1,0.9600,2,6248
20712,3189709,defensive,1,0.9600,2,6249
20713,3189831,defensive,1,0.9600,2,6250
20714,3189946,defensive,1,0.9600,2,6251
20715,3190037,defensive,1,0.9600,2,6252
20716,3190169,defensive,1,0.9600,2,6253
20717,3190287,defensive,1,0.9600,2,6254
20718,3190418,defensive,1,0.9600,2,6255
20719,3190575,defensive,1,0.9600,2,6256
20720,3190755,defensive,1,0.9600,2,6257
20721,3190878,defensive,1,0.9600,2,6258
20722,3190969,defensive,1,0.9600,2,6259
20723,3191117,defensive,1,0.9600,2,6260
20724,3191234,defensive,1,0.9600,2,6261
20725,3191363,defensive,1,0.9600,2,6262
20726,3191481,defensive,1,0.9600,2,6263
20727,3191604,defensive,1,0.9600,2,6264
20728,3191743,defensive,1,0.9600,2,6265
20729,3191889,defensive,1,0.9600,2,6266
20730,3191998,defensive,1,0.9600,2,6267
20731,3192155,defensive,1,0.9600,2,6268
20732,3192298,defensive,1,0.9600,2,6269
20733,3192390,defensive,1,0.9600,2,6270
20734,3192531,defensive,1,0.9600,2,6271
20735,3192649,defensive,1,0.9600,2,6272
20736,3192782,defensive,1,0.9600,2,6273
20737,3192907,defensive,1,0.9600,2,6274
20738,3193055,defensive,1,0.9600,2,6275
20739,3193185,defensive,1,0.9600,2,6276
20740,3193345,defensive,1,0.9600,2,6277
20741,3193589,defensive,1,0.9600,2,6278
20742,3193677,defensive,0,0.9500,2,6279
20743,3193812,defensive,1,0.9500,2,6280
20744,3194018,defensive,1,0.9500,2,6281
20745,3194143,defensive,1,0.9500,2,6282
20746,3194272,defensive,1,0.9500,2,6283
20747,3194401,defensive,1,0.9500,2,6284
20748,3194524,defensive,1,0.9500,2,6285
20749,3194641,defensive,1,0.9500,2,6286
20750,3194771,defensive,1,0.9600,2,6287
20751,3194864,defensive,1,0.9600,2,6288
20752,3194999,defensive,1,0.9600,2,6289
20753,3195106,defensive,1,0.9700,2,6290
20754,3195235,defensive,1,0.9700,2,6291
20755,3195361,defensive,1,0.9700,2,6292
20756,3195494,defensive,1,0.9700,2,6293
20757,3195594,defensive,0,0.9600,2,6294
20758,3195711,defensive,1,0.9600,2,6295
20759,3195885,defensive,1,0.9600,2,6296
20760,3196011,defensive,1,0.9600,2,6297
20761,3196132,defensive,1,0.9600,2,6298
20762,3196287,defensive,1,0.9600,2,6299
20763,3196421,defensive,1,0.9700,2,6300
20764,3196540,defensive,1,0.9700,2,6301
20765,3196627,defensive,1,0.9700,2,6302
20766,3196740,defensive,1,0.9700,2,6303
20767,3196867,defensive,1,0.9700,2,6304
20768,3196991,defensive,1,0.9700,2,6305
20769,3197152,defensive,1,0.9700,2,6306
20770,3197293,defensive,1,0.9700,2,6307
20771,3197464,defensive,1,0.9700,2,6308
20772,3197586,defensive,1,0.9700,2,6309
20773,3197675,defensive,1,0.9700,2,6310
20774,3197792,defensive,1,0.9700,2,6311
20775,3197919,defensive,1,0.9700,2,6312
20776,3198192,defensive,1,0.9700,2,6313
20777,3198313,defensive,1,0.9700,2,6314
20778,3198431,defensive,1,0.9800,2,6315
20779,3198561,defensive,1,0.9800,2,6316
20780,3198686,defensive,1,0.9800,2,6317
20781,3198805,defensive,1,0.9800,2,6318
20782,3198931,defensive,1,0.9800,2,6319
20783,3199060,defensive,1,0.9800,2,6320
20784,3199188,defensive,1,0.9800,2,6321
20785,3199273,defensive,0,0.9700,2,6322
20786,3199391,defensive,1,0.9700,2,6323
20787,3199522,defensive,1,0.9700,2,6324
20788,3199651,defensive,1,0.9700,2,6325
20789,3199769,defensive,1,0.9700,2,6326
20790,3199899,defensive,1,0.9700,2,6327
20791,3200015,defensive,1,0.9700,2,6328
20792,3200171,corner,1,0.9700,3,1
20793,3200572,corner,1,0.9700,3,2
20794,3200740,corner,1,0.9700,3,3
20795,3200907,corner,1,0.9700,3,4
20796,3201069,corner,1,0.9700,3,5
20797,3201392,corner,1,0.9700,3,6
20798,3201901,corner,1,0.9700,3,7
20799,3202092,corner,1,0.9700,3,8
20800,3202280,corner,1,0.9700,3,9
20801,3202608,corner,1,0.9700,3,10
20802,3202801,corner,1,0.9700,3,11
20803,3203162,corner,1,0.9700,3,12
20804,3203356,corner,1,0.9700,3,13
20805,3203680,corner,1,0.9700,3,14
20806,3203801,corner,1,0.9700,3,15
20807,3203965,corner,1,0.9700,3,16
20808,3204137,corner,1,0.9700,3,17
20809,3204292,corner,1,0.9700,3,18
20810,3204533,corner,1,0.9700,3,19
20811,3204723,corner,1,0.9700,3,20
20812,3204887,corner,1,0.9700,3,21
20813,3205027,corner,1,0.9700,3,22
20814,3205186,corner,1,0.9700,3,23
20815,3205375,corner,1,0.9700,3,24
20816,3205896,corner,1,0.9700,3,25
20817,3206061,corner,1,0.9700,3,26
20818,3206395,corner,1,0.9700,3,27
20819,3206529,corner,1,0.9700,3,28
20820,3206681,corner,1,0.9700,3,29
20821,3207037,corner,1,0.9700,3,30
20822,3207218,corner,1,0.9700,3,31
20823,3207419,corner,1,0.9700,3,32
20824,3207579,corner,1,0.9700,3,33
20825,3207867,corner,1,0.9700,3,34
20826,3208089,corner,1,0.9700,3,35
20827,3208251,corner,1,0.9700,3,36
20828,3208446,corner,1,0.9700,3,37
20829,3208617,corner,1,0.9700,3,38
20830,3208762,corner,1,0.9700,3,39
20831,3208885,corner,1,0.9700,3,40
20832,3209371,corner,1,0.9700,3,41
20833,3209547,corner,1,0.9700,3,42
20834,3209733,corner,1,0.9700,3,43
20835,3209986,corner,1,0.9700,3,44
20836,3210207,corner,1,0.9700,3,45
20837,3210397,corner,1,0.9700,3,46
20838,3210562,corner,1,0.9700,3,47
20839,3210731,corner,1,0.9700,3,48
20840,3210875,corner,1,0.9700,3,49
20841,3211058,corner,1,0.9700,3,50
20842,3211205,corner,1,0.9800,3,51
20843,3211536,corner,1,0.9800,3,52
20844,3211646,corner,0,0.9700,3,53
20845,3211792,corner,1,0.9700,3,54
20846,3211982,corner,1,0.9700,3,55
20847,3212158,corner,1,0.9700,3,56
20848,3212340,corner,1,0.9700,3,57
20849,3212601,corner,1,0.9700,3,58
20850,3212780,corner,1,0.9700,3,59
20851,3212884,corner,0,0.9600,3,60
20852,3213042,corner,1,0.9600,3,61
20853,3213221,corner,1,0.9600,3,62
20854,3213512,corner,0,0.9500,3,63
20855,3213702,corner,1,0.9500,3,64
20856,3213873,corner,1,0.9500,3,65
20857,3214243,corner,1,0.9600,3,66
20858,3214408,corner,1,0.9600,3,67
20859,3214573,corner,1,0.9600,3,68
20860,3214761,corner,1,0.9600,3,69
20861,3214925,corner,1,0.9600,3,70
20862,3215081,corner,1,0.9600,3,71
20863,3215276,corner,1,0.9600,3,72
20864,3215442,corner,1,0.9600,3,73
20865,3215618,corner,1,0.9600,3,74
20866,3215786,corner,1,0.9600,3,75
20867,3215912,corner,0,0.9500,3,76
20868,3216202,corner,1,0.9500,3,77
20869,3216545,corner,1,0.9500,3,78
20870,3216739,corner,1,0.9500,3,79
20871,3216946,corner,1,0.9500,3,80
20872,3217122,corner,1,0.9500,3,81
20873,3217314,corner,1,0.9500,3,82
20874,3217492,corner,1,0.9500,3,83
20875,3217679,corner,1,0.9500,3,84
20876,3218311,corner,0,0.9400,3,85
20877,3218458,corner,1,0.9400,3,86
20878,3218624,corner,1,0.9400,3,87
20879,3218965,corner,1,0.9400,3,88
20880,3219175,corner,1,0.9400,3,89
20881,3219290,corner,0,0.9300,3,90
20882,3219465,corner,1,0.9300,3,91
20883,3219662,corner,1,0.9300,3,92
20884,3219777,corner,0,0.9200,3,93
20885,3219965,corner,1,0.9300,3,94
20886,3220277,corner,1,0.9300,3,95
20887,3220462,corner,1,0.9300,3,96
20888,3220625,corner,1,0.9300,3,97
20889,3220743,corner,0,0.9200,3,98
20890,3220938,corner,1,0.9200,3,99
20891,3221121,corner,1,0.9200,3,100
20892,3221291,corner,1,0.9200,3,101
20893,3221405,corner,1,0.9200,3,102
20894,3221855,corner,1,0.9200,3,103
20895,3222016,corner,1,0.9200,3,104
20896,3222174,corner,1,0.9200,3,105
20897,3222382,corner,1,0.9200,3,106
20898,3222755,corner,1,0.9200,3,107
20899,3222940,corner,1,0.9200,3,108
20900,3223222,corner,0,0.9100,3,109
20901,3223402,corner,1,0.9100,3,110
20902,3224175,corner,1,0.9100,3,111
20903,3224514,corner,1,0.9100,3,112
20904,3224899,corner,1,0.9100,3,113
20905,3225077,corner,1,0.9100,3,114
20906,3225195,corner,0,0.9000,3,115
20907,3225510,corner,1,0.9000,3,116
20908,3225697,corner,1,0.9000,3,117
20909,3226028,corner,1,0.9000,3,118
20910,3226145,corner,1,0.9000,3,119
20911,3226477,corner,1,0.9000,3,120
20912,3226606,corner,1,0.9000,3,121
20913,3226756,corner,1,0.9000,3,122
20914,3226899,corner,1,0.9000,3,123
20915,3227058,corner,1,0.9000,3,124
20916,3227367,corner,1,0.9000,3,125
20917,3227539,corner,1,0.9000,3,126
20918,3227713,corner,1,0.9000,3,127
20919,3227894,corner,1,0.9000,3,128
20920,3228151,corner,1,0.9000,3,129
20921,3228376,corner,1,0.9000,3,130
20922,3228717,corner,1,0.9000,3,131
20923,3228881,corner,1,0.9000,3,132
20924,3229033,corner,1,0.9000,3,133
20925,3229608,corner,1,0.9000,3,134
20926,3229773,corner,1,0.9000,3,135
20927,3229913,corner,1,0.9000,3,136
20928,3230087,corner,1,0.9000,3,137
20929,3230190,corner,0,0.8900,3,138
20930,3230415,corner,1,0.8900,3,139
20931,3230588,corner,1,0.8900,3,140
20932,3230768,corner,1,0.8900,3,141
20933,3230944,corner,1,0.8900,3,142
20934,3231101,corner,1,0.8900,3,143
20935,3231251,corner,1,0.8900,3,144
20936,3231419,corner,1,0.8900,3,145
20937,3231574,corner,1,0.8900,3,146
20938,3231739,corner,1,0.8900,3,147
20939,3233091,corner,0,0.8800,3,148
20940,3233250,corner,1,0.8800,3,149
20941,3233480,corner,1,0.8800,3,150
20942,3233604,corner,1,0.8800,3,151
20943,3233775,corner,1,0.8800,3,152
20944,3234135,corner,1,0.8900,3,153
20945,3234240,corner,1,0.8900,3,154
20946,3235117,corner,1,0.8900,3,155
20947,3235223,corner,1,0.8900,3,156
20948,3235404,corner,1,0.8900,3,157
20949,3235601,corner,1,0.8900,3,158
20950,3235698,corner,0,0.8800,3,159
20951,3235852,corner,1,0.8900,3,160
20952,3236010,corner,1,0.8900,3,161
20953,3236326,corner,1,0.8900,3,162
20954,3236476,corner,1,0.9000,3,163
20955,3236575,corner,0,0.8900,3,164
20956,3236905,corner,1,0.8900,3,165
20957,3237091,corner,1,0.8900,3,166
20958,3237195,corner,0,0.8800,3,167
20959,3237422,corner,1,0.8800,3,168
20960,3237671,corner,1,0.8800,3,169
20961,3237791,corner,0,0.8700,3,170
20962,3237970,corner,1,0.8700,3,171
20963,3238350,corner,1,0.8700,3,172
20964,3238674,corner,1,0.8700,3,173
20965,3238797,corner,1,0.8700,3,174
20966,3238983,corner,1,0.8700,3,175
20967,3239154,corner,1,0.8800,3,176
20968,3239260,corner,0,0.8700,3,177
20969,3239434,corner,1,0.8700,3,178
20970,3239841,corner,1,0.8700,3,179
20971,3240016,corner,1,0.8700,3,180
20972,3240505,corner,1,0.8700,3,181
20973,3240679,corner,1,0.8700,3,182
20974,3240789,corner,1,0.8700,3,183
20975,3241128,corner,1,0.8700,3,184
20976,3241307,corner,1,0.8800,3,185
20977,3241482,corner,1,0.8800,3,186
20978,3241657,corner,1,0.8800,3,187
20979,3241838,corner,1,0.8800,3,188
20980,3242008,corner,1,0.8800,3,189
20981,3242157,corner,1,0.8900,3,190
20982,3242319,corner,1,0.8900,3,191
20983,3242478,corner,1,0.8900,3,192
20984,3242588,corner,0,0.8900,3,193
20985,3242806,corner,1,0.8900,3,194
20986,3242956,corner,1,0.8900,3,195
20987,3243110,corner,1,0.8900,3,196
20988,3243272,corner,1,0.8900,3,197
20989,3243445,corner,1,0.9000,3,198
20990,3243729,corner,1,0.9000,3,199
20991,3243906,corner,1,0.9000,3,200
20992,3244106,corner,1,0.9000,3,201
20993,3244405,corner,1,0.9000,3,202
20994,3244574,corner,1,0.9000,3,203
20995,3244693,corner,1,0.9000,3,204
20996,3244886,corner,1,0.9000,3,205
20997,3245040,corner,1,0.9000,3,206
20998,3245199,corner,1,0.9000,3,207
20999,3245411,corner,1,0.9000,3,208
21000,3245576,corner,1,0.9100,3,209
21001,3245914,corner,1,0.9100,3,210
21002,3246025,corner,0,0.9000,3,211
21003,3246225,corner,1,0.9000,3,212
21004,3246384,corner,1,0.9000,3,213
21005,3246567,corner,1,0.9000,3,214
21006,3246738,corner,1,0.9100,3,215
21007,3246915,corner,1,0.9100,3,216
21008,3247061,corner,1,0.9100,3,217
21009,3247352,corner,1,0.9100,3,218
21010,3247495,corner,1,0.9100,3,219
21011,3247700,corner,1,0.9100,3,220
21012,3247843,corner,1,0.9100,3,221
21013,3248114,corner,1,0.9100,3,222
21014,3248224,corner,1,0.9100,3,223
21015,3248433,corner,1,0.9100,3,224
21016,3248590,corner,1,0.9100,3,225
21017,3248766,corner,1,0.9100,3,226
21018,3248907,corner,1,0.9100,3,227
21019,3249088,corner,1,0.9100,3,228
21020,3249287,corner,1,0.9100,3,229
21021,3249447,corner,1,0.9100,3,230
21022,3249604,corner,1,0.9100,3,231
21023,3249786,corner,1,0.9100,3,232
21024,3249964,corner,1,0.9100,3,233
21025,3250125,corner,1,0.9100,3,234
21026,3250303,corner,1,0.9100,3,235
21027,3250626,corner,1,0.9100,3,236
21028,3250791,corner,1,0.9100,3,237
21029,3250988,corner,1,0.9200,3,238
21030,3251303,corner,1,0.9200,3,239
21031,3251475,corner,1,0.9200,3,240
21032,3251582,corner,0,0.9100,3,241
21033,3251774,corner,1,0.9100,3,242
21034,3251945,corner,1,0.9100,3,243
21035,3252120,corner,1,0.9100,3,244
21036,3252401,corner,1,0.9100,3,245
21037,3252519,corner,0,0.9000,3,246
21038,3252682,corner,1,0.9000,3,247
21039,3252856,corner,1,0.9100,3,248
21040,3253008,corner,1,0.9100,3,249
21041,3253109,corner,0,0.9000,3,250
21042,3253443,corner,1,0.9000,3,251
21043,3253634,corner,1,0.9000,3,252
21044,3253796,corner,1,0.9000,3,253
21045,3253990,corner,1,0.9000,3,254
21046,3254328,corner,1,0.9000,3,255
21047,3254491,corner,1,0.9000,3,256
21048,3254599,corner,1,0.9000,3,257
21049,3254783,corner,1,0.9000,3,258
21050,3254942,corner,1,0.9100,3,259
21051,3255107,corner,1,0.9100,3,260
21052,3255252,corner,1,0.9100,3,261
21053,3255434,corner,1,0.9100,3,262
21054,3255605,corner,1,0.9100,3,263
21055,3256141,corner,1,0.9200,3,264
21056,3256325,corner,1,0.9200,3,265
21057,3256475,corner,1,0.9200,3,266
21058,3256625,corner,1,0.9300,3,267
21059,3256841,corner,1,0.9300,3,268
21060,3257036,corner,1,0.9300,3,269
21061,3257192,corner,1,0.9400,3,270
21062,3257362,corner,1,0.9400,3,271
21063,3257552,corner,1,0.9400,3,272
21064,3258062,corner,1,0.9400,3,273
21065,3258212,corner,1,0.9400,3,274
21066,3258400,corner,1,0.9400,3,275
21067,3258537,corner,1,0.9400,3,276
21068,3258704,corner,1,0.9500,3,277
21069,3258977,corner,0,0.9400,3,278
21070,3259160,corner,1,0.9400,3,279
21071,3259266,corner,0,0.9300,3,280
21072,3259419,corner,1,0.9300,3,281
21073,3259522,corner,1,0.9300,3,282
21074,3259943,corner,1,0.9300,3,283
21075,3260086,corner,1,0.9300,3,284
21076,3260265,corner,1,0.9300,3,285
21077,3260430,corner,1,0.9300,3,286
21078,3260540,corner,0,0.9200,3,287
21079,3260653,corner,1,0.9200,3,288
21080,3260835,corner,1,0.9200,3,289
21081,3260968,corner,1,0.9200,3,290
21082,3261309,corner,1,0.9200,3,291
21083,3261599,corner,1,0.9200,3,292
21084,3261755,corner,1,0.9300,3,293
21085,3261902,corner,1,0.9300,3,294
21086,3262055,corner,1,0.9300,3,295
21087,3262510,corner,1,0.9300,3,296
21088,3262666,corner,1,0.9300,3,297
21089,3262812,corner,1,0.9300,3,298
21090,3262988,corner,1,0.9300,3,299
21091,3263190,corner,1,0.9300,3,300
21092,3263363,corner,1,0.9300,3,301
21093,3263523,corner,1,0.9300,3,302
21094,3263743,corner,1,0.9300,3,303
21095,3263846,corner,0,0.9200,3,304
21096,3263990,corner,1,0.9200,3,305
21097,3264210,corner,1,0.9200,3,306
21098,3264389,corner,1,0.9200,3,307
21099,3264552,corner,1,0.9200,3,308
21100,3264705,corner,1,0.9200,3,309
21101,3264867,corner,1,0.9200,3,310
21102,3265027,corner,1,0.9300,3,311
21103,3265237,corner,1,0.9300,3,312
21104,3265423,corner,1,0.9300,3,313
21105,3265575,corner,1,0.9300,3,314
21106,3265748,corner,1,0.9300,3,315
21107,3265921,corner,1,0.9300,3,316
21108,3266032,corner,1,0.9300,3,317
21109,3266183,corner,1,0.9300,3,318
21110,3266352,corner,1,0.9300,3,319
21111,3266553,corner,1,0.9300,3,320
21112,3266719,corner,1,0.9300,3,321
21113,3266887,corner,1,0.9300,3,322
21114,3267204,corner,1,0.9300,3,323
21115,3267362,corner,1,0.9300,3,324
21116,3267501,corner,1,0.9300,3,325
21117,3267604,corner,1,0.9300,3,326
21118,3267751,corner,1,0.9300,3,327
21119,3267937,corner,1,0.9300,3,328
21120,3268119,corner,1,0.9300,3,329
21121,3268452,corner,1,0.9300,3,330
21122,3268797,corner,1,0.9300,3,331
21123,3268964,corner,1,0.9300,3,332
21124,3269100,corner,1,0.9300,3,333
21125,3269281,corner,1,0.9300,3,334
21126,3269457,corner,1,0.9300,3,335
21127,3269653,corner,1,0.9300,3,336
21128,3269805,corner,1,0.9300,3,337
21129,3269916,corner,1,0.9300,3,338
21130,3270085,corner,1,0.9300,3,339
21131,3270255,corner,1,0.9300,3,340
21132,3270363,corner,1,0.9400,3,341
21133,3270471,corner,1,0.9400,3,342
21134,3270637,corner,1,0.9400,3,343
21135,3270813,corner,1,0.9400,3,344
21136,3270912,corner,0,0.9300,3,345
21137,3271109,corner,1,0.9400,3,346
21138,3271285,corner,1,0.9400,3,347
21139,3271611,corner,1,0.9400,3,348
21140,3271901,corner,1,0.9400,3,349
21141,3272123,corner,1,0.9500,3,350
21142,3272300,corner,1,0.9500,3,351
21143,3272403,corner,1,0.9500,3,352
21144,3272555,corner,1,0.9500,3,353
21145,3272839,corner,0,0.9400,3,354
21146,3273014,corner,1,0.9400,3,355
21147,3273312,corner,1,0.9400,3,356
21148,3273489,corner,1,0.9400,3,357
21149,3273667,corner,1,0.9400,3,358
21150,3273770,corner,0,0.9300,3,359
21151,3273940,corner,1,0.9300,3,360
21152,3274045,corner,1,0.9300,3,361
21153,3274207,corner,1,0.9300,3,362
21154,3274330,corner,1,0.9300,3,363
21155,3274462,corner,1,0.9300,3,364
21156,3274622,corner,1,0.9300,3,365
21157,3274775,corner,1,0.9300,3,366
21158,3274873,corner,1,0.9300,3,367
21159,3275023,corner,1,0.9300,3,368
21160,3275126,corner,1,0.9300,3,369
21161,3275374,corner,1,0.9300,3,370
21162,3275535,corner,1,0.9300,3,371
21163,3275864,corner,1,0.9300,3,372
21164,3276271,corner,1,0.9300,3,373
21165,3276372,corner,0,0.9200,3,374
21166,3276550,corner,1,0.9200,3,375
21167,3276763,corner,1,0.9200,3,376
21168,3276926,corner,1,0.9200,3,377
21169,3277102,corner,1,0.9300,3,378
21170,3277454,corner,1,0.9300,3,379
21171,3277628,corner,1,0.9400,3,380
21172,3277802,corner,1,0.9400,3,381
21173,3277977,corner,1,0.9400,3,382
21174,3278157,corner,1,0.9400,3,383
21175,3278321,corner,1,0.9400,3,384
21176,3278427,corner,1,0.9400,3,385
21177,3278622,corner,1,0.9400,3,386
21178,3278793,corner,1,0.9500,3,387
21179,3278943,corner,1,0.9500,3,388
21180,3279150,corner,1,0.9500,3,389
21181,3279340,corner,1,0.9500,3,390
21182,3279521,corner,1,0.9500,3,391
21183,3279677,corner,1,0.9500,3,392
21184,3279835,corner,1,0.9500,3,393
21185,3279955,corner,0,0.9400,3,394
21186,3280114,corner,1,0.9400,3,395
21187,3280284,corner,1,0.9400,3,396
21188,3280460,corner,1,0.9400,3,397
21189,3280757,corner,1,0.9400,3,398
21190,3280862,corner,1,0.9400,3,399
21191,3281038,corner,1,0.9400,3,400
21192,3281202,corner,1,0.9400,3,401
21193,3281353,corner,1,0.9400,3,402
21194,3281507,corner,1,0.9400,3,403
21195,3281642,corner,1,0.9500,3,404
21196,3281794,corner,1,0.9500,3,405
21197,3281984,corner,1,0.9500,3,406
21198,3282089,corner,0,0.9400,3,407
21199,3282248,corner,1,0.9400,3,408
21200,3282413,corner,1,0.9400,3,409
21201,3282523,corner,1,0.9400,3,410
21202,3282718,corner,1,0.9400,3,411
21203,3283048,corner,1,0.9400,3,412
21204,3283189,corner,1,0.9400,3,413
21205,3283395,corner,1,0.9400,3,414
21206,3283543,corner,1,0.9400,3,415
21207,3283730,corner,1,0.9400,3,416
21208,3283905,corner,1,0.9400,3,417
21209,3284107,corner,1,0.9400,3,418
21210,3284301,corner,1,0.9400,3,419
21211,3284450,corner,1,0.9400,3,420
21212,3284589,corner,1,0.9400,3,421
21213,3284748,corner,1,0.9400,3,422
21214,3284991,corner,1,0.9400,3,423
21215,3285134,corner,1,0.9400,3,424
21216,3285293,corner,1,0.9400,3,425
21217,3285508,corner,1,0.9400,3,426
21218,3285673,corner,1,0.9400,3,427
21219,3285852,corner,1,0.9400,3,428
21220,3286005,corner,1,0.9400,3,429
21221,3286154,corner,1,0.9400,3,430
21222,3286292,corner,1,0.9400,3,431
21223,3286659,corner,1,0.9400,3,432
21224,3286988,corner,1,0.9400,3,433
21225,3287346,corner,1,0.9400,3,434
21226,3287535,corner,1,0.9400,3,435
21227,3287689,corner,1,0.9400,3,436
21228,3287845,corner,1,0.9400,3,437
21229,3287975,corner,1,0.9400,3,438
21230,3288143,corner,1,0.9400,3,439
21231,3288312,corner,1,0.9400,3,440
21232,3288461,corner,1,0.9400,3,441
21233,3288573,corner,1,0.9400,3,442
21234,3288675,corner,0,0.9300,3,443
21235,3288821,corner,1,0.9300,3,444
21236,3289013,corner,1,0.9400,3,445
21237,3289163,corner,1,0.9400,3,446
21238,3289345,corner,1,0.9400,3,447
21239,3289493,corner,1,0.9400,3,448
21240,3289677,corner,1,0.9400,3,449
21241,3289783,corner,0,0.9300,3,450
21242,3289965,corner,1,0.9300,3,451
21243,3290116,corner,1,0.9300,3,452
21244,3290260,corner,1,0.9300,3,453
21245,3290452,corner,1,0.9400,3,454
21246,3290684,corner,1,0.9400,3,455
21247,3290844,corner,1,0.9400,3,456
21248,3291003,corner,1,0.9400,3,457
21249,3291170,corner,1,0.9400,3,458
21250,3291330,corner,1,0.9500,3,459
21251,3291522,corner,1,0.9500,3,460
21252,3291689,corner,1,0.9500,3,461
21253,3291788,corner,1,0.9500,3,462
21254,3291900,corner,1,0.9500,3,463
21255,3292070,corner,1,0.9500,3,464
21256,3292255,corner,1,0.9500,3,465
21257,3292421,corner,1,0.9500,3,466
21258,3292617,corner,1,0.9500,3,467
21259,3292733,corner,1,0.9500,3,468
21260,3292905,corner,1,0.9500,3,469
21261,3293058,corner,1,0.9500,3,470
21262,3293503,corner,0,0.9400,3,471
21263,3293688,corner,1,0.9400,3,472
21264,3293812,corner,0,0.9300,3,473
21265,3294010,corner,1,0.9400,3,474
21266,3294158,corner,1,0.9400,3,475
21267,3294309,corner,1,0.9400,3,476
21268,3294483,corner,1,0.9400,3,477
21269,3294589,corner,0,0.9300,3,478
21270,3294770,corner,1,0.9300,3,479
21271,3294957,corner,1,0.9300,3,480
21272,3295149,corner,1,0.9300,3,481
21273,3295605,corner,0,0.9200,3,482
21274,3295785,corner,1,0.9200,3,483
21275,3295956,corner,1,0.9200,3,484
21276,3296108,corner,1,0.9200,3,485
21277,3296429,corner,1,0.9200,3,486
21278,3296606,corner,1,0.9200,3,487
21279,3296762,corner,1,0.9200,3,488
21280,3296868,corner,0,0.9100,3,489
21281,3297016,corner,1,0.9100,3,490
21282,3297127,corner,1,0.9100,3,491
21283,3297312,corner,1,0.9100,3,492
21284,3297487,corner,1,0.9100,3,493
21285,3297668,corner,1,0.9200,3,494
21286,3297812,corner,1,0.9200,3,495
21287,3297974,corner,1,0.9200,3,496
21288,3298151,corner,1,0.9200,3,497
21289,3298257,corner,0,0.9100,3,498
21290,3298473,corner,1,0.9100,3,499
21291,3298584,corner,1,0.9100,3,500
21292,3298743,corner,1,0.9100,3,501
21293,3298925,corner,1,0.9100,3,502
21294,3299099,corner,1,0.9100,3,503
21295,3299269,corner,1,0.9100,3,504
21296,3299445,corner,1,0.9100,3,505
21297,3299542,corner,0,0.9000,3,506
21298,3299959,corner,1,0.9100,3,507
21299,3300144,corner,1,0.9100,3,508
21300,3300309,corner,1,0.9100,3,509
21301,3300415,corner,0,0.9000,3,510
21302,3300577,corner,1,0.9000,3,511
21303,3300859,corner,0,0.8900,3,512
21304,3301052,corner,1,0.8900,3,513
21305,3301210,corner,1,0.8900,3,514
21306,3301373,corner,1,0.8900,3,515
21307,3301530,corner,1,0.8900,3,516
21308,3301634,corner,0,0.8800,3,517
21309,3301789,corner,1,0.8800,3,518
21310,3301949,corner,1,0.8800,3,519
21311,3302094,corner,1,0.8800,3,520
21312,3302206,corner,0,0.8700,3,521
21313,3302346,corner,1,0.8700,3,522
21314,3302508,corner,1,0.8700,3,523
21315,3302661,corner,1,0.8700,3,524
21316,3302840,corner,1,0.8700,3,525
21317,3303014,corner,1,0.8700,3,526
21318,3303282,corner,1,0.8700,3,527
21319,3303440,corner,1,0.8700,3,528
21320,3303658,corner,1,0.8700,3,529
21321,3303821,corner,1,0.8700,3,530
21322,3304103,corner,0,0.8600,3,531
21323,3304216,corner,1,0.8600,3,532
21324,3304388,corner,1,0.8600,3,533
21325,3304573,corner,1,0.8600,3,534
21326,3304755,corner,1,0.8600,3,535
21327,3304945,corner,1,0.8600,3,536
21328,3305064,corner,1,0.8600,3,537
21329,3305229,corner,1,0.8600,3,538
21330,3305433,corner,1,0.8600,3,539
21331,3305612,corner,1,0.8600,3,540
21332,3305810,corner,1,0.8600,3,541
21333,3306154,corner,1,0.8600,3,542
21334,3306544,corner,1,0.8700,3,543
21335,3306695,corner,1,0.8700,3,544
21336,3306841,corner,1,0.8700,3,545
21337,3306997,corner,1,0.8700,3,546
21338,3307299,corner,0,0.8600,3,547
21339,3307625,corner,1,0.8600,3,548
21340,3307789,corner,1,0.8600,3,549
21341,3307969,corner,1,0.8700,3,550
21342,3308122,corner,1,0.8700,3,551
21343,3308278,corner,1,0.8700,3,552
21344,3308440,corner,1,0.8700,3,553
21345,3308717,corner,1,0.8700,3,554
21346,3308879,corner,1,0.8700,3,555
21347,3309029,corner,1,0.8700,3,556
21348,3309207,corner,1,0.8700,3,557
21349,3309355,corner,1,0.8700,3,558
21350,3309560,corner,1,0.8700,3,559
21351,3309713,corner,1,0.8700,3,560
21352,3309971,corner,1,0.8700,3,561
21353,3310121,corner,1,0.8700,3,562
21354,3310287,corner,1,0.8700,3,563
21355,3310430,corner,1,0.8700,3,564
21356,3310641,corner,1,0.8700,3,565
21357,3310902,corner,1,0.8700,3,566
21358,3311068,corner,1,0.8700,3,567
21359,3311194,corner,1,0.8700,3,568
21360,3311504,corner,1,0.8700,3,569
21361,3311614,corner,1,0.8700,3,570
21362,3311766,corner,1,0.8800,3,571
21363,3311937,corner,1,0.8800,3,572
21364,3312040,corner,0,0.8800,3,573
21365,3312525,corner,1,0.8800,3,574
21366,3313031,corner,1,0.8800,3,575
21367,3313225,corner,1,0.8800,3,576
21368,3313408,corner,1,0.8800,3,577
21369,3313574,corner,1,0.8900,3,578
21370,3313771,corner,1,0.8900,3,579
21371,3313976,corner,1,0.8900,3,580
21372,3314328,corner,1,0.8900,3,581
21373,3314780,corner,1,0.9000,3,582
21374,3315099,corner,1,0.9000,3,583
21375,3315254,corner,1,0.9000,3,584
21376,3315439,corner,1,0.9000,3,585
21377,3315575,corner,0,0.8900,3,586
21378,3315699,corner,1,0.8900,3,587
21379,3315901,corner,1,0.8900,3,588
21380,3316058,corner,1,0.9000,3,589
21381,3316231,corner,1,0.9000,3,590
21382,3316413,corner,1,0.9000,3,591
21383,3316603,corner,1,0.9000,3,592
21384,3316776,corner,1,0.9000,3,593
21385,3316884,corner,1,0.9000,3,594
21386,3317055,corner,1,0.9000,3,595
21387,3317216,corner,1,0.9000,3,596
21388,3317381,corner,1,0.9000,3,597
21389,3317589,corner,1,0.9100,3,598
21390,3317934,corner,1,0.9100,3,599
21391,3318431,corner,1,0.9100,3,600
21392,3318538,corner,1,0.9100,3,601
21393,3318794,corner,1,0.9100,3,602
21394,3319010,corner,1,0.9100,3,603
21395,3319376,corner,1,0.9100,3,604
21396,3319527,corner,1,0.9100,3,605
21397,3319701,corner,1,0.9200,3,606
21398,3319926,corner,1,0.9200,3,607
21399,3320121,corner,1,0.9200,3,608
21400,3320343,corner,1,0.9200,3,609
21401,3320531,corner,1,0.9300,3,610
21402,3320706,corner,1,0.9300,3,611
21403,3320812,corner,1,0.9400,3,612
21404,3320960,corner,1,0.9400,3,613
21405,3321209,corner,1,0.9400,3,614
21406,3321723,corner,1,0.9400,3,615
21407,3321887,corner,1,0.9400,3,616
21408,3322093,corner,1,0.9500,3,617
21409,3322275,corner,1,0.9500,3,618
21410,3322460,corner,1,0.9500,3,619
21411,3322690,corner,1,0.9500,3,620
21412,3322866,corner,1,0.9600,3,621
21413,3323038,corner,1,0.9600,3,622
21414,3323204,corner,1,0.9600,3,623
21415,3323310,corner,0,0.9500,3,624
21416,3323481,corner,1,0.9500,3,625
21417,3323645,corner,1,0.9500,3,626
21418,3323850,corner,0,0.9400,3,627
21419,3324034,corner,1,0.9400,3,628
21420,3324219,corner,1,0.9400,3,629
21421,3324552,corner,1,0.9400,3,630
21422,3324878,corner,1,0.9500,3,631
21423,3325055,corner,1,0.9500,3,632
21424,3325272,corner,1,0.9500,3,633
21425,3325481,corner,1,0.9500,3,634
21426,3325640,corner,1,0.9500,3,635
21427,3325963,corner,1,0.9500,3,636
21428,3326294,corner,1,0.9500,3,637
21429,3326583,corner,0,0.9400,3,638
21430,3326764,corner,1,0.9400,3,639
21431,3326912,corner,1,0.9400,3,640
21432,3327057,corner,1,0.9400,3,641
21433,3327269,corner,1,0.9400,3,642
21434,3327416,corner,1,0.9400,3,643
21435,3327786,corner,1,0.9400,3,644
21436,3327927,corner,1,0.9400,3,645
21437,3328108,corner,1,0.9400,3,646
21438,3328300,corner,1,0.9500,3,647
21439,3328656,corner,1,0.9500,3,648
21440,3328807,corner,1,0.9500,3,649
21441,3328997,corner,1,0.9500,3,650
21442,3329157,corner,1,0.9500,3,651
21443,3329305,corner,1,0.9500,3,652
21444,3329482,corner,1,0.9500,3,653
21445,3329582,corner,0,0.9400,3,654
21446,3329753,corner,1,0.9400,3,655
21447,3329904,corner,1,0.9400,3,656
21448,3330117,corner,1,0.9400,3,657
21449,3330227,corner,1,0.9400,3,658
21450,3330590,corner,1,0.9400,3,659
21451,3330746,corner,1,0.9400,3,660
21452,3330901,corner,1,0.9400,3,661
21453,3331063,corner,1,0.9400,3,662
21454,3331232,corner,1,0.9400,3,663
21455,3331552,corner,1,0.9400,3,664
21456,3331840,corner,1,0.9400,3,665
21457,3332003,corner,1,0.9400,3,666
21458,3333355,corner,1,0.9400,3,667
21459,3333527,corner,1,0.9400,3,668
21460,3334082,corner,1,0.9400,3,669
21461,3334347,corner,1,0.9400,3,670
21462,3334509,corner,1,0.9400,3,671
21463,3334678,corner,1,0.9400,3,672
21464,3334866,corner,1,0.9500,3,673
21465,3335377,corner,1,0.9500,3,674
21466,3335527,corner,1,0.9500,3,675
21467,3335842,corner,1,0.9500,3,676
21468,3336015,corner,1,0.9500,3,677
21469,3336174,corner,1,0.9500,3,678
21470,3336388,corner,1,0.9500,3,679
21471,3336498,corner,1,0.9500,3,680
21472,3336606,corner,1,0.9500,3,681
21473,3336819,corner,1,0.9500,3,682
21474,3336930,corner,1,0.9500,3,683
21475,3337043,corner,0,0.9400,3,684
21476,3337240,corner,1,0.9400,3,685
21477,3337393,corner,1,0.9500,3,686
21478,3337564,corner,1,0.9500,3,687
21479,3337767,corner,1,0.9500,3,688
21480,3338062,corner,1,0.9500,3,689
21481,3338229,corner,1,0.9500,3,690
21482,3338413,corner,1,0.9500,3,691
21483,3338529,corner,1,0.9500,3,692
21484,3338692,corner,1,0.9500,3,693
21485,3339213,corner,1,0.9500,3,694
21486,3339401,corner,1,0.9500,3,695
21487,3340753,corner,0,0.9400,3,696
21488,3340917,corner,1,0.9400,3,697
21489,3341193,corner,1,0.9400,3,698
21490,3341374,corner,1,0.9400,3,699
21491,3341527,corner,1,0.9400,3,700
21492,3341842,corner,1,0.9400,3,701
21493,3342009,corner,1,0.9400,3,702
21494,3342168,corner,1,0.9400,3,703
21495,3342380,corner,0,0.9300,3,704
21496,3342493,corner,1,0.9300,3,705
21497,3342670,corner,1,0.9300,3,706
21498,3342812,corner,1,0.9300,3,707
21499,3342937,corner,1,0.9300,3,708
21500,3343094,corner,1,0.9300,3,709
21501,3343272,corner,1,0.9300,3,710
21502,3343644,corner,1,0.9300,3,711
21503,3343811,corner,1,0.9300,3,712
21504,3343962,corner,1,0.9300,3,713
21505,3344234,corner,1,0.9300,3,714
21506,3344402,corner,1,0.9300,3,715
21507,3344513,corner,0,0.9200,3,716
21508,3344623,corner,1,0.9200,3,717
21509,3344785,corner,1,0.9200,3,718
21510,3344977,corner,1,0.9200,3,719
21511,3345167,corner,1,0.9200,3,720
21512,3345370,corner,1,0.9200,3,721
21513,3345603,corner,1,0.9200,3,722
21514,3345749,corner,1,0.9200,3,723
21515,3345922,corner,1,0.9300,3,724
21516,3346210,corner,1,0.9300,3,725
21517,3346359,corner,1,0.9300,3,726
21518,3346503,corner,1,0.9400,3,727
21519,3346659,corner,1,0.9400,3,728
21520,3346833,corner,1,0.9400,3,729
21521,3347013,corner,1,0.9400,3,730
21522,3347178,corner,1,0.9400,3,731
21523,3347347,corner,1,0.9400,3,732
21524,3347497,corner,1,0.9400,3,733
21525,3347640,corner,1,0.9400,3,734
21526,3347739,corner,0,0.9300,3,735
21527,3347892,corner,1,0.9300,3,736
21528,3348057,corner,1,0.9300,3,737
21529,3348266,corner,1,0.9400,3,738
21530,3348764,corner,1,0.9400,3,739
21531,3348883,corner,0,0.9300,3,740
21532,3349208,corner,1,0.9300,3,741
21533,3349359,corner,1,0.9300,3,742
21534,3349552,corner,1,0.9300,3,743
21535,3349712,corner,1,0.9300,3,744
21536,3349880,corner,1,0.9300,3,745
21537,3350044,corner,1,0.9300,3,746
21538,3350411,corner,1,0.9300,3,747
21539,3350604,corner,1,0.9300,3,748
21540,3350702,corner,0,0.9200,3,749
21541,3350817,corner,0,0.9100,3,750
21542,3351017,corner,1,0.9100,3,751
21543,3351185,corner,1,0.9100,3,752
21544,3351351,corner,1,0.9100,3,753
21545,3351521,corner,1,0.9200,3,754
21546,3352873,corner,1,0.9200,3,755
21547,3353222,corner,1,0.9200,3,756
21548,3353437,corner,1,0.9200,3,757
21549,3353602,corner,1,0.9200,3,758
21550,3353757,corner,1,0.9200,3,759
21551,3353907,corner,1,0.9200,3,760
21552,3354277,corner,1,0.9200,3,761
21553,3354388,corner,1,0.9200,3,762
21554,3354554,corner,1,0.9200,3,763
21555,3354713,corner,1,0.9200,3,764
21556,3354831,corner,1,0.9200,3,765
21557,3355005,corner,1,0.9200,3,766
21558,3355116,corner,1,0.9200,3,767
21559,3355284,corner,1,0.9200,3,768
21560,3355463,corner,1,0.9200,3,769
21561,3355610,corner,1,0.9200,3,770
21562,3355797,corner,1,0.9200,3,771
21563,3355987,corner,1,0.9200,3,772
21564,3356138,corner,1,0.9200,3,773
21565,3356341,corner,1,0.9200,3,774
21566,3356490,corner,1,0.9200,3,775
21567,3356674,corner,1,0.9200,3,776
21568,3356862,corner,1,0.9200,3,777
21569,3356982,corner,1,0.9200,3,778
21570,3357131,corner,1,0.9200,3,779
21571,3357303,corner,1,0.9200,3,780
21572,3357440,corner,1,0.9200,3,781
21573,3357631,corner,1,0.9200,3,782
21574,3357799,corner,1,0.9200,3,783
21575,3357980,corner,1,0.9300,3,784
21576,3358156,corner,1,0.9300,3,785
21577,3358316,corner,1,0.9300,3,786
21578,3358432,corner,1,0.9300,3,787
21579,3358774,corner,1,0.9300,3,788
21580,3358911,corner,1,0.9300,3,789
21581,3359129,corner,1,0.9300,3,790
21582,3359294,corner,1,0.9300,3,791
21583,3359461,corner,1,0.9300,3,792
21584,3359664,corner,1,0.9300,3,793
21585,3360012,corner,1,0.9300,3,794
21586,3360166,corner,1,0.9300,3,795
21587,3360370,corner,1,0.9400,3,796
21588,3360553,corner,1,0.9400,3,797
21589,3360685,corner,1,0.9400,3,798
21590,3360850,corner,1,0.9400,3,799
21591,3361017,corner,1,0.9400,3,800
21592,3361128,corner,1,0.9400,3,801
21593,3361467,corner,1,0.9400,3,802
21594,3361680,corner,1,0.9400,3,803
21595,3361897,corner,1,0.9500,3,804
21596,3362054,corner,1,0.9500,3,805
21597,3363406,corner,1,0.9500,3,806
21598,3363514,corner,1,0.9500,3,807
21599,3363681,corner,1,0.9500,3,808
21600,3364030,corner,1,0.9500,3,809
21601,3364462,corner,1,0.9500,3,810
21602,3364703,corner,1,0.9500,3,811
21603,3364849,corner,1,0.9500,3,812
21604,3365018,corner,1,0.9500,3,813
21605,3365157,corner,1,0.9500,3,814
21606,3365359,corner,1,0.9500,3,815
21607,3365516,corner,1,0.9600,3,816
21608,3365626,corner,0,0.9500,3,817
21609,3365774,corner,1,0.9500,3,818
21610,3365920,corner,1,0.9500,3,819
21611,3366084,corner,1,0.9500,3,820
21612,3366248,corner,1,0.9500,3,821
21613,3366586,corner,1,0.9500,3,822
21614,3366781,corner,1,0.9500,3,823
21615,3366899,corner,1,0.9500,3,824
21616,3367058,corner,1,0.9500,3,825
21617,3367251,corner,1,0.9500,3,826
21618,3367412,corner,1,0.9500,3,827
21619,3367591,corner,1,0.9500,3,828
21620,3367695,corner,1,0.9500,3,829
21621,3367948,corner,1,0.9500,3,830
21622,3368124,corner,1,0.9500,3,831
21623,3368344,corner,1,0.9500,3,832
21624,3369696,corner,1,0.9500,3,833
21625,3369877,corner,1,0.9500,3,834
21626,3370036,corner,1,0.9600,3,835
21627,3370152,corner,1,0.9600,3,836
21628,3370346,corner,1,0.9600,3,837
21629,3370478,corner,1,0.9600,3,838
21630,3370889,corner,1,0.9600,3,839
21631,3371008,corner,0,0.9600,3,840
21632,3371226,corner,0,0.9500,3,841
21633,3371373,corner,1,0.9500,3,842
21634,3371725,corner,1,0.9500,3,843
21635,3371839,corner,1,0.9500,3,844
21636,3372027,corner,1,0.9500,3,845
21637,3372173,corner,1,0.9500,3,846
21638,3372376,corner,1,0.9500,3,847
21639,3372500,corner,1,0.9500,3,848
21640,3372619,corner,1,0.9600,3,849
21641,3372783,corner,1,0.9700,3,850
21642,3373011,corner,1,0.9700,3,851
21643,3373169,corner,1,0.9700,3,852
21644,3373498,corner,1,0.9700,3,853
21645,3373654,corner,1,0.9700,3,854
21646,3373812,corner,1,0.9700,3,855
21647,3373931,corner,0,0.9600,3,856
21648,3374084,corner,1,0.9600,3,857
21649,3374279,corner,1,0.9600,3,858
21650,3374429,corner,1,0.9600,3,859
21651,3374599,corner,1,0.9600,3,860
21652,3374772,corner,1,0.9600,3,861
21653,3374924,corner,1,0.9600,3,862
21654,3375081,corner,1,0.9600,3,863
21655,3375187,corner,1,0.9600,3,864
21656,3375353,corner,1,0.9600,3,865
21657,3375980,corner,1,0.9600,3,866
21658,3376131,corner,1,0.9600,3,867
21659,3376345,corner,1,0.9600,3,868
21660,3376680,corner,1,0.9600,3,869
21661,3376844,corner,1,0.9600,3,870
21662,3376990,corner,1,0.9600,3,871
21663,3377165,corner,1,0.9600,3,872
21664,3377339,corner,1,0.9600,3,873
21665,3377481,corner,1,0.9600,3,874
21666,3377667,corner,1,0.9600,3,875
21667,3377832,corner,1,0.9600,3,876
21668,3377935,corner,0,0.9500,3,877
21669,3378085,corner,1,0.9500,3,878
21670,3378189,corner,1,0.9500,3,879
21671,3378310,corner,1,0.9500,3,880
21672,3378424,corner,1,0.9500,3,881
21673,3378769,corner,1,0.9500,3,882
21674,3379048,corner,1,0.9500,3,883
21675,3379210,corner,1,0.9500,3,884
21676,3379549,corner,1,0.9500,3,885
21677,3379664,corner,1,0.9500,3,886
21678,3380019,corner,1,0.9500,3,887
21679,3380342,corner,1,0.9500,3,888
21680,3380446,corner,0,0.9400,3,889
21681,3380626,corner,1,0.9400,3,890
21682,3380773,corner,1,0.9400,3,891
21683,3380925,corner,1,0.9400,3,892
21684,3381085,corner,1,0.9400,3,893
21685,3381224,corner,1,0.9400,3,894
21686,3381429,corner,1,0.9400,3,895
21687,3381581,corner,1,0.9400,3,896
21688,3381796,corner,1,0.9400,3,897
21689,3381956,corner,1,0.9400,3,898
21690,3382065,corner,1,0.9400,3,899
21691,3382326,corner,1,0.9400,3,900
21692,3382478,corner,1,0.9400,3,901
21693,3382632,corner,1,0.9400,3,902
21694,3383031,corner,1,0.9400,3,903
21695,3383194,corner,1,0.9400,3,904
21696,3383314,corner,1,0.9400,3,905
21697,3383417,corner,1,0.9400,3,906
21698,3383535,corner,1,0.9400,3,907
21699,3383680,corner,1,0.9400,3,908
21700,3383868,corner,1,0.9400,3,909
21701,3384038,corner,1,0.9400,3,910
21702,3384185,corner,1,0.9400,3,911
21703,3384333,corner,1,0.9400,3,912
21704,3384479,corner,1,0.9400,3,913
21705,3385831,corner,1,0.9400,3,914
21706,3385993,corner,1,0.9400,3,915
21707,3386148,corner,1,0.9400,3,916
21708,3386401,corner,1,0.9500,3,917
21709,3386575,corner,1,0.9500,3,918
21710,3386727,corner,1,0.9500,3,919
21711,3387042,corner,1,0.9500,3,920
21712,3387225,corner,1,0.9500,3,921
21713,3387851,corner,1,0.9500,3,922
21714,3388203,corner,1,0.9500,3,923
21715,3388358,corner,1,0.9500,3,924
21716,3388798,corner,1,0.9500,3,925
21717,3388956,corner,1,0.9500,3,926
21718,3389073,corner,1,0.9500,3,927
21719,3389236,corner,1,0.9500,3,928
21720,3389350,corner,1,0.9500,3,929
21721,3389640,corner,1,0.9500,3,930
21722,3389824,corner,1,0.9500,3,931
21723,3389985,corner,1,0.9500,3,932
21724,3390150,corner,1,0.9500,3,933
21725,3390516,corner,1,0.9500,3,934
21726,3390692,corner,1,0.9500,3,935
21727,3390849,corner,1,0.9500,3,936
21728,3391177,corner,1,0.9500,3,937
21729,3391328,corner,1,0.9500,3,938
21730,3391540,corner,1,0.9500,3,939
21731,3391717,corner,1,0.9600,3,940
21732,3391876,corner,1,0.9700,3,941
21733,3392230,corner,1,0.9700,3,942
21734,3392342,corner,1,0.9700,3,943
21735,3392450,corner,1,0.9700,3,944
21736,3392559,corner,1,0.9700,3,945
21737,3392697,corner,1,0.9700,3,946
21738,3392859,corner,1,0.9700,3,947
21739,3393367,corner,1,0.9700,3,948
21740,3393554,corner,1,0.9700,3,949
21741,3393667,corner,1,0.9700,3,950
21742,3393991,corner,1,0.9700,3,951
21743,3394145,corner,1,0.9700,3,952
21744,3394310,corner,1,0.9700,3,953
21745,3394648,corner,1,0.9700,3,954
21746,3394870,corner,1,0.9700,3,955
21747,3395067,corner,1,0.9800,3,956
21748,3395230,corner,1,0.9800,3,957
21749,3395515,corner,0,0.9700,3,958
21750,3395670,corner,1,0.9700,3,959
21751,3395782,corner,1,0.9700,3,960
21752,3395939,corner,1,0.9700,3,961
21753,3396087,corner,1,0.9700,3,962
21754,3396229,corner,1,0.9700,3,963
21755,3396406,corner,1,0.9700,3,964
21756,3396577,corner,1,0.9700,3,965
21757,3396737,corner,1,0.9700,3,966
21758,3396897,corner,1,0.9700,3,967
21759,3397071,corner,1,0.9700,3,968
21760,3397243,corner,1,0.9700,3,969
21761,3397379,corner,1,0.9700,3,970
21762,3397507,corner,1,0.9700,3,971
21763,3397648,corner,1,0.9700,3,972
21764,3397808,corner,1,0.9700,3,973
21765,3398106,corner,1,0.9700,3,974
21766,3398263,corner,1,0.9700,3,975
21767,3398599,corner,1,0.9700,3,976
21768,3398753,corner,1,0.9800,3,977
21769,3398909,corner,1,0.9800,3,978
21770,3399262,corner,1,0.9800,3,979
21771,3399630,corner,1,0.9800,3,980
21772,3399824,corner,1,0.9800,3,981
21773,3399977,corner,1,0.9800,3,982
21774,3400125,corner,1,0.9800,3,983
21775,3400301,corner,1,0.9800,3,984
21776,3400451,corner,1,0.9800,3,985
21777,3400559,corner,0,0.9700,3,986
21778,3400731,corner,1,0.9700,3,987
21779,3400887,corner,1,0.9700,3,988
21780,3401001,corner,1,0.9800,3,989
21781,3401177,corner,1,0.9800,3,990
21782,3401478,corner,1,0.9800,3,991
21783,3401670,corner,1,0.9800,3,992
21784,3402023,corner,1,0.9800,3,993
21785,3402154,corner,1,0.9800,3,994
21786,3402352,corner,1,0.9800,3,995
21787,3402507,corner,1,0.9800,3,996
21788,3402668,corner,1,0.9800,3,997
21789,3402837,corner,1,0.9800,3,998
21790,3403021,corner,1,0.9800,3,999
21791,3403178,corner,1,0.9800,3,1000
21792,3403510,corner,1,0.9800,3,1001
21793,3403704,corner,1,0.9800,3,1002
21794,3403810,corner,0,0.9700,3,1003
21795,3403919,corner,1,0.9700,3,1004
21796,3404075,corner,1,0.9700,3,1005
21797,3404223,corner,1,0.9700,3,1006
21798,3404583,corner,1,0.9700,3,1007
21799,3404768,corner,1,0.9700,3,1008
21800,3404911,corner,1,0.9700,3,1009
21801,3405084,corner,1,0.9700,3,1010
21802,3405208,corner,1,0.9700,3,1011
21803,3405326,corner,1,0.9700,3,1012
21804,3405484,corner,1,0.9700,3,1013
21805,3405637,corner,1,0.9700,3,1014
21806,3405989,corner,1,0.9700,3,1015
21807,3406163,corner,1,0.9700,3,1016
21808,3406313,corner,1,0.9700,3,1017
21809,3406425,corner,1,0.9700,3,1018
21810,3406535,corner,1,0.9700,3,1019
21811,3406740,corner,1,0.9700,3,1020
21812,3406887,corner,1,0.9700,3,1021
21813,3407046,corner,1,0.9700,3,1022
21814,3407200,corner,1,0.9700,3,1023
21815,3407368,corner,1,0.9700,3,1024
21816,3407535,corner,1,0.9700,3,1025
21817,3407697,corner,1,0.9700,3,1026
21818,3407860,corner,1,0.9700,3,1027
21819,3408025,corner,1,0.9700,3,1028
21820,3408185,corner,1,0.9700,3,1029
21821,3408352,corner,1,0.9700,3,1030
21822,3408470,corner,0,0.9600,3,1031
21823,3408657,corner,1,0.9600,3,1032
21824,3408842,corner,1,0.9600,3,1033
21825,3409022,corner,1,0.9600,3,1034
21826,3409186,corner,1,0.9600,3,1035
21827,3409358,corner,1,0.9600,3,1036
21828,3409475,corner,1,0.9600,3,1037
21829,3409594,corner,1,0.9600,3,1038
21830,3409755,corner,1,0.9600,3,1039
21831,3410103,corner,1,0.9600,3,1040
21832,3410240,corner,1,0.9600,3,1041
21833,3410390,corner,1,0.9600,3,1042
21834,3410728,corner,1,0.9600,3,1043
21835,3410890,corner,1,0.9600,3,1044
21836,3411206,corner,1,0.9600,3,1045
21837,3411537,corner,1,0.9600,3,1046
21838,3411693,corner,1,0.9600,3,1047
21839,3411819,corner,1,0.9600,3,1048
21840,3411963,corner,1,0.9600,3,1049
21841,3412112,corner,1,0.9600,3,1050
21842,3412298,corner,1,0.9600,3,1051
21843,3412450,corner,1,0.9600,3,1052
21844,3412598,corner,1,0.9600,3,1053
21845,3412708,corner,1,0.9600,3,1054
21846,3412871,corner,1,0.9600,3,1055
21847,3413027,corner,1,0.9600,3,1056
21848,3413173,corner,1,0.9600,3,1057
21849,3413320,corner,1,0.9700,3,1058
21850,3413487,corner,1,0.9700,3,1059
21851,3413625,corner,1,0.9700,3,1060
21852,3413768,corner,1,0.9700,3,1061
21853,3414094,corner,1,0.9700,3,1062
21854,3414308,corner,1,0.9700,3,1063
21855,3414453,corner,1,0.9700,3,1064
21856,3414614,corner,1,0.9700,3,1065
21857,3414761,corner,1,0.9700,3,1066
21858,3414874,corner,0,0.9600,3,1067
21859,3415055,corner,1,0.9600,3,1068
21860,3415174,corner,1,0.9600,3,1069
21861,3415351,corner,1,0.9600,3,1070
21862,3415466,corner,1,0.9600,3,1071
21863,3415682,corner,1,0.9600,3,1072
21864,3415834,corner,1,0.9600,3,1073
21865,3415991,corner,1,0.9600,3,1074
21866,3416225,corner,1,0.9600,3,1075
21867,3416342,corner,1,0.9600,3,1076
21868,3416506,corner,1,0.9600,3,1077
21869,3416651,corner,1,0.9600,3,1078
21870,3416799,corner,1,0.9600,3,1079
21871,3416909,corner,1,0.9600,3,1080
21872,3417070,corner,1,0.9600,3,1081
21873,3417227,corner,1,0.9600,3,1082
21874,3417334,corner,1,0.9600,3,1083
21875,3417498,corner,1,0.9600,3,1084
21876,3417645,corner,1,0.9600,3,1085
21877,3417797,corner,1,0.9700,3,1086
21878,3417955,corner,1,0.9700,3,1087
21879,3418123,corner,1,0.9700,3,1088
21880,3418234,corner,1,0.9700,3,1089
21881,3418385,corner,1,0.9700,3,1090
21882,3418582,corner,1,0.9700,3,1091
21883,3418705,corner,1,0.9700,3,1092
21884,3418865,corner,1,0.9700,3,1093
21885,3419225,corner,1,0.9700,3,1094
21886,3419436,corner,1,0.9700,3,1095
21887,3419592,corner,1,0.9700,3,1096
21888,3419749,corner,1,0.9700,3,1097
21889,3419854,corner,1,0.9700,3,1098
21890,3421206,corner,1,0.9700,3,1099
21891,3421384,corner,1,0.9700,3,1100
21892,3421547,corner,1,0.9700,3,1101
21893,3421726,corner,1,0.9700,3,1102
21894,3422066,corner,1,0.9800,3,1103
21895,3422187,corner,1,0.9800,3,1104
21896,3422338,corner,1,0.9800,3,1105
21897,3422619,corner,0,0.9700,3,1106
21898,3422725,corner,0,0.9600,3,1107
21899,3422895,corner,1,0.9600,3,1108
21900,3423040,corner,1,0.9600,3,1109
21901,3423289,corner,1,0.9600,3,1110
21902,3423433,corner,1,0.9600,3,1111
21903,3423543,corner,1,0.9600,3,1112
21904,3423717,corner,1,0.9600,3,1113
21905,3423834,corner,1,0.9600,3,1114
21906,3423945,corner,1,0.9600,3,1115
21907,3424265,corner,1,0.9600,3,1116
21908,3424388,corner,1,0.9600,3,1117
21909,3424538,corner,1,0.9600,3,1118
21910,3424975,corner,1,0.9600,3,1119
21911,3425127,corner,1,0.9600,3,1120
21912,3425261,corner,1,0.9600,3,1121
21913,3425427,corner,1,0.9600,3,1122
21914,3425587,corner,1,0.9600,3,1123
21915,3425765,corner,1,0.9600,3,1124
21916,3425968,corner,1,0.9600,3,1125
21917,3426099,corner,1,0.9600,3,1126
21918,3426244,corner,1,0.9600,3,1127
21919,3426394,corner,1,0.9600,3,1128
21920,3426545,corner,1,0.9600,3,1129
21921,3426880,corner,1,0.9600,3,1130
21922,3427239,corner,1,0.9700,3,1131
21923,3427404,corner,1,0.9700,3,1132
21924,3427590,corner,1,0.9700,3,1133
21925,3427923,corner,1,0.9700,3,1134
21926,3428037,corner,1,0.9700,3,1135
21927,3428362,corner,1,0.9700,3,1136
21928,3428527,corner,1,0.9700,3,1137
21929,3428728,corner,1,0.9700,3,1138
21930,3428888,corner,1,0.9700,3,1139
21931,3429065,corner,1,0.9700,3,1140
21932,3429237,corner,1,0.9700,3,1141
21933,3429577,corner,1,0.9700,3,1142
21934,3429774,corner,1,0.9700,3,1143
21935,3430112,corner,1,0.9700,3,1144
21936,3430310,corner,1,0.9700,3,1145
21937,3430496,corner,1,0.9700,3,1146
21938,3430653,corner,1,0.9700,3,1147
21939,3430814,corner,1,0.9700,3,1148
21940,3430935,corner,1,0.9700,3,1149
21941,3431093,corner,1,0.9700,3,1150
21942,3431214,corner,1,0.9700,3,1151
21943,3431413,corner,1,0.9700,3,1152
21944,3431560,corner,1,0.9700,3,1153
21945,3431736,corner,1,0.9700,3,1154
21946,3431905,corner,1,0.9700,3,1155
21947,3432100,corner,1,0.9700,3,1156
21948,3432265,corner,1,0.9700,3,1157
21949,3432386,corner,1,0.9700,3,1158
21950,3432548,corner,1,0.9700,3,1159
21951,3432700,corner,1,0.9700,3,1160
21952,3432853,corner,1,0.9700,3,1161
21953,3433014,corner,1,0.9700,3,1162
21954,3433379,corner,1,0.9700,3,1163
21955,3433530,corner,1,0.9700,3,1164
21956,3433690,corner,1,0.9700,3,1165
21957,3433841,corner,1,0.9700,3,1166
21958,3434026,corner,1,0.9800,3,1167
21959,3434182,corner,1,0.9800,3,1168
21960,3434321,corner,1,0.9800,3,1169
21961,3434475,corner,1,0.9800,3,1170
21962,3434645,corner,1,0.9800,3,1171
21963,3435019,corner,1,0.9800,3,1172
21964,3435214,corner,1,0.9800,3,1173
21965,3435388,corner,1,0.9800,3,1174
21966,3435537,corner,1,0.9800,3,1175
21967,3435650,corner,0,0.9700,3,1176
21968,3435812,corner,1,0.9700,3,1177
21969,3435990,corner,1,0.9700,3,1178
21970,3436098,corner,1,0.9700,3,1179
21971,3436264,corner,1,0.9700,3,1180
21972,3436413,corner,1,0.9700,3,1181
21973,3436593,corner,1,0.9700,3,1182
21974,3436706,corner,1,0.9700,3,1183
21975,3436863,corner,1,0.9700,3,1184
21976,3437043,corner,1,0.9700,3,1185
21977,3437227,corner,1,0.9700,3,1186
21978,3437562,corner,1,0.9700,3,1187
21979,3437723,corner,1,0.9700,3,1188
21980,3437879,corner,1,0.9700,3,1189
21981,3438042,corner,1,0.9700,3,1190
21982,3438191,corner,1,0.9700,3,1191
21983,3438385,corner,1,0.9700,3,1192
21984,3438608,corner,1,0.9700,3,1193
21985,3438769,corner,1,0.9700,3,1194
21986,3438944,corner,1,0.9700,3,1195
21987,3439122,corner,1,0.9700,3,1196
21988,3439291,corner,1,0.9700,3,1197
21989,3439509,corner,1,0.9700,3,1198
21990,3439662,corner,1,0.9700,3,1199
21991,3439779,corner,1,0.9700,3,1200
21992,3439946,corner,1,0.9700,3,1201
21993,3440058,corner,1,0.9700,3,1202
21994,3440167,corner,1,0.9700,3,1203
21995,3440321,corner,1,0.9700,3,1204
21996,3440484,corner,1,0.9700,3,1205
21997,3440586,corner,0,0.9700,3,1206
21998,3440765,corner,1,0.9800,3,1207
21999,3440917,corner,1,0.9800,3,1208
22000,3441080,corner,1,0.9800,3,1209
22001,3441240,corner,1,0.9800,3,1210
22002,3441385,corner,1,0.9800,3,1211
22003,3441498,corner,1,0.9800,3,1212
22004,3441693,corner,1,0.9800,3,1213
22005,3441838,corner,1,0.9800,3,1214
22006,3441947,corner,1,0.9800,3,1215
22007,3442116,corner,1,0.9800,3,1216
22008,3442262,corner,1,0.9800,3,1217
22009,3442590,corner,1,0.9800,3,1218
22010,3442741,corner,1,0.9800,3,1219
22011,3442887,corner,1,0.9800,3,1220
22012,3442990,corner,0,0.9700,3,1221
22013,3443186,corner,1,0.9700,3,1222
22014,3443374,corner,1,0.9700,3,1223
22015,3443528,corner,1,0.9700,3,1224
22016,3443667,corner,1,0.9700,3,1225
22017,3443826,corner,1,0.9700,3,1226
22018,3443976,corner,1,0.9700,3,1227
22019,3444304,corner,1,0.9700,3,1228
22020,3444458,corner,1,0.9700,3,1229
22021,3444619,corner,1,0.9700,3,1230
22022,3444766,corner,1,0.9700,3,1231
22023,3444925,corner,1,0.9700,3,1232
22024,3445108,corner,1,0.9700,3,1233
22025,3445268,corner,1,0.9700,3,1234
22026,3445556,corner,1,0.9700,3,1235
22027,3445707,corner,1,0.9700,3,1236
22028,3445859,corner,1,0.9700,3,1237
22029,3446045,corner,1,0.9700,3,1238
22030,3446186,corner,1,0.9700,3,1239
22031,3446335,corner,1,0.9700,3,1240
22032,3446516,corner,1,0.9700,3,1241
22033,3446665,corner,1,0.9700,3,1242
22034,3446815,corner,1,0.9700,3,1243
22035,3446937,corner,1,0.9700,3,1244
22036,3447085,corner,1,0.9700,3,1245
22037,3447287,corner,1,0.9700,3,1246
22038,3447434,corner,1,0.9700,3,1247
22039,3447586,corner,1,0.9700,3,1248
22040,3447741,corner,1,0.9700,3,1249
22041,3447892,corner,1,0.9700,3,1250
22042,3448175,corner,1,0.9700,3,1251
22043,3448343,corner,1,0.9700,3,1252
22044,3448497,corner,1,0.9700,3,1253
22045,3448655,corner,1,0.9700,3,1254
22046,3448845,corner,1,0.9700,3,1255
22047,3449171,corner,1,0.9700,3,1256
22048,3449340,corner,1,0.9700,3,1257
22049,3449658,corner,1,0.9700,3,1258
22050,3449798,corner,1,0.9700,3,1259
22051,3449961,corner,1,0.9700,3,1260
22052,3450135,corner,1,0.9700,3,1261
22053,3450473,corner,1,0.9700,3,1262
22054,3450646,corner,1,0.9700,3,1263
22055,3450795,corner,1,0.9700,3,1264
22056,3450904,corner,1,0.9700,3,1265
22057,3451112,corner,1,0.9700,3,1266
22058,3451258,corner,1,0.9700,3,1267
22059,3451445,corner,1,0.9700,3,1268
22060,3451605,corner,1,0.9700,3,1269
22061,3451758,corner,1,0.9700,3,1270
22062,3451938,corner,1,0.9700,3,1271
22063,3452120,corner,1,0.9700,3,1272
22064,3452464,corner,1,0.9700,3,1273
22065,3452658,corner,1,0.9700,3,1274
22066,3452826,corner,1,0.9700,3,1275
22067,3452985,corner,1,0.9800,3,1276
22068,3453162,corner,1,0.9800,3,1277
22069,3453477,corner,1,0.9800,3,1278
22070,3453633,corner,1,0.9800,3,1279
22071,3454985,corner,1,0.9800,3,1280
22072,3455155,corner,1,0.9800,3,1281
22073,3455345,corner,1,0.9800,3,1282
22074,3455458,corner,1,0.9800,3,1283
22075,3455695,corner,1,0.9800,3,1284
22076,3455837,corner,1,0.9800,3,1285
22077,3455996,corner,1,0.9800,3,1286
22078,3456161,corner,1,0.9800,3,1287
22079,3456332,corner,1,0.9800,3,1288
22080,3456498,corner,1,0.9800,3,1289
22081,3456653,corner,1,0.9800,3,1290
22082,3456777,corner,1,0.9800,3,1291
22083,3456924,corner,1,0.9800,3,1292
22084,3457034,corner,0,0.9700,3,1293
22085,3457278,corner,1,0.9700,3,1294
22086,3457455,corner,1,0.9700,3,1295
22087,3457634,corner,0,0.9600,3,1296
22088,3457786,corner,1,0.9600,3,1297
22089,3457970,corner,1,0.9600,3,1298
22090,3458082,corner,1,0.9600,3,1299
22091,3458240,corner,1,0.9600,3,1300
22092,3458354,corner,1,0.9600,3,1301
22093,3458516,corner,1,0.9600,3,1302
22094,3458688,corner,1,0.9600,3,1303
22095,3458841,corner,1,0.9600,3,1304
22096,3459082,corner,1,0.9600,3,1305
22097,3459261,corner,1,0.9700,3,1306
22098,3459486,corner,1,0.9700,3,1307
22099,3459593,corner,1,0.9700,3,1308
22100,3459753,corner,1,0.9700,3,1309
22101,3459901,corner,1,0.9700,3,1310
22102,3460031,corner,1,0.9700,3,1311
22103,3460194,corner,1,0.9700,3,1312
22104,3460355,corner,1,0.9700,3,1313
22105,3460509,corner,1,0.9700,3,1314
22106,3460620,corner,1,0.9700,3,1315
22107,3460732,corner,1,0.9700,3,1316
22108,3460889,corner,1,0.9700,3,1317
22109,3461050,corner,1,0.9700,3,1318
22110,3461306,corner,1,0.9700,3,1319
22111,3461473,corner,1,0.9700,3,1320
22112,3461587,corner,1,0.9800,3,1321
22113,3461708,corner,1,0.9800,3,1322
22114,3461869,corner,1,0.9800,3,1323
22115,3462376,corner,1,0.9800,3,1324
22116,3462527,corner,1,0.9800,3,1325
22117,3462637,corner,1,0.9800,3,1326
22118,3462791,corner,1,0.9800,3,1327
22119,3463132,corner,1,0.9800,3,1328
22120,3463253,corner,1,0.9800,3,1329
22121,3463373,corner,1,0.9800,3,1330
22122,3463525,corner,1,0.9800,3,1331
22123,3463642,corner,1,0.9800,3,1332
22124,3464160,corner,1,0.9800,3,1333
22125,3464318,corner,1,0.9800,3,1334
22126,3464489,corner,1,0.9800,3,1335
22127,3464701,corner,1,0.9800,3,1336
22128,3464851,corner,1,0.9800,3,1337
22129,3465003,corner,1,0.9800,3,1338
22130,3465315,corner,1,0.9800,3,1339
22131,3465458,corner,1,0.9800,3,1340
22132,3465649,corner,1,0.9800,3,1341
22133,3465826,corner,1,0.9800,3,1342
22134,3466009,corner,1,0.9800,3,1343
22135,3466161,corner,1,0.9800,3,1344
22136,3466316,corner,1,0.9800,3,1345
22137,3466474,corner,1,0.9800,3,1346
22138,3466640,corner,1,0.9800,3,1347
22139,3466765,corner,1,0.9800,3,1348
22140,3466913,corner,1,0.9800,3,1349
22141,3467227,corner,1,0.9800,3,1350
22142,3467554,corner,1,0.9800,3,1351
22143,3467674,corner,1,0.9800,3,1352
22144,3467846,corner,1,0.9800,3,1353
22145,3467994,corner,1,0.9800,3,1354
22146,3468145,corner,1,0.9800,3,1355
22147,3468428,corner,1,0.9800,3,1356
22148,3468649,corner,1,0.9800,3,1357
22149,3468983,corner,1,0.9800,3,1358
22150,3469134,corner,1,0.9800,3,1359
22151,3469293,corner,1,0.9800,3,1360
22152,3469446,corner,1,0.9800,3,1361
22153,3469558,corner,1,0.9800,3,1362
22154,3469719,corner,1,0.9800,3,1363
22155,3469839,corner,1,0.9800,3,1364
22156,3469986,corner,1,0.9800,3,1365
22157,3470142,corner,1,0.9800,3,1366
22158,3470300,corner,1,0.9800,3,1367
22159,3470407,corner,1,0.9800,3,1368
22160,3470753,corner,1,0.9800,3,1369
22161,3470945,corner,1,0.9800,3,1370
22162,3471131,corner,1,0.9800,3,1371
22163,3471322,corner,1,0.9800,3,1372
22164,3471472,corner,1,0.9800,3,1373
22165,3471630,corner,1,0.9800,3,1374
22166,3471825,corner,1,0.9800,3,1375
22167,3471968,corner,1,0.9800,3,1376
22168,3472083,corner,1,0.9800,3,1377
22169,3472191,corner,1,0.9800,3,1378
22170,3472410,corner,1,0.9800,3,1379
22171,3472567,corner,1,0.9800,3,1380
22172,3472722,corner,1,0.9800,3,1381
22173,3472873,corner,1,0.9800,3,1382
22174,3473027,corner,1,0.9800,3,1383
22175,3473134,corner,1,0.9800,3,1384
22176,3473310,corner,1,0.9800,3,1385
22177,3473426,corner,1,0.9800,3,1386
22178,3473584,corner,1,0.9800,3,1387
22179,3473748,corner,1,0.9800,3,1388
22180,3473948,corner,1,0.9800,3,1389
22181,3474110,corner,1,0.9800,3,1390
22182,3474304,corner,1,0.9800,3,1391
22183,3474437,corner,1,0.9800,3,1392
22184,3474769,corner,1,0.9900,3,1393
22185,3474878,corner,1,0.9900,3,1394
22186,3475066,corner,1,0.9900,3,1395
22187,3475230,corner,1,1.0000,3,1396
22188,3475377,corner,1,1.0000,3,1397
22189,3475484,corner,1,1.0000,3,1398
22190,3475585,corner,0,0.9900,3,1399
22191,3475766,corner,1,0.9900,3,1400
22192,3475927,corner,1,0.9900,3,1401
22193,3476259,corner,1,0.9900,3,1402
22194,3476429,corner,1,0.9900,3,1403
22195,3476557,corner,1,0.9900,3,1404
22196,3476745,corner,1,0.9900,3,1405
22197,3476905,corner,1,0.9900,3,1406
22198,3477016,corner,0,0.9800,3,1407
22199,3477207,corner,1,0.9800,3,1408
22200,3477363,corner,1,0.9800,3,1409
22201,3477480,corner,1,0.9800,3,1410
22202,3477644,corner,1,0.9800,3,1411
22203,3477802,corner,1,0.9800,3,1412
22204,3478018,corner,1,0.9800,3,1413
22205,3478177,corner,1,0.9800,3,1414
22206,3478289,corner,1,0.9800,3,1415
22207,3478444,corner,1,0.9800,3,1416
22208,3478609,corner,1,0.9800,3,1417
22209,3478886,corner,1,0.9800,3,1418
22210,3479106,corner,1,0.9800,3,1419
22211,3479260,corner,1,0.9800,3,1420
22212,3479394,corner,1,0.9800,3,1421
22213,3479508,corner,1,0.9800,3,1422
22214,3479694,corner,1,0.9800,3,1423
22215,3480015,corner,1,0.9800,3,1424
22216,3480143,corner,1,0.9800,3,1425
22217,3480307,corner,1,0.9800,3,1426
22218,3480463,corner,1,0.9800,3,1427
22219,3480639,corner,1,0.9800,3,1428
22220,3480802,corner,1,0.9800,3,1429
22221,3480967,corner,1,0.9800,3,1430
22222,3481145,corner,1,0.9800,3,1431
22223,3481300,corner,1,0.9800,3,1432
22224,3481466,corner,1,0.9800,3,1433
22225,3481636,corner,1,0.9800,3,1434
22226,3481800,corner,1,0.9800,3,1435
22227,3481954,corner,1,0.9800,3,1436
22228,3482175,corner,1,0.9800,3,1437
22229,3482370,corner,1,0.9800,3,1438
22230,3482576,corner,1,0.9800,3,1439
22231,3482724,corner,1,0.9800,3,1440
22232,3482880,corner,1,0.9800,3,1441
22233,3483040,corner,1,0.9800,3,1442
22234,3483201,corner,1,0.9800,3,1443
22235,3483349,corner,1,0.9800,3,1444
22236,3483494,corner,1,0.9800,3,1445
22237,3483655,corner,1,0.9800,3,1446
22238,3483798,corner,1,0.9800,3,1447
22239,3483964,corner,1,0.9800,3,1448
22240,3484116,corner,1,0.9800,3,1449
22241,3484277,corner,1,0.9800,3,1450
22242,3484437,corner,1,0.9800,3,1451
22243,3484948,corner,1,0.9800,3,1452
22244,3485111,corner,1,0.9800,3,1453
22245,3485244,corner,1,0.9800,3,1454
22246,3485398,corner,1,0.9800,3,1455
22247,3485765,corner,1,0.9800,3,1456
22248,3485916,corner,1,0.9800,3,1457
22249,3486099,corner,1,0.9800,3,1458
22250,3486406,corner,1,0.9800,3,1459
22251,3486587,corner,1,0.9800,3,1460
22252,3486741,corner,1,0.9800,3,1461
22253,3486853,corner,1,0.9800,3,1462
22254,3487013,corner,1,0.9800,3,1463
22255,3487181,corner,1,0.9800,3,1464
22256,3487331,corner,1,0.9800,3,1465
22257,3487484,corner,1,0.9800,3,1466
22258,3487652,corner,1,0.9800,3,1467
22259,3487949,corner,1,0.9800,3,1468
22260,3488115,corner,1,0.9800,3,1469
22261,3488275,corner,1,0.9800,3,1470
22262,3488384,corner,1,0.9800,3,1471
22263,3488499,corner,1,0.9800,3,1472
22264,3488623,corner,1,0.9800,3,1473
22265,3489128,corner,1,0.9800,3,1474
22266,3489286,corner,1,0.9800,3,1475
22267,3489435,corner,1,0.9800,3,1476
22268,3489569,corner,1,0.9800,3,1477
22269,3489721,corner,1,0.9800,3,1478
22270,3489892,corner,1,0.9800,3,1479
22271,3490047,corner,1,0.9800,3,1480
22272,3490153,corner,1,0.9800,3,1481
22273,3490278,corner,1,0.9800,3,1482
22274,3490607,corner,1,0.9800,3,1483
22275,3490780,corner,1,0.9800,3,1484
22276,3490949,corner,1,0.9800,3,1485
22277,3491060,corner,1,0.9800,3,1486
22278,3491226,corner,1,0.9800,3,1487
22279,3491391,corner,1,0.9800,3,1488
22280,3491554,corner,1,0.9800,3,1489
22281,3491696,corner,1,0.9800,3,1490
22282,3491845,corner,1,0.9800,3,1491
22283,3491959,corner,1,0.9800,3,1492
22284,3492079,corner,1,0.9800,3,1493
22285,3492245,corner,1,0.9800,3,1494
22286,3492391,corner,1,0.9800,3,1495
22287,3492554,corner,1,0.9800,3,1496
22288,3492675,corner,1,0.9800,3,1497
22289,3493009,corner,1,0.9800,3,1498
22290,3493202,corner,1,0.9900,3,1499
22291,3493364,corner,1,0.9900,3,1500
22292,3493722,corner,1,0.9900,3,1501
22293,3493879,corner,1,0.9900,3,1502
22294,3494175,corner,1,0.9900,3,1503
22295,3494335,corner,1,0.9900,3,1504
22296,3494492,corner,1,0.9900,3,1505
22297,3494661,corner,1,0.9900,3,1506
22298,3494807,corner,1,1.0000,3,1507
22299,3494943,corner,1,1.0000,3,1508
22300,3495113,corner,1,1.0000,3,1509
22301,3495421,corner,1,1.0000,3,1510
22302,3495610,corner,1,1.0000,3,1511
22303,3495771,corner,1,1.0000,3,1512
22304,3495935,corner,1,1.0000,3,1513
22305,3496147,corner,1,1.0000,3,1514
22306,3496505,corner,1,1.0000,3,1515
22307,3496648,corner,1,1.0000,3,1516
22308,3496803,corner,1,1.0000,3,1517
22309,3497135,corner,1,1.0000,3,1518
22310,3497247,corner,0,0.9900,3,1519
22311,3497405,corner,1,0.9900,3,1520
22312,3497758,corner,1,0.9900,3,1521
22313,3497904,corner,1,0.9900,3,1522
22314,3498041,corner,1,0.9900,3,1523
22315,3498203,corner,1,0.9900,3,1524
22316,3498369,corner,1,0.9900,3,1525
22317,3498531,corner,1,0.9900,3,1526
22318,3498687,corner,1,0.9900,3,1527
22319,3498831,corner,1,0.9900,3,1528
22320,3499021,corner,1,0.9900,3,1529
22321,3499155,corner,1,0.9900,3,1530
22322,3499644,corner,1,0.9900,3,1531
22323,3499805,corner,1,0.9900,3,1532
22324,3499948,corner,1,0.9900,3,1533
22325,3500058,corner,1,0.9900,3,1534
22326,3500210,corner,1,0.9900,3,1535
22327,3500322,corner,1,0.9900,3,1536
22328,3500494,corner,1,0.9900,3,1537
22329,3500650,corner,1,0.9900,3,1538
22330,3500810,corner,1,0.9900,3,1539
22331,3500921,corner,1,0.9900,3,1540
22332,3501078,corner,1,0.9900,3,1541
22333,3501235,corner,1,0.9900,3,1542
22334,3501411,corner,1,0.9900,3,1543
22335,3501584,corner,1,0.9900,3,1544
22336,3501701,corner,1,0.9900,3,1545
22337,3501811,corner,1,0.9900,3,1546
22338,3501965,corner,1,0.9900,3,1547
22339,3502108,corner,1,0.9900,3,1548
22340,3502393,corner,1,0.9900,3,1549
22341,3502539,corner,1,0.9900,3,1550
22342,3502680,corner,1,0.9900,3,1551
22343,3502829,corner,1,0.9900,3,1552
22344,3502997,corner,1,0.9900,3,1553
22345,3503333,corner,1,0.9900,3,1554
22346,3503487,corner,1,0.9900,3,1555
22347,3503592,corner,0,0.9800,3,1556
22348,3503759,corner,1,0.9800,3,1557
22349,3503948,corner,1,0.9800,3,1558
22350,3504060,corner,1,0.9800,3,1559
22351,3504246,corner,1,0.9800,3,1560
22352,3504391,corner,1,0.9800,3,1561
22353,3504551,corner,1,0.9800,3,1562
22354,3504729,corner,1,0.9800,3,1563
22355,3504868,corner,1,0.9800,3,1564
22356,3505003,corner,1,0.9800,3,1565
22357,3505132,corner,1,0.9800,3,1566
22358,3505289,corner,1,0.9800,3,1567
22359,3505448,corner,1,0.9800,3,1568
22360,3505602,corner,1,0.9800,3,1569
22361,3505760,corner,1,0.9800,3,1570
22362,3505950,corner,1,0.9800,3,1571
22363,3506296,corner,1,0.9800,3,1572
22364,3506444,corner,1,0.9800,3,1573
22365,3506571,corner,1,0.9800,3,1574
22366,3506691,corner,1,0.9800,3,1575
22367,3506885,corner,1,0.9800,3,1576
22368,3507063,corner,1,0.9800,3,1577
22369,3507178,corner,0,0.9700,3,1578
22370,3507306,corner,1,0.9700,3,1579
22371,3507553,corner,1,0.9700,3,1580
22372,3507758,corner,1,0.9700,3,1581
22373,3507919,corner,1,0.9700,3,1582
22374,3508061,corner,1,0.9700,3,1583
22375,3508229,corner,1,0.9700,3,1584
22376,3508343,corner,1,0.9700,3,1585
22377,3508531,corner,1,0.9700,3,1586
22378,3508688,corner,1,0.9700,3,1587
22379,3508857,corner,1,0.9700,3,1588
22380,3509061,corner,1,0.9700,3,1589
22381,3509214,corner,1,0.9700,3,1590
22382,3509371,corner,1,0.9700,3,1591
22383,3509554,corner,1,0.9700,3,1592
22384,3509716,corner,1,0.9700,3,1593
22385,3509851,corner,1,0.9700,3,1594
22386,3510000,corner,1,0.9700,3,1595
22387,3510347,corner,1,0.9700,3,1596
22388,3510514,corner,1,0.9700,3,1597
22389,3510667,corner,1,0.9700,3,1598
22390,3510773,corner,1,0.9700,3,1599
22391,3510921,corner,1,0.9700,3,1600
22392,3511073,corner,1,0.9700,3,1601
22393,3511192,corner,1,0.9700,3,1602
22394,3511337,corner,1,0.9700,3,1603
22395,3511516,corner,1,0.9700,3,1604
22396,3511715,corner,1,0.9700,3,1605
22397,3511821,corner,1,0.9700,3,1606
22398,3511965,corner,1,0.9700,3,1607
22399,3512081,corner,1,0.9700,3,1608
22400,3512235,corner,1,0.9700,3,1609
22401,3512382,corner,1,0.9700,3,1610
22402,3512751,corner,1,0.9700,3,1611
22403,3512909,corner,1,0.9700,3,1612
22404,3513019,corner,0,0.9600,3,1613
22405,3513181,corner,1,0.9600,3,1614
22406,3513335,corner,1,0.9600,3,1615
22407,3513496,corner,1,0.9600,3,1616
22408,3513614,corner,1,0.9600,3,1617
22409,3513760,corner,1,0.9600,3,1618
22410,3513940,corner,1,0.9700,3,1619
22411,3514182,corner,1,0.9700,3,1620
22412,3514429,corner,1,0.9700,3,1621
22413,3514575,corner,1,0.9700,3,1622
22414,3514721,corner,1,0.9700,3,1623
22415,3514849,corner,1,0.9700,3,1624
22416,3515018,corner,1,0.9700,3,1625
22417,3515146,corner,1,0.9700,3,1626
22418,3515254,corner,1,0.9700,3,1627
22419,3515371,corner,1,0.9700,3,1628
22420,3515480,corner,0,0.9600,3,1629
22421,3515673,corner,1,0.9600,3,1630
22422,3515785,corner,1,0.9600,3,1631
22423,3516492,corner,1,0.9600,3,1632
22424,3516616,corner,1,0.9600,3,1633
22425,3516744,corner,1,0.9600,3,1634
22426,3516859,corner,1,0.9600,3,1635
22427,3517025,corner,1,0.9600,3,1636
22428,3517357,corner,1,0.9600,3,1637
22429,3517521,corner,1,0.9600,3,1638
22430,3517678,corner,1,0.9600,3,1639
22431,3517822,corner,1,0.9600,3,1640
22432,3517960,corner,1,0.9600,3,1641
22433,3518105,corner,1,0.9600,3,1642
22434,3518262,corner,1,0.9600,3,1643
22435,3518458,corner,1,0.9600,3,1644
22436,3518575,corner,1,0.9600,3,1645
22437,3518723,corner,1,0.9600,3,1646
22438,3518872,corner,1,0.9600,3,1647
22439,3519034,corner,1,0.9600,3,1648
22440,3519197,corner,1,0.9600,3,1649
22441,3519420,corner,1,0.9600,3,1650
22442,3519553,corner,1,0.9600,3,1651
22443,3519718,corner,1,0.9600,3,1652
22444,3520045,corner,1,0.9600,3,1653
22445,3520196,corner,1,0.9600,3,1654
22446,3520349,corner,1,0.9600,3,1655
22447,3520503,corner,1,0.9700,3,1656
22448,3520635,corner,1,0.9700,3,1657
22449,3520795,corner,1,0.9700,3,1658
22450,3520992,corner,1,0.9700,3,1659
22451,3521136,corner,1,0.9700,3,1660
22452,3521320,corner,1,0.9700,3,1661
22453,3521446,corner,1,0.9700,3,1662
22454,3521574,corner,1,0.9700,3,1663
22455,3521900,corner,1,0.9700,3,1664
22456,3522230,corner,1,0.9700,3,1665
22457,3522392,corner,1,0.9700,3,1666
22458,3522550,corner,1,0.9700,3,1667
22459,3522706,corner,1,0.9700,3,1668
22460,3522879,corner,1,0.9700,3,1669
22461,3523047,corner,1,0.9700,3,1670
22462,3523159,corner,1,0.9700,3,1671
22463,3523311,corner,1,0.9700,3,1672
22464,3523480,corner,1,0.9700,3,1673
22465,3523670,corner,1,0.9700,3,1674
22466,3524005,corner,1,0.9700,3,1675
22467,3524119,corner,1,0.9700,3,1676
22468,3524313,corner,1,0.9700,3,1677
22469,3524458,corner,1,0.9800,3,1678
22470,3524660,corner,1,0.9800,3,1679
22471,3524849,corner,1,0.9800,3,1680
22472,3525010,corner,1,0.9800,3,1681
22473,3525198,corner,1,0.9800,3,1682
22474,3525531,corner,1,0.9800,3,1683
22475,3525898,corner,1,0.9800,3,1684
22476,3526054,corner,1,0.9800,3,1685
22477,3526215,corner,1,0.9800,3,1686
22478,3526413,corner,1,0.9800,3,1687
22479,3526527,corner,1,0.9800,3,1688
22480,3526676,corner,1,0.9800,3,1689
22481,3526814,corner,1,0.9800,3,1690
22482,3527000,corner,1,0.9800,3,1691
22483,3527161,corner,1,0.9800,3,1692
22484,3527295,corner,1,0.9800,3,1693
22485,3527460,corner,1,0.9800,3,1694
22486,3527630,corner,1,0.9800,3,1695
22487,3527787,corner,1,0.9800,3,1696
22488,3527980,corner,1,0.9800,3,1697
22489,3528139,corner,1,0.9800,3,1698
22490,3528274,corner,1,0.9800,3,1699
22491,3528419,corner,1,0.9800,3,1700
22492,3528579,corner,1,0.9800,3,1701
22493,3528718,corner,1,0.9800,3,1702
22494,3528864,corner,1,0.9800,3,1703
22495,3529009,corner,1,0.9800,3,1704
22496,3529253,corner,1,0.9800,3,1705
22497,3529407,corner,1,0.9800,3,1706
22498,3529573,corner,1,0.9800,3,1707
22499,3529723,corner,1,0.9800,3,1708
22500,3529876,corner,1,0.9800,3,1709
22501,3530048,corner,1,0.9800,3,1710
22502,3530206,corner,1,0.9800,3,1711
22503,3530326,corner,1,0.9800,3,1712
22504,3530483,corner,1,0.9900,3,1713
22505,3530863,corner,1,0.9900,3,1714
22506,3531011,corner,1,0.9900,3,1715
22507,3531365,corner,1,0.9900,3,1716
22508,3531740,corner,1,0.9900,3,1717
22509,3531895,corner,1,0.9900,3,1718
22510,3532111,corner,1,0.9900,3,1719
22511,3532305,corner,1,0.9900,3,1720
22512,3532448,corner,1,0.9900,3,1721
22513,3532631,corner,1,0.9900,3,1722
22514,3532749,corner,1,0.9900,3,1723
22515,3532921,corner,1,0.9900,3,1724
22516,3533143,corner,1,0.9900,3,1725
22517,3533292,corner,1,0.9900,3,1726
22518,3533557,corner,1,0.9900,3,1727
22519,3533702,corner,1,0.9900,3,1728
22520,3533827,corner,1,1.0000,3,1729
22521,3533991,corner,1,1.0000,3,1730
22522,3534107,corner,1,1.0000,3,1731
22523,3534246,corner,1,1.0000,3,1732
22524,3534433,corner,1,1.0000,3,1733
22525,3534581,corner,1,1.0000,3,1734
22526,3534753,corner,1,1.0000,3,1735
22527,3534896,corner,1,1.0000,3,1736
22528,3535054,corner,1,1.0000,3,1737
22529,3535198,corner,1,1.0000,3,1738
22530,3535315,corner,1,1.0000,3,1739
22531,3535473,corner,1,1.0000,3,1740
22532,3535642,corner,1,1.0000,3,1741
22533,3535876,corner,1,1.0000,3,1742
22534,3535987,corner,1,1.0000,3,1743
22535,3536138,corner,1,1.0000,3,1744
22536,3536275,corner,1,1.0000,3,1745
22537,3536382,corner,1,1.0000,3,1746
22538,3536571,corner,1,1.0000,3,1747
22539,3536738,corner,1,1.0000,3,1748
22540,3536888,corner,1,1.0000,3,1749
22541,3537069,corner,1,1.0000,3,1750
22542,3537181,corner,1,1.0000,3,1751
22543,3537336,corner,1,1.0000,3,1752
22544,3537492,corner,1,1.0000,3,1753
22545,3537641,corner,1,1.0000,3,1754
22546,3537792,corner,1,1.0000,3,1755
22547,3537964,corner,1,1.0000,3,1756
22548,3538119,corner,1,1.0000,3,1757
22549,3538242,corner,1,1.0000,3,1758
22550,3538370,corner,1,1.0000,3,1759
22551,3538525,corner,1,1.0000,3,1760
22552,3538698,corner,1,1.0000,3,1761
22553,3538847,corner,1,1.0000,3,1762
22554,3538993,corner,1,1.0000,3,1763
22555,3539158,corner,1,1.0000,3,1764
22556,3539311,corner,1,1.0000,3,1765
22557,3539459,corner,1,1.0000,3,1766
22558,3539603,corner,1,1.0000,3,1767
22559,3539767,corner,1,1.0000,3,1768
22560,3539920,corner,1,1.0000,3,1769
22561,3540055,corner,1,1.0000,3,1770
22562,3540251,corner,1,1.0000,3,1771
22563,3540357,corner,1,1.0000,3,1772
22564,3540507,corner,1,1.0000,3,1773
22565,3540648,corner,1,1.0000,3,1774
22566,3540804,corner,1,1.0000,3,1775
22567,3540964,corner,1,1.0000,3,1776
22568,3541073,corner,1,1.0000,3,1777
22569,3541237,corner,1,1.0000,3,1778
22570,3541397,corner,1,1.0000,3,1779
22571,3541571,corner,1,1.0000,3,1780
22572,3541719,corner,1,1.0000,3,1781
22573,3541883,corner,1,1.0000,3,1782
22574,3542004,corner,1,1.0000,3,1783
22575,3542154,corner,1,1.0000,3,1784
22576,3542346,corner,1,1.0000,3,1785
22577,3542536,corner,1,1.0000,3,1786
22578,3542892,corner,1,1.0000,3,1787
22579,3543081,corner,1,1.0000,3,1788
22580,3543230,corner,1,1.0000,3,1789
22581,3543342,corner,1,1.0000,3,1790
22582,3543450,corner,0,0.9900,3,1791
22583,3543596,corner,1,0.9900,3,1792
22584,3543709,corner,0,0.9800,3,1793
22585,3543848,corner,1,0.9800,3,1794
22586,3544101,corner,1,0.9800,3,1795
22587,3544245,corner,1,0.9800,3,1796
22588,3544410,corner,1,0.9800,3,1797
22589,3544557,corner,1,0.9800,3,1798
22590,3544903,corner,1,0.9800,3,1799
22591,3545064,corner,1,0.9800,3,1800
22592,3545235,corner,1,0.9800,3,1801
22593,3545399,corner,1,0.9800,3,1802
22594,3545551,corner,1,0.9800,3,1803
22595,3545723,corner,1,0.9800,3,1804
22596,3545832,corner,1,0.9800,3,1805
22597,3546021,corner,1,0.9800,3,1806
22598,3546172,corner,1,0.9800,3,1807
22599,3546319,corner,1,0.9800,3,1808
22600,3546453,corner,1,0.9800,3,1809
22601,3546707,corner,1,0.9800,3,1810
22602,3546886,corner,1,0.9800,3,1811
22603,3547032,corner,1,0.9800,3,1812
22604,3547196,corner,1,0.9800,3,1813
22605,3547347,corner,1,0.9800,3,1814
22606,3547490,corner,1,0.9800,3,1815
22607,3547607,corner,1,0.9800,3,1816
22608,3547894,corner,1,0.9800,3,1817
22609,3548043,corner,1,0.9800,3,1818
22610,3548193,corner,1,0.9800,3,1819
22611,3548347,corner,1,0.9800,3,1820
22612,3548502,corner,1,0.9800,3,1821
22613,3548657,corner,1,0.9800,3,1822
22614,3548778,corner,1,0.9800,3,1823
22615,3548954,corner,1,0.9800,3,1824
22616,3549101,corner,1,0.9800,3,1825
22617,3549217,corner,1,0.9800,3,1826
22618,3549396,corner,1,0.9800,3,1827
22619,3549544,corner,1,0.9800,3,1828
22620,3549833,corner,1,0.9800,3,1829
22621,3549994,corner,1,0.9800,3,1830
22622,3550150,corner,1,0.9800,3,1831
22623,3550326,corner,1,0.9800,3,1832
22624,3550472,corner,1,0.9800,3,1833
22625,3550642,corner,1,0.9800,3,1834
22626,3550792,corner,1,0.9800,3,1835
22627,3550946,corner,1,0.9800,3,1836
22628,3551124,corner,1,0.9800,3,1837
22629,3551282,corner,1,0.9800,3,1838
22630,3551426,corner,1,0.9800,3,1839
22631,3551587,corner,1,0.9800,3,1840
22632,3551736,corner,1,0.9800,3,1841
22633,3551882,corner,1,0.9800,3,1842
22634,3552504,corner,1,0.9800,3,1843
22635,3552659,corner,1,0.9800,3,1844
22636,3552841,corner,1,0.9800,3,1845
22637,3553168,corner,1,0.9800,3,1846
22638,3553316,corner,1,0.9800,3,1847
22639,3553458,corner,1,0.9800,3,1848
22640,3553572,corner,1,0.9800,3,1849
22641,3553729,corner,1,0.9800,3,1850
22642,3553837,corner,1,0.9800,3,1851
22643,3553989,corner,1,0.9800,3,1852
22644,3554168,corner,1,0.9800,3,1853
22645,3554311,corner,1,0.9800,3,1854
22646,3554461,corner,1,0.9800,3,1855
22647,3554620,corner,1,0.9800,3,1856
22648,3554769,corner,1,0.9800,3,1857
22649,3554937,corner,1,0.9800,3,1858
22650,3555381,corner,1,0.9800,3,1859
22651,3555537,corner,1,0.9800,3,1860
22652,3555693,corner,1,0.9800,3,1861
22653,3555829,corner,1,0.9800,3,1862
22654,3556015,corner,1,0.9800,3,1863
22655,3556166,corner,1,0.9800,3,1864
22656,3556289,corner,1,0.9800,3,1865
22657,3556434,corner,1,0.9800,3,1866
22658,3556580,corner,1,0.9800,3,1867
22659,3556731,corner,1,0.9800,3,1868
22660,3556881,corner,1,0.9800,3,1869
22661,3557034,corner,1,0.9800,3,1870
22662,3557195,corner,1,0.9800,3,1871
22663,3557342,corner,1,0.9800,3,1872
22664,3557495,corner,1,0.9800,3,1873
22665,3557624,corner,1,0.9800,3,1874
22666,3557780,corner,1,0.9800,3,1875
22667,3557955,corner,1,0.9800,3,1876
22668,3558121,corner,1,0.9800,3,1877
22669,3558268,corner,1,0.9800,3,1878
22670,3558418,corner,1,0.9800,3,1879
22671,3558580,corner,1,0.9800,3,1880
22672,3558722,corner,1,0.9800,3,1881
22673,3558877,corner,1,0.9800,3,1882
22674,3558997,corner,1,0.9800,3,1883
22675,3559149,corner,1,0.9800,3,1884
22676,3559317,corner,1,0.9800,3,1885
22677,3559468,corner,1,0.9800,3,1886
22678,3559621,corner,1,0.9800,3,1887
22679,3559820,corner,1,0.9800,3,1888
22680,3559988,corner,1,0.9800,3,1889
22681,3560147,corner,1,0.9800,3,1890
22682,3560296,corner,1,0.9900,3,1891
22683,3560452,corner,1,0.9900,3,1892
22684,3560561,corner,1,1.0000,3,1893
22685,3560719,corner,1,1.0000,3,1894
22686,3560882,corner,1,1.0000,3,1895
22687,3561104,corner,1,1.0000,3,1896
22688,3561277,corner,1,1.0000,3,1897
22689,3561445,corner,1,1.0000,3,1898
22690,3561633,corner,1,1.0000,3,1899
22691,3561770,corner,1,1.0000,3,1900
22692,3561924,corner,1,1.0000,3,1901
22693,3562074,corner,1,1.0000,3,1902
22694,3562420,corner,1,1.0000,3,1903
22695,3562558,corner,1,1.0000,3,1904
22696,3562694,corner,1,1.0000,3,1905
22697,3562812,corner,1,1.0000,3,1906
22698,3562961,corner,1,1.0000,3,1907
22699,3563089,corner,1,1.0000,3,1908
22700,3563322,corner,1,1.0000,3,1909
22701,3563542,corner,1,1.0000,3,1910
22702,3563663,corner,1,1.0000,3,1911
22703,3563828,corner,1,1.0000,3,1912
22704,3563972,corner,1,1.0000,3,1913
22705,3564115,corner,1,1.0000,3,1914
22706,3564445,corner,1,1.0000,3,1915
22707,3564642,corner,1,1.0000,3,1916
22708,3564793,corner,1,1.0000,3,1917
22709,3564983,corner,1,1.0000,3,1918
22710,3565189,corner,1,1.0000,3,1919
22711,3565358,corner,1,1.0000,3,1920
22712,3565517,corner,1,1.0000,3,1921
22713,3565818,corner,1,1.0000,3,1922
22714,3565999,corner,1,1.0000,3,1923
22715,3566135,corner,1,1.0000,3,1924
22716,3566456,corner,1,1.0000,3,1925
22717,3566605,corner,1,1.0000,3,1926
22718,3566756,corner,1,1.0000,3,1927
22719,3566907,corner,1,1.0000,3,1928
22720,3567079,corner,1,1.0000,3,1929
22721,3567243,corner,1,1.0000,3,1930
22722,3567396,corner,1,1.0000,3,1931
22723,3567549,corner,1,1.0000,3,1932
22724,3567698,corner,1,1.0000,3,1933
22725,3567817,corner,1,1.0000,3,1934
22726,3567965,corner,1,1.0000,3,1935
22727,3568128,corner,1,1.0000,3,1936
22728,3568285,corner,1,1.0000,3,1937
22729,3568462,corner,1,1.0000,3,1938
22730,3568609,corner,1,1.0000,3,1939
22731,3568764,corner,1,1.0000,3,1940
22732,3568922,corner,1,1.0000,3,1941
22733,3569078,corner,1,1.0000,3,1942
22734,3569256,corner,1,1.0000,3,1943
22735,3569410,corner,1,1.0000,3,1944
22736,3569563,corner,1,1.0000,3,1945
22737,3569757,corner,1,1.0000,3,1946
22738,3569919,corner,1,1.0000,3,1947
22739,3571271,corner,1,1.0000,3,1948
22740,3571393,corner,1,1.0000,3,1949
22741,3571677,corner,1,1.0000,3,1950
22742,3571815,corner,1,1.0000,3,1951
22743,3571983,corner,1,1.0000,3,1952
22744,3572123,corner,1,1.0000,3,1953
22745,3572288,corner,1,1.0000,3,1954
22746,3572434,corner,1,1.0000,3,1955
22747,3572599,corner,1,1.0000,3,1956
22748,3572747,corner,1,1.0000,3,1957
22749,3572919,corner,1,1.0000,3,1958
22750,3573148,corner,1,1.0000,3,1959
22751,3573288,corner,1,1.0000,3,1960
22752,3573440,corner,1,1.0000,3,1961
22753,3573562,corner,1,1.0000,3,1962
22754,3573704,corner,1,1.0000,3,1963
22755,3573855,corner,1,1.0000,3,1964
22756,3574026,corner,1,1.0000,3,1965
22757,3574189,corner,1,1.0000,3,1966
22758,3574345,corner,1,1.0000,3,1967
22759,3574520,corner,1,1.0000,3,1968
22760,3574635,corner,1,1.0000,3,1969
22761,3574825,corner,1,1.0000,3,1970
22762,3574983,corner,1,1.0000,3,1971
22763,3575134,corner,1,1.0000,3,1972
22764,3575284,corner,1,1.0000,3,1973
22765,3575402,corner,1,1.0000,3,1974
22766,3575564,corner,1,1.0000,3,1975
22767,3575688,corner,1,1.0000,3,1976
22768,3575831,corner,1,1.0000,3,1977
22769,3575955,corner,1,1.0000,3,1978
22770,3576058,corner,1,1.0000,3,1979
22771,3576198,corner,1,1.0000,3,1980
22772,3576332,corner,1,1.0000,3,1981
22773,3576483,corner,1,1.0000,3,1982
22774,3576636,corner,1,1.0000,3,1983
22775,3576771,corner,1,1.0000,3,1984
22776,3576915,corner,1,1.0000,3,1985
22777,3577065,corner,1,1.0000,3,1986
22778,3577189,corner,1,1.0000,3,1987
22779,3577351,corner,1,1.0000,3,1988
22780,3577578,corner,1,1.0000,3,1989
22781,3577736,corner,1,1.0000,3,1990
22782,3577905,corner,1,1.0000,3,1991
22783,3578034,corner,1,1.0000,3,1992
22784,3578182,corner,1,1.0000,3,1993
22785,3578337,corner,1,1.0000,3,1994
22786,3578497,corner,1,1.0000,3,1995
22787,3578836,corner,1,1.0000,3,1996
22788,3579009,corner,1,1.0000,3,1997
22789,3579142,corner,1,1.0000,3,1998
22790,3579288,corner,1,1.0000,3,1999
22791,3579443,corner,1,1.0000,3,2000
22792,3579588,corner,1,1.0000,3,2001
22793,3579744,corner,1,1.0000,3,2002
22794,3579888,corner,1,1.0000,3,2003
22795,3580042,corner,1,1.0000,3,2004
22796,3580195,corner,1,1.0000,3,2005
22797,3580358,corner,1,1.0000,3,2006
22798,3580487,corner,1,1.0000,3,2007
22799,3580599,corner,1,1.0000,3,2008
22800,3580763,corner,1,1.0000,3,2009
22801,3580956,corner,1,1.0000,3,2010
22802,3581070,corner,1,1.0000,3,2011
22803,3582422,corner,1,1.0000,3,2012
22804,3582572,corner,1,1.0000,3,2013
22805,3582707,corner,1,1.0000,3,2014
22806,3583147,corner,1,1.0000,3,2015
22807,3583258,corner,1,1.0000,3,2016
22808,3583415,corner,1,1.0000,3,2017
22809,3583558,corner,1,1.0000,3,2018
22810,3583746,corner,1,1.0000,3,2019
22811,3583885,corner,1,1.0000,3,2020
22812,3583997,corner,1,1.0000,3,2021
22813,3584111,corner,1,1.0000,3,2022
22814,3584308,corner,1,1.0000,3,2023
22815,3584501,corner,1,1.0000,3,2024
22816,3584686,corner,1,1.0000,3,2025
22817,3584821,corner,1,1.0000,3,2026
22818,3584990,corner,1,1.0000,3,2027
22819,3585105,corner,1,1.0000,3,2028
22820,3585241,corner,1,1.0000,3,2029
22821,3585415,corner,1,1.0000,3,2030
22822,3585570,corner,1,1.0000,3,2031
22823,3585750,corner,1,1.0000,3,2032
22824,3585891,corner,1,1.0000,3,2033
22825,3586020,corner,1,1.0000,3,2034
22826,3586232,corner,1,1.0000,3,2035
22827,3586378,corner,1,1.0000,3,2036
22828,3586563,corner,1,1.0000,3,2037
22829,3586702,corner,1,1.0000,3,2038
22830,3586852,corner,1,1.0000,3,2039
22831,3587014,corner,1,1.0000,3,2040
22832,3587132,corner,1,1.0000,3,2041
22833,3587284,corner,1,1.0000,3,2042
22834,3587410,corner,1,1.0000,3,2043
22835,3587553,corner,1,1.0000,3,2044
22836,3587714,corner,1,1.0000,3,2045
22837,3587828,corner,1,1.0000,3,2046
22838,3587992,corner,1,1.0000,3,2047
22839,3588133,corner,1,1.0000,3,2048
22840,3588300,corner,1,1.0000,3,2049
22841,3588410,corner,1,1.0000,3,2050
22842,3588589,corner,1,1.0000,3,2051
22843,3588748,corner,1,1.0000,3,2052
22844,3588905,corner,1,1.0000,3,2053
22845,3589050,corner,1,1.0000,3,2054
22846,3589188,corner,1,1.0000,3,2055
22847,3590540,corner,1,1.0000,3,2056
22848,3590698,corner,1,1.0000,3,2057
22849,3590841,corner,1,1.0000,3,2058
22850,3590988,corner,1,1.0000,3,2059
22851,3591153,corner,1,1.0000,3,2060
22852,3591276,corner,1,1.0000,3,2061
22853,3591434,corner,1,1.0000,3,2062
22854,3591600,corner,1,1.0000,3,2063
22855,3591777,corner,1,1.0000,3,2064
22856,3591920,corner,1,1.0000,3,2065
22857,3592034,corner,1,1.0000,3,2066
22858,3592144,corner,1,1.0000,3,2067
22859,3592251,corner,1,1.0000,3,2068
22860,3592367,corner,1,1.0000,3,2069
22861,3592505,corner,1,1.0000,3,2070
22862,3592694,corner,1,1.0000,3,2071
22863,3592836,corner,1,1.0000,3,2072
22864,3592988,corner,1,1.0000,3,2073
22865,3593122,corner,1,1.0000,3,2074
22866,3593243,corner,1,1.0000,3,2075
22867,3593384,corner,1,1.0000,3,2076
22868,3593525,corner,1,1.0000,3,2077
22869,3593660,corner,1,1.0000,3,2078
22870,3593804,corner,1,1.0000,3,2079
22871,3593970,corner,1,1.0000,3,2080
22872,3594144,corner,1,1.0000,3,2081
22873,3594323,corner,1,1.0000,3,2082
22874,3594433,corner,1,1.0000,3,2083
22875,3594665,corner,1,1.0000,3,2084
22876,3594812,corner,1,1.0000,3,2085
22877,3594922,corner,1,1.0000,3,2086
22878,3595025,corner,0,0.9900,3,2087
22879,3595209,corner,1,0.9900,3,2088
22880,3595318,corner,1,0.9900,3,2089
22881,3595505,corner,1,0.9900,3,2090
22882,3595650,corner,1,0.9900,3,2091
22883,3595762,corner,1,0.9900,3,2092
22884,3595947,corner,1,0.9900,3,2093
22885,3596062,corner,1,0.9900,3,2094
22886,3596232,corner,1,0.9900,3,2095
22887,3596418,corner,1,0.9900,3,2096
22888,3596536,corner,1,0.9900,3,2097
22889,3596659,corner,1,0.9900,3,2098
22890,3596764,corner,0,0.9800,3,2099
22891,3596874,corner,1,0.9800,3,2100
22892,3596988,corner,1,0.9800,3,2101
22893,3597320,corner,1,0.9800,3,2102
22894,3597463,corner,1,0.9800,3,2103
22895,3597610,corner,1,0.9800,3,2104
22896,3597745,corner,1,0.9800,3,2105
22897,3597938,corner,1,0.9800,3,2106
22898,3598090,corner,1,0.9800,3,2107
22899,3598229,corner,1,0.9800,3,2108
22900,3598344,corner,1,0.9800,3,2109
22901,3598492,corner,1,0.9800,3,2110
22902,3598640,corner,1,0.9800,3,2111
22903,3598792,corner,1,0.9800,3,2112
22904,3598938,corner,1,0.9800,3,2113
22905,3599080,corner,1,0.9800,3,2114
22906,3599257,corner,1,0.9800,3,2115
22907,3599423,corner,1,0.9800,3,2116
22908,3599564,corner,1,0.9800,3,2117
22909,3599721,corner,1,0.9800,3,2118
22910,3599861,corner,1,0.9800,3,2119
22911,3600020,corner,1,0.9800,3,2120
22912,3600205,corner,1,0.9800,3,2121
22913,3600368,corner,1,0.9800,3,2122
22914,3600564,corner,1,0.9800,3,2123
22915,3600673,corner,1,0.9800,3,2124
22916,3600796,corner,1,0.9800,3,2125
22917,3600913,corner,1,0.9800,3,2126
22918,3601080,corner,1,0.9800,3,2127
22919,3601186,corner,1,0.9800,3,2128
22920,3601331,corner,1,0.9800,3,2129
22921,3601484,corner,1,0.9800,3,2130
22922,3601601,corner,1,0.9800,3,2131
22923,3601711,corner,1,0.9800,3,2132
22924,3601843,corner,1,0.9800,3,2133
22925,3602014,corner,1,0.9800,3,2134
22926,3602298,corner,1,0.9800,3,2135
22927,3602453,corner,1,0.9800,3,2136
22928,3602624,corner,1,0.9800,3,2137
22929,3602785,corner,1,0.9800,3,2138
22930,3602928,corner,1,0.9800,3,2139
22931,3603030,corner,1,0.9800,3,2140
22932,3603364,corner,1,0.9800,3,2141
22933,3603515,corner,1,0.9800,3,2142
22934,3603663,corner,1,0.9800,3,2143
22935,3603796,corner,1,0.9800,3,2144
22936,3603954,corner,1,0.9800,3,2145
22937,3604093,corner,1,0.9800,3,2146
22938,3604225,corner,1,0.9800,3,2147
22939,3604377,corner,1,0.9800,3,2148
22940,3604535,corner,1,0.9800,3,2149
22941,3604644,corner,1,0.9800,3,2150
22942,3604814,corner,1,0.9800,3,2151
22943,3606166,corner,1,0.9800,3,2152
22944,3606327,corner,1,0.9800,3,2153
22945,3606430,corner,1,0.9800,3,2154
22946,3606596,corner,1,0.9800,3,2155
22947,3606735,corner,1,0.9800,3,2156
22948,3606907,corner,1,0.9800,3,2157
22949,3607048,corner,1,0.9800,3,2158
22950,3607197,corner,1,0.9800,3,2159
22951,3607313,corner,1,0.9800,3,2160
22952,3607488,corner,1,0.9800,3,2161
22953,3607627,corner,1,0.9800,3,2162
22954,3607765,corner,1,0.9800,3,2163
22955,3607911,corner,1,0.9800,3,2164
22956,3608093,corner,1,0.9800,3,2165
22957,3608227,corner,1,0.9800,3,2166
22958,3608328,corner,0,0.9700,3,2167
22959,3608480,corner,1,0.9700,3,2168
22960,3608627,corner,1,0.9700,3,2169
22961,3608793,corner,1,0.9700,3,2170
22962,3608939,corner,1,0.9700,3,2171
22963,3609045,corner,1,0.9700,3,2172
22964,3609202,corner,1,0.9700,3,2173
22965,3609315,corner,1,0.9700,3,2174
22966,3609431,corner,1,0.9700,3,2175
22967,3609537,corner,1,0.9700,3,2176
22968,3609654,corner,1,0.9700,3,2177
22969,3609797,corner,1,0.9700,3,2178
22970,3609934,corner,1,0.9700,3,2179
22971,3610039,corner,1,0.9700,3,2180
22972,3610169,corner,1,0.9700,3,2181
22973,3610289,corner,1,0.9700,3,2182
22974,3610400,corner,1,0.9700,3,2183
22975,3610580,corner,1,0.9700,3,2184
22976,3610732,corner,1,0.9700,3,2185
22977,3610896,corner,1,0.9700,3,2186
22978,3611050,corner,1,0.9800,3,2187
22979,3611222,corner,1,0.9800,3,2188
22980,3611375,corner,1,0.9800,3,2189
22981,3611510,corner,1,0.9800,3,2190
22982,3611627,corner,1,0.9800,3,2191
22983,3611747,corner,1,0.9800,3,2192
22984,3611875,corner,1,0.9800,3,2193
22985,3612155,corner,1,0.9800,3,2194
22986,3612300,corner,1,0.9800,3,2195
22987,3612450,corner,1,0.9800,3,2196
22988,3612563,corner,1,0.9800,3,2197
22989,3612732,corner,1,0.9800,3,2198
22990,3612889,corner,1,0.9900,3,2199
22991,3613038,corner,1,0.9900,3,2200
22992,3613187,corner,1,0.9900,3,2201
22993,3613337,corner,1,0.9900,3,2202
22994,3613477,corner,1,0.9900,3,2203
22995,3613595,corner,1,0.9900,3,2204
22996,3613754,corner,1,0.9900,3,2205
22997,3613903,corner,1,0.9900,3,2206
22998,3614057,corner,1,0.9900,3,2207
22999,3614172,corner,1,0.9900,3,2208
23000,3614326,corner,1,0.9900,3,2209
23001,3614433,corner,1,0.9900,3,2210
23002,3614545,corner,1,0.9900,3,2211
23003,3614689,corner,1,0.9900,3,2212
23004,3614802,corner,1,0.9900,3,2213
23005,3614962,corner,1,0.9900,3,2214
23006,3615093,corner,1,0.9900,3,2215
23007,3615240,corner,1,0.9900,3,2216
23008,3615406,corner,1,0.9900,3,2217
23009,3615606,corner,1,0.9900,3,2218
23010,3615753,corner,1,0.9900,3,2219
23011,3615874,corner,1,0.9900,3,2220
23012,3615996,corner,0,0.9800,3,2221
23013,3616149,corner,1,0.9800,3,2222
23014,3616265,corner,1,0.9800,3,2223
23015,3616419,corner,1,0.9800,3,2224
23016,3616537,corner,1,0.9800,3,2225
23017,3616650,corner,1,0.9800,3,2226
23018,3616800,corner,1,0.9800,3,2227
23019,3616918,corner,1,0.9800,3,2228
23020,3618270,corner,1,0.9800,3,2229
23021,3618408,corner,1,0.9800,3,2230
23022,3618554,corner,1,0.9800,3,2231
23023,3618665,corner,1,0.9800,3,2232
23024,3618801,corner,1,0.9800,3,2233
23025,3618957,corner,1,0.9800,3,2234
23026,3619377,corner,1,0.9800,3,2235
23027,3619543,corner,1,0.9800,3,2236
23028,3619655,corner,1,0.9800,3,2237
23029,3619842,corner,1,0.9800,3,2238
23030,3619962,corner,1,0.9800,3,2239
23031,3620104,corner,1,0.9800,3,2240
23032,3620221,corner,1,0.9800,3,2241
23033,3620405,corner,1,0.9800,3,2242
23034,3620564,corner,1,0.9800,3,2243
23035,3620676,corner,1,0.9800,3,2244
23036,3620837,corner,1,0.9800,3,2245
23037,3620945,corner,1,0.9800,3,2246
23038,3621055,corner,1,0.9800,3,2247
23039,3621184,corner,1,0.9800,3,2248
23040,3621300,corner,1,0.9800,3,2249
23041,3621643,corner,1,0.9800,3,2250
23042,3621779,corner,1,0.9800,3,2251
23043,3621939,corner,1,0.9800,3,2252
23044,3622118,corner,1,0.9800,3,2253
23045,3622274,corner,1,0.9800,3,2254
23046,3622433,corner,1,0.9800,3,2255
23047,3622609,corner,1,0.9800,3,2256
23048,3622747,corner,1,0.9800,3,2257
23049,3622893,corner,1,0.9800,3,2258
23050,3623029,corner,1,0.9800,3,2259
23051,3623150,corner,1,0.9800,3,2260
23052,3623295,corner,1,0.9800,3,2261
23053,3623441,corner,1,0.9800,3,2262
23054,3623575,corner,1,0.9800,3,2263
23055,3623688,corner,1,0.9800,3,2264
23056,3623806,corner,1,0.9800,3,2265
23057,3625158,corner,1,0.9800,3,2266
23058,3625263,corner,1,0.9900,3,2267
23059,3625379,corner,1,0.9900,3,2268
23060,3625494,corner,1,0.9900,3,2269
23061,3625632,corner,1,0.9900,3,2270
23062,3625742,corner,1,0.9900,3,2271
23063,3625857,corner,1,0.9900,3,2272
23064,3625964,corner,1,0.9900,3,2273
23065,3626111,corner,1,0.9900,3,2274
23066,3626262,corner,1,0.9900,3,2275
23067,3626408,corner,1,0.9900,3,2276
23068,3626539,corner,1,0.9900,3,2277
23069,3626646,corner,1,0.9900,3,2278
23070,3626801,corner,1,0.9900,3,2279
23071,3626939,corner,1,0.9900,3,2280
23072,3627058,corner,1,0.9900,3,2281
23073,3627173,corner,1,0.9900,3,2282
23074,3627326,corner,1,0.9900,3,2283
23075,3627435,corner,1,0.9900,3,2284
23076,3627548,corner,1,0.9900,3,2285
23077,3627663,corner,1,0.9900,3,2286
23078,3627985,corner,1,0.9900,3,2287
23079,3628172,corner,1,0.9900,3,2288
23080,3628320,corner,1,0.9900,3,2289
23081,3629672,corner,1,0.9900,3,2290
23082,3629807,corner,1,0.9900,3,2291
23083,3629920,corner,1,0.9900,3,2292
23084,3630026,corner,1,0.9900,3,2293
23085,3630137,corner,1,0.9900,3,2294
23086,3630314,corner,1,0.9900,3,2295
23087,3630435,corner,1,0.9900,3,2296
23088,3630615,corner,1,0.9900,3,2297
23089,3630723,corner,1,0.9900,3,2298
23090,3630834,corner,1,0.9900,3,2299
23091,3630948,corner,1,0.9900,3,2300
23092,3631085,corner,1,0.9900,3,2301
23093,3631201,corner,1,0.9900,3,2302
23094,3631355,corner,1,0.9900,3,2303
23095,3631462,corner,1,0.9900,3,2304
23096,3631578,corner,1,0.9900,3,2305
23097,3631739,corner,1,0.9900,3,2306
23098,3631892,corner,1,0.9900,3,2307
23099,3632049,corner,1,0.9900,3,2308
23100,3632194,corner,1,0.9900,3,2309
23101,3632341,corner,1,0.9900,3,2310
23102,3632461,corner,1,0.9900,3,2311
23103,3632579,corner,1,0.9900,3,2312
23104,3632727,corner,1,0.9900,3,2313
23105,3632875,corner,1,0.9900,3,2314
23106,3632987,corner,1,0.9900,3,2315
23107,3633111,corner,1,0.9900,3,2316
23108,3633262,corner,1,0.9900,3,2317
23109,3633380,corner,1,0.9900,3,2318
23110,3633493,corner,1,0.9900,3,2319
23111,3633601,corner,1,0.9900,3,2320
23112,3633746,corner,1,1.0000,3,2321
23113,3633898,corner,1,1.0000,3,2322
23114,3634010,corner,1,1.0000,3,2323
23115,3634123,corner,1,1.0000,3,2324
23116,3634236,corner,1,1.0000,3,2325
23117,3634370,corner,1,1.0000,3,2326
23118,3634600,corner,1,1.0000,3,2327
23119,3634736,corner,1,1.0000,3,2328
23120,3634849,corner,1,1.0000,3,2329
23121,3634959,corner,1,1.0000,3,2330
23122,3635100,corner,1,1.0000,3,2331
23123,3635234,corner,1,1.0000,3,2332
23124,3635349,corner,1,1.0000,3,2333
23125,3635528,corner,1,1.0000,3,2334
23126,3635642,corner,1,1.0000,3,2335
23127,3635754,corner,1,1.0000,3,2336
23128,3635864,corner,1,1.0000,3,2337
23129,3635980,corner,1,1.0000,3,2338
23130,3636157,corner,1,1.0000,3,2339
23131,3636301,corner,1,1.0000,3,2340
23132,3636445,corner,1,1.0000,3,2341
23133,3636596,corner,1,1.0000,3,2342
23134,3636760,corner,1,1.0000,3,2343
23135,3636924,corner,1,1.0000,3,2344
23136,3637037,corner,1,1.0000,3,2345
23137,3637189,corner,1,1.0000,3,2346
23138,3637331,corner,1,1.0000,3,2347
23139,3637469,corner,1,1.0000,3,2348
23140,3637619,corner,1,1.0000,3,2349
23141,3637726,corner,1,1.0000,3,2350
23142,3637872,corner,1,1.0000,3,2351
23143,3637989,corner,1,1.0000,3,2352
23144,3638115,corner,1,1.0000,3,2353
23145,3638226,corner,1,1.0000,3,2354
23146,3638371,corner,1,1.0000,3,2355
23147,3638473,corner,1,1.0000,3,2356
23148,3638586,corner,1,1.0000,3,2357
23149,3638728,corner,1,1.0000,3,2358
23150,3638841,corner,1,1.0000,3,2359
23151,3638942,corner,0,0.9900,3,2360
23152,3639087,corner,1,0.9900,3,2361
23153,3639242,corner,1,0.9900,3,2362
23154,3639384,corner,1,0.9900,3,2363
23155,3639552,corner,1,0.9900,3,2364
23156,3639670,corner,1,0.9900,3,2365
23157,3639815,corner,1,0.9900,3,2366
23158,3639982,corner,1,0.9900,3,2367
23159,3640154,corner,1,0.9900,3,2368
23160,3640475,corner,1,0.9900,3,2369
23161,3640601,corner,1,0.9900,3,2370
23162,3640741,corner,1,0.9900,3,2371
23163,3640894,corner,1,0.9900,3,2372
23164,3641032,corner,1,0.9900,3,2373
23165,3641170,corner,1,0.9900,3,2374
23166,3641280,corner,1,0.9900,3,2375
23167,3642632,corner,1,0.9900,3,2376
23168,3642791,corner,1,0.9900,3,2377
23169,3642906,corner,1,0.9900,3,2378
23170,3643058,corner,1,0.9900,3,2379
23171,3643165,corner,1,0.9900,3,2380
23172,3643315,corner,1,0.9900,3,2381
23173,3643465,corner,1,0.9900,3,2382
23174,3643579,corner,1,0.9900,3,2383
23175,3643726,corner,1,0.9900,3,2384
23176,3643839,corner,1,0.9900,3,2385
23177,3643983,corner,1,0.9900,3,2386
23178,3644137,corner,1,0.9900,3,2387
23179,3644250,corner,1,0.9900,3,2388
23180,3644362,corner,1,0.9900,3,2389
23181,3644502,corner,1,0.9900,3,2390
23182,3644614,corner,1,0.9900,3,2391
23183,3644719,corner,1,0.9900,3,2392
23184,3644831,corner,1,0.9900,3,2393
23185,3644947,corner,1,0.9900,3,2394
23186,3645052,corner,1,0.9900,3,2395
23187,3645210,corner,1,0.9900,3,2396
23188,3645324,corner,1,0.9900,3,2397
23189,3645434,corner,1,0.9900,3,2398
23190,3645546,corner,1,0.9900,3,2399
23191,3645665,corner,1,0.9900,3,2400
23192,3645807,corner,1,0.9900,3,2401
23193,3645973,corner,1,0.9900,3,2402
23194,3646083,corner,1,0.9900,3,2403
23195,3646189,corner,1,0.9900,3,2404
23196,3646303,corner,1,0.9900,3,2405
23197,3646415,corner,1,0.9900,3,2406
23198,3647767,corner,1,0.9900,3,2407
23199,3647919,corner,1,0.9900,3,2408
23200,3648029,corner,1,0.9900,3,2409
23201,3648175,corner,1,0.9900,3,2410
23202,3648321,corner,1,0.9900,3,2411
23203,3648437,corner,1,0.9900,3,2412
23204,3648545,corner,1,0.9900,3,2413
23205,3648661,corner,1,0.9900,3,2414
23206,3648805,corner,1,0.9900,3,2415
23207,3648915,corner,1,0.9900,3,2416
23208,3649025,corner,1,0.9900,3,2417
23209,3649195,corner,1,0.9900,3,2418
23210,3649304,corner,1,0.9900,3,2419
23211,3649423,corner,1,0.9900,3,2420
23212,3649530,corner,1,0.9900,3,2421
23213,3649667,corner,1,0.9900,3,2422
23214,3649781,corner,1,0.9900,3,2423
23215,3649899,corner,1,0.9900,3,2424
23216,3650016,corner,1,0.9900,3,2425
23217,3650130,corner,1,0.9900,3,2426
23218,3650242,corner,1,0.9900,3,2427
23219,3650356,corner,1,0.9900,3,2428
23220,3650460,corner,1,0.9900,3,2429
23221,3650599,corner,1,0.9900,3,2430
23222,3650712,corner,1,0.9900,3,2431
23223,3650825,corner,1,0.9900,3,2432
23224,3650937,corner,1,0.9900,3,2433
23225,3651048,corner,1,0.9900,3,2434
23226,3651240,corner,1,0.9900,3,2435
23227,3651347,corner,1,0.9900,3,2436
23228,3651525,corner,1,0.9900,3,2437
23229,3651634,corner,1,0.9900,3,2438
23230,3651739,corner,1,0.9900,3,2439
23231,3651846,corner,1,0.9900,3,2440
23232,3651982,corner,1,0.9900,3,2441
23233,3652090,corner,1,0.9900,3,2442
23234,3652200,corner,1,0.9900,3,2443
23235,3652315,corner,1,0.9900,3,2444
23236,3652422,corner,1,0.9900,3,2445
23237,3652540,corner,1,0.9900,3,2446
23238,3652646,corner,1,0.9900,3,2447
23239,3652800,corner,1,0.9900,3,2448
23240,3652914,corner,1,0.9900,3,2449
23241,3653021,corner,1,0.9900,3,2450
23242,3653130,corner,1,0.9900,3,2451
23243,3653239,corner,1,0.9900,3,2452
23244,3653343,corner,1,0.9900,3,2453
23245,3653452,corner,1,0.9900,3,2454
23246,3653563,corner,1,0.9900,3,2455
23247,3653681,corner,1,0.9900,3,2456
23248,3653798,corner,1,0.9900,3,2457
23249,3653906,corner,1,0.9900,3,2458
23250,3654073,corner,1,0.9900,3,2459
23251,3654175,corner,1,1.0000,3,2460
23252,3654280,corner,1,1.0000,3,2461
23253,3655632,corner,1,1.0000,3,2462
23254,3655747,corner,1,1.0000,3,2463
23255,3655873,corner,1,1.0000,3,2464
23256,3655985,corner,1,1.0000,3,2465
23257,3656093,corner,0,0.9900,3,2466
23258,3656206,corner,1,0.9900,3,2467
23259,3656357,corner,1,0.9900,3,2468
23260,3656503,corner,1,0.9900,3,2469
23261,3656618,corner,1,0.9900,3,2470
23262,3656725,corner,1,0.9900,3,2471
23263,3656841,corner,1,0.9900,3,2472
23264,3656987,corner,1,0.9900,3,2473
23265,3657141,corner,1,0.9900,3,2474
23266,3657256,corner,1,0.9900,3,2475
23267,3657370,corner,1,0.9900,3,2476
23268,3657482,corner,1,0.9900,3,2477
23269,3657594,corner,1,0.9900,3,2478
23270,3657732,corner,1,0.9900,3,2479
23271,3657837,corner,1,0.9900,3,2480
23272,3657946,corner,1,0.9900,3,2481
23273,3658102,corner,1,0.9900,3,2482
23274,3658278,corner,1,0.9900,3,2483
23275,3658392,corner,1,0.9900,3,2484
23276,3658496,corner,0,0.9800,3,2485
23277,3658604,corner,1,0.9800,3,2486
23278,3658740,corner,1,0.9800,3,2487
23279,3658892,corner,1,0.9800,3,2488
23280,3659000,corner,1,0.9800,3,2489
23281,3659110,corner,1,0.9800,3,2490
23282,3659222,corner,1,0.9800,3,2491
23283,3659331,corner,1,0.9800,3,2492
23284,3659448,corner,1,0.9800,3,2493
23285,3659596,corner,1,0.9800,3,2494
23286,3659707,corner,1,0.9800,3,2495
23287,3659819,corner,1,0.9800,3,2496
23288,3659932,corner,1,0.9800,3,2497
23289,3660048,corner,1,0.9800,3,2498
23290,3660196,corner,1,0.9800,3,2499
23291,3660308,corner,1,0.9800,3,2500
23292,3660420,corner,1,0.9800,3,2501
23293,3660532,corner,1,0.9800,3,2502
23294,3660646,corner,1,0.9800,3,2503
23295,3660758,corner,1,0.9800,3,2504
23296,3660876,corner,1,0.9800,3,2505
23297,3660985,corner,1,0.9800,3,2506
23298,3661097,corner,1,0.9800,3,2507
23299,3661209,corner,1,0.9800,3,2508
23300,3661323,corner,1,0.9800,3,2509
23301,3661460,corner,1,0.9800,3,2510
23302,3661569,corner,1,0.9800,3,2511
23303,3661707,corner,1,0.9800,3,2512
23304,3661819,corner,1,0.9800,3,2513
23305,3661927,corner,1,0.9800,3,2514
23306,3662035,corner,1,0.9800,3,2515
23307,3662153,corner,1,0.9800,3,2516
23308,3662355,corner,1,0.9800,3,2517
23309,3662537,corner,1,0.9800,3,2518
23310,3662647,corner,1,0.9800,3,2519
23311,3662801,corner,1,0.9800,3,2520
23312,3662915,corner,1,0.9800,3,2521
23313,3663073,corner,1,0.9800,3,2522
23314,3663186,corner,1,0.9800,3,2523
23315,3663296,corner,1,0.9800,3,2524
23316,3663407,corner,1,0.9800,3,2525
23317,3663551,corner,1,0.9800,3,2526
23318,3663670,corner,1,0.9800,3,2527
23319,3663781,corner,1,0.9800,3,2528
23320,3663926,corner,1,0.9800,3,2529
23321,3664030,corner,0,0.9700,3,2530
23322,3664150,corner,1,0.9700,3,2531
23323,3664259,corner,1,0.9700,3,2532
23324,3664367,corner,1,0.9700,3,2533
23325,3664481,corner,1,0.9700,3,2534
23326,3664594,corner,1,0.9700,3,2535
23327,3664741,corner,1,0.9700,3,2536
23328,3664854,corner,1,0.9700,3,2537
23329,3664966,corner,1,0.9700,3,2538
23330,3665115,corner,1,0.9700,3,2539
23331,3665229,corner,1,0.9700,3,2540
23332,3665385,corner,1,0.9700,3,2541
23333,3665488,corner,1,0.9700,3,2542
23334,3665597,corner,1,0.9700,3,2543
23335,3665705,corner,1,0.9700,3,2544
23336,3665821,corner,1,0.9700,3,2545
23337,3665936,corner,1,0.9700,3,2546
23338,3666049,corner,1,0.9700,3,2547
23339,3666202,corner,1,0.9700,3,2548
23340,3667554,corner,1,0.9700,3,2549
23341,3667664,corner,1,0.9700,3,2550
23342,3667772,corner,1,0.9700,3,2551
23343,3667884,corner,1,0.9700,3,2552
23344,3668001,corner,1,0.9700,3,2553
23345,3668130,corner,1,0.9700,3,2554
23346,3668238,corner,1,0.9700,3,2555
23347,3668357,corner,1,0.9700,3,2556
23348,3668469,corner,1,0.9700,3,2557
23349,3668580,corner,1,0.9700,3,2558
23350,3668695,corner,1,0.9700,3,2559
23351,3668806,corner,1,0.9700,3,2560
23352,3668916,corner,1,0.9700,3,2561
23353,3669025,corner,1,0.9700,3,2562
23354,3669136,corner,1,0.9700,3,2563
23355,3669318,corner,1,0.9700,3,2564
23356,3669424,corner,1,0.9700,3,2565
23357,3669543,corner,1,0.9800,3,2566
23358,3669658,corner,1,0.9800,3,2567
23359,3669768,corner,1,0.9800,3,2568
23360,3669884,corner,1,0.9800,3,2569
23361,3669998,corner,1,0.9800,3,2570
23362,3670107,corner,1,0.9800,3,2571
23363,3670214,corner,1,0.9800,3,2572
23364,3670325,corner,1,0.9800,3,2573
23365,3670435,corner,1,0.9800,3,2574
23366,3671787,corner,1,0.9800,3,2575
23367,3671895,corner,1,0.9800,3,2576
23368,3672008,corner,1,0.9800,3,2577
23369,3672113,corner,1,0.9800,3,2578
23370,3673465,corner,1,0.9800,3,2579
23371,3673577,corner,1,0.9800,3,2580
23372,3673688,corner,1,0.9800,3,2581
23373,3673805,corner,1,0.9800,3,2582
23374,3673919,corner,1,0.9800,3,2583
23375,3674034,corner,1,0.9800,3,2584
23376,3674169,corner,1,0.9900,3,2585
23377,3674277,corner,1,0.9900,3,2586
23378,3674388,corner,1,0.9900,3,2587
23379,3674510,corner,1,0.9900,3,2588
23380,3674633,corner,1,0.9900,3,2589
23381,3674742,corner,1,0.9900,3,2590
23382,3674857,corner,1,0.9900,3,2591
23383,3674970,corner,1,0.9900,3,2592
23384,3675082,corner,1,0.9900,3,2593
23385,3675196,corner,1,0.9900,3,2594
23386,3675304,corner,1,0.9900,3,2595
23387,3675419,corner,1,0.9900,3,2596
23388,3675531,corner,1,0.9900,3,2597
23389,3675644,corner,1,0.9900,3,2598
23390,3675750,corner,1,0.9900,3,2599
23391,3675861,corner,1,0.9900,3,2600
23392,3676002,corner,1,0.9900,3,2601
23393,3676116,corner,1,0.9900,3,2602
23394,3676261,corner,1,0.9900,3,2603
23395,3676382,corner,1,0.9900,3,2604
23396,3676491,corner,1,0.9900,3,2605
23397,3676720,corner,1,0.9900,3,2606
23398,3676837,corner,1,0.9900,3,2607
23399,3676998,corner,1,0.9900,3,2608
23400,3677103,corner,1,0.9900,3,2609
23401,3677211,corner,1,0.9900,3,2610
23402,3678563,corner,1,0.9900,3,2611
23403,3678675,corner,1,0.9900,3,2612
23404,3678783,corner,1,0.9900,3,2613
23405,3678927,corner,1,0.9900,3,2614
23406,3679062,corner,1,0.9900,3,2615
23407,3679213,corner,1,0.9900,3,2616
23408,3679325,corner,1,0.9900,3,2617
23409,3679436,corner,1,0.9900,3,2618
23410,3679563,corner,1,0.9900,3,2619
23411,3679671,corner,1,0.9900,3,2620
23412,3679790,corner,1,0.9900,3,2621
23413,3679901,corner,1,0.9900,3,2622
23414,3680014,corner,1,0.9900,3,2623
23415,3680125,corner,1,0.9900,3,2624
23416,3680236,corner,1,0.9900,3,2625
23417,3680344,corner,1,0.9900,3,2626
23418,3680456,corner,1,0.9900,3,2627
23419,3680572,corner,1,0.9900,3,2628
23420,3680717,corner,1,0.9900,3,2629
23421,3680855,corner,1,1.0000,3,2630
23422,3680973,corner,1,1.0000,3,2631
23423,3681080,corner,1,1.0000,3,2632
23424,3681190,corner,1,1.0000,3,2633
23425,3681299,corner,1,1.0000,3,2634
23426,3681415,corner,1,1.0000,3,2635
23427,3681528,corner,1,1.0000,3,2636
23428,3681656,corner,1,1.0000,3,2637
23429,3681764,corner,1,1.0000,3,2638
23430,3681874,corner,1,1.0000,3,2639
23431,3682002,corner,1,1.0000,3,2640
23432,3682116,corner,1,1.0000,3,2641
23433,3682224,corner,1,1.0000,3,2642
23434,3682335,corner,1,1.0000,3,2643
23435,3682446,corner,1,1.0000,3,2644
23436,3682552,corner,1,1.0000,3,2645
23437,3682667,corner,1,1.0000,3,2646
23438,3682776,corner,1,1.0000,3,2647
23439,3682889,corner,1,1.0000,3,2648
23440,3683001,corner,1,1.0000,3,2649
23441,3683117,corner,1,1.0000,3,2650
23442,3683228,corner,1,1.0000,3,2651
23443,3683342,corner,1,1.0000,3,2652
23444,3683454,corner,1,1.0000,3,2653
23445,3683568,corner,1,1.0000,3,2654
23446,3683728,corner,1,1.0000,3,2655
23447,3683928,corner,1,1.0000,3,2656
23448,3684063,corner,1,1.0000,3,2657
23449,3684171,corner,1,1.0000,3,2658
23450,3684294,corner,1,1.0000,3,2659
23451,3684409,corner,1,1.0000,3,2660
23452,3684523,corner,1,1.0000,3,2661
23453,3684654,corner,1,1.0000,3,2662
23454,3684798,corner,1,1.0000,3,2663
23455,3684914,corner,1,1.0000,3,2664
23456,3685030,corner,1,1.0000,3,2665
23457,3685142,corner,1,1.0000,3,2666
23458,3685280,corner,1,1.0000,3,2667
23459,3685393,corner,1,1.0000,3,2668
23460,3685511,corner,1,1.0000,3,2669
23461,3685635,corner,1,1.0000,3,2670
23462,3685755,corner,1,1.0000,3,2671
23463,3685871,corner,1,1.0000,3,2672
23464,3685981,corner,1,1.0000,3,2673
23465,3686088,corner,1,1.0000,3,2674
23466,3686204,corner,1,1.0000,3,2675
23467,3686320,corner,1,1.0000,3,2676
23468,3686446,corner,1,1.0000,3,2677
23469,3686551,corner,1,1.0000,3,2678
23470,3686661,corner,1,1.0000,3,2679
23471,3686832,corner,1,1.0000,3,2680
23472,3686951,corner,1,1.0000,3,2681
23473,3687068,corner,1,1.0000,3,2682
23474,3687176,corner,1,1.0000,3,2683
23475,3687309,corner,1,1.0000,3,2684
23476,3687483,corner,1,1.0000,3,2685
23477,3687591,corner,1,1.0000,3,2686
23478,3687710,corner,1,1.0000,3,2687
23479,3687822,corner,1,1.0000,3,2688
23480,3687936,corner,1,1.0000,3,2689
23481,3688089,corner,1,1.0000,3,2690
23482,3688198,corner,1,1.0000,3,2691
23483,3688301,corner,1,1.0000,3,2692
23484,3688415,corner,1,1.0000,3,2693
23485,3688522,corner,1,1.0000,3,2694
23486,3688634,corner,1,1.0000,3,2695
23487,3688746,corner,1,1.0000,3,2696
23488,3688849,corner,1,1.0000,3,2697
23489,3688965,corner,1,1.0000,3,2698
23490,3689074,corner,1,1.0000,3,2699
23491,3689183,corner,1,1.0000,3,2700
23492,3689296,corner,1,1.0000,3,2701
23493,3689401,corner,1,1.0000,3,2702
23494,3689518,corner,1,1.0000,3,2703
23495,3689623,corner,1,1.0000,3,2704
23496,3689737,corner,1,1.0000,3,2705
23497,3689845,corner,1,1.0000,3,2706
23498,3689950,corner,1,1.0000,3,2707
23499,3690064,corner,1,1.0000,3,2708
23500,3690175,corner,1,1.0000,3,2709
23501,3690327,corner,1,1.0000,3,2710
23502,3690442,corner,1,1.0000,3,2711
23503,3690553,corner,1,1.0000,3,2712
23504,3690662,corner,1,1.0000,3,2713
23505,3690767,corner,1,1.0000,3,2714
23506,3690882,corner,1,1.0000,3,2715
23507,3690993,corner,1,1.0000,3,2716
23508,3691107,corner,1,1.0000,3,2717
23509,3691222,corner,1,1.0000,3,2718
23510,3691342,corner,1,1.0000,3,2719
23511,3691477,corner,1,1.0000,3,2720
23512,3691609,corner,1,1.0000,3,2721
23513,3691722,corner,1,1.0000,3,2722
23514,3691831,corner,1,1.0000,3,2723
23515,3691942,corner,1,1.0000,3,2724
23516,3692049,corner,1,1.0000,3,2725
23517,3692177,corner,1,1.0000,3,2726
23518,3692281,corner,1,1.0000,3,2727
23519,3692396,corner,1,1.0000,3,2728
23520,3692501,corner,1,1.0000,3,2729
23521,3692606,corner,1,1.0000,3,2730
23522,3692712,corner,1,1.0000,3,2731
23523,3692832,corner,1,1.0000,3,2732
23524,3692956,corner,1,1.0000,3,2733
23525,3693064,corner,1,1.0000,3,2734
23526,3693177,corner,1,1.0000,3,2735
23527,3693286,corner,1,1.0000,3,2736
23528,3693401,corner,1,1.0000,3,2737
23529,3693521,corner,1,1.0000,3,2738
23530,3693632,corner,1,1.0000,3,2739
23531,3693799,corner,1,1.0000,3,2740
23532,3693914,corner,1,1.0000,3,2741
23533,3694028,corner,1,1.0000,3,2742
23534,3694144,corner,1,1.0000,3,2743
23535,3694276,corner,1,1.0000,3,2744
23536,3694398,corner,1,1.0000,3,2745
23537,3694557,corner,1,1.0000,3,2746
23538,3694665,corner,1,1.0000,3,2747
23539,3694776,corner,1,1.0000,3,2748
23540,3694883,corner,1,1.0000,3,2749
23541,3694992,corner,1,1.0000,3,2750
23542,3695099,corner,1,1.0000,3,2751
23543,3695269,corner,1,1.0000,3,2752
23544,3695377,corner,1,1.0000,3,2753
23545,3695491,corner,1,1.0000,3,2754
23546,3695596,corner,1,1.0000,3,2755
23547,3695768,corner,1,1.0000,3,2756
23548,3695882,corner,1,1.0000,3,2757
23549,3695992,corner,1,1.0000,3,2758
23550,3696110,corner,1,1.0000,3,2759
23551,3696262,corner,1,1.0000,3,2760
23552,3696374,corner,1,1.0000,3,2761
23553,3696485,corner,1,1.0000,3,2762
23554,3696594,corner,0,0.9900,3,2763
23555,3696749,corner,1,0.9900,3,2764
23556,3696859,corner,1,0.9900,3,2765
23557,3696968,corner,1,0.9900,3,2766
23558,3697072,corner,1,0.9900,3,2767
23559,3697184,corner,1,0.9900,3,2768
23560,3697296,corner,1,0.9900,3,2769
23561,3697435,corner,1,0.9900,3,2770
23562,3697545,corner,1,0.9900,3,2771
23563,3697697,corner,1,0.9900,3,2772
23564,3697838,corner,1,0.9900,3,2773
23565,3697952,corner,1,0.9900,3,2774
23566,3698071,corner,1,0.9900,3,2775
23567,3698185,corner,1,0.9900,3,2776
23568,3698314,corner,1,0.9900,3,2777
23569,3698425,corner,1,0.9900,3,2778
23570,3698537,corner,1,0.9900,3,2779
23571,3698670,corner,1,0.9900,3,2780
23572,3700022,corner,1,0.9900,3,2781
23573,3700129,corner,1,0.9900,3,2782
23574,3700280,corner,1,0.9900,3,2783
23575,3700394,corner,1,0.9900,3,2784
23576,3700510,corner,1,0.9900,3,2785
23577,3700625,corner,1,0.9900,3,2786
23578,3700733,corner,1,0.9900,3,2787
23579,3700842,corner,1,0.9900,3,2788
23580,3700954,corner,1,0.9900,3,2789
23581,3701089,corner,1,0.9900,3,2790
23582,3701203,corner,1,0.9900,3,2791
23583,3701313,corner,1,0.9900,3,2792
23584,3701429,corner,1,0.9900,3,2793
23585,3701537,corner,1,0.9900,3,2794
23586,3701654,corner,1,0.9900,3,2795
23587,3701765,corner,1,0.9900,3,2796
23588,3701883,corner,1,0.9900,3,2797
23589,3701995,corner,1,0.9900,3,2798
23590,3702108,corner,1,0.9900,3,2799
23591,3702222,corner,1,0.9900,3,2800
23592,3702328,corner,1,0.9900,3,2801
23593,3702436,corner,1,0.9900,3,2802
23594,3702554,corner,1,0.9900,3,2803
23595,3702698,corner,1,0.9900,3,2804
23596,3702813,corner,1,0.9900,3,2805
23597,3702932,corner,1,0.9900,3,2806
23598,3703039,corner,1,0.9900,3,2807
23599,3703144,corner,1,0.9900,3,2808
23600,3703257,corner,1,0.9900,3,2809
23601,3703367,corner,1,0.9900,3,2810
23602,3703491,corner,1,0.9900,3,2811
23603,3703603,corner,1,0.9900,3,2812
23604,3703750,corner,1,0.9900,3,2813
23605,3703860,corner,1,0.9900,3,2814
23606,3703974,corner,1,0.9900,3,2815
23607,3704075,corner,1,0.9900,3,2816
23608,3704181,corner,1,0.9900,3,2817
23609,3704293,corner,1,0.9900,3,2818
23610,3704401,corner,1,0.9900,3,2819
23611,3704511,corner,1,0.9900,3,2820
23612,3704620,corner,1,0.9900,3,2821
23613,3704776,corner,1,0.9900,3,2822
23614,3704886,corner,1,0.9900,3,2823
23615,3704994,corner,1,0.9900,3,2824
23616,3705096,corner,1,0.9900,3,2825
23617,3705207,corner,1,0.9900,3,2826
23618,3705322,corner,1,0.9900,3,2827
23619,3705443,corner,1,0.9900,3,2828
23620,3705550,corner,1,0.9900,3,2829
23621,3705698,corner,1,0.9900,3,2830
23622,3705817,corner,1,0.9900,3,2831
23623,3705930,corner,1,0.9900,3,2832
23624,3706044,corner,1,0.9900,3,2833
23625,3706150,corner,1,0.9900,3,2834
23626,3706259,corner,1,0.9900,3,2835
23627,3706370,corner,1,0.9900,3,2836
23628,3706484,corner,1,0.9900,3,2837
23629,3706599,corner,1,0.9900,3,2838
23630,3706703,corner,1,0.9900,3,2839
23631,3706853,corner,1,0.9900,3,2840
23632,3706968,corner,1,0.9900,3,2841
23633,3707082,corner,1,0.9900,3,2842
23634,3707199,corner,1,0.9900,3,2843
23635,3707303,corner,1,0.9900,3,2844
23636,3707414,corner,1,0.9900,3,2845
23637,3707569,corner,1,0.9900,3,2846
23638,3707672,corner,1,0.9900,3,2847
23639,3707777,corner,1,0.9900,3,2848
23640,3707886,corner,1,0.9900,3,2849
23641,3707999,corner,1,0.9900,3,2850
23642,3708125,corner,1,0.9900,3,2851
23643,3708307,corner,1,0.9900,3,2852
23644,3708412,corner,1,0.9900,3,2853
23645,3708520,corner,1,0.9900,3,2854
23646,3708634,corner,1,0.9900,3,2855
23647,3708744,corner,1,0.9900,3,2856
23648,3708852,corner,1,0.9900,3,2857
23649,3708962,corner,1,0.9900,3,2858
23650,3709274,corner,1,0.9900,3,2859
23651,3709383,corner,1,0.9900,3,2860
23652,3709490,corner,1,0.9900,3,2861
23653,3709624,corner,1,0.9900,3,2862
23654,3709731,corner,1,1.0000,3,2863
23655,3709854,corner,1,1.0000,3,2864
23656,3709959,corner,1,1.0000,3,2865
23657,3710065,corner,1,1.0000,3,2866
23658,3710168,corner,1,1.0000,3,2867
23659,3710302,corner,1,1.0000,3,2868
23660,3710409,corner,1,1.0000,3,2869
23661,3710522,corner,1,1.0000,3,2870
23662,3710646,corner,1,1.0000,3,2871
23663,3710758,corner,1,1.0000,3,2872
23664,3710868,corner,1,1.0000,3,2873
23665,3710975,corner,1,1.0000,3,2874
23666,3711081,corner,1,1.0000,3,2875
23667,3711192,corner,1,1.0000,3,2876
23668,3711301,corner,1,1.0000,3,2877
23669,3711422,corner,1,1.0000,3,2878
23670,3711540,corner,1,1.0000,3,2879
23671,3711653,corner,1,1.0000,3,2880
23672,3711785,corner,1,1.0000,3,2881
23673,3711919,corner,1,1.0000,3,2882
23674,3712024,corner,1,1.0000,3,2883
23675,3712132,corner,1,1.0000,3,2884
23676,3712264,corner,1,1.0000,3,2885
23677,3712381,corner,1,1.0000,3,2886
23678,3712517,corner,1,1.0000,3,2887
23679,3712645,corner,1,1.0000,3,2888
23680,3712751,corner,1,1.0000,3,2889
23681,3712861,corner,1,1.0000,3,2890
23682,3712972,corner,1,1.0000,3,2891
23683,3713087,corner,1,1.0000,3,2892
23684,3713200,corner,1,1.0000,3,2893
23685,3713312,corner,1,1.0000,3,2894
23686,3713429,corner,1,1.0000,3,2895
23687,3713534,corner,1,1.0000,3,2896
23688,3713639,corner,1,1.0000,3,2897
23689,3713745,corner,1,1.0000,3,2898
23690,3713891,corner,1,1.0000,3,2899
23691,3713994,corner,1,1.0000,3,2900
23692,3714098,corner,1,1.0000,3,2901
23693,3714204,corner,1,1.0000,3,2902
23694,3714320,corner,1,1.0000,3,2903
23695,3714429,corner,1,1.0000,3,2904
23696,3714537,corner,1,1.0000,3,2905
23697,3714681,corner,1,1.0000,3,2906
23698,3714819,corner,1,1.0000,3,2907
23699,3714964,corner,1,1.0000,3,2908
23700,3715073,corner,1,1.0000,3,2909
23701,3715187,corner,1,1.0000,3,2910
23702,3715297,corner,1,1.0000,3,2911
23703,3715430,corner,1,1.0000,3,2912
23704,3715543,corner,1,1.0000,3,2913
23705,3715653,corner,1,1.0000,3,2914
23706,3715768,corner,1,1.0000,3,2915
23707,3715876,corner,1,1.0000,3,2916
23708,3716067,corner,1,1.0000,3,2917
23709,3716186,corner,1,1.0000,3,2918
23710,3716300,corner,1,1.0000,3,2919
23711,3716411,corner,1,1.0000,3,2920
23712,3716523,corner,1,1.0000,3,2921
23713,3716685,corner,1,1.0000,3,2922
23714,3716813,corner,1,1.0000,3,2923
23715,3716915,corner,1,1.0000,3,2924
23716,3717026,corner,1,1.0000,3,2925
23717,3717149,corner,1,1.0000,3,2926
23718,3717258,corner,1,1.0000,3,2927
23719,3717366,corner,1,1.0000,3,2928
23720,3717479,corner,1,1.0000,3,2929
23721,3717604,corner,1,1.0000,3,2930
23722,3717791,corner,1,1.0000,3,2931
23723,3717900,corner,1,1.0000,3,2932
23724,3718010,corner,1,1.0000,3,2933
23725,3718121,corner,1,1.0000,3,2934
23726,3718234,corner,1,1.0000,3,2935
23727,3718380,corner,1,1.0000,3,2936
23728,3718523,corner,1,1.0000,3,2937
23729,3718640,corner,1,1.0000,3,2938
23730,3718747,corner,1,1.0000,3,2939
23731,3718853,corner,1,1.0000,3,2940
23732,3718971,corner,1,1.0000,3,2941
23733,3719079,corner,1,1.0000,3,2942
23734,3719208,corner,1,1.0000,3,2943
23735,3719312,corner,1,1.0000,3,2944
23736,3719525,corner,1,1.0000,3,2945
23737,3719635,corner,1,1.0000,3,2946
23738,3719750,corner,1,1.0000,3,2947
23739,3719860,corner,1,1.0000,3,2948
23740,3719992,corner,1,1.0000,3,2949
23741,3720106,corner,1,1.0000,3,2950
23742,3720208,corner,1,1.0000,3,2951
23743,3720342,corner,1,1.0000,3,2952
23744,3720448,corner,1,1.0000,3,2953
23745,3720620,corner,1,1.0000,3,2954
23746,3720722,corner,1,1.0000,3,2955
23747,3720830,corner,1,1.0000,3,2956
23748,3720935,corner,1,1.0000,3,2957
23749,3721051,corner,1,1.0000,3,2958
23750,3721163,corner,1,1.0000,3,2959
23751,3721278,corner,1,1.0000,3,2960
23752,3721471,corner,1,1.0000,3,2961
23753,3721581,corner,1,1.0000,3,2962
23754,3721696,corner,1,1.0000,3,2963
23755,3721802,corner,1,1.0000,3,2964
23756,3721919,corner,1,1.0000,3,2965
23757,3722020,corner,1,1.0000,3,2966
23758,3722129,corner,1,1.0000,3,2967
23759,3722260,corner,1,1.0000,3,2968
23760,3722370,corner,1,1.0000,3,2969
23761,3722480,corner,1,1.0000,3,2970
23762,3722617,corner,1,1.0000,3,2971
23763,3722726,corner,1,1.0000,3,2972
23764,3722840,corner,1,1.0000,3,2973
23765,3722989,corner,1,1.0000,3,2974
23766,3723094,corner,1,1.0000,3,2975
23767,3723228,corner,1,1.0000,3,2976
23768,3723339,corner,1,1.0000,3,2977
23769,3723451,corner,1,1.0000,3,2978
23770,3723566,corner,1,1.0000,3,2979
23771,3723678,corner,1,1.0000,3,2980
23772,3723804,corner,1,1.0000,3,2981
23773,3723913,corner,1,1.0000,3,2982
23774,3724023,corner,1,1.0000,3,2983
23775,3724130,corner,1,1.0000,3,2984
23776,3724245,corner,1,1.0000,3,2985
23777,3724353,corner,1,1.0000,3,2986
23778,3724461,corner,1,1.0000,3,2987
23779,3724568,corner,1,1.0000,3,2988
23780,3724691,corner,1,1.0000,3,2989
23781,3724821,corner,1,1.0000,3,2990
23782,3724933,corner,1,1.0000,3,2991
23783,3725041,corner,1,1.0000,3,2992
23784,3725150,corner,1,1.0000,3,2993
23785,3725285,corner,1,1.0000,3,2994
23786,3725430,corner,1,1.0000,3,2995
23787,3725539,corner,1,1.0000,3,2996
23788,3725660,corner,1,1.0000,3,2997
23789,3725831,corner,1,1.0000,3,2998
23790,3727183,corner,1,1.0000,3,2999
23791,3727290,corner,1,1.0000,3,3000
23792,3727401,corner,1,1.0000,3,3001
23793,3727510,corner,1,1.0000,3,3002
23794,3727620,corner,1,1.0000,3,3003
23795,3727778,corner,1,1.0000,3,3004
23796,3727886,corner,1,1.0000,3,3005
23797,3727994,corner,1,1.0000,3,3006
23798,3728106,corner,1,1.0000,3,3007
23799,3728235,corner,1,1.0000,3,3008
23800,3728401,corner,1,1.0000,3,3009
23801,3728546,corner,1,1.0000,3,3010
23802,3728730,corner,1,1.0000,3,3011
23803,3728835,corner,1,1.0000,3,3012
23804,3728947,corner,1,1.0000,3,3013
23805,3729056,corner,1,1.0000,3,3014
23806,3729166,corner,1,1.0000,3,3015
23807,3729266,corner,1,1.0000,3,3016
23808,3729377,corner,1,1.0000,3,3017
23809,3729482,corner,1,1.0000,3,3018
23810,3729588,corner,1,1.0000,3,3019
23811,3729701,corner,1,1.0000,3,3020
23812,3729810,corner,1,1.0000,3,3021
23813,3729915,corner,1,1.0000,3,3022
23814,3730023,corner,1,1.0000,3,3023
23815,3730134,corner,1,1.0000,3,3024
23816,3730248,corner,1,1.0000,3,3025
23817,3730354,corner,1,1.0000,3,3026
23818,3730464,corner,1,1.0000,3,3027
23819,3730582,corner,1,1.0000,3,3028
23820,3730696,corner,1,1.0000,3,3029
23821,3730806,corner,1,1.0000,3,3030
23822,3732158,corner,1,1.0000,3,3031
23823,3732264,corner,1,1.0000,3,3032
23824,3732368,corner,1,1.0000,3,3033
23825,3732483,corner,1,1.0000,3,3034
23826,3732588,corner,1,1.0000,3,3035
23827,3732702,corner,1,1.0000,3,3036
23828,3732821,corner,1,1.0000,3,3037
23829,3732932,corner,1,1.0000,3,3038
23830,3734284,corner,1,1.0000,3,3039
23831,3734397,corner,1,1.0000,3,3040
23832,3734510,corner,1,1.0000,3,3041
23833,3734616,corner,1,1.0000,3,3042
23834,3734789,corner,1,1.0000,3,3043
23835,3734892,corner,1,1.0000,3,3044
23836,3735003,corner,1,1.0000,3,3045
23837,3735115,corner,1,1.0000,3,3046
23838,3735217,corner,0,0.9900,3,3047
23839,3736569,corner,1,0.9900,3,3048
23840,3736675,corner,1,0.9900,3,3049
23841,3736784,corner,1,0.9900,3,3050
23842,3736893,corner,1,0.9900,3,3051
23843,3737011,corner,1,0.9900,3,3052
23844,3737125,corner,1,0.9900,3,3053
23845,3737230,corner,1,0.9900,3,3054
23846,3737343,corner,1,0.9900,3,3055
23847,3737453,corner,1,0.9900,3,3056
23848,3737615,corner,1,0.9900,3,3057
23849,3737733,corner,1,0.9900,3,3058
23850,3737852,corner,1,0.9900,3,3059
23851,3737963,corner,1,0.9900,3,3060
23852,3738070,corner,1,0.9900,3,3061
23853,3738224,corner,1,0.9900,3,3062
23854,3738346,corner,1,0.9900,3,3063
23855,3738454,corner,1,0.9900,3,3064
23856,3738557,corner,1,0.9900,3,3065
23857,3738696,corner,1,0.9900,3,3066
23858,3738811,corner,1,0.9900,3,3067
23859,3738917,corner,1,0.9900,3,3068
23860,3739026,corner,1,0.9900,3,3069
23861,3740378,corner,1,0.9900,3,3070
23862,3740497,corner,1,0.9900,3,3071
23863,3740605,corner,1,0.9900,3,3072
23864,3740711,corner,1,0.9900,3,3073
23865,3740818,corner,1,0.9900,3,3074
23866,3740933,corner,1,0.9900,3,3075
23867,3741042,corner,1,0.9900,3,3076
23868,3741341,corner,1,0.9900,3,3077
23869,3741451,corner,1,0.9900,3,3078
23870,3741562,corner,1,0.9900,3,3079
23871,3741679,corner,1,0.9900,3,3080
23872,3741791,corner,1,0.9900,3,3081
23873,3741928,corner,1,0.9900,3,3082
23874,3742034,corner,1,0.9900,3,3083
23875,3742146,corner,1,0.9900,3,3084
23876,3742255,corner,1,0.9900,3,3085
23877,3742371,corner,1,0.9900,3,3086
23878,3742489,corner,1,0.9900,3,3087
23879,3742594,corner,1,0.9900,3,3088
23880,3742733,corner,1,0.9900,3,3089
23881,3742847,corner,1,0.9900,3,3090
23882,3742957,corner,1,0.9900,3,3091
23883,3743072,corner,1,0.9900,3,3092
23884,3743185,corner,1,0.9900,3,3093
23885,3743294,corner,1,0.9900,3,3094
23886,3743400,corner,1,0.9900,3,3095
23887,3743507,corner,1,0.9900,3,3096
23888,3743614,corner,1,0.9900,3,3097
23889,3743726,corner,1,0.9900,3,3098
23890,3743841,corner,1,0.9900,3,3099
23891,3743990,corner,1,0.9900,3,3100
23892,3744126,corner,1,0.9900,3,3101
23893,3744239,corner,1,0.9900,3,3102
23894,3744355,corner,1,0.9900,3,3103
23895,3744462,corner,1,0.9900,3,3104
23896,3744568,corner,1,0.9900,3,3105
23897,3744675,corner,1,0.9900,3,3106
23898,3744785,corner,1,0.9900,3,3107
23899,3744903,corner,1,0.9900,3,3108
23900,3745021,corner,1,0.9900,3,3109
23901,3745144,corner,1,0.9900,3,3110
23902,3746496,corner,1,0.9900,3,3111
23903,3746647,corner,1,0.9900,3,3112
23904,3746755,corner,1,0.9900,3,3113
23905,3746858,corner,1,0.9900,3,3114
23906,3746968,corner,1,0.9900,3,3115
23907,3747085,corner,1,0.9900,3,3116
23908,3747235,corner,1,0.9900,3,3117
23909,3747350,corner,1,0.9900,3,3118
23910,3747456,corner,1,0.9900,3,3119
23911,3747566,corner,1,0.9900,3,3120
23912,3747675,corner,1,0.9900,3,3121
23913,3747782,corner,1,0.9900,3,3122
23914,3747898,corner,1,0.9900,3,3123
23915,3748040,corner,1,0.9900,3,3124
23916,3748171,corner,1,0.9900,3,3125
23917,3748277,corner,1,0.9900,3,3126
23918,3748384,corner,1,0.9900,3,3127
23919,3748495,corner,1,0.9900,3,3128
23920,3748603,corner,1,0.9900,3,3129
23921,3748747,corner,1,0.9900,3,3130
23922,3748862,corner,1,0.9900,3,3131
23923,3748966,corner,1,0.9900,3,3132
23924,3749077,corner,1,0.9900,3,3133
23925,3749186,corner,1,0.9900,3,3134
23926,3749297,corner,1,0.9900,3,3135
23927,3749409,corner,1,0.9900,3,3136
23928,3749515,corner,1,0.9900,3,3137
23929,3749658,corner,1,0.9900,3,3138
23930,3749762,corner,1,0.9900,3,3139
23931,3749873,corner,1,0.9900,3,3140
23932,3750028,corner,1,0.9900,3,3141
23933,3750138,corner,1,0.9900,3,3142
23934,3750256,corner,1,0.9900,3,3143
23935,3750372,corner,1,0.9900,3,3144
23936,3750482,corner,1,0.9900,3,3145
23937,3750625,corner,1,0.9900,3,3146
23938,3750735,corner,1,1.0000,3,3147
23939,3750846,corner,1,1.0000,3,3148
23940,3750959,corner,1,1.0000,3,3149
23941,3751062,corner,1,1.0000,3,3150
23942,3751174,corner,1,1.0000,3,3151
23943,3751284,corner,1,1.0000,3,3152
23944,3751423,corner,1,1.0000,3,3153
23945,3751531,corner,1,1.0000,3,3154
23946,3751668,corner,1,1.0000,3,3155
23947,3751773,corner,1,1.0000,3,3156
23948,3751943,corner,1,1.0000,3,3157
23949,3752051,corner,1,1.0000,3,3158
23950,3752164,corner,1,1.0000,3,3159
23951,3752319,corner,1,1.0000,3,3160
23952,3752437,corner,1,1.0000,3,3161
23953,3752589,corner,1,1.0000,3,3162
23954,3752706,corner,1,1.0000,3,3163
23955,3752811,corner,1,1.0000,3,3164
23956,3752956,corner,1,1.0000,3,3165
23957,3753076,corner,1,1.0000,3,3166
23958,3753181,corner,1,1.0000,3,3167
23959,3753296,corner,1,1.0000,3,3168
23960,3753400,corner,1,1.0000,3,3169
23961,3753541,corner,1,1.0000,3,3170
23962,3753644,corner,1,1.0000,3,3171
23963,3753752,corner,1,1.0000,3,3172
23964,3753860,corner,1,1.0000,3,3173
23965,3753973,corner,1,1.0000,3,3174
23966,3754117,corner,1,1.0000,3,3175
23967,3754227,corner,1,1.0000,3,3176
23968,3754344,corner,1,1.0000,3,3177
23969,3754456,corner,1,1.0000,3,3178
23970,3754573,corner,1,1.0000,3,3179
23971,3754710,corner,1,1.0000,3,3180
23972,3754821,corner,1,1.0000,3,3181
23973,3754958,corner,1,1.0000,3,3182
23974,3755063,corner,1,1.0000,3,3183
23975,3755173,corner,1,1.0000,3,3184
23976,3755278,corner,1,1.0000,3,3185
23977,3755393,corner,1,1.0000,3,3186
23978,3755501,corner,1,1.0000,3,3187
23979,3755616,corner,1,1.0000,3,3188
23980,3755722,corner,1,1.0000,3,3189
23981,3755828,corner,1,1.0000,3,3190
23982,3755939,corner,1,1.0000,3,3191
23983,3756054,corner,1,1.0000,3,3192
23984,3756203,corner,1,1.0000,3,3193
23985,3756319,corner,1,1.0000,3,3194
23986,3756429,corner,1,1.0000,3,3195
23987,3756535,corner,1,1.0000,3,3196
23988,3756652,corner,1,1.0000,3,3197
23989,3756762,corner,1,1.0000,3,3198
23990,3756924,corner,1,1.0000,3,3199
23991,3757039,corner,1,1.0000,3,3200
23992,3757155,corner,1,1.0000,3,3201
23993,3757264,corner,1,1.0000,3,3202
23994,3757378,corner,1,1.0000,3,3203
23995,3757487,corner,1,1.0000,3,3204
23996,3757595,corner,1,1.0000,3,3205
23997,3757703,corner,1,1.0000,3,3206
23998,3757810,corner,1,1.0000,3,3207
23999,3757924,corner,1,1.0000,3,3208
24000,3758029,corner,1,1.0000,3,3209
24001,3758146,corner,1,1.0000,3,3210
24002,3758256,corner,1,1.0000,3,3211
24003,3758385,corner,1,1.0000,3,3212
24004,3758490,corner,1,1.0000,3,3213
24005,3758603,corner,1,1.0000,3,3214
24006,3759955,corner,1,1.0000,3,3215
24007,3760070,corner,1,1.0000,3,3216
24008,3760179,corner,0,0.9900,3,3217
24009,3760292,corner,1,0.9900,3,3218
24010,3760402,corner,1,0.9900,3,3219
24011,3760544,corner,1,0.9900,3,3220
24012,3760657,corner,1,0.9900,3,3221
24013,3760767,corner,1,0.9900,3,3222
24014,3760873,corner,1,0.9900,3,3223
24015,3760979,corner,1,0.9900,3,3224
24016,3761096,corner,1,0.9900,3,3225
24017,3761208,corner,1,0.9900,3,3226
24018,3761323,corner,1,0.9900,3,3227
24019,3761428,corner,1,0.9900,3,3228
24020,3761540,corner,1,0.9900,3,3229
24021,3761652,corner,1,0.9900,3,3230
24022,3761806,corner,1,0.9900,3,3231
24023,3761918,corner,1,0.9900,3,3232
24024,3762031,corner,1,0.9900,3,3233
24025,3762146,corner,1,0.9900,3,3234
24026,3762285,corner,1,0.9900,3,3235
24027,3762399,corner,1,0.9900,3,3236
24028,3763751,corner,1,0.9900,3,3237
24029,3765103,corner,1,0.9900,3,3238
24030,3765220,corner,1,0.9900,3,3239
24031,3765331,corner,1,0.9900,3,3240
24032,3765444,corner,1,0.9900,3,3241
24033,3765548,corner,1,0.9900,3,3242
24034,3765658,corner,1,0.9900,3,3243
24035,3765810,corner,1,0.9900,3,3244
24036,3765920,corner,1,0.9900,3,3245
24037,3766033,corner,1,0.9900,3,3246
24038,3766185,corner,1,0.9900,3,3247
24039,3766304,corner,1,0.9900,3,3248
24040,3766406,corner,1,0.9900,3,3249
24041,3766556,corner,1,0.9900,3,3250
24042,3766671,corner,1,0.9900,3,3251
24043,3766780,corner,1,0.9900,3,3252
24044,3766902,corner,1,0.9900,3,3253
24045,3767022,corner,1,0.9900,3,3254
24046,3767134,corner,1,0.9900,3,3255
24047,3767248,corner,1,0.9900,3,3256
24048,3767354,corner,1,0.9900,3,3257
24049,3767489,corner,1,0.9900,3,3258
24050,3767601,corner,1,0.9900,3,3259
24051,3767711,corner,1,0.9900,3,3260
24052,3767824,corner,1,0.9900,3,3261
24053,3767932,corner,1,0.9900,3,3262
24054,3768062,corner,1,0.9900,3,3263
24055,3768168,corner,1,0.9900,3,3264
24056,3768281,corner,1,0.9900,3,3265
24057,3768388,corner,1,0.9900,3,3266
24058,3768555,corner,1,0.9900,3,3267
24059,3768668,corner,1,0.9900,3,3268
24060,3768780,corner,1,0.9900,3,3269
24061,3768895,corner,1,0.9900,3,3270
24062,3769010,corner,1,0.9900,3,3271
24063,3769120,corner,1,0.9900,3,3272
24064,3769241,corner,1,0.9900,3,3273
24065,3769349,corner,1,0.9900,3,3274
24066,3769457,corner,1,0.9900,3,3275
24067,3769616,corner,1,0.9900,3,3276
24068,3769730,corner,1,0.9900,3,3277
24069,3769842,corner,1,0.9900,3,3278
24070,3769950,corner,1,0.9900,3,3279
24071,3770061,corner,1,0.9900,3,3280
24072,3770220,corner,1,0.9900,3,3281
24073,3770347,corner,1,0.9900,3,3282
24074,3770452,corner,1,0.9900,3,3283
24075,3770565,corner,1,0.9900,3,3284
24076,3770674,corner,1,0.9900,3,3285
24077,3770793,corner,1,0.9900,3,3286
24078,3770908,corner,1,0.9900,3,3287
24079,3771014,corner,1,0.9900,3,3288
24080,3771124,corner,1,0.9900,3,3289
24081,3772476,corner,1,0.9900,3,3290
24082,3772599,corner,1,0.9900,3,3291
24083,3772711,corner,1,0.9900,3,3292
24084,3772830,corner,1,0.9900,3,3293
24085,3772937,corner,1,0.9900,3,3294
24086,3773049,corner,1,0.9900,3,3295
24087,3773159,corner,1,0.9900,3,3296
24088,3773279,corner,1,0.9900,3,3297
24089,3773393,corner,1,0.9900,3,3298
24090,3773498,corner,1,0.9900,3,3299
24091,3773613,corner,1,0.9900,3,3300
24092,3773730,corner,1,0.9900,3,3301
24093,3773846,corner,1,0.9900,3,3302
24094,3773956,corner,1,0.9900,3,3303
24095,3774067,corner,1,0.9900,3,3304
24096,3774180,corner,1,0.9900,3,3305
24097,3774291,corner,1,0.9900,3,3306
24098,3774416,corner,1,0.9900,3,3307
24099,3774524,corner,1,0.9900,3,3308
24100,3774642,corner,1,0.9900,3,3309
24101,3774751,corner,1,0.9900,3,3310
24102,3774867,corner,1,0.9900,3,3311
24103,3774980,corner,1,0.9900,3,3312
24104,3775093,corner,1,0.9900,3,3313
24105,3775207,corner,1,0.9900,3,3314
24106,3775364,corner,1,0.9900,3,3315
24107,3775470,corner,1,0.9900,3,3316
24108,3775582,corner,1,1.0000,3,3317
24109,3775692,corner,1,1.0000,3,3318
24110,3775801,corner,1,1.0000,3,3319
24111,3775920,corner,1,1.0000,3,3320
24112,3776077,corner,1,1.0000,3,3321
24113,3776182,corner,1,1.0000,3,3322
24114,3776297,corner,1,1.0000,3,3323
24115,3776411,corner,1,1.0000,3,3324
24116,3776531,corner,1,1.0000,3,3325
24117,3776645,corner,1,1.0000,3,3326
24118,3776760,corner,1,1.0000,3,3327
24119,3776896,corner,1,1.0000,3,3328
24120,3777005,corner,1,1.0000,3,3329
24121,3777119,corner,1,1.0000,3,3330
24122,3777234,corner,1,1.0000,3,3331
24123,3777344,corner,1,1.0000,3,3332
24124,3777458,corner,1,1.0000,3,3333
24125,3777599,corner,1,1.0000,3,3334
24126,3777711,corner,1,1.0000,3,3335
24127,3777827,corner,1,1.0000,3,3336
24128,3777932,corner,1,1.0000,3,3337
24129,3778053,corner,1,1.0000,3,3338
24130,3778164,corner,1,1.0000,3,3339
24131,3778272,corner,1,1.0000,3,3340
24132,3778381,corner,1,1.0000,3,3341
24133,3778500,corner,1,1.0000,3,3342
24134,3778614,corner,1,1.0000,3,3343
24135,3778723,corner,1,1.0000,3,3344
24136,3778834,corner,1,1.0000,3,3345
24137,3780186,corner,1,1.0000,3,3346
24138,3780294,corner,1,1.0000,3,3347
24139,3780410,corner,1,1.0000,3,3348
24140,3780522,corner,1,1.0000,3,3349
24141,3780626,corner,1,1.0000,3,3350
24142,3780742,corner,1,1.0000,3,3351
24143,3780850,corner,1,1.0000,3,3352
24144,3780985,corner,1,1.0000,3,3353
24145,3781108,corner,1,1.0000,3,3354
24146,3781218,corner,1,1.0000,3,3355
24147,3781334,corner,1,1.0000,3,3356
24148,3781449,corner,1,1.0000,3,3357
24149,3781559,corner,1,1.0000,3,3358
24150,3781673,corner,1,1.0000,3,3359
24151,3781789,corner,1,1.0000,3,3360
24152,3781900,corner,0,0.9900,3,3361
24153,3782013,corner,1,0.9900,3,3362
24154,3782128,corner,1,0.9900,3,3363
24155,3782236,corner,1,0.9900,3,3364
24156,3782350,corner,1,0.9900,3,3365
24157,3782462,corner,1,0.9900,3,3366
24158,3782580,corner,1,0.9900,3,3367
24159,3782697,corner,1,0.9900,3,3368
24160,3782807,corner,1,0.9900,3,3369
24161,3782943,corner,1,0.9900,3,3370
24162,3783055,corner,1,0.9900,3,3371
24163,3783167,corner,1,0.9900,3,3372
24164,3783280,corner,1,0.9900,3,3373
24165,3783400,corner,1,0.9900,3,3374
24166,3783519,corner,1,0.9900,3,3375
24167,3783627,corner,1,0.9900,3,3376
24168,3783744,corner,1,0.9900,3,3377
24169,3783855,corner,1,0.9900,3,3378
24170,3783962,corner,1,0.9900,3,3379
24171,3784073,corner,1,0.9900,3,3380
24172,3784196,corner,1,0.9900,3,3381
24173,3784316,corner,1,0.9900,3,3382
24174,3784431,corner,1,0.9900,3,3383
24175,3784539,corner,1,0.9900,3,3384
24176,3784650,corner,1,0.9900,3,3385
24177,3784762,corner,1,0.9900,3,3386
24178,3784874,corner,1,0.9900,3,3387
24179,3784988,corner,1,0.9900,3,3388
24180,3785100,corner,1,0.9900,3,3389
24181,3785209,corner,1,0.9900,3,3390
24182,3785317,corner,1,0.9900,3,3391
24183,3785436,corner,1,0.9900,3,3392
24184,3785542,corner,1,0.9900,3,3393
24185,3785653,corner,1,0.9900,3,3394
24186,3785765,corner,1,0.9900,3,3395
24187,3785886,corner,1,0.9900,3,3396
24188,3786004,corner,1,0.9900,3,3397
24189,3786131,corner,1,0.9900,3,3398
24190,3786237,corner,1,0.9900,3,3399
24191,3786349,corner,1,0.9900,3,3400
24192,3786455,corner,1,0.9900,3,3401
24193,3786564,corner,1,0.9900,3,3402
24194,3786673,corner,1,0.9900,3,3403
24195,3786801,corner,1,0.9900,3,3404
24196,3786912,corner,1,0.9900,3,3405
24197,3787027,corner,1,0.9900,3,3406
24198,3787133,corner,1,0.9900,3,3407
24199,3787244,corner,1,0.9900,3,3408
24200,3787354,corner,1,0.9900,3,3409
24201,3787463,corner,1,0.9900,3,3410
24202,3787571,corner,1,0.9900,3,3411
24203,3787687,corner,1,0.9900,3,3412
24204,3787803,corner,1,0.9900,3,3413
24205,3787919,corner,1,0.9900,3,3414
24206,3788029,corner,1,0.9900,3,3415
24207,3788136,corner,1,0.9900,3,3416
24208,3788248,corner,1,0.9900,3,3417
24209,3788357,corner,1,0.9900,3,3418
24210,3788464,corner,1,0.9900,3,3419
24211,3788574,corner,1,0.9900,3,3420
24212,3788684,corner,1,0.9900,3,3421
24213,3788793,corner,1,0.9900,3,3422
24214,3788924,corner,1,0.9900,3,3423
24215,3789040,corner,1,0.9900,3,3424
24216,3789154,corner,1,0.9900,3,3425
24217,3789267,corner,1,0.9900,3,3426
24218,3789380,corner,1,0.9900,3,3427
24219,3789498,corner,1,0.9900,3,3428
24220,3789604,corner,1,0.9900,3,3429
24221,3789719,corner,1,0.9900,3,3430
24222,3789831,corner,1,0.9900,3,3431
24223,3789948,corner,1,0.9900,3,3432
24224,3790058,corner,1,0.9900,3,3433
24225,3790165,corner,1,0.9900,3,3434
24226,3790284,corner,1,0.9900,3,3435
24227,3790393,corner,1,0.9900,3,3436
24228,3790501,corner,1,0.9900,3,3437
24229,3790613,corner,1,0.9900,3,3438
24230,3790721,corner,1,0.9900,3,3439
24231,3790833,corner,1,0.9900,3,3440
24232,3790953,corner,1,0.9900,3,3441
24233,3791055,corner,1,0.9900,3,3442
24234,3791163,corner,1,0.9900,3,3443
24235,3791275,corner,1,0.9900,3,3444
24236,3791379,corner,1,0.9900,3,3445
24237,3791486,corner,1,0.9900,3,3446
24238,3791603,corner,1,0.9900,3,3447
24239,3791717,corner,1,0.9900,3,3448
24240,3791825,corner,1,0.9900,3,3449
24241,3791936,corner,1,0.9900,3,3450
24242,3792044,corner,1,0.9900,3,3451
24243,3792147,corner,1,0.9900,3,3452
24244,3792252,corner,1,0.9900,3,3453
24245,3792356,corner,1,0.9900,3,3454
24246,3792468,corner,1,0.9900,3,3455
24247,3792573,corner,1,0.9900,3,3456
24248,3792707,corner,1,0.9900,3,3457
24249,3792820,corner,1,0.9900,3,3458
24250,3792928,corner,1,0.9900,3,3459
24251,3793032,corner,1,0.9900,3,3460
24252,3793137,corner,0,0.9900,3,3461
24253,3793254,corner,1,0.9900,3,3462
24254,3793366,corner,1,0.9900,3,3463
24255,3793473,corner,1,0.9900,3,3464
24256,3793579,corner,1,0.9900,3,3465
24257,3793683,corner,1,0.9900,3,3466
24258,3793792,corner,1,0.9900,3,3467
24259,3793899,corner,1,0.9900,3,3468
24260,3794012,corner,1,0.9900,3,3469
24261,3794119,corner,1,0.9900,3,3470
24262,3794224,corner,1,0.9900,3,3471
24263,3794327,corner,1,0.9900,3,3472
24264,3794434,corner,1,0.9900,3,3473
24265,3794543,corner,1,0.9900,3,3474
24266,3794654,corner,1,0.9900,3,3475
24267,3794758,corner,1,0.9900,3,3476
24268,3794863,corner,1,0.9900,3,3477
24269,3794966,corner,1,0.9900,3,3478
24270,3796318,corner,1,0.9900,3,3479
24271,3796424,corner,1,0.9900,3,3480
24272,3796526,corner,1,0.9900,3,3481
24273,3796631,corner,1,0.9900,3,3482
24274,3796740,corner,1,0.9900,3,3483
24275,3796847,corner,1,0.9900,3,3484
24276,3796953,corner,1,0.9900,3,3485
24277,3797059,corner,1,0.9900,3,3486
24278,3797168,corner,1,0.9900,3,3487
24279,3797272,corner,1,0.9900,3,3488
24280,3797378,corner,1,0.9900,3,3489
24281,3797481,corner,1,0.9900,3,3490
24282,3797585,corner,1,0.9900,3,3491
24283,3797690,corner,1,0.9900,3,3492
24284,3797799,corner,1,0.9900,3,3493
24285,3797901,corner,1,0.9900,3,3494
24286,3798009,corner,1,0.9900,3,3495
24287,3798120,corner,1,0.9900,3,3496
24288,3798228,corner,1,0.9900,3,3497
24289,3798332,corner,1,0.9900,3,3498
24290,3798438,corner,1,0.9900,3,3499
24291,3798548,corner,1,0.9900,3,3500
24292,3798652,corner,1,0.9900,3,3501
24293,3798767,corner,1,0.9900,3,3502
24294,3798871,corner,1,0.9900,3,3503
24295,3798976,corner,1,0.9900,3,3504
24296,3799082,corner,1,0.9900,3,3505
24297,3799193,corner,1,0.9900,3,3506
24298,3799301,corner,1,0.9900,3,3507
24299,3799413,corner,1,0.9900,3,3508
24300,3799526,corner,1,0.9900,3,3509
24301,3799629,corner,1,0.9900,3,3510
24302,3799748,corner,1,0.9900,3,3511
24303,3799859,corner,1,0.9900,3,3512
24304,3799969,corner,1,0.9900,3,3513
24305,3800078,corner,1,0.9900,3,3514
24306,3800187,corner,1,0.9900,3,3515
24307,3800292,corner,1,0.9900,3,3516
24308,3800398,corner,1,0.9900,3,3517
24309,3800506,corner,1,0.9900,3,3518
24310,3800612,corner,1,0.9900,3,3519
24311,3800722,corner,1,0.9900,3,3520
24312,3800826,corner,1,0.9900,3,3521
24313,3800932,corner,1,0.9900,3,3522
24314,3801039,corner,1,0.9900,3,3523
24315,3801150,corner,1,0.9900,3,3524
24316,3801257,corner,1,0.9900,3,3525
24317,3801367,corner,1,0.9900,3,3526
24318,3801474,corner,1,0.9900,3,3527
24319,3801583,corner,1,0.9900,3,3528
24320,3801690,corner,1,0.9900,3,3529
24321,3801805,corner,1,0.9900,3,3530
24322,3801916,corner,1,0.9900,3,3531
24323,3802032,corner,1,0.9900,3,3532
24324,3802147,corner,1,0.9900,3,3533
24325,3802257,corner,1,0.9900,3,3534
24326,3802361,corner,1,0.9900,3,3535
24327,3802468,corner,1,0.9900,3,3536
24328,3802579,corner,1,0.9900,3,3537
24329,3802685,corner,1,0.9900,3,3538
24330,3802805,corner,1,0.9900,3,3539
24331,3802906,corner,1,0.9900,3,3540
24332,3803010,corner,1,0.9900,3,3541
24333,3803116,corner,1,0.9900,3,3542
24334,3803237,corner,1,0.9900,3,3543
24335,3803342,corner,1,0.9900,3,3544
24336,3803448,corner,1,0.9900,3,3545
24337,3803551,corner,1,0.9900,3,3546
24338,3803661,corner,1,0.9900,3,3547
24339,3803769,corner,1,0.9900,3,3548
24340,3803873,corner,1,0.9900,3,3549
24341,3803979,corner,1,0.9900,3,3550
24342,3804090,corner,1,0.9900,3,3551
24343,3804196,corner,1,0.9900,3,3552
24344,3804302,corner,1,0.9900,3,3553
24345,3804405,corner,1,0.9900,3,3554
24346,3804512,corner,1,0.9900,3,3555
24347,3804621,corner,1,0.9900,3,3556
24348,3804726,corner,1,0.9900,3,3557
24349,3804829,corner,1,0.9900,3,3558
24350,3804939,corner,1,0.9900,3,3559
24351,3805041,corner,1,0.9900,3,3560
24352,3805146,corner,1,1.0000,3,3561
24353,3805252,corner,1,1.0000,3,3562
24354,3805355,corner,1,1.0000,3,3563
24355,3805466,corner,1,1.0000,3,3564
24356,3805576,corner,1,1.0000,3,3565
24357,3805682,corner,1,1.0000,3,3566
24358,3805791,corner,1,1.0000,3,3567
24359,3805896,corner,1,1.0000,3,3568
24360,3806009,corner,1,1.0000,3,3569
24361,3806117,corner,1,1.0000,3,3570
24362,3806223,corner,1,1.0000,3,3571
24363,3806331,corner,1,1.0000,3,3572
24364,3806454,corner,1,1.0000,3,3573
24365,3806557,corner,1,1.0000,3,3574
24366,3806667,corner,1,1.0000,3,3575
24367,3806773,corner,1,1.0000,3,3576
24368,3806876,corner,1,1.0000,3,3577
24369,3806982,corner,1,1.0000,3,3578
24370,3807085,corner,1,1.0000,3,3579
24371,3807195,corner,1,1.0000,3,3580
24372,3807297,corner,1,1.0000,3,3581
24373,3807404,corner,1,1.0000,3,3582
24374,3807507,corner,1,1.0000,3,3583
24375,3807612,corner,1,1.0000,3,3584
24376,3807717,corner,1,1.0000,3,3585
24377,3807829,corner,1,1.0000,3,3586
24378,3807938,corner,1,1.0000,3,3587
24379,3808047,corner,1,1.0000,3,3588
24380,3808150,corner,1,1.0000,3,3589
24381,3808254,corner,1,1.0000,3,3590
24382,3808363,corner,1,1.0000,3,3591
24383,3808468,corner,1,1.0000,3,3592
24384,3808573,corner,1,1.0000,3,3593
24385,3808679,corner,1,1.0000,3,3594
24386,3808785,corner,1,1.0000,3,3595
24387,3808888,corner,1,1.0000,3,3596
24388,3808994,corner,1,1.0000,3,3597
24389,3809103,corner,1,1.0000,3,3598
24390,3809215,corner,1,1.0000,3,3599
24391,3809319,corner,1,1.0000,3,3600
24392,3809424,corner,1,1.0000,3,3601
24393,3809530,corner,1,1.0000,3,3602
24394,3809637,corner,1,1.0000,3,3603
24395,3809743,corner,1,1.0000,3,3604
24396,3809847,corner,1,1.0000,3,3605
24397,3810167,corner,1,1.0000,3,3606
24398,3810274,corner,1,1.0000,3,3607
24399,3810385,corner,1,1.0000,3,3608
24400,3810491,corner,1,1.0000,3,3609
24401,3810594,corner,1,1.0000,3,3610
24402,3810701,corner,1,1.0000,3,3611
24403,3810807,corner,1,1.0000,3,3612
24404,3810908,corner,1,1.0000,3,3613
24405,3811013,corner,1,1.0000,3,3614
24406,3811121,corner,1,1.0000,3,3615
24407,3811230,corner,1,1.0000,3,3616
24408,3811339,corner,1,1.0000,3,3617
24409,3811443,corner,1,1.0000,3,3618
24410,3811548,corner,1,1.0000,3,3619
24411,3811653,corner,1,1.0000,3,3620
24412,3811757,corner,1,1.0000,3,3621
24413,3811871,corner,1,1.0000,3,3622
24414,3812004,corner,1,1.0000,3,3623
24415,3812113,corner,1,1.0000,3,3624
24416,3812220,corner,1,1.0000,3,3625
24417,3812322,corner,1,1.0000,3,3626
24418,3812426,corner,1,1.0000,3,3627
24419,3812532,corner,1,1.0000,3,3628
24420,3812637,corner,1,1.0000,3,3629
24421,3812747,corner,1,1.0000,3,3630
24422,3812852,corner,1,1.0000,3,3631
24423,3813396,corner,1,1.0000,3,3632
24424,3813506,corner,1,1.0000,3,3633
24425,3813609,corner,1,1.0000,3,3634
24426,3813715,corner,1,1.0000,3,3635
24427,3813821,corner,1,1.0000,3,3636
24428,3813932,corner,1,1.0000,3,3637
24429,3814044,corner,1,1.0000,3,3638
24430,3814156,corner,1,1.0000,3,3639
24431,3814269,corner,1,1.0000,3,3640
24432,3814376,corner,1,1.0000,3,3641
24433,3814484,corner,1,1.0000,3,3642
24434,3814591,corner,1,1.0000,3,3643
24435,3814693,corner,1,1.0000,3,3644
24436,3814826,corner,1,1.0000,3,3645
24437,3814974,corner,1,1.0000,3,3646
24438,3815083,corner,1,1.0000,3,3647
24439,3815187,corner,1,1.0000,3,3648
24440,3815299,corner,1,1.0000,3,3649
24441,3815410,corner,1,1.0000,3,3650
24442,3815515,corner,1,1.0000,3,3651
24443,3815620,corner,1,1.0000,3,3652
24444,3815727,corner,1,1.0000,3,3653
24445,3815835,corner,1,1.0000,3,3654
24446,3815943,corner,1,1.0000,3,3655
24447,3816050,corner,1,1.0000,3,3656
24448,3816153,corner,1,1.0000,3,3657
24449,3816257,corner,1,1.0000,3,3658
24450,3816372,corner,1,1.0000,3,3659
24451,3816478,corner,1,1.0000,3,3660
24452,3816584,corner,1,1.0000,3,3661
24453,3816692,corner,1,1.0000,3,3662
24454,3816795,corner,0,0.9900,3,3663
24455,3816914,corner,1,0.9900,3,3664
24456,3817017,corner,1,0.9900,3,3665
24457,3817127,corner,1,0.9900,3,3666
24458,3817238,corner,1,0.9900,3,3667
24459,3817409,corner,1,0.9900,3,3668
24460,3817515,corner,1,0.9900,3,3669
24461,3817621,corner,1,0.9900,3,3670
24462,3817726,corner,1,0.9900,3,3671
24463,3817831,corner,1,0.9900,3,3672
24464,3817934,corner,1,0.9900,3,3673
24465,3818038,corner,1,0.9900,3,3674
24466,3818149,corner,0,0.9800,3,3675
24467,3818261,corner,1,0.9800,3,3676
24468,3818369,corner,1,0.9800,3,3677
24469,3818481,corner,1,0.9800,3,3678
24470,3818587,corner,1,0.9800,3,3679
24471,3818697,corner,0,0.9700,3,3680
24472,3818802,corner,1,0.9700,3,3681
24473,3818914,corner,1,0.9700,3,3682
24474,3819021,corner,1,0.9700,3,3683
24475,3819126,corner,1,0.9700,3,3684
24476,3819229,corner,1,0.9700,3,3685
24477,3819347,corner,1,0.9700,3,3686
24478,3819452,corner,1,0.9700,3,3687
24479,3819557,corner,1,0.9700,3,3688
24480,3819667,corner,1,0.9700,3,3689
24481,3819775,corner,1,0.9700,3,3690
24482,3821127,corner,1,0.9700,3,3691
24483,3821231,corner,1,0.9700,3,3692
24484,3821392,corner,1,0.9700,3,3693
24485,3821501,corner,1,0.9700,3,3694
24486,3821608,corner,1,0.9700,3,3695
24487,3821713,corner,1,0.9700,3,3696
24488,3821813,corner,0,0.9600,3,3697
24489,3821927,corner,1,0.9600,3,3698
24490,3822034,corner,1,0.9600,3,3699
24491,3822137,corner,1,0.9600,3,3700
24492,3822241,corner,1,0.9600,3,3701
24493,3822349,corner,1,0.9600,3,3702
24494,3822455,corner,0,0.9500,3,3703
24495,3822560,corner,1,0.9500,3,3704
24496,3822667,corner,1,0.9500,3,3705
24497,3822777,corner,1,0.9500,3,3706
24498,3822881,corner,1,0.9500,3,3707
24499,3822991,corner,1,0.9500,3,3708
24500,3823100,corner,1,0.9500,3,3709
24501,3823211,corner,1,0.9500,3,3710
24502,3823364,corner,1,0.9500,3,3711
24503,3823472,corner,1,0.9500,3,3712
24504,3823580,corner,1,0.9500,3,3713
24505,3823687,corner,1,0.9500,3,3714
24506,3823792,corner,1,0.9500,3,3715
24507,3823905,corner,1,0.9500,3,3716
24508,3824030,corner,1,0.9500,3,3717
24509,3824135,corner,1,0.9500,3,3718
24510,3824244,corner,1,0.9500,3,3719
24511,3824351,corner,1,0.9500,3,3720
24512,3824465,corner,1,0.9500,3,3721
24513,3824570,corner,1,0.9500,3,3722
24514,3824674,corner,1,0.9500,3,3723
24515,3824783,corner,1,0.9500,3,3724
24516,3824894,corner,1,0.9500,3,3725
24517,3825003,corner,1,0.9500,3,3726
24518,3825117,corner,1,0.9500,3,3727
24519,3825228,corner,1,0.9500,3,3728
24520,3825337,corner,1,0.9500,3,3729
24521,3825448,corner,1,0.9500,3,3730
24522,3825555,corner,1,0.9500,3,3731
24523,3825668,corner,1,0.9500,3,3732
24524,3825772,corner,1,0.9500,3,3733
24525,3825880,corner,1,0.9500,3,3734
24526,3825983,corner,1,0.9500,3,3735
24527,3826095,corner,1,0.9500,3,3736
24528,3826203,corner,1,0.9500,3,3737
24529,3826309,corner,1,0.9500,3,3738
24530,3826417,corner,1,0.9500,3,3739
24531,3826528,corner,1,0.9500,3,3740
24532,3826633,corner,1,0.9500,3,3741
24533,3826839,corner,1,0.9500,3,3742
24534,3826958,corner,1,0.9500,3,3743
24535,3827064,corner,1,0.9500,3,3744
24536,3827167,corner,1,0.9500,3,3745
24537,3827307,corner,1,0.9500,3,3746
24538,3827413,corner,1,0.9500,3,3747
24539,3827520,corner,1,0.9500,3,3748
24540,3827634,corner,1,0.9500,3,3749
24541,3827744,corner,1,0.9500,3,3750
24542,3827855,corner,1,0.9500,3,3751
24543,3828060,corner,1,0.9500,3,3752
24544,3828172,corner,1,0.9500,3,3753
24545,3828286,corner,1,0.9500,3,3754
24546,3828391,corner,1,0.9500,3,3755
24547,3828538,corner,1,0.9500,3,3756
24548,3828657,corner,1,0.9500,3,3757
24549,3828761,corner,1,0.9500,3,3758
24550,3828867,corner,1,0.9500,3,3759
24551,3828991,corner,1,0.9500,3,3760
24552,3829098,corner,1,0.9500,3,3761
24553,3829209,corner,1,0.9500,3,3762
24554,3829313,corner,1,0.9600,3,3763
24555,3829417,corner,1,0.9600,3,3764
24556,3829526,corner,1,0.9600,3,3765
24557,3829635,corner,1,0.9600,3,3766
24558,3829745,corner,1,0.9600,3,3767
24559,3829862,corner,1,0.9600,3,3768
24560,3829972,corner,1,0.9600,3,3769
24561,3830083,corner,1,0.9600,3,3770
24562,3830218,corner,1,0.9600,3,3771
24563,3830323,corner,1,0.9600,3,3772
24564,3830436,corner,1,0.9600,3,3773
24565,3830544,corner,1,0.9600,3,3774
24566,3830653,corner,1,0.9700,3,3775
24567,3830804,corner,1,0.9700,3,3776
24568,3830980,corner,1,0.9700,3,3777
24569,3831084,corner,1,0.9700,3,3778
24570,3831192,corner,1,0.9700,3,3779
24571,3831301,corner,1,0.9800,3,3780
24572,3831407,corner,1,0.9800,3,3781
24573,3831514,corner,1,0.9800,3,3782
24574,3831625,corner,1,0.9800,3,3783
24575,3831737,corner,1,0.9800,3,3784
24576,3831844,corner,1,0.9800,3,3785
24577,3831951,corner,1,0.9800,3,3786
24578,3832067,corner,1,0.9800,3,3787
24579,3832179,corner,1,0.9800,3,3788
24580,3832285,corner,1,0.9800,3,3789
24581,3832396,corner,1,0.9800,3,3790
24582,3832506,corner,1,0.9800,3,3791
24583,3832691,corner,1,0.9800,3,3792
24584,3832802,corner,1,0.9800,3,3793
24585,3832908,corner,1,0.9800,3,3794
24586,3833021,corner,1,0.9800,3,3795
24587,3833133,corner,1,0.9800,3,3796
24588,3833246,corner,1,0.9900,3,3797
24589,3833356,corner,1,0.9900,3,3798
24590,3833465,corner,1,0.9900,3,3799
24591,3833576,corner,1,0.9900,3,3800
24592,3833690,corner,1,0.9900,3,3801
24593,3833798,corner,1,0.9900,3,3802
24594,3833908,corner,1,1.0000,3,3803
24595,3834024,corner,1,1.0000,3,3804
24596,3834137,corner,1,1.0000,3,3805
24597,3834247,corner,1,1.0000,3,3806
24598,3834351,corner,1,1.0000,3,3807
24599,3834462,corner,1,1.0000,3,3808
24600,3834574,corner,1,1.0000,3,3809
24601,3834685,corner,1,1.0000,3,3810
24602,3834797,corner,1,1.0000,3,3811
24603,3834910,corner,1,1.0000,3,3812
24604,3835017,corner,1,1.0000,3,3813
24605,3835131,corner,1,1.0000,3,3814
24606,3835303,corner,1,1.0000,3,3815
24607,3835423,corner,1,1.0000,3,3816
24608,3835537,corner,1,1.0000,3,3817
24609,3835644,corner,1,1.0000,3,3818
24610,3835747,corner,1,1.0000,3,3819
24611,3835857,corner,1,1.0000,3,3820
24612,3835967,corner,1,1.0000,3,3821
24613,3836076,corner,1,1.0000,3,3822
24614,3836184,corner,1,1.0000,3,3823
24615,3836299,corner,1,1.0000,3,3824
24616,3836408,corner,1,1.0000,3,3825
24617,3836513,corner,1,1.0000,3,3826
24618,3836621,corner,1,1.0000,3,3827
24619,3836731,corner,1,1.0000,3,3828
24620,3836838,corner,1,1.0000,3,3829
24621,3836948,corner,1,1.0000,3,3830
24622,3837055,corner,1,1.0000,3,3831
24623,3837163,corner,1,1.0000,3,3832
24624,3837265,corner,1,1.0000,3,3833
24625,3837370,corner,1,1.0000,3,3834
24626,3837475,corner,1,1.0000,3,3835
24627,3837586,corner,1,1.0000,3,3836
24628,3837699,corner,1,1.0000,3,3837
24629,3837812,corner,1,1.0000,3,3838
24630,3837921,corner,1,1.0000,3,3839
24631,3838028,corner,1,1.0000,3,3840
24632,3838138,corner,1,1.0000,3,3841
24633,3838250,corner,1,1.0000,3,3842
24634,3838365,corner,1,1.0000,3,3843
24635,3838475,corner,1,1.0000,3,3844
24636,3838582,corner,1,1.0000,3,3845
24637,3838694,corner,1,1.0000,3,3846
24638,3838802,corner,1,1.0000,3,3847
24639,3838951,corner,1,1.0000,3,3848
24640,3839062,corner,1,1.0000,3,3849
24641,3839167,corner,1,1.0000,3,3850
24642,3839277,corner,1,1.0000,3,3851
24643,3839419,corner,1,1.0000,3,3852
24644,3839525,corner,1,1.0000,3,3853
24645,3839632,corner,1,1.0000,3,3854
24646,3839736,corner,1,1.0000,3,3855
24647,3839842,corner,1,1.0000,3,3856
24648,3839945,corner,1,1.0000,3,3857
24649,3840049,corner,1,1.0000,3,3858
24650,3840159,corner,1,1.0000,3,3859
24651,3840266,corner,1,1.0000,3,3860
24652,3840371,corner,1,1.0000,3,3861
24653,3840486,corner,1,1.0000,3,3862
24654,3840597,corner,1,1.0000,3,3863
24655,3840709,corner,1,1.0000,3,3864
24656,3840815,corner,1,1.0000,3,3865
24657,3840924,corner,1,1.0000,3,3866
24658,3841034,corner,1,1.0000,3,3867
24659,3841147,corner,1,1.0000,3,3868
24660,3841256,corner,1,1.0000,3,3869
24661,3841366,corner,1,1.0000,3,3870
24662,3841476,corner,1,1.0000,3,3871
24663,3841583,corner,1,1.0000,3,3872
24664,3841695,corner,1,1.0000,3,3873
24665,3841806,corner,1,1.0000,3,3874
24666,3841922,corner,1,1.0000,3,3875
24667,3842029,corner,1,1.0000,3,3876
24668,3842142,corner,1,1.0000,3,3877
24669,3842254,corner,1,1.0000,3,3878
24670,3842369,corner,1,1.0000,3,3879
24671,3842478,corner,1,1.0000,3,3880
24672,3842583,corner,1,1.0000,3,3881
24673,3842696,corner,1,1.0000,3,3882
24674,3842807,corner,1,1.0000,3,3883
24675,3842920,corner,1,1.0000,3,3884
24676,3843031,corner,1,1.0000,3,3885
24677,3843182,corner,1,1.0000,3,3886
24678,3843292,corner,1,1.0000,3,3887
24679,3843402,corner,1,1.0000,3,3888
24680,3843515,corner,1,1.0000,3,3889
24681,3843628,corner,1,1.0000,3,3890
24682,3843737,corner,1,1.0000,3,3891
24683,3843845,corner,1,1.0000,3,3892
24684,3843955,corner,1,1.0000,3,3893
24685,3844065,corner,1,1.0000,3,3894
24686,3844210,corner,1,1.0000,3,3895
24687,3844316,corner,1,1.0000,3,3896
24688,3844424,corner,1,1.0000,3,3897
24689,3844530,corner,1,1.0000,3,3898
24690,3844639,corner,1,1.0000,3,3899
24691,3844747,corner,1,1.0000,3,3900
24692,3844858,corner,1,1.0000,3,3901
24693,3844975,corner,1,1.0000,3,3902
24694,3845085,corner,1,1.0000,3,3903
24695,3845195,corner,1,1.0000,3,3904
24696,3845304,corner,1,1.0000,3,3905
24697,3845418,corner,1,1.0000,3,3906
24698,3845528,corner,1,1.0000,3,3907
24699,3845636,corner,1,1.0000,3,3908
24700,3845750,corner,1,1.0000,3,3909
24701,3845865,corner,1,1.0000,3,3910
24702,3845980,corner,1,1.0000,3,3911
24703,3846086,corner,1,1.0000,3,3912
24704,3846193,corner,1,1.0000,3,3913
24705,3846307,corner,1,1.0000,3,3914
24706,3846420,corner,1,1.0000,3,3915
24707,3846534,corner,1,1.0000,3,3916
24708,3846640,corner,1,1.0000,3,3917
24709,3846752,corner,1,1.0000,3,3918
24710,3846863,corner,1,1.0000,3,3919
24711,3846979,corner,1,1.0000,3,3920
24712,3847089,corner,1,1.0000,3,3921
24713,3847193,corner,1,1.0000,3,3922
24714,3847307,corner,1,1.0000,3,3923
24715,3847422,corner,1,1.0000,3,3924
24716,3847532,corner,1,1.0000,3,3925
24717,3847643,corner,1,1.0000,3,3926
24718,3847755,corner,1,1.0000,3,3927
24719,3847877,corner,1,1.0000,3,3928
24720,3847986,corner,1,1.0000,3,3929
24721,3848094,corner,1,1.0000,3,3930
24722,3848207,corner,1,1.0000,3,3931
24723,3848311,corner,1,1.0000,3,3932
24724,3848420,corner,1,1.0000,3,3933
24725,3848536,corner,1,1.0000,3,3934
24726,3848649,corner,1,1.0000,3,3935
24727,3848758,corner,1,1.0000,3,3936
24728,3848867,corner,1,1.0000,3,3937
24729,3848981,corner,1,1.0000,3,3938
24730,3849092,corner,1,1.0000,3,3939
24731,3849204,corner,1,1.0000,3,3940
24732,3849310,corner,1,1.0000,3,3941
24733,3849421,corner,1,1.0000,3,3942
24734,3849531,corner,1,1.0000,3,3943
24735,3849636,corner,1,1.0000,3,3944
24736,3849749,corner,1,1.0000,3,3945
24737,3849863,corner,1,1.0000,3,3946
24738,3849973,corner,1,1.0000,3,3947
24739,3850082,corner,1,1.0000,3,3948
24740,3850192,corner,1,1.0000,3,3949
24741,3850300,corner,1,1.0000,3,3950
24742,3850406,corner,1,1.0000,3,3951
24743,3850513,corner,1,1.0000,3,3952
24744,3850617,corner,1,1.0000,3,3953
24745,3850726,corner,1,1.0000,3,3954
24746,3850834,corner,1,1.0000,3,3955
24747,3850974,corner,1,1.0000,3,3956
24748,3851085,corner,1,1.0000,3,3957
24749,3851195,corner,1,1.0000,3,3958
24750,3851306,corner,1,1.0000,3,3959
24751,3851410,corner,1,1.0000,3,3960
24752,3851515,corner,1,1.0000,3,3961
24753,3851621,corner,1,1.0000,3,3962
24754,3851724,corner,1,1.0000,3,3963
24755,3851835,corner,1,1.0000,3,3964
24756,3851948,corner,1,1.0000,3,3965
24757,3852056,corner,1,1.0000,3,3966
24758,3852161,corner,1,1.0000,3,3967
24759,3852270,corner,1,1.0000,3,3968
24760,3852377,corner,1,1.0000,3,3969
24761,3852485,corner,1,1.0000,3,3970
24762,3852590,corner,1,1.0000,3,3971
24763,3852699,corner,1,1.0000,3,3972
24764,3852805,corner,1,1.0000,3,3973
24765,3852908,corner,1,1.0000,3,3974
24766,3853015,corner,1,1.0000,3,3975
24767,3853123,corner,1,1.0000,3,3976
24768,3853235,corner,1,1.0000,3,3977
24769,3853343,corner,1,1.0000,3,3978
24770,3853452,corner,1,1.0000,3,3979
24771,3853560,corner,1,1.0000,3,3980
24772,3853668,corner,1,1.0000,3,3981
24773,3853777,corner,1,1.0000,3,3982
24774,3853884,corner,1,1.0000,3,3983
24775,3853993,corner,1,1.0000,3,3984
24776,3854109,corner,1,1.0000,3,3985
24777,3854223,corner,1,1.0000,3,3986
24778,3854328,corner,1,1.0000,3,3987
24779,3854436,corner,1,1.0000,3,3988
24780,3854540,corner,1,1.0000,3,3989
24781,3854643,corner,1,1.0000,3,3990
24782,3854752,corner,1,1.0000,3,3991
24783,3854861,corner,1,1.0000,3,3992
24784,3854967,corner,1,1.0000,3,3993
24785,3855075,corner,1,1.0000,3,3994
24786,3855180,corner,1,1.0000,3,3995
24787,3855289,corner,1,1.0000,3,3996
24788,3855396,corner,1,1.0000,3,3997
24789,3855505,corner,1,1.0000,3,3998
24790,3855615,corner,1,1.0000,3,3999
24791,3855720,corner,1,1.0000,3,4000
24792,3855827,corner,1,1.0000,3,4001
24793,3855939,corner,1,1.0000,3,4002
24794,3856047,corner,1,1.0000,3,4003
24795,3856154,corner,1,1.0000,3,4004
24796,3856261,corner,1,1.0000,3,4005
24797,3856368,corner,1,1.0000,3,4006
24798,3856471,corner,1,1.0000,3,4007
24799,3856578,corner,1,1.0000,3,4008
24800,3856686,corner,1,1.0000,3,4009
24801,3856794,corner,1,1.0000,3,4010
24802,3856897,corner,1,1.0000,3,4011
24803,3857000,corner,1,1.0000,3,4012
24804,3857109,corner,1,1.0000,3,4013
24805,3857253,corner,1,1.0000,3,4014
24806,3857359,corner,1,1.0000,3,4015
24807,3857468,corner,1,1.0000,3,4016
24808,3857576,corner,1,1.0000,3,4017
24809,3857683,corner,1,1.0000,3,4018
24810,3857791,corner,1,1.0000,3,4019
24811,3857904,corner,1,1.0000,3,4020
24812,3858013,corner,1,1.0000,3,4021
24813,3858117,corner,1,1.0000,3,4022
24814,3858225,corner,1,1.0000,3,4023
24815,3858333,corner,1,1.0000,3,4024
24816,3858440,corner,1,1.0000,3,4025
24817,3858549,corner,1,1.0000,3,4026
24818,3858657,corner,1,1.0000,3,4027
24819,3858807,corner,1,1.0000,3,4028
24820,3858910,corner,1,1.0000,3,4029
24821,3859039,corner,1,1.0000,3,4030
24822,3859150,corner,1,1.0000,3,4031
24823,3859260,corner,1,1.0000,3,4032
24824,3859375,corner,1,1.0000,3,4033
24825,3859483,corner,1,1.0000,3,4034
24826,3859590,corner,1,1.0000,3,4035
24827,3859703,corner,1,1.0000,3,4036
24828,3859809,corner,1,1.0000,3,4037
24829,3859912,corner,1,1.0000,3,4038
24830,3860067,corner,1,1.0000,3,4039
24831,3860175,corner,1,1.0000,3,4040
24832,3860283,corner,1,1.0000,3,4041
24833,3860394,corner,1,1.0000,3,4042
24834,3860505,corner,1,1.0000,3,4043
24835,3860614,corner,1,1.0000,3,4044
24836,3860721,corner,1,1.0000,3,4045
24837,3860835,corner,1,1.0000,3,4046
24838,3860942,corner,1,1.0000,3,4047
24839,3861051,corner,1,1.0000,3,4048
24840,3861157,corner,1,1.0000,3,4049
24841,3861270,corner,1,1.0000,3,4050
24842,3861380,corner,1,1.0000,3,4051
24843,3861489,corner,1,1.0000,3,4052
24844,3861600,corner,1,1.0000,3,4053
24845,3861705,corner,1,1.0000,3,4054
24846,3861811,corner,1,1.0000,3,4055
24847,3861916,corner,1,1.0000,3,4056
24848,3862026,corner,1,1.0000,3,4057
24849,3862135,corner,1,1.0000,3,4058
24850,3862240,corner,1,1.0000,3,4059
24851,3862345,corner,1,1.0000,3,4060
24852,3862451,corner,1,1.0000,3,4061
24853,3862556,corner,1,1.0000,3,4062
24854,3862662,corner,1,1.0000,3,4063
24855,3862771,corner,1,1.0000,3,4064
24856,3862885,corner,1,1.0000,3,4065
24857,3862987,corner,1,1.0000,3,4066
24858,3863095,corner,1,1.0000,3,4067
24859,3863205,corner,1,1.0000,3,4068
24860,3863311,corner,1,1.0000,3,4069
24861,3863417,corner,1,1.0000,3,4070
24862,3863521,corner,1,1.0000,3,4071
24863,3863627,corner,1,1.0000,3,4072
24864,3863731,corner,1,1.0000,3,4073
24865,3863840,corner,1,1.0000,3,4074
24866,3863948,corner,1,1.0000,3,4075
24867,3864066,corner,1,1.0000,3,4076
24868,3864177,corner,1,1.0000,3,4077
24869,3864284,corner,1,1.0000,3,4078
24870,3864387,corner,1,1.0000,3,4079
24871,3864494,corner,1,1.0000,3,4080
24872,3864603,corner,1,1.0000,3,4081
24873,3864708,corner,1,1.0000,3,4082
24874,3864820,corner,1,1.0000,3,4083
24875,3864936,corner,0,0.9900,3,4084
24876,3865045,corner,1,0.9900,3,4085
24877,3865152,corner,1,0.9900,3,4086
24878,3865259,corner,1,0.9900,3,4087
24879,3865367,corner,1,0.9900,3,4088
24880,3865474,corner,1,0.9900,3,4089
24881,3865582,corner,1,0.9900,3,4090
24882,3865688,corner,1,0.9900,3,4091
24883,3865796,corner,1,0.9900,3,4092
24884,3865902,corner,1,0.9900,3,4093
24885,3866011,corner,1,0.9900,3,4094
24886,3866123,corner,1,0.9900,3,4095
24887,3866230,corner,1,0.9900,3,4096
24888,3866337,corner,1,0.9900,3,4097
24889,3866444,corner,1,0.9900,3,4098
24890,3866552,corner,1,0.9900,3,4099
24891,3866663,corner,1,0.9900,3,4100
24892,3866772,corner,1,0.9900,3,4101
24893,3866880,corner,1,0.9900,3,4102
24894,3866988,corner,1,0.9900,3,4103
24895,3867094,corner,1,0.9900,3,4104
24896,3867199,corner,1,0.9900,3,4105
24897,3867332,corner,1,0.9900,3,4106
24898,3867437,corner,1,0.9900,3,4107
24899,3867542,corner,1,0.9900,3,4108
24900,3867643,corner,0,0.9800,3,4109
24901,3867753,corner,1,0.9800,3,4110
24902,3867861,corner,1,0.9800,3,4111
24903,3867970,corner,1,0.9800,3,4112
24904,3868085,corner,1,0.9800,3,4113
24905,3868191,corner,1,0.9800,3,4114
24906,3868298,corner,1,0.9800,3,4115
24907,3868409,corner,1,0.9800,3,4116
24908,3868518,corner,1,0.9800,3,4117
24909,3868624,corner,1,0.9800,3,4118
24910,3868731,corner,1,0.9800,3,4119
24911,3868838,corner,1,0.9800,3,4120
24912,3868949,corner,1,0.9800,3,4121
24913,3869055,corner,1,0.9800,3,4122
24914,3869175,corner,1,0.9800,3,4123
24915,3869286,corner,1,0.9800,3,4124
24916,3869396,corner,1,0.9800,3,4125
24917,3869509,corner,1,0.9800,3,4126
24918,3869619,corner,1,0.9800,3,4127
24919,3869729,corner,1,0.9800,3,4128
24920,3869841,corner,1,0.9800,3,4129
24921,3869950,corner,1,0.9800,3,4130
24922,3870055,corner,1,0.9800,3,4131
24923,3870164,corner,1,0.9800,3,4132
24924,3870272,corner,1,0.9800,3,4133
24925,3870377,corner,1,0.9800,3,4134
24926,3870484,corner,1,0.9800,3,4135
24927,3870596,corner,1,0.9800,3,4136
24928,3870699,corner,1,0.9800,3,4137
24929,3870804,corner,1,0.9800,3,4138
24930,3870909,corner,1,0.9800,3,4139
24931,3871021,corner,1,0.9800,3,4140
24932,3871127,corner,1,0.9800,3,4141
24933,3871233,corner,1,0.9800,3,4142
24934,3871340,corner,1,0.9800,3,4143
24935,3871444,corner,1,0.9800,3,4144
24936,3871548,corner,1,0.9800,3,4145
24937,3871655,corner,1,0.9800,3,4146
24938,3871759,corner,1,0.9800,3,4147
24939,3871864,corner,1,0.9800,3,4148
24940,3871973,corner,1,0.9800,3,4149
24941,3872085,corner,1,0.9800,3,4150
24942,3872191,corner,1,0.9800,3,4151
24943,3872298,corner,1,0.9800,3,4152
24944,3872407,corner,1,0.9800,3,4153
24945,3872517,corner,1,0.9800,3,4154
24946,3872627,corner,1,0.9800,3,4155
24947,3872732,corner,1,0.9800,3,4156
24948,3872839,corner,1,0.9800,3,4157
24949,3872945,corner,1,0.9800,3,4158
24950,3873049,corner,1,0.9800,3,4159
24951,3873151,corner,1,0.9800,3,4160
24952,3873259,corner,1,0.9800,3,4161
24953,3873361,corner,1,0.9800,3,4162
24954,3873472,corner,1,0.9800,3,4163
24955,3873583,corner,1,0.9800,3,4164
24956,3873690,corner,1,0.9800,3,4165
24957,3873798,corner,1,0.9800,3,4166
24958,3873908,corner,1,0.9800,3,4167
24959,3874013,corner,1,0.9800,3,4168
24960,3874118,corner,1,0.9800,3,4169
24961,3874229,corner,1,0.9800,3,4170
24962,3874337,corner,1,0.9800,3,4171
24963,3874444,corner,1,0.9800,3,4172
24964,3874551,corner,1,0.9800,3,4173
24965,3874660,corner,1,0.9800,3,4174
24966,3874767,corner,1,0.9800,3,4175
24967,3874877,corner,1,0.9800,3,4176
24968,3874984,corner,1,0.9800,3,4177
24969,3875092,corner,1,0.9800,3,4178
24970,3875197,corner,1,0.9800,3,4179
24971,3875300,corner,1,0.9800,3,4180
24972,3875408,corner,1,0.9800,3,4181
24973,3875515,corner,1,0.9800,3,4182
24974,3875623,corner,1,0.9800,3,4183
24975,3875732,corner,1,0.9900,3,4184
24976,3875838,corner,1,0.9900,3,4185
24977,3875946,corner,1,0.9900,3,4186
24978,3876049,corner,1,0.9900,3,4187
24979,3876153,corner,1,0.9900,3,4188
24980,3876261,corner,1,0.9900,3,4189
24981,3876374,corner,1,0.9900,3,4190
24982,3876519,corner,1,0.9900,3,4191
24983,3876631,corner,1,0.9900,3,4192
24984,3876740,corner,1,0.9900,3,4193
24985,3876846,corner,1,0.9900,3,4194
24986,3878198,corner,1,0.9900,3,4195
24987,3878302,corner,1,0.9900,3,4196
24988,3878406,corner,1,0.9900,3,4197
24989,3878510,corner,1,0.9900,3,4198
24990,3878614,corner,1,0.9900,3,4199
24991,3878727,corner,1,0.9900,3,4200
24992,3878831,corner,1,0.9900,3,4201
24993,3878940,corner,1,0.9900,3,4202
24994,3879050,corner,1,0.9900,3,4203
24995,3879159,corner,1,0.9900,3,4204
24996,3879267,corner,1,0.9900,3,4205
24997,3879379,corner,1,0.9900,3,4206
24998,3879490,corner,1,0.9900,3,4207
24999,3879597,corner,1,0.9900,3,4208
25000,3879705,corner,1,1.0000,3,4209
25001,3879814,corner,1,1.0000,3,4210
25002,3879924,corner,1,1.0000,3,4211
25003,3880029,corner,1,1.0000,3,4212
25004,3880137,corner,1,1.0000,3,4213
25005,3880246,corner,1,1.0000,3,4214
25006,3880355,corner,1,1.0000,3,4215
25007,3880464,corner,1,1.0000,3,4216
25008,3880574,corner,1,1.0000,3,4217
25009,3880681,corner,1,1.0000,3,4218
25010,3880792,corner,1,1.0000,3,4219
25011,3880899,corner,1,1.0000,3,4220
25012,3881010,corner,1,1.0000,3,4221
25013,3881113,corner,1,1.0000,3,4222
25014,3881219,corner,1,1.0000,3,4223
25015,3881327,corner,1,1.0000,3,4224
25016,3881436,corner,1,1.0000,3,4225
25017,3881545,corner,1,1.0000,3,4226
25018,3881655,corner,1,1.0000,3,4227
25019,3881761,corner,1,1.0000,3,4228
25020,3881869,corner,1,1.0000,3,4229
25021,3881979,corner,1,1.0000,3,4230
25022,3882088,corner,1,1.0000,3,4231
25023,3882196,corner,1,1.0000,3,4232
25024,3882304,corner,1,1.0000,3,4233
25025,3882409,corner,1,1.0000,3,4234
25026,3882516,corner,1,1.0000,3,4235
25027,3882623,corner,1,1.0000,3,4236
25028,3882730,corner,1,1.0000,3,4237
25029,3882839,corner,1,1.0000,3,4238
25030,3882945,corner,0,0.9900,3,4239
25031,3883054,corner,1,0.9900,3,4240
25032,3883160,corner,1,0.9900,3,4241
25033,3883265,corner,1,0.9900,3,4242
25034,3883373,corner,1,0.9900,3,4243
25035,3883486,corner,1,0.9900,3,4244
25036,3883595,corner,1,0.9900,3,4245
25037,3883699,corner,1,0.9900,3,4246
25038,3883804,corner,1,0.9900,3,4247
25039,3883913,corner,1,0.9900,3,4248
25040,3884018,corner,1,0.9900,3,4249
25041,3884122,corner,1,0.9900,3,4250
25042,3884228,corner,1,0.9900,3,4251
25043,3884336,corner,1,0.9900,3,4252
25044,3884443,corner,1,0.9900,3,4253
25045,3884548,corner,1,0.9900,3,4254
25046,3884659,corner,1,0.9900,3,4255
25047,3884761,corner,1,0.9900,3,4256
25048,3884869,corner,1,0.9900,3,4257
25049,3884977,corner,1,0.9900,3,4258
25050,3885082,corner,1,0.9900,3,4259
25051,3885189,corner,1,0.9900,3,4260
25052,3885298,corner,1,0.9900,3,4261
25053,3885412,corner,1,0.9900,3,4262
25054,3885519,corner,1,0.9900,3,4263
25055,3885620,corner,1,0.9900,3,4264
25056,3885728,corner,1,0.9900,3,4265
25057,3885835,corner,1,0.9900,3,4266
25058,3885944,corner,1,0.9900,3,4267
25059,3886054,corner,1,0.9900,3,4268
25060,3886162,corner,1,0.9900,3,4269
25061,3886268,corner,1,0.9900,3,4270
25062,3886380,corner,1,0.9900,3,4271
25063,3886490,corner,1,0.9900,3,4272
25064,3886603,corner,1,0.9900,3,4273
25065,3887112,corner,1,0.9900,3,4274
25066,3887223,corner,1,0.9900,3,4275
25067,3887333,corner,1,0.9900,3,4276
25068,3887447,corner,1,0.9900,3,4277
25069,3887563,corner,1,0.9900,3,4278
25070,3887671,corner,1,0.9900,3,4279
25071,3887777,corner,1,0.9900,3,4280
25072,3887887,corner,1,0.9900,3,4281
25073,3887998,corner,1,0.9900,3,4282
25074,3888108,corner,1,0.9900,3,4283
25075,3888214,corner,1,0.9900,3,4284
25076,3888317,corner,1,0.9900,3,4285
25077,3888427,corner,1,0.9900,3,4286
25078,3888537,corner,1,0.9900,3,4287
25079,3888657,corner,1,0.9900,3,4288
25080,3888768,corner,1,0.9900,3,4289
25081,3888879,corner,1,0.9900,3,4290
25082,3888986,corner,1,0.9900,3,4291
25083,3889094,corner,1,0.9900,3,4292
25084,3889197,corner,1,0.9900,3,4293
25085,3889312,corner,1,0.9900,3,4294
25086,3889424,corner,1,0.9900,3,4295
25087,3889533,corner,1,0.9900,3,4296
25088,3889643,corner,1,0.9900,3,4297
25089,3889757,corner,1,0.9900,3,4298
25090,3889869,corner,1,0.9900,3,4299
25091,3889982,corner,1,0.9900,3,4300
25092,3890092,corner,1,0.9900,3,4301
25093,3890203,corner,1,0.9900,3,4302
25094,3890314,corner,1,0.9900,3,4303
25095,3890429,corner,1,0.9900,3,4304
25096,3890541,corner,1,0.9900,3,4305
25097,3890655,corner,1,0.9900,3,4306
25098,3890766,corner,1,0.9900,3,4307
25099,3890877,corner,1,0.9900,3,4308
25100,3890989,corner,1,0.9900,3,4309
25101,3891092,corner,1,0.9900,3,4310
25102,3891203,corner,1,0.9900,3,4311
25103,3891311,corner,1,0.9900,3,4312
25104,3891425,corner,1,0.9900,3,4313
25105,3891537,corner,1,0.9900,3,4314
25106,3891640,corner,1,0.9900,3,4315
25107,3891748,corner,1,0.9900,3,4316
25108,3891863,corner,1,0.9900,3,4317
25109,3891973,corner,1,0.9900,3,4318
25110,3892086,corner,1,0.9900,3,4319
25111,3892191,corner,1,0.9900,3,4320
25112,3892301,corner,1,0.9900,3,4321
25113,3892411,corner,1,0.9900,3,4322
25114,3892522,corner,1,0.9900,3,4323
25115,3892631,corner,1,0.9900,3,4324
25116,3892746,corner,1,0.9900,3,4325
25117,3892857,corner,1,0.9900,3,4326
25118,3892969,corner,1,0.9900,3,4327
25119,3893079,corner,1,0.9900,3,4328
25120,3893190,corner,1,0.9900,3,4329
25121,3893299,corner,1,0.9900,3,4330
25122,3893405,corner,1,0.9900,3,4331
25123,3893518,corner,1,0.9900,3,4332
25124,3893628,corner,1,0.9900,3,4333
25125,3893736,corner,1,0.9900,3,4334
25126,3893852,corner,1,0.9900,3,4335
25127,3893960,corner,1,0.9900,3,4336
25128,3894069,corner,1,0.9900,3,4337
25129,3894181,corner,1,0.9900,3,4338
25130,3894288,corner,1,1.0000,3,4339
25131,3894393,corner,1,1.0000,3,4340
25132,3894506,corner,1,1.0000,3,4341
25133,3894621,corner,1,1.0000,3,4342
25134,3894732,corner,1,1.0000,3,4343
25135,3894839,corner,1,1.0000,3,4344
25136,3894945,corner,1,1.0000,3,4345
25137,3895060,corner,1,1.0000,3,4346
25138,3895168,corner,1,1.0000,3,4347
25139,3895282,corner,1,1.0000,3,4348
25140,3895394,corner,1,1.0000,3,4349
25141,3895505,corner,1,1.0000,3,4350
25142,3895614,corner,1,1.0000,3,4351
25143,3895721,corner,1,1.0000,3,4352
25144,3895837,corner,1,1.0000,3,4353
25145,3895946,corner,1,1.0000,3,4354
25146,3896052,corner,1,1.0000,3,4355
25147,3896160,corner,1,1.0000,3,4356
25148,3896278,corner,1,1.0000,3,4357
25149,3896451,corner,1,1.0000,3,4358
25150,3896558,corner,1,1.0000,3,4359
25151,3896669,corner,1,1.0000,3,4360
25152,3896777,corner,1,1.0000,3,4361
25153,3896884,corner,1,1.0000,3,4362
25154,3897016,corner,1,1.0000,3,4363
25155,3897121,corner,1,1.0000,3,4364
25156,3897231,corner,1,1.0000,3,4365
25157,3897341,corner,1,1.0000,3,4366
25158,3897456,corner,1,1.0000,3,4367
25159,3897566,corner,1,1.0000,3,4368
25160,3897672,corner,1,1.0000,3,4369
25161,3897779,corner,1,1.0000,3,4370
25162,3897890,corner,1,1.0000,3,4371
25163,3897991,corner,1,1.0000,3,4372
25164,3898098,corner,1,1.0000,3,4373
25165,3898212,corner,1,1.0000,3,4374
25166,3898318,corner,1,1.0000,3,4375
25167,3898421,corner,1,1.0000,3,4376
25168,3898539,corner,1,1.0000,3,4377
25169,3898651,corner,1,1.0000,3,4378
25170,3898760,corner,1,1.0000,3,4379
25171,3898888,corner,1,1.0000,3,4380
25172,3899000,corner,1,1.0000,3,4381
25173,3899106,corner,1,1.0000,3,4382
25174,3899216,corner,1,1.0000,3,4383
25175,3899321,corner,1,1.0000,3,4384
25176,3899430,corner,1,1.0000,3,4385
25177,3899535,corner,1,1.0000,3,4386
25178,3899640,corner,1,1.0000,3,4387
25179,3899742,corner,1,1.0000,3,4388
25180,3899848,corner,1,1.0000,3,4389
25181,3899956,corner,1,1.0000,3,4390
25182,3900063,corner,1,1.0000,3,4391
25183,3900165,corner,1,1.0000,3,4392
25184,3900303,corner,1,1.0000,3,4393
25185,3900409,corner,1,1.0000,3,4394
25186,3900514,corner,1,1.0000,3,4395
25187,3900621,corner,1,1.0000,3,4396
25188,3900733,corner,1,1.0000,3,4397
25189,3900840,corner,1,1.0000,3,4398
25190,3900944,corner,1,1.0000,3,4399
25191,3901052,corner,1,1.0000,3,4400
25192,3901157,corner,1,1.0000,3,4401
25193,3901268,corner,1,1.0000,3,4402
25194,3901377,corner,1,1.0000,3,4403
25195,3901480,corner,1,1.0000,3,4404
25196,3901587,corner,1,1.0000,3,4405
25197,3901693,corner,1,1.0000,3,4406
25198,3901798,corner,1,1.0000,3,4407
25199,3901902,corner,1,1.0000,3,4408
25200,3902010,corner,1,1.0000,3,4409
25201,3902113,corner,1,1.0000,3,4410
25202,3902244,corner,1,1.0000,3,4411
25203,3902350,corner,1,1.0000,3,4412
25204,3902453,corner,1,1.0000,3,4413
25205,3902558,corner,1,1.0000,3,4414
25206,3902662,corner,1,1.0000,3,4415
25207,3902767,corner,1,1.0000,3,4416
25208,3902869,corner,1,1.0000,3,4417
25209,3902974,corner,1,1.0000,3,4418
25210,3903078,corner,1,1.0000,3,4419
25211,3903183,corner,1,1.0000,3,4420
25212,3903290,corner,1,1.0000,3,4421
25213,3903394,corner,1,1.0000,3,4422
25214,3903496,corner,1,1.0000,3,4423
25215,3903606,corner,1,1.0000,3,4424
25216,3903707,corner,1,1.0000,3,4425
25217,3903814,corner,1,1.0000,3,4426
25218,3903921,corner,1,1.0000,3,4427
25219,3904079,corner,1,1.0000,3,4428
25220,3904183,corner,1,1.0000,3,4429
25221,3904291,corner,1,1.0000,3,4430
25222,3904398,corner,1,1.0000,3,4431
25223,3904502,corner,1,1.0000,3,4432
25224,3904604,corner,1,1.0000,3,4433
25225,3904709,corner,1,1.0000,3,4434
25226,3904816,corner,1,1.0000,3,4435
25227,3904919,corner,1,1.0000,3,4436
25228,3905027,corner,1,1.0000,3,4437
25229,3905132,corner,1,1.0000,3,4438
25230,3905238,corner,1,1.0000,3,4439
25231,3905340,corner,1,1.0000,3,4440
25232,3905445,corner,1,1.0000,3,4441
25233,3905546,corner,1,1.0000,3,4442
25234,3905650,corner,1,1.0000,3,4443
25235,3905755,corner,1,1.0000,3,4444
25236,3905859,corner,1,1.0000,3,4445
25237,3905975,corner,1,1.0000,3,4446
25238,3906080,corner,1,1.0000,3,4447
25239,3906187,corner,1,1.0000,3,4448
25240,3906305,corner,1,1.0000,3,4449
25241,3906408,corner,1,1.0000,3,4450
25242,3906503,corner,0,0.9900,3,4451
25243,3906610,corner,1,0.9900,3,4452
25244,3906711,corner,1,0.9900,3,4453
25245,3906814,corner,1,0.9900,3,4454
25246,3906918,corner,1,0.9900,3,4455
25247,3907020,corner,1,0.9900,3,4456
25248,3907133,corner,1,0.9900,3,4457
25249,3907238,corner,1,0.9900,3,4458
25250,3907342,corner,1,0.9900,3,4459
25251,3907445,corner,1,0.9900,3,4460
25252,3907551,corner,1,0.9900,3,4461
25253,3907659,corner,1,0.9900,3,4462
25254,3907768,corner,1,0.9900,3,4463
25255,3907870,corner,1,0.9900,3,4464
25256,3907975,corner,1,0.9900,3,4465
25257,3908082,corner,1,0.9900,3,4466
25258,3909434,corner,1,0.9900,3,4467
25259,3909536,corner,1,0.9900,3,4468
25260,3909638,corner,1,0.9900,3,4469
25261,3909746,corner,1,0.9900,3,4470
25262,3909909,corner,1,0.9900,3,4471
25263,3910013,corner,1,0.9900,3,4472
25264,3910120,corner,1,0.9900,3,4473
25265,3910227,corner,1,0.9900,3,4474
25266,3910330,corner,1,0.9900,3,4475
25267,3910434,corner,1,0.9900,3,4476
25268,3910541,corner,1,0.9900,3,4477
25269,3910649,corner,1,0.9900,3,4478
25270,3910760,corner,1,0.9900,3,4479
25271,3910867,corner,1,0.9900,3,4480
25272,3910975,corner,1,0.9900,3,4481
25273,3911094,corner,1,0.9900,3,4482
25274,3911200,corner,1,0.9900,3,4483
25275,3911325,corner,1,0.9900,3,4484
25276,3911434,corner,1,0.9900,3,4485
25277,3911539,corner,1,0.9900,3,4486
25278,3911658,corner,1,0.9900,3,4487
25279,3911764,corner,1,0.9900,3,4488
25280,3911871,corner,1,0.9900,3,4489
25281,3911979,corner,1,0.9900,3,4490
25282,3912085,corner,1,0.9900,3,4491
25283,3912197,corner,1,0.9900,3,4492
25284,3912303,corner,1,0.9900,3,4493
25285,3912406,corner,1,0.9900,3,4494
25286,3912507,corner,1,0.9900,3,4495
25287,3912610,corner,1,0.9900,3,4496
25288,3912713,corner,1,0.9900,3,4497
25289,3912817,corner,1,0.9900,3,4498
25290,3912936,corner,1,0.9900,3,4499
25291,3913044,corner,1,0.9900,3,4500
25292,3913212,corner,1,0.9900,3,4501
25293,3913326,corner,1,0.9900,3,4502
25294,3913429,corner,1,0.9900,3,4503
25295,3913539,corner,1,0.9900,3,4504
25296,3913640,corner,1,0.9900,3,4505
25297,3913743,corner,1,0.9900,3,4506
25298,3913845,corner,1,0.9900,3,4507
25299,3913951,corner,1,0.9900,3,4508
25300,3914053,corner,1,0.9900,3,4509
25301,3914157,corner,1,0.9900,3,4510
25302,3914261,corner,1,0.9900,3,4511
25303,3914363,corner,1,0.9900,3,4512
25304,3914509,corner,1,0.9900,3,4513
25305,3914611,corner,1,0.9900,3,4514
25306,3914714,corner,1,0.9900,3,4515
25307,3914815,corner,1,0.9900,3,4516
25308,3914917,corner,1,0.9900,3,4517
25309,3915023,corner,1,0.9900,3,4518
25310,3915126,corner,1,0.9900,3,4519
25311,3915241,corner,1,0.9900,3,4520
25312,3915344,corner,1,0.9900,3,4521
25313,3915448,corner,1,0.9900,3,4522
25314,3915551,corner,1,0.9900,3,4523
25315,3915657,corner,1,0.9900,3,4524
25316,3915760,corner,1,0.9900,3,4525
25317,3915863,corner,1,0.9900,3,4526
25318,3915965,corner,1,0.9900,3,4527
25319,3916073,corner,1,0.9900,3,4528
25320,3916177,corner,1,0.9900,3,4529
25321,3916282,corner,1,0.9900,3,4530
25322,3916389,corner,1,0.9900,3,4531
25323,3916494,corner,1,0.9900,3,4532
25324,3916605,corner,1,0.9900,3,4533
25325,3916712,corner,1,0.9900,3,4534
25326,3916814,corner,1,0.9900,3,4535
25327,3916919,corner,1,0.9900,3,4536
25328,3917026,corner,1,0.9900,3,4537
25329,3917132,corner,1,0.9900,3,4538
25330,3917284,corner,1,0.9900,3,4539
25331,3917388,corner,1,0.9900,3,4540
25332,3917494,corner,1,0.9900,3,4541
25333,3917598,corner,1,0.9900,3,4542
25334,3917702,corner,1,0.9900,3,4543
25335,3917881,corner,1,0.9900,3,4544
25336,3917984,corner,1,0.9900,3,4545
25337,3918095,corner,1,0.9900,3,4546
25338,3918199,corner,1,0.9900,3,4547
25339,3918304,corner,1,0.9900,3,4548
25340,3918408,corner,1,0.9900,3,4549
25341,3918513,corner,1,0.9900,3,4550
25342,3918617,corner,1,1.0000,3,4551
25343,3918723,corner,1,1.0000,3,4552
25344,3918829,corner,1,1.0000,3,4553
25345,3918933,corner,1,1.0000,3,4554
25346,3919038,corner,1,1.0000,3,4555
25347,3919144,corner,1,1.0000,3,4556
25348,3919250,corner,1,1.0000,3,4557
25349,3919355,corner,1,1.0000,3,4558
25350,3919458,corner,1,1.0000,3,4559
25351,3919565,corner,1,1.0000,3,4560
25352,3919674,corner,1,1.0000,3,4561
25353,3919833,corner,1,1.0000,3,4562
25354,3919939,corner,1,1.0000,3,4563
25355,3920043,corner,1,1.0000,3,4564
25356,3920149,corner,1,1.0000,3,4565
25357,3920254,corner,1,1.0000,3,4566
25358,3920372,corner,1,1.0000,3,4567
25359,3920476,corner,1,1.0000,3,4568
25360,3920584,corner,1,1.0000,3,4569
25361,3920689,corner,1,1.0000,3,4570
25362,3920823,corner,1,1.0000,3,4571
25363,3920938,corner,1,1.0000,3,4572
25364,3921044,corner,1,1.0000,3,4573
25365,3921179,corner,1,1.0000,3,4574
25366,3921284,corner,1,1.0000,3,4575
25367,3921388,corner,1,1.0000,3,4576
25368,3921491,corner,1,1.0000,3,4577
25369,3921596,corner,1,1.0000,3,4578
25370,3921698,corner,1,1.0000,3,4579
25371,3921811,corner,1,1.0000,3,4580
25372,3921916,corner,1,1.0000,3,4581
25373,3922020,corner,1,1.0000,3,4582
25374,3922125,corner,1,1.0000,3,4583
25375,3922229,corner,1,1.0000,3,4584
25376,3922356,corner,1,1.0000,3,4585
25377,3922463,corner,1,1.0000,3,4586
25378,3922569,corner,1,1.0000,3,4587
25379,3922672,corner,1,1.0000,3,4588
25380,3922793,corner,1,1.0000,3,4589
25381,3922905,corner,1,1.0000,3,4590
25382,3923017,corner,1,1.0000,3,4591
25383,3923176,corner,1,1.0000,3,4592
25384,3923288,corner,0,0.9900,3,4593
25385,3923399,corner,1,0.9900,3,4594
25386,3923509,corner,1,0.9900,3,4595
25387,3923616,corner,1,0.9900,3,4596
25388,3923755,corner,1,0.9900,3,4597
25389,3923867,corner,1,0.9900,3,4598
25390,3923973,corner,1,0.9900,3,4599
25391,3924079,corner,1,0.9900,3,4600
25392,3924183,corner,1,0.9900,3,4601
25393,3924292,corner,1,0.9900,3,4602
25394,3924398,corner,1,0.9900,3,4603
25395,3924503,corner,1,0.9900,3,4604
25396,3924605,corner,1,0.9900,3,4605
25397,3924710,corner,1,0.9900,3,4606
25398,3924819,corner,1,0.9900,3,4607
25399,3924927,corner,0,0.9800,3,4608
25400,3925040,corner,1,0.9800,3,4609
25401,3925145,corner,1,0.9800,3,4610
25402,3925255,corner,1,0.9800,3,4611
25403,3925360,corner,1,0.9800,3,4612
25404,3925477,corner,1,0.9800,3,4613
25405,3925583,corner,1,0.9800,3,4614
25406,3925690,corner,1,0.9800,3,4615
25407,3925799,corner,1,0.9800,3,4616
25408,3925909,corner,1,0.9800,3,4617
25409,3926014,corner,1,0.9800,3,4618
25410,3926122,corner,1,0.9800,3,4619
25411,3926230,corner,1,0.9800,3,4620
25412,3926344,corner,1,0.9800,3,4621
25413,3926451,corner,1,0.9800,3,4622
25414,3926562,corner,1,0.9800,3,4623
25415,3926690,corner,1,0.9800,3,4624
25416,3926809,corner,1,0.9800,3,4625
25417,3926915,corner,1,0.9800,3,4626
25418,3927019,corner,1,0.9800,3,4627
25419,3927126,corner,1,0.9800,3,4628
25420,3927237,corner,1,0.9800,3,4629
25421,3927344,corner,1,0.9800,3,4630
25422,3927448,corner,1,0.9800,3,4631
25423,3927554,corner,1,0.9800,3,4632
25424,3927665,corner,1,0.9800,3,4633
25425,3927772,corner,1,0.9800,3,4634
25426,3927878,corner,1,0.9800,3,4635
25427,3927982,corner,1,0.9800,3,4636
25428,3928087,corner,1,0.9800,3,4637
25429,3928199,corner,1,0.9800,3,4638
25430,3928307,corner,1,0.9800,3,4639
25431,3928414,corner,1,0.9800,3,4640
25432,3928523,corner,1,0.9800,3,4641
25433,3928631,corner,1,0.9800,3,4642
25434,3928737,corner,1,0.9800,3,4643
25435,3928843,corner,1,0.9800,3,4644
25436,3928958,corner,1,0.9800,3,4645
25437,3929066,corner,1,0.9800,3,4646
25438,3929172,corner,1,0.9800,3,4647
25439,3929292,corner,1,0.9800,3,4648
25440,3929396,corner,1,0.9800,3,4649
25441,3929501,corner,1,0.9800,3,4650
25442,3929606,corner,1,0.9800,3,4651
25443,3929712,corner,1,0.9800,3,4652
25444,3929818,corner,1,0.9800,3,4653
25445,3929923,corner,1,0.9800,3,4654
25446,3930028,corner,1,0.9800,3,4655
25447,3930135,corner,1,0.9800,3,4656
25448,3930251,corner,1,0.9800,3,4657
25449,3930356,corner,1,0.9800,3,4658
25450,3930461,corner,1,0.9800,3,4659
25451,3930620,corner,1,0.9800,3,4660
25452,3930727,corner,1,0.9800,3,4661
25453,3930831,corner,1,0.9800,3,4662
25454,3930937,corner,1,0.9800,3,4663
25455,3931045,corner,1,0.9800,3,4664
25456,3931166,corner,1,0.9800,3,4665
25457,3931281,corner,1,0.9800,3,4666
25458,3931401,corner,1,0.9800,3,4667
25459,3931506,corner,1,0.9800,3,4668
25460,3931617,corner,1,0.9800,3,4669
25461,3931724,corner,1,0.9800,3,4670
25462,3931833,corner,1,0.9800,3,4671
25463,3931937,corner,1,0.9800,3,4672
25464,3932041,corner,1,0.9800,3,4673
25465,3932149,corner,1,0.9800,3,4674
25466,3932255,corner,1,0.9800,3,4675
25467,3932358,corner,1,0.9800,3,4676
25468,3932464,corner,1,0.9800,3,4677
25469,3932625,corner,1,0.9800,3,4678
25470,3932744,corner,1,0.9800,3,4679
25471,3932859,corner,1,0.9800,3,4680
25472,3932973,corner,1,0.9800,3,4681
25473,3933083,corner,1,0.9800,3,4682
25474,3933191,corner,1,0.9800,3,4683
25475,3933303,corner,1,0.9800,3,4684
25476,3933408,corner,1,0.9800,3,4685
25477,3933520,corner,1,0.9800,3,4686
25478,3933626,corner,1,0.9800,3,4687
25479,3933736,corner,1,0.9800,3,4688
25480,3933841,corner,1,0.9800,3,4689
25481,3933947,corner,1,0.9800,3,4690
25482,3934059,corner,1,0.9800,3,4691
25483,3934165,corner,1,0.9800,3,4692
25484,3934270,corner,1,0.9900,3,4693
25485,3934376,corner,1,0.9900,3,4694
25486,3934488,corner,1,0.9900,3,4695
25487,3934595,corner,1,0.9900,3,4696
25488,3934709,corner,1,0.9900,3,4697
25489,3934813,corner,1,0.9900,3,4698
25490,3934924,corner,1,0.9900,3,4699
25491,3935033,corner,1,0.9900,3,4700
25492,3935150,corner,1,0.9900,3,4701
25493,3935315,corner,1,0.9900,3,4702
25494,3935422,corner,1,0.9900,3,4703
25495,3935530,corner,1,0.9900,3,4704
25496,3935636,corner,1,0.9900,3,4705
25497,3935743,corner,1,0.9900,3,4706
25498,3935855,corner,0,0.9800,3,4707
25499,3935964,corner,1,0.9900,3,4708
25500,3936069,corner,1,0.9900,3,4709
25501,3936176,corner,1,0.9900,3,4710
25502,3936287,corner,1,0.9900,3,4711
25503,3936394,corner,1,0.9900,3,4712
25504,3936502,corner,1,0.9900,3,4713
25505,3936608,corner,1,0.9900,3,4714
25506,3936717,corner,1,0.9900,3,4715
25507,3936826,corner,1,0.9900,3,4716
25508,3936933,corner,1,0.9900,3,4717
25509,3937038,corner,1,0.9900,3,4718
25510,3937143,corner,1,0.9900,3,4719
25511,3937254,corner,1,0.9900,3,4720
25512,3937359,corner,1,0.9900,3,4721
25513,3937522,corner,1,0.9900,3,4722
25514,3937627,corner,1,0.9900,3,4723
25515,3937735,corner,1,0.9900,3,4724
25516,3937841,corner,1,0.9900,3,4725
25517,3937948,corner,1,0.9900,3,4726
25518,3938052,corner,1,0.9900,3,4727
25519,3938156,corner,1,0.9900,3,4728
25520,3938268,corner,1,0.9900,3,4729
25521,3938378,corner,1,0.9900,3,4730
25522,3938485,corner,1,0.9900,3,4731
25523,3938594,corner,1,0.9900,3,4732
25524,3938702,corner,1,0.9900,3,4733
25525,3938803,corner,1,0.9900,3,4734
25526,3938914,corner,1,0.9900,3,4735
25527,3939022,corner,1,0.9900,3,4736
25528,3939128,corner,1,0.9900,3,4737
25529,3939234,corner,1,0.9900,3,4738
25530,3939344,corner,1,0.9900,3,4739
25531,3939454,corner,1,0.9900,3,4740
25532,3939564,corner,1,0.9900,3,4741
25533,3939671,corner,1,0.9900,3,4742
25534,3939781,corner,1,0.9900,3,4743
25535,3939889,corner,1,0.9900,3,4744
25536,3940007,corner,1,0.9900,3,4745
25537,3940112,corner,1,0.9900,3,4746
25538,3940221,corner,1,0.9900,3,4747
25539,3940336,corner,1,0.9900,3,4748
25540,3940449,corner,1,0.9900,3,4749
25541,3940561,corner,1,0.9900,3,4750
25542,3940670,corner,1,0.9900,3,4751
25543,3940779,corner,1,0.9900,3,4752
25544,3940885,corner,1,0.9900,3,4753
25545,3940990,corner,1,0.9900,3,4754
25546,3941095,corner,1,0.9900,3,4755
25547,3941203,corner,1,0.9900,3,4756
25548,3941310,corner,1,0.9900,3,4757
25549,3941420,corner,1,0.9900,3,4758
25550,3941525,corner,1,0.9900,3,4759
25551,3941631,corner,1,0.9900,3,4760
25552,3941738,corner,1,0.9900,3,4761
25553,3941870,corner,1,0.9900,3,4762
25554,3941978,corner,1,0.9900,3,4763
25555,3942094,corner,1,0.9900,3,4764
25556,3942195,corner,1,0.9900,3,4765
25557,3942299,corner,1,0.9900,3,4766
25558,3942402,corner,1,0.9900,3,4767
25559,3942506,corner,1,0.9900,3,4768
25560,3942625,corner,1,0.9900,3,4769
25561,3942729,corner,1,0.9900,3,4770
25562,3942837,corner,1,0.9900,3,4771
25563,3942943,corner,1,0.9900,3,4772
25564,3943047,corner,1,0.9900,3,4773
25565,3943155,corner,1,0.9900,3,4774
25566,3943261,corner,1,0.9900,3,4775
25567,3943367,corner,1,0.9900,3,4776
25568,3943478,corner,1,0.9900,3,4777
25569,3943584,corner,1,0.9900,3,4778
25570,3943719,corner,1,0.9900,3,4779
25571,3943832,corner,1,0.9900,3,4780
25572,3943936,corner,1,0.9900,3,4781
25573,3944048,corner,1,0.9900,3,4782
25574,3944165,corner,1,0.9900,3,4783
25575,3944276,corner,1,0.9900,3,4784
25576,3944383,corner,1,0.9900,3,4785
25577,3944488,corner,1,0.9900,3,4786
25578,3944597,corner,1,0.9900,3,4787
25579,3944704,corner,1,0.9900,3,4788
25580,3944810,corner,1,0.9900,3,4789
25581,3944916,corner,1,0.9900,3,4790
25582,3945022,corner,1,0.9900,3,4791
25583,3945127,corner,1,0.9900,3,4792
25584,3945235,corner,1,0.9900,3,4793
25585,3945339,corner,1,0.9900,3,4794
25586,3945451,corner,1,0.9900,3,4795
25587,3945560,corner,1,0.9900,3,4796
25588,3945668,corner,1,0.9900,3,4797
25589,3945772,corner,1,0.9900,3,4798
25590,3945877,corner,1,0.9900,3,4799
25591,3945988,corner,1,0.9900,3,4800
25592,3946127,corner,1,0.9900,3,4801
25593,3946267,corner,1,0.9900,3,4802
25594,3946370,corner,1,0.9900,3,4803
25595,3946479,corner,1,0.9900,3,4804
25596,3946584,corner,1,0.9900,3,4805
25597,3946688,corner,1,0.9900,3,4806
25598,3946793,corner,1,1.0000,3,4807
25599,3946903,corner,1,1.0000,3,4808
25600,3947011,corner,1,1.0000,3,4809
25601,3947116,corner,1,1.0000,3,4810
25602,3947227,corner,1,1.0000,3,4811
25603,3947402,corner,1,1.0000,3,4812
25604,3947508,corner,1,1.0000,3,4813
25605,3947610,corner,1,1.0000,3,4814
25606,3947724,corner,1,1.0000,3,4815
25607,3947825,corner,1,1.0000,3,4816
25608,3947990,corner,1,1.0000,3,4817
25609,3948094,corner,1,1.0000,3,4818
25610,3948199,corner,1,1.0000,3,4819
25611,3948302,corner,1,1.0000,3,4820
25612,3948403,corner,1,1.0000,3,4821
25613,3948514,corner,1,1.0000,3,4822
25614,3948643,corner,1,1.0000,3,4823
25615,3948754,corner,1,1.0000,3,4824
25616,3948859,corner,1,1.0000,3,4825
25617,3948964,corner,1,1.0000,3,4826
25618,3949068,corner,1,1.0000,3,4827
25619,3949175,corner,1,1.0000,3,4828
25620,3949298,corner,1,1.0000,3,4829
25621,3949405,corner,1,1.0000,3,4830
25622,3949508,corner,1,1.0000,3,4831
25623,3949663,corner,1,1.0000,3,4832
25624,3949769,corner,1,1.0000,3,4833
25625,3949874,corner,1,1.0000,3,4834
25626,3949978,corner,1,1.0000,3,4835
25627,3950083,corner,1,1.0000,3,4836
25628,3950184,corner,1,1.0000,3,4837
25629,3950288,corner,1,1.0000,3,4838
25630,3950394,corner,1,1.0000,3,4839
25631,3950499,corner,1,1.0000,3,4840
25632,3950602,corner,1,1.0000,3,4841
25633,3950707,corner,1,1.0000,3,4842
25634,3950812,corner,1,1.0000,3,4843
25635,3950917,corner,1,1.0000,3,4844
25636,3951021,corner,1,1.0000,3,4845
25637,3951136,corner,1,1.0000,3,4846
25638,3951240,corner,1,1.0000,3,4847
25639,3951345,corner,1,1.0000,3,4848
25640,3951445,corner,1,1.0000,3,4849
25641,3951548,corner,1,1.0000,3,4850
25642,3951648,corner,1,1.0000,3,4851
25643,3951751,corner,1,1.0000,3,4852
25644,3951856,corner,1,1.0000,3,4853
25645,3951998,corner,1,1.0000,3,4854
25646,3952115,corner,1,1.0000,3,4855
25647,3952217,corner,1,1.0000,3,4856
25648,3952321,corner,1,1.0000,3,4857
25649,3952426,corner,1,1.0000,3,4858
25650,3952543,corner,1,1.0000,3,4859
25651,3952645,corner,1,1.0000,3,4860
25652,3952750,corner,1,1.0000,3,4861
25653,3952853,corner,1,1.0000,3,4862
25654,3952958,corner,1,1.0000,3,4863
25655,3953063,corner,1,1.0000,3,4864
25656,3953165,corner,1,1.0000,3,4865
25657,3953306,corner,1,1.0000,3,4866
25658,3953407,corner,1,1.0000,3,4867
25659,3953512,corner,1,1.0000,3,4868
25660,3953615,corner,1,1.0000,3,4869
25661,3953719,corner,1,1.0000,3,4870
25662,3953884,corner,1,1.0000,3,4871
25663,3953993,corner,1,1.0000,3,4872
25664,3954096,corner,1,1.0000,3,4873
25665,3954200,corner,1,1.0000,3,4874
25666,3954303,corner,1,1.0000,3,4875
25667,3954406,corner,1,1.0000,3,4876
25668,3954510,corner,1,1.0000,3,4877
25669,3954615,corner,1,1.0000,3,4878
25670,3954720,corner,1,1.0000,3,4879
25671,3954826,corner,1,1.0000,3,4880
25672,3954928,corner,1,1.0000,3,4881
25673,3955035,corner,1,1.0000,3,4882
25674,3955137,corner,1,1.0000,3,4883
25675,3955242,corner,1,1.0000,3,4884
25676,3955346,corner,1,1.0000,3,4885
25677,3955455,corner,1,1.0000,3,4886
25678,3955558,corner,1,1.0000,3,4887
25679,3955660,corner,1,1.0000,3,4888
25680,3955763,corner,1,1.0000,3,4889
25681,3955865,corner,1,1.0000,3,4890
25682,3955972,corner,1,1.0000,3,4891
25683,3956074,corner,1,1.0000,3,4892
25684,3956179,corner,1,1.0000,3,4893
25685,3956285,corner,1,1.0000,3,4894
25686,3956392,corner,1,1.0000,3,4895
25687,3956526,corner,1,1.0000,3,4896
25688,3956631,corner,1,1.0000,3,4897
25689,3956734,corner,1,1.0000,3,4898
25690,3956845,corner,1,1.0000,3,4899
25691,3956950,corner,1,1.0000,3,4900
25692,3957055,corner,1,1.0000,3,4901
25693,3957157,corner,1,1.0000,3,4902
25694,3957258,corner,1,1.0000,3,4903
25695,3957366,corner,1,1.0000,3,4904
25696,3957471,corner,1,1.0000,3,4905
25697,3957588,corner,1,1.0000,3,4906
25698,3957693,corner,1,1.0000,3,4907
25699,3957799,corner,1,1.0000,3,4908
25700,3957900,corner,1,1.0000,3,4909
25701,3958004,corner,1,1.0000,3,4910
25702,3958107,corner,1,1.0000,3,4911
25703,3958254,corner,1,1.0000,3,4912
25704,3958357,corner,1,1.0000,3,4913
25705,3958461,corner,1,1.0000,3,4914
25706,3958563,corner,1,1.0000,3,4915
25707,3958669,corner,1,1.0000,3,4916
25708,3958773,corner,1,1.0000,3,4917
25709,3958885,corner,1,1.0000,3,4918
25710,3958987,corner,1,1.0000,3,4919
25711,3959094,corner,1,1.0000,3,4920
25712,3959197,corner,1,1.0000,3,4921
25713,3959304,corner,1,1.0000,3,4922
25714,3959437,corner,1,1.0000,3,4923
25715,3959541,corner,1,1.0000,3,4924
25716,3959649,corner,1,1.0000,3,4925
25717,3959752,corner,1,1.0000,3,4926
25718,3959857,corner,1,1.0000,3,4927
25719,3959963,corner,1,1.0000,3,4928
25720,3960067,corner,1,1.0000,3,4929
25721,3960174,corner,1,1.0000,3,4930
25722,3960281,corner,1,1.0000,3,4931
25723,3960385,corner,1,1.0000,3,4932
25724,3960487,corner,1,1.0000,3,4933
25725,3960594,corner,1,1.0000,3,4934
25726,3960724,corner,1,1.0000,3,4935
25727,3960829,corner,1,1.0000,3,4936
25728,3960938,corner,1,1.0000,3,4937
25729,3961045,corner,1,1.0000,3,4938
25730,3961150,corner,1,1.0000,3,4939
25731,3961256,corner,1,1.0000,3,4940
25732,3961361,corner,1,1.0000,3,4941
25733,3961465,corner,1,1.0000,3,4942
25734,3961572,corner,1,1.0000,3,4943
25735,3961678,corner,1,1.0000,3,4944
25736,3961792,corner,1,1.0000,3,4945
25737,3961899,corner,1,1.0000,3,4946
25738,3962001,corner,1,1.0000,3,4947
25739,3962145,corner,1,1.0000,3,4948
25740,3962250,corner,1,1.0000,3,4949
25741,3962364,corner,1,1.0000,3,4950
25742,3962470,corner,1,1.0000,3,4951
25743,3962572,corner,1,1.0000,3,4952
25744,3962676,corner,1,1.0000,3,4953
25745,3962779,corner,1,1.0000,3,4954
25746,3962889,corner,1,1.0000,3,4955
25747,3962992,corner,1,1.0000,3,4956
25748,3963109,corner,1,1.0000,3,4957
25749,3963217,corner,1,1.0000,3,4958
25750,3963377,corner,1,1.0000,3,4959
25751,3963489,corner,1,1.0000,3,4960
25752,3963591,corner,1,1.0000,3,4961
25753,3963695,corner,1,1.0000,3,4962
25754,3963799,corner,0,0.9900,3,4963
25755,3963903,corner,1,0.9900,3,4964
25756,3964008,corner,1,0.9900,3,4965
25757,3964289,corner,1,0.9900,3,4966
25758,3964393,corner,1,0.9900,3,4967
25759,3964497,corner,1,0.9900,3,4968
25760,3964606,corner,1,0.9900,3,4969
25761,3964712,corner,1,0.9900,3,4970
25762,3964826,corner,1,0.9900,3,4971
25763,3964934,corner,1,0.9900,3,4972
25764,3965037,corner,1,0.9900,3,4973
25765,3965141,corner,1,0.9900,3,4974
25766,3965248,corner,1,0.9900,3,4975
25767,3965352,corner,1,0.9900,3,4976
25768,3965459,corner,1,0.9900,3,4977
25769,3965564,corner,1,0.9900,3,4978
25770,3965666,corner,1,0.9900,3,4979
25771,3965768,corner,1,0.9900,3,4980
25772,3965875,corner,1,0.9900,3,4981
25773,3965979,corner,1,0.9900,3,4982
25774,3966084,corner,1,0.9900,3,4983
25775,3966194,corner,1,0.9900,3,4984
25776,3966298,corner,1,0.9900,3,4985
25777,3966433,corner,1,0.9900,3,4986
25778,3966539,corner,1,0.9900,3,4987
25779,3966646,corner,1,0.9900,3,4988
25780,3966751,corner,1,0.9900,3,4989
25781,3966894,corner,1,0.9900,3,4990
25782,3966999,corner,1,0.9900,3,4991
25783,3967105,corner,1,0.9900,3,4992
25784,3967216,corner,1,0.9900,3,4993
25785,3967321,corner,1,0.9900,3,4994
25786,3967427,corner,1,0.9900,3,4995
25787,3967530,corner,1,0.9900,3,4996
25788,3967640,corner,1,0.9900,3,4997
25789,3967746,corner,0,0.9800,3,4998
25790,3967852,corner,1,0.9800,3,4999
25791,3967960,corner,1,0.9800,3,5000
25792,3968066,corner,1,0.9800,3,5001
25793,3968175,corner,1,0.9800,3,5002
25794,3968280,corner,1,0.9800,3,5003
25795,3968386,corner,1,0.9800,3,5004
25796,3968489,corner,1,0.9800,3,5005
25797,3968598,corner,1,0.9800,3,5006
25798,3968732,corner,1,0.9800,3,5007
25799,3968835,corner,1,0.9800,3,5008
25800,3968943,corner,1,0.9800,3,5009
25801,3969049,corner,1,0.9800,3,5010
25802,3969161,corner,0,0.9700,3,5011
25803,3969279,corner,1,0.9700,3,5012
25804,3969386,corner,1,0.9700,3,5013
25805,3969494,corner,1,0.9700,3,5014
25806,3969597,corner,1,0.9700,3,5015
25807,3969714,corner,0,0.9600,3,5016
25808,3969819,corner,1,0.9600,3,5017
25809,3969922,corner,1,0.9600,3,5018
25810,3970027,corner,1,0.9600,3,5019
25811,3970130,corner,1,0.9600,3,5020
25812,3970241,corner,1,0.9600,3,5021
25813,3970344,corner,1,0.9600,3,5022
25814,3970447,corner,1,0.9600,3,5023
25815,3970553,corner,1,0.9600,3,5024
25816,3970657,corner,1,0.9600,3,5025
25817,3970772,corner,1,0.9600,3,5026
25818,3970894,corner,1,0.9600,3,5027
25819,3971014,corner,1,0.9600,3,5028
25820,3971121,corner,1,0.9600,3,5029
25821,3971226,corner,1,0.9600,3,5030
25822,3971336,corner,1,0.9600,3,5031
25823,3971443,corner,1,0.9600,3,5032
25824,3971546,corner,1,0.9600,3,5033
25825,3971652,corner,1,0.9600,3,5034
25826,3971758,corner,1,0.9600,3,5035
25827,3971860,corner,1,0.9600,3,5036
25828,3971963,corner,1,0.9600,3,5037
25829,3972072,corner,1,0.9600,3,5038
25830,3972177,corner,1,0.9600,3,5039
25831,3972283,corner,1,0.9600,3,5040
25832,3972387,corner,1,0.9600,3,5041
25833,3972490,corner,1,0.9600,3,5042
25834,3972597,corner,1,0.9600,3,5043
25835,3972702,corner,1,0.9600,3,5044
25836,3972818,corner,1,0.9600,3,5045
25837,3972929,corner,1,0.9600,3,5046
25838,3973035,corner,1,0.9600,3,5047
25839,3973144,corner,1,0.9600,3,5048
25840,3973250,corner,1,0.9600,3,5049
25841,3973355,corner,1,0.9600,3,5050
25842,3973454,corner,0,0.9500,3,5051
25843,3973556,corner,1,0.9500,3,5052
25844,3973660,corner,1,0.9500,3,5053
25845,3973768,corner,1,0.9500,3,5054
25846,3973877,corner,1,0.9500,3,5055
25847,3973982,corner,1,0.9500,3,5056
25848,3974087,corner,1,0.9500,3,5057
25849,3974193,corner,1,0.9500,3,5058
25850,3974298,corner,1,0.9500,3,5059
25851,3974407,corner,1,0.9500,3,5060
25852,3974513,corner,1,0.9500,3,5061
25853,3974618,corner,1,0.9500,3,5062
25854,3974726,corner,1,0.9600,3,5063
25855,3974830,corner,1,0.9600,3,5064
25856,3974934,corner,1,0.9600,3,5065
25857,3975040,corner,1,0.9600,3,5066
25858,3975148,corner,1,0.9600,3,5067
25859,3975254,corner,1,0.9600,3,5068
25860,3975360,corner,1,0.9600,3,5069
25861,3975467,corner,1,0.9600,3,5070
25862,3975575,corner,1,0.9600,3,5071
25863,3975680,corner,1,0.9600,3,5072
25864,3975784,corner,1,0.9600,3,5073
25865,3975892,corner,1,0.9600,3,5074
25866,3976001,corner,1,0.9600,3,5075
25867,3976108,corner,1,0.9600,3,5076
25868,3976214,corner,1,0.9600,3,5077
25869,3976321,corner,1,0.9600,3,5078
25870,3976435,corner,1,0.9600,3,5079
25871,3976539,corner,1,0.9600,3,5080
25872,3976644,corner,1,0.9600,3,5081
25873,3976804,corner,1,0.9600,3,5082
25874,3976915,corner,1,0.9600,3,5083
25875,3977030,corner,1,0.9600,3,5084
25876,3977131,corner,1,0.9600,3,5085
25877,3977236,corner,1,0.9600,3,5086
25878,3977342,corner,1,0.9600,3,5087
25879,3977447,corner,1,0.9600,3,5088
25880,3977555,corner,1,0.9600,3,5089
25881,3977660,corner,1,0.9600,3,5090
25882,3977768,corner,1,0.9600,3,5091
25883,3977879,corner,1,0.9600,3,5092
25884,3977982,corner,1,0.9600,3,5093
25885,3978089,corner,1,0.9600,3,5094
25886,3978204,corner,1,0.9600,3,5095
25887,3978317,corner,1,0.9600,3,5096
25888,3978422,corner,1,0.9600,3,5097
25889,3979281,corner,1,0.9700,3,5098
25890,3979405,corner,0,0.9600,3,5099
25891,3979513,corner,1,0.9600,3,5100
25892,3979620,corner,1,0.9600,3,5101
25893,3979733,corner,1,0.9600,3,5102
25894,3979840,corner,1,0.9600,3,5103
25895,3979950,corner,1,0.9600,3,5104
25896,3980103,corner,1,0.9600,3,5105
25897,3980206,corner,1,0.9600,3,5106
25898,3980344,corner,1,0.9600,3,5107
25899,3980449,corner,1,0.9600,3,5108
25900,3980553,corner,1,0.9600,3,5109
25901,3980664,corner,1,0.9600,3,5110
25902,3980770,corner,1,0.9700,3,5111
25903,3980877,corner,1,0.9700,3,5112
25904,3981026,corner,1,0.9700,3,5113
25905,3981134,corner,1,0.9700,3,5114
25906,3981245,corner,1,0.9700,3,5115
25907,3981388,corner,1,0.9800,3,5116
25908,3981587,corner,1,0.9800,3,5117
25909,3981697,corner,1,0.9800,3,5118
25910,3981809,corner,1,0.9800,3,5119
25911,3981923,corner,1,0.9800,3,5120
25912,3982026,corner,1,0.9800,3,5121
25913,3982134,corner,1,0.9800,3,5122
25914,3982240,corner,1,0.9800,3,5123
25915,3982343,corner,1,0.9800,3,5124
25916,3982446,corner,1,0.9800,3,5125
25917,3982554,corner,1,0.9800,3,5126
25918,3982660,corner,1,0.9800,3,5127
25919,3982765,corner,1,0.9800,3,5128
25920,3982871,corner,1,0.9800,3,5129
25921,3982978,corner,1,0.9800,3,5130
25922,3983086,corner,1,0.9800,3,5131
25923,3983198,corner,1,0.9800,3,5132
25924,3983303,corner,1,0.9800,3,5133
25925,3983409,corner,1,0.9800,3,5134
25926,3983516,corner,1,0.9800,3,5135
25927,3983619,corner,1,0.9800,3,5136
25928,3983724,corner,1,0.9800,3,5137
25929,3983829,corner,1,0.9800,3,5138
25930,3983936,corner,1,0.9800,3,5139
25931,3984050,corner,1,0.9800,3,5140
25932,3984152,corner,1,0.9800,3,5141
25933,3984262,corner,1,0.9800,3,5142
25934,3984403,corner,1,0.9800,3,5143
25935,3984511,corner,1,0.9800,3,5144
25936,3984618,corner,1,0.9800,3,5145
25937,3984765,corner,1,0.9800,3,5146
25938,3984874,corner,1,0.9800,3,5147
25939,3985015,corner,1,0.9800,3,5148
25940,3985131,corner,1,0.9800,3,5149
25941,3985239,corner,1,0.9800,3,5150
25942,3985347,corner,1,0.9900,3,5151
25943,3985481,corner,1,0.9900,3,5152
25944,3985593,corner,1,0.9900,3,5153
25945,3985729,corner,1,0.9900,3,5154
25946,3985832,corner,1,0.9900,3,5155
25947,3985943,corner,1,0.9900,3,5156
25948,3986054,corner,1,0.9900,3,5157
25949,3986242,corner,1,0.9900,3,5158
25950,3986359,corner,1,0.9900,3,5159
25951,3986473,corner,1,0.9900,3,5160
25952,3986587,corner,1,0.9900,3,5161
25953,3986691,corner,1,0.9900,3,5162
25954,3986802,corner,1,0.9900,3,5163
25955,3986914,corner,1,0.9900,3,5164
25956,3987098,corner,1,0.9900,3,5165
25957,3987252,corner,1,0.9900,3,5166
25958,3987357,corner,1,0.9900,3,5167
25959,3987463,corner,1,0.9900,3,5168
25960,3987599,corner,1,0.9900,3,5169
25961,3987713,corner,1,0.9900,3,5170
25962,3987821,corner,1,0.9900,3,5171
25963,3987924,corner,1,0.9900,3,5172
25964,3988032,corner,1,0.9900,3,5173
25965,3988137,corner,1,0.9900,3,5174
25966,3988252,corner,1,0.9900,3,5175
25967,3988356,corner,1,0.9900,3,5176
25968,3988467,corner,1,0.9900,3,5177
25969,3988571,corner,1,0.9900,3,5178
25970,3988673,corner,1,0.9900,3,5179
25971,3988776,corner,1,0.9900,3,5180
25972,3988887,corner,1,0.9900,3,5181
25973,3988996,corner,1,0.9900,3,5182
25974,3989106,corner,1,0.9900,3,5183
25975,3989217,corner,1,0.9900,3,5184
25976,3989324,corner,1,0.9900,3,5185
25977,3989432,corner,1,0.9900,3,5186
25978,3989546,corner,1,0.9900,3,5187
25979,3989709,corner,1,0.9900,3,5188
25980,3989815,corner,1,0.9900,3,5189
25981,3989920,corner,1,0.9900,3,5190
25982,3990025,corner,1,0.9900,3,5191
25983,3990127,corner,1,0.9900,3,5192
25984,3990232,corner,1,0.9900,3,5193
25985,3990345,corner,1,0.9900,3,5194
25986,3990455,corner,1,0.9900,3,5195
25987,3990564,corner,1,0.9900,3,5196
25988,3990670,corner,1,0.9900,3,5197
25989,3990771,corner,1,0.9900,3,5198
25990,3990878,corner,1,1.0000,3,5199
25991,3990984,corner,1,1.0000,3,5200
25992,3991089,corner,1,1.0000,3,5201
25993,3991199,corner,1,1.0000,3,5202
25994,3991309,corner,1,1.0000,3,5203
25995,3991420,corner,1,1.0000,3,5204
25996,3991529,corner,1,1.0000,3,5205
25997,3991642,corner,1,1.0000,3,5206
25998,3991746,corner,1,1.0000,3,5207
25999,3991885,corner,1,1.0000,3,5208
26000,3991997,corner,1,1.0000,3,5209
26001,3992108,corner,1,1.0000,3,5210
26002,3992213,corner,1,1.0000,3,5211
26003,3992318,corner,1,1.0000,3,5212
26004,3992455,corner,1,1.0000,3,5213
26005,3992559,corner,1,1.0000,3,5214
26006,3992710,corner,1,1.0000,3,5215
26007,3992817,corner,1,1.0000,3,5216
26008,3992922,corner,1,1.0000,3,5217
26009,3993032,corner,1,1.0000,3,5218
26010,3993140,corner,1,1.0000,3,5219
26011,3993248,corner,1,1.0000,3,5220
26012,3993359,corner,1,1.0000,3,5221
26013,3993466,corner,1,1.0000,3,5222
26014,3993576,corner,1,1.0000,3,5223
26015,3993688,corner,1,1.0000,3,5224
26016,3993822,corner,1,1.0000,3,5225
26017,3993934,corner,1,1.0000,3,5226
26018,3994035,corner,1,1.0000,3,5227
26019,3994149,corner,1,1.0000,3,5228
26020,3994260,corner,1,1.0000,3,5229
26021,3994416,corner,1,1.0000,3,5230
26022,3994524,corner,1,1.0000,3,5231
26023,3994636,corner,1,1.0000,3,5232
26024,3994740,corner,1,1.0000,3,5233
26025,3994848,corner,1,1.0000,3,5234
26026,3994952,corner,1,1.0000,3,5235
26027,3995058,corner,1,1.0000,3,5236
26028,3995163,corner,1,1.0000,3,5237
26029,3995269,corner,1,1.0000,3,5238
26030,3995371,corner,1,1.0000,3,5239
26031,3995477,corner,1,1.0000,3,5240
26032,3995581,corner,1,1.0000,3,5241
26033,3995710,corner,1,1.0000,3,5242
26034,3995818,corner,1,1.0000,3,5243
26035,3995930,corner,1,1.0000,3,5244
26036,3996067,corner,1,1.0000,3,5245
26037,3996175,corner,1,1.0000,3,5246
26038,3996284,corner,1,1.0000,3,5247
26039,3996387,corner,1,1.0000,3,5248
26040,3996494,corner,1,1.0000,3,5249
26041,3996599,corner,1,1.0000,3,5250
26042,3996709,corner,1,1.0000,3,5251
26043,3996817,corner,1,1.0000,3,5252
26044,3996925,corner,1,1.0000,3,5253
26045,3997031,corner,1,1.0000,3,5254
26046,3997145,corner,1,1.0000,3,5255
26047,3997258,corner,1,1.0000,3,5256
26048,3997366,corner,1,1.0000,3,5257
26049,3997483,corner,1,1.0000,3,5258
26050,3997587,corner,1,1.0000,3,5259
26051,3997695,corner,1,1.0000,3,5260
26052,3997806,corner,1,1.0000,3,5261
26053,3997983,corner,1,1.0000,3,5262
26054,3998091,corner,1,1.0000,3,5263
26055,3998204,corner,1,1.0000,3,5264
26056,3998313,corner,1,1.0000,3,5265
26057,3998418,corner,1,1.0000,3,5266
26058,3998523,corner,1,1.0000,3,5267
26059,3998636,corner,1,1.0000,3,5268
26060,3998740,corner,1,1.0000,3,5269
26061,3998843,corner,1,1.0000,3,5270
26062,3998950,corner,1,1.0000,3,5271
26063,3999057,corner,1,1.0000,3,5272
26064,3999184,corner,1,1.0000,3,5273
26065,3999287,corner,1,1.0000,3,5274
26066,3999394,corner,1,1.0000,3,5275
26067,3999528,corner,1,1.0000,3,5276
26068,3999672,corner,1,1.0000,3,5277
26069,3999779,corner,1,1.0000,3,5278
26070,3999886,corner,1,1.0000,3,5279
26071,4000017,corner,1,1.0000,3,5280
26072,4000133,corner,1,1.0000,3,5281
26073,4000242,corner,1,1.0000,3,5282
26074,4000347,corner,1,1.0000,3,5283
26075,4000464,corner,1,1.0000,3,5284
26076,4000570,corner,1,1.0000,3,5285
26077,4000685,corner,1,1.0000,3,5286
26078,4000795,corner,1,1.0000,3,5287
26079,4000901,corner,1,1.0000,3,5288
26080,4001029,corner,1,1.0000,3,5289
26081,4001140,corner,0,0.9900,3,5290
26082,4001244,corner,1,0.9900,3,5291
26083,4001361,corner,1,0.9900,3,5292
26084,4001492,corner,1,0.9900,3,5293
26085,4001599,corner,1,0.9900,3,5294
26086,4001704,corner,1,0.9900,3,5295
