game_idx,global_step,opponent,win,rolling,shift_idx,games_since_shift
1,582,corner,1,1.0000,-1,0
2,808,corner,1,1.0000,-1,0
3,1732,corner,1,1.0000,-1,0
4,2885,corner,1,1.0000,-1,0
5,3689,corner,1,1.0000,-1,0
6,4083,corner,1,1.0000,-1,0
7,4481,corner,1,1.0000,-1,0
8,5095,corner,0,0.8750,-1,0
9,5373,corner,0,0.7778,-1,0
10,6725,corner,0,0.7000,-1,0
11,6938,corner,1,0.7273,-1,0
12,8290,corner,0,0.6667,-1,0
13,8856,corner,1,0.6923,-1,0
14,10208,corner,1,0.7143,-1,0
15,10910,corner,1,0.7333,-1,0
16,11175,corner,1,0.7500,-1,0
17,11382,corner,1,0.7647,-1,0
18,11722,corner,0,0.7222,-1,0
19,11943,corner,1,0.7368,-1,0
20,13295,corner,0,0.7000,-1,0
21,14450,corner,1,0.7143,-1,0
22,14758,corner,0,0.6818,-1,0
23,15141,corner,1,0.6957,-1,0
24,15312,corner,0,0.6667,-1,0
25,16664,corner,1,0.6800,-1,0
26,17745,corner,1,0.6923,-1,0
27,18317,corner,1,0.7037,-1,0
28,18525,corner,1,0.7143,-1,0
29,18752,corner,1,0.7241,-1,0
30,19127,corner,1,0.7333,-1,0
31,20479,corner,1,0.7419,-1,0
32,20650,corner,0,0.7188,-1,0
33,20860,corner,1,0.7273,-1,0
34,21093,corner,1,0.7353,-1,0
35,21267,corner,0,0.7143,-1,0
36,21786,corner,0,0.6944,-1,0
37,22488,corner,0,0.6757,-1,0
38,23173,corner,1,0.6842,-1,0
39,24355,corner,1,0.6923,-1,0
40,25707,corner,0,0.6750,-1,0
41,26219,corner,1,0.6829,-1,0
42,27571,corner,0,0.6667,-1,0
43,27964,corner,1,0.6744,-1,0
44,28200,corner,1,0.6818,-1,0
45,28667,corner,1,0.6889,-1,0
46,29679,corner,1,0.6957,-1,0
47,29886,corner,1,0.7021,-1,0
48,30926,corner,1,0.7083,-1,0
49,31129,corner,1,0.7143,-1,0
50,31483,corner,0,0.7000,-1,0
51,32682,corner,1,0.7059,-1,0
52,33367,corner,0,0.6923,-1,0
53,33599,corner,1,0.6981,-1,0
54,34146,corner,1,0.7037,-1,0
55,35498,corner,0,0.6909,-1,0
56,36066,corner,0,0.6786,-1,0
57,36409,corner,0,0.6667,-1,0
58,37761,corner,0,0.6552,-1,0
59,38192,corner,1,0.6610,-1,0
60,38569,corner,0,0.6500,-1,0
61,39921,corner,0,0.6393,-1,0
62,40086,corner,1,0.6452,-1,0
63,40669,corner,1,0.6508,-1,0
64,41567,corner,0,0.6406,-1,0
65,42247,corner,0,0.6308,-1,0
66,42457,corner,1,0.6364,-1,0
67,42920,corner,0,0.6269,-1,0
68,43494,corner,1,0.6324,-1,0
69,44170,corner,0,0.6232,-1,0
70,45459,corner,0,0.6143,-1,0
71,46353,corner,0,0.6056,-1,0
72,47168,corner,1,0.6111,-1,0
73,48520,corner,0,0.6027,-1,0
74,48862,corner,0,0.5946,-1,0
75,50214,corner,0,0.5867,-1,0
76,50773,corner,1,0.5921,-1,0
77,52125,corner,1,0.5974,-1,0
78,52511,corner,1,0.6026,-1,0
79,53746,corner,1,0.6076,-1,0
80,54134,corner,1,0.6125,-1,0
81,55282,corner,1,0.6173,-1,0
82,56181,corner,0,0.6098,-1,0
83,57527,corner,0,0.6024,-1,0
84,58487,corner,0,0.5952,-1,0
85,58754,corner,1,0.6000,-1,0
86,58861,corner,0,0.5930,-1,0
87,60213,corner,0,0.5862,-1,0
88,60766,corner,1,0.5909,-1,0
89,61608,corner,1,0.5955,-1,0
90,62324,corner,0,0.5889,-1,0
91,62893,corner,1,0.5934,-1,0
92,63381,corner,0,0.5870,-1,0
93,63795,corner,1,0.5914,-1,0
94,64036,corner,1,0.5957,-1,0
95,64233,corner,1,0.6000,-1,0
96,65416,corner,1,0.6042,-1,0
97,65975,corner,1,0.6082,-1,0
98,66330,corner,1,0.6122,-1,0
99,66541,corner,1,0.6162,-1,0
100,67745,corner,1,0.6200,-1,0
101,67916,corner,0,0.6100,-1,0
102,68101,corner,0,0.6000,-1,0
103,69305,corner,1,0.6000,-1,0
104,70118,corner,1,0.6000,-1,0
105,71061,corner,0,0.5900,-1,0
106,71272,corner,1,0.5900,-1,0
107,72624,corner,0,0.5800,-1,0
108,73976,corner,1,0.5900,-1,0
109,74382,corner,1,0.6000,-1,0
110,75152,corner,1,0.6100,-1,0
111,75334,corner,0,0.6000,-1,0
112,76312,corner,0,0.6000,-1,0
113,77471,corner,1,0.6000,-1,0
114,78109,corner,1,0.6000,-1,0
115,78271,corner,1,0.6000,-1,0
116,79623,corner,0,0.5900,-1,0
117,80694,corner,1,0.5900,-1,0
118,81342,corner,1,0.6000,-1,0
119,81885,corner,0,0.5900,-1,0
120,82742,corner,0,0.5900,-1,0
121,83267,corner,1,0.5900,-1,0
122,83913,corner,1,0.6000,-1,0
123,84085,corner,0,0.5900,-1,0
124,84256,corner,0,0.5900,-1,0
125,84818,corner,1,0.5900,-1,0
126,84990,corner,0,0.5800,-1,0
127,85509,corner,0,0.5700,-1,0
128,86861,corner,0,0.5600,-1,0
129,87014,corner,1,0.5600,-1,0
130,87216,corner,1,0.5600,-1,0
131,87443,corner,1,0.5600,-1,0
132,87962,corner,0,0.5600,-1,0
133,88193,corner,1,0.5600,-1,0
134,88541,corner,0,0.5500,-1,0
135,89595,corner,1,0.5600,-1,0
136,90470,corner,0,0.5600,-1,0
137,90946,corner,1,0.5700,-1,0
138,91692,corner,1,0.5700,-1,0
139,91909,corner,1,0.5700,-1,0
140,92530,corner,0,0.5700,-1,0
141,93158,corner,1,0.5700,-1,0
142,93484,corner,0,0.5700,-1,0
143,94836,corner,0,0.5600,-1,0
144,95016,corner,0,0.5500,-1,0
145,96012,corner,1,0.5500,-1,0
146,97340,corner,0,0.5400,-1,0
147,97909,corner,0,0.5300,-1,0
148,98222,corner,0,0.5200,-1,0
149,98621,corner,0,0.5100,-1,0
150,99904,corner,0,0.5100,-1,0
151,101256,corner,0,0.5000,-1,0
152,101475,corner,1,0.5100,-1,0
153,102643,corner,1,0.5100,-1,0
154,102817,corner,0,0.5000,-1,0
155,103011,corner,1,0.5100,-1,0
156,103185,corner,0,0.5100,-1,0
157,103802,corner,0,0.5100,-1,0
158,105154,corner,1,0.5200,-1,0
159,105286,corner,1,0.5200,-1,0
160,105701,corner,1,0.5300,-1,0
161,105871,corner,0,0.5300,-1,0
162,107223,corner,0,0.5200,-1,0
163,107434,corner,1,0.5200,-1,0
164,108660,corner,1,0.5300,-1,0
165,109675,corner,0,0.5300,-1,0
166,111027,corner,1,0.5300,-1,0
167,112379,corner,0,0.5300,-1,0
168,113731,corner,1,0.5300,-1,0
169,114491,corner,1,0.5400,-1,0
170,115517,corner,0,0.5400,-1,0
171,116869,corner,0,0.5400,-1,0
172,118221,corner,0,0.5300,-1,0
173,119573,corner,0,0.5300,-1,0
174,119771,corner,1,0.5400,-1,0
175,119872,corner,0,0.5400,-1,0
176,120091,corner,1,0.5400,-1,0
177,120262,corner,0,0.5300,-1,0
178,120808,corner,1,0.5300,-1,0
179,121212,corner,0,0.5200,-1,0
180,122330,corner,1,0.5200,-1,0
181,123294,corner,1,0.5200,-1,0
182,124357,corner,1,0.5300,-1,0
183,124743,corner,1,0.5400,-1,0
184,124966,corner,1,0.5500,-1,0
185,125308,corner,0,0.5400,-1,0
186,126660,corner,1,0.5500,-1,0
187,128012,corner,1,0.5600,-1,0
188,129364,corner,0,0.5500,-1,0
189,130711,corner,1,0.5500,-1,0
190,132063,corner,0,0.5500,-1,0
191,132781,corner,1,0.5500,-1,0
192,133354,corner,1,0.5600,-1,0
193,134706,corner,0,0.5500,-1,0
194,135371,corner,0,0.5400,-1,0
195,135752,corner,0,0.5300,-1,0
196,135921,corner,0,0.5200,-1,0
197,137273,corner,1,0.5200,-1,0
198,138008,corner,0,0.5100,-1,0
199,139360,corner,0,0.5000,-1,0
200,140712,corner,0,0.4900,-1,0
201,141529,corner,0,0.4900,-1,0
202,141980,corner,1,0.5000,-1,0
203,142928,corner,1,0.5000,-1,0
204,143102,corner,0,0.4900,-1,0
205,144454,corner,0,0.4900,-1,0
206,145661,corner,0,0.4800,-1,0
207,145838,corner,0,0.4800,-1,0
208,146440,corner,0,0.4700,-1,0
209,147596,corner,0,0.4600,-1,0
210,148152,corner,0,0.4500,-1,0
211,149222,corner,0,0.4500,-1,0
212,150574,corner,1,0.4600,-1,0
213,151326,corner,0,0.4500,-1,0
214,152678,corner,1,0.4500,-1,0
215,153707,corner,1,0.4500,-1,0
216,154507,corner,0,0.4500,-1,0
217,155859,corner,0,0.4400,-1,0
218,156547,corner,1,0.4400,-1,0
219,157899,corner,1,0.4500,-1,0
220,158255,corner,0,0.4500,-1,0
221,158609,corner,1,0.4500,-1,0
222,159961,corner,0,0.4400,-1,0
223,161114,corner,1,0.4500,-1,0
224,161371,corner,0,0.4500,-1,0
225,162723,corner,0,0.4400,-1,0
226,163109,corner,1,0.4500,-1,0
227,163911,corner,1,0.4600,-1,0
228,164366,corner,1,0.4700,-1,0
229,165718,corner,0,0.4600,-1,0
230,166691,corner,0,0.4500,-1,0
231,166884,corner,1,0.4500,-1,0
232,167229,corner,0,0.4500,-1,0
233,167861,corner,1,0.4500,-1,0
234,168535,corner,0,0.4500,-1,0
235,169887,corner,0,0.4400,-1,0
236,170828,corner,1,0.4500,-1,0
237,172151,corner,1,0.4500,-1,0
238,173113,corner,1,0.4500,-1,0
239,174465,corner,0,0.4400,-1,0
240,174695,corner,1,0.4500,-1,0
241,176047,corner,0,0.4400,-1,0
242,177399,corner,1,0.4500,-1,0
243,178077,corner,1,0.4600,-1,0
244,179429,corner,1,0.4700,-1,0
245,179900,corner,1,0.4700,-1,0
246,181252,corner,0,0.4700,-1,0
247,181853,corner,0,0.4700,-1,0
248,182986,corner,1,0.4800,-1,0
249,183855,corner,1,0.4900,-1,0
250,184553,corner,1,0.5000,-1,0
251,184969,corner,1,0.5100,-1,0
252,185396,corner,1,0.5100,-1,0
253,185949,corner,1,0.5100,-1,0
254,186287,corner,1,0.5200,-1,0
255,186957,corner,1,0.5200,-1,0
256,188309,corner,1,0.5300,-1,0
257,189206,corner,0,0.5300,-1,0
258,190558,corner,0,0.5200,-1,0
259,190737,corner,0,0.5100,-1,0
260,192089,corner,0,0.5000,-1,0
261,193441,corner,0,0.5000,-1,0
262,194793,corner,0,0.5000,-1,0
263,195287,corner,1,0.5000,-1,0
264,196290,corner,1,0.5000,-1,0
265,196635,corner,0,0.5000,-1,0
266,197985,corner,0,0.4900,-1,0
267,199337,corner,0,0.4900,-1,0
268,199800,corner,1,0.4900,-1,0
269,200119,corner,0,0.4800,-1,0
270,201187,corner,1,0.4900,-1,0
271,202526,corner,0,0.4900,-1,0
272,203219,corner,0,0.4900,-1,0
273,204158,corner,1,0.5000,-1,0
274,204561,corner,1,0.5000,-1,0
275,205750,corner,0,0.5000,-1,0
276,207034,corner,0,0.4900,-1,0
277,207241,corner,1,0.5000,-1,0
278,208593,corner,1,0.5000,-1,0
279,209945,corner,0,0.5000,-1,0
280,210430,corner,0,0.4900,-1,0
281,211782,corner,0,0.4800,-1,0
282,211954,corner,0,0.4700,-1,0
283,212181,corner,1,0.4700,-1,0
284,213533,corner,0,0.4600,-1,0
285,214857,corner,0,0.4600,-1,0
286,215659,corner,0,0.4500,-1,0
287,216034,corner,1,0.4500,-1,0
288,216816,corner,1,0.4600,-1,0
289,217197,corner,0,0.4500,-1,0
290,217436,corner,0,0.4500,-1,0
291,218039,corner,0,0.4400,-1,0
292,218217,corner,0,0.4300,-1,0
293,218810,corner,1,0.4400,-1,0
294,219837,corner,0,0.4400,-1,0
295,220046,corner,1,0.4500,-1,0
296,220319,corner,0,0.4500,-1,0
297,220964,corner,0,0.4400,-1,0
298,222316,corner,0,0.4400,-1,0
299,223108,corner,1,0.4500,-1,0
300,223327,corner,1,0.4600,-1,0
301,224679,corner,0,0.4600,-1,0
302,225983,corner,1,0.4600,-1,0
303,226976,corner,0,0.4500,-1,0
304,227684,corner,1,0.4600,-1,0
305,229036,corner,1,0.4700,-1,0
306,230388,corner,0,0.4700,-1,0
307,231740,corner,0,0.4700,-1,0
308,232151,corner,1,0.4800,-1,0
309,233503,corner,0,0.4800,-1,0
310,234855,corner,0,0.4800,-1,0
311,236207,corner,0,0.4800,-1,0
312,237559,corner,0,0.4700,-1,0
313,237766,corner,1,0.4800,-1,0
314,239118,corner,0,0.4700,-1,0
315,240470,corner,0,0.4600,-1,0
316,240722,corner,1,0.4700,-1,0
317,241606,corner,1,0.4800,-1,0
318,242881,corner,0,0.4700,-1,0
319,244233,corner,0,0.4600,-1,0
320,245117,corner,1,0.4700,-1,0
321,246469,corner,0,0.4600,-1,0
322,246740,corner,1,0.4700,-1,0
323,246915,corner,0,0.4600,-1,0
324,247130,corner,1,0.4700,-1,0
325,247459,corner,1,0.4800,-1,0
326,248300,corner,0,0.4700,-1,0
327,248916,corner,1,0.4700,-1,0
328,249306,corner,1,0.4700,-1,0
329,249872,corner,1,0.4800,-1,0
330,250384,corner,0,0.4800,-1,0
331,251736,corner,0,0.4700,-1,0
332,252065,corner,0,0.4700,-1,0
333,252872,corner,0,0.4600,-1,0
334,253668,corner,0,0.4600,-1,0
335,253856,corner,1,0.4700,-1,0
336,254514,corner,1,0.4700,-1,0
337,254879,corner,1,0.4700,-1,0
338,256231,corner,0,0.4600,-1,0
339,257059,corner,1,0.4700,-1,0
340,258138,corner,0,0.4600,-1,0
341,259051,corner,1,0.4700,-1,0
342,259849,corner,1,0.4700,-1,0
343,261201,corner,0,0.4600,-1,0
344,261799,corner,1,0.4600,-1,0
345,261970,corner,0,0.4500,-1,0
346,263303,corner,1,0.4600,-1,0
347,263614,corner,0,0.4600,-1,0
348,264966,corner,0,0.4500,-1,0
349,265166,corner,1,0.4500,-1,0
350,266223,corner,0,0.4400,-1,0
351,266567,corner,0,0.4300,-1,0
352,267544,corner,0,0.4200,-1,0
353,268896,corner,1,0.4200,-1,0
354,269203,corner,1,0.4200,-1,0
355,270555,corner,0,0.4100,-1,0
356,271907,corner,0,0.4000,-1,0
357,272132,corner,1,0.4100,-1,0
358,273201,corner,0,0.4100,-1,0
359,274553,corner,0,0.4100,-1,0
360,275905,corner,1,0.4200,-1,0
361,277257,corner,0,0.4200,-1,0
362,277427,corner,0,0.4200,-1,0
363,277596,corner,0,0.4100,-1,0
364,278948,corner,0,0.4000,-1,0
365,279800,corner,0,0.4000,-1,0
366,280078,corner,0,0.4000,-1,0
367,281103,corner,1,0.4100,-1,0
368,281383,corner,0,0.4000,-1,0
369,281557,corner,0,0.4000,-1,0
370,281993,corner,1,0.4000,-1,0
371,282762,corner,1,0.4100,-1,0
372,282943,corner,0,0.4100,-1,0
373,284295,corner,0,0.4000,-1,0
374,285647,corner,1,0.4000,-1,0
375,286107,corner,1,0.4100,-1,0
376,286279,corner,0,0.4100,-1,0
377,287236,corner,1,0.4100,-1,0
378,287519,corner,1,0.4100,-1,0
379,288556,corner,1,0.4200,-1,0
380,288792,corner,1,0.4300,-1,0
381,289176,corner,1,0.4400,-1,0
382,289722,corner,1,0.4500,-1,0
383,290458,corner,1,0.4500,-1,0
384,291560,corner,0,0.4500,-1,0
385,292130,corner,1,0.4600,-1,0
386,292470,corner,0,0.4600,-1,0
387,292927,corner,1,0.4600,-1,0
388,293775,corner,0,0.4500,-1,0
389,294178,corner,0,0.4500,-1,0
390,294437,corner,1,0.4600,-1,0
391,294606,corner,0,0.4600,-1,0
392,295137,corner,1,0.4700,-1,0
393,295665,corner,1,0.4700,-1,0
394,295853,corner,0,0.4700,-1,0
395,297205,corner,0,0.4600,-1,0
396,298557,corner,1,0.4700,-1,0
397,299889,corner,0,0.4700,-1,0
398,301241,corner,0,0.4700,-1,0
399,302593,corner,0,0.4600,-1,0
400,302704,corner,0,0.4500,-1,0
401,303226,corner,0,0.4500,-1,0
402,304029,corner,1,0.4500,-1,0
403,304728,corner,1,0.4600,-1,0
404,306080,corner,1,0.4600,-1,0
405,307309,corner,1,0.4600,-1,0
406,308295,corner,0,0.4600,-1,0
407,309647,corner,0,0.4600,-1,0
408,310999,corner,0,0.4500,-1,0
409,312351,corner,0,0.4500,-1,0
410,313148,corner,0,0.4500,-1,0
411,313559,corner,1,0.4600,-1,0
412,313890,corner,0,0.4600,-1,0
413,314101,corner,1,0.4600,-1,0
414,315453,corner,0,0.4600,-1,0
415,316006,corner,0,0.4600,-1,0
416,316177,corner,0,0.4500,-1,0
417,317529,corner,1,0.4500,-1,0
418,318133,corner,0,0.4500,-1,0
419,318865,corner,1,0.4600,-1,0
420,320092,corner,1,0.4600,-1,0
421,320385,corner,1,0.4700,-1,0
422,321737,corner,0,0.4600,-1,0
423,322656,corner,1,0.4700,-1,0
424,323015,corner,1,0.4700,-1,0
425,324003,corner,0,0.4600,-1,0
426,324191,corner,0,0.4600,-1,0
427,325543,corner,0,0.4500,-1,0
428,326895,corner,0,0.4400,-1,0
429,328206,corner,0,0.4300,-1,0
430,328925,corner,1,0.4400,-1,0
431,330277,corner,1,0.4500,-1,0
432,330837,corner,1,0.4600,-1,0
433,331009,corner,0,0.4600,-1,0
434,331232,corner,1,0.4700,-1,0
435,331851,corner,1,0.4700,-1,0
436,332077,corner,1,0.4700,-1,0
437,332449,corner,1,0.4700,-1,0
438,332927,corner,0,0.4700,-1,0
439,334171,corner,1,0.4700,-1,0
440,334363,corner,1,0.4800,-1,0
441,335715,corner,0,0.4700,-1,0
442,337067,corner,0,0.4600,-1,0
443,338419,corner,0,0.4600,-1,0
444,338679,corner,1,0.4600,-1,0
445,339073,corner,1,0.4700,-1,0
446,339699,corner,1,0.4700,-1,0
447,341051,corner,0,0.4700,-1,0
448,342403,corner,0,0.4700,-1,0
449,343287,corner,1,0.4700,-1,0
450,344639,corner,0,0.4700,-1,0
451,344811,corner,0,0.4700,-1,0
452,344998,corner,1,0.4800,-1,0
453,345375,corner,1,0.4800,-1,0
454,346727,corner,0,0.4700,-1,0
455,346944,corner,1,0.4800,-1,0
456,347830,corner,0,0.4800,-1,0
457,349182,corner,0,0.4700,-1,0
458,349915,corner,1,0.4800,-1,0
459,351267,corner,1,0.4900,-1,0
460,352619,corner,1,0.4900,-1,0
461,352843,corner,1,0.5000,-1,0
462,353605,corner,1,0.5100,-1,0
463,354267,corner,1,0.5200,-1,0
464,354794,corner,1,0.5300,-1,0
465,356146,corner,0,0.5300,-1,0
466,357498,corner,0,0.5300,-1,0
467,358384,corner,0,0.5200,-1,0
468,359736,corner,0,0.5200,-1,0
469,359993,corner,1,0.5300,-1,0
470,360446,corner,1,0.5300,-1,0
471,361798,corner,1,0.5300,-1,0
472,363150,corner,0,0.5300,-1,0
473,363491,corner,1,0.5400,-1,0
474,363670,corner,0,0.5300,-1,0
475,363911,corner,1,0.5300,-1,0
476,364615,corner,0,0.5300,-1,0
477,365145,corner,0,0.5200,-1,0
478,365374,corner,1,0.5200,-1,0
479,365723,corner,0,0.5100,-1,0
480,366479,corner,1,0.5100,-1,0
481,366730,corner,1,0.5100,-1,0
482,367150,corner,1,0.5100,-1,0
483,367383,corner,1,0.5100,-1,0
484,367611,corner,1,0.5200,-1,0
485,368963,corner,1,0.5200,-1,0
486,369509,corner,1,0.5300,-1,0
487,370196,corner,1,0.5300,-1,0
488,370988,corner,1,0.5400,-1,0
489,372340,corner,1,0.5500,-1,0
490,372680,corner,1,0.5500,-1,0
491,372878,corner,1,0.5600,-1,0
492,373121,corner,1,0.5600,-1,0
493,374473,corner,0,0.5500,-1,0
494,375748,corner,0,0.5500,-1,0
495,376022,corner,0,0.5500,-1,0
496,377374,corner,0,0.5400,-1,0
497,377767,corner,1,0.5500,-1,0
498,378675,corner,1,0.5600,-1,0
499,378869,corner,1,0.5700,-1,0
500,379434,corner,1,0.5800,-1,0
501,380094,corner,1,0.5900,-1,0
502,380295,corner,1,0.5900,-1,0
503,380695,corner,1,0.5900,-1,0
504,381230,corner,1,0.5900,-1,0
505,381936,corner,0,0.5800,-1,0
506,382814,corner,0,0.5800,-1,0
507,383248,corner,1,0.5900,-1,0
508,384540,corner,0,0.5900,-1,0
509,385088,corner,0,0.5900,-1,0
510,386022,corner,1,0.6000,-1,0
511,387374,corner,1,0.6000,-1,0
512,387566,corner,1,0.6100,-1,0
513,388918,corner,0,0.6000,-1,0
514,389690,corner,1,0.6100,-1,0
515,390646,corner,1,0.6200,-1,0
516,391256,corner,0,0.6200,-1,0
517,392608,corner,0,0.6100,-1,0
518,393728,corner,0,0.6100,-1,0
519,394307,corner,0,0.6000,-1,0
520,394955,corner,0,0.5900,-1,0
521,396307,corner,0,0.5800,-1,0
522,396644,corner,0,0.5800,-1,0
523,397996,corner,1,0.5800,-1,0
524,398231,corner,1,0.5800,-1,0
525,399583,corner,0,0.5800,-1,0
526,399757,corner,1,0.5900,-1,0
527,400166,corner,1,0.6000,-1,0
528,400671,corner,1,0.6100,-1,0
529,400886,corner,1,0.6200,-1,0
530,402084,corner,1,0.6200,-1,0
531,402629,corner,1,0.6200,-1,0
532,403051,corner,1,0.6200,-1,0
533,403330,corner,1,0.6300,-1,0
534,404489,corner,1,0.6300,-1,0
535,405025,corner,1,0.6300,-1,0
536,406154,corner,1,0.6300,-1,0
537,406705,corner,1,0.6300,-1,0
538,407190,corner,1,0.6400,-1,0
539,408542,corner,0,0.6300,-1,0
540,409197,corner,1,0.6300,-1,0
541,410549,corner,0,0.6300,-1,0
542,411492,corner,0,0.6300,-1,0
543,412844,corner,0,0.6300,-1,0
544,413237,corner,1,0.6300,-1,0
545,413655,corner,1,0.6300,-1,0
546,414066,corner,1,0.6300,-1,0
547,415418,corner,1,0.6400,-1,0
548,416208,corner,1,0.6500,-1,0
549,417560,corner,0,0.6400,-1,0
550,418912,corner,0,0.6400,-1,0
551,419313,corner,1,0.6500,-1,0
552,420665,corner,0,0.6400,-1,0
553,420879,corner,1,0.6400,-1,0
554,421481,corner,1,0.6500,-1,0
555,422833,corner,0,0.6400,-1,0
556,424185,corner,0,0.6400,-1,0
557,425531,corner,1,0.6500,-1,0
558,426095,corner,1,0.6500,-1,0
559,426279,corner,1,0.6500,-1,0
560,427631,corner,0,0.6400,-1,0
561,428983,corner,0,0.6300,-1,0
562,429157,corner,0,0.6200,-1,0
563,429903,corner,0,0.6100,-1,0
564,430662,corner,1,0.6100,-1,0
565,431397,corner,0,0.6100,-1,0
566,432595,corner,1,0.6200,-1,0
567,432808,corner,1,0.6300,-1,0
568,434149,corner,1,0.6400,-1,0
569,435501,corner,1,0.6400,-1,0
570,436465,corner,1,0.6400,-1,0
571,437518,corner,0,0.6300,-1,0
572,437704,corner,0,0.6300,-1,0
573,439056,corner,1,0.6300,-1,0
574,439772,corner,0,0.6300,-1,0
575,440223,corner,0,0.6200,-1,0
576,441249,corner,0,0.6200,-1,0
577,442328,corner,1,0.6300,-1,0
578,442894,corner,1,0.6300,-1,0
579,443291,corner,1,0.6400,-1,0
580,444047,corner,1,0.6400,-1,0
581,445128,corner,1,0.6400,-1,0
582,445529,corner,1,0.6400,-1,0
583,445866,corner,0,0.6300,-1,0
584,446070,corner,1,0.6300,-1,0
585,447422,corner,0,0.6200,-1,0
586,448110,corner,1,0.6200,-1,0
587,448672,corner,1,0.6200,-1,0
588,448782,corner,0,0.6100,-1,0
589,449681,corner,1,0.6100,-1,0
590,451033,corner,0,0.6000,-1,0
591,452115,corner,1,0.6000,-1,0
592,452690,corner,0,0.5900,-1,0
593,454042,corner,0,0.5900,-1,0
594,454569,corner,1,0.6000,-1,0
595,455369,corner,1,0.6100,-1,0
596,456721,corner,1,0.6200,-1,0
597,457454,corner,1,0.6200,-1,0
598,458661,corner,0,0.6100,-1,0
599,459412,corner,0,0.6000,-1,0
600,460340,corner,1,0.6000,-1,0
601,461692,corner,0,0.5900,-1,0
602,463044,corner,0,0.5800,-1,0
603,463450,corner,1,0.5800,-1,0
604,464802,corner,0,0.5700,-1,0
605,466154,corner,1,0.5800,-1,0
606,466964,corner,1,0.5900,-1,0
607,468012,corner,1,0.5900,-1,0
608,469364,corner,0,0.5900,-1,0
609,470093,corner,1,0.6000,-1,0
610,470892,corner,1,0.6000,-1,0
611,471269,corner,1,0.6000,-1,0
612,471611,corner,0,0.5900,-1,0
613,472590,corner,1,0.6000,-1,0
614,473279,corner,1,0.6000,-1,0
615,473818,corner,1,0.6000,-1,0
616,474312,corner,0,0.6000,-1,0
617,474879,corner,1,0.6100,-1,0
618,476231,corner,0,0.6100,-1,0
619,477583,corner,0,0.6100,-1,0
620,478935,corner,0,0.6100,-1,0
621,479105,corner,0,0.6100,-1,0
622,480221,corner,1,0.6200,-1,0
623,481573,corner,0,0.6100,-1,0
624,482925,corner,0,0.6000,-1,0
625,483033,corner,0,0.6000,-1,0
626,484385,corner,1,0.6000,-1,0
627,484488,corner,0,0.5900,-1,0
628,484854,corner,1,0.5900,-1,0
629,486206,corner,0,0.5800,-1,0
630,486787,corner,0,0.5700,-1,0
631,487012,corner,1,0.5700,-1,0
632,487872,corner,1,0.5700,-1,0
633,488650,corner,0,0.5600,-1,0
634,488851,corner,0,0.5500,-1,0
635,490134,corner,0,0.5400,-1,0
636,491486,corner,1,0.5400,-1,0
637,491902,corner,1,0.5400,-1,0
638,492275,corner,1,0.5400,-1,0
639,493627,corner,0,0.5400,-1,0
640,494979,corner,0,0.5300,-1,0
641,496331,corner,0,0.5300,-1,0
642,496891,corner,0,0.5300,-1,0
643,498016,corner,0,0.5300,-1,0
644,498386,corner,0,0.5200,-1,0
645,498612,corner,1,0.5200,-1,0
646,499964,corner,0,0.5100,-1,0
647,500478,corner,0,0.5000,-1,0
648,500806,defensive,1,0.5000,0,1
649,501047,defensive,0,0.5000,0,2
650,501964,defensive,1,0.5100,0,3
651,502169,defensive,1,0.5100,0,4
652,502873,defensive,1,0.5200,0,5
653,503610,defensive,1,0.5200,0,6
654,503916,defensive,1,0.5200,0,7
655,504069,defensive,1,0.5300,0,8
656,504419,defensive,1,0.5400,0,9
657,504623,defensive,1,0.5400,0,10
658,504714,defensive,0,0.5300,0,11
659,506066,defensive,0,0.5200,0,12
660,506384,defensive,1,0.5300,0,13
661,506612,defensive,1,0.5400,0,14
662,506913,defensive,0,0.5400,0,15
663,508025,defensive,1,0.5500,0,16
664,508377,defensive,1,0.5500,0,17
665,508561,defensive,1,0.5600,0,18
666,509639,defensive,1,0.5600,0,19
667,509723,defensive,0,0.5500,0,20
668,509892,defensive,1,0.5500,0,21
669,509991,defensive,0,0.5400,0,22
670,510166,defensive,1,0.5400,0,23
671,510481,defensive,1,0.5500,0,24
672,511522,defensive,1,0.5600,0,25
673,512043,defensive,1,0.5600,0,26
674,512210,defensive,1,0.5700,0,27
675,512653,defensive,0,0.5700,0,28
676,513503,defensive,1,0.5800,0,29
677,513655,defensive,1,0.5800,0,30
678,513849,defensive,1,0.5800,0,31
679,513950,defensive,0,0.5700,0,32
680,514129,defensive,1,0.5700,0,33
681,514414,defensive,1,0.5700,0,34
682,514673,defensive,0,0.5600,0,35
683,515434,defensive,1,0.5700,0,36
684,515841,defensive,1,0.5700,0,37
685,516095,defensive,0,0.5700,0,38
686,516882,defensive,1,0.5700,0,39
687,517081,defensive,1,0.5700,0,40
688,517334,defensive,1,0.5800,0,41
689,518036,defensive,0,0.5700,0,42
690,518191,defensive,1,0.5800,0,43
691,518447,defensive,1,0.5800,0,44
692,518634,defensive,1,0.5900,0,45
693,519214,defensive,1,0.6000,0,46
694,519310,defensive,0,0.5900,0,47
695,519495,defensive,1,0.5900,0,48
696,519749,defensive,0,0.5800,0,49
697,519937,defensive,1,0.5800,0,50
698,520076,defensive,0,0.5800,0,51
699,520942,defensive,1,0.5900,0,52
700,521510,defensive,1,0.5900,0,53
701,521803,defensive,1,0.6000,0,54
702,521976,defensive,1,0.6100,0,55
703,522671,defensive,1,0.6100,0,56
704,523882,defensive,1,0.6200,0,57
705,525234,defensive,0,0.6100,0,58
706,526586,defensive,1,0.6100,0,59
707,526983,defensive,1,0.6100,0,60
708,527954,defensive,1,0.6200,0,61
709,529306,defensive,1,0.6200,0,62
710,529818,defensive,0,0.6100,0,63
711,530394,defensive,1,0.6100,0,64
712,531540,defensive,1,0.6200,0,65
713,531693,defensive,1,0.6200,0,66
714,532643,defensive,1,0.6200,0,67
715,533195,defensive,0,0.6100,0,68
716,533481,defensive,0,0.6100,0,69
717,534833,defensive,1,0.6100,0,70
718,535320,defensive,1,0.6200,0,71
719,535786,defensive,1,0.6300,0,72
720,536830,defensive,1,0.6400,0,73
721,537557,defensive,0,0.6400,0,74
722,537756,defensive,1,0.6400,0,75
723,539108,defensive,0,0.6400,0,76
724,539317,defensive,1,0.6500,0,77
725,539689,defensive,1,0.6600,0,78
726,541041,defensive,1,0.6600,0,79
727,541228,defensive,1,0.6700,0,80
728,541941,defensive,1,0.6700,0,81
729,542122,defensive,1,0.6800,0,82
730,542570,defensive,1,0.6900,0,83
731,543922,defensive,1,0.6900,0,84
732,544971,defensive,1,0.6900,0,85
733,546046,defensive,1,0.7000,0,86
734,546246,defensive,1,0.7100,0,87
735,546397,defensive,0,0.7100,0,88
736,546754,defensive,1,0.7100,0,89
737,547023,defensive,0,0.7000,0,90
738,547630,defensive,0,0.6900,0,91
739,547822,defensive,1,0.7000,0,92
740,547916,defensive,0,0.7000,0,93
741,548117,defensive,1,0.7100,0,94
742,548875,defensive,1,0.7200,0,95
743,549071,defensive,1,0.7300,0,96
744,549319,defensive,1,0.7400,0,97
745,549511,defensive,1,0.7400,0,98
746,549888,defensive,1,0.7500,0,99
747,550183,defensive,1,0.7600,0,100
748,550327,defensive,0,0.7500,0,101
749,551139,defensive,1,0.7600,0,102
750,551310,defensive,1,0.7600,0,103
751,551516,defensive,1,0.7600,0,104
752,551821,defensive,1,0.7600,0,105
753,552041,defensive,1,0.7600,0,106
754,553130,defensive,1,0.7600,0,107
755,553641,defensive,0,0.7500,0,108
756,554356,defensive,1,0.7500,0,109
757,554552,defensive,1,0.7500,0,110
758,554932,defensive,1,0.7600,0,111
759,555464,defensive,1,0.7700,0,112
760,556048,defensive,1,0.7700,0,113
761,556233,defensive,1,0.7700,0,114
762,556644,defensive,1,0.7800,0,115
763,557189,defensive,1,0.7800,0,116
764,557511,defensive,1,0.7800,0,117
765,558132,defensive,1,0.7800,0,118
766,558964,defensive,0,0.7700,0,119
767,559864,defensive,1,0.7800,0,120
768,560000,defensive,1,0.7800,0,121
769,560602,defensive,1,0.7900,0,122
770,561688,defensive,1,0.7900,0,123
771,562381,defensive,1,0.7900,0,124
772,563320,defensive,1,0.7900,0,125
773,563805,defensive,1,0.7900,0,126
774,564187,defensive,1,0.7900,0,127
775,564395,defensive,1,0.8000,0,128
776,565747,defensive,1,0.8000,0,129
777,566234,defensive,0,0.7900,0,130
778,566329,defensive,0,0.7800,0,131
779,566427,defensive,1,0.7900,0,132
780,566672,defensive,0,0.7800,0,133
781,566850,defensive,1,0.7800,0,134
782,567182,defensive,1,0.7900,0,135
783,567375,defensive,1,0.7900,0,136
784,567936,defensive,1,0.7900,0,137
785,568345,defensive,1,0.8000,0,138
786,568731,defensive,1,0.8000,0,139
787,569263,defensive,1,0.8000,0,140
788,569653,defensive,1,0.8000,0,141
789,570625,defensive,1,0.8100,0,142
790,571760,defensive,1,0.8100,0,143
791,573095,defensive,1,0.8100,0,144
792,573451,defensive,0,0.8000,0,145
793,574803,defensive,1,0.8000,0,146
794,575284,defensive,1,0.8100,0,147
795,576049,defensive,1,0.8100,0,148
796,576141,defensive,0,0.8100,0,149
797,576716,defensive,1,0.8100,0,150
798,576890,defensive,1,0.8200,0,151
799,577104,defensive,1,0.8200,0,152
800,578456,defensive,1,0.8200,0,153
801,578979,defensive,1,0.8200,0,154
802,579339,defensive,0,0.8100,0,155
803,579920,defensive,1,0.8100,0,156
804,580117,defensive,1,0.8100,0,157
805,580337,defensive,1,0.8200,0,158
806,580503,defensive,1,0.8200,0,159
807,580696,defensive,1,0.8200,0,160
808,581020,defensive,1,0.8200,0,161
809,581885,defensive,1,0.8200,0,162
810,582426,defensive,1,0.8300,0,163
811,582600,defensive,1,0.8300,0,164
812,582817,defensive,1,0.8300,0,165
813,583967,defensive,0,0.8200,0,166
814,584136,defensive,1,0.8200,0,167
815,584777,defensive,0,0.8200,0,168
816,585347,defensive,1,0.8300,0,169
817,585726,defensive,1,0.8300,0,170
818,586130,defensive,1,0.8300,0,171
819,586319,defensive,1,0.8300,0,172
820,586508,defensive,1,0.8300,0,173
821,586718,defensive,1,0.8400,0,174
822,586990,defensive,0,0.8300,0,175
823,587138,defensive,0,0.8300,0,176
824,587469,defensive,1,0.8300,0,177
825,588060,defensive,1,0.8300,0,178
826,588193,defensive,1,0.8300,0,179
827,588565,defensive,1,0.8300,0,180
828,588803,defensive,0,0.8200,0,181
829,589184,defensive,1,0.8200,0,182
830,589346,defensive,1,0.8200,0,183
831,589892,defensive,1,0.8200,0,184
832,590107,defensive,1,0.8200,0,185
833,590284,defensive,1,0.8200,0,186
834,590461,defensive,1,0.8200,0,187
835,590548,defensive,0,0.8200,0,188
836,590735,defensive,1,0.8200,0,189
837,590880,defensive,0,0.8200,0,190
838,591277,defensive,1,0.8300,0,191
839,591421,defensive,1,0.8300,0,192
840,591596,defensive,1,0.8400,0,193
841,591729,defensive,1,0.8400,0,194
842,592173,defensive,1,0.8400,0,195
843,592326,defensive,1,0.8400,0,196
844,592656,defensive,1,0.8400,0,197
845,592994,defensive,1,0.8400,0,198
846,593183,defensive,1,0.8400,0,199
847,593550,defensive,1,0.8400,0,200
848,594585,defensive,1,0.8500,0,201
849,594672,defensive,0,0.8400,0,202
850,594771,defensive,0,0.8300,0,203
851,595088,defensive,1,0.8300,0,204
852,595449,defensive,1,0.8300,0,205
853,595639,defensive,1,0.8300,0,206
854,596370,defensive,1,0.8300,0,207
855,596583,defensive,1,0.8400,0,208
856,596756,defensive,1,0.8400,0,209
857,596906,defensive,1,0.8400,0,210
858,597135,defensive,0,0.8300,0,211
859,597267,defensive,1,0.8300,0,212
860,597486,defensive,1,0.8300,0,213
861,597686,defensive,1,0.8300,0,214
862,598035,defensive,1,0.8300,0,215
863,598212,defensive,1,0.8300,0,216
864,598337,defensive,1,0.8300,0,217
865,598532,defensive,1,0.8300,0,218
866,598730,defensive,1,0.8400,0,219
867,598920,defensive,1,0.8400,0,220
868,599088,defensive,1,0.8400,0,221
869,599511,defensive,1,0.8400,0,222
870,599747,defensive,1,0.8400,0,223
871,600135,defensive,1,0.8400,0,224
872,600343,defensive,1,0.8400,0,225
873,600491,defensive,1,0.8400,0,226
874,600659,defensive,1,0.8400,0,227
875,600832,defensive,1,0.8400,0,228
876,601223,defensive,1,0.8400,0,229
877,601412,defensive,1,0.8500,0,230
878,601522,defensive,0,0.8500,0,231
879,601728,defensive,1,0.8500,0,232
880,601917,defensive,1,0.8600,0,233
881,602011,defensive,0,0.8500,0,234
882,602164,defensive,1,0.8500,0,235
883,602347,defensive,1,0.8500,0,236
884,602534,defensive,1,0.8500,0,237
885,602690,defensive,1,0.8500,0,238
886,602852,defensive,1,0.8500,0,239
887,602997,defensive,1,0.8500,0,240
888,603087,defensive,0,0.8400,0,241
889,603174,defensive,0,0.8300,0,242
890,603361,defensive,1,0.8300,0,243
891,603523,defensive,1,0.8300,0,244
892,603717,defensive,1,0.8400,0,245
893,603893,defensive,1,0.8400,0,246
894,603983,defensive,1,0.8400,0,247
895,604345,defensive,1,0.8400,0,248
896,604887,defensive,1,0.8500,0,249
897,604984,defensive,0,0.8400,0,250
898,605078,defensive,0,0.8300,0,251
899,605400,defensive,1,0.8300,0,252
900,605492,defensive,0,0.8200,0,253
901,605684,defensive,1,0.8200,0,254
902,605862,defensive,1,0.8300,0,255
903,605961,defensive,0,0.8200,0,256
904,606151,defensive,1,0.8200,0,257
905,606594,defensive,1,0.8200,0,258
906,606754,defensive,1,0.8200,0,259
907,606981,defensive,1,0.8200,0,260
908,607075,defensive,0,0.8100,0,261
909,607257,defensive,1,0.8100,0,262
910,607394,defensive,1,0.8100,0,263
911,607495,defensive,0,0.8000,0,264
912,607739,defensive,1,0.8000,0,265
913,608111,defensive,1,0.8100,0,266
914,608263,defensive,1,0.8100,0,267
915,608439,defensive,1,0.8200,0,268
916,608804,defensive,1,0.8200,0,269
917,608901,defensive,0,0.8100,0,270
918,608991,defensive,0,0.8000,0,271
919,609085,defensive,0,0.7900,0,272
920,609296,defensive,1,0.7900,0,273
921,609502,defensive,1,0.7900,0,274
922,609672,defensive,1,0.8000,0,275
923,609873,defensive,1,0.8100,0,276
924,609978,defensive,1,0.8100,0,277
925,610184,defensive,1,0.8100,0,278
926,610395,defensive,1,0.8100,0,279
927,610508,defensive,0,0.8000,0,280
928,610691,defensive,1,0.8100,0,281
929,610782,defensive,0,0.8000,0,282
930,610877,defensive,0,0.7900,0,283
931,611055,defensive,1,0.7900,0,284
932,611211,defensive,1,0.7900,0,285
933,611354,defensive,1,0.7900,0,286
934,611533,defensive,1,0.7900,0,287
935,611743,defensive,1,0.8000,0,288
936,611928,defensive,1,0.8000,0,289
937,612104,defensive,1,0.8100,0,290
938,612279,defensive,1,0.8100,0,291
939,612427,defensive,1,0.8100,0,292
940,612525,defensive,1,0.8100,0,293
941,612629,defensive,0,0.8000,0,294
942,612784,defensive,1,0.8000,0,295
943,612997,defensive,1,0.8000,0,296
944,613201,defensive,1,0.8000,0,297
945,613377,defensive,1,0.8000,0,298
946,613512,defensive,1,0.8000,0,299
947,613615,defensive,0,0.7900,0,300
948,613750,defensive,1,0.7900,0,301
949,613877,defensive,1,0.8000,0,302
950,614080,defensive,1,0.8100,0,303
951,614253,defensive,1,0.8100,0,304
952,614404,defensive,0,0.8000,0,305
953,614601,defensive,1,0.8000,0,306
954,614930,defensive,1,0.8000,0,307
955,615073,defensive,1,0.8000,0,308
956,615272,defensive,1,0.8000,0,309
957,615362,defensive,0,0.7900,0,310
958,615877,defensive,1,0.8000,0,311
959,616063,defensive,1,0.8000,0,312
960,616271,defensive,1,0.8000,0,313
961,616405,defensive,1,0.8000,0,314
962,616612,defensive,1,0.8000,0,315
963,616932,defensive,1,0.8000,0,316
964,617033,defensive,0,0.7900,0,317
965,617136,defensive,0,0.7800,0,318
966,617549,defensive,1,0.7800,0,319
967,617729,defensive,1,0.7800,0,320
968,617823,defensive,0,0.7700,0,321
969,617980,defensive,1,0.7700,0,322
970,618127,defensive,1,0.7700,0,323
971,618319,defensive,1,0.7700,0,324
972,618409,defensive,0,0.7600,0,325
973,618771,defensive,1,0.7600,0,326
974,619176,defensive,1,0.7600,0,327
975,619549,defensive,1,0.7600,0,328
976,619654,defensive,0,0.7500,0,329
977,619882,defensive,1,0.7500,0,330
978,620186,defensive,0,0.7500,0,331
979,620446,defensive,1,0.7500,0,332
980,620607,defensive,1,0.7500,0,333
981,620931,defensive,0,0.7500,0,334
982,621241,defensive,0,0.7400,0,335
983,621328,defensive,0,0.7300,0,336
984,621510,defensive,1,0.7300,0,337
985,621648,defensive,1,0.7300,0,338
986,621849,defensive,1,0.7300,0,339
987,621946,defensive,0,0.7200,0,340
988,622126,defensive,1,0.7300,0,341
989,622214,defensive,0,0.7300,0,342
990,622359,defensive,1,0.7300,0,343
991,622452,defensive,0,0.7200,0,344
992,622643,defensive,0,0.7100,0,345
993,622752,defensive,0,0.7000,0,346
994,622904,defensive,1,0.7000,0,347
995,623701,defensive,1,0.7000,0,348
996,623919,defensive,1,0.7000,0,349
997,624010,defensive,0,0.7000,0,350
998,624172,defensive,1,0.7100,0,351
999,624319,defensive,1,0.7100,0,352
1000,624496,defensive,1,0.7200,0,353
1001,624814,defensive,1,0.7200,0,354
1002,625006,defensive,1,0.7200,0,355
1003,625211,defensive,1,0.7300,0,356
1004,625471,defensive,1,0.7300,0,357
1005,625732,defensive,1,0.7300,0,358
1006,625930,defensive,1,0.7300,0,359
1007,626103,defensive,1,0.7300,0,360
1008,626285,defensive,1,0.7400,0,361
1009,626451,defensive,1,0.7400,0,362
1010,626740,defensive,1,0.7400,0,363
1011,626827,defensive,0,0.7400,0,364
1012,626918,defensive,0,0.7300,0,365
1013,627075,defensive,1,0.7300,0,366
1014,627211,defensive,1,0.7300,0,367
1015,627391,defensive,1,0.7300,0,368
1016,627530,defensive,1,0.7300,0,369
1017,627794,defensive,1,0.7400,0,370
1018,628071,defensive,1,0.7500,0,371
1019,628156,defensive,0,0.7500,0,372
1020,628247,defensive,0,0.7400,0,373
1021,628393,defensive,1,0.7400,0,374
1022,628631,defensive,1,0.7400,0,375
1023,628822,defensive,1,0.7400,0,376
1024,628981,defensive,1,0.7400,0,377
1025,629073,defensive,0,0.7300,0,378
1026,629221,defensive,1,0.7300,0,379
1027,629373,defensive,1,0.7400,0,380
1028,629623,defensive,1,0.7400,0,381
1029,629920,defensive,1,0.7500,0,382
1030,630092,defensive,1,0.7600,0,383
1031,630181,defensive,0,0.7500,0,384
1032,630272,defensive,0,0.7400,0,385
1033,630527,defensive,1,0.7400,0,386
1034,630796,defensive,0,0.7300,0,387
1035,630888,defensive,0,0.7200,0,388
1036,630981,defensive,0,0.7100,0,389
1037,631157,defensive,1,0.7100,0,390
1038,631297,defensive,1,0.7100,0,391
1039,631642,defensive,1,0.7100,0,392
1040,631838,defensive,1,0.7100,0,393
1041,632010,defensive,1,0.7200,0,394
1042,632164,defensive,1,0.7200,0,395
1043,632262,defensive,0,0.7100,0,396
1044,632469,defensive,1,0.7100,0,397
1045,632681,defensive,1,0.7100,0,398
1046,633000,defensive,1,0.7100,0,399
1047,633338,defensive,1,0.7200,0,400
1048,633791,defensive,1,0.7200,0,401
1049,633947,defensive,1,0.7200,0,402
1050,634124,defensive,1,0.7200,0,403
1051,634299,defensive,1,0.7200,0,404
1052,634519,defensive,1,0.7300,0,405
1053,635077,defensive,1,0.7300,0,406
1054,635355,defensive,0,0.7200,0,407
1055,635621,defensive,1,0.7200,0,408
1056,635792,defensive,1,0.7200,0,409
1057,636216,defensive,0,0.7200,0,410
1058,636364,defensive,1,0.7200,0,411
1059,636546,defensive,1,0.7200,0,412
1060,636730,defensive,1,0.7200,0,413
1061,637691,defensive,1,0.7200,0,414
1062,637790,defensive,0,0.7100,0,415
1063,637993,defensive,1,0.7100,0,416
1064,638351,defensive,1,0.7200,0,417
1065,638520,defensive,1,0.7300,0,418
1066,639148,defensive,1,0.7300,0,419
1067,639620,defensive,1,0.7300,0,420
1068,640144,defensive,1,0.7400,0,421
1069,640368,defensive,1,0.7400,0,422
1070,640461,defensive,0,0.7300,0,423
1071,640594,defensive,1,0.7300,0,424
1072,640774,defensive,1,0.7400,0,425
1073,640996,defensive,1,0.7400,0,426
1074,641332,defensive,1,0.7400,0,427
1075,641517,defensive,1,0.7400,0,428
1076,641680,defensive,1,0.7500,0,429
1077,641789,defensive,0,0.7400,0,430
1078,641887,defensive,0,0.7400,0,431
1079,642080,defensive,1,0.7400,0,432
1080,642215,defensive,1,0.7400,0,433
1081,642319,defensive,0,0.7400,0,434
1082,642410,defensive,0,0.7400,0,435
1083,642777,defensive,1,0.7500,0,436
1084,642954,defensive,1,0.7500,0,437
1085,643120,defensive,1,0.7500,0,438
1086,643283,defensive,1,0.7500,0,439
1087,643468,defensive,1,0.7600,0,440
1088,643556,defensive,0,0.7500,0,441
1089,643757,defensive,1,0.7600,0,442
1090,644060,defensive,1,0.7600,0,443
1091,644205,defensive,1,0.7700,0,444
1092,644531,defensive,1,0.7800,0,445
1093,644621,defensive,0,0.7800,0,446
1094,644711,defensive,0,0.7700,0,447
1095,644811,defensive,0,0.7600,0,448
1096,644911,defensive,0,0.7500,0,449
1097,645055,defensive,1,0.7600,0,450
1098,645221,defensive,1,0.7600,0,451
1099,645402,defensive,1,0.7600,0,452
1100,645577,defensive,1,0.7600,0,453
1101,645748,defensive,1,0.7600,0,454
1102,645944,defensive,1,0.7600,0,455
1103,646032,defensive,0,0.7500,0,456
1104,646211,defensive,1,0.7500,0,457
1105,646307,defensive,0,0.7400,0,458
1106,646503,defensive,1,0.7400,0,459
1107,646637,defensive,1,0.7400,0,460
1108,646791,defensive,1,0.7400,0,461
1109,646946,defensive,1,0.7400,0,462
1110,647037,defensive,1,0.7400,0,463
1111,647141,defensive,0,0.7400,0,464
1112,647229,defensive,1,0.7500,0,465
1113,647403,defensive,1,0.7500,0,466
1114,647506,defensive,0,0.7400,0,467
1115,647686,defensive,1,0.7400,0,468
1116,647881,defensive,1,0.7400,0,469
1117,648343,defensive,1,0.7400,0,470
1118,648755,defensive,1,0.7400,0,471
1119,648900,defensive,1,0.7500,0,472
1120,649098,defensive,1,0.7600,0,473
1121,649279,defensive,1,0.7600,0,474
1122,649513,defensive,1,0.7600,0,475
1123,649684,defensive,1,0.7600,0,476
1124,649973,defensive,0,0.7500,0,477
1125,650136,defensive,1,0.7600,0,478
1126,650352,defensive,1,0.7600,0,479
1127,650949,defensive,1,0.7600,0,480
1128,651041,defensive,0,0.7500,0,481
1129,651228,defensive,1,0.7500,0,482
1130,651486,defensive,1,0.7500,0,483
1131,651662,defensive,1,0.7600,0,484
1132,651841,defensive,1,0.7700,0,485
1133,651939,defensive,0,0.7600,0,486
1134,652125,defensive,1,0.7700,0,487
1135,652256,defensive,1,0.7800,0,488
1136,652459,defensive,1,0.7900,0,489
1137,652550,defensive,0,0.7800,0,490
1138,652692,defensive,1,0.7800,0,491
1139,652850,defensive,1,0.7800,0,492
1140,653150,defensive,1,0.7800,0,493
1141,653272,defensive,1,0.7800,0,494
1142,653433,defensive,1,0.7800,0,495
1143,653530,defensive,0,0.7800,0,496
1144,653687,defensive,1,0.7800,0,497
1145,653858,defensive,1,0.7800,0,498
1146,654161,defensive,0,0.7700,0,499
1147,654346,defensive,1,0.7700,0,500
1148,654482,defensive,1,0.7700,0,501
1149,654657,defensive,1,0.7700,0,502
1150,654767,defensive,0,0.7600,0,503
1151,654977,defensive,1,0.7600,0,504
1152,655073,defensive,0,0.7500,0,505
1153,655205,defensive,1,0.7500,0,506
1154,655369,defensive,1,0.7600,0,507
1155,655634,defensive,1,0.7600,0,508
1156,655782,defensive,1,0.7600,0,509
1157,655936,defensive,1,0.7700,0,510
1158,656029,defensive,0,0.7600,0,511
1159,656136,defensive,0,0.7500,0,512
1160,656226,defensive,0,0.7400,0,513
1161,656443,defensive,1,0.7400,0,514
1162,656665,defensive,1,0.7500,0,515
1163,656842,defensive,1,0.7500,0,516
1164,656977,defensive,0,0.7400,0,517
1165,657153,defensive,1,0.7400,0,518
1166,657477,defensive,1,0.7400,0,519
1167,657616,defensive,1,0.7400,0,520
1168,657718,defensive,0,0.7300,0,521
1169,657906,defensive,1,0.7300,0,522
1170,658019,defensive,0,0.7300,0,523
1171,658174,defensive,1,0.7300,0,524
1172,658274,defensive,0,0.7200,0,525
1173,658476,defensive,1,0.7200,0,526
1174,658611,defensive,1,0.7200,0,527
1175,658778,defensive,1,0.7200,0,528
1176,658964,defensive,1,0.7200,0,529
1177,659396,defensive,1,0.7300,0,530
1178,659574,defensive,1,0.7400,0,531
1179,659701,defensive,1,0.7400,0,532
1180,659844,defensive,1,0.7400,0,533
1181,659985,defensive,0,0.7400,0,534
1182,660071,defensive,0,0.7400,0,535
1183,660231,defensive,1,0.7400,0,536
1184,660415,defensive,1,0.7400,0,537
1185,660599,defensive,1,0.7400,0,538
1186,660793,defensive,1,0.7400,0,539
1187,660889,defensive,0,0.7300,0,540
1188,661029,defensive,1,0.7400,0,541
1189,661210,defensive,1,0.7400,0,542
1190,661307,defensive,0,0.7300,0,543
1191,661409,defensive,0,0.7200,0,544
1192,661580,defensive,1,0.7200,0,545
1193,661737,defensive,1,0.7300,0,546
1194,661823,defensive,0,0.7300,0,547
1195,661965,defensive,1,0.7400,0,548
1196,662058,defensive,0,0.7400,0,549
1197,662336,defensive,0,0.7300,0,550
1198,662538,defensive,1,0.7300,0,551
1199,662715,defensive,1,0.7300,0,552
1200,662907,defensive,1,0.7300,0,553
1201,663047,defensive,1,0.7300,0,554
1202,663182,defensive,1,0.7300,0,555
1203,663330,defensive,1,0.7400,0,556
1204,663534,defensive,1,0.7400,0,557
1205,663694,defensive,1,0.7500,0,558
1206,663874,defensive,1,0.7500,0,559
1207,663978,defensive,0,0.7400,0,560
1208,664120,defensive,1,0.7400,0,561
1209,664290,defensive,1,0.7400,0,562
1210,664473,defensive,1,0.7400,0,563
1211,664736,defensive,0,0.7400,0,564
1212,664898,defensive,1,0.7400,0,565
1213,665079,defensive,1,0.7400,0,566
1214,665293,defensive,1,0.7500,0,567
1215,665678,defensive,1,0.7500,0,568
1216,665767,defensive,0,0.7400,0,569
1217,665921,defensive,1,0.7400,0,570
1218,666218,defensive,1,0.7400,0,571
1219,666375,defensive,1,0.7400,0,572
1220,666526,defensive,1,0.7400,0,573
1221,666624,defensive,0,0.7300,0,574
1222,666767,defensive,1,0.7300,0,575
1223,667132,defensive,1,0.7300,0,576
1224,667612,defensive,1,0.7400,0,577
1225,667792,defensive,1,0.7400,0,578
1226,668103,defensive,1,0.7400,0,579
1227,668479,defensive,1,0.7400,0,580
1228,668656,defensive,1,0.7500,0,581
1229,668744,defensive,0,0.7400,0,582
1230,668835,defensive,0,0.7300,0,583
1231,668927,defensive,0,0.7200,0,584
1232,669075,defensive,1,0.7200,0,585
1233,669169,defensive,0,0.7200,0,586
1234,669530,defensive,1,0.7200,0,587
1235,669691,defensive,1,0.7200,0,588
1236,669793,defensive,0,0.7100,0,589
1237,669887,defensive,0,0.7100,0,590
1238,670022,defensive,1,0.7100,0,591
1239,670208,defensive,1,0.7100,0,592
1240,670406,defensive,1,0.7100,0,593
1241,670497,defensive,0,0.7000,0,594
1242,670680,defensive,1,0.7000,0,595
1243,670765,defensive,0,0.7000,0,596
1244,670930,defensive,1,0.7000,0,597
1245,671273,defensive,1,0.7000,0,598
1246,671644,defensive,1,0.7100,0,599
1247,671779,defensive,1,0.7100,0,600
1248,671936,defensive,1,0.7100,0,601
1249,672105,defensive,1,0.7100,0,602
1250,672256,defensive,1,0.7200,0,603
1251,672466,defensive,1,0.7200,0,604
1252,672641,defensive,1,0.7300,0,605
1253,672726,defensive,0,0.7200,0,606
1254,672870,defensive,1,0.7200,0,607
1255,672963,defensive,0,0.7100,0,608
1256,673045,defensive,1,0.7100,0,609
1257,673215,defensive,1,0.7100,0,610
1258,673307,defensive,0,0.7100,0,611
1259,673480,defensive,1,0.7200,0,612
1260,673572,defensive,0,0.7200,0,613
1261,673668,defensive,1,0.7200,0,614
1262,673765,defensive,0,0.7100,0,615
1263,673941,defensive,1,0.7100,0,616
1264,674078,defensive,1,0.7200,0,617
1265,674254,defensive,1,0.7200,0,618
1266,674396,defensive,1,0.7200,0,619
1267,674601,defensive,1,0.7200,0,620
1268,674745,defensive,1,0.7300,0,621
1269,674835,defensive,0,0.7200,0,622
1270,675039,defensive,1,0.7300,0,623
1271,675182,defensive,1,0.7300,0,624
1272,675363,defensive,1,0.7400,0,625
1273,675541,defensive,1,0.7400,0,626
1274,675709,defensive,1,0.7400,0,627
1275,675795,defensive,1,0.7400,0,628
1276,675960,defensive,1,0.7400,0,629
1277,676120,defensive,1,0.7400,0,630
1278,676280,defensive,1,0.7400,0,631
1279,676496,defensive,1,0.7400,0,632
1280,676747,defensive,0,0.7300,0,633
1281,676908,defensive,0,0.7300,0,634
1282,677014,defensive,0,0.7300,0,635
1283,677391,defensive,1,0.7300,0,636
1284,677601,defensive,1,0.7300,0,637
1285,677836,defensive,0,0.7200,0,638
1286,678040,defensive,1,0.7200,0,639
1287,678139,defensive,0,0.7200,0,640
1288,678361,defensive,1,0.7200,0,641
1289,678450,defensive,0,0.7100,0,642
1290,678577,defensive,0,0.7100,0,643
1291,678696,defensive,0,0.7100,0,644
1292,678901,defensive,1,0.7100,0,645
1293,679079,defensive,1,0.7100,0,646
1294,679254,defensive,1,0.7200,0,647
1295,679711,defensive,1,0.7200,0,648
1296,679909,defensive,1,0.7300,0,649
1297,680079,defensive,1,0.7400,0,650
1298,680668,defensive,1,0.7400,0,651
1299,680766,defensive,0,0.7300,0,652
1300,680963,defensive,1,0.7300,0,653
1301,681142,defensive,1,0.7300,0,654
1302,681666,defensive,1,0.7300,0,655
1303,681854,defensive,1,0.7300,0,656
1304,682011,defensive,1,0.7300,0,657
1305,682268,defensive,1,0.7300,0,658
1306,682590,defensive,1,0.7300,0,659
1307,682724,defensive,1,0.7400,0,660
1308,682825,defensive,0,0.7300,0,661
1309,683037,defensive,1,0.7300,0,662
1310,683126,defensive,0,0.7200,0,663
1311,683546,defensive,1,0.7300,0,664
1312,683663,defensive,0,0.7200,0,665
1313,683845,defensive,1,0.7200,0,666
1314,684008,defensive,1,0.7200,0,667
1315,684239,defensive,1,0.7200,0,668
1316,684326,defensive,0,0.7200,0,669
1317,684474,defensive,0,0.7100,0,670
1318,684660,defensive,1,0.7100,0,671
1319,684820,defensive,1,0.7100,0,672
1320,684999,defensive,1,0.7100,0,673
1321,685470,defensive,1,0.7200,0,674
1322,685640,defensive,1,0.7200,0,675
1323,685827,defensive,1,0.7200,0,676
1324,685911,defensive,0,0.7100,0,677
1325,686112,defensive,1,0.7100,0,678
1326,686206,defensive,0,0.7000,0,679
1327,686320,defensive,0,0.6900,0,680
1328,686479,defensive,1,0.6900,0,681
1329,686578,defensive,0,0.6900,0,682
1330,686676,defensive,0,0.6900,0,683
1331,687003,defensive,1,0.7000,0,684
1332,687190,defensive,1,0.7000,0,685
1333,687289,defensive,0,0.7000,0,686
1334,687438,defensive,1,0.7000,0,687
1335,687593,defensive,1,0.7000,0,688
1336,687839,defensive,1,0.7100,0,689
1337,688389,defensive,1,0.7200,0,690
1338,688733,defensive,1,0.7200,0,691
1339,688869,defensive,1,0.7200,0,692
1340,689072,defensive,1,0.7200,0,693
1341,689183,defensive,0,0.7200,0,694
1342,689346,defensive,1,0.7200,0,695
1343,689483,defensive,1,0.7300,0,696
1344,689785,defensive,1,0.7300,0,697
1345,689950,defensive,1,0.7300,0,698
1346,690129,defensive,1,0.7300,0,699
1347,690315,defensive,1,0.7300,0,700
1348,690453,defensive,1,0.7300,0,701
1349,690624,defensive,1,0.7300,0,702
1350,690763,defensive,1,0.7300,0,703
1351,690896,defensive,1,0.7300,0,704
1352,690984,defensive,0,0.7200,0,705
1353,691083,defensive,0,0.7200,0,706
1354,691416,defensive,1,0.7200,0,707
1355,691556,defensive,1,0.7300,0,708
1356,691743,defensive,1,0.7300,0,709
1357,691924,defensive,1,0.7300,0,710
1358,692162,defensive,1,0.7400,0,711
1359,692311,defensive,1,0.7400,0,712
1360,692524,defensive,1,0.7500,0,713
1361,692705,defensive,1,0.7500,0,714
1362,692795,defensive,0,0.7500,0,715
1363,692886,defensive,0,0.7400,0,716
1364,693024,defensive,1,0.7400,0,717
1365,693186,defensive,1,0.7400,0,718
1366,693274,defensive,0,0.7300,0,719
1367,693404,defensive,1,0.7300,0,720
1368,693583,defensive,1,0.7300,0,721
1369,693761,defensive,1,0.7400,0,722
1370,693939,defensive,1,0.7400,0,723
1371,694168,defensive,1,0.7400,0,724
1372,694274,defensive,0,0.7300,0,725
1373,694655,defensive,1,0.7300,0,726
1374,694744,defensive,0,0.7200,0,727
1375,694865,defensive,0,0.7100,0,728
1376,694949,defensive,0,0.7000,0,729
1377,695148,defensive,1,0.7000,0,730
1378,695326,defensive,1,0.7000,0,731
1379,695424,defensive,0,0.6900,0,732
1380,695569,defensive,1,0.7000,0,733
1381,695720,defensive,1,0.7100,0,734
1382,695965,defensive,1,0.7200,0,735
1383,696141,defensive,1,0.7200,0,736
1384,696366,defensive,1,0.7200,0,737
1385,696545,defensive,1,0.7300,0,738
1386,696710,defensive,1,0.7300,0,739
1387,696801,defensive,0,0.7300,0,740
1388,696897,defensive,0,0.7200,0,741
1389,696986,defensive,0,0.7200,0,742
1390,697121,defensive,1,0.7300,0,743
1391,697250,defensive,1,0.7400,0,744
1392,697418,defensive,1,0.7400,0,745
1393,697578,defensive,1,0.7400,0,746
1394,697688,defensive,0,0.7300,0,747
1395,697857,defensive,1,0.7300,0,748
1396,697952,defensive,0,0.7200,0,749
1397,698137,defensive,1,0.7200,0,750
1398,698348,defensive,0,0.7100,0,751
1399,698495,defensive,1,0.7200,0,752
1400,698661,defensive,1,0.7200,0,753
1401,698858,defensive,1,0.7200,0,754
1402,699001,defensive,0,0.7100,0,755
1403,699139,defensive,1,0.7100,0,756
1404,699300,defensive,1,0.7100,0,757
1405,699392,defensive,0,0.7000,0,758
1406,699551,defensive,1,0.7000,0,759
1407,699658,defensive,0,0.6900,0,760
1408,699981,defensive,1,0.7000,0,761
1409,700153,defensive,1,0.7000,0,762
1410,700240,defensive,0,0.7000,0,763
1411,700421,defensive,1,0.7000,0,764
1412,700513,defensive,0,0.7000,0,765
1413,700647,defensive,1,0.7000,0,766
1414,700796,defensive,1,0.7000,0,767
1415,701068,defensive,1,0.7000,0,768
1416,701152,defensive,0,0.7000,0,769
1417,701284,defensive,1,0.7100,0,770
1418,701438,defensive,1,0.7100,0,771
1419,701537,defensive,0,0.7000,0,772
1420,701700,defensive,1,0.7000,0,773
1421,701843,defensive,1,0.7000,0,774
1422,701941,defensive,0,0.6900,0,775
1423,702114,defensive,1,0.6900,0,776
1424,702293,defensive,1,0.7000,0,777
1425,702493,defensive,1,0.7000,0,778
1426,702655,defensive,1,0.7100,0,779
1427,702752,defensive,0,0.7100,0,780
1428,702923,defensive,1,0.7100,0,781
1429,703049,defensive,1,0.7200,0,782
1430,703170,defensive,0,0.7200,0,783
1431,703311,defensive,1,0.7200,0,784
1432,703526,defensive,1,0.7200,0,785
1433,703661,defensive,1,0.7300,0,786
1434,703761,defensive,0,0.7200,0,787
1435,703969,defensive,1,0.7200,0,788
1436,704146,defensive,1,0.7200,0,789
1437,704236,defensive,0,0.7100,0,790
1438,704414,defensive,1,0.7100,0,791
1439,704504,defensive,0,0.7000,0,792
1440,704694,defensive,1,0.7000,0,793
1441,704896,defensive,1,0.7100,0,794
1442,705098,defensive,1,0.7100,0,795
1443,705188,defensive,0,0.7000,0,796
1444,705319,defensive,1,0.7000,0,797
1445,705405,defensive,0,0.6900,0,798
1446,705524,defensive,0,0.6800,0,799
1447,705835,defensive,1,0.6800,0,800
1448,705938,defensive,0,0.6700,0,801
1449,706142,defensive,1,0.6700,0,802
1450,706365,defensive,1,0.6700,0,803
1451,706574,defensive,1,0.6700,0,804
1452,706674,defensive,0,0.6700,0,805
1453,706779,defensive,0,0.6700,0,806
1454,706960,defensive,1,0.6700,0,807
1455,707098,defensive,1,0.6700,0,808
1456,707286,defensive,1,0.6700,0,809
1457,707459,defensive,1,0.6700,0,810
1458,707555,defensive,0,0.6600,0,811
1459,707733,defensive,1,0.6600,0,812
1460,707857,defensive,0,0.6500,0,813
1461,707981,defensive,1,0.6500,0,814
1462,708255,defensive,0,0.6500,0,815
1463,708353,defensive,0,0.6500,0,816
1464,708876,defensive,1,0.6500,0,817
1465,708979,defensive,0,0.6400,0,818
1466,709186,defensive,1,0.6500,0,819
1467,709372,defensive,1,0.6500,0,820
1468,709541,defensive,1,0.6500,0,821
1469,709646,defensive,0,0.6400,0,822
1470,709812,defensive,1,0.6400,0,823
1471,709910,defensive,0,0.6300,0,824
1472,710078,defensive,1,0.6400,0,825
1473,710208,defensive,1,0.6400,0,826
1474,710445,defensive,1,0.6500,0,827
1475,710609,defensive,1,0.6600,0,828
1476,710776,defensive,1,0.6700,0,829
1477,710862,defensive,0,0.6600,0,830
1478,710957,defensive,0,0.6500,0,831
1479,711162,defensive,1,0.6600,0,832
1480,711657,defensive,1,0.6600,0,833
1481,711837,defensive,1,0.6600,0,834
1482,712003,defensive,1,0.6600,0,835
1483,712146,defensive,1,0.6600,0,836
1484,712326,defensive,1,0.6600,0,837
1485,712419,defensive,0,0.6500,0,838
1486,712524,defensive,0,0.6400,0,839
1487,712856,defensive,1,0.6500,0,840
1488,712942,defensive,0,0.6500,0,841
1489,713136,defensive,1,0.6600,0,842
1490,713316,defensive,1,0.6600,0,843
1491,713458,defensive,1,0.6600,0,844
1492,713548,defensive,0,0.6500,0,845
1493,713653,defensive,0,0.6400,0,846
1494,713804,defensive,0,0.6400,0,847
1495,713917,defensive,0,0.6300,0,848
1496,714121,defensive,1,0.6400,0,849
1497,714341,defensive,1,0.6400,0,850
1498,714714,defensive,1,0.6500,0,851
1499,714806,defensive,0,0.6400,0,852
1500,714993,defensive,1,0.6400,0,853
1501,715246,defensive,1,0.6400,0,854
1502,715393,defensive,1,0.6500,0,855
1503,715555,defensive,1,0.6500,0,856
1504,715756,defensive,1,0.6500,0,857
1505,715906,defensive,1,0.6600,0,858
1506,716007,defensive,0,0.6500,0,859
1507,716144,defensive,1,0.6600,0,860
1508,716237,defensive,0,0.6500,0,861
1509,716368,defensive,1,0.6500,0,862
1510,716548,defensive,1,0.6600,0,863
1511,716659,defensive,0,0.6500,0,864
1512,717017,defensive,1,0.6600,0,865
1513,717106,defensive,0,0.6500,0,866
1514,717399,defensive,1,0.6500,0,867
1515,717518,defensive,0,0.6400,0,868
1516,717788,defensive,1,0.6500,0,869
1517,718011,defensive,1,0.6500,0,870
1518,718105,defensive,0,0.6400,0,871
1519,718207,defensive,0,0.6400,0,872
1520,718378,defensive,1,0.6400,0,873
1521,718569,defensive,1,0.6400,0,874
1522,718688,defensive,0,0.6400,0,875
1523,718851,defensive,1,0.6400,0,876
1524,719108,defensive,1,0.6400,0,877
1525,719240,defensive,1,0.6400,0,878
1526,719340,defensive,0,0.6300,0,879
1527,719495,defensive,1,0.6400,0,880
1528,719583,defensive,0,0.6300,0,881
1529,719777,defensive,1,0.6300,0,882
1530,719947,defensive,1,0.6400,0,883
1531,720140,defensive,1,0.6400,0,884
1532,720334,defensive,1,0.6400,0,885
1533,720420,defensive,0,0.6300,0,886
1534,720536,defensive,0,0.6300,0,887
1535,720703,defensive,1,0.6300,0,888
1536,720885,defensive,1,0.6300,0,889
1537,721195,defensive,1,0.6400,0,890
1538,721285,defensive,0,0.6300,0,891
1539,721466,defensive,1,0.6400,0,892
1540,721662,defensive,1,0.6400,0,893
1541,721805,defensive,1,0.6400,0,894
1542,721936,defensive,1,0.6400,0,895
1543,722094,defensive,1,0.6500,0,896
1544,722287,defensive,1,0.6500,0,897
1545,722449,defensive,1,0.6600,0,898
1546,722589,defensive,1,0.6700,0,899
1547,722683,defensive,0,0.6600,0,900
1548,722817,defensive,1,0.6700,0,901
1549,722983,defensive,1,0.6700,0,902
1550,723196,defensive,1,0.6700,0,903
1551,723331,defensive,1,0.6700,0,904
1552,723429,defensive,0,0.6700,0,905
1553,723567,defensive,1,0.6800,0,906
1554,723761,defensive,1,0.6800,0,907
1555,723936,defensive,1,0.6800,0,908
1556,724115,defensive,1,0.6800,0,909
1557,724297,defensive,1,0.6800,0,910
1558,724411,defensive,0,0.6800,0,911
1559,724621,defensive,1,0.6800,0,912
1560,724780,defensive,1,0.6900,0,913
1561,724996,defensive,1,0.6900,0,914
1562,725132,defensive,1,0.7000,0,915
1563,725264,defensive,1,0.7100,0,916
1564,725352,defensive,0,0.7000,0,917
1565,725442,defensive,0,0.7000,0,918
1566,725536,defensive,0,0.6900,0,919
1567,725700,defensive,1,0.6900,0,920
1568,725851,defensive,1,0.6900,0,921
1569,725993,defensive,1,0.7000,0,922
1570,726160,defensive,1,0.7000,0,923
1571,726324,defensive,1,0.7100,0,924
1572,726525,defensive,1,0.7100,0,925
1573,726621,defensive,0,0.7000,0,926
1574,726810,defensive,1,0.7000,0,927
1575,726904,defensive,0,0.6900,0,928
1576,727048,defensive,1,0.6900,0,929
1577,727170,defensive,1,0.7000,0,930
1578,727268,defensive,0,0.7000,0,931
1579,727420,defensive,1,0.7000,0,932
1580,727524,defensive,0,0.6900,0,933
1581,727619,defensive,0,0.6800,0,934
1582,727718,defensive,0,0.6700,0,935
1583,727870,defensive,1,0.6700,0,936
1584,728063,defensive,1,0.6700,0,937
1585,728294,defensive,1,0.6800,0,938
1586,728414,defensive,0,0.6800,0,939
1587,728620,defensive,1,0.6800,0,940
1588,728801,defensive,1,0.6900,0,941
1589,728974,defensive,1,0.6900,0,942
1590,729213,defensive,1,0.6900,0,943
1591,729325,defensive,0,0.6800,0,944
1592,729592,defensive,1,0.6900,0,945
1593,729757,defensive,1,0.7000,0,946
1594,730108,defensive,1,0.7100,0,947
1595,730261,defensive,1,0.7200,0,948
1596,730367,defensive,0,0.7100,0,949
1597,730538,defensive,1,0.7100,0,950
1598,730738,defensive,1,0.7100,0,951
1599,730875,defensive,1,0.7200,0,952
1600,730976,defensive,0,0.7100,0,953
1601,731081,defensive,0,0.7000,0,954
1602,731258,defensive,1,0.7000,0,955
1603,731508,defensive,0,0.6900,0,956
1604,731731,defensive,1,0.6900,0,957
1605,731953,defensive,1,0.6900,0,958
1606,732140,defensive,1,0.7000,0,959
1607,732334,defensive,1,0.7000,0,960
1608,732431,defensive,0,0.7000,0,961
1609,732618,defensive,1,0.7000,0,962
1610,732794,defensive,1,0.7000,0,963
1611,732956,defensive,1,0.7100,0,964
1612,733130,defensive,1,0.7100,0,965
1613,733318,defensive,1,0.7200,0,966
1614,733402,defensive,0,0.7100,0,967
1615,733554,defensive,1,0.7200,0,968
1616,733659,defensive,0,0.7100,0,969
1617,733845,defensive,1,0.7100,0,970
1618,733958,defensive,0,0.7100,0,971
1619,734119,defensive,1,0.7200,0,972
1620,734218,defensive,0,0.7100,0,973
1621,734502,defensive,1,0.7100,0,974
1622,734611,defensive,0,0.7100,0,975
1623,734772,defensive,1,0.7100,0,976
1624,734900,defensive,1,0.7100,0,977
1625,735000,defensive,0,0.7000,0,978
1626,735129,defensive,1,0.7100,0,979
1627,735397,defensive,0,0.7000,0,980
1628,735538,defensive,1,0.7100,0,981
1629,735715,defensive,1,0.7100,0,982
1630,735856,defensive,1,0.7100,0,983
1631,735993,defensive,1,0.7100,0,984
1632,736170,defensive,1,0.7100,0,985
1633,736314,defensive,1,0.7200,0,986
1634,736533,defensive,1,0.7300,0,987
1635,736724,defensive,1,0.7300,0,988
1636,736837,defensive,0,0.7200,0,989
1637,736977,defensive,1,0.7200,0,990
1638,737148,defensive,1,0.7300,0,991
1639,737235,defensive,0,0.7200,0,992
1640,737328,defensive,0,0.7100,0,993
1641,737422,defensive,0,0.7000,0,994
1642,737505,defensive,0,0.6900,0,995
1643,737687,defensive,1,0.6900,0,996
1644,737781,defensive,0,0.6800,0,997
1645,737964,defensive,1,0.6800,0,998
1646,738133,defensive,1,0.6800,0,999
1647,738386,defensive,0,0.6800,0,1000
1648,738614,defensive,1,0.6800,0,1001
1649,738713,defensive,0,0.6700,0,1002
1650,738906,defensive,1,0.6700,0,1003
1651,739003,defensive,0,0.6600,0,1004
1652,739191,defensive,1,0.6700,0,1005
1653,739399,defensive,1,0.6700,0,1006
1654,739498,defensive,0,0.6600,0,1007
1655,739593,defensive,0,0.6500,0,1008
1656,739678,defensive,0,0.6400,0,1009
1657,739769,defensive,0,0.6300,0,1010
1658,739862,defensive,1,0.6400,0,1011
1659,740048,defensive,1,0.6400,0,1012
1660,740191,defensive,1,0.6400,0,1013
1661,740349,defensive,1,0.6400,0,1014
1662,740501,defensive,1,0.6400,0,1015
1663,740600,defensive,0,0.6300,0,1016
1664,740741,defensive,1,0.6400,0,1017
1665,740832,defensive,0,0.6400,0,1018
1666,740919,defensive,0,0.6400,0,1019
1667,741086,defensive,1,0.6400,0,1020
1668,741199,defensive,0,0.6300,0,1021
1669,741300,defensive,0,0.6200,0,1022
1670,741543,defensive,0,0.6100,0,1023
1671,741789,defensive,1,0.6100,0,1024
1672,741918,defensive,1,0.6100,0,1025
1673,742282,defensive,1,0.6200,0,1026
1674,742386,defensive,0,0.6100,0,1027
1675,742543,defensive,1,0.6200,0,1028
1676,742730,defensive,1,0.6200,0,1029
1677,742846,defensive,0,0.6100,0,1030
1678,743017,defensive,1,0.6200,0,1031
1679,743149,defensive,1,0.6200,0,1032
1680,743337,defensive,1,0.6300,0,1033
1681,743428,defensive,0,0.6300,0,1034
1682,743630,defensive,1,0.6400,0,1035
1683,743722,defensive,0,0.6300,0,1036
1684,743933,defensive,1,0.6300,0,1037
1685,744024,defensive,0,0.6200,0,1038
1686,744200,defensive,1,0.6300,0,1039
1687,744676,defensive,1,0.6300,0,1040
1688,744857,defensive,1,0.6300,0,1041
1689,744953,defensive,0,0.6200,0,1042
1690,745082,defensive,1,0.6200,0,1043
1691,745228,defensive,1,0.6300,0,1044
1692,745563,defensive,1,0.6300,0,1045
1693,745661,defensive,0,0.6200,0,1046
1694,745947,defensive,1,0.6200,0,1047
1695,746164,defensive,1,0.6200,0,1048
1696,746424,defensive,1,0.6300,0,1049
1697,746562,defensive,0,0.6200,0,1050
1698,746671,defensive,0,0.6100,0,1051
1699,747323,defensive,1,0.6100,0,1052
1700,747447,defensive,1,0.6200,0,1053
1701,747589,defensive,1,0.6300,0,1054
1702,748033,defensive,1,0.6300,0,1055
1703,748125,defensive,0,0.6300,0,1056
1704,748303,defensive,1,0.6300,0,1057
1705,748455,defensive,1,0.6300,0,1058
1706,748639,defensive,1,0.6300,0,1059
1707,748809,defensive,1,0.6300,0,1060
1708,748916,defensive,0,0.6300,0,1061
1709,749084,defensive,1,0.6300,0,1062
1710,749372,defensive,1,0.6300,0,1063
1711,749465,defensive,0,0.6200,0,1064
1712,749558,defensive,0,0.6100,0,1065
1713,749729,defensive,1,0.6100,0,1066
1714,749876,defensive,1,0.6200,0,1067
1715,749976,defensive,0,0.6100,0,1068
1716,750131,defensive,1,0.6200,0,1069
1717,750419,defensive,0,0.6100,0,1070
1718,750607,defensive,1,0.6200,0,1071
1719,750702,defensive,0,0.6100,0,1072
1720,750866,defensive,1,0.6200,0,1073
1721,751022,defensive,1,0.6200,0,1074
1722,751195,defensive,1,0.6300,0,1075
1723,751372,defensive,1,0.6300,0,1076
1724,751544,defensive,1,0.6300,0,1077
1725,751733,defensive,1,0.6400,0,1078
1726,751831,defensive,0,0.6300,0,1079
1727,752266,defensive,1,0.6400,0,1080
1728,752416,defensive,1,0.6400,0,1081
1729,752511,defensive,0,0.6300,0,1082
1730,752668,defensive,1,0.6300,0,1083
1731,752759,defensive,0,0.6200,0,1084
1732,753051,defensive,1,0.6200,0,1085
1733,753236,defensive,1,0.6200,0,1086
1734,753411,defensive,1,0.6200,0,1087
1735,753740,defensive,1,0.6200,0,1088
1736,753919,defensive,1,0.6300,0,1089
1737,754142,defensive,1,0.6300,0,1090
1738,754243,defensive,0,0.6200,0,1091
1739,754597,defensive,1,0.6300,0,1092
1740,754787,defensive,1,0.6400,0,1093
1741,754880,defensive,0,0.6400,0,1094
1742,755043,defensive,1,0.6500,0,1095
1743,755253,defensive,1,0.6500,0,1096
1744,755408,defensive,1,0.6600,0,1097
1745,755561,defensive,1,0.6600,0,1098
1746,755730,defensive,1,0.6600,0,1099
1747,755928,defensive,1,0.6700,0,1100
1748,756019,defensive,0,0.6600,0,1101
1749,756216,defensive,1,0.6700,0,1102
1750,756383,defensive,1,0.6700,0,1103
1751,756527,defensive,1,0.6800,0,1104
1752,756657,defensive,1,0.6800,0,1105
1753,756814,defensive,1,0.6800,0,1106
1754,756973,defensive,1,0.6900,0,1107
1755,757330,defensive,1,0.7000,0,1108
1756,757467,defensive,0,0.7000,0,1109
1757,757772,defensive,0,0.7000,0,1110
1758,757983,defensive,1,0.7000,0,1111
1759,758076,defensive,1,0.7000,0,1112
1760,758260,defensive,1,0.7000,0,1113
1761,758428,defensive,1,0.7000,0,1114
1762,758572,defensive,1,0.7000,0,1115
1763,758772,defensive,1,0.7100,0,1116
1764,758864,defensive,0,0.7000,0,1117
1765,759012,defensive,1,0.7100,0,1118
1766,759259,defensive,1,0.7200,0,1119
1767,759421,defensive,1,0.7200,0,1120
1768,759527,defensive,0,0.7200,0,1121
1769,759722,defensive,1,0.7300,0,1122
1770,759975,defensive,0,0.7300,0,1123
1771,760211,defensive,1,0.7300,0,1124
1772,760295,defensive,0,0.7200,0,1125
1773,760484,defensive,1,0.7200,0,1126
1774,760580,defensive,0,0.7200,0,1127
1775,760759,defensive,1,0.7200,0,1128
1776,760994,defensive,1,0.7200,0,1129
1777,761199,defensive,1,0.7300,0,1130
1778,761294,defensive,0,0.7200,0,1131
1779,761453,defensive,1,0.7200,0,1132
1780,761597,defensive,1,0.7200,0,1133
1781,761739,defensive,1,0.7300,0,1134
1782,761902,defensive,1,0.7300,0,1135
1783,762058,defensive,1,0.7400,0,1136
1784,762141,defensive,0,0.7300,0,1137
1785,762240,defensive,0,0.7300,0,1138
1786,762392,defensive,1,0.7300,0,1139
1787,762489,defensive,0,0.7200,0,1140
1788,762653,defensive,1,0.7200,0,1141
1789,762837,defensive,1,0.7300,0,1142
1790,762928,defensive,0,0.7200,0,1143
1791,763172,defensive,0,0.7100,0,1144
1792,763336,defensive,1,0.7100,0,1145
1793,763429,defensive,0,0.7100,0,1146
1794,763522,defensive,0,0.7000,0,1147
1795,763666,defensive,1,0.7000,0,1148
1796,763831,defensive,1,0.7000,0,1149
1797,763935,defensive,1,0.7100,0,1150
1798,764038,defensive,0,0.7100,0,1151
1799,764186,defensive,0,0.7000,0,1152
1800,764326,defensive,1,0.7000,0,1153
1801,764419,defensive,0,0.6900,0,1154
1802,764520,defensive,0,0.6800,0,1155
1803,764851,defensive,1,0.6900,0,1156
1804,764950,defensive,0,0.6800,0,1157
1805,765144,defensive,1,0.6800,0,1158
1806,765242,defensive,0,0.6700,0,1159
1807,765411,defensive,1,0.6700,0,1160
1808,765600,defensive,1,0.6800,0,1161
1809,765862,defensive,1,0.6800,0,1162
1810,766190,defensive,1,0.6800,0,1163
1811,766278,defensive,0,0.6800,0,1164
1812,766597,defensive,1,0.6900,0,1165
1813,766697,defensive,0,0.6800,0,1166
1814,766862,defensive,1,0.6800,0,1167
1815,766953,defensive,0,0.6800,0,1168
1816,767168,defensive,1,0.6800,0,1169
1817,767307,defensive,1,0.6900,0,1170
1818,767811,defensive,1,0.6900,0,1171
1819,768004,defensive,1,0.7000,0,1172
1820,768228,defensive,1,0.7000,0,1173
1821,768329,defensive,0,0.6900,0,1174
1822,768469,defensive,1,0.6900,0,1175
1823,768681,defensive,1,0.6900,0,1176
1824,768850,defensive,1,0.6900,0,1177
1825,768950,defensive,0,0.6800,0,1178
1826,769090,defensive,1,0.6900,0,1179
1827,769359,defensive,0,0.6800,0,1180
1828,769540,defensive,1,0.6800,0,1181
1829,769689,defensive,1,0.6900,0,1182
1830,769865,defensive,1,0.6900,0,1183
1831,770006,defensive,1,0.7000,0,1184
1832,770104,defensive,0,0.6900,0,1185
1833,770272,defensive,1,0.6900,0,1186
1834,770435,defensive,1,0.6900,0,1187
1835,770602,defensive,1,0.6900,0,1188
1836,770757,defensive,1,0.6900,0,1189
1837,770893,defensive,1,0.6900,0,1190
1838,771037,defensive,1,0.7000,0,1191
1839,771210,defensive,1,0.7000,0,1192
1840,771367,defensive,1,0.7000,0,1193
1841,771504,defensive,1,0.7100,0,1194
1842,771668,defensive,1,0.7100,0,1195
1843,771951,defensive,1,0.7100,0,1196
1844,772335,defensive,1,0.7100,0,1197
1845,772510,defensive,1,0.7100,0,1198
1846,772667,defensive,1,0.7100,0,1199
1847,772970,defensive,1,0.7100,0,1200
1848,773109,defensive,1,0.7200,0,1201
1849,773283,defensive,1,0.7200,0,1202
1850,773474,defensive,1,0.7200,0,1203
1851,773694,defensive,1,0.7200,0,1204
1852,773866,defensive,1,0.7200,0,1205
1853,774038,defensive,1,0.7200,0,1206
1854,774201,defensive,1,0.7200,0,1207
1855,774335,defensive,1,0.7200,0,1208
1856,774518,defensive,1,0.7300,0,1209
1857,774718,defensive,1,0.7400,0,1210
1858,774899,defensive,1,0.7400,0,1211
1859,775079,defensive,1,0.7400,0,1212
1860,775169,defensive,0,0.7300,0,1213
1861,775318,defensive,0,0.7200,0,1214
1862,775399,defensive,0,0.7100,0,1215
1863,775540,defensive,1,0.7100,0,1216
1864,775706,defensive,1,0.7200,0,1217
1865,775861,defensive,1,0.7200,0,1218
1866,776057,defensive,1,0.7200,0,1219
1867,776256,defensive,1,0.7200,0,1220
1868,776372,defensive,0,0.7200,0,1221
1869,776809,defensive,1,0.7200,0,1222
1870,777008,defensive,1,0.7300,0,1223
1871,777165,defensive,1,0.7300,0,1224
1872,777316,defensive,1,0.7400,0,1225
1873,777408,defensive,0,0.7300,0,1226
1874,777574,defensive,1,0.7400,0,1227
1875,777740,defensive,1,0.7400,0,1228
1876,777831,defensive,0,0.7300,0,1229
1877,777986,defensive,1,0.7300,0,1230
1878,778210,defensive,1,0.7400,0,1231
1879,778576,defensive,1,0.7400,0,1232
1880,778828,defensive,1,0.7400,0,1233
1881,779015,defensive,1,0.7400,0,1234
1882,779109,defensive,0,0.7300,0,1235
1883,779484,defensive,1,0.7300,0,1236
1884,779567,defensive,0,0.7300,0,1237
1885,779773,defensive,1,0.7400,0,1238
1886,779868,defensive,0,0.7300,0,1239
1887,779967,defensive,0,0.7300,0,1240
1888,780140,defensive,1,0.7300,0,1241
1889,780236,defensive,0,0.7200,0,1242
1890,780329,defensive,0,0.7200,0,1243
1891,780501,defensive,1,0.7300,0,1244
1892,780716,defensive,1,0.7300,0,1245
1893,780911,defensive,1,0.7400,0,1246
1894,781004,defensive,0,0.7400,0,1247
1895,781169,defensive,1,0.7400,0,1248
1896,781381,defensive,1,0.7400,0,1249
1897,781536,defensive,1,0.7400,0,1250
1898,781633,defensive,0,0.7400,0,1251
1899,781799,defensive,1,0.7500,0,1252
1900,781987,defensive,1,0.7500,0,1253
1901,782091,defensive,0,0.7500,0,1254
1902,782196,defensive,0,0.7500,0,1255
1903,782291,defensive,0,0.7400,0,1256
1904,782391,defensive,0,0.7400,0,1257
1905,782488,defensive,0,0.7300,0,1258
1906,782714,defensive,1,0.7400,0,1259
1907,782902,defensive,1,0.7400,0,1260
1908,783037,defensive,1,0.7400,0,1261
1909,783215,defensive,1,0.7400,0,1262
1910,783423,defensive,1,0.7400,0,1263
1911,783529,defensive,0,0.7400,0,1264
1912,783715,defensive,1,0.7400,0,1265
1913,783804,defensive,0,0.7400,0,1266
1914,783946,defensive,1,0.7400,0,1267
1915,784282,defensive,1,0.7500,0,1268
1916,784430,defensive,0,0.7400,0,1269
1917,784586,defensive,1,0.7400,0,1270
1918,784687,defensive,0,0.7300,0,1271
1919,784782,defensive,0,0.7200,0,1272
1920,784989,defensive,1,0.7200,0,1273
1921,785081,defensive,0,0.7200,0,1274
1922,785185,defensive,0,0.7100,0,1275
1923,785380,defensive,1,0.7100,0,1276
1924,785544,defensive,1,0.7100,0,1277
1925,785742,defensive,1,0.7200,0,1278
1926,785842,defensive,1,0.7200,0,1279
1927,786040,defensive,1,0.7300,0,1280
1928,786135,defensive,0,0.7200,0,1281
1929,786227,defensive,0,0.7100,0,1282
1930,786312,defensive,0,0.7000,0,1283
1931,786504,defensive,1,0.7000,0,1284
1932,786673,defensive,1,0.7100,0,1285
1933,787105,defensive,1,0.7100,0,1286
1934,787252,defensive,1,0.7100,0,1287
1935,787417,defensive,1,0.7100,0,1288
1936,787580,defensive,1,0.7100,0,1289
1937,787695,defensive,0,0.7000,0,1290
1938,787854,defensive,1,0.7000,0,1291
1939,788089,defensive,1,0.7000,0,1292
1940,788235,defensive,1,0.7000,0,1293
1941,788377,defensive,0,0.6900,0,1294
1942,788522,defensive,1,0.6900,0,1295
1943,788726,defensive,1,0.6900,0,1296
1944,789032,defensive,1,0.6900,0,1297
1945,789214,defensive,1,0.6900,0,1298
1946,789317,defensive,0,0.6800,0,1299
1947,789484,defensive,1,0.6800,0,1300
1948,789598,defensive,0,0.6700,0,1301
1949,789694,defensive,0,0.6600,0,1302
1950,789835,defensive,1,0.6600,0,1303
1951,789930,defensive,0,0.6500,0,1304
1952,790093,defensive,1,0.6500,0,1305
1953,790442,defensive,1,0.6500,0,1306
1954,790620,defensive,1,0.6500,0,1307
1955,790773,defensive,1,0.6500,0,1308
1956,790974,defensive,1,0.6500,0,1309
1957,791181,defensive,1,0.6500,0,1310
1958,791316,defensive,1,0.6500,0,1311
1959,791459,defensive,1,0.6500,0,1312
1960,791650,defensive,1,0.6600,0,1313
1961,791829,defensive,1,0.6700,0,1314
1962,792002,defensive,1,0.6800,0,1315
1963,792101,defensive,1,0.6800,0,1316
1964,792232,defensive,1,0.6800,0,1317
1965,792360,defensive,1,0.6800,0,1318
1966,792495,defensive,1,0.6800,0,1319
1967,792587,defensive,0,0.6700,0,1320
1968,792673,defensive,0,0.6700,0,1321
1969,792839,defensive,1,0.6700,0,1322
1970,793024,defensive,1,0.6700,0,1323
1971,793217,defensive,1,0.6700,0,1324
1972,793379,defensive,1,0.6700,0,1325
1973,793611,defensive,1,0.6800,0,1326
1974,793789,defensive,1,0.6800,0,1327
1975,794111,defensive,1,0.6800,0,1328
1976,794264,defensive,1,0.6900,0,1329
1977,794453,defensive,1,0.6900,0,1330
1978,794619,defensive,1,0.6900,0,1331
1979,794709,defensive,0,0.6800,0,1332
1980,794808,defensive,0,0.6700,0,1333
1981,794939,defensive,1,0.6700,0,1334
1982,795107,defensive,1,0.6800,0,1335
1983,795324,defensive,1,0.6800,0,1336
1984,795430,defensive,0,0.6800,0,1337
1985,795575,defensive,0,0.6700,0,1338
1986,795773,defensive,1,0.6800,0,1339
1987,795892,defensive,0,0.6800,0,1340
1988,796065,defensive,1,0.6800,0,1341
1989,796331,defensive,0,0.6800,0,1342
1990,796539,defensive,1,0.6900,0,1343
1991,796757,defensive,1,0.6900,0,1344
1992,796958,defensive,1,0.6900,0,1345
1993,797215,defensive,1,0.6900,0,1346
1994,797307,defensive,0,0.6900,0,1347
1995,797438,defensive,1,0.6900,0,1348
1996,797579,defensive,1,0.6900,0,1349
1997,797769,defensive,1,0.6900,0,1350
1998,797938,defensive,1,0.7000,0,1351
1999,798135,defensive,1,0.7000,0,1352
2000,798296,defensive,1,0.7000,0,1353
2001,798466,defensive,1,0.7100,0,1354
2002,798553,defensive,0,0.7100,0,1355
2003,798764,defensive,1,0.7200,0,1356
2004,798861,defensive,0,0.7200,0,1357
2005,798953,defensive,0,0.7200,0,1358
2006,799061,defensive,0,0.7100,0,1359
2007,799420,defensive,1,0.7100,0,1360
2008,799565,defensive,1,0.7100,0,1361
2009,799782,defensive,1,0.7100,0,1362
2010,799926,defensive,1,0.7100,0,1363
2011,800012,defensive,0,0.7100,0,1364
2012,800172,defensive,1,0.7100,0,1365
2013,800391,defensive,1,0.7200,0,1366
2014,800486,defensive,0,0.7100,0,1367
2015,800592,defensive,0,0.7000,0,1368
2016,800680,defensive,0,0.7000,0,1369
2017,800891,defensive,1,0.7000,0,1370
2018,801103,defensive,1,0.7100,0,1371
2019,801191,defensive,0,0.7100,0,1372
2020,801339,defensive,1,0.7100,0,1373
2021,801574,defensive,1,0.7200,0,1374
2022,801765,defensive,1,0.7300,0,1375
2023,801912,defensive,1,0.7300,0,1376
2024,802077,defensive,1,0.7300,0,1377
2025,802174,defensive,0,0.7200,0,1378
2026,802390,defensive,1,0.7200,0,1379
2027,802673,defensive,1,0.7200,0,1380
2028,802760,defensive,0,0.7200,0,1381
2029,802970,defensive,1,0.7300,0,1382
2030,803171,defensive,1,0.7400,0,1383
2031,803266,defensive,0,0.7300,0,1384
2032,803415,defensive,1,0.7300,0,1385
2033,803568,defensive,1,0.7300,0,1386
2034,803664,defensive,0,0.7200,0,1387
2035,803802,defensive,1,0.7200,0,1388
2036,803893,defensive,0,0.7100,0,1389
2037,803988,defensive,0,0.7100,0,1390
2038,804150,defensive,1,0.7100,0,1391
2039,804323,defensive,1,0.7100,0,1392
2040,804416,defensive,0,0.7000,0,1393
2041,804556,defensive,1,0.7100,0,1394
2042,804821,defensive,1,0.7100,0,1395
2043,804989,defensive,1,0.7100,0,1396
2044,805086,defensive,0,0.7000,0,1397
2045,805288,defensive,1,0.7000,0,1398
2046,805422,defensive,1,0.7100,0,1399
2047,805511,defensive,0,0.7000,0,1400
2048,805891,defensive,1,0.7100,0,1401
2049,805990,defensive,0,0.7100,0,1402
2050,806256,defensive,1,0.7100,0,1403
2051,806401,defensive,1,0.7200,0,1404
2052,806591,defensive,1,0.7200,0,1405
2053,806879,defensive,0,0.7100,0,1406
2054,807025,defensive,1,0.7100,0,1407
2055,807170,defensive,1,0.7100,0,1408
2056,807359,defensive,1,0.7100,0,1409
2057,807515,defensive,1,0.7100,0,1410
2058,807663,defensive,0,0.7000,0,1411
2059,807832,defensive,1,0.7000,0,1412
2060,808046,defensive,0,0.6900,0,1413
2061,808231,defensive,1,0.6900,0,1414
2062,808409,defensive,1,0.6900,0,1415
2063,808593,defensive,1,0.6900,0,1416
2064,808774,defensive,1,0.6900,0,1417
2065,808894,defensive,0,0.6800,0,1418
2066,808985,defensive,0,0.6700,0,1419
2067,809194,defensive,1,0.6800,0,1420
2068,809375,defensive,1,0.6900,0,1421
2069,809634,defensive,1,0.6900,0,1422
2070,809723,defensive,0,0.6800,0,1423
2071,809887,defensive,1,0.6800,0,1424
2072,810042,defensive,1,0.6800,0,1425
2073,810252,defensive,1,0.6800,0,1426
2074,810760,defensive,1,0.6800,0,1427
2075,810854,defensive,0,0.6700,0,1428
2076,810951,defensive,0,0.6600,0,1429
2077,811126,defensive,1,0.6600,0,1430
2078,811303,defensive,1,0.6600,0,1431
2079,811478,defensive,1,0.6700,0,1432
2080,811651,defensive,1,0.6800,0,1433
2081,812026,defensive,1,0.6800,0,1434
2082,812280,defensive,0,0.6700,0,1435
2083,812375,defensive,0,0.6600,0,1436
2084,812541,defensive,1,0.6700,0,1437
2085,812636,defensive,0,0.6700,0,1438
2086,812779,defensive,1,0.6700,0,1439
2087,812983,defensive,1,0.6800,0,1440
2088,813082,defensive,0,0.6700,0,1441
2089,813419,defensive,0,0.6700,0,1442
2090,813572,defensive,1,0.6700,0,1443
2091,813718,defensive,1,0.6700,0,1444
2092,813930,defensive,1,0.6700,0,1445
2093,814137,defensive,1,0.6700,0,1446
2094,814271,defensive,1,0.6800,0,1447
2095,814431,defensive,1,0.6800,0,1448
2096,814528,defensive,1,0.6800,0,1449
2097,814679,defensive,1,0.6800,0,1450
2098,814821,defensive,1,0.6800,0,1451
2099,815009,defensive,1,0.6800,0,1452
2100,815265,defensive,0,0.6700,0,1453
2101,815419,defensive,1,0.6700,0,1454
2102,815525,defensive,0,0.6700,0,1455
2103,815618,defensive,0,0.6600,0,1456
2104,815970,defensive,1,0.6700,0,1457
2105,816141,defensive,1,0.6800,0,1458
2106,816227,defensive,0,0.6800,0,1459
2107,816412,defensive,1,0.6800,0,1460
2108,816509,defensive,0,0.6700,0,1461
2109,816596,defensive,0,0.6600,0,1462
2110,816797,defensive,1,0.6600,0,1463
2111,816889,defensive,0,0.6600,0,1464
2112,817326,defensive,1,0.6600,0,1465
2113,817551,defensive,0,0.6500,0,1466
2114,817742,defensive,1,0.6600,0,1467
2115,817835,defensive,0,0.6600,0,1468
2116,817919,defensive,0,0.6600,0,1469
2117,818018,defensive,0,0.6500,0,1470
2118,818110,defensive,0,0.6400,0,1471
2119,818333,defensive,1,0.6500,0,1472
2120,818521,defensive,1,0.6500,0,1473
2121,818914,defensive,1,0.6500,0,1474
2122,819118,defensive,1,0.6500,0,1475
2123,819228,defensive,0,0.6400,0,1476
2124,819324,defensive,0,0.6300,0,1477
2125,819424,defensive,0,0.6300,0,1478
2126,819565,defensive,1,0.6300,0,1479
2127,819748,defensive,1,0.6300,0,1480
2128,819834,defensive,0,0.6300,0,1481
2129,819986,defensive,1,0.6300,0,1482
2130,820079,defensive,0,0.6200,0,1483
2131,820207,defensive,1,0.6300,0,1484
2132,820375,defensive,1,0.6300,0,1485
2133,820542,defensive,1,0.6300,0,1486
2134,820743,defensive,1,0.6400,0,1487
2135,820946,defensive,1,0.6400,0,1488
2136,821124,defensive,1,0.6500,0,1489
2137,821439,defensive,1,0.6600,0,1490
2138,821602,defensive,1,0.6600,0,1491
2139,821709,defensive,0,0.6500,0,1492
2140,821969,defensive,0,0.6500,0,1493
2141,822132,defensive,1,0.6500,0,1494
2142,822304,defensive,1,0.6500,0,1495
2143,822466,defensive,1,0.6500,0,1496
2144,822633,defensive,1,0.6600,0,1497
2145,822838,defensive,1,0.6600,0,1498
2146,823042,defensive,1,0.6600,0,1499
2147,823195,defensive,0,0.6600,0,1500
2148,823327,defensive,1,0.6600,0,1501
2149,823546,defensive,1,0.6700,0,1502
2150,823698,defensive,1,0.6700,0,1503
2151,823788,defensive,0,0.6600,0,1504
2152,823968,defensive,1,0.6600,0,1505
2153,824132,defensive,1,0.6700,0,1506
2154,824485,defensive,1,0.6700,0,1507
2155,824576,defensive,0,0.6600,0,1508
2156,824750,defensive,1,0.6600,0,1509
2157,825029,defensive,0,0.6500,0,1510
2158,825175,defensive,1,0.6600,0,1511
2159,825355,defensive,1,0.6600,0,1512
2160,825458,defensive,0,0.6600,0,1513
2161,825545,defensive,0,0.6500,0,1514
2162,825738,defensive,1,0.6500,0,1515
2163,825895,defensive,1,0.6500,0,1516
2164,826095,defensive,1,0.6500,0,1517
2165,826243,defensive,1,0.6600,0,1518
2166,826590,defensive,1,0.6700,0,1519
2167,826795,defensive,1,0.6700,0,1520
2168,826891,defensive,0,0.6600,0,1521
2169,826984,defensive,0,0.6500,0,1522
2170,827201,defensive,1,0.6600,0,1523
2171,827543,defensive,1,0.6600,0,1524
2172,827769,defensive,1,0.6600,0,1525
2173,827863,defensive,0,0.6500,0,1526
2174,827953,defensive,0,0.6400,0,1527
2175,828090,defensive,1,0.6500,0,1528
2176,828253,defensive,1,0.6600,0,1529
2177,828353,defensive,0,0.6500,0,1530
2178,828559,defensive,1,0.6500,0,1531
2179,828723,defensive,1,0.6500,0,1532
2180,828878,defensive,1,0.6500,0,1533
2181,828970,defensive,0,0.6400,0,1534
2182,829056,defensive,0,0.6400,0,1535
2183,829219,defensive,1,0.6500,0,1536
2184,829313,defensive,0,0.6400,0,1537
2185,829489,defensive,1,0.6500,0,1538
2186,829754,defensive,0,0.6400,0,1539
2187,829928,defensive,1,0.6400,0,1540
2188,830104,defensive,1,0.6500,0,1541
2189,830241,defensive,1,0.6600,0,1542
2190,830328,defensive,0,0.6500,0,1543
2191,830499,defensive,1,0.6500,0,1544
2192,830658,defensive,1,0.6500,0,1545
2193,830753,defensive,0,0.6400,0,1546
2194,830935,defensive,1,0.6400,0,1547
2195,831125,defensive,1,0.6400,0,1548
2196,831524,defensive,1,0.6400,0,1549
2197,831618,defensive,0,0.6300,0,1550
2198,831702,defensive,0,0.6200,0,1551
2199,831913,defensive,1,0.6200,0,1552
2200,832102,defensive,1,0.6300,0,1553
2201,832203,defensive,0,0.6200,0,1554
2202,832381,defensive,1,0.6300,0,1555
2203,832565,defensive,1,0.6400,0,1556
2204,832741,defensive,1,0.6400,0,1557
2205,832829,defensive,0,0.6300,0,1558
2206,832972,defensive,1,0.6400,0,1559
2207,833183,defensive,1,0.6400,0,1560
2208,833472,defensive,1,0.6500,0,1561
2209,833688,defensive,1,0.6600,0,1562
2210,833827,defensive,1,0.6600,0,1563
2211,833920,defensive,0,0.6600,0,1564
2212,834005,defensive,0,0.6500,0,1565
2213,834152,defensive,1,0.6600,0,1566
2214,834307,defensive,1,0.6600,0,1567
2215,834525,defensive,1,0.6700,0,1568
2216,834707,defensive,1,0.6800,0,1569
2217,834968,defensive,0,0.6800,0,1570
2218,835179,defensive,1,0.6900,0,1571
2219,835283,defensive,0,0.6800,0,1572
2220,835618,defensive,1,0.6800,0,1573
2221,835750,defensive,1,0.6800,0,1574
2222,836101,defensive,1,0.6800,0,1575
2223,836201,defensive,0,0.6800,0,1576
2224,836509,defensive,1,0.6900,0,1577
2225,836875,defensive,1,0.7000,0,1578
2226,836978,defensive,0,0.6900,0,1579
2227,837178,defensive,1,0.6900,0,1580
2228,837362,defensive,1,0.7000,0,1581
2229,837556,defensive,1,0.7000,0,1582
2230,837742,defensive,1,0.7100,0,1583
2231,837912,defensive,1,0.7100,0,1584
2232,838096,defensive,1,0.7100,0,1585
2233,838434,defensive,1,0.7100,0,1586
2234,838522,defensive,0,0.7000,0,1587
2235,838686,defensive,1,0.7000,0,1588
2236,838863,defensive,1,0.7000,0,1589
2237,839193,defensive,1,0.7000,0,1590
2238,839291,defensive,0,0.6900,0,1591
2239,839391,defensive,1,0.7000,0,1592
2240,839533,defensive,1,0.7100,0,1593
2241,839713,defensive,1,0.7100,0,1594
2242,839903,defensive,1,0.7100,0,1595
2243,840206,defensive,1,0.7100,0,1596
2244,840378,defensive,1,0.7100,0,1597
2245,840622,defensive,1,0.7100,0,1598
2246,840802,defensive,1,0.7100,0,1599
2247,840964,defensive,1,0.7200,0,1600
2248,841156,defensive,1,0.7200,0,1601
2249,841479,defensive,0,0.7100,0,1602
2250,841646,defensive,1,0.7100,0,1603
2251,841789,defensive,1,0.7200,0,1604
2252,841919,defensive,1,0.7200,0,1605
2253,842221,defensive,1,0.7200,0,1606
2254,842367,defensive,1,0.7200,0,1607
2255,842458,defensive,0,0.7200,0,1608
2256,842665,defensive,1,0.7200,0,1609
2257,842851,defensive,1,0.7300,0,1610
2258,842950,defensive,0,0.7200,0,1611
2259,843053,defensive,0,0.7100,0,1612
2260,843152,defensive,0,0.7100,0,1613
2261,843322,defensive,1,0.7200,0,1614
2262,843487,defensive,1,0.7200,0,1615
2263,843644,defensive,1,0.7200,0,1616
2264,843737,defensive,0,0.7100,0,1617
2265,843932,defensive,1,0.7100,0,1618
2266,844074,defensive,1,0.7100,0,1619
2267,844206,defensive,1,0.7100,0,1620
2268,844377,defensive,1,0.7200,0,1621
2269,844471,defensive,0,0.7200,0,1622
2270,844638,defensive,1,0.7200,0,1623
2271,844777,defensive,1,0.7200,0,1624
2272,844913,defensive,1,0.7200,0,1625
2273,845046,defensive,1,0.7300,0,1626
2274,845666,defensive,1,0.7400,0,1627
2275,845851,defensive,1,0.7400,0,1628
2276,846022,defensive,1,0.7400,0,1629
2277,846349,defensive,1,0.7500,0,1630
2278,846539,defensive,1,0.7500,0,1631
2279,846862,defensive,1,0.7500,0,1632
2280,847040,defensive,1,0.7500,0,1633
2281,847131,defensive,0,0.7500,0,1634
2282,847219,defensive,0,0.7500,0,1635
2283,847438,defensive,1,0.7500,0,1636
2284,847622,defensive,1,0.7600,0,1637
2285,847717,defensive,0,0.7500,0,1638
2286,847860,defensive,1,0.7600,0,1639
2287,848080,defensive,1,0.7600,0,1640
2288,848183,defensive,0,0.7500,0,1641
2289,848372,defensive,1,0.7500,0,1642
2290,848595,defensive,1,0.7600,0,1643
2291,848903,defensive,1,0.7600,0,1644
2292,849003,defensive,0,0.7500,0,1645
2293,849173,defensive,1,0.7600,0,1646
2294,849367,defensive,1,0.7600,0,1647
2295,849544,defensive,1,0.7600,0,1648
2296,849636,defensive,0,0.7500,0,1649
2297,849788,defensive,1,0.7600,0,1650
2298,850043,defensive,1,0.7700,0,1651
2299,850459,corner,1,0.7700,1,1
2300,850811,corner,1,0.7700,1,2
2301,851128,corner,0,0.7700,1,3
2302,851442,corner,1,0.7700,1,4
2303,852383,corner,1,0.7700,1,5
2304,852559,corner,1,0.7700,1,6
2305,853690,corner,0,0.7700,1,7
2306,854598,corner,1,0.7700,1,8
2307,855501,corner,1,0.7700,1,9
2308,855950,corner,1,0.7700,1,10
2309,856142,corner,1,0.7700,1,11
2310,856384,corner,0,0.7600,1,12
2311,856942,corner,1,0.7700,1,13
2312,857355,corner,0,0.7700,1,14
2313,857864,corner,1,0.7700,1,15
2314,858841,corner,0,0.7600,1,16
2315,859224,corner,1,0.7600,1,17
2316,859743,corner,0,0.7500,1,18
2317,860682,corner,1,0.7600,1,19
2318,860893,corner,1,0.7600,1,20
2319,861133,corner,1,0.7700,1,21
2320,861473,corner,0,0.7600,1,22
2321,861669,corner,1,0.7600,1,23
2322,862178,corner,0,0.7500,1,24
2323,863482,corner,1,0.7600,1,25
2324,864392,corner,0,0.7500,1,26
2325,865666,corner,1,0.7500,1,27
2326,865908,corner,1,0.7600,1,28
2327,866139,corner,1,0.7600,1,29
2328,866351,corner,1,0.7600,1,30
2329,866560,corner,1,0.7600,1,31
2330,867073,corner,0,0.7500,1,32
2331,868383,corner,1,0.7500,1,33
2332,868786,corner,1,0.7500,1,34
2333,869000,corner,1,0.7500,1,35
2334,870017,corner,0,0.7500,1,36
2335,870191,corner,0,0.7400,1,37
2336,871304,corner,1,0.7400,1,38
2337,871513,corner,1,0.7400,1,39
2338,871698,corner,1,0.7500,1,40
2339,871942,corner,1,0.7500,1,41
2340,872162,corner,1,0.7500,1,42
2341,873226,corner,1,0.7500,1,43
2342,873340,corner,0,0.7400,1,44
2343,873725,corner,1,0.7400,1,45
2344,874140,corner,1,0.7400,1,46
2345,874308,corner,1,0.7400,1,47
2346,874730,corner,1,0.7400,1,48
2347,875106,corner,1,0.7400,1,49
2348,875300,corner,1,0.7400,1,50
2349,875949,corner,1,0.7500,1,51
2350,876112,corner,1,0.7500,1,52
2351,876478,corner,1,0.7500,1,53
2352,876994,corner,0,0.7400,1,54
2353,877627,corner,1,0.7400,1,55
2354,877836,corner,1,0.7400,1,56
2355,878317,corner,1,0.7500,1,57
2356,878508,corner,1,0.7500,1,58
2357,878760,corner,1,0.7500,1,59
2358,879226,corner,1,0.7600,1,60
2359,879601,corner,1,0.7700,1,61
2360,880145,corner,1,0.7800,1,62
2361,880623,corner,1,0.7800,1,63
2362,881000,corner,1,0.7800,1,64
2363,881226,corner,1,0.7800,1,65
2364,881427,corner,1,0.7900,1,66
2365,881767,corner,0,0.7800,1,67
2366,882370,corner,1,0.7800,1,68
2367,882926,corner,1,0.7800,1,69
2368,883665,corner,1,0.7800,1,70
2369,884041,corner,1,0.7900,1,71
2370,884737,corner,0,0.7800,1,72
2371,885133,corner,1,0.7800,1,73
2372,885349,corner,1,0.7800,1,74
2373,885499,corner,1,0.7800,1,75
2374,885670,corner,0,0.7700,1,76
2375,885881,corner,1,0.7700,1,77
2376,886099,corner,1,0.7700,1,78
2377,886505,corner,1,0.7700,1,79
2378,887259,corner,1,0.7700,1,80
2379,888172,corner,1,0.7700,1,81
2380,888399,corner,1,0.7700,1,82
2381,888570,corner,0,0.7700,1,83
2382,889784,corner,1,0.7800,1,84
2383,890385,corner,1,0.7800,1,85
2384,890586,corner,1,0.7800,1,86
2385,890829,corner,1,0.7900,1,87
2386,891693,corner,1,0.7900,1,88
2387,892249,corner,1,0.7900,1,89
2388,892423,corner,0,0.7900,1,90
2389,892838,corner,1,0.7900,1,91
2390,893091,corner,0,0.7800,1,92
2391,893317,corner,1,0.7800,1,93
2392,893849,corner,0,0.7800,1,94
2393,894170,corner,0,0.7700,1,95
2394,894962,corner,0,0.7600,1,96
2395,895349,corner,1,0.7600,1,97
2396,895616,corner,1,0.7700,1,98
2397,895864,corner,1,0.7700,1,99
2398,896391,corner,0,0.7600,1,100
2399,896733,corner,0,0.7500,1,101
2400,896906,corner,0,0.7400,1,102
2401,897244,corner,0,0.7400,1,103
2402,898221,corner,1,0.7400,1,104
2403,898775,corner,1,0.7400,1,105
2404,899237,corner,1,0.7400,1,106
2405,899445,corner,1,0.7500,1,107
2406,899848,corner,1,0.7500,1,108
2407,900753,corner,1,0.7500,1,109
2408,900928,corner,0,0.7400,1,110
2409,901143,corner,1,0.7400,1,111
2410,901483,corner,0,0.7400,1,112
2411,901678,corner,1,0.7400,1,113
2412,902564,corner,1,0.7500,1,114
2413,903429,corner,1,0.7500,1,115
2414,904368,corner,1,0.7600,1,116
2415,904618,corner,1,0.7600,1,117
2416,904792,corner,0,0.7600,1,118
2417,904962,corner,0,0.7500,1,119
2418,905137,corner,0,0.7400,1,120
2419,906489,corner,0,0.7300,1,121
2420,906750,corner,1,0.7400,1,122
2421,907598,corner,1,0.7400,1,123
2422,907825,corner,1,0.7500,1,124
2423,908179,corner,1,0.7500,1,125
2424,908945,corner,1,0.7600,1,126
2425,909306,corner,1,0.7600,1,127
2426,909497,corner,1,0.7600,1,128
2427,909728,corner,1,0.7600,1,129
2428,909958,corner,1,0.7600,1,130
2429,910194,corner,1,0.7600,1,131
2430,910825,corner,1,0.7700,1,132
2431,911167,corner,1,0.7700,1,133
2432,911611,corner,1,0.7700,1,134
2433,911844,corner,1,0.7700,1,135
2434,912072,corner,1,0.7800,1,136
2435,912248,corner,0,0.7800,1,137
2436,912763,corner,0,0.7700,1,138
2437,913835,corner,1,0.7700,1,139
2438,914574,corner,1,0.7700,1,140
2439,914867,corner,0,0.7600,1,141
2440,915190,corner,1,0.7600,1,142
2441,915418,corner,1,0.7600,1,143
2442,916486,corner,1,0.7700,1,144
2443,917073,corner,1,0.7700,1,145
2444,917298,corner,1,0.7700,1,146
2445,918239,corner,1,0.7700,1,147
2446,918474,corner,1,0.7700,1,148
2447,918695,corner,1,0.7700,1,149
2448,919047,corner,0,0.7600,1,150
2449,919880,corner,1,0.7600,1,151
2450,920253,corner,1,0.7600,1,152
2451,920809,corner,1,0.7600,1,153
2452,922161,corner,0,0.7600,1,154
2453,922999,corner,1,0.7600,1,155
2454,923896,corner,1,0.7600,1,156
2455,924676,corner,1,0.7600,1,157
2456,925355,corner,1,0.7600,1,158
2457,925709,corner,1,0.7600,1,159
2458,925892,corner,1,0.7600,1,160
2459,926192,corner,1,0.7600,1,161
2460,926403,corner,1,0.7600,1,162
2461,926807,corner,1,0.7600,1,163
2462,927361,corner,1,0.7600,1,164
2463,928011,corner,0,0.7500,1,165
2464,928600,corner,1,0.7500,1,166
2465,928941,corner,0,0.7500,1,167
2466,929282,corner,0,0.7400,1,168
2467,929457,corner,0,0.7300,1,169
2468,930220,corner,1,0.7300,1,170
2469,930963,corner,0,0.7200,1,171
2470,931087,corner,0,0.7200,1,172
2471,931465,corner,1,0.7200,1,173
2472,931978,corner,0,0.7100,1,174
2473,933330,corner,0,0.7000,1,175
2474,933677,corner,0,0.7000,1,176
2475,933881,corner,1,0.7000,1,177
2476,934158,corner,0,0.6900,1,178
2477,934966,corner,1,0.6900,1,179
2478,935174,corner,1,0.6900,1,180
2479,936189,corner,1,0.6900,1,181
2480,936427,corner,1,0.6900,1,182
2481,936599,corner,0,0.6900,1,183
2482,937121,corner,1,0.6900,1,184
2483,937914,corner,1,0.6900,1,185
2484,938114,corner,1,0.6900,1,186
2485,938296,corner,1,0.6900,1,187
2486,938411,corner,0,0.6800,1,188
2487,938640,corner,1,0.6800,1,189
2488,938843,corner,1,0.6900,1,190
2489,939732,corner,1,0.6900,1,191
2490,939945,corner,1,0.7000,1,192
2491,940140,corner,1,0.7000,1,193
2492,940883,corner,1,0.7100,1,194
2493,941076,corner,1,0.7200,1,195
2494,941583,corner,1,0.7300,1,196
2495,942005,corner,1,0.7300,1,197
2496,942683,corner,1,0.7300,1,198
2497,944035,corner,0,0.7200,1,199
2498,944863,corner,1,0.7300,1,200
2499,945411,corner,1,0.7400,1,201
2500,946659,corner,0,0.7400,1,202
2501,947431,corner,0,0.7400,1,203
2502,947663,corner,1,0.7400,1,204
2503,948019,corner,1,0.7400,1,205
2504,948558,corner,1,0.7400,1,206
2505,949124,corner,1,0.7400,1,207
2506,950275,corner,0,0.7300,1,208
2507,950452,corner,0,0.7200,1,209
2508,950661,corner,1,0.7300,1,210
2509,951202,corner,1,0.7300,1,211
2510,952554,corner,0,0.7300,1,212
2511,952906,corner,1,0.7300,1,213
2512,953077,corner,0,0.7200,1,214
2513,953827,corner,1,0.7200,1,215
2514,955048,corner,1,0.7200,1,216
2515,955224,corner,0,0.7100,1,217
2516,955906,corner,1,0.7200,1,218
2517,956278,corner,1,0.7300,1,219
2518,956814,corner,1,0.7400,1,220
2519,957130,corner,1,0.7500,1,221
2520,958069,corner,1,0.7500,1,222
2521,958541,corner,1,0.7500,1,223
2522,958912,corner,1,0.7500,1,224
2523,959578,corner,1,0.7500,1,225
2524,960339,corner,1,0.7500,1,226
2525,960626,corner,0,0.7400,1,227
2526,961625,corner,1,0.7400,1,228
2527,961851,corner,1,0.7400,1,229
2528,962730,corner,1,0.7400,1,230
2529,964081,corner,1,0.7400,1,231
2530,965433,corner,0,0.7300,1,232
2531,966423,corner,1,0.7300,1,233
2532,966584,corner,0,0.7200,1,234
2533,966753,corner,0,0.7100,1,235
2534,966973,corner,1,0.7100,1,236
2535,967446,corner,0,0.7100,1,237
2536,967640,corner,1,0.7200,1,238
2537,968749,corner,1,0.7200,1,239
2538,968920,corner,0,0.7100,1,240
2539,969500,corner,1,0.7200,1,241
2540,970136,corner,1,0.7200,1,242
2541,971012,corner,0,0.7100,1,243
2542,971204,corner,0,0.7000,1,244
2543,971732,corner,1,0.7000,1,245
2544,971956,corner,1,0.7000,1,246
2545,972530,corner,1,0.7000,1,247
2546,973472,corner,0,0.6900,1,248
2547,973652,corner,0,0.6800,1,249
2548,974189,corner,1,0.6900,1,250
2549,974687,corner,0,0.6800,1,251
2550,974882,corner,1,0.6800,1,252
2551,975052,corner,1,0.6800,1,253
2552,975712,corner,1,0.6900,1,254
2553,975831,corner,0,0.6800,1,255
2554,976228,corner,1,0.6800,1,256
2555,976843,corner,1,0.6800,1,257
2556,977044,corner,1,0.6800,1,258
2557,977689,corner,0,0.6700,1,259
2558,978916,corner,0,0.6600,1,260
2559,979121,corner,1,0.6600,1,261
2560,980216,corner,1,0.6600,1,262
2561,980812,corner,1,0.6600,1,263
2562,981406,corner,1,0.6600,1,264
2563,982195,corner,1,0.6700,1,265
2564,982410,corner,1,0.6700,1,266
2565,982963,corner,1,0.6800,1,267
2566,983567,corner,1,0.6900,1,268
2567,983779,corner,1,0.7000,1,269
2568,984022,corner,1,0.7000,1,270
2569,984700,corner,0,0.7000,1,271
2570,985086,corner,1,0.7100,1,272
2571,986438,corner,1,0.7100,1,273
2572,986629,corner,1,0.7200,1,274
2573,987981,corner,1,0.7300,1,275
2574,988997,corner,1,0.7400,1,276
2575,990102,corner,1,0.7400,1,277
2576,990274,corner,0,0.7400,1,278
2577,990481,corner,1,0.7400,1,279
2578,991164,corner,0,0.7300,1,280
2579,991515,corner,0,0.7200,1,281
2580,991744,corner,1,0.7200,1,282
2581,991961,corner,1,0.7300,1,283
2582,993313,corner,0,0.7200,1,284
2583,993505,corner,1,0.7200,1,285
2584,993746,corner,1,0.7200,1,286
2585,994121,corner,1,0.7200,1,287
2586,994686,corner,1,0.7300,1,288
2587,996038,corner,1,0.7300,1,289
2588,997259,corner,1,0.7300,1,290
2589,997675,corner,1,0.7300,1,291
2590,997866,corner,1,0.7300,1,292
2591,998062,corner,1,0.7300,1,293
2592,999414,corner,0,0.7200,1,294
2593,1000224,corner,1,0.7200,1,295
2594,1000740,corner,0,0.7100,1,296
2595,1001301,corner,1,0.7100,1,297
2596,1002471,corner,1,0.7100,1,298
2597,1002668,corner,1,0.7200,1,299
2598,1003048,corner,1,0.7200,1,300
2599,1003161,corner,0,0.7100,1,301
2600,1004203,corner,1,0.7200,1,302
2601,1004429,corner,1,0.7300,1,303
2602,1004648,corner,1,0.7300,1,304
2603,1004757,corner,0,0.7200,1,305
2604,1005336,corner,0,0.7100,1,306
2605,1005591,corner,0,0.7000,1,307
2606,1006943,corner,0,0.7000,1,308
2607,1007183,corner,1,0.7100,1,309
2608,1008053,corner,1,0.7100,1,310
2609,1008495,corner,0,0.7000,1,311
2610,1008685,corner,0,0.7000,1,312
2611,1009184,corner,0,0.6900,1,313
2612,1010536,corner,0,0.6900,1,314
2613,1010731,corner,1,0.6900,1,315
2614,1011601,corner,1,0.6900,1,316
2615,1011817,corner,1,0.7000,1,317
2616,1012351,corner,1,0.7000,1,318
2617,1012691,corner,0,0.6900,1,319
2618,1013252,corner,1,0.6900,1,320
2619,1014451,corner,0,0.6800,1,321
2620,1015803,corner,0,0.6700,1,322
2621,1016276,corner,1,0.6700,1,323
2622,1017051,corner,1,0.6700,1,324
2623,1017397,corner,0,0.6600,1,325
2624,1017858,corner,1,0.6600,1,326
2625,1018085,corner,1,0.6700,1,327
2626,1018875,corner,1,0.6700,1,328
2627,1019568,corner,1,0.6700,1,329
2628,1019789,corner,1,0.6700,1,330
2629,1020071,corner,0,0.6600,1,331
2630,1020913,corner,1,0.6700,1,332
2631,1021935,corner,1,0.6700,1,333
2632,1022112,corner,0,0.6700,1,334
2633,1022285,corner,1,0.6800,1,335
2634,1022850,corner,0,0.6700,1,336
2635,1023317,corner,1,0.6800,1,337
2636,1024020,corner,0,0.6700,1,338
2637,1025372,corner,0,0.6600,1,339
2638,1026367,corner,1,0.6700,1,340
2639,1026573,corner,1,0.6700,1,341
2640,1027547,corner,1,0.6700,1,342
2641,1027760,corner,1,0.6800,1,343
2642,1028268,corner,0,0.6800,1,344
2643,1029250,corner,0,0.6700,1,345
2644,1030602,corner,0,0.6600,1,346
2645,1031215,corner,1,0.6600,1,347
2646,1031418,corner,1,0.6700,1,348
2647,1032770,corner,0,0.6700,1,349
2648,1034122,corner,0,0.6600,1,350
2649,1034462,corner,0,0.6600,1,351
2650,1035222,corner,1,0.6600,1,352
2651,1035610,corner,1,0.6600,1,353
2652,1036659,corner,1,0.6600,1,354
2653,1037371,corner,0,0.6600,1,355
2654,1038002,corner,1,0.6600,1,356
2655,1038574,corner,1,0.6600,1,357
2656,1039926,corner,0,0.6500,1,358
2657,1040794,corner,0,0.6500,1,359
2658,1041522,corner,1,0.6600,1,360
2659,1042283,corner,0,0.6500,1,361
2660,1043635,corner,1,0.6500,1,362
2661,1043851,corner,1,0.6500,1,363
2662,1045203,corner,0,0.6400,1,364
2663,1046555,corner,0,0.6300,1,365
2664,1047405,corner,1,0.6300,1,366
2665,1048757,corner,1,0.6300,1,367
2666,1050109,corner,0,0.6200,1,368
2667,1050882,corner,1,0.6200,1,369
2668,1051990,corner,1,0.6200,1,370
2669,1052989,corner,1,0.6300,1,371
2670,1053274,corner,0,0.6200,1,372
2671,1053498,corner,1,0.6200,1,373
2672,1054850,corner,1,0.6200,1,374
2673,1055098,corner,1,0.6200,1,375
2674,1056450,corner,0,0.6100,1,376
2675,1056880,corner,1,0.6100,1,377
2676,1057561,corner,1,0.6200,1,378
2677,1058684,corner,0,0.6100,1,379
2678,1058912,corner,1,0.6200,1,380
2679,1059598,corner,0,0.6200,1,381
2680,1060950,corner,1,0.6200,1,382
2681,1061484,corner,0,0.6100,1,383
2682,1061956,corner,1,0.6200,1,384
2683,1062272,corner,1,0.6200,1,385
2684,1062933,corner,1,0.6200,1,386
2685,1063498,corner,1,0.6200,1,387
2686,1064544,corner,1,0.6200,1,388
2687,1065071,corner,0,0.6100,1,389
2688,1065398,corner,1,0.6100,1,390
2689,1065816,corner,0,0.6000,1,391
2690,1066896,corner,1,0.6000,1,392
2691,1067180,corner,0,0.5900,1,393
2692,1068391,corner,1,0.6000,1,394
2693,1069212,corner,1,0.6000,1,395
2694,1070096,corner,0,0.6000,1,396
2695,1071172,corner,1,0.6000,1,397
2696,1071631,corner,0,0.5900,1,398
2697,1071849,corner,1,0.5900,1,399
2698,1072223,corner,1,0.5900,1,400
2699,1072598,corner,1,0.6000,1,401
2700,1073950,corner,1,0.6000,1,402
2701,1074374,corner,1,0.6000,1,403
2702,1074609,corner,1,0.6000,1,404
2703,1074821,corner,1,0.6100,1,405
2704,1075861,corner,0,0.6100,1,406
2705,1076360,corner,1,0.6200,1,407
2706,1076814,corner,1,0.6300,1,408
2707,1077391,corner,1,0.6300,1,409
2708,1077604,corner,1,0.6300,1,410
2709,1077749,corner,0,0.6300,1,411
2710,1078681,corner,1,0.6400,1,412
2711,1079033,corner,0,0.6400,1,413
2712,1079531,corner,1,0.6500,1,414
2713,1080085,corner,1,0.6500,1,415
2714,1080658,corner,1,0.6500,1,416
2715,1081320,corner,0,0.6400,1,417
2716,1082342,corner,1,0.6400,1,418
2717,1082954,corner,1,0.6500,1,419
2718,1083527,corner,1,0.6500,1,420
2719,1083732,corner,1,0.6600,1,421
2720,1084740,corner,0,0.6600,1,422
2721,1084983,corner,1,0.6600,1,423
2722,1085187,corner,1,0.6600,1,424
2723,1086539,corner,0,0.6600,1,425
2724,1086936,corner,1,0.6600,1,426
2725,1087975,corner,1,0.6600,1,427
2726,1088149,corner,0,0.6500,1,428
2727,1088406,corner,1,0.6500,1,429
2728,1088826,corner,1,0.6500,1,430
2729,1088999,corner,0,0.6500,1,431
2730,1090326,corner,1,0.6500,1,432
2731,1090727,corner,0,0.6400,1,433
2732,1091274,corner,1,0.6500,1,434
2733,1091444,corner,0,0.6400,1,435
2734,1092008,corner,0,0.6400,1,436
2735,1092414,corner,1,0.6400,1,437
2736,1092937,corner,1,0.6500,1,438
2737,1093138,corner,1,0.6600,1,439
2738,1093850,corner,0,0.6500,1,440
2739,1094614,corner,1,0.6500,1,441
2740,1094967,corner,0,0.6400,1,442
2741,1095970,corner,1,0.6400,1,443
2742,1096629,corner,0,0.6400,1,444
2743,1097661,corner,1,0.6500,1,445
2744,1098983,corner,1,0.6600,1,446
2745,1099337,corner,0,0.6500,1,447
2746,1100689,corner,0,0.6400,1,448
2747,1101594,corner,1,0.6500,1,449
2748,1102120,corner,0,0.6500,1,450
2749,1102457,corner,0,0.6500,1,451
2750,1103809,corner,0,0.6400,1,452
2751,1104276,corner,0,0.6300,1,453
2752,1104631,corner,0,0.6200,1,454
2753,1104800,corner,0,0.6200,1,455
2754,1105147,corner,0,0.6100,1,456
2755,1106499,corner,1,0.6100,1,457
2756,1106757,corner,0,0.6100,1,458
2757,1107793,corner,1,0.6200,1,459
2758,1107963,corner,0,0.6100,1,460
2759,1109100,corner,1,0.6200,1,461
2760,1109485,corner,0,0.6100,1,462
2761,1109877,corner,1,0.6100,1,463
2762,1110509,corner,1,0.6200,1,464
2763,1110851,corner,0,0.6200,1,465
2764,1111748,corner,1,0.6200,1,466
2765,1112607,corner,0,0.6100,1,467
2766,1113002,corner,1,0.6200,1,468
2767,1114254,corner,1,0.6200,1,469
2768,1115052,corner,0,0.6100,1,470
2769,1116328,corner,0,0.6000,1,471
2770,1117456,corner,0,0.6000,1,472
2771,1118808,corner,0,0.5900,1,473
2772,1119546,corner,1,0.5900,1,474
2773,1119753,corner,1,0.5900,1,475
2774,1121105,corner,0,0.5900,1,476
2775,1122437,corner,0,0.5800,1,477
2776,1122750,corner,0,0.5700,1,478
2777,1124011,corner,1,0.5800,1,479
2778,1124619,corner,1,0.5800,1,480
2779,1125009,corner,1,0.5900,1,481
2780,1125110,corner,0,0.5800,1,482
2781,1125496,corner,1,0.5900,1,483
2782,1126399,corner,1,0.5900,1,484
2783,1127310,corner,1,0.5900,1,485
2784,1128662,corner,0,0.5800,1,486
2785,1128879,corner,1,0.5800,1,487
2786,1129393,corner,0,0.5700,1,488
2787,1130745,corner,0,0.5700,1,489
2788,1130953,corner,1,0.5700,1,490
2789,1131459,corner,1,0.5800,1,491
2790,1131819,corner,1,0.5800,1,492
2791,1132502,corner,1,0.5900,1,493
2792,1132873,corner,0,0.5800,1,494
2793,1134225,corner,0,0.5700,1,495
2794,1135577,corner,1,0.5800,1,496
2795,1135896,corner,1,0.5800,1,497
2796,1136452,corner,1,0.5900,1,498
2797,1137804,corner,1,0.5900,1,499
2798,1138392,corner,0,0.5800,1,500
2799,1138731,corner,0,0.5700,1,501
2800,1139105,corner,1,0.5700,1,502
2801,1139438,corner,1,0.5700,1,503
2802,1140053,corner,1,0.5700,1,504
2803,1140282,corner,1,0.5700,1,505
2804,1141634,corner,1,0.5800,1,506
2805,1142947,corner,1,0.5800,1,507
2806,1144110,corner,0,0.5700,1,508
2807,1145462,corner,1,0.5700,1,509
2808,1145660,corner,1,0.5700,1,510
2809,1145969,corner,1,0.5800,1,511
2810,1146321,corner,0,0.5700,1,512
2811,1147646,corner,0,0.5700,1,513
2812,1148281,corner,0,0.5600,1,514
2813,1149406,corner,0,0.5500,1,515
2814,1149943,corner,0,0.5400,1,516
2815,1150334,corner,1,0.5500,1,517
2816,1151686,corner,1,0.5500,1,518
2817,1152161,corner,0,0.5400,1,519
2818,1152533,corner,1,0.5400,1,520
2819,1152872,corner,0,0.5300,1,521
2820,1154224,corner,1,0.5400,1,522
2821,1154595,corner,1,0.5400,1,523
2822,1155947,corner,0,0.5300,1,524
2823,1156186,corner,1,0.5400,1,525
2824,1156576,corner,1,0.5400,1,526
2825,1157897,corner,0,0.5300,1,527
2826,1158785,corner,1,0.5400,1,528
2827,1159168,corner,1,0.5400,1,529
2828,1160520,corner,1,0.5400,1,530
2829,1161872,corner,0,0.5400,1,531
2830,1162048,corner,0,0.5300,1,532
2831,1162406,corner,0,0.5300,1,533
2832,1163542,corner,1,0.5300,1,534
2833,1164689,corner,0,0.5300,1,535
2834,1164884,corner,1,0.5400,1,536
2835,1165694,corner,0,0.5300,1,537
2836,1167046,corner,0,0.5200,1,538
2837,1168398,corner,0,0.5100,1,539
2838,1169750,corner,0,0.5100,1,540
2839,1170305,corner,1,0.5100,1,541
2840,1171657,corner,0,0.5100,1,542
2841,1173009,corner,0,0.5000,1,543
2842,1174361,corner,1,0.5100,1,544
2843,1175616,corner,1,0.5100,1,545
2844,1176033,corner,1,0.5100,1,546
2845,1176773,corner,0,0.5100,1,547
2846,1177450,corner,1,0.5200,1,548
2847,1178318,corner,1,0.5200,1,549
2848,1179670,corner,0,0.5200,1,550
2849,1180609,corner,1,0.5300,1,551
2850,1181961,corner,1,0.5400,1,552
2851,1182335,corner,0,0.5400,1,553
2852,1183687,corner,0,0.5400,1,554
2853,1183912,corner,1,0.5500,1,555
2854,1184083,corner,0,0.5500,1,556
2855,1184552,corner,0,0.5400,1,557
2856,1185362,corner,0,0.5400,1,558
2857,1185747,corner,1,0.5400,1,559
2858,1185917,corner,0,0.5400,1,560
2859,1187269,corner,0,0.5300,1,561
2860,1187837,corner,1,0.5400,1,562
2861,1189047,corner,0,0.5300,1,563
2862,1189218,corner,0,0.5200,1,564
2863,1189388,corner,0,0.5200,1,565
2864,1189570,corner,0,0.5100,1,566
2865,1190551,corner,0,0.5100,1,567
2866,1190946,corner,1,0.5100,1,568
2867,1192298,corner,1,0.5100,1,569
2868,1193434,corner,0,0.5100,1,570
2869,1194551,corner,1,0.5200,1,571
2870,1195206,corner,0,0.5200,1,572
2871,1195449,corner,1,0.5300,1,573
2872,1196801,corner,1,0.5300,1,574
2873,1197286,corner,0,0.5200,1,575
2874,1197655,corner,0,0.5200,1,576
2875,1197952,corner,1,0.5300,1,577
2876,1198667,corner,0,0.5300,1,578
2877,1200019,corner,1,0.5300,1,579
2878,1200964,defensive,1,0.5300,2,1
2879,1201262,defensive,0,0.5200,2,2
2880,1201423,defensive,1,0.5300,2,3
2881,1201645,defensive,1,0.5300,2,4
2882,1202593,defensive,1,0.5300,2,5
2883,1203005,defensive,1,0.5300,2,6
2884,1203375,defensive,1,0.5400,2,7
2885,1204377,defensive,1,0.5400,2,8
2886,1204963,defensive,1,0.5500,2,9
2887,1205764,defensive,1,0.5600,2,10
2888,1206451,defensive,1,0.5600,2,11
2889,1207185,defensive,0,0.5500,2,12
2890,1208537,defensive,1,0.5500,2,13
2891,1208734,defensive,1,0.5500,2,14
2892,1208924,defensive,1,0.5600,2,15
2893,1209332,defensive,1,0.5700,2,16
2894,1209474,defensive,1,0.5700,2,17
2895,1210160,defensive,1,0.5700,2,18
2896,1210531,defensive,1,0.5700,2,19
2897,1211144,defensive,0,0.5600,2,20
2898,1211330,defensive,1,0.5700,2,21
2899,1211506,defensive,1,0.5800,2,22
2900,1211604,defensive,0,0.5700,2,23
2901,1212550,defensive,1,0.5700,2,24
2902,1213188,defensive,1,0.5700,2,25
2903,1213383,defensive,1,0.5700,2,26
2904,1213626,defensive,1,0.5700,2,27
2905,1213794,defensive,1,0.5700,2,28
2906,1214729,defensive,1,0.5800,2,29
2907,1214914,defensive,1,0.5800,2,30
2908,1215147,defensive,1,0.5800,2,31
2909,1216085,defensive,0,0.5700,2,32
2910,1217300,defensive,1,0.5800,2,33
2911,1217618,defensive,1,0.5900,2,34
2912,1218970,defensive,1,0.6000,2,35
2913,1219870,defensive,1,0.6100,2,36
2914,1220575,defensive,1,0.6200,2,37
2915,1221187,defensive,1,0.6200,2,38
2916,1221900,defensive,1,0.6200,2,39
2917,1222097,defensive,1,0.6300,2,40
2918,1223293,defensive,1,0.6300,2,41
2919,1223458,defensive,1,0.6400,2,42
2920,1224120,defensive,1,0.6400,2,43
2921,1225162,defensive,1,0.6400,2,44
2922,1226514,defensive,0,0.6400,2,45
2923,1226705,defensive,1,0.6400,2,46
2924,1226924,defensive,1,0.6400,2,47
2925,1228106,defensive,1,0.6500,2,48
2926,1228981,defensive,0,0.6400,2,49
2927,1230159,defensive,1,0.6400,2,50
2928,1230560,defensive,1,0.6400,2,51
2929,1230913,defensive,1,0.6500,2,52
2930,1231751,defensive,1,0.6600,2,53
2931,1231861,defensive,0,0.6600,2,54
2932,1232532,defensive,1,0.6600,2,55
2933,1233884,defensive,1,0.6700,2,56
2934,1235236,defensive,0,0.6600,2,57
2935,1235794,defensive,1,0.6700,2,58
2936,1236082,defensive,1,0.6800,2,59
2937,1236284,defensive,1,0.6900,2,60
2938,1236622,defensive,1,0.7000,2,61
2939,1236778,defensive,1,0.7000,2,62
2940,1237230,defensive,0,0.7000,2,63
2941,1237370,defensive,1,0.7100,2,64
2942,1237581,defensive,1,0.7100,2,65
2943,1237673,defensive,0,0.7000,2,66
2944,1238917,defensive,1,0.7000,2,67
2945,1239335,defensive,1,0.7100,2,68
2946,1239538,defensive,1,0.7100,2,69
2947,1240332,defensive,1,0.7100,2,70
2948,1240474,defensive,1,0.7200,2,71
2949,1241810,defensive,1,0.7200,2,72
2950,1242365,defensive,1,0.7200,2,73
2951,1242768,defensive,1,0.7300,2,74
2952,1243032,defensive,0,0.7300,2,75
2953,1243215,defensive,1,0.7300,2,76
2954,1244186,defensive,1,0.7400,2,77
2955,1245106,defensive,1,0.7500,2,78
2956,1245247,defensive,1,0.7600,2,79
2957,1245454,defensive,1,0.7600,2,80
2958,1245652,defensive,1,0.7700,2,81
2959,1246119,defensive,0,0.7700,2,82
2960,1247198,defensive,1,0.7700,2,83
2961,1247385,defensive,1,0.7800,2,84
2962,1247774,defensive,1,0.7900,2,85
2963,1248326,defensive,1,0.8000,2,86
2964,1249678,defensive,0,0.8000,2,87
2965,1250846,defensive,0,0.8000,2,88
2966,1251861,defensive,1,0.8000,2,89
2967,1252512,defensive,1,0.8000,2,90
2968,1253275,defensive,1,0.8100,2,91
2969,1253901,defensive,1,0.8100,2,92
2970,1255149,defensive,0,0.8100,2,93
2971,1255549,defensive,1,0.8100,2,94
2972,1255769,defensive,1,0.8100,2,95
2973,1256820,defensive,1,0.8200,2,96
2974,1258172,defensive,1,0.8300,2,97
2975,1258373,defensive,1,0.8300,2,98
2976,1259162,defensive,1,0.8400,2,99
2977,1260031,defensive,1,0.8400,2,100
2978,1260210,defensive,1,0.8400,2,101
2979,1260358,defensive,1,0.8500,2,102
2980,1261457,defensive,1,0.8500,2,103
2981,1261678,defensive,1,0.8500,2,104
2982,1262051,defensive,1,0.8500,2,105
2983,1262642,defensive,1,0.8500,2,106
2984,1263994,defensive,1,0.8500,2,107
2985,1264636,defensive,1,0.8500,2,108
2986,1265988,defensive,0,0.8400,2,109
2987,1266354,defensive,1,0.8400,2,110
2988,1267327,defensive,1,0.8400,2,111
2989,1268679,defensive,1,0.8500,2,112
2990,1269266,defensive,1,0.8500,2,113
2991,1270618,defensive,1,0.8500,2,114
2992,1271395,defensive,0,0.8400,2,115
2993,1271691,defensive,1,0.8400,2,116
2994,1272247,defensive,1,0.8400,2,117
2995,1273512,defensive,0,0.8300,2,118
2996,1273849,defensive,1,0.8300,2,119
2997,1274268,defensive,1,0.8400,2,120
2998,1274466,defensive,1,0.8400,2,121
2999,1275749,defensive,1,0.8400,2,122
3000,1277070,defensive,1,0.8500,2,123
3001,1277359,defensive,0,0.8400,2,124
3002,1277704,defensive,1,0.8400,2,125
3003,1279056,defensive,1,0.8400,2,126
3004,1279635,defensive,1,0.8400,2,127
3005,1280087,defensive,0,0.8300,2,128
3006,1281181,defensive,1,0.8300,2,129
3007,1281564,defensive,1,0.8300,2,130
3008,1282558,defensive,0,0.8200,2,131
3009,1283910,defensive,1,0.8300,2,132
3010,1284103,defensive,1,0.8300,2,133
3011,1284473,defensive,0,0.8200,2,134
3012,1285455,defensive,1,0.8200,2,135
3013,1285841,defensive,1,0.8200,2,136
3014,1287028,defensive,1,0.8200,2,137
3015,1288380,defensive,1,0.8200,2,138
3016,1289318,defensive,1,0.8200,2,139
3017,1289461,defensive,1,0.8200,2,140
3018,1290047,defensive,1,0.8200,2,141
3019,1290892,defensive,1,0.8200,2,142
3020,1291085,defensive,1,0.8200,2,143
3021,1291687,defensive,0,0.8100,2,144
3022,1291859,defensive,1,0.8200,2,145
3023,1292684,defensive,1,0.8200,2,146
3024,1294036,defensive,0,0.8100,2,147
3025,1295328,defensive,1,0.8100,2,148
3026,1296367,defensive,1,0.8200,2,149
3027,1297600,defensive,1,0.8200,2,150
3028,1298589,defensive,1,0.8200,2,151
3029,1299137,defensive,1,0.8200,2,152
3030,1299644,defensive,1,0.8200,2,153
3031,1300018,defensive,1,0.8300,2,154
3032,1301370,defensive,1,0.8300,2,155
3033,1301664,defensive,1,0.8300,2,156
3034,1302240,defensive,1,0.8400,2,157
3035,1302610,defensive,0,0.8300,2,158
3036,1303962,defensive,1,0.8300,2,159
3037,1304245,defensive,0,0.8200,2,160
3038,1304617,defensive,1,0.8200,2,161
3039,1304935,defensive,1,0.8200,2,162
3040,1306077,defensive,1,0.8300,2,163
3041,1307429,defensive,1,0.8300,2,164
3042,1308220,defensive,0,0.8200,2,165
3043,1308483,defensive,1,0.8300,2,166
3044,1309835,defensive,1,0.8300,2,167
3045,1311187,defensive,1,0.8300,2,168
3046,1311495,defensive,1,0.8300,2,169
3047,1311674,defensive,1,0.8300,2,170
3048,1311789,defensive,0,0.8200,2,171
3049,1313141,defensive,1,0.8200,2,172
3050,1314493,defensive,1,0.8200,2,173
3051,1315107,defensive,1,0.8200,2,174
3052,1315866,defensive,1,0.8300,2,175
3053,1317218,defensive,1,0.8300,2,176
3054,1318570,defensive,1,0.8300,2,177
3055,1319773,defensive,0,0.8200,2,178
3056,1321125,defensive,1,0.8200,2,179
3057,1321264,defensive,1,0.8200,2,180
3058,1322190,defensive,0,0.8100,2,181
3059,1323099,defensive,1,0.8200,2,182
3060,1323830,defensive,1,0.8200,2,183
3061,1324047,defensive,1,0.8200,2,184
3062,1324917,defensive,1,0.8200,2,185
3063,1325710,defensive,1,0.8200,2,186
3064,1325892,defensive,1,0.8300,2,187
3065,1327124,defensive,1,0.8400,2,188
3066,1327450,defensive,1,0.8400,2,189
3067,1327619,defensive,1,0.8400,2,190
3068,1328402,defensive,1,0.8400,2,191
3069,1328578,defensive,1,0.8400,2,192
3070,1328756,defensive,1,0.8500,2,193
3071,1329148,defensive,1,0.8500,2,194
3072,1329334,defensive,1,0.8500,2,195
3073,1330686,defensive,1,0.8500,2,196
3074,1332038,defensive,0,0.8400,2,197
3075,1332233,defensive,1,0.8400,2,198
3076,1332659,defensive,0,0.8300,2,199
3077,1333208,defensive,1,0.8300,2,200
3078,1334560,defensive,0,0.8200,2,201
3079,1335912,defensive,1,0.8200,2,202
3080,1336606,defensive,1,0.8200,2,203
3081,1336695,defensive,0,0.8100,2,204
3082,1336815,defensive,0,0.8000,2,205
3083,1337338,defensive,1,0.8000,2,206
3084,1338690,defensive,1,0.8000,2,207
3085,1338824,defensive,1,0.8000,2,208
3086,1340176,defensive,1,0.8100,2,209
3087,1341224,defensive,1,0.8100,2,210
3088,1342076,defensive,1,0.8100,2,211
3089,1342599,defensive,1,0.8100,2,212
3090,1343442,defensive,0,0.8000,2,213
3091,1343727,defensive,1,0.8000,2,214
3092,1344090,defensive,1,0.8100,2,215
3093,1345442,defensive,0,0.8000,2,216
3094,1346794,defensive,0,0.7900,2,217
3095,1347844,defensive,1,0.8000,2,218
3096,1348791,defensive,1,0.8000,2,219
3097,1348971,defensive,1,0.8000,2,220
3098,1349506,defensive,1,0.8000,2,221
3099,1350694,defensive,1,0.8000,2,222
3100,1351649,defensive,1,0.8000,2,223
3101,1352423,defensive,1,0.8100,2,224
3102,1352623,defensive,1,0.8100,2,225
3103,1353370,defensive,1,0.8100,2,226
3104,1354307,defensive,1,0.8100,2,227
3105,1354863,defensive,1,0.8200,2,228
3106,1356215,defensive,0,0.8100,2,229
3107,1356727,defensive,1,0.8100,2,230
3108,1357290,defensive,1,0.8200,2,231
3109,1358045,defensive,1,0.8200,2,232
3110,1358237,defensive,1,0.8200,2,233
3111,1359013,defensive,1,0.8300,2,234
3112,1359348,defensive,0,0.8200,2,235
3113,1359814,defensive,0,0.8100,2,236
3114,1360141,defensive,1,0.8100,2,237
3115,1361150,defensive,1,0.8100,2,238
3116,1362122,defensive,1,0.8100,2,239
3117,1363183,defensive,1,0.8100,2,240
3118,1363375,defensive,1,0.8100,2,241
3119,1364727,defensive,1,0.8100,2,242
3120,1365624,defensive,1,0.8100,2,243
3121,1366438,defensive,1,0.8200,2,244
3122,1367018,defensive,1,0.8200,2,245
3123,1368370,defensive,0,0.8100,2,246
3124,1368815,defensive,1,0.8200,2,247
3125,1369320,defensive,1,0.8200,2,248
3126,1370672,defensive,0,0.8100,2,249
3127,1371335,defensive,1,0.8100,2,250
3128,1372687,defensive,0,0.8000,2,251
3129,1373619,defensive,1,0.8000,2,252
3130,1374514,defensive,0,0.7900,2,253
3131,1374633,defensive,0,0.7800,2,254
3132,1375644,defensive,0,0.7700,2,255
3133,1376305,defensive,1,0.7700,2,256
3134,1377098,defensive,1,0.7700,2,257
3135,1378219,defensive,1,0.7800,2,258
3136,1378407,defensive,1,0.7800,2,259
3137,1378627,defensive,1,0.7900,2,260
3138,1379541,defensive,1,0.7900,2,261
3139,1379689,defensive,1,0.7900,2,262
3140,1379903,defensive,1,0.7900,2,263
3141,1380079,defensive,1,0.7900,2,264
3142,1380615,defensive,1,0.8000,2,265
3143,1380792,defensive,1,0.8000,2,266
3144,1382144,defensive,0,0.7900,2,267
3145,1382344,defensive,1,0.7900,2,268
3146,1382684,defensive,1,0.7900,2,269
3147,1382872,defensive,1,0.7900,2,270
3148,1383890,defensive,1,0.8000,2,271
3149,1384696,defensive,0,0.7900,2,272
3150,1384869,defensive,1,0.7900,2,273
3151,1385589,defensive,1,0.7900,2,274
3152,1386941,defensive,0,0.7800,2,275
3153,1387161,defensive,1,0.7800,2,276
3154,1387389,defensive,1,0.7800,2,277
3155,1387945,defensive,0,0.7800,2,278
3156,1389054,defensive,1,0.7800,2,279
3157,1390319,defensive,1,0.7800,2,280
3158,1390620,defensive,0,0.7800,2,281
3159,1390806,defensive,1,0.7800,2,282
3160,1391378,defensive,0,0.7700,2,283
3161,1391959,defensive,1,0.7700,2,284
3162,1392107,defensive,1,0.7700,2,285
3163,1392191,defensive,0,0.7600,2,286
3164,1392898,defensive,1,0.7600,2,287
3165,1393103,defensive,1,0.7600,2,288
3166,1393296,defensive,1,0.7600,2,289
3167,1393982,defensive,1,0.7600,2,290
3168,1394409,defensive,1,0.7600,2,291
3169,1395681,defensive,1,0.7600,2,292
3170,1395864,defensive,1,0.7600,2,293
3171,1395969,defensive,0,0.7500,2,294
3172,1397171,defensive,1,0.7500,2,295
3173,1397959,defensive,1,0.7500,2,296
3174,1398770,defensive,1,0.7600,2,297
3175,1399122,defensive,0,0.7500,2,298
3176,1400261,defensive,1,0.7600,2,299
3177,1401419,defensive,1,0.7600,2,300
3178,1401512,defensive,0,0.7600,2,301
3179,1402864,defensive,1,0.7600,2,302
3180,1403085,defensive,1,0.7600,2,303
3181,1404184,defensive,1,0.7700,2,304
3182,1405102,defensive,1,0.7800,2,305
3183,1405762,defensive,1,0.7800,2,306
3184,1405856,defensive,1,0.7800,2,307
3185,1407031,defensive,1,0.7800,2,308
3186,1407241,defensive,1,0.7800,2,309
3187,1408327,defensive,1,0.7800,2,310
3188,1408527,defensive,1,0.7800,2,311
3189,1409879,defensive,0,0.7700,2,312
3190,1411001,defensive,0,0.7700,2,313
3191,1411525,defensive,1,0.7700,2,314
3192,1411960,defensive,1,0.7700,2,315
3193,1412625,defensive,1,0.7800,2,316
3194,1413847,defensive,1,0.7900,2,317
3195,1414137,defensive,0,0.7800,2,318
3196,1414736,defensive,1,0.7800,2,319
3197,1416088,defensive,1,0.7800,2,320
3198,1416782,defensive,0,0.7700,2,321
3199,1416871,defensive,0,0.7600,2,322
3200,1417147,defensive,0,0.7500,2,323
3201,1418499,defensive,1,0.7500,2,324
3202,1419851,defensive,0,0.7400,2,325
3203,1420047,defensive,1,0.7400,2,326
3204,1421081,defensive,1,0.7400,2,327
3205,1422342,defensive,1,0.7400,2,328
3206,1423194,defensive,1,0.7500,2,329
3207,1423482,defensive,1,0.7500,2,330
3208,1424005,defensive,0,0.7400,2,331
3209,1425357,defensive,1,0.7400,2,332
3210,1426232,defensive,0,0.7300,2,333
3211,1426476,defensive,0,0.7200,2,334
3212,1427085,defensive,1,0.7300,2,335
3213,1428141,defensive,0,0.7300,2,336
3214,1429275,defensive,0,0.7200,2,337
3215,1430310,defensive,0,0.7100,2,338
3216,1430482,defensive,0,0.7000,2,339
3217,1431834,defensive,0,0.6900,2,340
3218,1433115,defensive,1,0.6900,2,341
3219,1433253,defensive,1,0.6900,2,342
3220,1434605,defensive,1,0.6900,2,343
3221,1434869,defensive,0,0.6800,2,344
3222,1435901,defensive,1,0.6800,2,345
3223,1436121,defensive,1,0.6900,2,346
3224,1436863,defensive,1,0.6900,2,347
3225,1437194,defensive,0,0.6800,2,348
3226,1438094,defensive,1,0.6900,2,349
3227,1438818,defensive,1,0.6900,2,350
3228,1439015,defensive,1,0.7000,2,351
3229,1440367,defensive,1,0.7000,2,352
3230,1440588,defensive,1,0.7100,2,353
3231,1440732,defensive,1,0.7200,2,354
3232,1440868,defensive,0,0.7200,2,355
3233,1442220,defensive,0,0.7100,2,356
3234,1442408,defensive,1,0.7100,2,357
3235,1443760,defensive,1,0.7100,2,358
3236,1444214,defensive,0,0.7000,2,359
3237,1444383,defensive,0,0.6900,2,360
3238,1445734,defensive,1,0.6900,2,361
3239,1447086,defensive,0,0.6800,2,362
3240,1448438,defensive,0,0.6700,2,363
3241,1448744,defensive,1,0.6700,2,364
3242,1450096,defensive,1,0.6700,2,365
3243,1450280,defensive,1,0.6700,2,366
3244,1451632,defensive,0,0.6700,2,367
3245,1451819,defensive,1,0.6700,2,368
3246,1452577,defensive,1,0.6700,2,369
3247,1453138,defensive,1,0.6700,2,370
3248,1453990,defensive,0,0.6600,2,371
3249,1455342,defensive,0,0.6600,2,372
3250,1456694,defensive,1,0.6600,2,373
3251,1458046,defensive,0,0.6500,2,374
3252,1458723,defensive,1,0.6600,2,375
3253,1459280,defensive,1,0.6600,2,376
3254,1459473,defensive,1,0.6600,2,377
3255,1460634,defensive,0,0.6600,2,378
3256,1461986,defensive,0,0.6500,2,379
3257,1462193,defensive,1,0.6500,2,380
3258,1462483,defensive,0,0.6500,2,381
3259,1463393,defensive,1,0.6500,2,382
3260,1464453,defensive,1,0.6600,2,383
3261,1465596,defensive,0,0.6500,2,384
3262,1466565,defensive,0,0.6400,2,385
3263,1467917,defensive,0,0.6400,2,386
3264,1468307,defensive,1,0.6400,2,387
3265,1469254,defensive,1,0.6400,2,388
3266,1470142,defensive,0,0.6300,2,389
3267,1471494,defensive,0,0.6200,2,390
3268,1472061,defensive,1,0.6200,2,391
3269,1473061,defensive,0,0.6100,2,392
3270,1473831,defensive,1,0.6100,2,393
3271,1474210,defensive,1,0.6200,2,394
3272,1475562,defensive,0,0.6100,2,395
3273,1476914,defensive,1,0.6100,2,396
3274,1477120,defensive,1,0.6100,2,397
3275,1477730,defensive,0,0.6100,2,398
3276,1478081,defensive,1,0.6100,2,399
3277,1478233,defensive,1,0.6100,2,400
3278,1478413,defensive,1,0.6200,2,401
3279,1479765,defensive,0,0.6100,2,402
3280,1480716,defensive,0,0.6000,2,403
3281,1482068,defensive,1,0.6000,2,404
3282,1482234,defensive,1,0.6000,2,405
3283,1482806,defensive,0,0.5900,2,406
3284,1483021,defensive,1,0.5900,2,407
3285,1483502,defensive,0,0.5800,2,408
3286,1483656,defensive,0,0.5700,2,409
3287,1483869,defensive,1,0.5700,2,410
3288,1484150,defensive,0,0.5600,2,411
3289,1485376,defensive,1,0.5700,2,412
3290,1486728,defensive,1,0.5800,2,413
3291,1487378,defensive,1,0.5800,2,414
3292,1487829,defensive,0,0.5700,2,415
3293,1489181,defensive,0,0.5600,2,416
3294,1490533,defensive,1,0.5600,2,417
3295,1491885,defensive,0,0.5600,2,418
3296,1493237,defensive,1,0.5600,2,419
3297,1493328,defensive,1,0.5600,2,420
3298,1494049,defensive,1,0.5700,2,421
3299,1494225,defensive,1,0.5800,2,422
3300,1495557,defensive,0,0.5800,2,423
3301,1496299,defensive,1,0.5800,2,424
3302,1497651,defensive,1,0.5900,2,425
3303,1499003,defensive,1,0.5900,2,426
3304,1500355,defensive,1,0.5900,2,427
3305,1500451,defensive,0,0.5800,2,428
3306,1500877,defensive,1,0.5800,2,429
3307,1502229,defensive,1,0.5800,2,430
3308,1503552,defensive,1,0.5900,2,431
3309,1504690,defensive,1,0.5900,2,432
3310,1505058,defensive,0,0.5900,2,433
3311,1505282,defensive,1,0.6000,2,434
3312,1505532,defensive,1,0.6000,2,435
3313,1506884,defensive,1,0.6100,2,436
3314,1507079,defensive,1,0.6200,2,437
3315,1507389,defensive,0,0.6200,2,438
3316,1507573,defensive,1,0.6300,2,439
3317,1508255,defensive,1,0.6400,2,440
3318,1509432,defensive,1,0.6400,2,441
3319,1510784,defensive,1,0.6400,2,442
3320,1512136,defensive,1,0.6400,2,443
3321,1512387,defensive,0,0.6400,2,444
3322,1512713,defensive,0,0.6300,2,445
3323,1513036,defensive,0,0.6200,2,446
3324,1513460,defensive,1,0.6200,2,447
3325,1514812,defensive,0,0.6200,2,448
3326,1516089,defensive,1,0.6200,2,449
3327,1517436,defensive,0,0.6100,2,450
3328,1518788,defensive,0,0.6000,2,451
3329,1519154,defensive,1,0.6000,2,452
3330,1519740,defensive,1,0.6000,2,453
3331,1520323,defensive,0,0.5900,2,454
3332,1520502,defensive,1,0.6000,2,455
3333,1521854,defensive,1,0.6100,2,456
3334,1521944,defensive,0,0.6000,2,457
3335,1522401,defensive,0,0.5900,2,458
3336,1522918,defensive,1,0.6000,2,459
3337,1523522,defensive,1,0.6100,2,460
3338,1524874,defensive,0,0.6000,2,461
3339,1526226,defensive,1,0.6100,2,462
3340,1527086,defensive,1,0.6200,2,463
3341,1527979,defensive,1,0.6200,2,464
3342,1528871,defensive,0,0.6100,2,465
3343,1530070,defensive,0,0.6000,2,466
3344,1530630,defensive,0,0.6000,2,467
3345,1531982,defensive,1,0.6000,2,468
3346,1533334,defensive,1,0.6000,2,469
3347,1533617,defensive,0,0.5900,2,470
3348,1534969,defensive,1,0.6000,2,471
3349,1535147,defensive,1,0.6100,2,472
3350,1536499,defensive,1,0.6100,2,473
3351,1537050,defensive,1,0.6200,2,474
3352,1538402,defensive,1,0.6200,2,475
3353,1539754,defensive,0,0.6100,2,476
3354,1541106,defensive,1,0.6100,2,477
3355,1542458,defensive,0,0.6100,2,478
3356,1543331,defensive,1,0.6200,2,479
3357,1543988,defensive,1,0.6200,2,480
3358,1545340,defensive,1,0.6300,2,481
3359,1546392,defensive,1,0.6300,2,482
3360,1547397,defensive,0,0.6200,2,483
3361,1547975,defensive,0,0.6200,2,484
3362,1548530,defensive,0,0.6200,2,485
3363,1549882,defensive,0,0.6200,2,486
3364,1550015,defensive,1,0.6200,2,487
3365,1550185,corner,0,0.6100,3,1
3366,1551537,corner,0,0.6100,3,2
3367,1552889,corner,1,0.6200,3,3
3368,1553058,corner,0,0.6100,3,4
3369,1554410,corner,0,0.6100,3,5
3370,1554819,corner,0,0.6000,3,6
3371,1556171,corner,0,0.5900,3,7
3372,1557093,corner,1,0.6000,3,8
3373,1558173,corner,0,0.5900,3,9
3374,1559525,corner,0,0.5800,3,10
3375,1560877,corner,0,0.5800,3,11
3376,1562229,corner,1,0.5800,3,12
3377,1563556,corner,0,0.5700,3,13
3378,1564908,corner,0,0.5600,3,14
3379,1566260,corner,1,0.5700,3,15
3380,1566537,corner,0,0.5700,3,16
3381,1566692,corner,1,0.5700,3,17
3382,1568044,corner,0,0.5600,3,18
3383,1569396,corner,0,0.5600,3,19
3384,1570748,corner,0,0.5500,3,20
3385,1572100,corner,0,0.5500,3,21
3386,1572589,corner,0,0.5500,3,22
3387,1572909,corner,0,0.5400,3,23
3388,1574261,corner,1,0.5500,3,24
3389,1575613,corner,0,0.5400,3,25
3390,1576122,corner,0,0.5300,3,26
3391,1577016,corner,0,0.5200,3,27
3392,1578324,corner,0,0.5200,3,28
3393,1578889,corner,0,0.5200,3,29
3394,1579713,corner,0,0.5100,3,30
3395,1580432,corner,0,0.5100,3,31
3396,1581581,corner,0,0.5000,3,32
3397,1582933,corner,1,0.5000,3,33
3398,1584285,corner,0,0.4900,3,34
3399,1585637,corner,0,0.4800,3,35
3400,1586989,corner,0,0.4800,3,36
3401,1587902,corner,0,0.4700,3,37
3402,1588360,corner,1,0.4700,3,38
3403,1589712,corner,0,0.4600,3,39
3404,1591064,corner,0,0.4500,3,40
3405,1591240,corner,0,0.4500,3,41
3406,1592592,corner,0,0.4400,3,42
3407,1593944,corner,0,0.4300,3,43
3408,1595296,corner,0,0.4200,3,44
3409,1596365,corner,0,0.4100,3,45
3410,1597210,corner,1,0.4200,3,46
3411,1598129,corner,0,0.4100,3,47
3412,1599481,corner,0,0.4000,3,48
3413,1600833,corner,0,0.3900,3,49
3414,1602129,corner,1,0.3900,3,50
3415,1602305,corner,0,0.3900,3,51
3416,1603464,corner,0,0.3800,3,52
3417,1604498,corner,0,0.3700,3,53
3418,1604668,corner,0,0.3600,3,54
3419,1606020,corner,0,0.3500,3,55
3420,1607372,corner,0,0.3400,3,56
3421,1607544,corner,0,0.3400,3,57
3422,1608896,corner,0,0.3400,3,58
3423,1609254,corner,0,0.3400,3,59
3424,1610384,corner,0,0.3300,3,60
3425,1610724,corner,0,0.3300,3,61
3426,1611005,corner,0,0.3200,3,62
3427,1611212,corner,1,0.3300,3,63
3428,1611685,corner,1,0.3400,3,64
3429,1612974,corner,0,0.3300,3,65
3430,1614326,corner,1,0.3300,3,66
3431,1615099,corner,1,0.3400,3,67
3432,1616451,corner,0,0.3300,3,68
3433,1617744,corner,0,0.3200,3,69
3434,1619096,corner,0,0.3200,3,70
3435,1619773,corner,0,0.3200,3,71
3436,1620689,corner,0,0.3100,3,72
3437,1620967,corner,0,0.3000,3,73
3438,1622319,corner,0,0.3000,3,74
3439,1623057,corner,0,0.2900,3,75
3440,1624409,corner,0,0.2800,3,76
3441,1625761,corner,0,0.2700,3,77
3442,1627113,corner,0,0.2700,3,78
3443,1628272,corner,1,0.2800,3,79
3444,1628783,corner,0,0.2800,3,80
3445,1628961,corner,0,0.2700,3,81
3446,1629519,corner,0,0.2600,3,82
3447,1630153,corner,0,0.2600,3,83
3448,1630408,corner,1,0.2600,3,84
3449,1631760,corner,0,0.2500,3,85
3450,1633112,corner,0,0.2400,3,86
3451,1633500,corner,0,0.2300,3,87
3452,1633675,corner,0,0.2200,3,88
3453,1635027,corner,0,0.2200,3,89
3454,1636379,corner,1,0.2200,3,90
3455,1637674,corner,0,0.2200,3,91
3456,1639026,corner,0,0.2100,3,92
3457,1640092,corner,0,0.2000,3,93
3458,1641444,corner,1,0.2000,3,94
3459,1641784,corner,0,0.1900,3,95
3460,1642300,corner,1,0.2000,3,96
3461,1642470,corner,0,0.2000,3,97
3462,1642837,corner,1,0.2100,3,98
3463,1644189,corner,0,0.2100,3,99
3464,1645541,corner,1,0.2100,3,100
3465,1646893,corner,0,0.2100,3,101
3466,1647231,corner,0,0.2100,3,102
3467,1648583,corner,0,0.2000,3,103
3468,1649111,corner,0,0.2000,3,104
3469,1650463,corner,0,0.2000,3,105
3470,1651815,corner,0,0.2000,3,106
3471,1652481,corner,0,0.2000,3,107
3472,1653833,corner,1,0.2000,3,108
3473,1654045,corner,1,0.2100,3,109
3474,1654386,corner,0,0.2100,3,110
3475,1654571,corner,0,0.2100,3,111
3476,1655923,corner,0,0.2000,3,112
3477,1657275,corner,0,0.2000,3,113
3478,1658522,corner,0,0.2000,3,114
3479,1659874,corner,0,0.1900,3,115
3480,1660675,corner,0,0.1900,3,116
3481,1662027,corner,0,0.1800,3,117
3482,1662762,corner,0,0.1800,3,118
3483,1663564,corner,0,0.1800,3,119
3484,1663739,corner,0,0.1800,3,120
3485,1664945,corner,0,0.1800,3,121
3486,1666297,corner,0,0.1800,3,122
3487,1667603,corner,0,0.1800,3,123
3488,1668955,corner,0,0.1700,3,124
3489,1670307,corner,0,0.1700,3,125
3490,1670609,corner,0,0.1700,3,126
3491,1671961,corner,1,0.1800,3,127
3492,1672132,corner,0,0.1800,3,128
3493,1672495,corner,0,0.1800,3,129
3494,1673198,corner,0,0.1800,3,130
3495,1673504,corner,0,0.1800,3,131
3496,1674856,corner,0,0.1800,3,132
3497,1675228,corner,0,0.1700,3,133
3498,1676578,corner,1,0.1800,3,134
3499,1677930,corner,0,0.1800,3,135
3500,1678100,corner,0,0.1800,3,136
3501,1679034,corner,0,0.1800,3,137
3502,1679366,corner,0,0.1700,3,138
3503,1680718,corner,0,0.1700,3,139
3504,1681288,corner,0,0.1700,3,140
3505,1681460,corner,0,0.1700,3,141
3506,1681806,corner,0,0.1700,3,142
3507,1681918,corner,0,0.1700,3,143
3508,1682571,corner,0,0.1700,3,144
3509,1683463,corner,0,0.1700,3,145
3510,1684466,corner,0,0.1600,3,146
3511,1685818,corner,0,0.1600,3,147
3512,1685989,corner,0,0.1600,3,148
3513,1687341,corner,0,0.1600,3,149
3514,1688693,corner,0,0.1500,3,150
3515,1689631,corner,0,0.1500,3,151
3516,1690983,corner,0,0.1500,3,152
3517,1691397,corner,0,0.1500,3,153
3518,1692749,corner,0,0.1500,3,154
3519,1694038,corner,0,0.1500,3,155
3520,1694733,corner,0,0.1500,3,156
3521,1695509,corner,0,0.1500,3,157
3522,1696231,corner,1,0.1600,3,158
3523,1697583,corner,0,0.1600,3,159
3524,1698935,corner,0,0.1600,3,160
3525,1699148,corner,1,0.1700,3,161
3526,1700500,corner,0,0.1700,3,162
3527,1700689,corner,0,0.1600,3,163
3528,1701050,corner,1,0.1600,3,164
3529,1702402,corner,0,0.1600,3,165
3530,1703118,corner,0,0.1500,3,166
3531,1704470,corner,0,0.1400,3,167
3532,1704642,corner,0,0.1400,3,168
3533,1705994,corner,0,0.1400,3,169
3534,1707346,corner,0,0.1400,3,170
3535,1707747,corner,0,0.1400,3,171
3536,1708977,corner,0,0.1400,3,172
3537,1709513,corner,1,0.1500,3,173
3538,1709871,corner,0,0.1500,3,174
3539,1711223,corner,0,0.1500,3,175
3540,1712081,corner,0,0.1500,3,176
3541,1713433,corner,0,0.1500,3,177
3542,1714785,corner,1,0.1600,3,178
3543,1714955,corner,0,0.1500,3,179
3544,1716307,corner,0,0.1500,3,180
3545,1717659,corner,0,0.1500,3,181
3546,1718763,corner,1,0.1600,3,182
3547,1718946,corner,0,0.1600,3,183
3548,1719470,corner,0,0.1500,3,184
3549,1719639,corner,0,0.1500,3,185
3550,1719943,corner,0,0.1500,3,186
3551,1720112,corner,0,0.1500,3,187
3552,1721464,corner,1,0.1600,3,188
3553,1722816,corner,0,0.1600,3,189
3554,1722971,corner,0,0.1500,3,190
3555,1724323,corner,0,0.1500,3,191
3556,1725675,corner,1,0.1600,3,192
3557,1726475,corner,0,0.1600,3,193
3558,1727827,corner,0,0.1500,3,194
3559,1729179,corner,0,0.1500,3,195
3560,1730531,corner,1,0.1500,3,196
3561,1731082,corner,0,0.1500,3,197
3562,1731194,corner,0,0.1400,3,198
3563,1732546,corner,0,0.1400,3,199
3564,1733898,corner,0,0.1300,3,200
3565,1735250,corner,0,0.1300,3,201
3566,1736602,corner,0,0.1300,3,202
3567,1737954,corner,0,0.1300,3,203
3568,1739306,corner,0,0.1300,3,204
3569,1740658,corner,0,0.1300,3,205
3570,1742010,corner,0,0.1300,3,206
3571,1742525,corner,0,0.1300,3,207
3572,1743877,corner,1,0.1300,3,208
3573,1745229,corner,0,0.1200,3,209
3574,1745605,corner,1,0.1300,3,210
3575,1746957,corner,0,0.1300,3,211
3576,1748309,corner,0,0.1300,3,212
3577,1749337,corner,0,0.1300,3,213
3578,1749507,corner,0,0.1300,3,214
3579,1750859,corner,0,0.1300,3,215
3580,1751899,corner,0,0.1300,3,216
3581,1752351,corner,0,0.1300,3,217
3582,1753527,corner,0,0.1300,3,218
3583,1754811,corner,0,0.1300,3,219
3584,1756163,corner,0,0.1300,3,220
3585,1757515,corner,0,0.1300,3,221
3586,1758006,corner,0,0.1300,3,222
3587,1759358,corner,0,0.1300,3,223
3588,1759874,corner,0,0.1300,3,224
3589,1761226,corner,1,0.1400,3,225
3590,1762578,corner,0,0.1400,3,226
3591,1763428,corner,0,0.1300,3,227
3592,1764780,corner,0,0.1300,3,228
3593,1765933,corner,1,0.1400,3,229
3594,1767285,corner,1,0.1500,3,230
3595,1768019,corner,0,0.1500,3,231
3596,1769082,corner,1,0.1600,3,232
3597,1770434,corner,0,0.1600,3,233
3598,1771786,corner,1,0.1600,3,234
3599,1773138,corner,0,0.1600,3,235
3600,1773648,corner,0,0.1600,3,236
3601,1773823,corner,0,0.1600,3,237
3602,1775088,corner,0,0.1600,3,238
3603,1775825,corner,1,0.1700,3,239
3604,1776673,corner,1,0.1800,3,240
3605,1778025,corner,0,0.1800,3,241
3606,1778588,corner,0,0.1800,3,242
3607,1779940,corner,0,0.1800,3,243
3608,1780527,corner,1,0.1900,3,244
3609,1781452,corner,0,0.1900,3,245
3610,1782804,corner,0,0.1900,3,246
3611,1783927,corner,0,0.1900,3,247
3612,1784100,corner,0,0.1900,3,248
3613,1785226,corner,0,0.1900,3,249
3614,1785396,corner,0,0.1900,3,250
3615,1786748,corner,1,0.2000,3,251
3616,1787877,corner,0,0.2000,3,252
3617,1789229,corner,0,0.2000,3,253
3618,1790520,corner,0,0.2000,3,254
3619,1791668,corner,0,0.2000,3,255
3620,1793020,corner,0,0.2000,3,256
3621,1793624,corner,0,0.2000,3,257
3622,1794976,corner,0,0.1900,3,258
3623,1795507,corner,0,0.1900,3,259
3624,1796544,corner,0,0.1900,3,260
3625,1797896,corner,0,0.1800,3,261
3626,1799248,corner,1,0.1900,3,262
3627,1799426,corner,0,0.1900,3,263
3628,1800362,corner,0,0.1800,3,264
3629,1801559,corner,0,0.1800,3,265
3630,1802911,corner,0,0.1800,3,266
3631,1804263,corner,0,0.1800,3,267
3632,1805615,corner,0,0.1800,3,268
3633,1805997,corner,1,0.1900,3,269
3634,1807349,corner,1,0.2000,3,270
3635,1807452,corner,0,0.2000,3,271
3636,1808804,corner,0,0.2000,3,272
3637,1809509,corner,0,0.1900,3,273
3638,1810633,corner,0,0.1900,3,274
3639,1811985,corner,0,0.1900,3,275
3640,1813337,corner,0,0.1900,3,276
3641,1814689,corner,0,0.1900,3,277
3642,1816041,corner,0,0.1800,3,278
3643,1816728,corner,0,0.1800,3,279
3644,1817603,corner,1,0.1900,3,280
3645,1818506,corner,0,0.1900,3,281
3646,1819408,corner,0,0.1800,3,282
3647,1820760,corner,0,0.1800,3,283
3648,1821098,corner,0,0.1800,3,284
3649,1822450,corner,1,0.1900,3,285
3650,1823474,corner,0,0.1900,3,286
3651,1823833,corner,0,0.1900,3,287
3652,1825056,corner,0,0.1800,3,288
3653,1826408,corner,0,0.1800,3,289
3654,1827760,corner,0,0.1800,3,290
3655,1828361,corner,0,0.1800,3,291
3656,1829713,corner,0,0.1700,3,292
3657,1831065,corner,0,0.1700,3,293
3658,1831423,corner,0,0.1700,3,294
3659,1832775,corner,0,0.1700,3,295
3660,1833120,corner,0,0.1600,3,296
3661,1834472,corner,0,0.1600,3,297
3662,1835824,corner,0,0.1600,3,298
3663,1837176,corner,0,0.1600,3,299
3664,1838326,corner,0,0.1600,3,300
3665,1839558,corner,1,0.1700,3,301
3666,1840910,corner,0,0.1700,3,302
3667,1841828,corner,0,0.1700,3,303
3668,1843180,corner,0,0.1700,3,304
3669,1844145,corner,0,0.1700,3,305
3670,1844639,corner,0,0.1700,3,306
3671,1844787,corner,0,0.1700,3,307
3672,1845324,corner,0,0.1600,3,308
3673,1846676,corner,0,0.1600,3,309
3674,1847194,corner,0,0.1500,3,310
3675,1848051,corner,1,0.1600,3,311
3676,1848229,corner,1,0.1700,3,312
3677,1848936,corner,0,0.1700,3,313
3678,1849315,corner,0,0.1700,3,314
3679,1849428,corner,0,0.1700,3,315
3680,1850780,corner,0,0.1700,3,316
3681,1851915,corner,0,0.1700,3,317
3682,1852030,corner,0,0.1700,3,318
3683,1852518,corner,0,0.1700,3,319
3684,1853398,corner,0,0.1700,3,320
3685,1853753,corner,0,0.1700,3,321
3686,1855105,corner,1,0.1800,3,322
3687,1856007,corner,0,0.1800,3,323
3688,1856796,corner,0,0.1800,3,324
3689,1858074,corner,0,0.1700,3,325
3690,1859426,corner,0,0.1700,3,326
3691,1860580,corner,0,0.1700,3,327
3692,1861932,corner,0,0.1700,3,328
3693,1862804,corner,1,0.1700,3,329
3694,1864156,corner,0,0.1600,3,330
3695,1864879,corner,0,0.1600,3,331
3696,1865646,corner,1,0.1600,3,332
3697,1866998,corner,0,0.1600,3,333
3698,1868350,corner,0,0.1500,3,334
3699,1868845,corner,1,0.1600,3,335
3700,1870197,corner,0,0.1600,3,336
3701,1871549,corner,1,0.1700,3,337
3702,1871724,corner,0,0.1700,3,338
3703,1871897,corner,0,0.1600,3,339
3704,1872557,corner,0,0.1500,3,340
3705,1873909,corner,0,0.1500,3,341
3706,1875261,corner,0,0.1500,3,342
3707,1876122,corner,0,0.1500,3,343
3708,1876521,corner,0,0.1400,3,344
3709,1877431,corner,0,0.1400,3,345
3710,1878783,corner,0,0.1400,3,346
3711,1879836,corner,0,0.1400,3,347
3712,1880414,corner,0,0.1400,3,348
3713,1880771,corner,0,0.1400,3,349
3714,1881251,corner,0,0.1400,3,350
3715,1882603,corner,0,0.1300,3,351
3716,1883955,corner,0,0.1300,3,352
3717,1884527,corner,0,0.1300,3,353
3718,1884707,corner,0,0.1300,3,354
3719,1886059,corner,0,0.1300,3,355
3720,1887411,corner,0,0.1300,3,356
3721,1887512,corner,0,0.1300,3,357
3722,1888864,corner,0,0.1300,3,358
3723,1889034,corner,0,0.1300,3,359
3724,1890386,corner,0,0.1300,3,360
3725,1891454,corner,0,0.1300,3,361
3726,1892639,corner,0,0.1200,3,362
3727,1893399,corner,0,0.1200,3,363
3728,1893741,corner,0,0.1200,3,364
3729,1895093,corner,0,0.1200,3,365
3730,1895642,corner,1,0.1300,3,366
3731,1896522,corner,0,0.1300,3,367
3732,1897874,corner,0,0.1300,3,368
3733,1899226,corner,0,0.1200,3,369
3734,1900099,corner,0,0.1100,3,370
3735,1901451,defensive,0,0.1100,4,1
3736,1901542,defensive,0,0.1100,4,2
3737,1902018,defensive,0,0.1100,4,3
3738,1903370,defensive,1,0.1200,4,4
3739,1904722,defensive,1,0.1300,4,5
3740,1905216,defensive,0,0.1300,4,6
3741,1905674,defensive,1,0.1400,4,7
3742,1906397,defensive,0,0.1400,4,8
3743,1907107,defensive,1,0.1500,4,9
3744,1908459,defensive,0,0.1400,4,10
3745,1909811,defensive,1,0.1500,4,11
3746,1910074,defensive,0,0.1500,4,12
3747,1911426,defensive,1,0.1600,4,13
3748,1912778,defensive,0,0.1600,4,14
3749,1913046,defensive,0,0.1500,4,15
3750,1914398,defensive,0,0.1500,4,16
3751,1915750,defensive,1,0.1600,4,17
3752,1916278,defensive,1,0.1700,4,18
3753,1916435,defensive,1,0.1800,4,19
3754,1917254,defensive,1,0.1900,4,20
3755,1917445,defensive,1,0.2000,4,21
3756,1918029,defensive,0,0.2000,4,22
3757,1918269,defensive,1,0.2100,4,23
3758,1918572,defensive,0,0.2100,4,24
3759,1918729,defensive,1,0.2200,4,25
3760,1919726,defensive,1,0.2300,4,26
3761,1919875,defensive,1,0.2400,4,27
3762,1920033,defensive,1,0.2500,4,28
3763,1920924,defensive,0,0.2500,4,29
3764,1921600,defensive,1,0.2600,4,30
3765,1921881,defensive,0,0.2500,4,31
3766,1923233,defensive,0,0.2500,4,32
3767,1923324,defensive,0,0.2500,4,33
3768,1923659,defensive,1,0.2600,4,34
3769,1923849,defensive,1,0.2700,4,35
3770,1925201,defensive,1,0.2800,4,36
3771,1925503,defensive,0,0.2800,4,37
3772,1925651,defensive,1,0.2900,4,38
3773,1926213,defensive,0,0.2900,4,39
3774,1926459,defensive,0,0.2900,4,40
3775,1926803,defensive,1,0.2900,4,41
3776,1927426,defensive,1,0.2900,4,42
3777,1928104,defensive,0,0.2900,4,43
3778,1928478,defensive,1,0.3000,4,44
3779,1929830,defensive,1,0.3100,4,45
3780,1931021,defensive,1,0.3200,4,46
3781,1932273,defensive,0,0.3200,4,47
3782,1933625,defensive,1,0.3300,4,48
3783,1933791,defensive,1,0.3400,4,49
3784,1935142,defensive,0,0.3400,4,50
3785,1936494,defensive,1,0.3500,4,51
3786,1937110,defensive,0,0.3400,4,52
3787,1938462,defensive,1,0.3500,4,53
3788,1938549,defensive,0,0.3500,4,54
3789,1939696,defensive,0,0.3500,4,55
3790,1939793,defensive,0,0.3500,4,56
3791,1941145,defensive,1,0.3600,4,57
3792,1942497,defensive,0,0.3600,4,58
3793,1943451,defensive,1,0.3600,4,59
3794,1943851,defensive,1,0.3700,4,60
3795,1945203,defensive,0,0.3700,4,61
3796,1946225,defensive,1,0.3700,4,62
3797,1946401,defensive,1,0.3800,4,63
3798,1947366,defensive,0,0.3800,4,64
3799,1947895,defensive,0,0.3700,4,65
3800,1948303,defensive,1,0.3800,4,66
3801,1949655,defensive,0,0.3700,4,67
3802,1950219,defensive,0,0.3700,4,68
3803,1951518,defensive,0,0.3700,4,69
3804,1952870,defensive,0,0.3700,4,70
3805,1953416,defensive,1,0.3800,4,71
3806,1954768,defensive,1,0.3900,4,72
3807,1955774,defensive,1,0.4000,4,73
3808,1957097,defensive,0,0.4000,4,74
3809,1957188,defensive,0,0.4000,4,75
3810,1958540,defensive,1,0.4100,4,76
3811,1958707,defensive,1,0.4200,4,77
3812,1959842,defensive,1,0.4300,4,78
3813,1960482,defensive,0,0.4300,4,79
3814,1960666,defensive,1,0.4400,4,80
3815,1962018,defensive,1,0.4500,4,81
3816,1962833,defensive,0,0.4500,4,82
3817,1962962,defensive,1,0.4600,4,83
3818,1963153,defensive,1,0.4700,4,84
3819,1964505,defensive,1,0.4800,4,85
3820,1965269,defensive,0,0.4800,4,86
3821,1966621,defensive,0,0.4800,4,87
3822,1967973,defensive,1,0.4900,4,88
3823,1969291,defensive,0,0.4900,4,89
3824,1969405,defensive,0,0.4900,4,90
3825,1970051,defensive,1,0.5000,4,91
3826,1970199,defensive,0,0.5000,4,92
3827,1970778,defensive,1,0.5100,4,93
3828,1972130,defensive,1,0.5200,4,94
3829,1973482,defensive,1,0.5300,4,95
3830,1974025,defensive,1,0.5300,4,96
3831,1975377,defensive,1,0.5400,4,97
3832,1976729,defensive,0,0.5400,4,98
3833,1977220,defensive,0,0.5400,4,99
3834,1977713,defensive,1,0.5500,4,100
3835,1978410,defensive,0,0.5500,4,101
3836,1979739,defensive,0,0.5500,4,102
3837,1979919,defensive,1,0.5600,4,103
3838,1981271,defensive,0,0.5500,4,104
3839,1981359,defensive,0,0.5400,4,105
3840,1982711,defensive,0,0.5400,4,106
3841,1984063,defensive,0,0.5300,4,107
3842,1984792,defensive,0,0.5300,4,108
3843,1986144,defensive,1,0.5300,4,109
3844,1987496,defensive,1,0.5400,4,110
3845,1988848,defensive,1,0.5400,4,111
3846,1990130,defensive,1,0.5500,4,112
3847,1991482,defensive,0,0.5400,4,113
3848,1992834,defensive,1,0.5500,4,114
3849,1992927,defensive,0,0.5500,4,115
3850,1993557,defensive,0,0.5500,4,116
3851,1993652,defensive,0,0.5400,4,117
3852,1994972,defensive,1,0.5400,4,118
3853,1996324,defensive,0,0.5300,4,119
3854,1996415,defensive,0,0.5200,4,120
3855,1997284,defensive,0,0.5100,4,121
3856,1998636,defensive,1,0.5200,4,122
3857,1999988,defensive,1,0.5200,4,123
3858,2000677,defensive,1,0.5300,4,124
3859,2002029,defensive,0,0.5200,4,125
3860,2002817,defensive,1,0.5200,4,126
3861,2004169,defensive,0,0.5100,4,127
3862,2004829,defensive,1,0.5100,4,128
3863,2005673,defensive,1,0.5200,4,129
3864,2006678,defensive,1,0.5200,4,130
3865,2008030,defensive,1,0.5300,4,131
3866,2008219,defensive,1,0.5400,4,132
3867,2009571,defensive,0,0.5400,4,133
3868,2009978,defensive,1,0.5400,4,134
3869,2011330,defensive,1,0.5400,4,135
3870,2012682,defensive,1,0.5400,4,136
3871,2012864,defensive,1,0.5500,4,137
3872,2013210,defensive,1,0.5500,4,138
3873,2014562,defensive,0,0.5500,4,139
3874,2014744,defensive,1,0.5600,4,140
3875,2015779,defensive,1,0.5600,4,141
3876,2016071,defensive,1,0.5600,4,142
3877,2016749,defensive,1,0.5700,4,143
3878,2017320,defensive,1,0.5700,4,144
3879,2018672,defensive,0,0.5600,4,145
3880,2019070,defensive,0,0.5500,4,146
3881,2019810,defensive,1,0.5600,4,147
3882,2021162,defensive,0,0.5500,4,148
3883,2021576,defensive,1,0.5500,4,149
3884,2022928,defensive,1,0.5600,4,150
3885,2023477,defensive,1,0.5600,4,151
3886,2023894,defensive,1,0.5700,4,152
3887,2024535,defensive,1,0.5700,4,153
3888,2025388,defensive,0,0.5700,4,154
3889,2026537,defensive,1,0.5800,4,155
3890,2027150,defensive,1,0.5900,4,156
3891,2027488,defensive,0,0.5800,4,157
3892,2028009,defensive,1,0.5900,4,158
3893,2029361,defensive,1,0.5900,4,159
3894,2029535,defensive,1,0.5900,4,160
3895,2029677,defensive,1,0.6000,4,161
3896,2030581,defensive,1,0.6000,4,162
3897,2031653,defensive,1,0.6000,4,163
3898,2032055,defensive,1,0.6100,4,164
3899,2032796,defensive,1,0.6200,4,165
3900,2033542,defensive,1,0.6200,4,166
3901,2034332,defensive,1,0.6300,4,167
3902,2034771,defensive,0,0.6300,4,168
3903,2034963,defensive,1,0.6400,4,169
3904,2035834,defensive,1,0.6500,4,170
3905,2037175,defensive,0,0.6400,4,171
3906,2037735,defensive,1,0.6400,4,172
3907,2038455,defensive,1,0.6400,4,173
3908,2039137,defensive,1,0.6500,4,174
3909,2039495,defensive,1,0.6600,4,175
3910,2039586,defensive,0,0.6500,4,176
3911,2039790,defensive,1,0.6500,4,177
3912,2040062,defensive,0,0.6400,4,178
3913,2040906,defensive,1,0.6500,4,179
3914,2041463,defensive,1,0.6500,4,180
3915,2042359,defensive,1,0.6500,4,181
3916,2043642,defensive,0,0.6500,4,182
3917,2044053,defensive,1,0.6500,4,183
3918,2044266,defensive,1,0.6500,4,184
3919,2044758,defensive,1,0.6500,4,185
3920,2044968,defensive,1,0.6600,4,186
3921,2045378,defensive,1,0.6700,4,187
3922,2045515,defensive,1,0.6700,4,188
3923,2045801,defensive,1,0.6800,4,189
3924,2047153,defensive,0,0.6800,4,190
3925,2047503,defensive,0,0.6700,4,191
3926,2047649,defensive,1,0.6800,4,192
3927,2047786,defensive,1,0.6800,4,193
3928,2048128,defensive,1,0.6800,4,194
3929,2048325,defensive,1,0.6800,4,195
3930,2048848,defensive,1,0.6800,4,196
3931,2049221,defensive,1,0.6800,4,197
3932,2050229,defensive,1,0.6900,4,198
3933,2051103,defensive,1,0.7000,4,199
3934,2051494,defensive,1,0.7000,4,200
3935,2052743,defensive,0,0.7000,4,201
3936,2052955,defensive,1,0.7100,4,202
3937,2054239,defensive,1,0.7100,4,203
3938,2054505,defensive,0,0.7100,4,204
3939,2054685,defensive,1,0.7200,4,205
3940,2056037,defensive,1,0.7300,4,206
3941,2057083,defensive,1,0.7400,4,207
3942,2057284,defensive,1,0.7500,4,208
3943,2058262,defensive,1,0.7500,4,209
3944,2058437,defensive,1,0.7500,4,210
3945,2059161,defensive,1,0.7500,4,211
3946,2059883,defensive,1,0.7500,4,212
3947,2060280,defensive,1,0.7600,4,213
3948,2061490,defensive,1,0.7600,4,214
3949,2062452,defensive,0,0.7600,4,215
3950,2062969,defensive,1,0.7700,4,216
3951,2063683,defensive,1,0.7800,4,217
3952,2063772,defensive,0,0.7700,4,218
3953,2064073,defensive,0,0.7700,4,219
3954,2065275,defensive,1,0.7800,4,220
3955,2065374,defensive,0,0.7800,4,221
3956,2065756,defensive,1,0.7800,4,222
3957,2066080,defensive,1,0.7800,4,223
3958,2066218,defensive,1,0.7800,4,224
3959,2066402,defensive,1,0.7900,4,225
3960,2066602,defensive,1,0.7900,4,226
3961,2066949,defensive,1,0.8000,4,227
3962,2067527,defensive,1,0.8000,4,228
3963,2068018,defensive,1,0.8000,4,229
3964,2068407,defensive,1,0.8000,4,230
3965,2068594,defensive,1,0.8000,4,231
3966,2069019,defensive,0,0.7900,4,232
3967,2069168,defensive,1,0.8000,4,233
3968,2069549,defensive,1,0.8000,4,234
3969,2070380,defensive,1,0.8000,4,235
3970,2070600,defensive,0,0.7900,4,236
3971,2071136,defensive,1,0.7900,4,237
3972,2071995,defensive,1,0.7900,4,238
3973,2072178,defensive,1,0.8000,4,239
3974,2072582,defensive,1,0.8000,4,240
3975,2072758,defensive,1,0.8000,4,241
3976,2072854,defensive,0,0.7900,4,242
3977,2073190,defensive,1,0.7900,4,243
3978,2073588,defensive,1,0.7900,4,244
3979,2073943,defensive,1,0.8000,4,245
3980,2075084,defensive,1,0.8100,4,246
3981,2075470,defensive,1,0.8100,4,247
3982,2075982,defensive,1,0.8200,4,248
3983,2076550,defensive,1,0.8200,4,249
3984,2076946,defensive,1,0.8200,4,250
3985,2077560,defensive,1,0.8200,4,251
3986,2078490,defensive,1,0.8200,4,252
3987,2078833,defensive,1,0.8200,4,253
3988,2078966,defensive,1,0.8300,4,254
3989,2079339,defensive,1,0.8300,4,255
3990,2079516,defensive,1,0.8300,4,256
3991,2079651,defensive,1,0.8400,4,257
3992,2080207,defensive,1,0.8400,4,258
3993,2080365,defensive,1,0.8400,4,259
3994,2080493,defensive,1,0.8400,4,260
3995,2080700,defensive,1,0.8400,4,261
3996,2080792,defensive,0,0.8300,4,262
3997,2081212,defensive,1,0.8300,4,263
3998,2081963,defensive,1,0.8300,4,264
3999,2082106,defensive,1,0.8300,4,265
4000,2082265,defensive,1,0.8300,4,266
4001,2082614,defensive,1,0.8300,4,267
4002,2082899,defensive,0,0.8300,4,268
4003,2083400,defensive,1,0.8300,4,269
4004,2083542,defensive,1,0.8300,4,270
4005,2083838,defensive,0,0.8300,4,271
4006,2083985,defensive,1,0.8300,4,272
4007,2084126,defensive,1,0.8300,4,273
4008,2084271,defensive,1,0.8300,4,274
4009,2084576,defensive,1,0.8300,4,275
4010,2084751,defensive,1,0.8400,4,276
4011,2084922,defensive,1,0.8400,4,277
4012,2085106,defensive,1,0.8500,4,278
4013,2085435,defensive,1,0.8500,4,279
4014,2085720,defensive,1,0.8500,4,280
4015,2086370,defensive,1,0.8500,4,281
4016,2086552,defensive,1,0.8600,4,282
4017,2086795,defensive,1,0.8600,4,283
4018,2087400,defensive,1,0.8600,4,284
4019,2087574,defensive,1,0.8600,4,285
4020,2087947,defensive,1,0.8600,4,286
4021,2088108,defensive,1,0.8600,4,287
4022,2088276,defensive,1,0.8600,4,288
4023,2088544,defensive,0,0.8500,4,289
4024,2088640,defensive,0,0.8500,4,290
4025,2089018,defensive,1,0.8600,4,291
4026,2089114,defensive,0,0.8500,4,292
4027,2089285,defensive,1,0.8500,4,293
4028,2089480,defensive,1,0.8500,4,294
4029,2089944,defensive,0,0.8400,4,295
4030,2090280,defensive,1,0.8400,4,296
4031,2090949,defensive,1,0.8400,4,297
4032,2091076,defensive,1,0.8400,4,298
4033,2091842,defensive,1,0.8400,4,299
4034,2091997,defensive,1,0.8400,4,300
4035,2093037,defensive,0,0.8400,4,301
4036,2093492,defensive,1,0.8400,4,302
4037,2093665,defensive,1,0.8400,4,303
4038,2094009,defensive,1,0.8500,4,304
4039,2094108,defensive,0,0.8400,4,305
4040,2094978,defensive,1,0.8400,4,306
4041,2095524,defensive,1,0.8400,4,307
4042,2095821,defensive,1,0.8400,4,308
4043,2096199,defensive,1,0.8400,4,309
4044,2096412,defensive,0,0.8300,4,310
4045,2096585,defensive,1,0.8300,4,311
4046,2096833,defensive,0,0.8200,4,312
4047,2098185,defensive,1,0.8200,4,313
4048,2098575,defensive,1,0.8200,4,314
4049,2099224,defensive,1,0.8300,4,315
4050,2099398,defensive,1,0.8300,4,316
4051,2099574,defensive,1,0.8300,4,317
4052,2099773,defensive,1,0.8400,4,318
4053,2100235,defensive,1,0.8500,4,319
4054,2100325,defensive,0,0.8400,4,320
4055,2100814,defensive,1,0.8500,4,321
4056,2101326,defensive,1,0.8500,4,322
4057,2102487,defensive,1,0.8500,4,323
4058,2103420,defensive,1,0.8500,4,324
4059,2103655,defensive,1,0.8500,4,325
4060,2104039,defensive,1,0.8500,4,326
4061,2104224,defensive,1,0.8500,4,327
4062,2104323,defensive,0,0.8400,4,328
4063,2104605,defensive,0,0.8300,4,329
4064,2104763,defensive,1,0.8300,4,330
4065,2104957,defensive,1,0.8300,4,331
4066,2105521,defensive,1,0.8400,4,332
4067,2105880,defensive,1,0.8400,4,333
4068,2105970,defensive,0,0.8300,4,334
4069,2106217,defensive,1,0.8300,4,335
4070,2106410,defensive,1,0.8400,4,336
4071,2106598,defensive,1,0.8400,4,337
4072,2107025,defensive,1,0.8400,4,338
4073,2107195,defensive,1,0.8400,4,339
4074,2107289,defensive,0,0.8300,4,340
4075,2107661,defensive,1,0.8300,4,341
4076,2108139,defensive,1,0.8400,4,342
4077,2108566,defensive,1,0.8400,4,343
4078,2109689,defensive,1,0.8400,4,344
4079,2109851,defensive,1,0.8400,4,345
4080,2110435,defensive,1,0.8400,4,346
4081,2110532,defensive,0,0.8300,4,347
4082,2110855,defensive,1,0.8300,4,348
4083,2111025,defensive,1,0.8300,4,349
4084,2111136,defensive,0,0.8200,4,350
4085,2111279,defensive,1,0.8200,4,351
4086,2111468,defensive,1,0.8200,4,352
4087,2112256,defensive,0,0.8100,4,353
4088,2112448,defensive,1,0.8100,4,354
4089,2113372,defensive,1,0.8100,4,355
4090,2113768,defensive,1,0.8100,4,356
4091,2114196,defensive,1,0.8100,4,357
4092,2114375,defensive,1,0.8100,4,358
4093,2114536,defensive,1,0.8100,4,359
4094,2114726,defensive,1,0.8100,4,360
4095,2115148,defensive,1,0.8100,4,361
4096,2115330,defensive,1,0.8200,4,362
4097,2115513,defensive,1,0.8200,4,363
4098,2115877,defensive,1,0.8200,4,364
4099,2116246,defensive,1,0.8200,4,365
4100,2116419,defensive,1,0.8200,4,366
4101,2116595,defensive,1,0.8200,4,367
4102,2116737,defensive,1,0.8300,4,368
4103,2117811,defensive,1,0.8300,4,369
4104,2117981,defensive,1,0.8300,4,370
4105,2118185,defensive,1,0.8400,4,371
4106,2118466,defensive,0,0.8300,4,372
4107,2118649,defensive,1,0.8300,4,373
4108,2118746,defensive,0,0.8200,4,374
4109,2119356,defensive,1,0.8200,4,375
4110,2119496,defensive,1,0.8200,4,376
4111,2119640,defensive,1,0.8200,4,377
4112,2119817,defensive,1,0.8200,4,378
4113,2119959,defensive,1,0.8200,4,379
4114,2120551,defensive,1,0.8200,4,380
4115,2120725,defensive,1,0.8200,4,381
4116,2120814,defensive,0,0.8100,4,382
4117,2121019,defensive,1,0.8100,4,383
4118,2121210,defensive,1,0.8100,4,384
4119,2121981,defensive,1,0.8100,4,385
4120,2122067,defensive,0,0.8000,4,386
4121,2122225,defensive,1,0.8000,4,387
4122,2122717,defensive,1,0.8000,4,388
4123,2123217,defensive,1,0.8100,4,389
4124,2123324,defensive,0,0.8100,4,390
4125,2124155,defensive,1,0.8100,4,391
4126,2124319,defensive,1,0.8200,4,392
4127,2124509,defensive,1,0.8200,4,393
4128,2125009,defensive,1,0.8200,4,394
4129,2125101,defensive,0,0.8200,4,395
4130,2125230,defensive,1,0.8200,4,396
4131,2125442,defensive,1,0.8200,4,397
4132,2125607,defensive,1,0.8200,4,398
4133,2125703,defensive,0,0.8100,4,399
4134,2125800,defensive,0,0.8000,4,400
4135,2125898,defensive,0,0.8000,4,401
4136,2125997,defensive,0,0.7900,4,402
4137,2126292,defensive,0,0.7800,4,403
4138,2126488,defensive,1,0.7800,4,404
4139,2126657,defensive,1,0.7900,4,405
4140,2126752,defensive,1,0.7900,4,406
4141,2126979,defensive,1,0.7900,4,407
4142,2127117,defensive,1,0.7900,4,408
4143,2127244,defensive,1,0.7900,4,409
4144,2127397,defensive,1,0.8000,4,410
4145,2127569,defensive,1,0.8000,4,411
4146,2127663,defensive,0,0.8000,4,412
4147,2127765,defensive,0,0.7900,4,413
4148,2127962,defensive,1,0.7900,4,414
4149,2129147,defensive,1,0.7900,4,415
4150,2129663,defensive,1,0.7900,4,416
4151,2129835,defensive,1,0.7900,4,417
4152,2129927,defensive,0,0.7800,4,418
4153,2130552,defensive,1,0.7800,4,419
4154,2131302,defensive,1,0.7900,4,420
4155,2131490,defensive,1,0.7900,4,421
4156,2131673,defensive,1,0.7900,4,422
4157,2132084,defensive,1,0.7900,4,423
4158,2132199,defensive,0,0.7800,4,424
4159,2132393,defensive,1,0.7800,4,425
4160,2132683,defensive,0,0.7700,4,426
4161,2132864,defensive,1,0.7700,4,427
4162,2133108,defensive,0,0.7700,4,428
4163,2133709,defensive,1,0.7800,4,429
4164,2134277,defensive,1,0.7800,4,430
4165,2134425,defensive,1,0.7800,4,431
4166,2134596,defensive,1,0.7800,4,432
4167,2134757,defensive,1,0.7800,4,433
4168,2135096,defensive,1,0.7900,4,434
4169,2135309,defensive,1,0.7900,4,435
4170,2135477,defensive,1,0.7900,4,436
4171,2135574,defensive,0,0.7800,4,437
4172,2135676,defensive,1,0.7800,4,438
4173,2136064,defensive,1,0.7800,4,439
4174,2136250,defensive,1,0.7900,4,440
4175,2136799,defensive,1,0.7900,4,441
4176,2136901,defensive,0,0.7800,4,442
4177,2137098,defensive,1,0.7800,4,443
4178,2137246,defensive,1,0.7800,4,444
4179,2137359,defensive,0,0.7700,4,445
4180,2137663,defensive,0,0.7600,4,446
4181,2137813,defensive,1,0.7700,4,447
4182,2137902,defensive,1,0.7700,4,448
4183,2138294,defensive,1,0.7700,4,449
4184,2138558,defensive,0,0.7700,4,450
4185,2138750,defensive,1,0.7700,4,451
4186,2139200,defensive,1,0.7700,4,452
4187,2139339,defensive,1,0.7800,4,453
4188,2139536,defensive,1,0.7800,4,454
4189,2139728,defensive,1,0.7800,4,455
4190,2139865,defensive,1,0.7800,4,456
4191,2140243,defensive,1,0.7800,4,457
4192,2140427,defensive,1,0.7800,4,458
4193,2140525,defensive,0,0.7700,4,459
4194,2141030,defensive,1,0.7700,4,460
4195,2141194,defensive,1,0.7700,4,461
4196,2141621,defensive,1,0.7700,4,462
4197,2142098,defensive,1,0.7700,4,463
4198,2142393,defensive,1,0.7700,4,464
4199,2142578,defensive,1,0.7700,4,465
4200,2143140,defensive,1,0.7700,4,466
4201,2143308,defensive,1,0.7700,4,467
4202,2143473,defensive,1,0.7700,4,468
4203,2143615,defensive,1,0.7700,4,469
4204,2143985,defensive,1,0.7700,4,470
4205,2144132,defensive,1,0.7700,4,471
4206,2144323,defensive,1,0.7800,4,472
4207,2144448,defensive,1,0.7800,4,473
4208,2144597,defensive,1,0.7900,4,474
4209,2144697,defensive,0,0.7800,4,475
4210,2144795,defensive,0,0.7700,4,476
4211,2144970,defensive,1,0.7700,4,477
4212,2145344,defensive,1,0.7700,4,478
4213,2145513,defensive,1,0.7700,4,479
4214,2146006,defensive,0,0.7600,4,480
4215,2146141,defensive,1,0.7600,4,481
4216,2146433,defensive,1,0.7700,4,482
4217,2146526,defensive,1,0.7700,4,483
4218,2146717,defensive,1,0.7700,4,484
4219,2146887,defensive,1,0.7700,4,485
4220,2146982,defensive,0,0.7700,4,486
4221,2147171,defensive,1,0.7700,4,487
4222,2147356,defensive,1,0.7700,4,488
4223,2147447,defensive,0,0.7600,4,489
4224,2147634,defensive,1,0.7700,4,490
4225,2148507,defensive,1,0.7700,4,491
4226,2148658,defensive,1,0.7700,4,492
4227,2149036,defensive,1,0.7700,4,493
4228,2149130,defensive,0,0.7600,4,494
4229,2149315,defensive,1,0.7700,4,495
4230,2149526,defensive,1,0.7700,4,496
4231,2149679,defensive,1,0.7700,4,497
4232,2149782,defensive,0,0.7600,4,498
4233,2149869,defensive,0,0.7600,4,499
4234,2150063,defensive,1,0.7700,4,500
4235,2150168,defensive,1,0.7800,4,501
4236,2150306,defensive,1,0.7900,4,502
4237,2150586,defensive,0,0.7900,4,503
4238,2150742,defensive,1,0.7900,4,504
4239,2150838,defensive,0,0.7800,4,505
4240,2151047,defensive,1,0.7800,4,506
4241,2151374,defensive,1,0.7800,4,507
4242,2151542,defensive,1,0.7800,4,508
4243,2151726,defensive,1,0.7800,4,509
4244,2151920,defensive,1,0.7800,4,510
4245,2152116,defensive,1,0.7800,4,511
4246,2152209,defensive,1,0.7900,4,512
4247,2152571,defensive,1,0.8000,4,513
4248,2152794,defensive,1,0.8000,4,514
4249,2152880,defensive,0,0.7900,4,515
4250,2153439,defensive,1,0.7900,4,516
4251,2153538,defensive,0,0.7800,4,517
4252,2153702,defensive,1,0.7900,4,518
4253,2153875,defensive,1,0.7900,4,519
4254,2154063,defensive,1,0.7900,4,520
4255,2154246,defensive,1,0.7900,4,521
4256,2154397,defensive,1,0.7900,4,522
4257,2154546,defensive,1,0.7900,4,523
4258,2154739,defensive,1,0.8000,4,524
4259,2155009,defensive,0,0.7900,4,525
4260,2155197,defensive,1,0.8000,4,526
4261,2155407,defensive,1,0.8000,4,527
4262,2155498,defensive,0,0.8000,4,528
4263,2155596,defensive,0,0.7900,4,529
4264,2155774,defensive,1,0.7900,4,530
4265,2156039,defensive,0,0.7800,4,531
4266,2156242,defensive,1,0.7800,4,532
4267,2156754,defensive,1,0.7800,4,533
4268,2156931,defensive,1,0.7800,4,534
4269,2157109,defensive,1,0.7800,4,535
4270,2157207,defensive,1,0.7800,4,536
4271,2157314,defensive,0,0.7800,4,537
4272,2157516,defensive,1,0.7800,4,538
4273,2157662,defensive,1,0.7800,4,539
4274,2157760,defensive,0,0.7700,4,540
4275,2157912,defensive,1,0.7700,4,541
4276,2158091,defensive,1,0.7800,4,542
4277,2158291,defensive,1,0.7800,4,543
4278,2158941,defensive,1,0.7800,4,544
4279,2159035,defensive,0,0.7800,4,545
4280,2159184,defensive,1,0.7900,4,546
4281,2159732,defensive,0,0.7800,4,547
4282,2159912,defensive,1,0.7800,4,548
4283,2160012,defensive,0,0.7700,4,549
4284,2160289,defensive,1,0.7800,4,550
4285,2160457,defensive,1,0.7800,4,551
4286,2160537,defensive,1,0.7800,4,552
4287,2160639,defensive,0,0.7700,4,553
4288,2160909,defensive,1,0.7700,4,554
4289,2161047,defensive,1,0.7700,4,555
4290,2161247,defensive,1,0.7700,4,556
4291,2161621,defensive,1,0.7700,4,557
4292,2161809,defensive,1,0.7700,4,558
4293,2161942,defensive,1,0.7800,4,559
4294,2162279,defensive,1,0.7800,4,560
4295,2162364,defensive,0,0.7700,4,561
4296,2162496,defensive,1,0.7700,4,562
4297,2162657,defensive,1,0.7700,4,563
4298,2162825,defensive,1,0.7700,4,564
4299,2162963,defensive,1,0.7700,4,565
4300,2163054,defensive,0,0.7600,4,566
4301,2163236,defensive,1,0.7600,4,567
4302,2163325,defensive,0,0.7500,4,568
4303,2163514,defensive,1,0.7500,4,569
4304,2163614,defensive,1,0.7500,4,570
4305,2163702,defensive,0,0.7400,4,571
4306,2163790,defensive,0,0.7300,4,572
4307,2163885,defensive,0,0.7200,4,573
4308,2164094,defensive,1,0.7200,4,574
4309,2164248,defensive,1,0.7300,4,575
4310,2164345,defensive,0,0.7300,4,576
4311,2164528,defensive,1,0.7300,4,577
4312,2164684,defensive,1,0.7300,4,578
4313,2164776,defensive,0,0.7200,4,579
4314,2164917,defensive,1,0.7300,4,580
4315,2165461,defensive,0,0.7200,4,581
4316,2165720,defensive,0,0.7100,4,582
4317,2165880,defensive,1,0.7100,4,583
4318,2166034,defensive,1,0.7100,4,584
4319,2166145,defensive,0,0.7000,4,585
4320,2166495,defensive,1,0.7100,4,586
4321,2166638,defensive,1,0.7100,4,587
4322,2166813,defensive,1,0.7100,4,588
4323,2166972,defensive,1,0.7200,4,589
4324,2167163,defensive,1,0.7200,4,590
4325,2167601,defensive,1,0.7200,4,591
4326,2167775,defensive,1,0.7200,4,592
4327,2167980,defensive,1,0.7200,4,593
4328,2168346,defensive,1,0.7300,4,594
4329,2168500,defensive,1,0.7300,4,595
4330,2168706,defensive,1,0.7300,4,596
4331,2168799,defensive,0,0.7200,4,597
4332,2169128,defensive,1,0.7300,4,598
4333,2169302,defensive,1,0.7400,4,599
4334,2169396,defensive,0,0.7300,4,600
4335,2169777,defensive,1,0.7300,4,601
4336,2169962,defensive,1,0.7300,4,602
4337,2170132,defensive,1,0.7400,4,603
4338,2170287,defensive,1,0.7400,4,604
4339,2170474,defensive,1,0.7500,4,605
4340,2170698,defensive,1,0.7500,4,606
4341,2170930,defensive,1,0.7500,4,607
4342,2171291,defensive,1,0.7500,4,608
4343,2171470,defensive,1,0.7500,4,609
4344,2171560,defensive,0,0.7400,4,610
4345,2171656,defensive,0,0.7300,4,611
4346,2171864,defensive,1,0.7300,4,612
4347,2172055,defensive,1,0.7300,4,613
4348,2172204,defensive,1,0.7300,4,614
4349,2172331,defensive,1,0.7400,4,615
4350,2172425,defensive,0,0.7300,4,616
4351,2172513,defensive,0,0.7300,4,617
4352,2172699,defensive,1,0.7300,4,618
4353,2172841,defensive,1,0.7300,4,619
4354,2173149,defensive,1,0.7300,4,620
4355,2173466,defensive,1,0.7300,4,621
4356,2173863,defensive,1,0.7300,4,622
4357,2174005,defensive,1,0.7300,4,623
4358,2174337,defensive,1,0.7300,4,624
4359,2174497,defensive,1,0.7400,4,625
4360,2174640,defensive,1,0.7400,4,626
4361,2174842,defensive,1,0.7400,4,627
4362,2174980,defensive,1,0.7500,4,628
4363,2175140,defensive,1,0.7600,4,629
4364,2175414,defensive,1,0.7600,4,630
4365,2175619,defensive,1,0.7700,4,631
4366,2175777,defensive,1,0.7700,4,632
4367,2176034,defensive,0,0.7600,4,633
4368,2176374,defensive,1,0.7600,4,634
4369,2176526,defensive,1,0.7600,4,635
4370,2176826,defensive,1,0.7600,4,636
4371,2177010,defensive,1,0.7700,4,637
4372,2177180,defensive,1,0.7700,4,638
4373,2177357,defensive,1,0.7700,4,639
4374,2177557,defensive,1,0.7800,4,640
4375,2177753,defensive,1,0.7800,4,641
4376,2178121,defensive,1,0.7800,4,642
4377,2178432,defensive,1,0.7800,4,643
4378,2178737,defensive,1,0.7800,4,644
4379,2178885,defensive,1,0.7900,4,645
4380,2179032,defensive,1,0.7900,4,646
4381,2179730,defensive,1,0.8000,4,647
4382,2179886,defensive,1,0.8000,4,648
4383,2180047,defensive,1,0.8100,4,649
4384,2180375,defensive,1,0.8100,4,650
4385,2180527,defensive,1,0.8100,4,651
4386,2180622,defensive,0,0.8000,4,652
4387,2180813,defensive,1,0.8100,4,653
4388,2181087,defensive,0,0.8000,4,654
4389,2181231,defensive,1,0.8000,4,655
4390,2181332,defensive,0,0.7900,4,656
4391,2181425,defensive,0,0.7800,4,657
4392,2181582,defensive,1,0.7800,4,658
4393,2181774,defensive,1,0.7800,4,659
4394,2181939,defensive,1,0.7800,4,660
4395,2182082,defensive,1,0.7900,4,661
4396,2182391,defensive,0,0.7800,4,662
4397,2182600,defensive,1,0.7800,4,663
4398,2182757,defensive,1,0.7800,4,664
4399,2183185,defensive,0,0.7700,4,665
4400,2183368,defensive,1,0.7800,4,666
4401,2183689,defensive,1,0.7800,4,667
4402,2183869,defensive,1,0.7900,4,668
4403,2184016,defensive,1,0.7900,4,669
4404,2184374,defensive,0,0.7800,4,670
4405,2184563,defensive,1,0.7900,4,671
4406,2184698,defensive,1,0.8000,4,672
4407,2185235,defensive,1,0.8100,4,673
4408,2185337,defensive,0,0.8000,4,674
4409,2185663,defensive,0,0.7900,4,675
4410,2185813,defensive,1,0.8000,4,676
4411,2186000,defensive,1,0.8000,4,677
4412,2186090,defensive,0,0.7900,4,678
4413,2186362,defensive,0,0.7900,4,679
4414,2186466,defensive,0,0.7800,4,680
4415,2186776,defensive,1,0.7900,4,681
4416,2186954,defensive,1,0.8000,4,682
4417,2187402,defensive,1,0.8000,4,683
4418,2187540,defensive,1,0.8000,4,684
4419,2187633,defensive,0,0.8000,4,685
4420,2187793,defensive,1,0.8000,4,686
4421,2187972,defensive,1,0.8000,4,687
4422,2188070,defensive,0,0.7900,4,688
4423,2188256,defensive,1,0.7900,4,689
4424,2188382,defensive,1,0.7900,4,690
4425,2188588,defensive,1,0.7900,4,691
4426,2188764,defensive,1,0.7900,4,692
4427,2188936,defensive,1,0.7900,4,693
4428,2189126,defensive,1,0.7900,4,694
4429,2189222,defensive,0,0.7800,4,695
4430,2189407,defensive,1,0.7800,4,696
4431,2189687,defensive,1,0.7900,4,697
4432,2189881,defensive,1,0.7900,4,698
4433,2190299,defensive,1,0.7900,4,699
4434,2190439,defensive,1,0.8000,4,700
4435,2190678,defensive,1,0.8000,4,701
4436,2190890,defensive,1,0.8000,4,702
4437,2191096,defensive,1,0.8000,4,703
4438,2191191,defensive,0,0.7900,4,704
4439,2191285,defensive,0,0.7800,4,705
4440,2191593,defensive,1,0.7800,4,706
4441,2191795,defensive,1,0.7800,4,707
4442,2192256,defensive,1,0.7800,4,708
4443,2192440,defensive,1,0.7800,4,709
4444,2192631,defensive,1,0.7900,4,710
4445,2192793,defensive,1,0.8000,4,711
4446,2192964,defensive,1,0.8000,4,712
4447,2193151,defensive,1,0.8000,4,713
4448,2193245,defensive,0,0.7900,4,714
4449,2193349,defensive,0,0.7800,4,715
4450,2193518,defensive,1,0.7900,4,716
4451,2193672,defensive,1,0.8000,4,717
4452,2194193,defensive,1,0.8000,4,718
4453,2194355,defensive,1,0.8000,4,719
4454,2194646,defensive,1,0.8000,4,720
4455,2194730,defensive,0,0.7900,4,721
4456,2194888,defensive,1,0.7900,4,722
4457,2195045,defensive,1,0.7900,4,723
4458,2195734,defensive,1,0.7900,4,724
4459,2195877,defensive,1,0.7900,4,725
4460,2196033,defensive,1,0.7900,4,726
4461,2196215,defensive,1,0.7900,4,727
4462,2196366,defensive,1,0.7900,4,728
4463,2196724,defensive,1,0.7900,4,729
4464,2196891,defensive,1,0.7900,4,730
4465,2197024,defensive,1,0.7900,4,731
4466,2197177,defensive,1,0.7900,4,732
4467,2197327,defensive,1,0.8000,4,733
4468,2197434,defensive,0,0.7900,4,734
4469,2197578,defensive,1,0.7900,4,735
4470,2197913,defensive,1,0.7900,4,736
4471,2198097,defensive,1,0.7900,4,737
4472,2198485,defensive,1,0.7900,4,738
4473,2198734,defensive,1,0.7900,4,739
4474,2198930,defensive,1,0.7900,4,740
4475,2199086,defensive,1,0.7900,4,741
4476,2199382,defensive,1,0.7900,4,742
4477,2199665,defensive,1,0.7900,4,743
4478,2199840,defensive,1,0.7900,4,744
4479,2200015,defensive,1,0.7900,4,745
4480,2200176,defensive,1,0.7900,4,746
4481,2200329,defensive,1,0.7900,4,747
4482,2200617,defensive,1,0.7900,4,748
4483,2200770,defensive,1,0.7900,4,749
4484,2200860,defensive,0,0.7800,4,750
4485,2200958,defensive,0,0.7700,4,751
4486,2201148,defensive,1,0.7800,4,752
4487,2201338,defensive,1,0.7800,4,753
4488,2201523,defensive,1,0.7900,4,754
4489,2201697,defensive,1,0.7900,4,755
4490,2201821,defensive,1,0.8000,4,756
4491,2202193,defensive,1,0.8100,4,757
4492,2202913,defensive,1,0.8100,4,758
4493,2203110,defensive,1,0.8100,4,759
4494,2203281,defensive,1,0.8100,4,760
4495,2203459,defensive,1,0.8100,4,761
4496,2203544,defensive,0,0.8100,4,762
4497,2203703,defensive,1,0.8100,4,763
4498,2203903,defensive,1,0.8100,4,764
4499,2204273,defensive,1,0.8200,4,765
4500,2204460,defensive,1,0.8200,4,766
4501,2204644,defensive,1,0.8200,4,767
4502,2204832,defensive,1,0.8200,4,768
4503,2205081,defensive,1,0.8200,4,769
4504,2205348,defensive,1,0.8300,4,770
4505,2205493,defensive,1,0.8300,4,771
4506,2205748,defensive,0,0.8200,4,772
4507,2206463,defensive,1,0.8200,4,773
4508,2206675,defensive,1,0.8300,4,774
4509,2206847,defensive,1,0.8400,4,775
4510,2206940,defensive,0,0.8300,4,776
4511,2207324,defensive,1,0.8300,4,777
4512,2207642,defensive,1,0.8400,4,778
4513,2207804,defensive,1,0.8500,4,779
4514,2207966,defensive,1,0.8600,4,780
4515,2208248,defensive,1,0.8600,4,781
4516,2208420,defensive,1,0.8600,4,782
4517,2208523,defensive,0,0.8500,4,783
4518,2208706,defensive,1,0.8500,4,784
4519,2208809,defensive,1,0.8600,4,785
4520,2208985,defensive,1,0.8600,4,786
4521,2209166,defensive,1,0.8600,4,787
4522,2209261,defensive,0,0.8600,4,788
4523,2209352,defensive,0,0.8500,4,789
4524,2209568,defensive,1,0.8500,4,790
4525,2209699,defensive,1,0.8500,4,791
4526,2209798,defensive,0,0.8400,4,792
4527,2209984,defensive,1,0.8400,4,793
4528,2210130,defensive,1,0.8400,4,794
4529,2210320,defensive,1,0.8500,4,795
4530,2210483,defensive,1,0.8500,4,796
4531,2210658,defensive,1,0.8500,4,797
4532,2210746,defensive,0,0.8400,4,798
4533,2211355,defensive,1,0.8400,4,799
4534,2212208,defensive,1,0.8400,4,800
4535,2212413,defensive,1,0.8400,4,801
4536,2212704,defensive,1,0.8400,4,802
4537,2212861,defensive,1,0.8400,4,803
4538,2213037,defensive,1,0.8500,4,804
4539,2214067,defensive,1,0.8600,4,805
4540,2214240,defensive,1,0.8600,4,806
4541,2214438,defensive,1,0.8600,4,807
4542,2214595,defensive,1,0.8600,4,808
4543,2214780,defensive,1,0.8600,4,809
4544,2215274,defensive,1,0.8600,4,810
4545,2215793,defensive,0,0.8500,4,811
4546,2216185,defensive,1,0.8500,4,812
4547,2216688,defensive,1,0.8500,4,813
4548,2217136,defensive,1,0.8600,4,814
4549,2217220,defensive,0,0.8600,4,815
4550,2217658,defensive,1,0.8600,4,816
4551,2218035,defensive,1,0.8600,4,817
4552,2218367,defensive,1,0.8600,4,818
4553,2218457,defensive,0,0.8500,4,819
4554,2218995,defensive,1,0.8500,4,820
4555,2219287,defensive,1,0.8600,4,821
4556,2220222,defensive,1,0.8600,4,822
4557,2220855,defensive,1,0.8600,4,823
4558,2220988,defensive,1,0.8600,4,824
4559,2221575,defensive,1,0.8600,4,825
4560,2221743,defensive,1,0.8600,4,826
4561,2222737,defensive,1,0.8600,4,827
4562,2222831,defensive,0,0.8500,4,828
4563,2222971,defensive,1,0.8500,4,829
4564,2223314,defensive,1,0.8500,4,830
4565,2223486,defensive,1,0.8500,4,831
4566,2223621,defensive,1,0.8500,4,832
4567,2223814,defensive,1,0.8500,4,833
4568,2224135,defensive,1,0.8600,4,834
4569,2224305,defensive,1,0.8600,4,835
4570,2224397,defensive,0,0.8500,4,836
4571,2224608,defensive,1,0.8500,4,837
4572,2224767,defensive,1,0.8500,4,838
4573,2224947,defensive,1,0.8500,4,839
4574,2225037,defensive,0,0.8400,4,840
4575,2225251,defensive,1,0.8400,4,841
4576,2225817,defensive,1,0.8400,4,842
4577,2226246,defensive,1,0.8400,4,843
4578,2226351,defensive,0,0.8300,4,844
4579,2226511,defensive,1,0.8300,4,845
4580,2226900,defensive,1,0.8300,4,846
4581,2227111,defensive,1,0.8300,4,847
4582,2227524,defensive,1,0.8300,4,848
4583,2227625,defensive,0,0.8200,4,849
4584,2227812,defensive,1,0.8300,4,850
4585,2227908,defensive,0,0.8300,4,851
4586,2228055,defensive,1,0.8300,4,852
4587,2228337,defensive,0,0.8200,4,853
4588,2229615,defensive,1,0.8200,4,854
4589,2229804,defensive,1,0.8200,4,855
4590,2229941,defensive,1,0.8200,4,856
4591,2230298,defensive,0,0.8100,4,857
4592,2231155,defensive,0,0.8000,4,858
4593,2231332,defensive,1,0.8000,4,859
4594,2231431,defensive,0,0.7900,4,860
4595,2231852,defensive,1,0.7900,4,861
4596,2232270,defensive,1,0.8000,4,862
4597,2232717,defensive,0,0.7900,4,863
4598,2232947,defensive,1,0.7900,4,864
4599,2233041,defensive,0,0.7800,4,865
4600,2233409,defensive,1,0.7800,4,866
4601,2233564,defensive,1,0.7800,4,867
4602,2233814,defensive,1,0.7800,4,868
4603,2233983,defensive,1,0.7800,4,869
4604,2234160,defensive,1,0.7800,4,870
4605,2234509,defensive,1,0.7800,4,871
4606,2234892,defensive,1,0.7900,4,872
4607,2235089,defensive,1,0.7900,4,873
4608,2235234,defensive,1,0.7900,4,874
4609,2235589,defensive,1,0.7900,4,875
4610,2235767,defensive,1,0.8000,4,876
4611,2235886,defensive,0,0.7900,4,877
4612,2236068,defensive,1,0.7900,4,878
4613,2236359,defensive,1,0.7900,4,879
4614,2236837,defensive,1,0.7900,4,880
4615,2237114,defensive,0,0.7800,4,881
4616,2237522,defensive,0,0.7700,4,882
4617,2237705,defensive,1,0.7800,4,883
4618,2238075,defensive,1,0.7800,4,884
4619,2238618,defensive,0,0.7700,4,885
4620,2238776,defensive,1,0.7700,4,886
4621,2239137,defensive,0,0.7600,4,887
4622,2239684,defensive,1,0.7700,4,888
4623,2239781,defensive,0,0.7700,4,889
4624,2239971,defensive,1,0.7700,4,890
4625,2240349,defensive,0,0.7600,4,891
4626,2240515,defensive,1,0.7700,4,892
4627,2240698,defensive,1,0.7700,4,893
4628,2240797,defensive,0,0.7600,4,894
4629,2240898,defensive,0,0.7500,4,895
4630,2240986,defensive,0,0.7400,4,896
4631,2241244,defensive,0,0.7300,4,897
4632,2241335,defensive,0,0.7300,4,898
4633,2241422,defensive,0,0.7200,4,899
4634,2241668,defensive,1,0.7200,4,900
4635,2241895,defensive,1,0.7200,4,901
4636,2241992,defensive,0,0.7100,4,902
4637,2242080,defensive,0,0.7000,4,903
4638,2242174,defensive,0,0.6900,4,904
4639,2242501,defensive,1,0.6900,4,905
4640,2242683,defensive,1,0.6900,4,906
4641,2242904,defensive,1,0.6900,4,907
4642,2243169,defensive,1,0.6900,4,908
4643,2243330,defensive,1,0.6900,4,909
4644,2243610,defensive,0,0.6800,4,910
4645,2244132,defensive,1,0.6900,4,911
4646,2244274,defensive,1,0.6900,4,912
4647,2244452,defensive,1,0.6900,4,913
4648,2244721,defensive,0,0.6800,4,914
4649,2244805,defensive,0,0.6800,4,915
4650,2245004,defensive,1,0.6800,4,916
4651,2245475,defensive,0,0.6700,4,917
4652,2245569,defensive,0,0.6600,4,918
4653,2245671,defensive,0,0.6600,4,919
4654,2245816,defensive,1,0.6600,4,920
4655,2246042,defensive,1,0.6600,4,921
4656,2246214,defensive,1,0.6600,4,922
4657,2246417,defensive,1,0.6600,4,923
4658,2246641,defensive,1,0.6600,4,924
4659,2246741,defensive,1,0.6600,4,925
4660,2247033,defensive,1,0.6600,4,926
4661,2247424,defensive,1,0.6600,4,927
4662,2248163,defensive,0,0.6600,4,928
4663,2248351,defensive,1,0.6600,4,929
4664,2248960,defensive,1,0.6600,4,930
4665,2249346,defensive,1,0.6600,4,931
4666,2249890,defensive,1,0.6600,4,932
4667,2250402,defensive,1,0.6600,4,933
4668,2251208,corner,1,0.6600,5,1
4669,2251736,corner,1,0.6600,5,2
4670,2252273,corner,0,0.6600,5,3
4671,2252978,corner,0,0.6500,5,4
4672,2253415,corner,1,0.6500,5,5
4673,2254767,corner,1,0.6500,5,6
4674,2256119,corner,0,0.6500,5,7
4675,2256523,corner,1,0.6500,5,8
4676,2256973,corner,1,0.6500,5,9
4677,2257987,corner,1,0.6500,5,10
4678,2258426,corner,1,0.6600,5,11
4679,2259262,corner,1,0.6600,5,12
4680,2260135,corner,1,0.6600,5,13
4681,2260362,corner,1,0.6600,5,14
4682,2260872,corner,1,0.6600,5,15
4683,2261469,corner,1,0.6700,5,16
4684,2262821,corner,0,0.6600,5,17
4685,2263002,corner,1,0.6700,5,18
4686,2263942,corner,1,0.6700,5,19
4687,2264322,corner,1,0.6800,5,20
4688,2264702,corner,1,0.6800,5,21
4689,2264916,corner,1,0.6800,5,22
4690,2265028,corner,0,0.6700,5,23
4691,2265434,corner,1,0.6800,5,24
4692,2265925,corner,0,0.6800,5,25
4693,2266699,corner,1,0.6800,5,26
4694,2266873,corner,0,0.6800,5,27
4695,2267743,corner,1,0.6800,5,28
4696,2267927,corner,1,0.6800,5,29
4697,2268323,corner,1,0.6900,5,30
4698,2268492,corner,0,0.6800,5,31
4699,2269226,corner,1,0.6900,5,32
4700,2269567,corner,1,0.6900,5,33
4701,2270115,corner,0,0.6800,5,34
4702,2271153,corner,0,0.6700,5,35
4703,2271602,corner,0,0.6600,5,36
4704,2272561,corner,0,0.6500,5,37
4705,2273162,corner,1,0.6500,5,38
4706,2274296,corner,1,0.6500,5,39
4707,2274785,corner,1,0.6500,5,40
4708,2276058,corner,0,0.6400,5,41
4709,2276447,corner,1,0.6400,5,42
4710,2276553,corner,0,0.6300,5,43
4711,2277277,corner,1,0.6400,5,44
4712,2278629,corner,0,0.6300,5,45
4713,2279617,corner,0,0.6200,5,46
4714,2280192,corner,1,0.6200,5,47
4715,2280561,corner,1,0.6300,5,48
4716,2281511,corner,1,0.6400,5,49
4717,2281790,corner,0,0.6300,5,50
4718,2282190,corner,0,0.6200,5,51
4719,2283130,corner,0,0.6200,5,52
4720,2284482,corner,1,0.6200,5,53
4721,2285438,corner,1,0.6300,5,54
4722,2286790,corner,1,0.6300,5,55
4723,2287584,corner,1,0.6400,5,56
4724,2288142,corner,1,0.6400,5,57
4725,2289494,corner,0,0.6400,5,58
4726,2289716,corner,1,0.6400,5,59
4727,2290465,corner,1,0.6400,5,60
4728,2290839,corner,1,0.6500,5,61
4729,2292015,corner,1,0.6600,5,62
4730,2292188,corner,0,0.6600,5,63
4731,2292486,corner,1,0.6700,5,64
4732,2293838,corner,1,0.6800,5,65
4733,2294084,corner,1,0.6900,5,66
4734,2294470,corner,1,0.6900,5,67
4735,2295169,corner,1,0.6900,5,68
4736,2295949,corner,0,0.6900,5,69
4737,2297301,corner,0,0.6900,5,70
4738,2298653,corner,0,0.6900,5,71
4739,2299897,corner,1,0.6900,5,72
4740,2301249,corner,0,0.6800,5,73
4741,2301880,corner,1,0.6800,5,74
4742,2302233,corner,0,0.6700,5,75
4743,2303585,corner,1,0.6700,5,76
4744,2304937,corner,0,0.6700,5,77
4745,2306289,corner,0,0.6600,5,78
4746,2306672,corner,1,0.6600,5,79
4747,2306884,corner,1,0.6600,5,80
4748,2307222,corner,0,0.6600,5,81
4749,2308574,corner,0,0.6600,5,82
4750,2308922,corner,0,0.6500,5,83
4751,2309034,corner,0,0.6500,5,84
4752,2309252,corner,1,0.6600,5,85
4753,2310040,corner,1,0.6700,5,86
4754,2310212,corner,0,0.6600,5,87
4755,2311290,corner,1,0.6600,5,88
4756,2312202,corner,0,0.6500,5,89
4757,2313554,corner,0,0.6400,5,90
4758,2314906,corner,0,0.6300,5,91
4759,2315619,corner,1,0.6300,5,92
4760,2316662,corner,1,0.6300,5,93
4761,2317909,corner,1,0.6300,5,94
4762,2318658,corner,1,0.6400,5,95
4763,2319438,corner,1,0.6400,5,96
4764,2320721,corner,0,0.6300,5,97
4765,2321075,corner,0,0.6200,5,98
4766,2322427,corner,1,0.6200,5,99
4767,2323316,corner,1,0.6200,5,100
4768,2323466,corner,0,0.6100,5,101
4769,2324818,corner,0,0.6000,5,102
4770,2325420,corner,1,0.6100,5,103
4771,2326408,corner,0,0.6100,5,104
4772,2327700,corner,1,0.6100,5,105
4773,2329052,corner,0,0.6000,5,106
4774,2329468,corner,0,0.6000,5,107
4775,2330820,corner,1,0.6000,5,108
4776,2332143,corner,1,0.6000,5,109
4777,2332807,corner,1,0.6000,5,110
4778,2334159,corner,0,0.5900,5,111
4779,2334426,corner,1,0.5900,5,112
4780,2334740,corner,0,0.5800,5,113
4781,2335425,corner,0,0.5700,5,114
4782,2335534,corner,0,0.5600,5,115
4783,2336886,corner,0,0.5500,5,116
4784,2337238,corner,1,0.5600,5,117
4785,2337804,corner,1,0.5600,5,118
4786,2339156,corner,0,0.5500,5,119
4787,2339507,corner,0,0.5400,5,120
4788,2339678,corner,0,0.5300,5,121
4789,2341030,corner,0,0.5200,5,122
4790,2342044,corner,1,0.5300,5,123
4791,2343111,corner,1,0.5300,5,124
4792,2344463,corner,0,0.5300,5,125
4793,2344749,corner,0,0.5200,5,126
4794,2344961,corner,1,0.5300,5,127
4795,2345166,corner,1,0.5300,5,128
4796,2346518,corner,0,0.5200,5,129
4797,2346801,corner,0,0.5100,5,130
4798,2348153,corner,0,0.5100,5,131
4799,2348657,corner,1,0.5100,5,132
4800,2349536,corner,0,0.5000,5,133
4801,2350888,corner,0,0.5000,5,134
4802,2351481,corner,0,0.5000,5,135
4803,2352034,corner,0,0.5000,5,136
4804,2353006,corner,1,0.5100,5,137
4805,2354358,corner,0,0.5000,5,138
4806,2355710,corner,0,0.4900,5,139
4807,2356085,corner,1,0.4900,5,140
4808,2356706,corner,0,0.4900,5,141
4809,2358058,corner,1,0.4900,5,142
4810,2359410,corner,0,0.4900,5,143
4811,2360762,corner,0,0.4800,5,144
4812,2360999,corner,1,0.4900,5,145
4813,2361232,corner,1,0.5000,5,146
4814,2361332,corner,0,0.4900,5,147
4815,2362062,corner,1,0.4900,5,148
4816,2363175,corner,0,0.4800,5,149
4817,2363931,corner,1,0.4900,5,150
4818,2364911,corner,1,0.5000,5,151
4819,2365182,corner,0,0.5000,5,152
4820,2365358,corner,0,0.4900,5,153
4821,2366361,corner,0,0.4800,5,154
4822,2367514,corner,0,0.4700,5,155
4823,2367918,corner,1,0.4700,5,156
4824,2369150,corner,0,0.4600,5,157
4825,2369351,corner,1,0.4700,5,158
4826,2370421,corner,0,0.4600,5,159
4827,2371275,corner,1,0.4600,5,160
4828,2372627,corner,0,0.4500,5,161
4829,2372830,corner,1,0.4500,5,162
4830,2374182,corner,0,0.4500,5,163
4831,2375534,corner,1,0.4500,5,164
4832,2376886,corner,1,0.4500,5,165
4833,2378238,corner,0,0.4400,5,166
4834,2379356,corner,1,0.4400,5,167
4835,2379678,corner,0,0.4300,5,168
4836,2381030,corner,1,0.4400,5,169
4837,2382382,corner,0,0.4400,5,170
4838,2382975,corner,0,0.4400,5,171
4839,2383804,corner,1,0.4400,5,172
4840,2383908,corner,0,0.4400,5,173
4841,2384711,corner,0,0.4300,5,174
4842,2384903,corner,1,0.4400,5,175
4843,2385078,corner,0,0.4300,5,176
4844,2386430,corner,1,0.4400,5,177
4845,2387367,corner,1,0.4500,5,178
4846,2388286,corner,0,0.4400,5,179
4847,2388459,corner,0,0.4300,5,180
4848,2389048,corner,1,0.4400,5,181
4849,2389621,corner,0,0.4400,5,182
4850,2390302,corner,0,0.4400,5,183
4851,2391654,corner,1,0.4500,5,184
4852,2391830,corner,0,0.4400,5,185
4853,2392839,corner,1,0.4400,5,186
4854,2393332,corner,0,0.4400,5,187
4855,2393478,corner,0,0.4300,5,188
4856,2393804,corner,0,0.4300,5,189
4857,2394629,corner,1,0.4400,5,190
4858,2395981,corner,0,0.4400,5,191
4859,2397333,corner,0,0.4300,5,192
4860,2398123,corner,1,0.4300,5,193
4861,2398348,corner,1,0.4300,5,194
4862,2399700,corner,1,0.4300,5,195
4863,2401010,corner,0,0.4200,5,196
4864,2401498,corner,1,0.4300,5,197
4865,2401862,corner,1,0.4400,5,198
4866,2403102,corner,1,0.4400,5,199
4867,2403478,corner,1,0.4400,5,200
4868,2404316,corner,1,0.4500,5,201
4869,2404501,corner,1,0.4600,5,202
4870,2405853,corner,1,0.4600,5,203
4871,2406201,corner,0,0.4600,5,204
4872,2407553,corner,1,0.4600,5,205
4873,2408831,corner,0,0.4600,5,206
4874,2409868,corner,1,0.4700,5,207
4875,2411194,corner,0,0.4600,5,208
4876,2412546,corner,1,0.4600,5,209
4877,2413106,corner,1,0.4600,5,210
4878,2413899,corner,1,0.4700,5,211
4879,2415251,corner,0,0.4600,5,212
4880,2415604,corner,0,0.4600,5,213
4881,2415787,corner,0,0.4600,5,214
4882,2417139,corner,0,0.4600,5,215
4883,2417685,corner,1,0.4700,5,216
4884,2417898,corner,1,0.4700,5,217
4885,2418285,corner,0,0.4600,5,218
4886,2418454,corner,0,0.4600,5,219
4887,2419285,corner,1,0.4700,5,220
4888,2420637,corner,0,0.4700,5,221
4889,2421989,corner,1,0.4800,5,222
4890,2423167,corner,1,0.4800,5,223
4891,2423799,corner,0,0.4700,5,224
4892,2424724,corner,1,0.4800,5,225
4893,2425408,corner,1,0.4900,5,226
4894,2426760,corner,0,0.4800,5,227
4895,2428112,corner,0,0.4700,5,228
4896,2429464,corner,1,0.4800,5,229
4897,2430379,corner,1,0.4900,5,230
4898,2430727,corner,0,0.4900,5,231
4899,2431924,corner,1,0.4900,5,232
4900,2432104,corner,1,0.5000,5,233
4901,2432324,corner,1,0.5100,5,234
4902,2432725,corner,0,0.5100,5,235
4903,2434077,corner,1,0.5200,5,236
4904,2435429,corner,1,0.5200,5,237
4905,2436751,corner,1,0.5300,5,238
4906,2436854,corner,0,0.5300,5,239
4907,2437755,corner,1,0.5300,5,240
4908,2438177,corner,0,0.5300,5,241
4909,2438549,corner,1,0.5300,5,242
4910,2439578,corner,1,0.5400,5,243
4911,2439885,corner,0,0.5400,5,244
4912,2440580,corner,1,0.5400,5,245
4913,2441448,corner,0,0.5300,5,246
4914,2442588,corner,1,0.5400,5,247
4915,2443940,corner,1,0.5400,5,248
4916,2445292,corner,0,0.5400,5,249
4917,2445988,corner,1,0.5400,5,250
4918,2447340,corner,1,0.5400,5,251
4919,2448692,corner,0,0.5400,5,252
4920,2450044,corner,0,0.5400,5,253
4921,2450445,corner,1,0.5500,5,254
4922,2451250,corner,0,0.5500,5,255
4923,2451976,corner,1,0.5500,5,256
4924,2452863,corner,1,0.5600,5,257
4925,2453449,corner,1,0.5600,5,258
4926,2454046,corner,1,0.5700,5,259
4927,2454685,corner,0,0.5600,5,260
4928,2455282,corner,0,0.5600,5,261
4929,2456625,corner,1,0.5600,5,262
4930,2456840,corner,1,0.5700,5,263
4931,2458072,corner,0,0.5600,5,264
4932,2458466,corner,1,0.5600,5,265
4933,2459209,corner,0,0.5600,5,266
4934,2460561,corner,1,0.5600,5,267
4935,2460733,corner,0,0.5600,5,268
4936,2462085,corner,0,0.5500,5,269
4937,2463404,corner,0,0.5500,5,270
4938,2463706,corner,0,0.5500,5,271
4939,2465058,corner,1,0.5500,5,272
4940,2466410,corner,1,0.5600,5,273
4941,2467300,corner,1,0.5700,5,274
4942,2468321,corner,1,0.5700,5,275
4943,2469416,corner,1,0.5800,5,276
4944,2470747,corner,0,0.5700,5,277
4945,2472099,corner,1,0.5700,5,278
4946,2472258,corner,0,0.5700,5,279
4947,2473060,corner,0,0.5700,5,280
4948,2474369,corner,1,0.5700,5,281
4949,2475178,corner,1,0.5800,5,282
4950,2476066,corner,0,0.5800,5,283
4951,2477075,corner,1,0.5800,5,284
4952,2478427,corner,0,0.5800,5,285
4953,2478950,corner,1,0.5800,5,286
4954,2479284,corner,1,0.5900,5,287
4955,2480198,corner,1,0.6000,5,288
4956,2481550,corner,0,0.6000,5,289
4957,2482902,corner,0,0.5900,5,290
4958,2483111,corner,1,0.6000,5,291
4959,2484251,corner,0,0.6000,5,292
4960,2485493,corner,0,0.5900,5,293
4961,2486845,corner,1,0.5900,5,294
4962,2488197,corner,1,0.5900,5,295
4963,2488413,corner,1,0.6000,5,296
4964,2488778,corner,0,0.5900,5,297
4965,2490130,corner,0,0.5800,5,298
4966,2491482,corner,1,0.5800,5,299
4967,2491998,corner,0,0.5700,5,300
4968,2492767,corner,0,0.5600,5,301
4969,2494119,corner,0,0.5500,5,302
4970,2495471,corner,1,0.5500,5,303
4971,2496823,corner,1,0.5600,5,304
4972,2497648,corner,0,0.5500,5,305
4973,2498428,corner,1,0.5600,5,306
4974,2499026,corner,1,0.5600,5,307
4975,2499428,corner,1,0.5700,5,308
4976,2500344,corner,1,0.5700,5,309
4977,2501696,corner,0,0.5600,5,310
4978,2503048,corner,0,0.5500,5,311
4979,2504211,corner,0,0.5500,5,312
4980,2504401,corner,1,0.5600,5,313
4981,2505224,corner,1,0.5700,5,314
4982,2505858,corner,1,0.5800,5,315
4983,2507085,corner,1,0.5800,5,316
4984,2507577,corner,0,0.5700,5,317
4985,2508639,corner,1,0.5800,5,318
4986,2509498,corner,0,0.5800,5,319
4987,2510850,corner,1,0.5800,5,320
4988,2511423,corner,0,0.5800,5,321
4989,2512775,corner,1,0.5800,5,322
4990,2514127,corner,0,0.5700,5,323
4991,2515479,corner,0,0.5700,5,324
4992,2516089,corner,1,0.5700,5,325
4993,2517210,corner,1,0.5700,5,326
4994,2518562,corner,0,0.5700,5,327
4995,2519914,corner,0,0.5700,5,328
4996,2520086,corner,0,0.5600,5,329
4997,2520255,corner,1,0.5600,5,330
4998,2521404,corner,0,0.5600,5,331
4999,2521617,corner,1,0.5600,5,332
5000,2522696,corner,0,0.5500,5,333
5001,2523694,corner,1,0.5500,5,334
5002,2524332,corner,0,0.5500,5,335
5003,2524506,corner,0,0.5400,5,336
5004,2525448,corner,1,0.5400,5,337
5005,2526790,corner,0,0.5300,5,338
5006,2528142,corner,0,0.5300,5,339
5007,2529494,corner,0,0.5200,5,340
5008,2530391,corner,1,0.5300,5,341
5009,2530737,corner,0,0.5200,5,342
5010,2532089,corner,0,0.5100,5,343
5011,2533050,corner,1,0.5200,5,344
5012,2533294,corner,0,0.5100,5,345
5013,2533962,corner,1,0.5200,5,346
5014,2534153,corner,1,0.5200,5,347
5015,2535505,corner,0,0.5100,5,348
5016,2536569,corner,0,0.5100,5,349
5017,2537720,corner,0,0.5000,5,350
5018,2539072,corner,0,0.4900,5,351
5019,2540424,corner,1,0.5000,5,352
5020,2540925,corner,1,0.5100,5,353
5021,2541908,corner,1,0.5100,5,354
5022,2542558,corner,1,0.5200,5,355
5023,2543910,corner,1,0.5200,5,356
5024,2544954,corner,0,0.5100,5,357
5025,2546306,corner,0,0.5000,5,358
5026,2547372,corner,1,0.5000,5,359
5027,2547961,corner,1,0.5100,5,360
5028,2548161,corner,1,0.5200,5,361
5029,2548814,corner,1,0.5200,5,362
5030,2550161,corner,1,0.5200,5,363
5031,2551513,corner,0,0.5200,5,364
5032,2552865,corner,0,0.5100,5,365
5033,2553038,corner,0,0.5100,5,366
5034,2553204,corner,1,0.5100,5,367
5035,2553673,corner,0,0.5100,5,368
5036,2554786,corner,1,0.5200,5,369
5037,2556138,corner,0,0.5200,5,370
5038,2556933,corner,1,0.5300,5,371
5039,2558285,corner,0,0.5200,5,372
5040,2558909,corner,0,0.5100,5,373
5041,2560261,corner,0,0.5000,5,374
5042,2561613,corner,0,0.4900,5,375
5043,2561852,corner,1,0.4900,5,376
5044,2563204,corner,0,0.4900,5,377
5045,2563755,corner,1,0.4900,5,378
5046,2565107,corner,0,0.4900,5,379
5047,2565316,corner,1,0.5000,5,380
5048,2565685,corner,0,0.4900,5,381
5049,2566652,corner,0,0.4800,5,382
5050,2567756,corner,1,0.4900,5,383
5051,2568142,corner,1,0.4900,5,384
5052,2568528,corner,1,0.5000,5,385
5053,2569880,corner,1,0.5000,5,386
5054,2570418,corner,1,0.5000,5,387
5055,2570525,corner,0,0.4900,5,388
5056,2570743,corner,1,0.5000,5,389
5057,2572095,corner,1,0.5100,5,390
5058,2573447,corner,0,0.5000,5,391
5059,2573552,corner,0,0.5000,5,392
5060,2574221,corner,0,0.5000,5,393
5061,2574740,corner,1,0.5000,5,394
5062,2576092,corner,0,0.4900,5,395
5063,2576699,corner,1,0.4900,5,396
5064,2578051,corner,0,0.4900,5,397
5065,2578613,corner,1,0.5000,5,398
5066,2579965,corner,0,0.4900,5,399
5067,2581172,corner,0,0.4900,5,400
5068,2582333,corner,0,0.4900,5,401
5069,2582894,corner,1,0.5000,5,402
5070,2583449,corner,1,0.5000,5,403
5071,2584801,corner,1,0.5000,5,404
5072,2585137,corner,0,0.5000,5,405
5073,2585375,corner,1,0.5000,5,406
5074,2585768,corner,0,0.4900,5,407
5075,2587120,corner,1,0.4900,5,408
5076,2587293,corner,0,0.4800,5,409
5077,2588645,corner,0,0.4800,5,410
5078,2589997,corner,1,0.4900,5,411
5079,2591349,corner,0,0.4900,5,412
5080,2592525,corner,1,0.4900,5,413
5081,2593877,corner,1,0.4900,5,414
5082,2594258,corner,1,0.4900,5,415
5083,2595509,corner,1,0.4900,5,416
5084,2596674,corner,1,0.5000,5,417
5085,2598026,corner,0,0.4900,5,418
5086,2598356,corner,0,0.4900,5,419
5087,2599115,corner,1,0.4900,5,420
5088,2600467,corner,0,0.4900,5,421
5089,2601639,defensive,1,0.4900,6,1
5090,2601909,defensive,1,0.5000,6,2
5091,2602675,defensive,1,0.5100,6,3
5092,2603266,defensive,1,0.5100,6,4
5093,2603808,defensive,1,0.5100,6,5
5094,2604442,defensive,1,0.5200,6,6
5095,2605794,defensive,1,0.5300,6,7
5096,2606577,defensive,1,0.5400,6,8
5097,2606777,defensive,1,0.5400,6,9
5098,2607252,defensive,0,0.5400,6,10
5099,2607605,defensive,1,0.5400,6,11
5100,2608120,defensive,0,0.5400,6,12
5101,2608432,defensive,1,0.5400,6,13
5102,2608938,defensive,1,0.5500,6,14
5103,2609290,defensive,1,0.5600,6,15
5104,2610008,defensive,1,0.5600,6,16
5105,2610886,defensive,0,0.5600,6,17
5106,2612206,defensive,1,0.5700,6,18
5107,2612769,defensive,1,0.5800,6,19
5108,2613514,defensive,0,0.5700,6,20
5109,2614152,defensive,1,0.5800,6,21
5110,2614506,defensive,1,0.5900,6,22
5111,2614945,defensive,1,0.5900,6,23
5112,2615847,defensive,1,0.6000,6,24
5113,2616088,defensive,1,0.6000,6,25
5114,2616661,defensive,1,0.6000,6,26
5115,2618013,defensive,1,0.6100,6,27
5116,2619175,defensive,1,0.6200,6,28
5117,2619487,defensive,1,0.6300,6,29
5118,2619578,defensive,0,0.6300,6,30
5119,2620124,defensive,1,0.6300,6,31
5120,2621476,defensive,0,0.6200,6,32
5121,2622146,defensive,1,0.6200,6,33
5122,2622602,defensive,1,0.6200,6,34
5123,2623759,defensive,0,0.6100,6,35
5124,2624094,defensive,1,0.6200,6,36
5125,2624501,defensive,1,0.6300,6,37
5126,2625088,defensive,0,0.6200,6,38
5127,2626440,defensive,1,0.6200,6,39
5128,2627792,defensive,0,0.6100,6,40
5129,2628082,defensive,0,0.6000,6,41
5130,2628289,defensive,1,0.6000,6,42
5131,2629641,defensive,0,0.6000,6,43
5132,2629887,defensive,1,0.6100,6,44
5133,2631239,defensive,1,0.6200,6,45
5134,2631336,defensive,0,0.6100,6,46
5135,2632322,defensive,1,0.6200,6,47
5136,2633674,defensive,1,0.6200,6,48
5137,2634116,defensive,1,0.6300,6,49
5138,2634325,defensive,1,0.6300,6,50
5139,2634485,defensive,1,0.6400,6,51
5140,2635427,defensive,1,0.6500,6,52
5141,2636740,defensive,0,0.6500,6,53
5142,2637185,defensive,0,0.6500,6,54
5143,2638537,defensive,1,0.6500,6,55
5144,2638672,defensive,1,0.6600,6,56
5145,2638843,defensive,1,0.6600,6,57
5146,2639461,defensive,1,0.6700,6,58
5147,2640038,defensive,0,0.6600,6,59
5148,2641390,defensive,0,0.6600,6,60
5149,2642742,defensive,1,0.6700,6,61
5150,2642928,defensive,1,0.6700,6,62
5151,2643437,defensive,1,0.6700,6,63
5152,2643774,defensive,1,0.6700,6,64
5153,2644178,defensive,1,0.6700,6,65
5154,2645039,defensive,1,0.6700,6,66
5155,2645370,defensive,1,0.6800,6,67
5156,2646722,defensive,1,0.6800,6,68
5157,2647396,defensive,0,0.6700,6,69
5158,2647771,defensive,1,0.6800,6,70
5159,2649123,defensive,1,0.6900,6,71
5160,2649748,defensive,1,0.7000,6,72
5161,2651100,defensive,1,0.7000,6,73
5162,2651206,defensive,0,0.7000,6,74
5163,2652558,defensive,1,0.7000,6,75
5164,2653131,defensive,1,0.7100,6,76
5165,2653487,defensive,1,0.7100,6,77
5166,2654839,defensive,1,0.7200,6,78
5167,2656191,defensive,0,0.7200,6,79
5168,2656279,defensive,0,0.7200,6,80
5169,2656374,defensive,0,0.7100,6,81
5170,2656470,defensive,0,0.7000,6,82
5171,2657272,defensive,1,0.7000,6,83
5172,2658323,defensive,1,0.7100,6,84
5173,2659675,defensive,1,0.7100,6,85
5174,2660931,defensive,1,0.7200,6,86
5175,2661253,defensive,1,0.7200,6,87
5176,2662605,defensive,1,0.7300,6,88
5177,2663957,defensive,1,0.7400,6,89
5178,2664300,defensive,1,0.7400,6,90
5179,2664621,defensive,1,0.7500,6,91
5180,2665031,defensive,1,0.7500,6,92
5181,2665222,defensive,1,0.7500,6,93
5182,2666052,defensive,1,0.7500,6,94
5183,2666148,defensive,1,0.7500,6,95
5184,2667500,defensive,0,0.7400,6,96
5185,2668530,defensive,1,0.7500,6,97
5186,2669611,defensive,1,0.7600,6,98
5187,2669986,defensive,1,0.7600,6,99
5188,2670087,defensive,0,0.7600,6,100
5189,2670258,defensive,1,0.7600,6,101
5190,2670754,defensive,1,0.7600,6,102
5191,2671572,defensive,0,0.7500,6,103
5192,2671987,defensive,0,0.7400,6,104
5193,2672622,defensive,1,0.7400,6,105
5194,2672816,defensive,1,0.7400,6,106
5195,2673960,defensive,1,0.7400,6,107
5196,2675312,defensive,1,0.7400,6,108
5197,2676567,defensive,0,0.7300,6,109
5198,2676748,defensive,1,0.7400,6,110
5199,2678100,defensive,0,0.7300,6,111
5200,2678923,defensive,1,0.7400,6,112
5201,2679409,defensive,1,0.7400,6,113
5202,2680063,defensive,0,0.7300,6,114
5203,2680809,defensive,1,0.7300,6,115
5204,2681183,defensive,0,0.7200,6,116
5205,2682091,defensive,1,0.7300,6,117
5206,2683401,defensive,1,0.7300,6,118
5207,2684167,defensive,1,0.7300,6,119
5208,2684262,defensive,0,0.7300,6,120
5209,2684408,defensive,0,0.7200,6,121
5210,2685760,defensive,0,0.7100,6,122
5211,2686655,defensive,1,0.7100,6,123
5212,2688007,defensive,0,0.7000,6,124
5213,2689359,defensive,1,0.7000,6,125
5214,2689708,defensive,1,0.7000,6,126
5215,2690258,defensive,1,0.7000,6,127
5216,2690986,defensive,1,0.7000,6,128
5217,2691713,defensive,1,0.7000,6,129
5218,2692071,defensive,1,0.7100,6,130
5219,2693423,defensive,1,0.7100,6,131
5220,2694506,defensive,1,0.7200,6,132
5221,2694884,defensive,1,0.7200,6,133
5222,2696236,defensive,1,0.7200,6,134
5223,2697492,defensive,1,0.7300,6,135
5224,2698844,defensive,1,0.7300,6,136
5225,2700196,defensive,0,0.7200,6,137
5226,2701548,defensive,0,0.7200,6,138
5227,2702237,defensive,0,0.7100,6,139
5228,2702334,defensive,0,0.7100,6,140
5229,2703686,defensive,0,0.7100,6,141
5230,2705008,defensive,1,0.7100,6,142
5231,2706360,defensive,1,0.7200,6,143
5232,2706720,defensive,1,0.7200,6,144
5233,2706986,defensive,0,0.7100,6,145
5234,2707262,defensive,0,0.7100,6,146
5235,2707828,defensive,1,0.7100,6,147
5236,2709065,defensive,1,0.7100,6,148
5237,2709162,defensive,0,0.7000,6,149
5238,2709267,defensive,0,0.6900,6,150
5239,2710212,defensive,1,0.6900,6,151
5240,2710663,defensive,0,0.6800,6,152
5241,2711023,defensive,1,0.6900,6,153
5242,2711242,defensive,1,0.7000,6,154
5243,2712594,defensive,1,0.7000,6,155
5244,2713946,defensive,1,0.7000,6,156
5245,2714240,defensive,1,0.7000,6,157
5246,2714883,defensive,1,0.7000,6,158
5247,2715099,defensive,1,0.7100,6,159
5248,2716451,defensive,0,0.7100,6,160
5249,2717405,defensive,1,0.7100,6,161
5250,2717684,defensive,0,0.7000,6,162
5251,2718054,defensive,1,0.7000,6,163
5252,2718160,defensive,0,0.6900,6,164
5253,2718953,defensive,1,0.6900,6,165
5254,2720182,defensive,1,0.6900,6,166
5255,2721393,defensive,1,0.6900,6,167
5256,2721922,defensive,1,0.6900,6,168
5257,2722342,defensive,1,0.7000,6,169
5258,2722726,defensive,1,0.7000,6,170
5259,2723562,defensive,0,0.6900,6,171
5260,2724640,defensive,0,0.6800,6,172
5261,2725353,defensive,1,0.6800,6,173
5262,2726705,defensive,1,0.6900,6,174
5263,2726968,defensive,1,0.6900,6,175
5264,2727313,defensive,1,0.6900,6,176
5265,2727506,defensive,1,0.6900,6,177
5266,2728858,defensive,1,0.6900,6,178
5267,2729879,defensive,1,0.7000,6,179
5268,2731231,defensive,0,0.7000,6,180
5269,2731616,defensive,1,0.7100,6,181
5270,2732968,defensive,0,0.7100,6,182
5271,2733793,defensive,1,0.7100,6,183
5272,2735145,defensive,1,0.7100,6,184
5273,2735389,defensive,1,0.7100,6,185
5274,2736645,defensive,1,0.7100,6,186
5275,2737997,defensive,0,0.7000,6,187
5276,2738091,defensive,0,0.6900,6,188
5277,2738343,defensive,1,0.6900,6,189
5278,2738762,defensive,1,0.6900,6,190
5279,2740114,defensive,0,0.6800,6,191
5280,2741421,defensive,1,0.6800,6,192
5281,2741676,defensive,0,0.6700,6,193
5282,2742074,defensive,0,0.6600,6,194
5283,2742639,defensive,1,0.6600,6,195
5284,2743841,defensive,1,0.6700,6,196
5285,2744016,defensive,1,0.6700,6,197
5286,2745368,defensive,1,0.6700,6,198
5287,2746720,defensive,0,0.6600,6,199
5288,2746908,defensive,1,0.6700,6,200
5289,2748260,defensive,1,0.6700,6,201
5290,2748351,defensive,1,0.6700,6,202
5291,2749681,defensive,1,0.6800,6,203
5292,2751033,defensive,1,0.6900,6,204
5293,2751495,defensive,1,0.6900,6,205
5294,2751594,defensive,0,0.6800,6,206
5295,2752105,defensive,1,0.6800,6,207
5296,2752363,defensive,1,0.6800,6,208
5297,2752796,defensive,1,0.6900,6,209
5298,2753463,defensive,0,0.6800,6,210
5299,2754627,defensive,1,0.6900,6,211
5300,2755173,defensive,1,0.6900,6,212
5301,2755700,defensive,1,0.6900,6,213
5302,2756867,defensive,0,0.6900,6,214
5303,2758150,defensive,0,0.6800,6,215
5304,2758800,defensive,1,0.6900,6,216
5305,2759951,defensive,1,0.6900,6,217
5306,2760299,defensive,1,0.6900,6,218
5307,2761288,defensive,1,0.6900,6,219
5308,2762016,defensive,1,0.7000,6,220
5309,2763353,defensive,1,0.7100,6,221
5310,2764705,defensive,1,0.7200,6,222
5311,2764907,defensive,1,0.7200,6,223
5312,2766259,defensive,1,0.7300,6,224
5313,2766646,defensive,0,0.7200,6,225
5314,2767556,defensive,1,0.7200,6,226
5315,2768205,defensive,1,0.7200,6,227
5316,2768945,defensive,1,0.7200,6,228
5317,2769152,defensive,1,0.7200,6,229
5318,2770285,defensive,1,0.7200,6,230
5319,2771044,defensive,1,0.7200,6,231
5320,2772008,defensive,1,0.7200,6,232
5321,2772491,defensive,1,0.7200,6,233
5322,2773843,defensive,1,0.7200,6,234
5323,2774322,defensive,0,0.7100,6,235
5324,2775450,defensive,1,0.7100,6,236
5325,2775910,defensive,1,0.7200,6,237
5326,2776133,defensive,1,0.7300,6,238
5327,2776940,defensive,1,0.7400,6,239
5328,2777602,defensive,1,0.7500,6,240
5329,2778173,defensive,1,0.7600,6,241
5330,2779122,defensive,1,0.7600,6,242
5331,2780134,defensive,1,0.7600,6,243
5332,2781486,defensive,1,0.7600,6,244
5333,2781634,defensive,1,0.7700,6,245
5334,2782661,defensive,1,0.7800,6,246
5335,2782816,defensive,0,0.7700,6,247
5336,2783242,defensive,0,0.7600,6,248
5337,2784037,defensive,1,0.7700,6,249
5338,2784584,defensive,1,0.7800,6,250
5339,2785936,defensive,1,0.7800,6,251
5340,2787288,defensive,0,0.7800,6,252
5341,2787832,defensive,1,0.7800,6,253
5342,2788018,defensive,1,0.7800,6,254
5343,2789370,defensive,1,0.7800,6,255
5344,2789526,defensive,1,0.7800,6,256
5345,2789877,defensive,1,0.7800,6,257
5346,2789978,defensive,0,0.7700,6,258
5347,2790346,defensive,1,0.7700,6,259
5348,2790569,defensive,1,0.7800,6,260
5349,2791921,defensive,1,0.7800,6,261
5350,2792306,defensive,1,0.7900,6,262
5351,2793242,defensive,0,0.7800,6,263
5352,2793658,defensive,1,0.7900,6,264
5353,2794769,defensive,1,0.7900,6,265
5354,2794968,defensive,1,0.7900,6,266
5355,2796180,defensive,0,0.7800,6,267
5356,2796751,defensive,1,0.7800,6,268
5357,2798103,defensive,1,0.7800,6,269
5358,2798501,defensive,1,0.7800,6,270
5359,2799853,defensive,1,0.7900,6,271
5360,2801205,defensive,1,0.8000,6,272
5361,2802557,defensive,1,0.8000,6,273
5362,2803504,defensive,1,0.8000,6,274
5363,2804856,defensive,1,0.8000,6,275
5364,2805539,defensive,0,0.7900,6,276
5365,2806891,defensive,1,0.7900,6,277
5366,2807208,defensive,1,0.7900,6,278
5367,2807362,defensive,1,0.7900,6,279
5368,2808714,defensive,1,0.8000,6,280
5369,2809308,defensive,1,0.8000,6,281
5370,2810154,defensive,1,0.8100,6,282
5371,2811506,defensive,1,0.8100,6,283
5372,2811852,defensive,1,0.8100,6,284
5373,2812112,defensive,0,0.8000,6,285
5374,2813464,defensive,1,0.8000,6,286
5375,2814816,defensive,0,0.8000,6,287
5376,2815012,defensive,1,0.8100,6,288
5377,2815342,defensive,1,0.8100,6,289
5378,2816033,defensive,1,0.8100,6,290
5379,2816203,defensive,1,0.8200,6,291
5380,2816744,defensive,1,0.8200,6,292
5381,2816849,defensive,0,0.8200,6,293
5382,2817527,defensive,1,0.8300,6,294
5383,2818070,defensive,1,0.8300,6,295
5384,2818226,defensive,1,0.8300,6,296
5385,2819578,defensive,1,0.8300,6,297
5386,2820779,defensive,1,0.8300,6,298
5387,2821296,defensive,1,0.8400,6,299
5388,2822074,defensive,1,0.8400,6,300
5389,2822259,defensive,1,0.8400,6,301
5390,2823104,defensive,1,0.8400,6,302
5391,2823197,defensive,0,0.8300,6,303
5392,2824239,defensive,1,0.8300,6,304
5393,2825591,defensive,1,0.8300,6,305
5394,2826819,defensive,0,0.8300,6,306
5395,2827284,defensive,1,0.8300,6,307
5396,2827761,defensive,0,0.8200,6,308
5397,2828600,defensive,1,0.8200,6,309
5398,2828737,defensive,1,0.8300,6,310
5399,2829107,defensive,1,0.8300,6,311
5400,2829772,defensive,1,0.8300,6,312
5401,2830163,defensive,1,0.8300,6,313
5402,2830562,defensive,1,0.8400,6,314
5403,2831698,defensive,0,0.8400,6,315
5404,2833050,defensive,1,0.8400,6,316
5405,2833506,defensive,1,0.8400,6,317
5406,2833689,defensive,1,0.8400,6,318
5407,2834415,defensive,1,0.8400,6,319
5408,2835767,defensive,0,0.8300,6,320
5409,2837119,defensive,1,0.8300,6,321
5410,2838471,defensive,1,0.8300,6,322
5411,2839485,defensive,0,0.8200,6,323
5412,2840575,defensive,0,0.8100,6,324
5413,2841354,defensive,1,0.8200,6,325
5414,2842706,defensive,1,0.8200,6,326
5415,2844058,defensive,0,0.8100,6,327
5416,2845410,defensive,1,0.8100,6,328
5417,2845587,defensive,1,0.8100,6,329
5418,2846917,defensive,0,0.8000,6,330
5419,2847099,defensive,1,0.8000,6,331
5420,2848100,defensive,1,0.8000,6,332
5421,2849183,defensive,1,0.8000,6,333
5422,2849276,defensive,0,0.7900,6,334
5423,2850628,defensive,1,0.8000,6,335
5424,2851314,defensive,1,0.8000,6,336
5425,2852666,defensive,0,0.7900,6,337
5426,2854018,defensive,1,0.7900,6,338
5427,2854216,defensive,1,0.7900,6,339
5428,2854404,defensive,1,0.7900,6,340
5429,2855756,defensive,0,0.7800,6,341
5430,2857108,defensive,0,0.7700,6,342
5431,2858460,defensive,1,0.7700,6,343
5432,2858668,defensive,1,0.7700,6,344
5433,2858824,defensive,1,0.7700,6,345
5434,2859175,defensive,1,0.7700,6,346
5435,2860527,defensive,1,0.7800,6,347
5436,2861556,defensive,1,0.7900,6,348
5437,2862181,defensive,1,0.7900,6,349
5438,2862370,defensive,1,0.7900,6,350
5439,2863152,defensive,1,0.7900,6,351
5440,2863326,defensive,1,0.8000,6,352
5441,2864462,defensive,1,0.8000,6,353
5442,2864776,defensive,0,0.7900,6,354
5443,2866128,defensive,1,0.7900,6,355
5444,2866763,defensive,1,0.7900,6,356
5445,2867953,defensive,0,0.7800,6,357
5446,2869099,defensive,1,0.7900,6,358
5447,2870019,defensive,1,0.7900,6,359
5448,2870189,defensive,1,0.7900,6,360
5449,2871541,defensive,1,0.7900,6,361
5450,2872893,defensive,1,0.7900,6,362
5451,2873253,defensive,0,0.7900,6,363
5452,2874346,defensive,1,0.7900,6,364
5453,2874638,defensive,0,0.7800,6,365
5454,2875150,defensive,1,0.7800,6,366
5455,2875724,defensive,1,0.7900,6,367
5456,2877076,defensive,1,0.7900,6,368
5457,2877468,defensive,1,0.7900,6,369
5458,2877692,defensive,1,0.7900,6,370
5459,2878117,defensive,1,0.7900,6,371
5460,2878804,defensive,1,0.7900,6,372
5461,2879737,defensive,1,0.7900,6,373
5462,2880176,defensive,1,0.7900,6,374
5463,2880355,defensive,1,0.7900,6,375
5464,2880914,defensive,1,0.8000,6,376
5465,2882266,defensive,0,0.7900,6,377
5466,2882918,defensive,1,0.7900,6,378
5467,2884120,defensive,0,0.7800,6,379
5468,2884823,defensive,1,0.7800,6,380
5469,2885720,defensive,1,0.7800,6,381
5470,2887072,defensive,1,0.7800,6,382
5471,2887246,defensive,1,0.7800,6,383
5472,2887766,defensive,0,0.7700,6,384
5473,2887927,defensive,1,0.7800,6,385
5474,2889279,defensive,0,0.7700,6,386
5475,2889845,defensive,1,0.7800,6,387
5476,2891197,defensive,0,0.7700,6,388
5477,2891592,defensive,1,0.7700,6,389
5478,2891782,defensive,1,0.7700,6,390
5479,2893134,defensive,1,0.7700,6,391
5480,2893656,defensive,1,0.7700,6,392
5481,2893847,defensive,1,0.7800,6,393
5482,2894053,defensive,1,0.7800,6,394
5483,2894357,defensive,0,0.7700,6,395
5484,2895709,defensive,0,0.7600,6,396
5485,2897061,defensive,1,0.7600,6,397
5486,2898413,defensive,1,0.7600,6,398
5487,2899765,defensive,1,0.7600,6,399
5488,2900741,defensive,0,0.7500,6,400
5489,2902093,defensive,0,0.7400,6,401
5490,2903445,defensive,1,0.7400,6,402
5491,2904014,defensive,1,0.7500,6,403
5492,2904527,defensive,1,0.7500,6,404
5493,2904711,defensive,1,0.7500,6,405
5494,2905724,defensive,1,0.7600,6,406
5495,2905893,defensive,1,0.7600,6,407
5496,2906161,defensive,0,0.7600,6,408
5497,2907513,defensive,0,0.7500,6,409
5498,2907826,defensive,1,0.7500,6,410
5499,2909178,defensive,0,0.7400,6,411
5500,2910530,defensive,1,0.7400,6,412
5501,2911882,defensive,1,0.7400,6,413
5502,2913234,defensive,0,0.7300,6,414
5503,2914586,defensive,1,0.7400,6,415
5504,2915877,defensive,1,0.7400,6,416
5505,2916090,defensive,0,0.7300,6,417
5506,2917442,defensive,1,0.7300,6,418
5507,2918794,defensive,0,0.7200,6,419
5508,2918975,defensive,1,0.7300,6,420
5509,2920327,defensive,1,0.7300,6,421
5510,2921679,defensive,1,0.7300,6,422
5511,2921866,defensive,1,0.7400,6,423
5512,2923218,defensive,0,0.7400,6,424
5513,2924570,defensive,0,0.7300,6,425
5514,2925397,defensive,1,0.7300,6,426
5515,2926749,defensive,1,0.7400,6,427
5516,2928101,defensive,0,0.7300,6,428
5517,2928729,defensive,1,0.7300,6,429
5518,2928890,defensive,0,0.7300,6,430
5519,2929430,defensive,1,0.7300,6,431
5520,2930657,defensive,1,0.7300,6,432
5521,2931328,defensive,0,0.7200,6,433
5522,2931827,defensive,1,0.7300,6,434
5523,2932575,defensive,1,0.7300,6,435
5524,2933126,defensive,1,0.7300,6,436
5525,2933312,defensive,1,0.7400,6,437
5526,2934499,defensive,1,0.7400,6,438
5527,2934972,defensive,0,0.7300,6,439
5528,2935824,defensive,1,0.7300,6,440
5529,2936302,defensive,1,0.7400,6,441
5530,2936465,defensive,1,0.7500,6,442
5531,2937460,defensive,1,0.7500,6,443
5532,2938739,defensive,1,0.7500,6,444
5533,2939725,defensive,1,0.7500,6,445
5534,2940562,defensive,1,0.7500,6,446
5535,2941914,defensive,1,0.7500,6,447
5536,2943266,defensive,1,0.7500,6,448
5537,2943361,defensive,1,0.7500,6,449
5538,2943699,defensive,0,0.7400,6,450
5539,2945051,defensive,0,0.7300,6,451
5540,2946403,defensive,1,0.7300,6,452
5541,2947755,defensive,1,0.7300,6,453
5542,2948957,defensive,1,0.7400,6,454
5543,2950309,defensive,1,0.7400,6,455
5544,2951540,corner,0,0.7300,7,1
5545,2952892,corner,1,0.7400,7,2
5546,2954192,corner,1,0.7400,7,3
5547,2955544,corner,1,0.7400,7,4
5548,2956896,corner,1,0.7400,7,5
5549,2958248,corner,1,0.7400,7,6
5550,2959600,corner,1,0.7400,7,7
5551,2960952,corner,0,0.7400,7,8
5552,2962304,corner,0,0.7300,7,9
5553,2963656,corner,0,0.7300,7,10
5554,2964042,corner,0,0.7200,7,11
5555,2965394,corner,1,0.7200,7,12
5556,2966746,corner,0,0.7100,7,13
5557,2968098,corner,0,0.7000,7,14
5558,2969003,corner,1,0.7000,7,15
5559,2970350,corner,0,0.6900,7,16
5560,2971702,corner,1,0.6900,7,17
5561,2973054,corner,0,0.6800,7,18
5562,2974086,corner,0,0.6700,7,19
5563,2975438,corner,0,0.6600,7,20
5564,2976790,corner,0,0.6500,7,21
5565,2978142,corner,0,0.6500,7,22
5566,2978689,corner,0,0.6400,7,23
5567,2980041,corner,0,0.6400,7,24
5568,2981393,corner,1,0.6400,7,25
5569,2982745,corner,0,0.6300,7,26
5570,2984097,corner,0,0.6200,7,27
5571,2984477,corner,1,0.6200,7,28
5572,2984648,corner,0,0.6200,7,29
5573,2986000,corner,0,0.6100,7,30
5574,2987352,corner,0,0.6100,7,31
5575,2988704,corner,0,0.6000,7,32
5576,2990056,corner,1,0.6100,7,33
5577,2991408,corner,0,0.6000,7,34
5578,2992760,corner,0,0.5900,7,35
5579,2993608,corner,1,0.5900,7,36
5580,2994960,corner,0,0.5800,7,37
5581,2995779,corner,1,0.5800,7,38
5582,2996119,corner,0,0.5700,7,39
5583,2997396,corner,0,0.5700,7,40
5584,2998748,corner,0,0.5700,7,41
5585,3000100,corner,0,0.5600,7,42
5586,3001452,corner,0,0.5500,7,43
5587,3002804,corner,1,0.5500,7,44
5588,3003534,corner,0,0.5500,7,45
5589,3004526,corner,0,0.5500,7,46
5590,3005789,corner,1,0.5500,7,47
5591,3007141,corner,1,0.5500,7,48
5592,3007864,corner,1,0.5500,7,49
5593,3009216,corner,1,0.5500,7,50
5594,3010568,corner,1,0.5500,7,51
5595,3011844,corner,1,0.5500,7,52
5596,3013196,corner,0,0.5500,7,53
5597,3014548,corner,0,0.5500,7,54
5598,3015900,corner,0,0.5400,7,55
5599,3017252,corner,0,0.5400,7,56
5600,3018604,corner,0,0.5300,7,57
5601,3019956,corner,0,0.5200,7,58
5602,3020404,corner,0,0.5200,7,59
5603,3020888,corner,1,0.5200,7,60
5604,3021057,corner,0,0.5100,7,61
5605,3022409,corner,1,0.5200,7,62
5606,3023761,corner,1,0.5200,7,63
5607,3025113,corner,0,0.5200,7,64
5608,3026465,corner,0,0.5100,7,65
5609,3027817,corner,1,0.5100,7,66
5610,3029169,corner,0,0.5000,7,67
5611,3029373,corner,1,0.5000,7,68
5612,3030725,corner,1,0.5100,7,69
5613,3031469,corner,1,0.5200,7,70
5614,3031650,corner,0,0.5100,7,71
5615,3033002,corner,0,0.5000,7,72
5616,3034354,corner,0,0.5000,7,73
5617,3035706,corner,0,0.4900,7,74
5618,3037058,corner,0,0.4900,7,75
5619,3037996,corner,1,0.4900,7,76
5620,3039348,corner,0,0.4800,7,77
5621,3039757,corner,0,0.4800,7,78
5622,3040669,corner,1,0.4800,7,79
5623,3040906,corner,1,0.4800,7,80
5624,3041630,corner,0,0.4700,7,81
5625,3041862,corner,1,0.4700,7,82
5626,3043214,corner,0,0.4600,7,83
5627,3043599,corner,1,0.4700,7,84
5628,3044951,corner,0,0.4600,7,85
5629,3045914,corner,1,0.4600,7,86
5630,3046111,corner,1,0.4600,7,87
5631,3047463,corner,0,0.4500,7,88
5632,3047840,corner,1,0.4500,7,89
5633,3049192,corner,1,0.4500,7,90
5634,3050185,corner,1,0.4500,7,91
5635,3050704,corner,0,0.4400,7,92
5636,3052056,corner,0,0.4300,7,93
5637,3053408,corner,0,0.4200,7,94
5638,3054067,corner,0,0.4200,7,95
5639,3055419,corner,0,0.4200,7,96
5640,3056273,corner,0,0.4100,7,97
5641,3057519,corner,1,0.4100,7,98
5642,3058366,corner,1,0.4100,7,99
5643,3059718,corner,0,0.4000,7,100
5644,3061070,corner,0,0.4000,7,101
5645,3061478,corner,1,0.4000,7,102
5646,3061672,corner,1,0.4000,7,103
5647,3061897,corner,1,0.4000,7,104
5648,3063224,corner,1,0.4000,7,105
5649,3063579,corner,1,0.4000,7,106
5650,3064805,corner,1,0.4000,7,107
5651,3065140,corner,0,0.4000,7,108
5652,3066067,corner,1,0.4100,7,109
5653,3067419,corner,0,0.4100,7,110
5654,3067763,corner,0,0.4100,7,111
5655,3069115,corner,0,0.4000,7,112
5656,3069656,corner,1,0.4100,7,113
5657,3071008,corner,0,0.4100,7,114
5658,3072360,corner,0,0.4000,7,115
5659,3072835,corner,0,0.4000,7,116
5660,3073798,corner,1,0.4000,7,117
5661,3074006,corner,1,0.4100,7,118
5662,3074781,corner,0,0.4100,7,119
5663,3076034,corner,0,0.4100,7,120
5664,3076247,corner,1,0.4200,7,121
5665,3077599,corner,0,0.4200,7,122
5666,3078951,corner,0,0.4200,7,123
5667,3080009,corner,0,0.4200,7,124
5668,3080272,corner,1,0.4200,7,125
5669,3081609,corner,0,0.4200,7,126
5670,3082709,corner,0,0.4200,7,127
5671,3084061,corner,0,0.4100,7,128
5672,3085307,corner,1,0.4200,7,129
5673,3085521,corner,1,0.4300,7,130
5674,3086873,corner,0,0.4300,7,131
5675,3088031,corner,0,0.4300,7,132
5676,3089383,corner,0,0.4200,7,133
5677,3090735,corner,0,0.4200,7,134
5678,3092087,corner,0,0.4200,7,135
5679,3093277,corner,0,0.4100,7,136
5680,3093588,corner,0,0.4100,7,137
5681,3093810,corner,1,0.4100,7,138
5682,3095162,corner,0,0.4100,7,139
5683,3096435,corner,1,0.4200,7,140
5684,3097132,corner,1,0.4300,7,141
5685,3098260,corner,1,0.4400,7,142
5686,3099612,corner,0,0.4400,7,143
5687,3100964,corner,0,0.4300,7,144
5688,3101477,corner,0,0.4300,7,145
5689,3102829,corner,0,0.4300,7,146
5690,3104181,corner,0,0.4200,7,147
5691,3104403,corner,1,0.4200,7,148
5692,3104863,corner,1,0.4200,7,149
5693,3106215,corner,0,0.4100,7,150
5694,3107095,corner,1,0.4100,7,151
5695,3108317,corner,1,0.4100,7,152
5696,3109669,corner,0,0.4100,7,153
5697,3111021,corner,0,0.4100,7,154
5698,3111992,corner,1,0.4200,7,155
5699,3113344,corner,0,0.4200,7,156
5700,3114469,corner,0,0.4200,7,157
5701,3115563,corner,0,0.4200,7,158
5702,3116856,corner,1,0.4300,7,159
5703,3117900,corner,0,0.4200,7,160
5704,3118790,corner,1,0.4300,7,161
5705,3119742,corner,0,0.4200,7,162
5706,3120509,corner,0,0.4100,7,163
5707,3121861,corner,0,0.4100,7,164
5708,3123213,corner,0,0.4100,7,165
5709,3124408,corner,1,0.4100,7,166
5710,3124870,corner,0,0.4100,7,167
5711,3126222,corner,0,0.4000,7,168
5712,3127574,corner,1,0.4000,7,169
5713,3128297,corner,1,0.4000,7,170
5714,3129207,corner,1,0.4100,7,171
5715,3130559,corner,1,0.4200,7,172
5716,3131911,corner,0,0.4200,7,173
5717,3133179,corner,1,0.4300,7,174
5718,3133383,corner,1,0.4400,7,175
5719,3134735,corner,0,0.4300,7,176
5720,3135072,corner,0,0.4300,7,177
5721,3135664,corner,1,0.4400,7,178
5722,3137016,corner,0,0.4300,7,179
5723,3137189,corner,0,0.4200,7,180
5724,3138235,corner,1,0.4300,7,181
5725,3139587,corner,1,0.4300,7,182
5726,3139766,corner,0,0.4300,7,183
5727,3141118,corner,0,0.4200,7,184
5728,3142243,corner,0,0.4200,7,185
5729,3143595,corner,0,0.4100,7,186
5730,3144947,corner,0,0.4000,7,187
5731,3146299,corner,0,0.4000,7,188
5732,3146681,corner,0,0.3900,7,189
5733,3147888,corner,1,0.3900,7,190
5734,3148057,corner,1,0.3900,7,191
5735,3148476,corner,1,0.4000,7,192
5736,3149828,corner,1,0.4100,7,193
5737,3150545,corner,0,0.4100,7,194
5738,3151897,corner,1,0.4200,7,195
5739,3153249,corner,0,0.4200,7,196
5740,3154601,corner,0,0.4200,7,197
5741,3155926,corner,0,0.4100,7,198
5742,3157278,corner,0,0.4000,7,199
5743,3158512,corner,1,0.4100,7,200
5744,3158896,corner,0,0.4100,7,201
5745,3159881,corner,0,0.4000,7,202
5746,3161084,corner,1,0.4000,7,203
5747,3162436,corner,0,0.3900,7,204
5748,3163788,corner,0,0.3800,7,205
5749,3165140,corner,0,0.3700,7,206
5750,3166492,corner,1,0.3700,7,207
5751,3167844,corner,0,0.3700,7,208
5752,3169196,corner,1,0.3700,7,209
5753,3170548,corner,0,0.3700,7,210
5754,3171900,corner,0,0.3700,7,211
5755,3173252,corner,1,0.3800,7,212
5756,3173399,corner,0,0.3700,7,213
5757,3174751,corner,0,0.3700,7,214
5758,3174949,corner,1,0.3800,7,215
5759,3175144,corner,0,0.3800,7,216
5760,3175334,corner,0,0.3700,7,217
5761,3176686,corner,0,0.3600,7,218
5762,3178038,corner,0,0.3600,7,219
5763,3178239,corner,1,0.3700,7,220
5764,3179591,corner,0,0.3600,7,221
5765,3180943,corner,1,0.3700,7,222
5766,3182295,corner,1,0.3800,7,223
5767,3182907,corner,1,0.3900,7,224
5768,3183646,corner,0,0.3800,7,225
5769,3184998,corner,0,0.3800,7,226
5770,3186311,corner,0,0.3800,7,227
5771,3186791,corner,0,0.3800,7,228
5772,3188143,corner,1,0.3800,7,229
5773,3189495,corner,1,0.3800,7,230
5774,3189918,corner,1,0.3900,7,231
5775,3191270,corner,1,0.4000,7,232
5776,3192622,corner,0,0.4000,7,233
5777,3193408,corner,1,0.4100,7,234
5778,3193727,corner,1,0.4200,7,235
5779,3195079,corner,1,0.4300,7,236
5780,3196036,corner,0,0.4300,7,237
5781,3196448,corner,1,0.4300,7,238
5782,3197800,corner,0,0.4300,7,239
5783,3198381,corner,1,0.4300,7,240
5784,3198712,corner,0,0.4200,7,241
5785,3200064,corner,1,0.4200,7,242
5786,3200271,corner,1,0.4300,7,243
5787,3201263,corner,1,0.4400,7,244
5788,3201678,corner,1,0.4500,7,245
5789,3203030,corner,0,0.4500,7,246
5790,3204382,corner,0,0.4500,7,247
5791,3205734,corner,0,0.4400,7,248
5792,3206299,corner,1,0.4400,7,249
5793,3207651,corner,1,0.4500,7,250
5794,3209003,corner,0,0.4400,7,251
5795,3209176,corner,1,0.4400,7,252
5796,3209866,corner,0,0.4400,7,253
5797,3211218,corner,1,0.4500,7,254
5798,3212570,corner,0,0.4400,7,255
5799,3212917,corner,0,0.4400,7,256
5800,3213134,corner,1,0.4500,7,257
5801,3214486,corner,1,0.4600,7,258
5802,3215838,corner,1,0.4600,7,259
5803,3217190,corner,0,0.4600,7,260
5804,3217866,corner,1,0.4600,7,261
5805,3218840,corner,1,0.4700,7,262
5806,3219080,corner,1,0.4800,7,263
5807,3219684,corner,1,0.4900,7,264
5808,3219911,corner,1,0.5000,7,265
5809,3221263,corner,1,0.5000,7,266
5810,3222615,corner,0,0.5000,7,267
5811,3222724,corner,0,0.5000,7,268
5812,3222896,corner,1,0.5000,7,269
5813,3223127,corner,1,0.5000,7,270
5814,3224479,corner,0,0.4900,7,271
5815,3225059,corner,1,0.4900,7,272
5816,3226000,corner,0,0.4900,7,273
5817,3226631,corner,1,0.4900,7,274
5818,3227983,corner,0,0.4800,7,275
5819,3229335,corner,0,0.4800,7,276
5820,3229682,corner,0,0.4800,7,277
5821,3230294,corner,1,0.4800,7,278
5822,3230742,corner,1,0.4900,7,279
5823,3231273,corner,1,0.5000,7,280
5824,3232625,corner,0,0.4900,7,281
5825,3233031,corner,0,0.4800,7,282
5826,3233233,corner,1,0.4900,7,283
5827,3234585,corner,0,0.4900,7,284
5828,3235937,corner,0,0.4900,7,285
5829,3237289,corner,0,0.4900,7,286
5830,3237628,corner,0,0.4900,7,287
5831,3238980,corner,0,0.4900,7,288
5832,3240229,corner,1,0.5000,7,289
5833,3240605,corner,0,0.4900,7,290
5834,3241957,corner,0,0.4800,7,291
5835,3243309,corner,0,0.4700,7,292
5836,3243660,corner,0,0.4600,7,293
5837,3244423,corner,1,0.4700,7,294
5838,3244947,corner,1,0.4700,7,295
5839,3246299,corner,1,0.4800,7,296
5840,3246679,corner,1,0.4900,7,297
5841,3248031,corner,0,0.4900,7,298
5842,3248193,corner,1,0.5000,7,299
5843,3248369,corner,0,0.4900,7,300
5844,3248951,corner,1,0.5000,7,301
5845,3249123,corner,1,0.5100,7,302
5846,3250147,corner,1,0.5100,7,303
5847,3250355,corner,1,0.5200,7,304
5848,3250597,corner,1,0.5300,7,305
5849,3251949,corner,0,0.5300,7,306
5850,3252555,corner,1,0.5300,7,307
5851,3252734,corner,0,0.5300,7,308
5852,3253606,corner,1,0.5300,7,309
5853,3254841,corner,1,0.5400,7,310
5854,3256193,corner,1,0.5500,7,311
5855,3257540,corner,1,0.5500,7,312
5856,3258892,corner,0,0.5500,7,313
5857,3260244,corner,0,0.5500,7,314
5858,3260629,corner,1,0.5500,7,315
5859,3261394,corner,1,0.5600,7,316
5860,3261502,corner,0,0.5600,7,317
5861,3262854,corner,0,0.5600,7,318
5862,3264206,corner,0,0.5600,7,319
5863,3264917,corner,0,0.5500,7,320
5864,3266269,corner,0,0.5500,7,321
5865,3266887,corner,0,0.5400,7,322
5866,3268147,corner,1,0.5400,7,323
5867,3269499,corner,0,0.5300,7,324
5868,3269932,corner,0,0.5300,7,325
5869,3271284,corner,0,0.5300,7,326
5870,3272636,corner,0,0.5300,7,327
5871,3273204,corner,1,0.5400,7,328
5872,3274556,corner,1,0.5400,7,329
5873,3275908,corner,0,0.5300,7,330
5874,3277243,corner,1,0.5300,7,331
5875,3278292,corner,1,0.5300,7,332
5876,3279372,corner,0,0.5300,7,333
5877,3280724,corner,0,0.5200,7,334
5878,3280839,corner,0,0.5100,7,335
5879,3282191,corner,0,0.5000,7,336
5880,3283543,corner,1,0.5100,7,337
5881,3284622,corner,0,0.5000,7,338
5882,3285676,corner,1,0.5100,7,339
5883,3285892,corner,1,0.5100,7,340
5884,3287244,corner,1,0.5200,7,341
5885,3288339,corner,0,0.5100,7,342
5886,3289691,corner,0,0.5000,7,343
5887,3291043,corner,0,0.4900,7,344
5888,3292395,corner,0,0.4800,7,345
5889,3293747,corner,0,0.4800,7,346
5890,3294942,corner,1,0.4900,7,347
5891,3296294,corner,1,0.5000,7,348
5892,3297646,corner,0,0.4900,7,349
5893,3298998,corner,1,0.4900,7,350
5894,3300350,corner,0,0.4900,7,351
5895,3301296,defensive,1,0.4900,8,1
5896,3301654,defensive,1,0.5000,8,2
5897,3302052,defensive,1,0.5000,8,3
5898,3302976,defensive,1,0.5100,8,4
5899,3303261,defensive,0,0.5100,8,5
5900,3304107,defensive,1,0.5100,8,6
5901,3304327,defensive,1,0.5100,8,7
5902,3304660,defensive,1,0.5100,8,8
5903,3305869,defensive,1,0.5200,8,9
5904,3306040,defensive,1,0.5200,8,10
5905,3306226,defensive,1,0.5200,8,11
5906,3307087,defensive,1,0.5200,8,12
5907,3307419,defensive,1,0.5200,8,13
5908,3307716,defensive,1,0.5200,8,14
5909,3309068,defensive,0,0.5100,8,15
5910,3309352,defensive,0,0.5100,8,16
5911,3309745,defensive,1,0.5200,8,17
5912,3310176,defensive,1,0.5200,8,18
5913,3310797,defensive,1,0.5200,8,19
5914,3311278,defensive,1,0.5300,8,20
5915,3312630,defensive,1,0.5300,8,21
5916,3313100,defensive,0,0.5300,8,22
5917,3313749,defensive,1,0.5300,8,23
5918,3314211,defensive,1,0.5400,8,24
5919,3315563,defensive,0,0.5400,8,25
5920,3315940,defensive,1,0.5500,8,26
5921,3316607,defensive,1,0.5500,8,27
5922,3317107,defensive,1,0.5500,8,28
5923,3317286,defensive,1,0.5500,8,29
5924,3317445,defensive,1,0.5600,8,30
5925,3317634,defensive,1,0.5700,8,31
5926,3317741,defensive,0,0.5600,8,32
5927,3317919,defensive,1,0.5700,8,33
5928,3318509,defensive,1,0.5800,8,34
5929,3319687,defensive,0,0.5800,8,35
5930,3319878,defensive,1,0.5900,8,36
5931,3320333,defensive,1,0.6000,8,37
5932,3320929,defensive,0,0.5900,8,38
5933,3321255,defensive,1,0.6000,8,39
5934,3321597,defensive,1,0.6100,8,40
5935,3322632,defensive,1,0.6200,8,41
5936,3322790,defensive,1,0.6300,8,42
5937,3323013,defensive,1,0.6300,8,43
5938,3323193,defensive,1,0.6300,8,44
5939,3323378,defensive,1,0.6300,8,45
5940,3324104,defensive,1,0.6300,8,46
5941,3324869,defensive,1,0.6400,8,47
5942,3325222,defensive,1,0.6400,8,48
5943,3325460,defensive,1,0.6500,8,49
5944,3325852,defensive,1,0.6500,8,50
5945,3326145,defensive,0,0.6400,8,51
5946,3326808,defensive,1,0.6400,8,52
5947,3327441,defensive,0,0.6300,8,53
5948,3327611,defensive,1,0.6300,8,54
5949,3327805,defensive,1,0.6400,8,55
5950,3328180,defensive,1,0.6400,8,56
5951,3328538,defensive,1,0.6500,8,57
5952,3328747,defensive,1,0.6500,8,58
5953,3328970,defensive,1,0.6500,8,59
5954,3329075,defensive,0,0.6400,8,60
5955,3330210,defensive,1,0.6400,8,61
5956,3330841,defensive,1,0.6500,8,62
5957,3331566,defensive,1,0.6600,8,63
5958,3331768,defensive,1,0.6600,8,64
5959,3332475,defensive,1,0.6600,8,65
5960,3333074,defensive,1,0.6700,8,66
5961,3333563,defensive,1,0.6800,8,67
5962,3334375,defensive,1,0.6900,8,68
5963,3335275,defensive,1,0.7000,8,69
5964,3335642,defensive,1,0.7100,8,70
5965,3335868,defensive,1,0.7200,8,71
5966,3337220,defensive,0,0.7100,8,72
5967,3337827,defensive,1,0.7200,8,73
5968,3338314,defensive,1,0.7300,8,74
5969,3338839,defensive,1,0.7400,8,75
5970,3339121,defensive,0,0.7400,8,76
5971,3339227,defensive,1,0.7400,8,77
5972,3340221,defensive,1,0.7400,8,78
5973,3341222,defensive,1,0.7500,8,79
5974,3342574,defensive,1,0.7500,8,80
5975,3342722,defensive,1,0.7500,8,81
5976,3343359,defensive,1,0.7600,8,82
5977,3344711,defensive,1,0.7700,8,83
5978,3345502,defensive,1,0.7800,8,84
5979,3345942,defensive,1,0.7900,8,85
5980,3347294,defensive,1,0.7900,8,86
5981,3348345,defensive,1,0.8000,8,87
5982,3348473,defensive,1,0.8000,8,88
5983,3349235,defensive,1,0.8000,8,89
5984,3350137,defensive,0,0.7900,8,90
5985,3350911,defensive,1,0.8000,8,91
5986,3351550,defensive,1,0.8100,8,92
5987,3352902,defensive,1,0.8200,8,93
5988,3353232,defensive,1,0.8300,8,94
5989,3353739,defensive,0,0.8300,8,95
5990,3355091,defensive,1,0.8300,8,96
5991,3355504,defensive,1,0.8300,8,97
5992,3355776,defensive,1,0.8400,8,98
5993,3355942,defensive,1,0.8400,8,99
5994,3357289,defensive,0,0.8400,8,100
5995,3358503,defensive,1,0.8400,8,101
5996,3358888,defensive,1,0.8400,8,102
5997,3358978,defensive,0,0.8300,8,103
5998,3359573,defensive,1,0.8300,8,104
5999,3360925,defensive,0,0.8300,8,105
6000,3361047,defensive,0,0.8200,8,106
6001,3362399,defensive,1,0.8200,8,107
6002,3363751,defensive,1,0.8200,8,108
6003,3364018,defensive,1,0.8200,8,109
6004,3364364,defensive,1,0.8200,8,110
6005,3365174,defensive,0,0.8100,8,111
6006,3366019,defensive,1,0.8100,8,112
6007,3367066,defensive,1,0.8100,8,113
6008,3367244,defensive,1,0.8100,8,114
6009,3367362,defensive,0,0.8100,8,115
6010,3367696,defensive,1,0.8200,8,116
6011,3367905,defensive,1,0.8200,8,117
6012,3368593,defensive,0,0.8100,8,118
6013,3368793,defensive,1,0.8100,8,119
6014,3369349,defensive,1,0.8100,8,120
6015,3369870,defensive,1,0.8100,8,121
6016,3371222,defensive,0,0.8100,8,122
6017,3371547,defensive,0,0.8000,8,123
6018,3372425,defensive,1,0.8000,8,124
6019,3373419,defensive,1,0.8100,8,125
6020,3373643,defensive,1,0.8100,8,126
6021,3374330,defensive,1,0.8100,8,127
6022,3374710,defensive,1,0.8100,8,128
6023,3375181,defensive,1,0.8100,8,129
6024,3376451,defensive,1,0.8100,8,130
6025,3377803,defensive,0,0.8000,8,131
6026,3377987,defensive,1,0.8100,8,132
6027,3379339,defensive,1,0.8100,8,133
6028,3380573,defensive,0,0.8000,8,134
6029,3381321,defensive,1,0.8100,8,135
6030,3381542,defensive,1,0.8100,8,136
6031,3382894,defensive,1,0.8100,8,137
6032,3382993,defensive,0,0.8100,8,138
6033,3383337,defensive,1,0.8100,8,139
6034,3383735,defensive,1,0.8100,8,140
6035,3384346,defensive,1,0.8100,8,141
6036,3385698,defensive,0,0.8000,8,142
6037,3386056,defensive,1,0.8000,8,143
6038,3386408,defensive,1,0.8000,8,144
6039,3387760,defensive,0,0.7900,8,145
6040,3389112,defensive,1,0.7900,8,146
6041,3389618,defensive,1,0.7900,8,147
6042,3390970,defensive,1,0.7900,8,148
6043,3391827,defensive,1,0.7900,8,149
6044,3392028,defensive,1,0.7900,8,150
6045,3392203,defensive,1,0.8000,8,151
6046,3392502,defensive,0,0.7900,8,152
6047,3392673,defensive,0,0.7900,8,153
6048,3394025,defensive,0,0.7800,8,154
6049,3395001,defensive,1,0.7800,8,155
6050,3396353,defensive,1,0.7800,8,156
6051,3397705,defensive,0,0.7700,8,157
6052,3399057,defensive,1,0.7700,8,158
6053,3399248,defensive,1,0.7700,8,159
6054,3399335,defensive,0,0.7700,8,160
6055,3399610,defensive,0,0.7600,8,161
6056,3400962,defensive,0,0.7500,8,162
6057,3401417,defensive,1,0.7500,8,163
6058,3402769,defensive,1,0.7500,8,164
6059,3403780,defensive,1,0.7500,8,165
6060,3403872,defensive,0,0.7400,8,166
6061,3404791,defensive,0,0.7300,8,167
6062,3405310,defensive,1,0.7300,8,168
6063,3405781,defensive,0,0.7200,8,169
6064,3407133,defensive,1,0.7200,8,170
6065,3408485,defensive,1,0.7200,8,171
6066,3408625,defensive,1,0.7300,8,172
6067,3409000,defensive,1,0.7300,8,173
6068,3409260,defensive,0,0.7200,8,174
6069,3410612,defensive,0,0.7100,8,175
6070,3411964,defensive,1,0.7200,8,176
6071,3412549,defensive,1,0.7200,8,177
6072,3412842,defensive,0,0.7100,8,178
6073,3413039,defensive,1,0.7100,8,179
6074,3413965,defensive,1,0.7100,8,180
6075,3414981,defensive,1,0.7100,8,181
6076,3416333,defensive,0,0.7000,8,182
6077,3416565,defensive,1,0.7000,8,183
6078,3417364,defensive,1,0.7000,8,184
6079,3418561,defensive,0,0.6900,8,185
6080,3419056,defensive,1,0.6900,8,186
6081,3420408,defensive,0,0.6800,8,187
6082,3421571,defensive,1,0.6800,8,188
6083,3422555,defensive,0,0.6700,8,189
6084,3423907,defensive,0,0.6700,8,190
6085,3424004,defensive,0,0.6600,8,191
6086,3424585,defensive,1,0.6600,8,192
6087,3424960,defensive,1,0.6600,8,193
6088,3426312,defensive,1,0.6600,8,194
6089,3426518,defensive,1,0.6700,8,195
6090,3427870,defensive,1,0.6700,8,196
6091,3429194,defensive,1,0.6700,8,197
6092,3430470,defensive,1,0.6700,8,198
6093,3431304,defensive,1,0.6700,8,199
6094,3432656,defensive,0,0.6700,8,200
6095,3433517,defensive,1,0.6700,8,201
6096,3434137,defensive,1,0.6700,8,202
6097,3434287,defensive,1,0.6800,8,203
6098,3435639,defensive,1,0.6800,8,204
6099,3436991,defensive,1,0.6900,8,205
6100,3438343,defensive,1,0.7000,8,206
6101,3438431,defensive,0,0.6900,8,207
6102,3438616,defensive,1,0.6900,8,208
6103,3438760,defensive,1,0.6900,8,209
6104,3438954,defensive,1,0.6900,8,210
6105,3440306,defensive,1,0.7000,8,211
6106,3440503,defensive,1,0.7000,8,212
6107,3441423,defensive,1,0.7000,8,213
6108,3441642,defensive,1,0.7000,8,214
6109,3442994,defensive,0,0.7000,8,215
6110,3444211,defensive,0,0.6900,8,216
6111,3445186,defensive,0,0.6800,8,217
6112,3445374,defensive,1,0.6900,8,218
6113,3446726,defensive,1,0.6900,8,219
6114,3447789,defensive,1,0.6900,8,220
6115,3447928,defensive,1,0.6900,8,221
6116,3448488,defensive,1,0.7000,8,222
6117,3449062,defensive,1,0.7100,8,223
6118,3450274,defensive,1,0.7100,8,224
6119,3450653,defensive,1,0.7100,8,225
6120,3450898,defensive,0,0.7000,8,226
6121,3451385,defensive,0,0.6900,8,227
6122,3452514,defensive,1,0.6900,8,228
6123,3453775,defensive,1,0.6900,8,229
6124,3454502,defensive,1,0.6900,8,230
6125,3455309,defensive,1,0.7000,8,231
6126,3456661,defensive,1,0.7000,8,232
6127,3458013,defensive,0,0.6900,8,233
6128,3458476,defensive,1,0.7000,8,234
6129,3459828,defensive,0,0.6900,8,235
6130,3460679,defensive,1,0.6900,8,236
6131,3460804,defensive,0,0.6800,8,237
6132,3461914,defensive,0,0.6800,8,238
6133,3462003,defensive,0,0.6700,8,239
6134,3463355,defensive,0,0.6600,8,240
6135,3464707,defensive,1,0.6600,8,241
6136,3464802,defensive,0,0.6600,8,242
6137,3464970,defensive,1,0.6600,8,243
6138,3465926,defensive,1,0.6600,8,244
6139,3467278,defensive,1,0.6700,8,245
6140,3467813,defensive,1,0.6700,8,246
6141,3468987,defensive,1,0.6700,8,247
6142,3470053,defensive,0,0.6600,8,248
6143,3470265,defensive,1,0.6600,8,249
6144,3471144,defensive,1,0.6600,8,250
6145,3472496,defensive,1,0.6600,8,251
6146,3473093,defensive,0,0.6600,8,252
6147,3473726,defensive,0,0.6600,8,253
6148,3473822,defensive,0,0.6600,8,254
6149,3473929,defensive,0,0.6500,8,255
6150,3474671,defensive,1,0.6500,8,256
6151,3474894,defensive,1,0.6600,8,257
6152,3475915,defensive,1,0.6600,8,258
6153,3477182,defensive,1,0.6600,8,259
6154,3477619,defensive,0,0.6600,8,260
6155,3478971,defensive,0,0.6600,8,261
6156,3479349,defensive,1,0.6700,8,262
6157,3480108,defensive,0,0.6600,8,263
6158,3480577,defensive,1,0.6600,8,264
6159,3481240,defensive,0,0.6500,8,265
6160,3482592,defensive,0,0.6500,8,266
6161,3482699,defensive,0,0.6500,8,267
6162,3483788,defensive,0,0.6400,8,268
6163,3484466,defensive,0,0.6400,8,269
6164,3485292,defensive,1,0.6400,8,270
6165,3486253,defensive,1,0.6400,8,271
6166,3487605,defensive,1,0.6400,8,272
6167,3488275,defensive,1,0.6400,8,273
6168,3489338,defensive,1,0.6500,8,274
6169,3490690,defensive,0,0.6500,8,275
6170,3491104,defensive,0,0.6400,8,276
6171,3492013,defensive,1,0.6400,8,277
6172,3492665,defensive,1,0.6500,8,278
6173,3494017,defensive,1,0.6500,8,279
6174,3495369,defensive,1,0.6500,8,280
6175,3495555,defensive,1,0.6500,8,281
6176,3495823,defensive,1,0.6600,8,282
6177,3496426,defensive,1,0.6600,8,283
6178,3496810,defensive,1,0.6600,8,284
6179,3496999,defensive,1,0.6700,8,285
6180,3498351,defensive,1,0.6700,8,286
6181,3498540,defensive,1,0.6800,8,287
6182,3499892,defensive,0,0.6700,8,288
6183,3500038,defensive,1,0.6800,8,289
6184,3500609,defensive,0,0.6800,8,290
6185,3501687,defensive,1,0.6900,8,291
6186,3502389,defensive,1,0.6900,8,292
6187,3503277,defensive,1,0.6900,8,293
6188,3503461,defensive,1,0.6900,8,294
6189,3503869,defensive,1,0.6900,8,295
6190,3504748,defensive,1,0.6900,8,296
6191,3505796,defensive,1,0.6900,8,297
6192,3506682,defensive,0,0.6800,8,298
6193,3506790,defensive,0,0.6700,8,299
6194,3507137,defensive,1,0.6800,8,300
6195,3507239,defensive,0,0.6700,8,301
6196,3507655,defensive,1,0.6700,8,302
6197,3509007,defensive,1,0.6700,8,303
6198,3509355,defensive,0,0.6600,8,304
6199,3510354,defensive,1,0.6600,8,305
6200,3511048,defensive,1,0.6600,8,306
6201,3512395,defensive,1,0.6700,8,307
6202,3512770,defensive,1,0.6700,8,308
6203,3512954,defensive,1,0.6700,8,309
6204,3513046,defensive,0,0.6600,8,310
6205,3513508,defensive,1,0.6600,8,311
6206,3513676,defensive,1,0.6600,8,312
6207,3514892,defensive,1,0.6600,8,313
6208,3516244,defensive,1,0.6600,8,314
6209,3517155,defensive,1,0.6700,8,315
6210,3518061,defensive,1,0.6800,8,316
6211,3519320,defensive,1,0.6900,8,317
6212,3519758,defensive,1,0.6900,8,318
6213,3519955,defensive,1,0.6900,8,319
6214,3520362,defensive,1,0.6900,8,320
6215,3520980,defensive,1,0.6900,8,321
6216,3522332,defensive,1,0.6900,8,322
6217,3522700,defensive,1,0.6900,8,323
6218,3524052,defensive,1,0.6900,8,324
6219,3525404,defensive,1,0.6900,8,325
6220,3526756,defensive,0,0.6900,8,326
6221,3527134,defensive,1,0.7000,8,327
6222,3528486,defensive,0,0.6900,8,328
6223,3529838,defensive,0,0.6800,8,329
6224,3530448,defensive,1,0.6800,8,330
6225,3530560,defensive,0,0.6700,8,331
6226,3531912,defensive,0,0.6600,8,332
6227,3532076,defensive,1,0.6700,8,333
6228,3533428,defensive,0,0.6600,8,334
6229,3534780,defensive,1,0.6700,8,335
6230,3535713,defensive,1,0.6700,8,336
6231,3537065,defensive,1,0.6800,8,337
6232,3537685,defensive,0,0.6800,8,338
6233,3538235,defensive,1,0.6900,8,339
6234,3538786,defensive,1,0.7000,8,340
6235,3540138,defensive,0,0.6900,8,341
6236,3540254,defensive,0,0.6900,8,342
6237,3540392,defensive,1,0.6900,8,343
6238,3541027,defensive,1,0.6900,8,344
6239,3541457,defensive,1,0.6900,8,345
6240,3542408,defensive,1,0.6900,8,346
6241,3543280,defensive,0,0.6800,8,347
6242,3544150,defensive,0,0.6800,8,348
6243,3545502,defensive,0,0.6700,8,349
6244,3546854,defensive,1,0.6700,8,350
6245,3547033,defensive,1,0.6700,8,351
6246,3547690,defensive,1,0.6800,8,352
6247,3548143,defensive,1,0.6900,8,353
6248,3548928,defensive,0,0.6900,8,354
6249,3550280,defensive,1,0.7000,8,355
6250,3551632,defensive,1,0.7000,8,356
6251,3552984,defensive,1,0.7000,8,357
6252,3553577,defensive,1,0.7000,8,358
6253,3553979,defensive,1,0.7000,8,359
6254,3554441,defensive,1,0.7100,8,360
6255,3555600,defensive,0,0.7100,8,361
6256,3556952,defensive,1,0.7100,8,362
6257,3558304,defensive,1,0.7200,8,363
6258,3559627,defensive,0,0.7100,8,364
6259,3559726,defensive,0,0.7100,8,365
6260,3559844,defensive,0,0.7100,8,366
6261,3561196,defensive,1,0.7200,8,367
6262,3562364,defensive,0,0.7200,8,368
6263,3562873,defensive,0,0.7200,8,369
6264,3563930,defensive,0,0.7100,8,370
6265,3564043,defensive,0,0.7000,8,371
6266,3564935,defensive,1,0.7000,8,372
6267,3566287,defensive,1,0.7000,8,373
6268,3567639,defensive,0,0.6900,8,374
6269,3568479,defensive,1,0.7000,8,375
6270,3569346,defensive,1,0.7100,8,376
6271,3570494,defensive,0,0.7000,8,377
6272,3571846,defensive,0,0.6900,8,378
6273,3572423,defensive,1,0.6900,8,379
6274,3572518,defensive,0,0.6800,8,380
6275,3573054,defensive,0,0.6700,8,381
6276,3573358,defensive,0,0.6600,8,382
6277,3573514,defensive,1,0.6600,8,383
6278,3574866,defensive,1,0.6600,8,384
6279,3575073,defensive,1,0.6600,8,385
6280,3576425,defensive,1,0.6600,8,386
6281,3577605,defensive,1,0.6600,8,387
6282,3578138,defensive,1,0.6700,8,388
6283,3579490,defensive,0,0.6600,8,389
6284,3580842,defensive,1,0.6700,8,390
6285,3581194,defensive,0,0.6600,8,391
6286,3582468,defensive,1,0.6600,8,392
6287,3583207,defensive,1,0.6600,8,393
6288,3584559,defensive,1,0.6600,8,394
6289,3585130,defensive,0,0.6500,8,395
6290,3585806,defensive,1,0.6500,8,396
6291,3586102,defensive,0,0.6400,8,397
6292,3586269,defensive,0,0.6400,8,398
6293,3587621,defensive,0,0.6400,8,399
6294,3588106,defensive,1,0.6400,8,400
6295,3589458,defensive,0,0.6400,8,401
6296,3590674,defensive,1,0.6400,8,402
6297,3591462,defensive,1,0.6400,8,403
6298,3592771,defensive,1,0.6500,8,404
6299,3594123,defensive,1,0.6500,8,405
6300,3595475,defensive,0,0.6400,8,406
6301,3596827,defensive,0,0.6300,8,407
6302,3597816,defensive,1,0.6300,8,408
6303,3599168,defensive,1,0.6300,8,409
6304,3599521,defensive,1,0.6400,8,410
6305,3600873,defensive,1,0.6400,8,411
6306,3602225,defensive,1,0.6400,8,412
6307,3603577,defensive,0,0.6300,8,413
6308,3604929,defensive,1,0.6300,8,414
6309,3605524,defensive,0,0.6200,8,415
6310,3605922,defensive,1,0.6200,8,416
6311,3606572,defensive,0,0.6100,8,417
6312,3607255,defensive,0,0.6000,8,418
6313,3608607,defensive,1,0.6000,8,419
6314,3608713,defensive,0,0.5900,8,420
6315,3609077,defensive,1,0.5900,8,421
6316,3609271,defensive,1,0.5900,8,422
6317,3610623,defensive,1,0.5900,8,423
6318,3610952,defensive,0,0.5800,8,424
6319,3612304,defensive,1,0.5800,8,425
6320,3613602,defensive,1,0.5900,8,426
6321,3613776,defensive,1,0.5900,8,427
6322,3615128,defensive,1,0.6000,8,428
6323,3616112,defensive,1,0.6100,8,429
6324,3616479,defensive,1,0.6100,8,430
6325,3617123,defensive,1,0.6200,8,431
6326,3618035,defensive,1,0.6300,8,432
6327,3619184,defensive,0,0.6200,8,433
6328,3619465,defensive,0,0.6200,8,434
6329,3620817,defensive,0,0.6100,8,435
6330,3622169,defensive,1,0.6100,8,436
6331,3623521,defensive,1,0.6100,8,437
6332,3624591,defensive,1,0.6200,8,438
6333,3625943,defensive,0,0.6100,8,439
6334,3627295,defensive,0,0.6000,8,440
6335,3627978,defensive,1,0.6100,8,441
6336,3629330,defensive,1,0.6200,8,442
6337,3629962,defensive,1,0.6200,8,443
6338,3631314,defensive,1,0.6200,8,444
6339,3631474,defensive,1,0.6200,8,445
6340,3631677,defensive,1,0.6200,8,446
6341,3633029,defensive,1,0.6300,8,447
6342,3634381,defensive,0,0.6300,8,448
6343,3634907,defensive,1,0.6400,8,449
6344,3636259,defensive,1,0.6400,8,450
6345,3637611,defensive,0,0.6300,8,451
6346,3637911,defensive,0,0.6200,8,452
6347,3639263,defensive,1,0.6200,8,453
6348,3639568,defensive,0,0.6200,8,454
6349,3640118,defensive,1,0.6200,8,455
6350,3641470,defensive,0,0.6100,8,456
6351,3642822,defensive,1,0.6100,8,457
6352,3643125,defensive,0,0.6000,8,458
6353,3644477,defensive,0,0.5900,8,459
6354,3645829,defensive,1,0.5900,8,460
6355,3645937,defensive,0,0.5900,8,461
6356,3646773,defensive,1,0.5900,8,462
6357,3647238,defensive,0,0.5800,8,463
6358,3648590,defensive,1,0.5900,8,464
6359,3649942,defensive,1,0.6000,8,465
6360,3650043,defensive,0,0.6000,8,466
6361,3651395,corner,0,0.5900,9,1
6362,3651629,corner,1,0.6000,9,2
6363,3652981,corner,0,0.6000,9,3
6364,3654333,corner,0,0.6000,9,4
6365,3654537,corner,1,0.6100,9,5
6366,3655889,corner,1,0.6100,9,6
6367,3657241,corner,1,0.6100,9,7
6368,3658593,corner,1,0.6200,9,8
6369,3658810,corner,1,0.6200,9,9
6370,3660162,corner,0,0.6100,9,10
6371,3661396,corner,1,0.6200,9,11
6372,3661567,corner,1,0.6300,9,12
6373,3661744,corner,0,0.6200,9,13
6374,3662264,corner,0,0.6200,9,14
6375,3663616,corner,1,0.6300,9,15
6376,3663974,corner,0,0.6300,9,16
6377,3664251,corner,0,0.6200,9,17
6378,3665040,corner,1,0.6200,9,18
6379,3666392,corner,1,0.6200,9,19
6380,3667410,corner,1,0.6200,9,20
6381,3667582,corner,1,0.6200,9,21
6382,3668934,corner,1,0.6200,9,22
6383,3670286,corner,0,0.6200,9,23
6384,3671638,corner,0,0.6100,9,24
6385,3672990,corner,0,0.6100,9,25
6386,3674342,corner,1,0.6100,9,26
6387,3674483,corner,0,0.6000,9,27
6388,3675223,corner,0,0.5900,9,28
6389,3676575,corner,0,0.5900,9,29
6390,3677927,corner,0,0.5800,9,30
6391,3679279,corner,1,0.5900,9,31
6392,3679477,corner,1,0.6000,9,32
6393,3680829,corner,1,0.6100,9,33
6394,3682181,corner,0,0.6000,9,34
6395,3683237,corner,0,0.6000,9,35
6396,3684589,corner,0,0.5900,9,36
6397,3685051,corner,0,0.5800,9,37
6398,3686403,corner,0,0.5700,9,38
6399,3687755,corner,1,0.5700,9,39
6400,3689107,corner,1,0.5800,9,40
6401,3690459,corner,0,0.5800,9,41
6402,3691075,corner,1,0.5800,9,42
6403,3691465,corner,0,0.5700,9,43
6404,3692817,corner,1,0.5700,9,44
6405,3694169,corner,0,0.5600,9,45
6406,3695521,corner,0,0.5500,9,46
6407,3695758,corner,1,0.5600,9,47
6408,3697110,corner,1,0.5600,9,48
6409,3698137,corner,0,0.5600,9,49
6410,3699489,corner,0,0.5500,9,50
6411,3700841,corner,0,0.5500,9,51
6412,3702193,corner,0,0.5500,9,52
6413,3703545,corner,0,0.5400,9,53
6414,3704897,corner,0,0.5400,9,54
6415,3706249,corner,1,0.5400,9,55
6416,3707601,corner,0,0.5300,9,56
6417,3708953,corner,0,0.5200,9,57
6418,3710305,corner,1,0.5300,9,58
6419,3711657,corner,0,0.5200,9,59
6420,3712438,corner,1,0.5200,9,60
6421,3713790,corner,1,0.5200,9,61
6422,3714364,corner,0,0.5100,9,62
6423,3715171,corner,1,0.5100,9,63
6424,3716523,corner,0,0.5000,9,64
6425,3717301,corner,1,0.5000,9,65
6426,3718653,corner,1,0.5000,9,66
6427,3719850,corner,0,0.5000,9,67
6428,3721202,corner,0,0.5000,9,68
6429,3722554,corner,0,0.5000,9,69
6430,3723906,corner,0,0.4900,9,70
6431,3725258,corner,0,0.4800,9,71
6432,3725904,corner,0,0.4700,9,72
6433,3727256,corner,0,0.4700,9,73
6434,3728608,corner,0,0.4700,9,74
6435,3729960,corner,0,0.4600,9,75
6436,3730570,corner,1,0.4600,9,76
6437,3731922,corner,0,0.4500,9,77
6438,3733274,corner,1,0.4500,9,78
6439,3733986,corner,0,0.4400,9,79
6440,3734663,corner,1,0.4400,9,80
6441,3735030,corner,1,0.4400,9,81
6442,3735245,corner,1,0.4500,9,82
6443,3736597,corner,0,0.4400,9,83
6444,3737949,corner,0,0.4300,9,84
6445,3738182,corner,1,0.4400,9,85
6446,3738365,corner,1,0.4500,9,86
6447,3738763,corner,0,0.4400,9,87
6448,3738870,corner,0,0.4400,9,88
6449,3740222,corner,0,0.4300,9,89
6450,3741574,corner,0,0.4300,9,90
6451,3742926,corner,0,0.4200,9,91
6452,3744187,corner,1,0.4300,9,92
6453,3744303,corner,0,0.4300,9,93
6454,3745655,corner,0,0.4200,9,94
6455,3747007,corner,0,0.4200,9,95
6456,3748359,corner,0,0.4100,9,96
6457,3748593,corner,1,0.4200,9,97
6458,3749287,corner,0,0.4100,9,98
6459,3750570,corner,1,0.4100,9,99
6460,3751787,corner,1,0.4200,9,100
6461,3753139,corner,0,0.4200,9,101
6462,3754477,corner,0,0.4100,9,102
6463,3754651,corner,0,0.4100,9,103
6464,3756003,corner,0,0.4100,9,104
6465,3756911,corner,1,0.4100,9,105
6466,3757366,corner,1,0.4100,9,106
6467,3757704,corner,0,0.4000,9,107
6468,3759056,corner,0,0.3900,9,108
6469,3760408,corner,0,0.3800,9,109
6470,3760918,corner,0,0.3800,9,110
6471,3761193,corner,0,0.3700,9,111
6472,3762545,corner,0,0.3600,9,112
6473,3763201,corner,0,0.3600,9,113
6474,3764553,corner,0,0.3600,9,114
6475,3765189,corner,1,0.3600,9,115
6476,3766468,corner,1,0.3700,9,116
6477,3767820,corner,1,0.3800,9,117
6478,3769172,corner,0,0.3700,9,118
6479,3770524,corner,0,0.3600,9,119
6480,3771876,corner,0,0.3500,9,120
6481,3772099,corner,1,0.3500,9,121
6482,3773451,corner,0,0.3400,9,122
6483,3774803,corner,0,0.3400,9,123
6484,3776155,corner,0,0.3400,9,124
6485,3776785,corner,1,0.3500,9,125
6486,3778137,corner,1,0.3500,9,126
6487,3779489,corner,0,0.3500,9,127
6488,3780841,corner,0,0.3500,9,128
6489,3782193,corner,1,0.3600,9,129
6490,3783545,corner,0,0.3600,9,130
6491,3784897,corner,0,0.3500,9,131
6492,3786249,corner,0,0.3400,9,132
6493,3787601,corner,0,0.3300,9,133
6494,3788953,corner,0,0.3300,9,134
6495,3789501,corner,1,0.3400,9,135
6496,3790846,corner,0,0.3400,9,136
6497,3791709,corner,1,0.3500,9,137
6498,3792785,corner,0,0.3500,9,138
6499,3794137,corner,0,0.3400,9,139
6500,3794864,corner,1,0.3400,9,140
6501,3796216,corner,0,0.3400,9,141
6502,3796637,corner,1,0.3400,9,142
6503,3797989,corner,0,0.3400,9,143
6504,3798566,corner,1,0.3400,9,144
6505,3799918,corner,0,0.3400,9,145
6506,3800803,corner,0,0.3400,9,146
6507,3800975,corner,0,0.3300,9,147
6508,3802208,corner,1,0.3300,9,148
6509,3803560,corner,0,0.3300,9,149
6510,3804662,corner,1,0.3400,9,150
6511,3806014,corner,0,0.3400,9,151
6512,3806808,corner,1,0.3500,9,152
6513,3807728,corner,0,0.3500,9,153
6514,3809080,corner,1,0.3600,9,154
6515,3809471,corner,1,0.3600,9,155
6516,3810823,corner,0,0.3600,9,156
6517,3811543,corner,1,0.3700,9,157
6518,3811828,corner,0,0.3600,9,158
6519,3812022,corner,1,0.3700,9,159
6520,3813374,corner,0,0.3600,9,160
6521,3814726,corner,0,0.3500,9,161
6522,3816078,corner,0,0.3500,9,162
6523,3816506,corner,1,0.3500,9,163
6524,3816961,corner,1,0.3600,9,164
6525,3817173,corner,1,0.3600,9,165
6526,3818525,corner,0,0.3500,9,166
6527,3819877,corner,0,0.3500,9,167
6528,3821229,corner,0,0.3500,9,168
6529,3821339,corner,0,0.3500,9,169
6530,3822139,corner,1,0.3600,9,170
6531,3822592,corner,1,0.3700,9,171
6532,3823944,corner,0,0.3700,9,172
6533,3825296,corner,0,0.3700,9,173
6534,3826648,corner,0,0.3700,9,174
6535,3826854,corner,1,0.3800,9,175
6536,3828206,corner,0,0.3700,9,176
6537,3829558,corner,0,0.3700,9,177
6538,3830867,corner,1,0.3700,9,178
6539,3832219,corner,1,0.3800,9,179
6540,3833571,corner,0,0.3700,9,180
6541,3834923,corner,0,0.3600,9,181
6542,3836275,corner,0,0.3500,9,182
6543,3837627,corner,0,0.3500,9,183
6544,3838362,corner,0,0.3500,9,184
6545,3839714,corner,1,0.3500,9,185
6546,3841066,corner,0,0.3400,9,186
6547,3842418,corner,0,0.3400,9,187
6548,3843650,corner,1,0.3500,9,188
6549,3845002,corner,1,0.3600,9,189
6550,3846354,corner,1,0.3700,9,190
6551,3847284,corner,0,0.3700,9,191
6552,3847394,corner,0,0.3600,9,192
6553,3848746,corner,0,0.3600,9,193
6554,3850098,corner,0,0.3600,9,194
6555,3851450,corner,0,0.3600,9,195
6556,3852802,corner,0,0.3600,9,196
6557,3854154,corner,0,0.3500,9,197
6558,3855506,corner,0,0.3500,9,198
6559,3856482,corner,1,0.3500,9,199
6560,3857565,corner,1,0.3500,9,200
6561,3858360,corner,1,0.3600,9,201
6562,3859052,corner,0,0.3600,9,202
6563,3859236,corner,0,0.3600,9,203
6564,3860588,corner,0,0.3600,9,204
6565,3861921,corner,0,0.3500,9,205
6566,3863273,corner,0,0.3400,9,206
6567,3864625,corner,0,0.3400,9,207
6568,3865013,corner,0,0.3400,9,208
6569,3865692,corner,0,0.3400,9,209
6570,3865987,corner,0,0.3400,9,210
6571,3867339,corner,0,0.3400,9,211
6572,3868691,corner,1,0.3500,9,212
6573,3869357,corner,0,0.3500,9,213
6574,3870709,corner,1,0.3600,9,214
6575,3872061,corner,0,0.3500,9,215
6576,3873126,corner,0,0.3400,9,216
6577,3874478,corner,0,0.3300,9,217
6578,3875830,corner,1,0.3400,9,218
6579,3876770,corner,0,0.3400,9,219
6580,3877850,corner,0,0.3400,9,220
6581,3878476,corner,1,0.3400,9,221
6582,3879828,corner,0,0.3400,9,222
6583,3880273,corner,0,0.3400,9,223
6584,3880769,corner,0,0.3400,9,224
6585,3881592,corner,1,0.3400,9,225
6586,3882570,corner,1,0.3400,9,226
6587,3883922,corner,1,0.3500,9,227
6588,3885044,corner,0,0.3500,9,228
6589,3886396,corner,1,0.3500,9,229
6590,3887062,corner,1,0.3600,9,230
6591,3887593,corner,0,0.3600,9,231
6592,3888191,corner,0,0.3600,9,232
6593,3889543,corner,0,0.3600,9,233
6594,3890895,corner,0,0.3600,9,234
6595,3892247,corner,0,0.3500,9,235
6596,3893599,corner,1,0.3600,9,236
6597,3894951,corner,1,0.3600,9,237
6598,3896303,corner,0,0.3600,9,238
6599,3897393,corner,0,0.3600,9,239
6600,3898745,corner,1,0.3600,9,240
6601,3900097,corner,1,0.3700,9,241
6602,3901449,corner,1,0.3700,9,242
6603,3902801,corner,0,0.3700,9,243
6604,3904153,corner,0,0.3600,9,244
6605,3905143,corner,0,0.3600,9,245
6606,3905574,corner,0,0.3600,9,246
6607,3906926,corner,0,0.3600,9,247
6608,3907249,corner,1,0.3600,9,248
6609,3908251,corner,0,0.3600,9,249
6610,3909603,corner,0,0.3500,9,250
6611,3909813,corner,1,0.3600,9,251
6612,3911165,corner,1,0.3600,9,252
6613,3912517,corner,1,0.3700,9,253
6614,3913869,corner,0,0.3600,9,254
6615,3915221,corner,0,0.3500,9,255
6616,3916289,corner,1,0.3600,9,256
6617,3916480,corner,1,0.3600,9,257
6618,3917832,corner,1,0.3700,9,258
6619,3919184,corner,0,0.3600,9,259
6620,3919723,corner,1,0.3700,9,260
6621,3920248,corner,1,0.3800,9,261
6622,3921600,corner,0,0.3800,9,262
6623,3922952,corner,0,0.3700,9,263
6624,3924304,corner,0,0.3600,9,264
6625,3925656,corner,0,0.3500,9,265
6626,3926232,corner,1,0.3600,9,266
6627,3927584,corner,0,0.3600,9,267
6628,3928501,corner,0,0.3600,9,268
6629,3929853,corner,0,0.3600,9,269
6630,3931205,corner,0,0.3500,9,270
6631,3932557,corner,0,0.3400,9,271
6632,3933909,corner,0,0.3400,9,272
6633,3935243,corner,0,0.3400,9,273
6634,3936439,corner,1,0.3500,9,274
6635,3936844,corner,0,0.3400,9,275
6636,3938196,corner,0,0.3400,9,276
6637,3939548,corner,0,0.3400,9,277
6638,3939755,corner,1,0.3400,9,278
6639,3941107,corner,0,0.3300,9,279
6640,3941936,corner,1,0.3400,9,280
6641,3942451,corner,0,0.3400,9,281
6642,3943803,corner,0,0.3400,9,282
6643,3944550,corner,0,0.3400,9,283
6644,3945902,corner,0,0.3400,9,284
6645,3946785,corner,0,0.3300,9,285
6646,3948137,corner,0,0.3300,9,286
6647,3949489,corner,0,0.3300,9,287
6648,3950841,corner,1,0.3300,9,288
6649,3952193,corner,0,0.3200,9,289
6650,3953316,corner,0,0.3100,9,290
6651,3953675,corner,1,0.3200,9,291
6652,3955027,corner,1,0.3300,9,292
6653,3956379,corner,0,0.3300,9,293
6654,3957731,corner,1,0.3400,9,294
6655,3959083,corner,0,0.3400,9,295
6656,3960435,corner,1,0.3500,9,296
6657,3961787,corner,0,0.3500,9,297
6658,3963139,corner,0,0.3500,9,298
6659,3964491,corner,0,0.3400,9,299
6660,3965843,corner,0,0.3300,9,300
6661,3966014,corner,0,0.3200,9,301
6662,3966538,corner,1,0.3300,9,302
6663,3967890,corner,0,0.3300,9,303
6664,3969242,corner,0,0.3300,9,304
6665,3970594,corner,0,0.3300,9,305
6666,3971946,corner,0,0.3300,9,306
6667,3973298,corner,0,0.3300,9,307
6668,3974650,corner,0,0.3300,9,308
6669,3974936,corner,0,0.3300,9,309
6670,3975399,corner,1,0.3400,9,310
6671,3976713,corner,0,0.3400,9,311
6672,3978065,corner,0,0.3300,9,312
6673,3979417,corner,0,0.3300,9,313
6674,3980769,corner,0,0.3200,9,314
6675,3981002,corner,1,0.3300,9,315
6676,3982138,corner,1,0.3400,9,316
6677,3983385,corner,1,0.3500,9,317
6678,3984737,corner,0,0.3400,9,318
6679,3986089,corner,0,0.3400,9,319
6680,3987441,corner,1,0.3500,9,320
6681,3988627,corner,0,0.3400,9,321
6682,3989979,corner,1,0.3500,9,322
6683,3991331,corner,0,0.3500,9,323
6684,3992439,corner,1,0.3600,9,324
6685,3993791,corner,0,0.3500,9,325
6686,3995143,corner,0,0.3400,9,326
6687,3996495,corner,1,0.3400,9,327
6688,3997847,corner,0,0.3400,9,328
6689,3998485,corner,1,0.3400,9,329
6690,3999837,corner,0,0.3300,9,330
