game_idx,global_step,opponent,win,rolling,shift_idx,games_since_shift
1,174,corner,1,1.0000,-1,0
2,240,corner,1,1.0000,-1,0
3,307,corner,1,1.0000,-1,0
4,379,corner,1,1.0000,-1,0
5,455,corner,1,1.0000,-1,0
6,556,corner,1,1.0000,-1,0
7,639,corner,1,1.0000,-1,0
8,716,corner,1,1.0000,-1,0
9,785,corner,1,1.0000,-1,0
10,878,corner,1,1.0000,-1,0
11,943,corner,1,1.0000,-1,0
12,1091,corner,1,1.0000,-1,0
13,1164,corner,1,1.0000,-1,0
14,1245,corner,1,1.0000,-1,0
15,1334,corner,1,1.0000,-1,0
16,1439,corner,1,1.0000,-1,0
17,1533,corner,1,1.0000,-1,0
18,1637,corner,1,1.0000,-1,0
19,1714,corner,1,1.0000,-1,0
20,1790,corner,1,1.0000,-1,0
21,1928,corner,1,1.0000,-1,0
22,2009,corner,1,1.0000,-1,0
23,2141,corner,0,0.9565,-1,0
24,2205,corner,1,0.9583,-1,0
25,2266,corner,1,0.9600,-1,0
26,2426,corner,1,0.9615,-1,0
27,2523,corner,1,0.9630,-1,0
28,2589,corner,1,0.9643,-1,0
29,2664,corner,1,0.9655,-1,0
30,2747,corner,1,0.9667,-1,0
31,2827,corner,1,0.9677,-1,0
32,2917,corner,1,0.9688,-1,0
33,2982,corner,1,0.9697,-1,0
34,3046,corner,1,0.9706,-1,0
35,3121,corner,1,0.9714,-1,0
36,3165,corner,0,0.9444,-1,0
37,3241,corner,1,0.9459,-1,0
38,3307,corner,1,0.9474,-1,0
39,3359,corner,0,0.9231,-1,0
40,3405,corner,0,0.9000,-1,0
41,3451,corner,0,0.8780,-1,0
42,3543,corner,1,0.8810,-1,0
43,3602,corner,1,0.8837,-1,0
44,3693,corner,1,0.8864,-1,0
45,3774,corner,1,0.8889,-1,0
46,3845,corner,1,0.8913,-1,0
47,3932,corner,1,0.8936,-1,0
48,3997,corner,1,0.8958,-1,0
49,4058,corner,1,0.8980,-1,0
50,4154,corner,1,0.9000,-1,0
51,4237,corner,1,0.9020,-1,0
52,4306,corner,1,0.9038,-1,0
53,4375,corner,1,0.9057,-1,0
54,4455,corner,1,0.9074,-1,0
55,4520,corner,1,0.9091,-1,0
56,4572,corner,1,0.9107,-1,0
57,4728,corner,1,0.9123,-1,0
58,4807,corner,1,0.9138,-1,0
59,4881,corner,1,0.9153,-1,0
60,4964,corner,1,0.9167,-1,0
61,5026,corner,1,0.9180,-1,0
62,5094,corner,1,0.9194,-1,0
63,5229,corner,1,0.9206,-1,0
64,5300,corner,1,0.9219,-1,0
65,5361,corner,1,0.9231,-1,0
66,5443,corner,1,0.9242,-1,0
67,5494,corner,1,0.9254,-1,0
68,5563,corner,1,0.9265,-1,0
69,5632,corner,1,0.9275,-1,0
70,5716,corner,0,0.9143,-1,0
71,5810,corner,1,0.9155,-1,0
72,5857,corner,0,0.9028,-1,0
73,5926,corner,1,0.9041,-1,0
74,5993,corner,1,0.9054,-1,0
75,6044,corner,0,0.8933,-1,0
76,6130,corner,1,0.8947,-1,0
77,6210,corner,1,0.8961,-1,0
78,6284,corner,1,0.8974,-1,0
79,6356,corner,1,0.8987,-1,0
80,6577,corner,0,0.8875,-1,0
81,6678,corner,1,0.8889,-1,0
82,6753,corner,1,0.8902,-1,0
83,6829,corner,1,0.8916,-1,0
84,6873,corner,0,0.8810,-1,0
85,6950,corner,1,0.8824,-1,0
86,7023,corner,1,0.8837,-1,0
87,7105,corner,1,0.8851,-1,0
88,7189,corner,1,0.8864,-1,0
89,7266,corner,1,0.8876,-1,0
90,7371,corner,1,0.8889,-1,0
91,7442,corner,1,0.8901,-1,0
92,7512,corner,1,0.8913,-1,0
93,7587,corner,1,0.8925,-1,0
94,7670,corner,1,0.8936,-1,0
95,7745,corner,1,0.8947,-1,0
96,7791,corner,0,0.8854,-1,0
97,7883,corner,1,0.8866,-1,0
98,7939,corner,0,0.8776,-1,0
99,8029,corner,1,0.8788,-1,0
100,8103,corner,1,0.8800,-1,0
101,8177,corner,1,0.8800,-1,0
102,8262,corner,1,0.8800,-1,0
103,8348,corner,1,0.8800,-1,0
104,8405,corner,0,0.8700,-1,0
105,8502,corner,1,0.8700,-1,0
106,8677,corner,1,0.8700,-1,0
107,8742,corner,1,0.8700,-1,0
108,8806,corner,1,0.8700,-1,0
109,8887,corner,1,0.8700,-1,0
110,8973,corner,0,0.8600,-1,0
111,9053,corner,1,0.8600,-1,0
112,9215,corner,1,0.8600,-1,0
113,9297,corner,1,0.8600,-1,0
114,9373,corner,1,0.8600,-1,0
115,9435,corner,1,0.8600,-1,0
116,9506,corner,1,0.8600,-1,0
117,9588,corner,1,0.8600,-1,0
118,9679,corner,1,0.8600,-1,0
119,9751,corner,1,0.8600,-1,0
120,9813,corner,1,0.8600,-1,0
121,9880,corner,1,0.8600,-1,0
122,9978,corner,0,0.8500,-1,0
123,10024,corner,0,0.8500,-1,0
124,10103,corner,1,0.8500,-1,0
125,10175,corner,1,0.8500,-1,0
126,10257,corner,0,0.8400,-1,0
127,10494,corner,1,0.8400,-1,0
128,10570,corner,1,0.8400,-1,0
129,10633,corner,1,0.8400,-1,0
130,10696,corner,1,0.8400,-1,0
131,10782,corner,1,0.8400,-1,0
132,10863,corner,0,0.8300,-1,0
133,10944,corner,1,0.8300,-1,0
134,11009,corner,1,0.8300,-1,0
135,11093,corner,0,0.8200,-1,0
136,11249,corner,1,0.8300,-1,0
137,11333,corner,1,0.8300,-1,0
138,11416,corner,1,0.8300,-1,0
139,11480,corner,1,0.8400,-1,0
140,11600,corner,1,0.8500,-1,0
141,11648,corner,0,0.8500,-1,0
142,11697,corner,1,0.8500,-1,0
143,11783,corner,0,0.8400,-1,0
144,11853,corner,1,0.8400,-1,0
145,11903,corner,1,0.8400,-1,0
146,11976,corner,1,0.8400,-1,0
147,12058,corner,0,0.8300,-1,0
148,12169,corner,1,0.8300,-1,0
149,12264,corner,1,0.8300,-1,0
150,12336,corner,1,0.8300,-1,0
151,12400,corner,1,0.8300,-1,0
152,12580,corner,1,0.8300,-1,0
153,12649,corner,1,0.8300,-1,0
154,12724,corner,1,0.8300,-1,0
155,12814,corner,1,0.8300,-1,0
156,12893,corner,1,0.8300,-1,0
157,12965,corner,1,0.8300,-1,0
158,13013,corner,0,0.8200,-1,0
159,13084,corner,1,0.8200,-1,0
160,13135,corner,0,0.8100,-1,0
161,13193,corner,1,0.8100,-1,0
162,13274,corner,1,0.8100,-1,0
163,13334,corner,1,0.8100,-1,0
164,13404,corner,1,0.8100,-1,0
165,13471,corner,1,0.8100,-1,0
166,13541,corner,1,0.8100,-1,0
167,13617,corner,1,0.8100,-1,0
168,13700,corner,1,0.8100,-1,0
169,13809,corner,1,0.8100,-1,0
170,13880,corner,1,0.8200,-1,0
171,13956,corner,1,0.8200,-1,0
172,14055,corner,1,0.8300,-1,0
173,14106,corner,0,0.8200,-1,0
174,14170,corner,1,0.8200,-1,0
175,14245,corner,1,0.8300,-1,0
176,14352,corner,1,0.8300,-1,0
177,14435,corner,1,0.8300,-1,0
178,14490,corner,1,0.8300,-1,0
179,14552,corner,1,0.8300,-1,0
180,14620,corner,1,0.8400,-1,0
181,14702,corner,1,0.8400,-1,0
182,14777,corner,1,0.8400,-1,0
183,14863,corner,1,0.8400,-1,0
184,14936,corner,1,0.8500,-1,0
185,15012,corner,1,0.8500,-1,0
186,15081,corner,1,0.8500,-1,0
187,15161,corner,1,0.8500,-1,0
188,15230,corner,1,0.8500,-1,0
189,15278,corner,0,0.8400,-1,0
190,15379,corner,1,0.8400,-1,0
191,15425,corner,0,0.8300,-1,0
192,15490,corner,1,0.8300,-1,0
193,15575,corner,0,0.8200,-1,0
194,15652,corner,1,0.8200,-1,0
195,15712,corner,1,0.8200,-1,0
196,15802,corner,1,0.8300,-1,0
197,15889,corner,1,0.8300,-1,0
198,15982,corner,1,0.8400,-1,0
199,16071,corner,1,0.8400,-1,0
200,16144,corner,1,0.8400,-1,0
201,16225,corner,1,0.8400,-1,0
202,16313,corner,1,0.8400,-1,0
203,16418,corner,1,0.8400,-1,0
204,16516,corner,1,0.8500,-1,0
205,16589,corner,1,0.8500,-1,0
206,16766,corner,1,0.8500,-1,0
207,16841,corner,1,0.8500,-1,0
208,16928,corner,1,0.8500,-1,0
209,16997,corner,1,0.8500,-1,0
210,17059,corner,1,0.8600,-1,0
211,17115,corner,1,0.8600,-1,0
212,17220,corner,1,0.8600,-1,0
213,17362,corner,1,0.8600,-1,0
214,17470,corner,1,0.8600,-1,0
215,17525,corner,0,0.8500,-1,0
216,17586,corner,1,0.8500,-1,0
217,17677,corner,1,0.8500,-1,0
218,17761,corner,1,0.8500,-1,0
219,17816,corner,1,0.8500,-1,0
220,17907,corner,1,0.8500,-1,0
221,17960,corner,0,0.8400,-1,0
222,18025,corner,1,0.8500,-1,0
223,18111,corner,1,0.8600,-1,0
224,18175,corner,1,0.8600,-1,0
225,18259,corner,1,0.8600,-1,0
226,18352,corner,1,0.8700,-1,0
227,18420,corner,1,0.8700,-1,0
228,18512,corner,1,0.8700,-1,0
229,18580,corner,1,0.8700,-1,0
230,18674,corner,1,0.8700,-1,0
231,18744,corner,1,0.8700,-1,0
232,18818,corner,1,0.8800,-1,0
233,18885,corner,1,0.8800,-1,0
234,18975,corner,1,0.8800,-1,0
235,19020,corner,0,0.8800,-1,0
236,19071,corner,0,0.8700,-1,0
237,19204,corner,0,0.8600,-1,0
238,19306,corner,1,0.8600,-1,0
239,19410,corner,1,0.8600,-1,0
240,19503,corner,0,0.8500,-1,0
241,19549,corner,0,0.8500,-1,0
242,19629,corner,1,0.8500,-1,0
243,19709,corner,1,0.8600,-1,0
244,19773,corner,1,0.8600,-1,0
245,19833,corner,0,0.8500,-1,0
246,19913,corner,1,0.8500,-1,0
247,19981,corner,1,0.8600,-1,0
248,20151,corner,1,0.8600,-1,0
249,20229,corner,1,0.8600,-1,0
250,20331,corner,1,0.8600,-1,0
251,20403,corner,1,0.8600,-1,0
252,20474,corner,1,0.8600,-1,0
253,20566,corner,1,0.8600,-1,0
254,20642,corner,1,0.8600,-1,0
255,20712,corner,1,0.8600,-1,0
256,20775,corner,1,0.8600,-1,0
257,20825,corner,0,0.8500,-1,0
258,20898,corner,1,0.8600,-1,0
259,20979,corner,0,0.8500,-1,0
260,21061,corner,1,0.8600,-1,0
261,21119,corner,1,0.8600,-1,0
262,21207,corner,1,0.8600,-1,0
263,21289,corner,0,0.8500,-1,0
264,21365,corner,1,0.8500,-1,0
265,21451,corner,1,0.8500,-1,0
266,21515,corner,1,0.8500,-1,0
267,21601,corner,1,0.8500,-1,0
268,21667,corner,1,0.8500,-1,0
269,21752,corner,1,0.8500,-1,0
270,21830,corner,1,0.8500,-1,0
271,21894,corner,1,0.8500,-1,0
272,21948,corner,0,0.8400,-1,0
273,22022,corner,1,0.8500,-1,0
274,22094,corner,1,0.8500,-1,0
275,22197,corner,1,0.8500,-1,0
276,22289,corner,1,0.8500,-1,0
277,22361,corner,1,0.8500,-1,0
278,22430,corner,1,0.8500,-1,0
279,22485,corner,0,0.8400,-1,0
280,22551,corner,1,0.8400,-1,0
281,22615,corner,1,0.8400,-1,0
282,22683,corner,1,0.8400,-1,0
283,22779,corner,1,0.8400,-1,0
284,22878,corner,1,0.8400,-1,0
285,22924,corner,0,0.8300,-1,0
286,22998,corner,1,0.8300,-1,0
287,23139,corner,1,0.8300,-1,0
288,23184,corner,1,0.8300,-1,0
289,23350,corner,1,0.8400,-1,0
290,23429,corner,1,0.8400,-1,0
291,23543,corner,1,0.8500,-1,0
292,23608,corner,1,0.8500,-1,0
293,23685,corner,1,0.8600,-1,0
294,23766,corner,1,0.8600,-1,0
295,23844,corner,1,0.8600,-1,0
296,23914,corner,1,0.8600,-1,0
297,23980,corner,1,0.8600,-1,0
298,24043,corner,1,0.8600,-1,0
299,24102,corner,0,0.8500,-1,0
300,24154,corner,0,0.8400,-1,0
301,24220,corner,1,0.8400,-1,0
302,24287,corner,1,0.8400,-1,0
303,24383,corner,1,0.8400,-1,0
304,24454,corner,1,0.8400,-1,0
305,24524,corner,1,0.8400,-1,0
306,24612,corner,1,0.8400,-1,0
307,24669,corner,0,0.8300,-1,0
308,24766,corner,1,0.8300,-1,0
309,24840,corner,1,0.8300,-1,0
310,24905,corner,1,0.8300,-1,0
311,24982,corner,1,0.8300,-1,0
312,25068,corner,1,0.8300,-1,0
313,25160,corner,1,0.8300,-1,0
314,25231,corner,1,0.8300,-1,0
315,25308,corner,1,0.8400,-1,0
316,25389,corner,1,0.8400,-1,0
317,25442,corner,0,0.8300,-1,0
318,25573,corner,0,0.8200,-1,0
319,25654,corner,1,0.8200,-1,0
320,25750,corner,1,0.8200,-1,0
321,25825,corner,1,0.8300,-1,0
322,25918,corner,1,0.8300,-1,0
323,26015,corner,1,0.8300,-1,0
324,26096,corner,1,0.8300,-1,0
325,26165,corner,1,0.8300,-1,0
326,26238,corner,1,0.8300,-1,0
327,26284,corner,0,0.8200,-1,0
328,26390,corner,1,0.8200,-1,0
329,26480,corner,1,0.8200,-1,0
330,26576,corner,1,0.8200,-1,0
331,26624,corner,0,0.8100,-1,0
332,26687,corner,1,0.8100,-1,0
333,26768,corner,0,0.8000,-1,0
334,26863,corner,1,0.8000,-1,0
335,27027,corner,1,0.8100,-1,0
336,27105,corner,1,0.8200,-1,0
337,27179,corner,1,0.8300,-1,0
338,27241,corner,1,0.8300,-1,0
339,27314,corner,1,0.8300,-1,0
340,27384,corner,1,0.8400,-1,0
341,27452,corner,1,0.8500,-1,0
342,27511,corner,1,0.8500,-1,0
343,27593,corner,1,0.8500,-1,0
344,27673,corner,1,0.8500,-1,0
345,27751,corner,1,0.8600,-1,0
346,27834,corner,1,0.8600,-1,0
347,27896,corner,1,0.8600,-1,0
348,27969,corner,1,0.8600,-1,0
349,28043,corner,1,0.8600,-1,0
350,28112,corner,1,0.8600,-1,0
351,28198,corner,1,0.8600,-1,0
352,28299,corner,1,0.8600,-1,0
353,28381,corner,1,0.8600,-1,0
354,28455,corner,1,0.8600,-1,0
355,28534,corner,1,0.8600,-1,0
356,28603,corner,1,0.8600,-1,0
357,28688,corner,1,0.8700,-1,0
358,28752,corner,1,0.8700,-1,0
359,28828,corner,0,0.8700,-1,0
360,28912,corner,1,0.8700,-1,0
361,28984,corner,1,0.8700,-1,0
362,29062,corner,1,0.8700,-1,0
363,29145,corner,1,0.8800,-1,0
364,29250,corner,1,0.8800,-1,0
365,29378,corner,1,0.8800,-1,0
366,29444,corner,1,0.8800,-1,0
367,29533,corner,0,0.8700,-1,0
368,29593,corner,1,0.8700,-1,0
369,29668,corner,1,0.8700,-1,0
370,29782,corner,1,0.8700,-1,0
371,29842,corner,1,0.8700,-1,0
372,29923,corner,0,0.8700,-1,0
373,29986,corner,1,0.8700,-1,0
374,30074,corner,1,0.8700,-1,0
375,30170,corner,1,0.8700,-1,0
376,30271,corner,1,0.8700,-1,0
377,30364,corner,1,0.8700,-1,0
378,30433,corner,1,0.8700,-1,0
379,30520,corner,1,0.8800,-1,0
380,30693,corner,1,0.8800,-1,0
381,30798,corner,1,0.8800,-1,0
382,30879,corner,1,0.8800,-1,0
383,30964,corner,1,0.8800,-1,0
384,31044,corner,1,0.8800,-1,0
385,31128,corner,0,0.8800,-1,0
386,31194,corner,1,0.8800,-1,0
387,31281,corner,1,0.8800,-1,0
388,31353,corner,1,0.8800,-1,0
389,31402,corner,0,0.8700,-1,0
390,31466,corner,1,0.8700,-1,0
391,31550,corner,1,0.8700,-1,0
392,31604,corner,0,0.8600,-1,0
393,31697,corner,1,0.8600,-1,0
394,31746,corner,1,0.8600,-1,0
395,31816,corner,1,0.8600,-1,0
396,31901,corner,1,0.8600,-1,0
397,31971,corner,1,0.8600,-1,0
398,32045,corner,1,0.8600,-1,0
399,32142,corner,1,0.8700,-1,0
400,32205,corner,1,0.8800,-1,0
401,32283,corner,1,0.8800,-1,0
402,32330,corner,0,0.8700,-1,0
403,32437,corner,1,0.8700,-1,0
404,32499,corner,0,0.8600,-1,0
405,32599,corner,1,0.8600,-1,0
406,32684,corner,0,0.8500,-1,0
407,32768,corner,0,0.8500,-1,0
408,32816,corner,0,0.8400,-1,0
409,32887,corner,1,0.8400,-1,0
410,32971,corner,0,0.8300,-1,0
411,33051,corner,1,0.8300,-1,0
412,33187,corner,0,0.8200,-1,0
413,33268,corner,1,0.8200,-1,0
414,33360,corner,1,0.8200,-1,0
415,33451,corner,1,0.8200,-1,0
416,33533,corner,1,0.8200,-1,0
417,33698,corner,0,0.8200,-1,0
418,33773,corner,1,0.8300,-1,0
419,33888,corner,1,0.8300,-1,0
420,33974,corner,1,0.8300,-1,0
421,34045,corner,1,0.8300,-1,0
422,34123,corner,1,0.8300,-1,0
423,34170,corner,0,0.8200,-1,0
424,34236,corner,1,0.8200,-1,0
425,34293,corner,1,0.8200,-1,0
426,34360,corner,1,0.8200,-1,0
427,34458,corner,1,0.8300,-1,0
428,34507,corner,0,0.8200,-1,0
429,34596,corner,1,0.8200,-1,0
430,34640,corner,0,0.8100,-1,0
431,34719,corner,1,0.8200,-1,0
432,34789,corner,0,0.8100,-1,0
433,34897,corner,1,0.8200,-1,0
434,34995,corner,1,0.8200,-1,0
435,35104,corner,1,0.8200,-1,0
436,35182,corner,1,0.8200,-1,0
437,35249,corner,1,0.8200,-1,0
438,35327,corner,1,0.8200,-1,0
439,35412,corner,1,0.8200,-1,0
440,35493,corner,1,0.8200,-1,0
441,35575,corner,1,0.8200,-1,0
442,35696,corner,1,0.8200,-1,0
443,35774,corner,1,0.8200,-1,0
444,35888,corner,1,0.8200,-1,0
445,35960,corner,1,0.8200,-1,0
446,36064,corner,1,0.8200,-1,0
447,36142,corner,1,0.8200,-1,0
448,36234,corner,1,0.8200,-1,0
449,36301,corner,1,0.8200,-1,0
450,36390,corner,1,0.8200,-1,0
451,36469,corner,1,0.8200,-1,0
452,36515,corner,0,0.8100,-1,0
453,36609,corner,1,0.8100,-1,0
454,36677,corner,1,0.8100,-1,0
455,36765,corner,1,0.8100,-1,0
456,36830,corner,1,0.8100,-1,0
457,36901,corner,1,0.8100,-1,0
458,36989,corner,1,0.8100,-1,0
459,37063,corner,1,0.8200,-1,0
460,37115,corner,0,0.8100,-1,0
461,37175,corner,1,0.8100,-1,0
462,37271,corner,1,0.8100,-1,0
463,37340,corner,1,0.8100,-1,0
464,37394,corner,0,0.8000,-1,0
465,37472,corner,1,0.8000,-1,0
466,37541,corner,1,0.8000,-1,0
467,37604,corner,1,0.8100,-1,0
468,37687,corner,1,0.8100,-1,0
469,37782,corner,1,0.8100,-1,0
470,37851,corner,1,0.8100,-1,0
471,37928,corner,1,0.8100,-1,0
472,38013,corner,1,0.8200,-1,0
473,38109,corner,1,0.8200,-1,0
474,38159,corner,0,0.8100,-1,0
475,38259,corner,1,0.8100,-1,0
476,38318,corner,1,0.8100,-1,0
477,38371,corner,1,0.8100,-1,0
478,38476,corner,1,0.8100,-1,0
479,38549,corner,1,0.8100,-1,0
480,38602,corner,1,0.8100,-1,0
481,38748,corner,0,0.8000,-1,0
482,38836,corner,1,0.8000,-1,0
483,38900,corner,1,0.8000,-1,0
484,39025,corner,1,0.8000,-1,0
485,39097,corner,1,0.8100,-1,0
486,39155,corner,1,0.8100,-1,0
487,39237,corner,1,0.8100,-1,0
488,39311,corner,1,0.8100,-1,0
489,39386,corner,1,0.8200,-1,0
490,39517,corner,1,0.8200,-1,0
491,39587,corner,1,0.8200,-1,0
492,39658,corner,1,0.8300,-1,0
493,39755,corner,1,0.8300,-1,0
494,39827,corner,1,0.8300,-1,0
495,39906,corner,1,0.8300,-1,0
496,39973,corner,1,0.8300,-1,0
497,40039,corner,1,0.8300,-1,0
498,40123,corner,1,0.8300,-1,0
499,40200,corner,1,0.8300,-1,0
500,40301,corner,1,0.8300,-1,0
501,40371,corner,1,0.8300,-1,0
502,40455,corner,1,0.8400,-1,0
503,40503,corner,0,0.8300,-1,0
504,40571,corner,1,0.8400,-1,0
505,40638,corner,1,0.8400,-1,0
506,40798,corner,1,0.8500,-1,0
507,40879,corner,1,0.8600,-1,0
508,40949,corner,1,0.8700,-1,0
509,41010,corner,1,0.8700,-1,0
510,41098,corner,1,0.8800,-1,0
511,41214,corner,1,0.8800,-1,0
512,41291,corner,1,0.8900,-1,0
513,41382,corner,1,0.8900,-1,0
514,41522,corner,0,0.8800,-1,0
515,41603,corner,0,0.8700,-1,0
516,41673,corner,1,0.8700,-1,0
517,41745,corner,1,0.8800,-1,0
518,41811,corner,1,0.8800,-1,0
519,41907,corner,1,0.8800,-1,0
520,41988,corner,0,0.8700,-1,0
521,42069,corner,0,0.8600,-1,0
522,42161,corner,1,0.8600,-1,0
523,42224,corner,1,0.8700,-1,0
524,42271,corner,0,0.8600,-1,0
525,42329,corner,1,0.8600,-1,0
526,42418,corner,0,0.8500,-1,0
527,42494,corner,1,0.8500,-1,0
528,42587,corner,1,0.8600,-1,0
529,42683,corner,1,0.8600,-1,0
530,42768,corner,1,0.8700,-1,0
531,42826,corner,1,0.8700,-1,0
532,42906,corner,1,0.8800,-1,0
533,42987,corner,0,0.8700,-1,0
534,43063,corner,1,0.8700,-1,0
535,43137,corner,1,0.8700,-1,0
536,43221,corner,0,0.8600,-1,0
537,43301,corner,1,0.8600,-1,0
538,43366,corner,1,0.8600,-1,0
539,43432,corner,1,0.8600,-1,0
540,43493,corner,1,0.8600,-1,0
541,43540,corner,0,0.8500,-1,0
542,43639,corner,1,0.8500,-1,0
543,43700,corner,1,0.8500,-1,0
544,43788,corner,1,0.8500,-1,0
545,43905,corner,1,0.8500,-1,0
546,43979,corner,1,0.8500,-1,0
547,44068,corner,1,0.8500,-1,0
548,44132,corner,1,0.8500,-1,0
549,44205,corner,1,0.8500,-1,0
550,44311,corner,1,0.8500,-1,0
551,44391,corner,1,0.8500,-1,0
552,44481,corner,1,0.8600,-1,0
553,44562,corner,1,0.8600,-1,0
554,44634,corner,1,0.8600,-1,0
555,44678,corner,0,0.8500,-1,0
556,44780,corner,1,0.8500,-1,0
557,44862,corner,1,0.8500,-1,0
558,44958,corner,1,0.8500,-1,0
559,45036,corner,1,0.8500,-1,0
560,45102,corner,1,0.8600,-1,0
561,45174,corner,1,0.8600,-1,0
562,45247,corner,1,0.8600,-1,0
563,45317,corner,1,0.8600,-1,0
564,45392,corner,1,0.8700,-1,0
565,45443,corner,0,0.8600,-1,0
566,45557,corner,1,0.8600,-1,0
567,45605,corner,0,0.8500,-1,0
568,45672,corner,1,0.8500,-1,0
569,45738,corner,1,0.8500,-1,0
570,45893,corner,1,0.8500,-1,0
571,45974,corner,1,0.8500,-1,0
572,46025,corner,0,0.8400,-1,0
573,46114,corner,1,0.8400,-1,0
574,46206,corner,1,0.8500,-1,0
575,46272,corner,1,0.8500,-1,0
576,46364,corner,1,0.8500,-1,0
577,46439,corner,1,0.8500,-1,0
578,46526,corner,1,0.8500,-1,0
579,46590,corner,1,0.8500,-1,0
580,46658,corner,1,0.8500,-1,0
581,46753,corner,0,0.8500,-1,0
582,46870,corner,1,0.8500,-1,0
583,47032,corner,1,0.8500,-1,0
584,47124,corner,1,0.8500,-1,0
585,47198,corner,1,0.8500,-1,0
586,47244,corner,0,0.8400,-1,0
587,47304,corner,1,0.8400,-1,0
588,47369,corner,1,0.8400,-1,0
589,47452,corner,1,0.8400,-1,0
590,47590,corner,1,0.8400,-1,0
591,47647,corner,1,0.8400,-1,0
592,47698,corner,0,0.8300,-1,0
593,47810,corner,1,0.8300,-1,0
594,47900,corner,1,0.8300,-1,0
595,47951,corner,1,0.8300,-1,0
596,48045,corner,1,0.8300,-1,0
597,48119,corner,1,0.8300,-1,0
598,48205,corner,1,0.8300,-1,0
599,48278,corner,1,0.8300,-1,0
600,48386,corner,1,0.8300,-1,0
601,48468,corner,0,0.8200,-1,0
602,48537,corner,1,0.8200,-1,0
603,48603,corner,1,0.8300,-1,0
604,48686,corner,1,0.8300,-1,0
605,48781,corner,1,0.8300,-1,0
606,48831,corner,0,0.8200,-1,0
607,48934,corner,1,0.8200,-1,0
608,49023,corner,1,0.8200,-1,0
609,49133,corner,1,0.8200,-1,0
610,49221,corner,1,0.8200,-1,0
611,49308,corner,1,0.8200,-1,0
612,49373,corner,0,0.8100,-1,0
613,49444,corner,1,0.8100,-1,0
614,49528,corner,1,0.8200,-1,0
615,49659,corner,1,0.8300,-1,0
616,49743,corner,0,0.8200,-1,0
617,49837,corner,1,0.8200,-1,0
618,49931,corner,1,0.8200,-1,0
619,50008,corner,1,0.8200,-1,0
620,50080,corner,1,0.8300,-1,0
621,50127,corner,0,0.8300,-1,0
622,50188,corner,1,0.8300,-1,0
623,50248,corner,1,0.8300,-1,0
624,50309,corner,1,0.8400,-1,0
625,50394,corner,1,0.8400,-1,0
626,50468,corner,1,0.8500,-1,0
627,50541,corner,1,0.8500,-1,0
628,50633,corner,1,0.8500,-1,0
629,50690,corner,0,0.8400,-1,0
630,50768,corner,1,0.8400,-1,0
631,50837,corner,1,0.8400,-1,0
632,50910,corner,1,0.8400,-1,0
633,50965,corner,0,0.8400,-1,0
634,51046,corner,1,0.8400,-1,0
635,51089,corner,0,0.8300,-1,0
636,51148,corner,1,0.8400,-1,0
637,51217,corner,1,0.8400,-1,0
638,51280,corner,1,0.8400,-1,0
639,51356,corner,1,0.8400,-1,0
640,51429,corner,1,0.8400,-1,0
641,51541,corner,1,0.8500,-1,0
642,51586,corner,0,0.8400,-1,0
643,51638,corner,0,0.8300,-1,0
644,51769,corner,0,0.8200,-1,0
645,51836,corner,1,0.8200,-1,0
646,51885,corner,1,0.8200,-1,0
647,51996,corner,0,0.8100,-1,0
648,52084,corner,1,0.8100,-1,0
649,52168,corner,1,0.8100,-1,0
650,52226,corner,1,0.8100,-1,0
651,52298,corner,1,0.8100,-1,0
652,52371,corner,1,0.8100,-1,0
653,52451,corner,1,0.8100,-1,0
654,52507,corner,1,0.8100,-1,0
655,52588,corner,0,0.8100,-1,0
656,52665,corner,1,0.8100,-1,0
657,52751,corner,1,0.8100,-1,0
658,52841,corner,1,0.8100,-1,0
659,52911,corner,1,0.8100,-1,0
660,52982,corner,1,0.8100,-1,0
661,53059,corner,1,0.8100,-1,0
662,53164,corner,1,0.8100,-1,0
663,53238,corner,1,0.8100,-1,0
664,53316,corner,1,0.8100,-1,0
665,53396,corner,1,0.8200,-1,0
666,53486,corner,1,0.8200,-1,0
667,53583,corner,1,0.8300,-1,0
668,53649,corner,1,0.8300,-1,0
669,53711,corner,1,0.8300,-1,0
670,53794,corner,0,0.8200,-1,0
671,53904,corner,1,0.8200,-1,0
672,54003,corner,1,0.8300,-1,0
673,54058,corner,0,0.8200,-1,0
674,54157,corner,1,0.8200,-1,0
675,54232,corner,1,0.8200,-1,0
676,54359,corner,1,0.8200,-1,0
677,54462,corner,1,0.8200,-1,0
678,54508,corner,0,0.8100,-1,0
679,54563,corner,1,0.8100,-1,0
680,54633,corner,1,0.8100,-1,0
681,54710,corner,1,0.8200,-1,0
682,55017,corner,0,0.8100,-1,0
683,55104,corner,1,0.8100,-1,0
684,55184,corner,1,0.8100,-1,0
685,55231,corner,0,0.8000,-1,0
686,55305,corner,1,0.8100,-1,0
687,55355,corner,0,0.8000,-1,0
688,55427,corner,1,0.8000,-1,0
689,55476,corner,0,0.7900,-1,0
690,55622,corner,1,0.7900,-1,0
691,55687,corner,1,0.7900,-1,0
692,55737,corner,1,0.8000,-1,0
693,55785,corner,0,0.7900,-1,0
694,55859,corner,1,0.7900,-1,0
695,55948,corner,1,0.7900,-1,0
696,56035,corner,1,0.7900,-1,0
697,56126,corner,1,0.7900,-1,0
698,56200,corner,1,0.7900,-1,0
699,56269,corner,1,0.7900,-1,0
700,56332,corner,1,0.7900,-1,0
701,56400,corner,1,0.8000,-1,0
702,56529,corner,1,0.8000,-1,0
703,56576,corner,0,0.7900,-1,0
704,56759,corner,1,0.7900,-1,0
705,56857,corner,1,0.7900,-1,0
706,56924,corner,1,0.8000,-1,0
707,56996,corner,1,0.8000,-1,0
708,57064,corner,1,0.8000,-1,0
709,57170,corner,1,0.8000,-1,0
710,57273,corner,1,0.8000,-1,0
711,57361,corner,1,0.8000,-1,0
712,57444,corner,0,0.8000,-1,0
713,57513,corner,0,0.7900,-1,0
714,57597,corner,0,0.7800,-1,0
715,57650,corner,0,0.7700,-1,0
716,57703,corner,1,0.7800,-1,0
717,57752,corner,0,0.7700,-1,0
718,57829,corner,1,0.7700,-1,0
719,57895,corner,1,0.7700,-1,0
720,57988,corner,1,0.7700,-1,0
721,58085,corner,1,0.7800,-1,0
722,58152,corner,1,0.7800,-1,0
723,58245,corner,1,0.7800,-1,0
724,58319,corner,1,0.7800,-1,0
725,58396,corner,1,0.7800,-1,0
726,58470,corner,1,0.7800,-1,0
727,58564,corner,0,0.7700,-1,0
728,58641,corner,1,0.7700,-1,0
729,58693,corner,0,0.7700,-1,0
730,58741,corner,1,0.7700,-1,0
731,58823,corner,1,0.7700,-1,0
732,58898,corner,1,0.7700,-1,0
733,58985,corner,1,0.7800,-1,0
734,59052,corner,1,0.7800,-1,0
735,59129,corner,1,0.7900,-1,0
736,59237,corner,1,0.7900,-1,0
737,59298,corner,1,0.7900,-1,0
738,59385,corner,1,0.7900,-1,0
739,59430,corner,0,0.7800,-1,0
740,59474,corner,0,0.7700,-1,0
741,59656,corner,1,0.7700,-1,0
742,59733,corner,0,0.7700,-1,0
743,59873,corner,1,0.7800,-1,0
744,59932,corner,0,0.7800,-1,0
745,60036,corner,1,0.7800,-1,0
746,60159,corner,1,0.7800,-1,0
747,60244,corner,1,0.7900,-1,0
748,60308,corner,1,0.7900,-1,0
749,60372,corner,1,0.7900,-1,0
750,60491,corner,1,0.7900,-1,0
751,60560,corner,1,0.7900,-1,0
752,60607,corner,0,0.7800,-1,0
753,60689,corner,1,0.7800,-1,0
754,60755,corner,0,0.7700,-1,0
755,60838,corner,0,0.7700,-1,0
756,60986,corner,1,0.7700,-1,0
757,61056,corner,1,0.7700,-1,0
758,61117,corner,1,0.7700,-1,0
759,61180,corner,1,0.7700,-1,0
760,61273,corner,0,0.7600,-1,0
761,61377,corner,0,0.7500,-1,0
762,61494,corner,1,0.7500,-1,0
763,61574,corner,1,0.7500,-1,0
764,61622,corner,0,0.7400,-1,0
765,61704,corner,0,0.7300,-1,0
766,61825,corner,1,0.7300,-1,0
767,61901,corner,1,0.7300,-1,0
768,61984,corner,1,0.7300,-1,0
769,62047,corner,1,0.7300,-1,0
770,62120,corner,1,0.7400,-1,0
771,62206,corner,1,0.7400,-1,0
772,62256,corner,0,0.7300,-1,0
773,62312,corner,0,0.7300,-1,0
774,62388,corner,1,0.7300,-1,0
775,62459,corner,1,0.7300,-1,0
776,62545,corner,1,0.7300,-1,0
777,62633,corner,1,0.7300,-1,0
778,62700,corner,1,0.7400,-1,0
779,62813,corner,1,0.7400,-1,0
780,62870,corner,1,0.7400,-1,0
781,62951,corner,0,0.7300,-1,0
782,63017,corner,1,0.7400,-1,0
783,63116,corner,1,0.7400,-1,0
784,63196,corner,1,0.7400,-1,0
785,63263,corner,1,0.7500,-1,0
786,63336,corner,1,0.7500,-1,0
787,63429,corner,0,0.7500,-1,0
788,63514,corner,0,0.7400,-1,0
789,63600,corner,1,0.7500,-1,0
790,63660,corner,1,0.7500,-1,0
791,63790,corner,1,0.7500,-1,0
792,63863,corner,1,0.7500,-1,0
793,63956,corner,1,0.7600,-1,0
794,64033,corner,1,0.7600,-1,0
795,64140,corner,1,0.7600,-1,0
796,64218,corner,1,0.7600,-1,0
797,64388,corner,1,0.7600,-1,0
798,64478,corner,1,0.7600,-1,0
799,64570,corner,1,0.7600,-1,0
800,64650,corner,1,0.7600,-1,0
801,64725,corner,1,0.7600,-1,0
802,64810,corner,1,0.7600,-1,0
803,64898,corner,1,0.7700,-1,0
804,64961,corner,1,0.7700,-1,0
805,65092,corner,1,0.7700,-1,0
806,65154,corner,1,0.7700,-1,0
807,65237,corner,1,0.7700,-1,0
808,65317,corner,1,0.7700,-1,0
809,65443,corner,1,0.7700,-1,0
810,65570,corner,1,0.7700,-1,0
811,65649,corner,1,0.7700,-1,0
812,65726,corner,1,0.7800,-1,0
813,65812,corner,1,0.7900,-1,0
814,65899,corner,1,0.8000,-1,0
815,65977,corner,1,0.8100,-1,0
816,66050,corner,1,0.8100,-1,0
817,66139,corner,0,0.8100,-1,0
818,66227,corner,1,0.8100,-1,0
819,66360,corner,0,0.8000,-1,0
820,66442,corner,0,0.7900,-1,0
821,66491,corner,0,0.7800,-1,0
822,66580,corner,1,0.7800,-1,0
823,66630,corner,0,0.7700,-1,0
824,66687,corner,0,0.7600,-1,0
825,66750,corner,1,0.7600,-1,0
826,66835,corner,1,0.7600,-1,0
827,66903,corner,1,0.7700,-1,0
828,66978,corner,1,0.7700,-1,0
829,67060,corner,0,0.7700,-1,0
830,67148,corner,1,0.7700,-1,0
831,67236,corner,1,0.7700,-1,0
832,67327,corner,1,0.7700,-1,0
833,67398,corner,1,0.7700,-1,0
834,67471,corner,1,0.7700,-1,0
835,67538,corner,1,0.7700,-1,0
836,67603,corner,1,0.7700,-1,0
837,67683,corner,1,0.7700,-1,0
838,67758,corner,1,0.7700,-1,0
839,67842,corner,1,0.7800,-1,0
840,67992,corner,1,0.7900,-1,0
841,68035,corner,0,0.7800,-1,0
842,68140,corner,1,0.7900,-1,0
843,68203,corner,1,0.7900,-1,0
844,68285,corner,1,0.8000,-1,0
845,68330,corner,0,0.7900,-1,0
846,68411,corner,1,0.7900,-1,0
847,68493,corner,1,0.7900,-1,0
848,68595,corner,1,0.7900,-1,0
849,68680,corner,0,0.7800,-1,0
850,68763,corner,0,0.7700,-1,0
851,68880,corner,0,0.7600,-1,0
852,68971,corner,1,0.7700,-1,0
853,69018,corner,0,0.7600,-1,0
854,69065,corner,0,0.7600,-1,0
855,69248,corner,0,0.7600,-1,0
856,69329,corner,0,0.7500,-1,0
857,69411,corner,0,0.7400,-1,0
858,69524,corner,1,0.7400,-1,0
859,69606,corner,1,0.7400,-1,0
860,69706,corner,1,0.7500,-1,0
861,69754,corner,0,0.7500,-1,0
862,69806,corner,0,0.7400,-1,0
863,69880,corner,1,0.7400,-1,0
864,69957,corner,1,0.7500,-1,0
865,70142,corner,1,0.7600,-1,0
866,70231,corner,1,0.7600,-1,0
867,70281,corner,0,0.7500,-1,0
868,70364,corner,1,0.7500,-1,0
869,70430,corner,1,0.7500,-1,0
870,70495,corner,1,0.7500,-1,0
871,70568,corner,1,0.7500,-1,0
872,70712,corner,1,0.7600,-1,0
873,70796,corner,1,0.7700,-1,0
874,70890,corner,1,0.7700,-1,0
875,70983,corner,0,0.7600,-1,0
876,71068,corner,1,0.7600,-1,0
877,71120,corner,0,0.7500,-1,0
878,71203,corner,1,0.7500,-1,0
879,71283,corner,1,0.7500,-1,0
880,71351,corner,1,0.7500,-1,0
881,71437,corner,1,0.7600,-1,0
882,71546,corner,1,0.7600,-1,0
883,71593,corner,0,0.7500,-1,0
884,71716,corner,1,0.7500,-1,0
885,71805,corner,0,0.7400,-1,0
886,71851,corner,0,0.7300,-1,0
887,71917,corner,1,0.7400,-1,0
888,72074,corner,1,0.7500,-1,0
889,72129,corner,0,0.7400,-1,0
890,72225,corner,1,0.7400,-1,0
891,72361,corner,1,0.7400,-1,0
892,72433,corner,1,0.7400,-1,0
893,72509,corner,1,0.7400,-1,0
894,72600,corner,1,0.7400,-1,0
895,72669,corner,1,0.7400,-1,0
896,72750,corner,1,0.7400,-1,0
897,72812,corner,1,0.7400,-1,0
898,72910,corner,1,0.7400,-1,0
899,72984,corner,0,0.7300,-1,0
900,73053,corner,1,0.7300,-1,0
901,73141,corner,0,0.7200,-1,0
902,73226,corner,0,0.7100,-1,0
903,73293,corner,1,0.7100,-1,0
904,73358,corner,1,0.7100,-1,0
905,73427,corner,1,0.7100,-1,0
906,73500,corner,1,0.7100,-1,0
907,73574,corner,1,0.7100,-1,0
908,73644,corner,1,0.7100,-1,0
909,73724,corner,1,0.7100,-1,0
910,73788,corner,1,0.7100,-1,0
911,73874,corner,1,0.7100,-1,0
912,73929,corner,0,0.7000,-1,0
913,74042,corner,1,0.7000,-1,0
914,74134,corner,1,0.7000,-1,0
915,74207,corner,1,0.7000,-1,0
916,74280,corner,1,0.7000,-1,0
917,74363,corner,1,0.7100,-1,0
918,74465,corner,1,0.7100,-1,0
919,74543,corner,1,0.7200,-1,0
920,74620,corner,1,0.7300,-1,0
921,74672,corner,0,0.7300,-1,0
922,74718,corner,0,0.7200,-1,0
923,74791,corner,1,0.7300,-1,0
924,74864,corner,1,0.7400,-1,0
925,74951,corner,0,0.7300,-1,0
926,75016,corner,1,0.7300,-1,0
927,75128,corner,1,0.7300,-1,0
928,75175,corner,0,0.7200,-1,0
929,75260,corner,1,0.7300,-1,0
930,75311,corner,0,0.7200,-1,0
931,75454,corner,1,0.7200,-1,0
932,75531,corner,1,0.7200,-1,0
933,75597,corner,1,0.7200,-1,0
934,75694,corner,1,0.7200,-1,0
935,75772,corner,1,0.7200,-1,0
936,75858,corner,1,0.7200,-1,0
937,75942,corner,1,0.7200,-1,0
938,76019,corner,1,0.7200,-1,0
939,76095,corner,1,0.7200,-1,0
940,76161,corner,1,0.7200,-1,0
941,76262,corner,1,0.7300,-1,0
942,76326,corner,1,0.7300,-1,0
943,76396,corner,1,0.7300,-1,0
944,76485,corner,1,0.7300,-1,0
945,76580,corner,1,0.7400,-1,0
946,76657,corner,1,0.7400,-1,0
947,76732,corner,1,0.7400,-1,0
948,76812,corner,1,0.7400,-1,0
949,76898,corner,1,0.7500,-1,0
950,76968,corner,1,0.7600,-1,0
951,77037,corner,1,0.7700,-1,0
952,77118,corner,0,0.7600,-1,0
953,77199,corner,0,0.7600,-1,0
954,77266,corner,1,0.7700,-1,0
955,77341,corner,1,0.7800,-1,0
956,77412,corner,1,0.7900,-1,0
957,77490,corner,1,0.8000,-1,0
958,77573,corner,1,0.8000,-1,0
959,77648,corner,1,0.8000,-1,0
960,77730,corner,1,0.8000,-1,0
961,77819,corner,1,0.8100,-1,0
962,77868,corner,0,0.8100,-1,0
963,77950,corner,1,0.8100,-1,0
964,78023,corner,1,0.8100,-1,0
965,78092,corner,1,0.8100,-1,0
966,78175,corner,1,0.8100,-1,0
967,78224,corner,1,0.8200,-1,0
968,78294,corner,1,0.8200,-1,0
969,78394,corner,1,0.8200,-1,0
970,78488,corner,1,0.8200,-1,0
971,78583,corner,1,0.8200,-1,0
972,78757,corner,1,0.8200,-1,0
973,78850,corner,1,0.8200,-1,0
974,78939,corner,1,0.8200,-1,0
975,79004,corner,0,0.8200,-1,0
976,79120,corner,1,0.8200,-1,0
977,79213,corner,1,0.8300,-1,0
978,79279,corner,1,0.8300,-1,0
979,79350,corner,1,0.8300,-1,0
980,79428,corner,1,0.8300,-1,0
981,79574,corner,1,0.8300,-1,0
982,79626,corner,0,0.8200,-1,0
983,79788,corner,1,0.8300,-1,0
984,79868,corner,1,0.8300,-1,0
985,79927,corner,1,0.8400,-1,0
986,80007,corner,1,0.8500,-1,0
987,80088,corner,0,0.8400,-1,0
988,80201,corner,1,0.8400,-1,0
989,80268,corner,0,0.8400,-1,0
990,80336,corner,1,0.8400,-1,0
991,80426,corner,1,0.8400,-1,0
992,80500,corner,1,0.8400,-1,0
993,80554,corner,1,0.8400,-1,0
994,80603,corner,0,0.8300,-1,0
995,80669,corner,1,0.8300,-1,0
996,80750,corner,0,0.8200,-1,0
997,80820,corner,1,0.8200,-1,0
998,80939,corner,1,0.8200,-1,0
999,81016,corner,1,0.8300,-1,0
1000,81074,corner,0,0.8200,-1,0
1001,81146,corner,1,0.8300,-1,0
1002,81216,corner,1,0.8400,-1,0
1003,81266,corner,0,0.8300,-1,0
1004,81353,corner,1,0.8300,-1,0
1005,81403,corner,0,0.8200,-1,0
1006,81469,corner,1,0.8200,-1,0
1007,81518,corner,0,0.8100,-1,0
1008,81614,corner,1,0.8100,-1,0
1009,81660,corner,0,0.8000,-1,0
1010,81738,corner,1,0.8000,-1,0
1011,81819,corner,1,0.8000,-1,0
1012,81973,corner,1,0.8100,-1,0
1013,82058,corner,1,0.8100,-1,0
1014,82141,corner,1,0.8100,-1,0
1015,82238,corner,1,0.8100,-1,0
1016,82314,corner,1,0.8100,-1,0
1017,82393,corner,1,0.8100,-1,0
1018,82439,corner,0,0.8000,-1,0
1019,82542,corner,1,0.8000,-1,0
1020,82619,corner,1,0.8000,-1,0
1021,82685,corner,1,0.8100,-1,0
1022,82749,corner,1,0.8200,-1,0
1023,82841,corner,1,0.8200,-1,0
1024,82938,corner,1,0.8200,-1,0
1025,83010,corner,1,0.8300,-1,0
1026,83053,corner,0,0.8200,-1,0
1027,83137,corner,1,0.8200,-1,0
1028,83300,corner,1,0.8300,-1,0
1029,83380,corner,1,0.8300,-1,0
1030,83482,corner,1,0.8400,-1,0
1031,83551,corner,1,0.8400,-1,0
1032,83640,corner,1,0.8400,-1,0
1033,83685,corner,0,0.8300,-1,0
1034,83762,corner,1,0.8300,-1,0
1035,83912,corner,0,0.8200,-1,0
1036,83998,corner,1,0.8200,-1,0
1037,84089,corner,1,0.8200,-1,0
1038,84175,corner,1,0.8200,-1,0
1039,84269,corner,1,0.8200,-1,0
1040,84321,corner,1,0.8200,-1,0
1041,84369,corner,0,0.8100,-1,0
1042,84455,corner,1,0.8100,-1,0
1043,84524,corner,1,0.8100,-1,0
1044,84638,corner,1,0.8100,-1,0
1045,84712,corner,1,0.8100,-1,0
1046,84785,corner,1,0.8100,-1,0
1047,84904,corner,1,0.8100,-1,0
1048,84973,corner,1,0.8100,-1,0
1049,85089,corner,1,0.8100,-1,0
1050,85408,corner,1,0.8100,-1,0
1051,85471,corner,1,0.8100,-1,0
1052,85543,corner,1,0.8200,-1,0
1053,85594,corner,0,0.8200,-1,0
1054,85660,corner,1,0.8200,-1,0
1055,85788,corner,1,0.8200,-1,0
1056,85833,corner,0,0.8100,-1,0
1057,85889,corner,0,0.8000,-1,0
1058,85979,corner,1,0.8000,-1,0
1059,86057,corner,1,0.8000,-1,0
1060,86147,corner,1,0.8000,-1,0
1061,86221,corner,1,0.8000,-1,0
1062,86313,corner,1,0.8100,-1,0
1063,86379,corner,1,0.8100,-1,0
1064,86499,corner,1,0.8100,-1,0
1065,86547,corner,0,0.8000,-1,0
1066,86618,corner,1,0.8000,-1,0
1067,86703,corner,1,0.8000,-1,0
1068,86800,corner,1,0.8000,-1,0
1069,86878,corner,1,0.8000,-1,0
1070,87016,corner,0,0.7900,-1,0
1071,87098,corner,0,0.7800,-1,0
1072,87240,corner,1,0.7800,-1,0
1073,87333,corner,1,0.7800,-1,0
1074,87404,corner,1,0.7800,-1,0
1075,87494,corner,1,0.7900,-1,0
1076,87569,corner,1,0.7900,-1,0
1077,87660,corner,1,0.7900,-1,0
1078,87791,corner,1,0.7900,-1,0
1079,87939,corner,0,0.7800,-1,0
1080,88016,corner,1,0.7800,-1,0
1081,88112,corner,1,0.7800,-1,0
1082,88242,corner,1,0.7900,-1,0
1083,88322,corner,1,0.7900,-1,0
1084,88393,corner,1,0.7900,-1,0
1085,88484,corner,1,0.7900,-1,0
1086,88565,corner,1,0.7900,-1,0
1087,88659,corner,1,0.8000,-1,0
1088,88706,corner,0,0.7900,-1,0
1089,88759,corner,0,0.7900,-1,0
1090,88831,corner,1,0.7900,-1,0
1091,88882,corner,0,0.7800,-1,0
1092,88965,corner,1,0.7800,-1,0
1093,89070,corner,1,0.7800,-1,0
1094,89116,corner,0,0.7800,-1,0
1095,89266,corner,1,0.7800,-1,0
1096,89328,corner,1,0.7900,-1,0
1097,89414,corner,0,0.7800,-1,0
1098,89493,corner,1,0.7800,-1,0
1099,89548,corner,1,0.7800,-1,0
1100,89615,corner,0,0.7800,-1,0
1101,89696,corner,0,0.7700,-1,0
1102,89774,corner,1,0.7700,-1,0
1103,89936,corner,1,0.7800,-1,0
1104,90043,corner,1,0.7800,-1,0
1105,90107,corner,1,0.7900,-1,0
1106,90229,corner,1,0.7900,-1,0
1107,90296,corner,1,0.8000,-1,0
1108,90381,corner,0,0.7900,-1,0
1109,90469,corner,0,0.7900,-1,0
1110,90552,corner,1,0.7900,-1,0
1111,90624,corner,1,0.7900,-1,0
1112,90705,corner,1,0.7900,-1,0
1113,90758,corner,0,0.7800,-1,0
1114,90832,corner,1,0.7800,-1,0
1115,90924,corner,1,0.7800,-1,0
1116,91015,corner,1,0.7800,-1,0
1117,91129,corner,1,0.7800,-1,0
1118,91208,corner,1,0.7900,-1,0
1119,91287,corner,1,0.7900,-1,0
1120,91367,corner,1,0.7900,-1,0
1121,91470,corner,1,0.7900,-1,0
1122,91541,corner,1,0.7900,-1,0
1123,91635,corner,1,0.7900,-1,0
1124,91769,corner,0,0.7800,-1,0
1125,91850,corner,0,0.7700,-1,0
1126,91985,corner,0,0.7700,-1,0
1127,92076,corner,1,0.7700,-1,0
1128,92164,corner,1,0.7700,-1,0
1129,92213,corner,1,0.7700,-1,0
1130,92305,corner,1,0.7700,-1,0
1131,92395,corner,1,0.7700,-1,0
1132,92461,corner,1,0.7700,-1,0
1133,92546,corner,1,0.7800,-1,0
1134,92615,corner,1,0.7800,-1,0
1135,92698,corner,1,0.7900,-1,0
1136,92765,corner,1,0.7900,-1,0
1137,92839,corner,1,0.7900,-1,0
1138,92921,corner,0,0.7800,-1,0
1139,93046,corner,0,0.7700,-1,0
1140,93141,corner,1,0.7700,-1,0
1141,93252,corner,1,0.7800,-1,0
1142,93353,corner,1,0.7800,-1,0
1143,93472,corner,1,0.7800,-1,0
1144,93541,corner,1,0.7800,-1,0
1145,93634,corner,1,0.7800,-1,0
1146,93716,corner,1,0.7800,-1,0
1147,93797,corner,1,0.7800,-1,0
1148,93871,corner,1,0.7800,-1,0
1149,93928,corner,1,0.7800,-1,0
1150,94009,corner,0,0.7700,-1,0
1151,94095,corner,1,0.7700,-1,0
1152,94143,corner,0,0.7600,-1,0
1153,94273,corner,1,0.7700,-1,0
1154,94356,corner,1,0.7700,-1,0
1155,94443,corner,1,0.7700,-1,0
1156,94518,corner,1,0.7800,-1,0
1157,94645,corner,1,0.7900,-1,0
1158,94731,corner,1,0.7900,-1,0
1159,94798,corner,1,0.7900,-1,0
1160,94942,corner,1,0.7900,-1,0
1161,95013,corner,1,0.7900,-1,0
1162,95220,corner,1,0.7900,-1,0
1163,95273,corner,1,0.7900,-1,0
1164,95343,corner,1,0.7900,-1,0
1165,95412,corner,1,0.8000,-1,0
1166,95483,corner,1,0.8000,-1,0
1167,95542,corner,1,0.8000,-1,0
1168,95681,corner,0,0.7900,-1,0
1169,95729,corner,0,0.7800,-1,0
1170,95813,corner,1,0.7900,-1,0
1171,95899,corner,1,0.8000,-1,0
1172,95981,corner,1,0.8000,-1,0
1173,96055,corner,0,0.7900,-1,0
1174,96150,corner,1,0.7900,-1,0
1175,96257,corner,1,0.7900,-1,0
1176,96346,corner,1,0.7900,-1,0
1177,96432,corner,1,0.7900,-1,0
1178,96510,corner,1,0.7900,-1,0
1179,96578,corner,0,0.7900,-1,0
1180,96656,corner,1,0.7900,-1,0
1181,96746,corner,1,0.7900,-1,0
1182,96852,corner,1,0.7900,-1,0
1183,96916,corner,1,0.7900,-1,0
1184,96987,corner,1,0.7900,-1,0
1185,97080,corner,1,0.7900,-1,0
1186,97194,corner,1,0.7900,-1,0
1187,97265,corner,1,0.7900,-1,0
1188,97366,corner,1,0.8000,-1,0
1189,97461,corner,1,0.8100,-1,0
1190,97533,corner,1,0.8100,-1,0
1191,97614,corner,0,0.8100,-1,0
1192,97659,corner,0,0.8000,-1,0
1193,97763,corner,1,0.8000,-1,0
1194,97875,corner,1,0.8100,-1,0
1195,97950,corner,1,0.8100,-1,0
1196,98018,corner,1,0.8100,-1,0
1197,98106,corner,1,0.8200,-1,0
1198,98218,corner,1,0.8200,-1,0
1199,98304,corner,1,0.8200,-1,0
1200,98386,corner,1,0.8300,-1,0
1201,98433,corner,0,0.8300,-1,0
1202,98510,corner,1,0.8300,-1,0
1203,98591,corner,1,0.8300,-1,0
1204,98662,corner,1,0.8300,-1,0
1205,98746,corner,1,0.8300,-1,0
1206,98796,corner,0,0.8200,-1,0
1207,98901,corner,1,0.8200,-1,0
1208,98964,corner,1,0.8300,-1,0
1209,99060,corner,1,0.8400,-1,0
1210,99159,corner,1,0.8400,-1,0
1211,99223,corner,1,0.8400,-1,0
1212,99317,corner,1,0.8400,-1,0
1213,99407,corner,1,0.8500,-1,0
1214,99486,corner,1,0.8500,-1,0
1215,99567,corner,0,0.8400,-1,0
1216,99648,corner,1,0.8400,-1,0
1217,99751,corner,1,0.8400,-1,0
1218,99827,corner,1,0.8400,-1,0
1219,99900,corner,1,0.8400,-1,0
1220,100102,corner,0,0.8300,-1,0
1221,100168,corner,1,0.8300,-1,0
1222,100246,corner,1,0.8300,-1,0
1223,100349,corner,1,0.8300,-1,0
1224,100396,corner,1,0.8400,-1,0
1225,100477,corner,1,0.8500,-1,0
1226,100562,corner,0,0.8500,-1,0
1227,100610,corner,0,0.8400,-1,0
1228,100695,corner,1,0.8400,-1,0
1229,100757,corner,0,0.8300,-1,0
1230,100828,corner,1,0.8300,-1,0
1231,100911,corner,1,0.8300,-1,0
1232,101005,corner,0,0.8200,-1,0
1233,101047,corner,0,0.8100,-1,0
1234,101151,corner,1,0.8100,-1,0
1235,101195,corner,0,0.8000,-1,0
1236,101276,corner,0,0.7900,-1,0
1237,101371,corner,1,0.7900,-1,0
1238,101444,corner,1,0.8000,-1,0
1239,101523,corner,1,0.8100,-1,0
1240,101598,corner,1,0.8100,-1,0
1241,101667,corner,1,0.8100,-1,0
1242,101750,corner,0,0.8000,-1,0
1243,101803,corner,0,0.7900,-1,0
1244,101886,corner,0,0.7800,-1,0
1245,101963,corner,1,0.7800,-1,0
1246,102035,corner,1,0.7800,-1,0
1247,102119,corner,1,0.7800,-1,0
1248,102203,corner,1,0.7800,-1,0
1249,102279,corner,1,0.7800,-1,0
1250,102410,corner,1,0.7900,-1,0
1251,102487,corner,1,0.7900,-1,0
1252,102546,corner,1,0.8000,-1,0
1253,102735,corner,0,0.7900,-1,0
1254,102783,corner,0,0.7800,-1,0
1255,102843,corner,1,0.7800,-1,0
1256,102924,corner,1,0.7800,-1,0
1257,102984,corner,0,0.7700,-1,0
1258,103082,corner,1,0.7700,-1,0
1259,103163,corner,1,0.7700,-1,0
1260,103251,corner,1,0.7700,-1,0
1261,103312,corner,1,0.7700,-1,0
1262,103393,corner,1,0.7700,-1,0
1263,103482,corner,1,0.7700,-1,0
1264,103563,corner,0,0.7600,-1,0
1265,103627,corner,1,0.7600,-1,0
1266,103709,corner,1,0.7600,-1,0
1267,103774,corner,1,0.7600,-1,0
1268,103850,corner,1,0.7700,-1,0
1269,103965,corner,1,0.7800,-1,0
1270,104058,corner,1,0.7800,-1,0
1271,104103,corner,1,0.7800,-1,0
1272,104167,corner,1,0.7800,-1,0
1273,104237,corner,1,0.7900,-1,0
1274,104285,corner,0,0.7800,-1,0
1275,104372,corner,0,0.7700,-1,0
1276,104490,corner,1,0.7700,-1,0
1277,104570,corner,1,0.7700,-1,0
1278,104644,corner,1,0.7700,-1,0
1279,104695,corner,1,0.7800,-1,0
1280,104903,corner,0,0.7700,-1,0
1281,104993,corner,1,0.7700,-1,0
1282,105072,corner,1,0.7700,-1,0
1283,105137,corner,1,0.7700,-1,0
1284,105190,corner,0,0.7600,-1,0
1285,105293,corner,1,0.7600,-1,0
1286,105351,corner,1,0.7600,-1,0
1287,105436,corner,1,0.7600,-1,0
1288,105526,corner,1,0.7600,-1,0
1289,105593,corner,1,0.7600,-1,0
1290,105675,corner,0,0.7500,-1,0
1291,105756,corner,0,0.7500,-1,0
1292,105901,corner,1,0.7600,-1,0
1293,105979,corner,1,0.7600,-1,0
1294,106055,corner,1,0.7600,-1,0
1295,106128,corner,1,0.7600,-1,0
1296,106248,corner,1,0.7600,-1,0
1297,106321,corner,1,0.7600,-1,0
1298,106399,corner,1,0.7600,-1,0
1299,106451,corner,0,0.7500,-1,0
1300,106528,corner,1,0.7500,-1,0
1301,106576,corner,0,0.7500,-1,0
1302,106663,corner,1,0.7500,-1,0
1303,106737,corner,1,0.7500,-1,0
1304,106905,corner,1,0.7500,-1,0
1305,106956,corner,0,0.7400,-1,0
1306,107014,corner,1,0.7500,-1,0
1307,107083,corner,1,0.7500,-1,0
1308,107164,corner,1,0.7500,-1,0
1309,107251,corner,1,0.7500,-1,0
1310,107352,corner,1,0.7500,-1,0
1311,107425,corner,0,0.7400,-1,0
1312,107536,corner,1,0.7400,-1,0
1313,107621,corner,1,0.7400,-1,0
1314,107689,corner,1,0.7400,-1,0
1315,107774,corner,1,0.7500,-1,0
1316,107827,corner,1,0.7500,-1,0
1317,107899,corner,1,0.7500,-1,0
1318,108001,corner,1,0.7500,-1,0
1319,108083,corner,0,0.7400,-1,0
1320,108150,corner,1,0.7500,-1,0
1321,108203,corner,0,0.7400,-1,0
1322,108276,corner,1,0.7400,-1,0
1323,108357,corner,0,0.7300,-1,0
1324,108448,corner,1,0.7300,-1,0
1325,108530,corner,0,0.7200,-1,0
1326,108622,corner,1,0.7300,-1,0
1327,108711,corner,1,0.7400,-1,0
1328,108773,corner,0,0.7300,-1,0
1329,108818,corner,0,0.7300,-1,0
1330,108908,corner,0,0.7200,-1,0
1331,109002,corner,1,0.7200,-1,0
1332,109060,corner,1,0.7300,-1,0
1333,109125,corner,1,0.7400,-1,0
1334,109234,corner,1,0.7400,-1,0
1335,109328,corner,1,0.7500,-1,0
1336,109396,corner,1,0.7600,-1,0
1337,109467,corner,1,0.7600,-1,0
1338,109566,corner,1,0.7600,-1,0
1339,109673,corner,1,0.7600,-1,0
1340,109764,corner,1,0.7600,-1,0
1341,109809,corner,0,0.7500,-1,0
1342,109873,corner,1,0.7600,-1,0
1343,109921,corner,1,0.7700,-1,0
1344,110043,corner,1,0.7800,-1,0
1345,110106,corner,1,0.7800,-1,0
1346,110222,corner,1,0.7800,-1,0
1347,110304,corner,1,0.7800,-1,0
1348,110393,corner,1,0.7800,-1,0
1349,110487,corner,1,0.7800,-1,0
1350,110580,corner,1,0.7800,-1,0
1351,110664,corner,1,0.7800,-1,0
1352,110732,corner,1,0.7800,-1,0
1353,110822,corner,1,0.7900,-1,0
1354,110904,corner,0,0.7900,-1,0
1355,110991,corner,1,0.7900,-1,0
1356,111107,corner,1,0.7900,-1,0
1357,111190,corner,1,0.8000,-1,0
1358,111275,corner,0,0.7900,-1,0
1359,111347,corner,1,0.7900,-1,0
1360,111449,corner,1,0.7900,-1,0
1361,111528,corner,1,0.7900,-1,0
1362,111627,corner,1,0.7900,-1,0
1363,111704,corner,1,0.7900,-1,0
1364,111787,corner,1,0.8000,-1,0
1365,111856,corner,1,0.8000,-1,0
1366,111923,corner,1,0.8000,-1,0
1367,112009,corner,1,0.8000,-1,0
1368,112113,corner,1,0.8000,-1,0
1369,112197,corner,1,0.8000,-1,0
1370,112276,corner,1,0.8000,-1,0
1371,112328,corner,0,0.7900,-1,0
1372,112423,corner,1,0.7900,-1,0
1373,112468,corner,0,0.7800,-1,0
1374,112570,corner,1,0.7900,-1,0
1375,112652,corner,1,0.8000,-1,0
1376,112733,corner,1,0.8000,-1,0
1377,112831,corner,1,0.8000,-1,0
1378,112912,corner,1,0.8000,-1,0
1379,112988,corner,1,0.8000,-1,0
1380,113396,corner,0,0.8000,-1,0
1381,113475,corner,1,0.8000,-1,0
1382,113580,corner,1,0.8000,-1,0
1383,113655,corner,1,0.8000,-1,0
1384,113729,corner,1,0.8100,-1,0
1385,113902,corner,1,0.8100,-1,0
1386,113980,corner,1,0.8100,-1,0
1387,114034,corner,1,0.8100,-1,0
1388,114236,corner,0,0.8000,-1,0
1389,114317,corner,0,0.7900,-1,0
1390,114415,corner,1,0.8000,-1,0
1391,114499,corner,1,0.8100,-1,0
1392,114577,corner,1,0.8100,-1,0
1393,114656,corner,1,0.8100,-1,0
1394,114703,corner,0,0.8000,-1,0
1395,114778,corner,1,0.8000,-1,0
1396,114846,corner,1,0.8000,-1,0
1397,114913,corner,1,0.8000,-1,0
1398,114991,corner,1,0.8000,-1,0
1399,115097,corner,1,0.8100,-1,0
1400,115144,corner,0,0.8000,-1,0
1401,115234,corner,1,0.8100,-1,0
1402,115307,corner,1,0.8100,-1,0
1403,115408,corner,1,0.8100,-1,0
1404,115469,corner,0,0.8000,-1,0
1405,115540,corner,0,0.8000,-1,0
1406,115615,corner,1,0.8000,-1,0
1407,115686,corner,1,0.8000,-1,0
1408,115767,corner,1,0.8000,-1,0
1409,115829,corner,0,0.7900,-1,0
1410,115901,corner,0,0.7800,-1,0
1411,116006,corner,1,0.7900,-1,0
1412,116080,corner,1,0.7900,-1,0
1413,116135,corner,0,0.7800,-1,0
1414,116225,corner,1,0.7800,-1,0
1415,116307,corner,0,0.7700,-1,0
1416,116390,corner,1,0.7700,-1,0
1417,116470,corner,1,0.7700,-1,0
1418,116545,corner,1,0.7700,-1,0
1419,116650,corner,1,0.7800,-1,0
1420,116714,corner,1,0.7800,-1,0
1421,116766,corner,1,0.7900,-1,0
1422,116847,corner,0,0.7800,-1,0
1423,116964,corner,1,0.7900,-1,0
1424,117059,corner,1,0.7900,-1,0
1425,117105,corner,0,0.7900,-1,0
1426,117185,corner,1,0.7900,-1,0
1427,117297,corner,1,0.7900,-1,0
1428,117380,corner,1,0.8000,-1,0
1429,117565,corner,1,0.8100,-1,0
1430,117611,corner,0,0.8100,-1,0
1431,117676,corner,1,0.8100,-1,0
1432,117783,corner,1,0.8100,-1,0
1433,117861,corner,1,0.8100,-1,0
1434,117975,corner,1,0.8100,-1,0
1435,118038,corner,1,0.8100,-1,0
1436,118127,corner,1,0.8100,-1,0
1437,118271,corner,1,0.8100,-1,0
1438,118347,corner,1,0.8100,-1,0
1439,118487,corner,1,0.8100,-1,0
1440,118657,corner,1,0.8100,-1,0
1441,118779,corner,1,0.8200,-1,0
1442,118825,corner,0,0.8100,-1,0
1443,118893,corner,1,0.8100,-1,0
1444,118962,corner,0,0.8000,-1,0
1445,119063,corner,1,0.8000,-1,0
1446,119125,corner,0,0.7900,-1,0
1447,119213,corner,1,0.7900,-1,0
1448,119349,corner,1,0.7900,-1,0
1449,119418,corner,1,0.7900,-1,0
1450,119507,corner,1,0.7900,-1,0
1451,119602,corner,1,0.7900,-1,0
1452,119754,corner,0,0.7800,-1,0
1453,119849,corner,0,0.7700,-1,0
1454,119946,corner,1,0.7800,-1,0
1455,120029,corner,0,0.7700,-1,0
1456,120101,corner,1,0.7700,-1,0
1457,120202,corner,1,0.7700,-1,0
1458,120268,corner,1,0.7800,-1,0
1459,120329,corner,0,0.7700,-1,0
1460,120394,corner,1,0.7700,-1,0
1461,120474,corner,1,0.7700,-1,0
1462,120547,corner,1,0.7700,-1,0
1463,120632,corner,1,0.7700,-1,0
1464,120720,corner,1,0.7700,-1,0
1465,120857,corner,1,0.7700,-1,0
1466,120936,corner,1,0.7700,-1,0
1467,120988,corner,0,0.7600,-1,0
1468,121062,corner,1,0.7600,-1,0
1469,121120,corner,1,0.7600,-1,0
1470,121305,corner,1,0.7600,-1,0
1471,121384,corner,1,0.7700,-1,0
1472,121473,corner,1,0.7700,-1,0
1473,121558,corner,1,0.7800,-1,0
1474,121616,corner,1,0.7800,-1,0
1475,121687,corner,1,0.7800,-1,0
1476,121763,corner,1,0.7800,-1,0
1477,121834,corner,1,0.7800,-1,0
1478,121908,corner,1,0.7800,-1,0
1479,121980,corner,1,0.7800,-1,0
1480,122074,corner,1,0.7900,-1,0
1481,122158,corner,1,0.7900,-1,0
1482,122236,corner,1,0.7900,-1,0
1483,122304,corner,1,0.7900,-1,0
1484,122375,corner,0,0.7800,-1,0
1485,122475,corner,1,0.7800,-1,0
1486,122564,corner,1,0.7800,-1,0
1487,122635,corner,1,0.7800,-1,0
1488,122697,corner,1,0.7900,-1,0
1489,122778,corner,0,0.7900,-1,0
1490,122855,corner,1,0.7900,-1,0
1491,122965,corner,0,0.7800,-1,0
1492,123035,corner,1,0.7800,-1,0
1493,123111,corner,1,0.7800,-1,0
1494,123196,corner,1,0.7900,-1,0
1495,123279,corner,1,0.7900,-1,0
1496,123347,corner,1,0.7900,-1,0
1497,123419,corner,1,0.7900,-1,0
1498,123470,corner,0,0.7800,-1,0
1499,123567,corner,1,0.7800,-1,0
1500,123644,corner,1,0.7900,-1,0
1501,123742,corner,1,0.7900,-1,0
1502,123836,corner,1,0.7900,-1,0
1503,123926,corner,1,0.7900,-1,0
1504,123994,corner,1,0.8000,-1,0
1505,124058,corner,1,0.8100,-1,0
1506,124141,corner,1,0.8100,-1,0
1507,124214,corner,1,0.8100,-1,0
1508,124311,corner,1,0.8100,-1,0
1509,124400,corner,1,0.8200,-1,0
1510,124470,corner,1,0.8300,-1,0
1511,124551,corner,0,0.8200,-1,0
1512,124681,corner,0,0.8100,-1,0
1513,124786,corner,1,0.8200,-1,0
1514,124877,corner,1,0.8200,-1,0
1515,124929,corner,0,0.8200,-1,0
1516,124998,corner,1,0.8200,-1,0
1517,125067,corner,1,0.8200,-1,0
1518,125148,corner,0,0.8100,-1,0
1519,125234,corner,1,0.8100,-1,0
1520,125300,corner,1,0.8100,-1,0
1521,125381,corner,0,0.8000,-1,0
1522,125464,corner,1,0.8100,-1,0
1523,125555,corner,1,0.8100,-1,0
1524,125633,corner,1,0.8100,-1,0
1525,125748,corner,0,0.8100,-1,0
1526,125823,corner,1,0.8100,-1,0
1527,125882,corner,1,0.8100,-1,0
1528,125986,corner,1,0.8100,-1,0
1529,126064,corner,1,0.8100,-1,0
1530,126137,corner,1,0.8200,-1,0
1531,126258,corner,1,0.8200,-1,0
1532,126368,corner,1,0.8200,-1,0
1533,126440,corner,1,0.8200,-1,0
1534,126524,corner,1,0.8200,-1,0
1535,126618,corner,0,0.8100,-1,0
1536,126797,corner,1,0.8100,-1,0
1537,126887,corner,1,0.8100,-1,0
1538,126983,corner,1,0.8100,-1,0
1539,127061,corner,1,0.8100,-1,0
1540,127142,corner,1,0.8100,-1,0
1541,127217,corner,1,0.8100,-1,0
1542,127306,corner,1,0.8200,-1,0
1543,127352,corner,1,0.8200,-1,0
1544,127415,corner,1,0.8300,-1,0
1545,127477,corner,1,0.8300,-1,0
1546,127583,corner,1,0.8400,-1,0
1547,127665,corner,1,0.8400,-1,0
1548,127754,corner,1,0.8400,-1,0
1549,127827,corner,1,0.8400,-1,0
1550,127910,corner,1,0.8400,-1,0
1551,127967,corner,1,0.8400,-1,0
1552,128056,corner,1,0.8500,-1,0
1553,128237,corner,1,0.8600,-1,0
1554,128312,corner,1,0.8600,-1,0
1555,128388,corner,1,0.8700,-1,0
1556,128467,corner,1,0.8700,-1,0
1557,128533,corner,1,0.8700,-1,0
1558,128590,corner,1,0.8700,-1,0
1559,128660,corner,1,0.8800,-1,0
1560,128729,corner,1,0.8800,-1,0
1561,128846,corner,1,0.8800,-1,0
1562,128907,corner,1,0.8800,-1,0
1563,128961,corner,0,0.8700,-1,0
1564,129051,corner,1,0.8700,-1,0
1565,129148,corner,1,0.8700,-1,0
1566,129232,corner,1,0.8700,-1,0
1567,129301,corner,1,0.8800,-1,0
1568,129383,corner,1,0.8800,-1,0
1569,129446,corner,1,0.8800,-1,0
1570,129517,corner,1,0.8800,-1,0
1571,129585,corner,1,0.8800,-1,0
1572,129665,corner,1,0.8800,-1,0
1573,129724,corner,1,0.8800,-1,0
1574,129998,corner,1,0.8800,-1,0
1575,130061,corner,1,0.8800,-1,0
1576,130133,corner,1,0.8800,-1,0
1577,130217,corner,0,0.8700,-1,0
1578,130306,corner,1,0.8700,-1,0
1579,130359,corner,1,0.8700,-1,0
1580,130442,corner,0,0.8600,-1,0
1581,130522,corner,1,0.8600,-1,0
1582,130606,corner,0,0.8500,-1,0
1583,130709,corner,1,0.8500,-1,0
1584,130803,corner,1,0.8600,-1,0
1585,130865,corner,1,0.8600,-1,0
1586,130952,corner,1,0.8600,-1,0
1587,131040,corner,1,0.8600,-1,0
1588,131135,corner,1,0.8600,-1,0
1589,131193,corner,0,0.8600,-1,0
1590,131293,corner,1,0.8600,-1,0
1591,131345,corner,1,0.8700,-1,0
1592,131413,corner,1,0.8700,-1,0
1593,131494,corner,0,0.8600,-1,0
1594,131570,corner,1,0.8600,-1,0
1595,131633,corner,1,0.8600,-1,0
1596,131716,corner,1,0.8600,-1,0
1597,131793,corner,1,0.8600,-1,0
1598,131873,corner,1,0.8700,-1,0
1599,131951,corner,1,0.8700,-1,0
1600,132030,corner,1,0.8700,-1,0
1601,132104,corner,1,0.8700,-1,0
1602,132178,corner,1,0.8700,-1,0
1603,132256,corner,1,0.8700,-1,0
1604,132328,corner,1,0.8700,-1,0
1605,132401,corner,1,0.8700,-1,0
1606,132469,corner,1,0.8700,-1,0
1607,132555,corner,1,0.8700,-1,0
1608,132665,corner,1,0.8700,-1,0
1609,132729,corner,1,0.8700,-1,0
1610,132793,corner,1,0.8700,-1,0
1611,132853,corner,1,0.8800,-1,0
1612,132937,corner,1,0.8900,-1,0
1613,133007,corner,1,0.8900,-1,0
1614,133102,corner,1,0.8900,-1,0
1615,133166,corner,1,0.9000,-1,0
1616,133237,corner,1,0.9000,-1,0
1617,133337,corner,1,0.9000,-1,0
1618,133417,corner,1,0.9100,-1,0
1619,133506,corner,1,0.9100,-1,0
1620,133560,corner,0,0.9000,-1,0
1621,133766,corner,1,0.9100,-1,0
1622,133811,corner,0,0.9000,-1,0
1623,133931,corner,1,0.9000,-1,0
1624,133994,corner,1,0.9000,-1,0
1625,134092,corner,1,0.9100,-1,0
1626,134165,corner,1,0.9100,-1,0
1627,134268,corner,1,0.9100,-1,0
1628,134356,corner,1,0.9100,-1,0
1629,134437,corner,0,0.9000,-1,0
1630,134523,corner,0,0.8900,-1,0
1631,134616,corner,1,0.8900,-1,0
1632,134690,corner,1,0.8900,-1,0
1633,134738,corner,0,0.8800,-1,0
1634,134825,corner,1,0.8800,-1,0
1635,134878,corner,1,0.8900,-1,0
1636,134933,corner,1,0.8900,-1,0
1637,135017,corner,1,0.8900,-1,0
1638,135098,corner,0,0.8800,-1,0
1639,135175,corner,1,0.8800,-1,0
1640,135282,corner,1,0.8800,-1,0
1641,135361,corner,1,0.8800,-1,0
1642,135482,corner,0,0.8700,-1,0
1643,135629,corner,1,0.8700,-1,0
1644,135711,corner,1,0.8700,-1,0
1645,135806,corner,1,0.8700,-1,0
1646,135922,corner,1,0.8700,-1,0
1647,135985,corner,1,0.8700,-1,0
1648,136053,corner,1,0.8700,-1,0
1649,136126,corner,1,0.8700,-1,0
1650,136207,corner,1,0.8700,-1,0
1651,136288,corner,0,0.8600,-1,0
1652,136363,corner,1,0.8600,-1,0
1653,136448,corner,1,0.8600,-1,0
1654,136538,corner,1,0.8600,-1,0
1655,136596,corner,1,0.8600,-1,0
1656,136661,corner,1,0.8600,-1,0
1657,136732,corner,1,0.8600,-1,0
1658,136797,corner,1,0.8600,-1,0
1659,136878,corner,0,0.8500,-1,0
1660,136951,corner,1,0.8500,-1,0
1661,137042,corner,1,0.8500,-1,0
1662,137103,corner,1,0.8500,-1,0
1663,137236,corner,1,0.8600,-1,0
1664,137309,corner,1,0.8600,-1,0
1665,137382,corner,1,0.8600,-1,0
1666,137468,corner,1,0.8600,-1,0
1667,137555,corner,1,0.8600,-1,0
1668,137651,corner,1,0.8600,-1,0
1669,137724,corner,1,0.8600,-1,0
1670,137810,corner,1,0.8600,-1,0
1671,137919,corner,1,0.8600,-1,0
1672,138044,corner,1,0.8600,-1,0
1673,138142,corner,1,0.8600,-1,0
1674,138219,corner,1,0.8600,-1,0
1675,138288,corner,1,0.8600,-1,0
1676,138371,corner,0,0.8500,-1,0
1677,138453,corner,1,0.8600,-1,0
1678,138532,corner,1,0.8600,-1,0
1679,138633,corner,1,0.8600,-1,0
1680,138695,corner,1,0.8700,-1,0
1681,138766,corner,1,0.8700,-1,0
1682,138873,corner,0,0.8700,-1,0
1683,138958,corner,1,0.8700,-1,0
1684,139038,corner,1,0.8700,-1,0
1685,139147,corner,1,0.8700,-1,0
1686,139242,corner,1,0.8700,-1,0
1687,139341,corner,1,0.8700,-1,0
1688,139412,corner,1,0.8700,-1,0
1689,139479,corner,1,0.8800,-1,0
1690,139547,corner,1,0.8800,-1,0
1691,139643,corner,1,0.8800,-1,0
1692,139697,corner,0,0.8700,-1,0
1693,139771,corner,1,0.8800,-1,0
1694,139843,corner,1,0.8800,-1,0
1695,139911,corner,1,0.8800,-1,0
1696,139996,corner,1,0.8800,-1,0
1697,140073,corner,1,0.8800,-1,0
1698,140150,corner,1,0.8800,-1,0
1699,140235,corner,1,0.8800,-1,0
1700,140328,corner,1,0.8800,-1,0
1701,140413,corner,1,0.8800,-1,0
1702,140501,corner,1,0.8800,-1,0
1703,140557,corner,1,0.8800,-1,0
1704,140621,corner,1,0.8800,-1,0
1705,140711,corner,1,0.8800,-1,0
1706,140873,corner,1,0.8800,-1,0
1707,140923,corner,1,0.8800,-1,0
1708,141010,corner,1,0.8800,-1,0
1709,141091,corner,1,0.8800,-1,0
1710,141176,corner,1,0.8800,-1,0
1711,141254,corner,1,0.8800,-1,0
1712,141329,corner,1,0.8800,-1,0
1713,141404,corner,1,0.8800,-1,0
1714,141527,corner,1,0.8800,-1,0
1715,141608,corner,1,0.8800,-1,0
1716,141685,corner,1,0.8800,-1,0
1717,141756,corner,1,0.8800,-1,0
1718,141830,corner,1,0.8800,-1,0
1719,141878,corner,0,0.8700,-1,0
1720,142039,corner,1,0.8800,-1,0
1721,142122,corner,1,0.8800,-1,0
1722,142201,corner,1,0.8900,-1,0
1723,142283,corner,1,0.8900,-1,0
1724,142352,corner,1,0.8900,-1,0
1725,142431,corner,1,0.8900,-1,0
1726,142549,corner,1,0.8900,-1,0
1727,142647,corner,1,0.8900,-1,0
1728,142724,corner,1,0.8900,-1,0
1729,142769,corner,0,0.8900,-1,0
1730,142858,corner,1,0.9000,-1,0
1731,142933,corner,1,0.9000,-1,0
1732,142990,corner,0,0.8900,-1,0
1733,143066,corner,1,0.9000,-1,0
1734,143148,corner,0,0.8900,-1,0
1735,143217,corner,1,0.8900,-1,0
1736,143293,corner,1,0.8900,-1,0
1737,143370,corner,1,0.8900,-1,0
1738,143444,corner,1,0.9000,-1,0
1739,143506,corner,1,0.9000,-1,0
1740,143619,corner,0,0.8900,-1,0
1741,143665,corner,0,0.8800,-1,0
1742,143801,corner,1,0.8900,-1,0
1743,143850,corner,0,0.8800,-1,0
1744,143937,corner,1,0.8800,-1,0
1745,144028,corner,1,0.8800,-1,0
1746,144110,corner,1,0.8800,-1,0
1747,144185,corner,1,0.8800,-1,0
1748,144256,corner,1,0.8800,-1,0
1749,144328,corner,1,0.8800,-1,0
1750,144399,corner,1,0.8800,-1,0
1751,144471,corner,1,0.8900,-1,0
1752,144536,corner,1,0.8900,-1,0
1753,144585,corner,0,0.8800,-1,0
1754,144653,corner,1,0.8800,-1,0
1755,144706,corner,0,0.8700,-1,0
1756,144790,corner,1,0.8700,-1,0
1757,144867,corner,1,0.8700,-1,0
1758,144934,corner,1,0.8700,-1,0
1759,145009,corner,1,0.8800,-1,0
1760,145071,corner,1,0.8800,-1,0
1761,145140,corner,1,0.8800,-1,0
1762,145223,corner,1,0.8800,-1,0
1763,145270,corner,0,0.8700,-1,0
1764,145329,corner,1,0.8700,-1,0
1765,145402,corner,1,0.8700,-1,0
1766,145489,corner,1,0.8700,-1,0
1767,145580,corner,1,0.8700,-1,0
1768,145652,corner,1,0.8700,-1,0
1769,145732,corner,1,0.8700,-1,0
1770,145864,corner,0,0.8600,-1,0
1771,145927,corner,1,0.8600,-1,0
1772,146002,corner,1,0.8600,-1,0
1773,146067,corner,1,0.8600,-1,0
1774,146142,corner,1,0.8600,-1,0
1775,146241,corner,1,0.8600,-1,0
1776,146316,corner,1,0.8700,-1,0
1777,146393,corner,1,0.8700,-1,0
1778,146542,corner,1,0.8700,-1,0
1779,146617,corner,1,0.8700,-1,0
1780,146674,corner,1,0.8700,-1,0
1781,146775,corner,0,0.8600,-1,0
1782,146861,corner,1,0.8700,-1,0
1783,146933,corner,1,0.8700,-1,0
1784,146996,corner,1,0.8700,-1,0
1785,147053,corner,1,0.8700,-1,0
1786,147118,corner,0,0.8600,-1,0
1787,147199,corner,0,0.8500,-1,0
1788,147303,corner,1,0.8500,-1,0
1789,147377,corner,1,0.8500,-1,0
1790,147452,corner,1,0.8500,-1,0
1791,147497,corner,0,0.8400,-1,0
1792,147577,corner,1,0.8500,-1,0
1793,147677,corner,1,0.8500,-1,0
1794,147747,corner,1,0.8500,-1,0
1795,147804,corner,1,0.8500,-1,0
1796,147873,corner,1,0.8500,-1,0
1797,147966,corner,1,0.8500,-1,0
1798,148026,corner,1,0.8500,-1,0
1799,148100,corner,1,0.8500,-1,0
1800,148178,corner,1,0.8500,-1,0
1801,148230,corner,0,0.8400,-1,0
1802,148324,corner,1,0.8400,-1,0
1803,148397,corner,1,0.8400,-1,0
1804,148469,corner,1,0.8400,-1,0
1805,148556,corner,1,0.8400,-1,0
1806,148617,corner,1,0.8400,-1,0
1807,148689,corner,1,0.8400,-1,0
1808,148764,corner,1,0.8400,-1,0
1809,148811,corner,0,0.8300,-1,0
1810,148866,corner,0,0.8200,-1,0
1811,148937,corner,1,0.8200,-1,0
1812,149031,corner,1,0.8200,-1,0
1813,149112,corner,1,0.8200,-1,0
1814,149180,corner,1,0.8200,-1,0
1815,149258,corner,1,0.8200,-1,0
1816,149334,corner,1,0.8200,-1,0
1817,149413,corner,1,0.8200,-1,0
1818,149487,corner,1,0.8200,-1,0
1819,149537,corner,0,0.8200,-1,0
1820,149611,corner,1,0.8200,-1,0
1821,149669,corner,1,0.8200,-1,0
1822,149758,corner,1,0.8200,-1,0
1823,149828,corner,1,0.8200,-1,0
1824,149904,corner,1,0.8200,-1,0
1825,149997,corner,1,0.8200,-1,0
1826,150081,corner,1,0.8200,-1,0
1827,150130,corner,0,0.8100,-1,0
1828,150212,corner,1,0.8100,-1,0
1829,150288,corner,1,0.8200,-1,0
1830,150374,corner,1,0.8200,-1,0
1831,150437,corner,1,0.8200,-1,0
1832,150519,corner,1,0.8300,-1,0
1833,150614,corner,1,0.8300,-1,0
1834,150679,corner,1,0.8400,-1,0
1835,150742,corner,1,0.8400,-1,0
1836,150789,corner,0,0.8300,-1,0
1837,150891,corner,1,0.8300,-1,0
1838,150980,corner,1,0.8300,-1,0
1839,151057,corner,1,0.8300,-1,0
1840,151101,corner,0,0.8300,-1,0
1841,151182,corner,0,0.8300,-1,0
1842,151277,corner,1,0.8300,-1,0
1843,151350,corner,1,0.8400,-1,0
1844,151428,corner,1,0.8400,-1,0
1845,151501,corner,1,0.8400,-1,0
1846,151577,corner,1,0.8400,-1,0
1847,151652,corner,1,0.8400,-1,0
1848,151732,corner,1,0.8400,-1,0
1849,151783,corner,0,0.8300,-1,0
1850,151863,corner,1,0.8300,-1,0
1851,151946,corner,1,0.8300,-1,0
1852,152035,corner,1,0.8300,-1,0
1853,152107,corner,1,0.8400,-1,0
1854,152183,corner,1,0.8400,-1,0
1855,152266,corner,1,0.8500,-1,0
1856,152374,corner,1,0.8500,-1,0
1857,152463,corner,0,0.8400,-1,0
1858,152545,corner,0,0.8300,-1,0
1859,152610,corner,1,0.8300,-1,0
1860,152691,corner,1,0.8300,-1,0
1861,152769,corner,1,0.8300,-1,0
1862,152822,corner,0,0.8200,-1,0
1863,152892,corner,1,0.8300,-1,0
1864,152960,corner,1,0.8300,-1,0
1865,153041,corner,1,0.8300,-1,0
1866,153088,corner,0,0.8200,-1,0
1867,153178,corner,1,0.8200,-1,0
1868,153255,corner,1,0.8200,-1,0
1869,153311,corner,1,0.8200,-1,0
1870,153390,corner,1,0.8300,-1,0
1871,153482,corner,1,0.8300,-1,0
1872,153558,corner,1,0.8300,-1,0
1873,153607,corner,0,0.8200,-1,0
1874,153678,corner,1,0.8200,-1,0
1875,153749,corner,1,0.8200,-1,0
1876,153915,corner,1,0.8200,-1,0
1877,153990,corner,1,0.8200,-1,0
1878,154049,corner,1,0.8200,-1,0
1879,154136,corner,1,0.8200,-1,0
1880,154212,corner,1,0.8200,-1,0
1881,154260,corner,0,0.8200,-1,0
1882,154352,corner,0,0.8100,-1,0
1883,154431,corner,1,0.8100,-1,0
1884,154511,corner,1,0.8100,-1,0
1885,154601,corner,1,0.8100,-1,0
1886,154684,corner,1,0.8200,-1,0
1887,154763,corner,1,0.8300,-1,0
1888,154916,corner,0,0.8200,-1,0
1889,154985,corner,1,0.8200,-1,0
1890,155046,corner,1,0.8200,-1,0
1891,155101,corner,1,0.8300,-1,0
1892,155160,corner,1,0.8300,-1,0
1893,155244,corner,0,0.8200,-1,0
1894,155338,corner,1,0.8200,-1,0
1895,155398,corner,0,0.8100,-1,0
1896,155451,corner,0,0.8000,-1,0
1897,155532,corner,1,0.8000,-1,0
1898,155584,corner,0,0.7900,-1,0
1899,155654,corner,1,0.7900,-1,0
1900,155723,corner,0,0.7800,-1,0
1901,155784,corner,1,0.7900,-1,0
1902,155870,corner,1,0.7900,-1,0
1903,155960,corner,1,0.7900,-1,0
1904,156030,corner,1,0.7900,-1,0
1905,156111,corner,1,0.7900,-1,0
1906,156186,corner,1,0.7900,-1,0
1907,156261,corner,1,0.7900,-1,0
1908,156333,corner,1,0.7900,-1,0
1909,156406,corner,1,0.8000,-1,0
1910,156472,corner,1,0.8100,-1,0
1911,156561,corner,1,0.8100,-1,0
1912,156672,corner,1,0.8100,-1,0
1913,156742,corner,1,0.8100,-1,0
1914,156792,corner,0,0.8000,-1,0
1915,156947,corner,1,0.8000,-1,0
1916,157013,corner,1,0.8000,-1,0
1917,157061,corner,1,0.8000,-1,0
1918,157142,corner,0,0.7900,-1,0
1919,157226,corner,1,0.8000,-1,0
1920,157408,corner,0,0.7900,-1,0
1921,157507,corner,1,0.7900,-1,0
1922,157664,corner,1,0.7900,-1,0
1923,157743,corner,1,0.7900,-1,0
1924,157809,corner,1,0.7900,-1,0
1925,157856,corner,1,0.7900,-1,0
1926,157915,corner,1,0.7900,-1,0
1927,157991,corner,1,0.8000,-1,0
1928,158048,corner,0,0.7900,-1,0
1929,158158,corner,1,0.7900,-1,0
1930,158239,corner,0,0.7800,-1,0
1931,158295,corner,0,0.7700,-1,0
1932,158378,corner,1,0.7700,-1,0
1933,158448,corner,1,0.7700,-1,0
1934,158497,corner,0,0.7600,-1,0
1935,158566,corner,1,0.7600,-1,0
1936,158660,corner,1,0.7700,-1,0
1937,158706,corner,0,0.7600,-1,0
1938,158788,corner,1,0.7600,-1,0
1939,158853,corner,1,0.7600,-1,0
1940,158939,corner,1,0.7700,-1,0
1941,158995,corner,0,0.7700,-1,0
1942,159055,corner,1,0.7700,-1,0
1943,159133,corner,1,0.7700,-1,0
1944,159210,corner,1,0.7700,-1,0
1945,159267,corner,1,0.7700,-1,0
1946,159334,corner,1,0.7700,-1,0
1947,159402,corner,1,0.7700,-1,0
1948,159518,corner,1,0.7700,-1,0
1949,159606,corner,1,0.7800,-1,0
1950,159690,corner,1,0.7800,-1,0
1951,159797,corner,1,0.7800,-1,0
1952,159881,corner,0,0.7700,-1,0
1953,159951,corner,1,0.7700,-1,0
1954,160026,corner,1,0.7700,-1,0
1955,160093,corner,1,0.7700,-1,0
1956,160168,corner,1,0.7700,-1,0
1957,160243,corner,1,0.7800,-1,0
1958,160327,corner,0,0.7800,-1,0
1959,160410,corner,1,0.7800,-1,0
1960,160477,corner,1,0.7800,-1,0
1961,160641,corner,0,0.7700,-1,0
1962,160712,corner,1,0.7800,-1,0
1963,160806,corner,1,0.7800,-1,0
1964,160885,corner,1,0.7800,-1,0
1965,160965,corner,1,0.7800,-1,0
1966,161049,corner,1,0.7900,-1,0
1967,161131,corner,1,0.7900,-1,0
1968,161208,corner,1,0.7900,-1,0
1969,161297,corner,1,0.7900,-1,0
1970,161341,corner,0,0.7800,-1,0
1971,161428,corner,0,0.7700,-1,0
1972,161491,corner,1,0.7700,-1,0
1973,161595,corner,1,0.7800,-1,0
1974,161694,corner,1,0.7800,-1,0
1975,161746,corner,0,0.7700,-1,0
1976,161798,corner,0,0.7600,-1,0
1977,161843,corner,0,0.7500,-1,0
1978,161952,corner,1,0.7500,-1,0
1979,162013,corner,1,0.7500,-1,0
1980,162076,corner,1,0.7500,-1,0
1981,162137,corner,1,0.7600,-1,0
1982,162223,corner,1,0.7700,-1,0
1983,162311,corner,1,0.7700,-1,0
1984,162368,corner,0,0.7600,-1,0
1985,162416,corner,0,0.7500,-1,0
1986,162477,corner,1,0.7500,-1,0
1987,162548,corner,1,0.7500,-1,0
1988,162633,corner,1,0.7600,-1,0
1989,162710,corner,1,0.7600,-1,0
1990,162782,corner,1,0.7600,-1,0
1991,162859,corner,1,0.7600,-1,0
1992,162945,corner,1,0.7600,-1,0
1993,162998,corner,0,0.7600,-1,0
1994,163093,corner,1,0.7600,-1,0
1995,163207,corner,1,0.7700,-1,0
1996,163261,corner,0,0.7700,-1,0
1997,163323,corner,1,0.7700,-1,0
1998,163406,corner,1,0.7800,-1,0
1999,163487,corner,0,0.7700,-1,0
2000,163583,corner,1,0.7800,-1,0
2001,163689,corner,1,0.7800,-1,0
2002,163768,corner,1,0.7800,-1,0
2003,163861,corner,1,0.7800,-1,0
2004,163931,corner,1,0.7800,-1,0
2005,164029,corner,1,0.7800,-1,0
2006,164080,corner,0,0.7700,-1,0
2007,164176,corner,1,0.7700,-1,0
2008,164241,corner,1,0.7700,-1,0
2009,164329,corner,1,0.7700,-1,0
2010,164383,corner,0,0.7600,-1,0
2011,164456,corner,1,0.7600,-1,0
2012,164519,corner,1,0.7600,-1,0
2013,164601,corner,1,0.7600,-1,0
2014,164649,corner,0,0.7600,-1,0
2015,164714,corner,1,0.7600,-1,0
2016,164788,corner,1,0.7600,-1,0
2017,164864,corner,1,0.7600,-1,0
2018,164918,corner,0,0.7600,-1,0
2019,165014,corner,1,0.7600,-1,0
2020,165094,corner,1,0.7700,-1,0
2021,165227,corner,0,0.7600,-1,0
2022,165308,corner,1,0.7600,-1,0
2023,165423,corner,1,0.7600,-1,0
2024,165530,corner,1,0.7600,-1,0
2025,165604,corner,1,0.7600,-1,0
2026,165679,corner,1,0.7600,-1,0
2027,165765,corner,1,0.7600,-1,0
2028,165864,corner,1,0.7700,-1,0
2029,165924,corner,1,0.7700,-1,0
2030,166023,corner,1,0.7800,-1,0
2031,166105,corner,0,0.7800,-1,0
2032,166173,corner,1,0.7800,-1,0
2033,166253,corner,1,0.7800,-1,0
2034,166318,corner,1,0.7900,-1,0
2035,166395,corner,1,0.7900,-1,0
2036,166465,corner,1,0.7900,-1,0
2037,166538,corner,1,0.8000,-1,0
2038,166586,corner,0,0.7900,-1,0
2039,166651,corner,1,0.7900,-1,0
2040,166718,corner,1,0.7900,-1,0
2041,166801,corner,1,0.8000,-1,0
2042,166894,corner,1,0.8000,-1,0
2043,166984,corner,1,0.8000,-1,0
2044,167080,corner,1,0.8000,-1,0
2045,167156,corner,1,0.8000,-1,0
2046,167204,corner,0,0.7900,-1,0
2047,167306,corner,1,0.7900,-1,0
2048,167371,corner,1,0.7900,-1,0
2049,167452,corner,1,0.7900,-1,0
2050,167527,corner,1,0.7900,-1,0
2051,167622,corner,1,0.7900,-1,0
2052,167706,corner,1,0.8000,-1,0
2053,167775,corner,1,0.8000,-1,0
2054,167879,corner,1,0.8000,-1,0
2055,167948,corner,1,0.8000,-1,0
2056,168043,corner,1,0.8000,-1,0
2057,168090,corner,0,0.7900,-1,0
2058,168172,corner,1,0.8000,-1,0
2059,168254,corner,1,0.8000,-1,0
2060,168328,corner,1,0.8000,-1,0
2061,168376,corner,0,0.8000,-1,0
2062,168462,corner,1,0.8000,-1,0
2063,168563,corner,1,0.8000,-1,0
2064,168651,corner,0,0.7900,-1,0
2065,168703,corner,0,0.7800,-1,0
2066,168828,corner,1,0.7800,-1,0
2067,168904,corner,1,0.7800,-1,0
2068,168969,corner,1,0.7800,-1,0
2069,169039,corner,1,0.7800,-1,0
2070,169118,corner,1,0.7900,-1,0
2071,169163,corner,0,0.7900,-1,0
2072,169289,corner,1,0.7900,-1,0
2073,169406,corner,1,0.7900,-1,0
2074,169481,corner,1,0.7900,-1,0
2075,169556,corner,1,0.8000,-1,0
2076,169724,corner,1,0.8100,-1,0
2077,169774,corner,1,0.8200,-1,0
2078,169833,corner,1,0.8200,-1,0
2079,169903,corner,1,0.8200,-1,0
2080,169998,corner,1,0.8200,-1,0
2081,170057,corner,1,0.8200,-1,0
2082,170167,corner,1,0.8200,-1,0
2083,170247,corner,1,0.8200,-1,0
2084,170344,corner,1,0.8300,-1,0
2085,170426,corner,0,0.8300,-1,0
2086,170491,corner,1,0.8300,-1,0
2087,170540,corner,0,0.8200,-1,0
2088,170630,corner,1,0.8200,-1,0
2089,170716,corner,1,0.8200,-1,0
2090,170797,corner,1,0.8200,-1,0
2091,170874,corner,1,0.8200,-1,0
2092,170964,corner,1,0.8200,-1,0
2093,171049,corner,1,0.8300,-1,0
2094,171131,corner,1,0.8300,-1,0
2095,171199,corner,1,0.8300,-1,0
2096,171251,corner,0,0.8300,-1,0
2097,171302,corner,1,0.8300,-1,0
2098,171366,corner,1,0.8300,-1,0
2099,171445,corner,1,0.8400,-1,0
2100,171555,corner,1,0.8400,-1,0
2101,171622,corner,1,0.8400,-1,0
2102,171704,corner,0,0.8300,-1,0
2103,171795,corner,1,0.8300,-1,0
2104,171907,corner,1,0.8300,-1,0
2105,171971,corner,1,0.8300,-1,0
2106,172028,corner,1,0.8400,-1,0
2107,172111,corner,1,0.8400,-1,0
2108,172199,corner,1,0.8400,-1,0
2109,172318,corner,1,0.8400,-1,0
2110,172371,corner,0,0.8400,-1,0
2111,172475,corner,1,0.8400,-1,0
2112,172573,corner,0,0.8300,-1,0
2113,172648,corner,1,0.8300,-1,0
2114,172712,corner,0,0.8300,-1,0
2115,172789,corner,1,0.8300,-1,0
2116,172857,corner,1,0.8300,-1,0
2117,172921,corner,1,0.8300,-1,0
2118,173003,corner,0,0.8300,-1,0
2119,173061,corner,1,0.8300,-1,0
2120,173159,corner,1,0.8300,-1,0
2121,173231,corner,1,0.8400,-1,0
2122,173299,corner,1,0.8400,-1,0
2123,173374,corner,0,0.8300,-1,0
2124,173466,corner,1,0.8300,-1,0
2125,173553,corner,1,0.8300,-1,0
2126,173616,corner,1,0.8300,-1,0
2127,173692,corner,1,0.8300,-1,0
2128,173764,corner,0,0.8200,-1,0
2129,173846,corner,0,0.8100,-1,0
2130,173924,corner,1,0.8100,-1,0
2131,174004,corner,1,0.8200,-1,0
2132,174073,corner,1,0.8200,-1,0
2133,174140,corner,1,0.8200,-1,0
2134,174206,corner,1,0.8200,-1,0
2135,174275,corner,1,0.8200,-1,0
2136,174322,corner,0,0.8100,-1,0
2137,174365,corner,0,0.8000,-1,0
2138,174475,corner,1,0.8100,-1,0
2139,174549,corner,1,0.8100,-1,0
2140,174622,corner,1,0.8100,-1,0
2141,174715,corner,1,0.8100,-1,0
2142,174798,corner,1,0.8100,-1,0
2143,174879,corner,0,0.8000,-1,0
2144,174960,corner,0,0.7900,-1,0
2145,175029,corner,1,0.7900,-1,0
2146,175105,corner,1,0.8000,-1,0
2147,175180,corner,1,0.8000,-1,0
2148,175256,corner,1,0.8000,-1,0
2149,175327,corner,1,0.8000,-1,0
2150,175431,corner,1,0.8000,-1,0
2151,175508,corner,1,0.8000,-1,0
2152,175577,corner,1,0.8000,-1,0
2153,175664,corner,0,0.7900,-1,0
2154,175732,corner,1,0.7900,-1,0
2155,175802,corner,1,0.7900,-1,0
2156,175868,corner,1,0.7900,-1,0
2157,175952,corner,1,0.8000,-1,0
2158,176035,corner,1,0.8000,-1,0
2159,176118,corner,1,0.8000,-1,0
2160,176192,corner,1,0.8000,-1,0
2161,176261,corner,1,0.8100,-1,0
2162,176333,corner,1,0.8100,-1,0
2163,176394,corner,0,0.8000,-1,0
2164,176449,corner,1,0.8100,-1,0
2165,176551,corner,1,0.8200,-1,0
2166,176633,corner,1,0.8200,-1,0
2167,176707,corner,1,0.8200,-1,0
2168,176779,corner,1,0.8200,-1,0
2169,176852,corner,1,0.8200,-1,0
2170,176947,corner,1,0.8200,-1,0
2171,177028,corner,1,0.8300,-1,0
2172,177091,corner,1,0.8300,-1,0
2173,177159,corner,1,0.8300,-1,0
2174,177337,corner,0,0.8200,-1,0
2175,177387,corner,0,0.8100,-1,0
2176,177454,corner,1,0.8100,-1,0
2177,177540,corner,1,0.8100,-1,0
2178,177608,corner,1,0.8100,-1,0
2179,177678,corner,1,0.8100,-1,0
2180,177753,corner,1,0.8100,-1,0
2181,177838,corner,1,0.8100,-1,0
2182,177915,corner,1,0.8100,-1,0
2183,178073,corner,1,0.8100,-1,0
2184,178141,corner,1,0.8100,-1,0
2185,178193,corner,0,0.8100,-1,0
2186,178252,corner,1,0.8100,-1,0
2187,178305,corner,0,0.8100,-1,0
2188,178354,corner,0,0.8000,-1,0
2189,178410,corner,1,0.8000,-1,0
2190,178538,corner,0,0.7900,-1,0
2191,178615,corner,1,0.7900,-1,0
2192,178691,corner,1,0.7900,-1,0
2193,178778,corner,0,0.7800,-1,0
2194,178847,corner,1,0.7800,-1,0
2195,178896,corner,0,0.7700,-1,0
2196,178949,corner,1,0.7800,-1,0
2197,179019,corner,1,0.7800,-1,0
2198,179136,corner,1,0.7800,-1,0
2199,179256,corner,1,0.7800,-1,0
2200,179337,corner,1,0.7800,-1,0
2201,179424,corner,1,0.7800,-1,0
2202,179488,corner,1,0.7900,-1,0
2203,179531,corner,0,0.7800,-1,0
2204,179614,corner,1,0.7800,-1,0
2205,179695,corner,0,0.7700,-1,0
2206,179763,corner,1,0.7700,-1,0
2207,179850,corner,1,0.7700,-1,0
2208,179948,corner,1,0.7700,-1,0
2209,180017,corner,1,0.7700,-1,0
2210,180102,corner,1,0.7800,-1,0
2211,180154,corner,0,0.7700,-1,0
2212,180247,corner,1,0.7800,-1,0
2213,180322,corner,1,0.7800,-1,0
2214,180383,corner,1,0.7900,-1,0
2215,180460,corner,1,0.7900,-1,0
2216,180526,corner,1,0.7900,-1,0
2217,180638,corner,1,0.7900,-1,0
2218,180714,corner,1,0.8000,-1,0
2219,180800,corner,1,0.8000,-1,0
2220,180875,corner,1,0.8000,-1,0
2221,181034,corner,1,0.8000,-1,0
2222,181109,corner,1,0.8000,-1,0
2223,181188,corner,1,0.8100,-1,0
2224,181295,corner,1,0.8100,-1,0
2225,181368,corner,1,0.8100,-1,0
2226,181469,corner,1,0.8100,-1,0
2227,181544,corner,1,0.8100,-1,0
2228,181619,corner,1,0.8200,-1,0
2229,181699,corner,1,0.8300,-1,0
2230,181785,corner,1,0.8300,-1,0
2231,181837,corner,0,0.8200,-1,0
2232,181906,corner,1,0.8200,-1,0
2233,181995,corner,1,0.8200,-1,0
2234,182095,corner,1,0.8200,-1,0
2235,182167,corner,1,0.8200,-1,0
2236,182290,corner,0,0.8200,-1,0
2237,182411,corner,1,0.8300,-1,0
2238,182511,corner,1,0.8300,-1,0
2239,182605,corner,1,0.8300,-1,0
2240,182674,corner,1,0.8300,-1,0
2241,182748,corner,1,0.8300,-1,0
2242,182801,corner,0,0.8200,-1,0
2243,182960,corner,1,0.8300,-1,0
2244,183010,corner,0,0.8300,-1,0
2245,183070,corner,1,0.8300,-1,0
2246,183179,corner,1,0.8300,-1,0
2247,183305,corner,1,0.8300,-1,0
2248,183377,corner,1,0.8300,-1,0
2249,183442,corner,1,0.8300,-1,0
2250,183500,corner,0,0.8200,-1,0
2251,183581,corner,1,0.8200,-1,0
2252,183648,corner,1,0.8200,-1,0
2253,183754,corner,1,0.8300,-1,0
2254,183837,corner,1,0.8300,-1,0
2255,183908,corner,1,0.8300,-1,0
2256,183989,corner,1,0.8300,-1,0
2257,184055,corner,1,0.8300,-1,0
2258,184133,corner,1,0.8300,-1,0
2259,184204,corner,1,0.8300,-1,0
2260,184285,corner,1,0.8300,-1,0
2261,184332,corner,0,0.8200,-1,0
2262,184458,corner,0,0.8100,-1,0
2263,184540,corner,0,0.8100,-1,0
2264,184671,corner,1,0.8100,-1,0
2265,184777,corner,1,0.8100,-1,0
2266,184841,corner,0,0.8000,-1,0
2267,184917,corner,1,0.8000,-1,0
2268,184972,corner,1,0.8000,-1,0
2269,185024,corner,1,0.8000,-1,0
2270,185095,corner,1,0.8000,-1,0
2271,185143,corner,0,0.7900,-1,0
2272,185214,corner,1,0.7900,-1,0
2273,185280,corner,1,0.7900,-1,0
2274,185332,corner,0,0.7900,-1,0
2275,185415,corner,1,0.8000,-1,0
2276,185499,corner,1,0.8000,-1,0
2277,185591,corner,1,0.8000,-1,0
2278,185649,corner,1,0.8000,-1,0
2279,185731,corner,1,0.8000,-1,0
2280,185823,corner,1,0.8000,-1,0
2281,185901,corner,1,0.8000,-1,0
2282,185975,corner,1,0.8000,-1,0
2283,186057,corner,1,0.8000,-1,0
2284,186140,corner,1,0.8000,-1,0
2285,186214,corner,1,0.8100,-1,0
2286,186264,corner,1,0.8100,-1,0
2287,186356,corner,1,0.8200,-1,0
2288,186405,corner,0,0.8200,-1,0
2289,186478,corner,1,0.8200,-1,0
2290,186555,corner,1,0.8300,-1,0
2291,186612,corner,0,0.8200,-1,0
2292,186702,corner,1,0.8200,-1,0
2293,186794,corner,1,0.8300,-1,0
2294,186877,corner,1,0.8300,-1,0
2295,187024,corner,1,0.8400,-1,0
2296,187100,corner,1,0.8400,-1,0
2297,187182,corner,1,0.8400,-1,0
2298,187248,corner,1,0.8400,-1,0
2299,187319,corner,1,0.8400,-1,0
2300,187440,corner,1,0.8400,-1,0
2301,187499,corner,1,0.8400,-1,0
2302,187589,corner,1,0.8400,-1,0
2303,187668,corner,1,0.8500,-1,0
2304,187757,corner,1,0.8500,-1,0
2305,187832,corner,1,0.8600,-1,0
2306,187892,corner,1,0.8600,-1,0
2307,187980,corner,1,0.8600,-1,0
2308,188110,corner,1,0.8600,-1,0
2309,188183,corner,1,0.8600,-1,0
2310,188333,corner,1,0.8600,-1,0
2311,188391,corner,1,0.8700,-1,0
2312,188472,corner,1,0.8700,-1,0
2313,188524,corner,0,0.8600,-1,0
2314,188572,corner,0,0.8500,-1,0
2315,188653,corner,1,0.8500,-1,0
2316,188702,corner,0,0.8400,-1,0
2317,188780,corner,1,0.8400,-1,0
2318,188857,corner,1,0.8400,-1,0
2319,188937,corner,1,0.8400,-1,0
2320,189034,corner,1,0.8400,-1,0
2321,189116,corner,1,0.8400,-1,0
2322,189197,corner,0,0.8300,-1,0
2323,189309,corner,1,0.8300,-1,0
2324,189444,corner,0,0.8200,-1,0
2325,189515,corner,1,0.8200,-1,0
2326,189582,corner,1,0.8200,-1,0
2327,189663,corner,1,0.8200,-1,0
2328,189709,corner,0,0.8100,-1,0
2329,189801,corner,1,0.8100,-1,0
2330,189851,corner,0,0.8000,-1,0
2331,189941,corner,1,0.8100,-1,0
2332,190015,corner,1,0.8100,-1,0
2333,190089,corner,1,0.8100,-1,0
2334,190169,corner,1,0.8100,-1,0
2335,190258,corner,1,0.8100,-1,0
2336,190410,corner,1,0.8200,-1,0
2337,190491,corner,0,0.8100,-1,0
2338,190563,corner,1,0.8100,-1,0
2339,190640,corner,0,0.8000,-1,0
2340,190734,corner,1,0.8000,-1,0
2341,190817,corner,1,0.8000,-1,0
2342,190933,corner,1,0.8100,-1,0
2343,191073,corner,1,0.8100,-1,0
2344,191240,corner,1,0.8200,-1,0
2345,191289,corner,1,0.8200,-1,0
2346,191349,corner,1,0.8200,-1,0
2347,191398,corner,0,0.8100,-1,0
2348,191481,corner,1,0.8100,-1,0
2349,191549,corner,1,0.8100,-1,0
2350,191621,corner,1,0.8200,-1,0
2351,191675,corner,1,0.8200,-1,0
2352,191737,corner,1,0.8200,-1,0
2353,191813,corner,1,0.8200,-1,0
2354,191883,corner,1,0.8200,-1,0
2355,191952,corner,1,0.8200,-1,0
2356,192001,corner,1,0.8200,-1,0
2357,192076,corner,1,0.8200,-1,0
2358,192128,corner,0,0.8100,-1,0
2359,192207,corner,1,0.8100,-1,0
2360,192282,corner,1,0.8100,-1,0
2361,192359,corner,1,0.8200,-1,0
2362,192448,corner,1,0.8300,-1,0
2363,192495,corner,0,0.8300,-1,0
2364,192570,corner,1,0.8300,-1,0
2365,192648,corner,1,0.8300,-1,0
2366,192722,corner,1,0.8400,-1,0
2367,192789,corner,1,0.8400,-1,0
2368,192879,corner,1,0.8400,-1,0
2369,192961,corner,1,0.8400,-1,0
2370,193042,corner,0,0.8300,-1,0
2371,193112,corner,0,0.8300,-1,0
2372,193159,corner,0,0.8200,-1,0
2373,193217,corner,1,0.8200,-1,0
2374,193302,corner,1,0.8300,-1,0
2375,193369,corner,1,0.8300,-1,0
2376,193457,corner,1,0.8300,-1,0
2377,193509,corner,1,0.8300,-1,0
2378,193563,corner,0,0.8200,-1,0
2379,193636,corner,1,0.8200,-1,0
2380,193712,corner,1,0.8200,-1,0
2381,193792,corner,1,0.8200,-1,0
2382,193865,corner,1,0.8200,-1,0
2383,193971,corner,1,0.8200,-1,0
2384,194053,corner,0,0.8100,-1,0
2385,194139,corner,1,0.8100,-1,0
2386,194210,corner,1,0.8100,-1,0
2387,194272,corner,1,0.8100,-1,0
2388,194329,corner,1,0.8200,-1,0
2389,194405,corner,1,0.8200,-1,0
2390,194453,corner,0,0.8100,-1,0
2391,194542,corner,1,0.8200,-1,0
2392,194586,corner,0,0.8100,-1,0
2393,194648,corner,1,0.8100,-1,0
2394,194707,corner,1,0.8100,-1,0
2395,194753,corner,1,0.8100,-1,0
2396,194850,corner,1,0.8100,-1,0
2397,194924,corner,1,0.8100,-1,0
2398,195108,corner,1,0.8100,-1,0
2399,195158,corner,0,0.8000,-1,0
2400,195202,corner,0,0.7900,-1,0
2401,195281,corner,1,0.7900,-1,0
2402,195358,corner,1,0.7900,-1,0
2403,195431,corner,1,0.7900,-1,0
2404,195662,corner,0,0.7800,-1,0
2405,195728,corner,1,0.7800,-1,0
2406,195796,corner,1,0.7800,-1,0
2407,195860,corner,1,0.7800,-1,0
2408,195924,corner,1,0.7800,-1,0
2409,196001,corner,1,0.7800,-1,0
2410,196050,corner,1,0.7800,-1,0
2411,196200,corner,1,0.7800,-1,0
2412,196253,corner,1,0.7800,-1,0
2413,196320,corner,1,0.7900,-1,0
2414,196385,corner,1,0.8000,-1,0
2415,196432,corner,0,0.7900,-1,0
2416,196507,corner,1,0.8000,-1,0
2417,196559,corner,1,0.8000,-1,0
2418,196641,corner,1,0.8000,-1,0
2419,196687,corner,1,0.8000,-1,0
2420,196753,corner,1,0.8000,-1,0
2421,196831,corner,1,0.8000,-1,0
2422,197037,corner,1,0.8100,-1,0
2423,197120,corner,0,0.8000,-1,0
2424,197198,corner,1,0.8100,-1,0
2425,197257,corner,1,0.8100,-1,0
2426,197334,corner,1,0.8100,-1,0
2427,197442,corner,1,0.8100,-1,0
2428,197520,corner,1,0.8200,-1,0
2429,197568,corner,0,0.8100,-1,0
2430,197649,corner,0,0.8100,-1,0
2431,197721,corner,1,0.8100,-1,0
2432,197795,corner,1,0.8100,-1,0
2433,197875,corner,1,0.8100,-1,0
2434,197923,corner,0,0.8000,-1,0
2435,197998,corner,1,0.8000,-1,0
2436,198059,corner,1,0.8000,-1,0
2437,198108,corner,0,0.8000,-1,0
2438,198172,corner,1,0.8000,-1,0
2439,198240,corner,1,0.8100,-1,0
2440,198288,corner,0,0.8000,-1,0
2441,198350,corner,1,0.8000,-1,0
2442,198493,corner,1,0.8000,-1,0
2443,198551,corner,0,0.7900,-1,0
2444,198619,corner,1,0.7900,-1,0
2445,198690,corner,1,0.7900,-1,0
2446,198750,corner,1,0.7900,-1,0
2447,198816,corner,1,0.8000,-1,0
2448,198868,corner,0,0.7900,-1,0
2449,198924,corner,0,0.7800,-1,0
2450,198989,corner,1,0.7800,-1,0
2451,199078,corner,1,0.7800,-1,0
2452,199174,corner,1,0.7800,-1,0
2453,199343,corner,1,0.7800,-1,0
2454,199397,corner,1,0.7800,-1,0
2455,199448,corner,0,0.7700,-1,0
2456,199521,corner,1,0.7700,-1,0
2457,199607,corner,1,0.7700,-1,0
2458,199707,corner,1,0.7800,-1,0
2459,199762,corner,0,0.7700,-1,0
2460,199836,corner,1,0.7700,-1,0
2461,199901,corner,1,0.7700,-1,0
2462,199961,corner,1,0.7700,-1,0
2463,200036,corner,1,0.7800,-1,0
2464,200086,corner,1,0.7800,-1,0
2465,200166,corner,1,0.7800,-1,0
2466,200251,corner,1,0.7800,-1,0
2467,200296,corner,0,0.7700,-1,0
2468,200373,corner,1,0.7700,-1,0
2469,200452,corner,1,0.7700,-1,0
2470,200497,corner,0,0.7700,-1,0
2471,200567,corner,1,0.7800,-1,0
2472,200637,corner,1,0.7900,-1,0
2473,200729,corner,1,0.7900,-1,0
2474,200808,corner,1,0.7900,-1,0
2475,200891,corner,1,0.7900,-1,0
2476,200936,corner,0,0.7800,-1,0
2477,200981,corner,0,0.7700,-1,0
2478,201024,corner,0,0.7700,-1,0
2479,201075,corner,1,0.7700,-1,0
2480,201142,corner,1,0.7700,-1,0
2481,201189,corner,0,0.7600,-1,0
2482,201257,corner,1,0.7600,-1,0
2483,201341,corner,1,0.7600,-1,0
2484,201425,corner,1,0.7700,-1,0
2485,201491,corner,1,0.7700,-1,0
2486,201558,corner,1,0.7700,-1,0
2487,201674,corner,1,0.7700,-1,0
2488,201737,corner,0,0.7600,-1,0
2489,201867,corner,1,0.7600,-1,0
2490,201921,corner,0,0.7600,-1,0
2491,201974,corner,0,0.7500,-1,0
2492,202053,corner,1,0.7600,-1,0
2493,202165,corner,1,0.7600,-1,0
2494,202227,corner,1,0.7600,-1,0
2495,202315,corner,1,0.7600,-1,0
2496,202396,corner,1,0.7600,-1,0
2497,202476,corner,1,0.7600,-1,0
2498,202535,corner,0,0.7500,-1,0
2499,202608,corner,1,0.7600,-1,0
2500,202693,corner,1,0.7700,-1,0
2501,202773,corner,1,0.7700,-1,0
2502,202859,corner,1,0.7700,-1,0
2503,202905,corner,0,0.7600,-1,0
2504,202957,corner,1,0.7700,-1,0
2505,203027,corner,1,0.7700,-1,0
2506,203106,corner,1,0.7700,-1,0
2507,203176,corner,1,0.7700,-1,0
2508,203259,corner,1,0.7700,-1,0
2509,203336,corner,1,0.7700,-1,0
2510,203436,corner,1,0.7700,-1,0
2511,203526,corner,1,0.7700,-1,0
2512,203597,corner,1,0.7700,-1,0
2513,203684,corner,0,0.7600,-1,0
2514,203741,corner,0,0.7500,-1,0
2515,203821,corner,1,0.7600,-1,0
2516,203879,corner,1,0.7600,-1,0
2517,203969,corner,1,0.7600,-1,0
2518,204113,corner,1,0.7600,-1,0
2519,204172,corner,0,0.7500,-1,0
2520,204253,corner,0,0.7400,-1,0
2521,204302,corner,0,0.7300,-1,0
2522,204355,corner,1,0.7300,-1,0
2523,204430,corner,1,0.7400,-1,0
2524,204601,corner,1,0.7400,-1,0
2525,204721,corner,1,0.7400,-1,0
2526,204777,corner,0,0.7300,-1,0
2527,204840,corner,1,0.7300,-1,0
2528,204906,corner,1,0.7300,-1,0
2529,204976,corner,1,0.7400,-1,0
2530,205034,corner,1,0.7500,-1,0
2531,205135,corner,1,0.7500,-1,0
2532,205220,corner,1,0.7500,-1,0
2533,205283,corner,1,0.7500,-1,0
2534,205334,corner,1,0.7600,-1,0
2535,205416,corner,1,0.7600,-1,0
2536,205488,corner,1,0.7600,-1,0
2537,205568,corner,1,0.7700,-1,0
2538,205618,corner,0,0.7600,-1,0
2539,205666,corner,0,0.7500,-1,0
2540,205726,corner,1,0.7600,-1,0
2541,205788,corner,1,0.7600,-1,0
2542,205868,corner,1,0.7600,-1,0
2543,205916,corner,0,0.7600,-1,0
2544,205999,corner,0,0.7500,-1,0
2545,206119,corner,1,0.7500,-1,0
2546,206200,corner,1,0.7500,-1,0
2547,206258,corner,1,0.7500,-1,0
2548,206330,corner,1,0.7600,-1,0
2549,206413,corner,1,0.7700,-1,0
2550,206467,corner,1,0.7700,-1,0
2551,206540,corner,0,0.7600,-1,0
2552,206614,corner,1,0.7600,-1,0
2553,206690,corner,1,0.7600,-1,0
2554,206756,corner,1,0.7600,-1,0
2555,206829,corner,1,0.7700,-1,0
2556,206934,corner,1,0.7700,-1,0
2557,207000,corner,1,0.7700,-1,0
2558,207046,corner,0,0.7600,-1,0
2559,207109,corner,1,0.7700,-1,0
2560,207180,corner,1,0.7700,-1,0
2561,207244,corner,1,0.7700,-1,0
2562,207303,corner,1,0.7700,-1,0
2563,207385,corner,1,0.7700,-1,0
2564,207461,corner,1,0.7700,-1,0
2565,207508,corner,1,0.7700,-1,0
2566,207572,corner,0,0.7600,-1,0
2567,207628,corner,0,0.7600,-1,0
2568,207698,corner,1,0.7600,-1,0
2569,207758,corner,1,0.7600,-1,0
2570,207831,corner,1,0.7700,-1,0
2571,207888,corner,0,0.7600,-1,0
2572,207954,corner,1,0.7600,-1,0
2573,208032,corner,1,0.7600,-1,0
2574,208095,corner,1,0.7600,-1,0
2575,208157,corner,1,0.7600,-1,0
2576,208231,corner,1,0.7700,-1,0
2577,208301,corner,1,0.7800,-1,0
2578,208377,corner,1,0.7900,-1,0
2579,208436,corner,1,0.7900,-1,0
2580,208523,corner,1,0.7900,-1,0
2581,208637,corner,1,0.8000,-1,0
2582,208722,corner,1,0.8000,-1,0
2583,208765,corner,0,0.7900,-1,0
2584,208828,corner,1,0.7900,-1,0
2585,208898,corner,0,0.7800,-1,0
2586,208975,corner,1,0.7800,-1,0
2587,209041,corner,1,0.7800,-1,0
2588,209122,corner,0,0.7800,-1,0
2589,209193,corner,1,0.7800,-1,0
2590,209271,corner,1,0.7900,-1,0
2591,209324,corner,0,0.7900,-1,0
2592,209375,corner,0,0.7800,-1,0
2593,209435,corner,1,0.7800,-1,0
2594,209507,corner,1,0.7800,-1,0
2595,209609,corner,1,0.7800,-1,0
2596,209688,corner,1,0.7800,-1,0
2597,209763,corner,1,0.7800,-1,0
2598,209835,corner,1,0.7900,-1,0
2599,209922,corner,1,0.7900,-1,0
2600,209982,corner,1,0.7900,-1,0
2601,210057,corner,1,0.7900,-1,0
2602,210109,corner,1,0.7900,-1,0
2603,210172,corner,1,0.8000,-1,0
2604,210239,corner,1,0.8000,-1,0
2605,210330,corner,1,0.8000,-1,0
2606,210412,corner,1,0.8000,-1,0
2607,210528,corner,1,0.8000,-1,0
2608,210589,corner,1,0.8000,-1,0
2609,210633,corner,0,0.7900,-1,0
2610,210681,corner,1,0.7900,-1,0
2611,210817,corner,1,0.7900,-1,0
2612,210885,corner,1,0.7900,-1,0
2613,210935,corner,0,0.7900,-1,0
2614,211007,corner,1,0.8000,-1,0
2615,211077,corner,1,0.8000,-1,0
2616,211167,corner,1,0.8000,-1,0
2617,211237,corner,0,0.7900,-1,0
2618,211324,corner,1,0.7900,-1,0
2619,211379,corner,0,0.7900,-1,0
2620,211439,corner,1,0.8000,-1,0
2621,211496,corner,1,0.8100,-1,0
2622,211569,corner,1,0.8100,-1,0
2623,211742,corner,0,0.8000,-1,0
2624,211811,corner,1,0.8000,-1,0
2625,211871,corner,0,0.7900,-1,0
2626,211943,corner,1,0.8000,-1,0
2627,212042,corner,0,0.7900,-1,0
2628,212130,corner,1,0.7900,-1,0
2629,212211,corner,0,0.7800,-1,0
2630,212301,corner,1,0.7800,-1,0
2631,212358,corner,0,0.7700,-1,0
2632,212515,corner,1,0.7700,-1,0
2633,212608,corner,1,0.7700,-1,0
2634,212689,corner,1,0.7700,-1,0
2635,212780,corner,1,0.7700,-1,0
2636,212825,corner,0,0.7600,-1,0
2637,212871,corner,0,0.7500,-1,0
2638,212934,corner,1,0.7600,-1,0
2639,212980,corner,0,0.7600,-1,0
2640,213056,corner,1,0.7600,-1,0
2641,213206,corner,1,0.7600,-1,0
2642,213276,corner,1,0.7600,-1,0
2643,213372,corner,1,0.7700,-1,0
2644,213476,corner,0,0.7700,-1,0
2645,213546,corner,1,0.7700,-1,0
2646,213616,corner,1,0.7700,-1,0
2647,213664,corner,0,0.7600,-1,0
2648,213707,corner,0,0.7500,-1,0
2649,213781,corner,1,0.7500,-1,0
2650,213823,corner,0,0.7400,-1,0
2651,213887,corner,1,0.7500,-1,0
2652,213959,corner,1,0.7500,-1,0
2653,214063,corner,1,0.7500,-1,0
2654,214152,corner,1,0.7500,-1,0
2655,214196,corner,0,0.7400,-1,0
2656,214243,corner,1,0.7400,-1,0
2657,214301,corner,1,0.7400,-1,0
2658,214409,corner,1,0.7500,-1,0
2659,214483,corner,1,0.7500,-1,0
2660,214552,corner,1,0.7500,-1,0
2661,214626,corner,1,0.7500,-1,0
2662,214689,corner,0,0.7400,-1,0
2663,214754,corner,1,0.7400,-1,0
2664,214795,corner,0,0.7300,-1,0
2665,214881,corner,1,0.7300,-1,0
2666,214965,corner,1,0.7400,-1,0
2667,215033,corner,1,0.7500,-1,0
2668,215105,corner,1,0.7500,-1,0
2669,215150,corner,0,0.7400,-1,0
2670,215217,corner,1,0.7400,-1,0
2671,215289,corner,1,0.7500,-1,0
2672,215365,corner,1,0.7500,-1,0
2673,215449,corner,0,0.7400,-1,0
2674,215617,corner,1,0.7400,-1,0
2675,215691,corner,1,0.7400,-1,0
2676,215768,corner,1,0.7400,-1,0
2677,215816,corner,1,0.7400,-1,0
2678,215908,corner,1,0.7400,-1,0
2679,215966,corner,1,0.7400,-1,0
2680,216014,corner,0,0.7300,-1,0
2681,216090,corner,1,0.7300,-1,0
2682,216168,corner,1,0.7300,-1,0
2683,216211,corner,0,0.7300,-1,0
2684,216296,corner,1,0.7300,-1,0
2685,216371,corner,1,0.7400,-1,0
2686,216429,corner,0,0.7300,-1,0
2687,216509,corner,1,0.7300,-1,0
2688,216618,corner,1,0.7400,-1,0
2689,216707,corner,1,0.7400,-1,0
2690,216867,corner,1,0.7400,-1,0
2691,216980,corner,1,0.7500,-1,0
2692,217029,corner,0,0.7500,-1,0
2693,217080,corner,0,0.7400,-1,0
2694,217158,corner,1,0.7400,-1,0
2695,217244,corner,1,0.7400,-1,0
2696,217293,corner,1,0.7400,-1,0
2697,217349,corner,1,0.7400,-1,0
2698,217411,corner,1,0.7400,-1,0
2699,217512,corner,1,0.7400,-1,0
2700,217562,corner,0,0.7300,-1,0
2701,217637,corner,1,0.7300,-1,0
2702,217681,corner,0,0.7200,-1,0
2703,217755,corner,1,0.7200,-1,0
2704,217806,corner,0,0.7100,-1,0
2705,217855,corner,1,0.7100,-1,0
2706,217962,corner,1,0.7100,-1,0
2707,218020,corner,1,0.7100,-1,0
2708,218092,corner,1,0.7100,-1,0
2709,218173,corner,0,0.7100,-1,0
2710,218318,corner,1,0.7100,-1,0
2711,218376,corner,0,0.7000,-1,0
2712,218443,corner,1,0.7000,-1,0
2713,218531,corner,1,0.7100,-1,0
2714,218625,corner,1,0.7100,-1,0
2715,218686,corner,0,0.7000,-1,0
2716,218788,corner,1,0.7000,-1,0
2717,218889,corner,1,0.7100,-1,0
2718,218974,corner,1,0.7100,-1,0
2719,219064,corner,1,0.7200,-1,0
2720,219181,corner,0,0.7100,-1,0
2721,219228,corner,0,0.7000,-1,0
2722,219270,corner,0,0.6900,-1,0
2723,219347,corner,1,0.7000,-1,0
2724,219428,corner,1,0.7000,-1,0
2725,219505,corner,1,0.7100,-1,0
2726,219622,corner,1,0.7100,-1,0
2727,219702,corner,1,0.7200,-1,0
2728,219752,corner,0,0.7100,-1,0
2729,219834,corner,1,0.7200,-1,0
2730,219896,corner,1,0.7200,-1,0
2731,219996,corner,1,0.7300,-1,0
2732,220070,corner,1,0.7300,-1,0
2733,220117,corner,1,0.7300,-1,0
2734,220200,corner,1,0.7300,-1,0
2735,220283,corner,0,0.7200,-1,0
2736,220385,corner,1,0.7300,-1,0
2737,220466,corner,0,0.7300,-1,0
2738,220521,corner,1,0.7300,-1,0
2739,220604,corner,1,0.7400,-1,0
2740,220649,corner,0,0.7300,-1,0
2741,220710,corner,1,0.7300,-1,0
2742,220789,corner,1,0.7300,-1,0
2743,220858,corner,1,0.7300,-1,0
2744,220912,corner,0,0.7300,-1,0
2745,221064,corner,0,0.7200,-1,0
2746,221147,corner,1,0.7200,-1,0
2747,221287,corner,0,0.7200,-1,0
2748,221350,corner,1,0.7300,-1,0
2749,221400,corner,0,0.7200,-1,0
2750,221471,corner,1,0.7300,-1,0
2751,221531,corner,1,0.7300,-1,0
2752,221602,corner,1,0.7300,-1,0
2753,221707,corner,1,0.7300,-1,0
2754,221777,corner,1,0.7300,-1,0
2755,221850,corner,1,0.7400,-1,0
2756,221907,corner,0,0.7300,-1,0
2757,222028,corner,1,0.7300,-1,0
2758,222089,corner,1,0.7300,-1,0
2759,222161,corner,1,0.7300,-1,0
2760,222298,corner,1,0.7300,-1,0
2761,222396,corner,1,0.7300,-1,0
2762,222444,corner,0,0.7300,-1,0
2763,222508,corner,1,0.7300,-1,0
2764,222572,corner,1,0.7400,-1,0
2765,222662,corner,1,0.7400,-1,0
2766,222744,corner,0,0.7300,-1,0
2767,222813,corner,1,0.7300,-1,0
2768,222923,corner,0,0.7200,-1,0
2769,223017,corner,1,0.7300,-1,0
2770,223100,corner,1,0.7300,-1,0
2771,223163,corner,1,0.7300,-1,0
2772,223227,corner,1,0.7300,-1,0
2773,223305,corner,1,0.7400,-1,0
2774,223392,corner,1,0.7400,-1,0
2775,223474,corner,1,0.7400,-1,0
2776,223600,corner,1,0.7400,-1,0
2777,223671,corner,1,0.7400,-1,0
2778,223738,corner,1,0.7400,-1,0
2779,223825,corner,0,0.7300,-1,0
2780,223902,corner,1,0.7400,-1,0
2781,224067,corner,1,0.7400,-1,0
2782,224135,corner,1,0.7400,-1,0
2783,224184,corner,1,0.7500,-1,0
2784,224310,corner,1,0.7500,-1,0
2785,224379,corner,1,0.7500,-1,0
2786,224439,corner,1,0.7600,-1,0
2787,224512,corner,0,0.7500,-1,0
2788,224576,corner,1,0.7500,-1,0
2789,224644,corner,0,0.7400,-1,0
2790,224730,corner,1,0.7400,-1,0
2791,224800,corner,1,0.7400,-1,0
2792,224878,corner,1,0.7500,-1,0
2793,224945,corner,1,0.7600,-1,0
2794,225048,corner,1,0.7600,-1,0
2795,225164,corner,0,0.7500,-1,0
2796,225241,corner,1,0.7500,-1,0
2797,225304,corner,1,0.7500,-1,0
2798,225400,corner,1,0.7500,-1,0
2799,225469,corner,1,0.7500,-1,0
2800,225579,corner,0,0.7500,-1,0
2801,225649,corner,1,0.7500,-1,0
2802,225715,corner,1,0.7600,-1,0
2803,225797,corner,1,0.7600,-1,0
2804,225869,corner,1,0.7700,-1,0
2805,225950,corner,1,0.7700,-1,0
2806,226007,corner,1,0.7700,-1,0
2807,226080,corner,1,0.7700,-1,0
2808,226128,corner,0,0.7600,-1,0
2809,226210,corner,1,0.7700,-1,0
2810,226266,corner,1,0.7700,-1,0
2811,226344,corner,1,0.7800,-1,0
2812,226423,corner,1,0.7800,-1,0
2813,226515,corner,1,0.7800,-1,0
2814,226558,corner,0,0.7700,-1,0
2815,226624,corner,1,0.7800,-1,0
2816,226674,corner,0,0.7700,-1,0
2817,226747,corner,1,0.7700,-1,0
2818,226846,corner,1,0.7700,-1,0
2819,226904,corner,0,0.7600,-1,0
2820,226969,corner,1,0.7700,-1,0
2821,227068,corner,1,0.7800,-1,0
2822,227113,corner,0,0.7800,-1,0
2823,227182,corner,1,0.7800,-1,0
2824,227252,corner,1,0.7800,-1,0
2825,227306,corner,0,0.7700,-1,0
2826,227404,corner,1,0.7700,-1,0
2827,227481,corner,1,0.7700,-1,0
2828,227543,corner,1,0.7800,-1,0
2829,227614,corner,1,0.7800,-1,0
2830,227760,corner,1,0.7800,-1,0
2831,227844,corner,1,0.7800,-1,0
2832,227927,corner,1,0.7800,-1,0
2833,227983,corner,1,0.7800,-1,0
2834,228062,corner,1,0.7800,-1,0
2835,228138,corner,1,0.7900,-1,0
2836,228260,corner,1,0.7900,-1,0
2837,228345,corner,1,0.8000,-1,0
2838,228410,corner,1,0.8000,-1,0
2839,228481,corner,1,0.8000,-1,0
2840,228573,corner,1,0.8100,-1,0
2841,228630,corner,1,0.8100,-1,0
2842,228783,corner,1,0.8100,-1,0
2843,228838,corner,0,0.8000,-1,0
2844,228885,corner,1,0.8100,-1,0
2845,228974,corner,1,0.8200,-1,0
2846,229070,corner,1,0.8200,-1,0
2847,229159,corner,1,0.8300,-1,0
2848,229222,corner,1,0.8300,-1,0
2849,229287,corner,1,0.8400,-1,0
2850,229374,corner,0,0.8300,-1,0
2851,229457,corner,1,0.8300,-1,0
2852,229511,corner,0,0.8200,-1,0
2853,229561,corner,0,0.8100,-1,0
2854,229631,corner,1,0.8100,-1,0
2855,229693,corner,1,0.8100,-1,0
2856,229763,corner,0,0.8100,-1,0
2857,229885,corner,1,0.8100,-1,0
2858,229967,corner,0,0.8000,-1,0
2859,230031,corner,1,0.8000,-1,0
2860,230092,corner,1,0.8000,-1,0
2861,230149,corner,1,0.8000,-1,0
2862,230197,corner,0,0.8000,-1,0
2863,230263,corner,1,0.8000,-1,0
2864,230325,corner,1,0.8000,-1,0
2865,230396,corner,1,0.8000,-1,0
2866,230463,corner,1,0.8100,-1,0
2867,230549,corner,1,0.8100,-1,0
2868,230609,corner,1,0.8200,-1,0
2869,230700,corner,1,0.8200,-1,0
2870,230780,corner,1,0.8200,-1,0
2871,230834,corner,0,0.8100,-1,0
2872,230899,corner,1,0.8100,-1,0
2873,230985,corner,0,0.8000,-1,0
2874,231105,corner,1,0.8000,-1,0
2875,231173,corner,1,0.8000,-1,0
2876,231219,corner,0,0.7900,-1,0
2877,231305,corner,1,0.7900,-1,0
2878,231375,corner,1,0.7900,-1,0
2879,231435,corner,1,0.8000,-1,0
2880,231529,corner,1,0.8000,-1,0
2881,231625,corner,0,0.7900,-1,0
2882,231720,corner,1,0.7900,-1,0
2883,231784,corner,1,0.7900,-1,0
2884,231848,corner,1,0.7900,-1,0
2885,231928,corner,1,0.7900,-1,0
2886,231975,corner,0,0.7800,-1,0
2887,232061,corner,0,0.7800,-1,0
2888,232245,corner,0,0.7700,-1,0
2889,232323,corner,1,0.7800,-1,0
2890,232374,corner,1,0.7800,-1,0
2891,232440,corner,0,0.7700,-1,0
2892,232514,corner,1,0.7700,-1,0
2893,232593,corner,1,0.7700,-1,0
2894,232704,corner,1,0.7700,-1,0
2895,232771,corner,1,0.7800,-1,0
2896,232860,corner,1,0.7800,-1,0
2897,232943,corner,1,0.7800,-1,0
2898,233028,corner,1,0.7800,-1,0
2899,233115,corner,0,0.7700,-1,0
2900,233196,corner,0,0.7700,-1,0
2901,233250,corner,0,0.7600,-1,0
2902,233312,corner,1,0.7600,-1,0
2903,233392,corner,1,0.7600,-1,0
2904,233443,corner,0,0.7500,-1,0
2905,233498,corner,1,0.7500,-1,0
2906,233563,corner,1,0.7500,-1,0
2907,233644,corner,1,0.7500,-1,0
2908,233727,corner,0,0.7500,-1,0
2909,233808,corner,0,0.7400,-1,0
2910,233893,corner,1,0.7400,-1,0
2911,233971,corner,1,0.7400,-1,0
2912,234042,corner,1,0.7400,-1,0
2913,234094,corner,0,0.7300,-1,0
2914,234164,corner,0,0.7300,-1,0
2915,234249,corner,0,0.7200,-1,0
2916,234341,corner,0,0.7200,-1,0
2917,234425,corner,1,0.7200,-1,0
2918,234497,corner,1,0.7200,-1,0
2919,234581,corner,0,0.7200,-1,0
2920,234649,corner,1,0.7200,-1,0
2921,234727,corner,1,0.7200,-1,0
2922,234803,corner,1,0.7300,-1,0
2923,234852,corner,1,0.7300,-1,0
2924,234929,corner,1,0.7300,-1,0
2925,235003,corner,1,0.7400,-1,0
2926,235073,corner,1,0.7400,-1,0
2927,235148,corner,1,0.7400,-1,0
2928,235201,corner,1,0.7400,-1,0
2929,235280,corner,1,0.7400,-1,0
2930,235326,corner,0,0.7300,-1,0
2931,235393,corner,1,0.7300,-1,0
2932,235467,corner,1,0.7300,-1,0
2933,235561,corner,1,0.7300,-1,0
2934,235618,corner,0,0.7200,-1,0
2935,235697,corner,1,0.7200,-1,0
2936,235785,corner,1,0.7200,-1,0
2937,235953,corner,1,0.7200,-1,0
2938,236027,corner,1,0.7200,-1,0
2939,236175,corner,1,0.7200,-1,0
2940,236251,corner,1,0.7200,-1,0
2941,236342,corner,1,0.7200,-1,0
2942,236402,corner,1,0.7200,-1,0
2943,236483,corner,1,0.7300,-1,0
2944,236547,corner,1,0.7300,-1,0
2945,236630,corner,0,0.7200,-1,0
2946,236705,corner,1,0.7200,-1,0
2947,236766,corner,1,0.7200,-1,0
2948,236843,corner,1,0.7200,-1,0
2949,236925,corner,0,0.7100,-1,0
2950,237026,corner,0,0.7100,-1,0
2951,237111,corner,1,0.7100,-1,0
2952,237218,corner,1,0.7200,-1,0
2953,237280,corner,1,0.7300,-1,0
2954,237344,corner,1,0.7300,-1,0
2955,237397,corner,0,0.7200,-1,0
2956,237484,corner,1,0.7300,-1,0
2957,237541,corner,0,0.7200,-1,0
2958,237617,corner,1,0.7300,-1,0
2959,237685,corner,1,0.7300,-1,0
2960,237775,corner,1,0.7300,-1,0
2961,237859,corner,1,0.7300,-1,0
2962,237927,corner,1,0.7400,-1,0
2963,237984,corner,0,0.7300,-1,0
2964,238068,corner,1,0.7300,-1,0
2965,238141,corner,1,0.7300,-1,0
2966,238202,corner,1,0.7300,-1,0
2967,238262,corner,1,0.7300,-1,0
2968,238363,corner,1,0.7300,-1,0
2969,238426,corner,1,0.7300,-1,0
2970,238480,corner,0,0.7200,-1,0
2971,238577,corner,1,0.7300,-1,0
2972,238627,corner,1,0.7300,-1,0
2973,238719,corner,1,0.7400,-1,0
2974,238790,corner,1,0.7400,-1,0
2975,238879,corner,1,0.7400,-1,0
2976,238954,corner,1,0.7500,-1,0
2977,239009,corner,0,0.7400,-1,0
2978,239076,corner,1,0.7400,-1,0
2979,239138,corner,1,0.7400,-1,0
2980,239222,corner,1,0.7400,-1,0
2981,239316,corner,1,0.7500,-1,0
2982,239395,corner,1,0.7500,-1,0
2983,239444,corner,0,0.7400,-1,0
2984,239528,corner,1,0.7400,-1,0
2985,239580,corner,0,0.7300,-1,0
2986,239650,corner,1,0.7400,-1,0
2987,239744,corner,1,0.7500,-1,0
2988,239813,corner,1,0.7600,-1,0
2989,239879,corner,1,0.7600,-1,0
2990,239977,corner,1,0.7600,-1,0
2991,240068,corner,1,0.7700,-1,0
2992,240134,corner,1,0.7700,-1,0
2993,240219,corner,1,0.7700,-1,0
2994,240271,corner,0,0.7600,-1,0
2995,240355,corner,1,0.7600,-1,0
2996,240398,corner,0,0.7500,-1,0
2997,240499,corner,1,0.7500,-1,0
2998,240606,corner,1,0.7500,-1,0
2999,240698,corner,1,0.7600,-1,0
3000,240749,corner,0,0.7600,-1,0
3001,240853,corner,1,0.7700,-1,0
3002,240914,corner,1,0.7700,-1,0
3003,241046,corner,0,0.7600,-1,0
3004,241123,corner,1,0.7700,-1,0
3005,241185,corner,1,0.7700,-1,0
3006,241253,corner,1,0.7700,-1,0
3007,241339,corner,1,0.7700,-1,0
3008,241391,corner,0,0.7700,-1,0
3009,241508,corner,1,0.7800,-1,0
3010,241583,corner,1,0.7800,-1,0
3011,241675,corner,1,0.7800,-1,0
3012,241727,corner,1,0.7800,-1,0
3013,241816,corner,1,0.7900,-1,0
3014,241881,corner,1,0.8000,-1,0
3015,241943,corner,1,0.8100,-1,0
3016,242007,corner,1,0.8200,-1,0
3017,242061,corner,1,0.8200,-1,0
3018,242123,corner,1,0.8200,-1,0
3019,242189,corner,1,0.8300,-1,0
3020,242269,corner,1,0.8300,-1,0
3021,242355,corner,1,0.8300,-1,0
3022,242432,corner,1,0.8300,-1,0
3023,242514,corner,1,0.8300,-1,0
3024,242650,corner,1,0.8300,-1,0
3025,242741,corner,1,0.8300,-1,0
3026,242825,corner,1,0.8300,-1,0
3027,242906,corner,1,0.8300,-1,0
3028,242962,corner,0,0.8200,-1,0
3029,243034,corner,1,0.8200,-1,0
3030,243095,corner,1,0.8300,-1,0
3031,243164,corner,1,0.8300,-1,0
3032,243239,corner,1,0.8300,-1,0
3033,243298,corner,1,0.8300,-1,0
3034,243369,corner,1,0.8400,-1,0
3035,243430,corner,0,0.8300,-1,0
3036,243505,corner,1,0.8300,-1,0
3037,243548,corner,0,0.8200,-1,0
3038,243598,corner,0,0.8100,-1,0
3039,243670,corner,1,0.8100,-1,0
3040,243739,corner,1,0.8100,-1,0
3041,243826,corner,1,0.8100,-1,0
3042,243921,corner,0,0.8000,-1,0
3043,244022,corner,1,0.8000,-1,0
3044,244072,corner,0,0.7900,-1,0
3045,244130,corner,1,0.8000,-1,0
3046,244188,corner,1,0.8000,-1,0
3047,244300,corner,1,0.8000,-1,0
3048,244345,corner,1,0.8000,-1,0
3049,244422,corner,1,0.8100,-1,0
3050,244502,corner,1,0.8200,-1,0
3051,244569,corner,1,0.8200,-1,0
3052,244623,corner,0,0.8100,-1,0
3053,244672,corner,0,0.8000,-1,0
3054,244743,corner,1,0.8000,-1,0
3055,244807,corner,1,0.8100,-1,0
3056,244888,corner,1,0.8100,-1,0
3057,244960,corner,1,0.8200,-1,0
3058,245017,corner,0,0.8100,-1,0
3059,245090,corner,1,0.8100,-1,0
3060,245152,corner,1,0.8100,-1,0
3061,245235,corner,0,0.8000,-1,0
3062,245298,corner,1,0.8000,-1,0
3063,245428,corner,0,0.8000,-1,0
3064,245551,corner,1,0.8000,-1,0
3065,245633,corner,1,0.8000,-1,0
3066,245696,corner,1,0.8000,-1,0
3067,245759,corner,1,0.8000,-1,0
3068,245815,corner,1,0.8000,-1,0
3069,245885,corner,1,0.8000,-1,0
3070,245973,corner,1,0.8100,-1,0
3071,246049,corner,1,0.8100,-1,0
3072,246166,corner,1,0.8100,-1,0
3073,246214,corner,1,0.8100,-1,0
3074,246295,corner,0,0.8000,-1,0
3075,246388,corner,1,0.8000,-1,0
3076,246453,corner,1,0.8000,-1,0
3077,246517,corner,1,0.8100,-1,0
3078,246606,corner,1,0.8100,-1,0
3079,246664,corner,1,0.8100,-1,0
3080,246773,corner,1,0.8100,-1,0
3081,246853,corner,1,0.8100,-1,0
3082,246928,corner,1,0.8100,-1,0
3083,246985,corner,1,0.8200,-1,0
3084,247047,corner,1,0.8200,-1,0
3085,247108,corner,1,0.8300,-1,0
3086,247167,corner,0,0.8200,-1,0
3087,247238,corner,1,0.8200,-1,0
3088,247308,corner,1,0.8200,-1,0
3089,247358,corner,1,0.8200,-1,0
3090,247449,corner,1,0.8200,-1,0
3091,247534,corner,1,0.8200,-1,0
3092,247631,corner,1,0.8200,-1,0
3093,247721,corner,1,0.8200,-1,0
3094,247799,corner,1,0.8300,-1,0
3095,247871,corner,1,0.8300,-1,0
3096,247982,corner,1,0.8400,-1,0
3097,248084,corner,1,0.8400,-1,0
3098,248150,corner,1,0.8400,-1,0
3099,248235,corner,1,0.8400,-1,0
3100,248307,corner,1,0.8500,-1,0
3101,248382,corner,1,0.8500,-1,0
3102,248459,corner,1,0.8500,-1,0
3103,248539,corner,1,0.8600,-1,0
3104,248587,corner,1,0.8600,-1,0
3105,248657,corner,1,0.8600,-1,0
3106,248713,corner,0,0.8500,-1,0
3107,248778,corner,1,0.8500,-1,0
3108,248859,corner,0,0.8500,-1,0
3109,249024,corner,1,0.8500,-1,0
3110,249104,corner,1,0.8500,-1,0
3111,249183,corner,1,0.8500,-1,0
3112,249263,corner,1,0.8500,-1,0
3113,249333,corner,1,0.8500,-1,0
3114,249488,corner,1,0.8500,-1,0
3115,249581,corner,1,0.8500,-1,0
3116,249663,corner,1,0.8500,-1,0
3117,249740,corner,1,0.8500,-1,0
3118,249807,corner,1,0.8500,-1,0
3119,249887,corner,1,0.8500,-1,0
3120,249970,corner,1,0.8500,-1,0
3121,250068,corner,1,0.8500,-1,0
3122,250158,corner,1,0.8500,-1,0
3123,250231,corner,1,0.8500,-1,0
3124,250306,corner,1,0.8500,-1,0
3125,250380,corner,1,0.8500,-1,0
3126,250426,corner,1,0.8500,-1,0
3127,250513,corner,1,0.8500,-1,0
3128,250587,corner,1,0.8600,-1,0
3129,250673,corner,1,0.8600,-1,0
3130,250754,corner,1,0.8600,-1,0
3131,250838,corner,1,0.8600,-1,0
3132,250915,corner,1,0.8600,-1,0
3133,250993,corner,1,0.8600,-1,0
3134,251051,corner,0,0.8500,-1,0
3135,251123,corner,1,0.8600,-1,0
3136,251215,corner,1,0.8600,-1,0
3137,251378,corner,0,0.8600,-1,0
3138,251487,corner,1,0.8700,-1,0
3139,251548,corner,1,0.8700,-1,0
3140,251633,corner,1,0.8700,-1,0
3141,251698,corner,1,0.8700,-1,0
3142,251790,corner,1,0.8800,-1,0
3143,252068,corner,1,0.8800,-1,0
3144,252139,corner,1,0.8900,-1,0
3145,252186,corner,0,0.8800,-1,0
3146,252557,corner,1,0.8800,-1,0
3147,252632,corner,1,0.8800,-1,0
3148,252729,corner,1,0.8800,-1,0
3149,252813,corner,1,0.8800,-1,0
3150,252863,corner,0,0.8700,-1,0
3151,252978,corner,1,0.8700,-1,0
3152,253114,corner,0,0.8700,-1,0
3153,253209,corner,1,0.8800,-1,0
3154,253254,corner,0,0.8700,-1,0
3155,253298,corner,0,0.8600,-1,0
3156,253364,corner,1,0.8600,-1,0
3157,253439,corner,1,0.8600,-1,0
3158,253512,corner,1,0.8700,-1,0
3159,253573,corner,1,0.8700,-1,0
3160,253628,corner,1,0.8700,-1,0
3161,253698,corner,1,0.8800,-1,0
3162,253759,corner,1,0.8800,-1,0
3163,253836,corner,1,0.8900,-1,0
3164,253898,corner,1,0.8900,-1,0
3165,253962,corner,1,0.8900,-1,0
3166,254030,corner,1,0.8900,-1,0
3167,254117,corner,1,0.8900,-1,0
3168,254172,corner,0,0.8800,-1,0
3169,254248,corner,1,0.8800,-1,0
3170,254316,corner,1,0.8800,-1,0
3171,254387,corner,1,0.8800,-1,0
3172,254452,corner,1,0.8800,-1,0
3173,254517,corner,1,0.8800,-1,0
3174,254627,corner,1,0.8900,-1,0
3175,254710,corner,1,0.8900,-1,0
3176,254783,corner,1,0.8900,-1,0
3177,254843,corner,1,0.8900,-1,0
3178,254937,corner,1,0.8900,-1,0
3179,255013,corner,1,0.8900,-1,0
3180,255096,corner,1,0.8900,-1,0
3181,255339,corner,0,0.8800,-1,0
3182,255421,corner,1,0.8800,-1,0
3183,255513,corner,1,0.8800,-1,0
3184,255577,corner,1,0.8800,-1,0
3185,255619,corner,0,0.8700,-1,0
3186,255707,corner,1,0.8800,-1,0
3187,255772,corner,1,0.8800,-1,0
3188,255860,corner,1,0.8800,-1,0
3189,256029,corner,1,0.8800,-1,0
3190,256100,corner,1,0.8800,-1,0
3191,256286,corner,0,0.8700,-1,0
3192,256396,corner,1,0.8700,-1,0
3193,256552,corner,1,0.8700,-1,0
3194,256627,corner,1,0.8700,-1,0
3195,256721,corner,1,0.8700,-1,0
3196,256805,corner,1,0.8700,-1,0
3197,256888,corner,1,0.8700,-1,0
3198,256936,corner,0,0.8600,-1,0
3199,257015,corner,1,0.8600,-1,0
3200,257091,corner,1,0.8600,-1,0
3201,257158,corner,1,0.8600,-1,0
3202,257216,corner,1,0.8600,-1,0
3203,257284,corner,1,0.8600,-1,0
3204,257415,corner,0,0.8500,-1,0
3205,257474,corner,1,0.8500,-1,0
3206,257554,corner,1,0.8600,-1,0
3207,257615,corner,1,0.8600,-1,0
3208,257698,corner,1,0.8700,-1,0
3209,257799,corner,1,0.8700,-1,0
3210,257868,corner,1,0.8700,-1,0
3211,257956,corner,0,0.8600,-1,0
3212,258024,corner,1,0.8600,-1,0
3213,258315,corner,0,0.8500,-1,0
3214,258367,corner,0,0.8400,-1,0
3215,258448,corner,0,0.8300,-1,0
3216,258522,corner,1,0.8300,-1,0
3217,258592,corner,1,0.8300,-1,0
3218,258666,corner,1,0.8300,-1,0
3219,258756,corner,0,0.8200,-1,0
3220,258861,corner,1,0.8200,-1,0
3221,258934,corner,1,0.8200,-1,0
3222,259004,corner,1,0.8200,-1,0
3223,259066,corner,1,0.8200,-1,0
3224,259129,corner,1,0.8200,-1,0
3225,259334,corner,1,0.8200,-1,0
3226,259389,corner,0,0.8100,-1,0
3227,259435,corner,0,0.8000,-1,0
3228,259520,corner,1,0.8000,-1,0
3229,259578,corner,0,0.7900,-1,0
3230,259637,corner,0,0.7800,-1,0
3231,259715,corner,1,0.7800,-1,0
3232,259794,corner,1,0.7800,-1,0
3233,259919,corner,0,0.7700,-1,0
3234,259983,corner,1,0.7800,-1,0
3235,260029,corner,0,0.7700,-1,0
3236,260085,corner,0,0.7600,-1,0
3237,260143,corner,1,0.7700,-1,0
3238,260219,corner,1,0.7700,-1,0
3239,260293,corner,1,0.7700,-1,0
3240,260364,corner,1,0.7700,-1,0
3241,260423,corner,0,0.7600,-1,0
3242,260519,corner,1,0.7600,-1,0
3243,260565,corner,0,0.7500,-1,0
3244,260664,corner,1,0.7500,-1,0
3245,260715,corner,0,0.7500,-1,0
3246,260784,corner,1,0.7500,-1,0
3247,260858,corner,1,0.7500,-1,0
3248,260938,corner,1,0.7500,-1,0
3249,260991,corner,0,0.7400,-1,0
3250,261065,corner,1,0.7500,-1,0
3251,261115,corner,0,0.7400,-1,0
3252,261199,corner,1,0.7500,-1,0
3253,261284,corner,1,0.7500,-1,0
3254,261406,corner,1,0.7600,-1,0
3255,261482,corner,1,0.7700,-1,0
3256,261545,corner,1,0.7700,-1,0
3257,261618,corner,1,0.7700,-1,0
3258,261689,corner,1,0.7700,-1,0
3259,261745,corner,0,0.7600,-1,0
3260,261820,corner,1,0.7600,-1,0
3261,261884,corner,1,0.7600,-1,0
3262,261967,corner,1,0.7600,-1,0
3263,262040,corner,1,0.7600,-1,0
3264,262119,corner,1,0.7600,-1,0
3265,262207,corner,1,0.7600,-1,0
3266,262260,corner,0,0.7500,-1,0
3267,262345,corner,0,0.7400,-1,0
3268,262428,corner,1,0.7500,-1,0
3269,262485,corner,0,0.7400,-1,0
3270,262560,corner,1,0.7400,-1,0
3271,262631,corner,1,0.7400,-1,0
3272,262716,corner,1,0.7400,-1,0
3273,262796,corner,1,0.7400,-1,0
3274,262846,corner,0,0.7300,-1,0
3275,262891,corner,0,0.7200,-1,0
3276,262942,corner,0,0.7100,-1,0
3277,262988,corner,0,0.7000,-1,0
3278,263064,corner,1,0.7000,-1,0
3279,263149,corner,1,0.7000,-1,0
3280,263244,corner,1,0.7000,-1,0
3281,263294,corner,0,0.7000,-1,0
3282,263377,corner,1,0.7000,-1,0
3283,263454,corner,1,0.7000,-1,0
3284,263499,corner,0,0.6900,-1,0
3285,263587,corner,1,0.7000,-1,0
3286,263663,corner,1,0.7000,-1,0
3287,263748,corner,1,0.7000,-1,0
3288,263791,corner,0,0.6900,-1,0
3289,263862,corner,1,0.6900,-1,0
3290,263932,corner,1,0.6900,-1,0
3291,264002,corner,1,0.7000,-1,0
3292,264077,corner,1,0.7000,-1,0
3293,264180,corner,1,0.7000,-1,0
3294,264262,corner,1,0.7000,-1,0
3295,264331,corner,1,0.7000,-1,0
3296,264400,corner,1,0.7000,-1,0
3297,264503,corner,1,0.7000,-1,0
3298,264550,corner,0,0.7000,-1,0
3299,264620,corner,1,0.7000,-1,0
3300,264704,corner,1,0.7000,-1,0
3301,264760,corner,0,0.6900,-1,0
3302,264816,corner,0,0.6800,-1,0
3303,264905,corner,1,0.6800,-1,0
3304,264955,corner,1,0.6900,-1,0
3305,265026,corner,1,0.6900,-1,0
3306,265089,corner,0,0.6800,-1,0
3307,265145,corner,1,0.6800,-1,0
3308,265215,corner,1,0.6800,-1,0
3309,265277,corner,1,0.6800,-1,0
3310,265340,corner,1,0.6800,-1,0
3311,265410,corner,1,0.6900,-1,0
3312,265460,corner,1,0.6900,-1,0
3313,265533,corner,1,0.7000,-1,0
3314,265579,corner,0,0.7000,-1,0
3315,265628,corner,0,0.7000,-1,0
3316,265716,corner,1,0.7000,-1,0
3317,265778,corner,1,0.7000,-1,0
3318,265838,corner,0,0.6900,-1,0
3319,265921,corner,0,0.6900,-1,0
3320,265986,corner,0,0.6800,-1,0
3321,266059,corner,1,0.6800,-1,0
3322,266137,corner,1,0.6800,-1,0
3323,266199,corner,1,0.6800,-1,0
3324,266243,corner,0,0.6700,-1,0
3325,266312,corner,1,0.6700,-1,0
3326,266415,corner,1,0.6800,-1,0
3327,266471,corner,0,0.6800,-1,0
3328,266552,corner,1,0.6800,-1,0
3329,266622,corner,1,0.6900,-1,0
3330,266694,corner,1,0.7000,-1,0
3331,266744,corner,1,0.7000,-1,0
3332,266852,corner,1,0.7000,-1,0
3333,266897,corner,0,0.7000,-1,0
3334,266998,corner,1,0.7000,-1,0
3335,267066,corner,1,0.7100,-1,0
3336,267142,corner,1,0.7200,-1,0
3337,267206,corner,1,0.7200,-1,0
3338,267294,corner,1,0.7200,-1,0
3339,267341,corner,0,0.7100,-1,0
3340,267400,corner,0,0.7000,-1,0
3341,267482,corner,1,0.7100,-1,0
3342,267534,corner,1,0.7100,-1,0
3343,267634,corner,0,0.7100,-1,0
3344,267704,corner,1,0.7100,-1,0
3345,267779,corner,1,0.7200,-1,0
3346,267857,corner,1,0.7200,-1,0
3347,267901,corner,1,0.7200,-1,0
3348,267973,corner,1,0.7200,-1,0
3349,268020,corner,0,0.7200,-1,0
3350,268110,corner,1,0.7200,-1,0
3351,268182,corner,1,0.7300,-1,0
3352,268230,corner,0,0.7200,-1,0
3353,268273,corner,0,0.7100,-1,0
3354,268338,corner,1,0.7100,-1,0
3355,268380,corner,0,0.7000,-1,0
3356,268488,corner,1,0.7000,-1,0
3357,268550,corner,1,0.7000,-1,0
3358,268630,corner,1,0.7000,-1,0
3359,268674,corner,0,0.7000,-1,0
3360,268731,corner,1,0.7000,-1,0
3361,268797,corner,1,0.7000,-1,0
3362,268845,corner,1,0.7000,-1,0
3363,269001,corner,1,0.7000,-1,0
3364,269071,corner,1,0.7000,-1,0
3365,269146,corner,1,0.7000,-1,0
3366,269216,corner,1,0.7100,-1,0
3367,269279,corner,1,0.7200,-1,0
3368,269381,corner,1,0.7200,-1,0
3369,269460,corner,1,0.7300,-1,0
3370,269527,corner,1,0.7300,-1,0
3371,269595,corner,1,0.7300,-1,0
3372,269674,corner,1,0.7300,-1,0
3373,269758,corner,1,0.7300,-1,0
3374,269846,corner,1,0.7400,-1,0
3375,269933,corner,1,0.7500,-1,0
3376,270007,corner,1,0.7600,-1,0
3377,270077,corner,1,0.7700,-1,0
3378,270212,corner,0,0.7600,-1,0
3379,270289,corner,1,0.7600,-1,0
3380,270342,corner,1,0.7600,-1,0
3381,270438,corner,1,0.7700,-1,0
3382,270484,corner,1,0.7700,-1,0
3383,270555,corner,1,0.7700,-1,0
3384,270653,corner,1,0.7800,-1,0
3385,270697,corner,0,0.7700,-1,0
3386,270767,corner,1,0.7700,-1,0
3387,270812,corner,0,0.7600,-1,0
3388,270893,corner,1,0.7700,-1,0
3389,270963,corner,0,0.7600,-1,0
3390,271052,corner,1,0.7600,-1,0
3391,271181,corner,1,0.7600,-1,0
3392,271260,corner,1,0.7600,-1,0
3393,271341,corner,1,0.7600,-1,0
3394,271413,corner,1,0.7600,-1,0
3395,271495,corner,1,0.7600,-1,0
3396,271550,corner,0,0.7500,-1,0
3397,271643,corner,1,0.7500,-1,0
3398,271722,corner,1,0.7600,-1,0
3399,271787,corner,0,0.7500,-1,0
3400,271864,corner,1,0.7500,-1,0
3401,271956,corner,1,0.7600,-1,0
3402,272029,corner,1,0.7700,-1,0
3403,272112,corner,1,0.7700,-1,0
3404,272174,corner,1,0.7700,-1,0
3405,272215,corner,0,0.7600,-1,0
3406,272268,corner,0,0.7600,-1,0
3407,272324,corner,1,0.7600,-1,0
3408,272381,corner,1,0.7600,-1,0
3409,272458,corner,0,0.7500,-1,0
3410,272540,corner,0,0.7400,-1,0
3411,272608,corner,1,0.7400,-1,0
3412,272680,corner,1,0.7400,-1,0
3413,272746,corner,1,0.7400,-1,0
3414,272791,corner,0,0.7400,-1,0
3415,272843,corner,1,0.7500,-1,0
3416,272953,corner,1,0.7500,-1,0
3417,273017,corner,1,0.7500,-1,0
3418,273065,corner,0,0.7500,-1,0
3419,273121,corner,1,0.7600,-1,0
3420,273204,corner,0,0.7600,-1,0
3421,273262,corner,0,0.7500,-1,0
3422,273346,corner,1,0.7500,-1,0
3423,273422,corner,1,0.7500,-1,0
3424,273509,corner,1,0.7600,-1,0
3425,273598,corner,1,0.7600,-1,0
3426,273676,corner,1,0.7600,-1,0
3427,273744,corner,1,0.7700,-1,0
3428,273842,corner,1,0.7700,-1,0
3429,273896,corner,0,0.7600,-1,0
3430,273947,corner,0,0.7500,-1,0
3431,273992,corner,0,0.7400,-1,0
3432,274063,corner,1,0.7400,-1,0
3433,274139,corner,1,0.7500,-1,0
3434,274233,corner,1,0.7500,-1,0
3435,274341,corner,1,0.7500,-1,0
3436,274426,corner,1,0.7500,-1,0
3437,274476,corner,0,0.7400,-1,0
3438,274529,corner,1,0.7400,-1,0
3439,274596,corner,1,0.7500,-1,0
3440,274682,corner,1,0.7600,-1,0
3441,274732,corner,1,0.7600,-1,0
3442,274824,corner,1,0.7600,-1,0
3443,274948,corner,1,0.7700,-1,0
3444,275026,corner,1,0.7700,-1,0
3445,275095,corner,1,0.7700,-1,0
3446,275194,corner,1,0.7700,-1,0
3447,275310,corner,1,0.7700,-1,0
3448,275399,corner,1,0.7700,-1,0
3449,275449,corner,0,0.7700,-1,0
3450,275518,corner,1,0.7700,-1,0
3451,275685,corner,1,0.7700,-1,0
3452,275753,corner,1,0.7800,-1,0
3453,275827,corner,1,0.7900,-1,0
3454,275905,corner,1,0.7900,-1,0
3455,275988,corner,1,0.8000,-1,0
3456,276059,corner,1,0.8000,-1,0
3457,276128,corner,1,0.8000,-1,0
3458,276200,corner,1,0.8000,-1,0
3459,276271,corner,1,0.8100,-1,0
3460,276363,corner,1,0.8100,-1,0
3461,276441,corner,1,0.8100,-1,0
3462,276523,corner,1,0.8100,-1,0
3463,276598,corner,1,0.8100,-1,0
3464,276647,corner,1,0.8100,-1,0
3465,276740,corner,1,0.8100,-1,0
3466,276804,corner,1,0.8100,-1,0
3467,276854,corner,0,0.8000,-1,0
3468,277021,corner,1,0.8000,-1,0
3469,277082,corner,1,0.8000,-1,0
3470,277130,corner,1,0.8000,-1,0
3471,277189,corner,1,0.8000,-1,0
3472,277257,corner,1,0.8000,-1,0
3473,277336,corner,1,0.8000,-1,0
3474,277382,corner,1,0.8000,-1,0
3475,277446,corner,1,0.8000,-1,0
3476,277519,corner,1,0.8000,-1,0
3477,277585,corner,1,0.8000,-1,0
3478,277632,corner,0,0.8000,-1,0
3479,277719,corner,0,0.7900,-1,0
3480,277791,corner,1,0.7900,-1,0
3481,277861,corner,1,0.7900,-1,0
3482,277941,corner,1,0.7900,-1,0
3483,278031,corner,1,0.7900,-1,0
3484,278113,corner,1,0.7900,-1,0
3485,278197,corner,1,0.8000,-1,0
3486,278279,corner,1,0.8000,-1,0
3487,278357,corner,1,0.8100,-1,0
3488,278436,corner,1,0.8100,-1,0
3489,278546,corner,1,0.8200,-1,0
3490,278614,corner,1,0.8200,-1,0
3491,278725,corner,1,0.8200,-1,0
3492,278795,corner,1,0.8200,-1,0
3493,278904,corner,1,0.8200,-1,0
3494,278952,corner,0,0.8100,-1,0
3495,279028,corner,1,0.8100,-1,0
3496,279100,corner,1,0.8200,-1,0
3497,279176,corner,1,0.8200,-1,0
3498,279243,corner,1,0.8200,-1,0
3499,279321,corner,1,0.8300,-1,0
3500,279430,corner,1,0.8300,-1,0
3501,279542,corner,1,0.8300,-1,0
3502,279586,corner,0,0.8200,-1,0
3503,279667,corner,0,0.8100,-1,0
3504,279794,corner,1,0.8100,-1,0
3505,279836,corner,0,0.8100,-1,0
3506,279884,corner,0,0.8100,-1,0
3507,279946,corner,1,0.8100,-1,0
3508,280017,corner,1,0.8100,-1,0
3509,280094,corner,1,0.8200,-1,0
3510,280167,corner,1,0.8300,-1,0
3511,280267,corner,1,0.8300,-1,0
3512,280343,corner,1,0.8300,-1,0
3513,280386,corner,0,0.8200,-1,0
3514,280431,corner,1,0.8300,-1,0
3515,280519,corner,1,0.8300,-1,0
3516,280599,corner,1,0.8300,-1,0
3517,280651,corner,0,0.8200,-1,0
3518,280695,corner,0,0.8200,-1,0
3519,280768,corner,1,0.8200,-1,0
3520,280853,corner,1,0.8300,-1,0
3521,280921,corner,1,0.8400,-1,0
3522,280981,corner,1,0.8400,-1,0
3523,281048,corner,0,0.8300,-1,0
3524,281161,corner,0,0.8200,-1,0
3525,281224,corner,1,0.8200,-1,0
3526,281295,corner,1,0.8200,-1,0
3527,281336,corner,0,0.8100,-1,0
3528,281434,corner,0,0.8000,-1,0
3529,281502,corner,1,0.8100,-1,0
3530,281582,corner,1,0.8200,-1,0
3531,281651,corner,1,0.8300,-1,0
3532,281751,corner,1,0.8300,-1,0
3533,281816,corner,1,0.8300,-1,0
3534,281889,corner,1,0.8300,-1,0
3535,281954,corner,1,0.8300,-1,0
3536,282042,corner,1,0.8300,-1,0
3537,282137,corner,1,0.8400,-1,0
3538,282183,corner,0,0.8300,-1,0
3539,282258,corner,1,0.8300,-1,0
3540,282321,corner,1,0.8300,-1,0
3541,282363,corner,0,0.8200,-1,0
3542,282410,corner,0,0.8100,-1,0
3543,282542,corner,1,0.8100,-1,0
3544,282619,corner,1,0.8100,-1,0
3545,282703,corner,1,0.8100,-1,0
3546,282754,corner,0,0.8000,-1,0
3547,282837,corner,1,0.8000,-1,0
3548,282929,corner,1,0.8000,-1,0
3549,282995,corner,1,0.8100,-1,0
3550,283079,corner,1,0.8100,-1,0
3551,283131,corner,1,0.8100,-1,0
3552,283197,corner,1,0.8100,-1,0
3553,283246,corner,0,0.8000,-1,0
3554,283290,corner,0,0.7900,-1,0
3555,283377,corner,1,0.7900,-1,0
3556,283444,corner,1,0.7900,-1,0
3557,283531,corner,1,0.7900,-1,0
3558,283591,corner,1,0.7900,-1,0
3559,283635,corner,0,0.7800,-1,0
3560,283714,corner,1,0.7800,-1,0
3561,283766,corner,0,0.7700,-1,0
3562,283818,corner,0,0.7600,-1,0
3563,283879,corner,0,0.7500,-1,0
3564,283939,corner,1,0.7500,-1,0
3565,283986,corner,0,0.7400,-1,0
3566,284187,corner,1,0.7400,-1,0
3567,284247,corner,1,0.7500,-1,0
3568,284316,corner,1,0.7500,-1,0
3569,284391,corner,1,0.7500,-1,0
3570,284437,corner,0,0.7400,-1,0
3571,284483,corner,0,0.7300,-1,0
3572,284544,corner,1,0.7300,-1,0
3573,284596,corner,1,0.7300,-1,0
3574,284693,corner,1,0.7300,-1,0
3575,284745,corner,1,0.7300,-1,0
3576,284814,corner,1,0.7300,-1,0
3577,284907,corner,1,0.7300,-1,0
3578,284994,corner,1,0.7400,-1,0
3579,285081,corner,1,0.7500,-1,0
3580,285156,corner,1,0.7500,-1,0
3581,285238,corner,1,0.7500,-1,0
3582,285305,corner,1,0.7500,-1,0
3583,285411,corner,0,0.7400,-1,0
3584,285460,corner,0,0.7300,-1,0
3585,285561,corner,1,0.7300,-1,0
3586,285609,corner,0,0.7200,-1,0
3587,285693,corner,1,0.7200,-1,0
3588,285763,corner,1,0.7200,-1,0
3589,285850,corner,1,0.7200,-1,0
3590,285896,corner,0,0.7100,-1,0
3591,285984,corner,1,0.7100,-1,0
3592,286040,corner,0,0.7000,-1,0
3593,286118,corner,1,0.7000,-1,0
3594,286203,corner,1,0.7100,-1,0
3595,286301,corner,0,0.7000,-1,0
3596,286358,corner,1,0.7000,-1,0
3597,286430,corner,1,0.7000,-1,0
3598,286500,corner,1,0.7000,-1,0
3599,286544,corner,0,0.6900,-1,0
3600,286672,corner,1,0.6900,-1,0
3601,286725,corner,0,0.6800,-1,0
3602,286781,corner,1,0.6900,-1,0
3603,286867,corner,1,0.7000,-1,0
3604,286938,corner,1,0.7000,-1,0
3605,286992,corner,0,0.7000,-1,0
3606,287067,corner,1,0.7100,-1,0
3607,287126,corner,1,0.7100,-1,0
3608,287177,corner,1,0.7100,-1,0
3609,287253,corner,1,0.7100,-1,0
3610,287336,corner,1,0.7100,-1,0
3611,287382,corner,1,0.7100,-1,0
3612,287435,corner,1,0.7100,-1,0
3613,287503,corner,1,0.7200,-1,0
3614,287549,corner,0,0.7100,-1,0
3615,287598,corner,1,0.7100,-1,0
3616,287678,corner,1,0.7100,-1,0
3617,287763,corner,1,0.7200,-1,0
3618,287831,corner,1,0.7300,-1,0
3619,287907,corner,1,0.7300,-1,0
3620,287954,corner,0,0.7200,-1,0
3621,288066,corner,1,0.7200,-1,0
3622,288168,corner,1,0.7200,-1,0
3623,288242,corner,1,0.7300,-1,0
3624,288336,corner,1,0.7400,-1,0
3625,288402,corner,1,0.7400,-1,0
3626,288456,corner,0,0.7300,-1,0
3627,288524,corner,1,0.7400,-1,0
3628,288588,corner,1,0.7500,-1,0
3629,288655,corner,1,0.7500,-1,0
3630,288739,corner,1,0.7500,-1,0
3631,288814,corner,1,0.7500,-1,0
3632,288869,corner,1,0.7500,-1,0
3633,289018,corner,1,0.7500,-1,0
3634,289073,corner,0,0.7400,-1,0
3635,289158,corner,1,0.7400,-1,0
3636,289215,corner,0,0.7300,-1,0
3637,289291,corner,1,0.7300,-1,0
3638,289461,corner,1,0.7400,-1,0
3639,289559,corner,1,0.7400,-1,0
3640,289654,corner,1,0.7400,-1,0
3641,289735,corner,1,0.7500,-1,0
3642,289804,corner,1,0.7600,-1,0
3643,289857,corner,0,0.7500,-1,0
3644,289899,corner,0,0.7400,-1,0
3645,289979,corner,1,0.7400,-1,0
3646,290050,corner,1,0.7500,-1,0
3647,290097,corner,1,0.7500,-1,0
3648,290166,corner,1,0.7500,-1,0
3649,290230,corner,1,0.7500,-1,0
3650,290300,corner,1,0.7500,-1,0
3651,290369,corner,1,0.7500,-1,0
3652,290450,corner,0,0.7400,-1,0
3653,290554,corner,1,0.7500,-1,0
3654,290657,corner,0,0.7500,-1,0
3655,290724,corner,1,0.7500,-1,0
3656,290795,corner,1,0.7500,-1,0
3657,290877,corner,0,0.7400,-1,0
3658,290936,corner,1,0.7400,-1,0
3659,291007,corner,1,0.7500,-1,0
3660,291082,corner,1,0.7500,-1,0
3661,291131,corner,0,0.7500,-1,0
3662,291226,corner,1,0.7600,-1,0
3663,291297,corner,1,0.7700,-1,0
3664,291372,corner,1,0.7700,-1,0
3665,291447,corner,1,0.7800,-1,0
3666,291509,corner,0,0.7700,-1,0
3667,291584,corner,1,0.7700,-1,0
3668,291650,corner,1,0.7700,-1,0
3669,291725,corner,1,0.7700,-1,0
3670,291787,corner,1,0.7800,-1,0
3671,291855,corner,1,0.7900,-1,0
3672,291935,corner,1,0.7900,-1,0
3673,292096,corner,1,0.7900,-1,0
3674,292163,corner,1,0.7900,-1,0
3675,292212,corner,0,0.7800,-1,0
3676,292257,corner,1,0.7800,-1,0
3677,292311,corner,0,0.7700,-1,0
3678,292377,corner,1,0.7700,-1,0
3679,292466,corner,0,0.7600,-1,0
3680,292522,corner,1,0.7600,-1,0
3681,292592,corner,1,0.7600,-1,0
3682,292635,corner,0,0.7500,-1,0
3683,292688,corner,0,0.7500,-1,0
3684,292780,corner,0,0.7500,-1,0
3685,292865,corner,1,0.7500,-1,0
3686,292908,corner,1,0.7600,-1,0
3687,292983,corner,1,0.7600,-1,0
3688,293054,corner,0,0.7500,-1,0
3689,293112,corner,0,0.7400,-1,0
3690,293185,corner,1,0.7500,-1,0
3691,293231,corner,0,0.7400,-1,0
3692,293294,corner,0,0.7400,-1,0
3693,293439,corner,1,0.7400,-1,0
3694,293512,corner,1,0.7400,-1,0
3695,293592,corner,1,0.7500,-1,0
3696,293670,corner,1,0.7500,-1,0
3697,293713,corner,0,0.7400,-1,0
3698,293759,corner,0,0.7300,-1,0
3699,293829,corner,1,0.7400,-1,0
3700,293900,corner,1,0.7400,-1,0
3701,293963,corner,1,0.7500,-1,0
3702,294012,corner,0,0.7400,-1,0
3703,294085,corner,1,0.7400,-1,0
3704,294133,corner,0,0.7300,-1,0
3705,294202,corner,1,0.7400,-1,0
3706,294252,corner,0,0.7300,-1,0
3707,294339,corner,1,0.7300,-1,0
3708,294390,corner,1,0.7300,-1,0
3709,294446,corner,0,0.7200,-1,0
3710,294528,corner,1,0.7200,-1,0
3711,294600,corner,1,0.7200,-1,0
3712,294665,corner,1,0.7200,-1,0
3713,294738,corner,1,0.7200,-1,0
3714,294794,corner,1,0.7300,-1,0
3715,294867,corner,1,0.7300,-1,0
3716,294911,corner,0,0.7200,-1,0
3717,295001,corner,1,0.7200,-1,0
3718,295080,corner,1,0.7200,-1,0
3719,295138,corner,1,0.7200,-1,0
3720,295191,corner,0,0.7200,-1,0
3721,295239,corner,1,0.7200,-1,0
3722,295286,corner,0,0.7100,-1,0
3723,295345,corner,1,0.7100,-1,0
3724,295440,corner,1,0.7100,-1,0
3725,295501,corner,1,0.7100,-1,0
3726,295566,corner,1,0.7200,-1,0
3727,295699,corner,0,0.7100,-1,0
3728,295747,corner,0,0.7000,-1,0
3729,295878,corner,1,0.7000,-1,0
3730,295960,corner,1,0.7000,-1,0
3731,296034,corner,1,0.7000,-1,0
3732,296107,corner,1,0.7000,-1,0
3733,296152,corner,0,0.6900,-1,0
3734,296229,corner,1,0.7000,-1,0
3735,296303,corner,1,0.7000,-1,0
3736,296389,corner,0,0.7000,-1,0
3737,296477,corner,1,0.7000,-1,0
3738,296538,corner,1,0.7000,-1,0
3739,296646,corner,1,0.7000,-1,0
3740,296719,corner,1,0.7000,-1,0
3741,296780,corner,1,0.7000,-1,0
3742,296860,corner,1,0.7000,-1,0
3743,296912,corner,0,0.7000,-1,0
3744,296982,corner,1,0.7100,-1,0
3745,297079,corner,1,0.7100,-1,0
3746,297199,corner,0,0.7000,-1,0
3747,297282,corner,1,0.7000,-1,0
3748,297349,corner,1,0.7000,-1,0
3749,297477,corner,1,0.7000,-1,0
3750,297654,corner,1,0.7000,-1,0
3751,297699,corner,1,0.7000,-1,0
3752,297768,corner,1,0.7100,-1,0
3753,297833,corner,1,0.7100,-1,0
3754,297888,corner,1,0.7200,-1,0
3755,297977,corner,1,0.7200,-1,0
3756,298048,corner,1,0.7200,-1,0
3757,298122,corner,1,0.7300,-1,0
3758,298218,corner,1,0.7300,-1,0
3759,298352,corner,0,0.7200,-1,0
3760,298428,corner,1,0.7200,-1,0
3761,298559,corner,0,0.7200,-1,0
3762,298634,corner,1,0.7200,-1,0
3763,298678,corner,0,0.7100,-1,0
3764,298726,corner,0,0.7000,-1,0
3765,298791,corner,1,0.7000,-1,0
3766,298870,corner,1,0.7100,-1,0
3767,298916,corner,1,0.7100,-1,0
3768,298973,corner,1,0.7100,-1,0
3769,299054,corner,0,0.7000,-1,0
3770,299141,corner,1,0.7000,-1,0
3771,299221,corner,1,0.7000,-1,0
3772,299315,corner,1,0.7000,-1,0
3773,299364,corner,1,0.7000,-1,0
3774,299427,corner,1,0.7000,-1,0
3775,299489,corner,1,0.7100,-1,0
3776,299564,corner,1,0.7100,-1,0
3777,299622,corner,0,0.7100,-1,0
3778,299698,corner,1,0.7100,-1,0
3779,299768,corner,1,0.7200,-1,0
3780,299814,corner,0,0.7100,-1,0
3781,299861,corner,0,0.7000,-1,0
3782,299928,corner,1,0.7100,-1,0
3783,299974,corner,0,0.7100,-1,0
3784,300053,corner,1,0.7200,-1,0
3785,300124,edge,1,0.7200,0,1
3786,300201,edge,1,0.7200,0,2
3787,300270,edge,1,0.7200,0,3
3788,300356,edge,1,0.7300,0,4
3789,300405,edge,1,0.7400,0,5
3790,300471,edge,1,0.7400,0,6
3791,300542,edge,1,0.7500,0,7
3792,300783,edge,1,0.7600,0,8
3793,300833,edge,1,0.7600,0,9
3794,300944,edge,1,0.7600,0,10
3795,301073,edge,0,0.7500,0,11
3796,301147,edge,1,0.7500,0,12
3797,301226,edge,1,0.7600,0,13
3798,301289,edge,1,0.7700,0,14
3799,301346,edge,1,0.7700,0,15
3800,301414,edge,1,0.7700,0,16
3801,301471,edge,1,0.7700,0,17
3802,301550,edge,1,0.7800,0,18
3803,301633,edge,0,0.7700,0,19
3804,301716,edge,1,0.7800,0,20
3805,301804,edge,1,0.7800,0,21
3806,301874,edge,1,0.7900,0,22
3807,301926,edge,1,0.7900,0,23
3808,301996,edge,1,0.7900,0,24
3809,302058,edge,1,0.8000,0,25
3810,302126,edge,1,0.8000,0,26
3811,302210,edge,1,0.8000,0,27
3812,302265,edge,1,0.8000,0,28
3813,302341,edge,1,0.8000,0,29
3814,302478,edge,1,0.8000,0,30
3815,302552,edge,1,0.8000,0,31
3816,302623,edge,1,0.8100,0,32
3817,302792,edge,1,0.8100,0,33
3818,302868,edge,1,0.8100,0,34
3819,302926,edge,1,0.8100,0,35
3820,302974,edge,0,0.8100,0,36
3821,303046,edge,1,0.8100,0,37
3822,303234,edge,1,0.8200,0,38
3823,303295,edge,1,0.8200,0,39
3824,303340,edge,0,0.8100,0,40
3825,303428,edge,1,0.8100,0,41
3826,303485,edge,1,0.8100,0,42
3827,303558,edge,1,0.8200,0,43
3828,303607,edge,0,0.8200,0,44
3829,303682,edge,1,0.8200,0,45
3830,303729,edge,0,0.8100,0,46
3831,303804,edge,1,0.8100,0,47
3832,303879,edge,1,0.8100,0,48
3833,303928,edge,0,0.8100,0,49
3834,304050,edge,1,0.8100,0,50
3835,304124,edge,1,0.8100,0,51
3836,304206,edge,1,0.8200,0,52
3837,304255,edge,1,0.8200,0,53
3838,304321,edge,1,0.8200,0,54
3839,304370,edge,0,0.8100,0,55
3840,304439,edge,1,0.8100,0,56
3841,304521,edge,1,0.8100,0,57
3842,304569,edge,1,0.8100,0,58
3843,304639,edge,1,0.8200,0,59
3844,304690,edge,0,0.8100,0,60
3845,304744,edge,0,0.8000,0,61
3846,304794,edge,1,0.8100,0,62
3847,304851,edge,1,0.8100,0,63
3848,304897,edge,0,0.8000,0,64
3849,304948,edge,0,0.7900,0,65
3850,305050,edge,1,0.7900,0,66
3851,305118,edge,1,0.7900,0,67
3852,305177,edge,1,0.7900,0,68
3853,305226,edge,0,0.7800,0,69
3854,305295,edge,1,0.7800,0,70
3855,305376,edge,0,0.7700,0,71
3856,305434,edge,1,0.7700,0,72
3857,305490,edge,1,0.7700,0,73
3858,305535,edge,0,0.7600,0,74
3859,305609,edge,1,0.7700,0,75
3860,305774,edge,1,0.7700,0,76
3861,305879,edge,0,0.7700,0,77
3862,305977,edge,1,0.7700,0,78
3863,306068,edge,1,0.7800,0,79
3864,306239,edge,0,0.7800,0,80
3865,306321,edge,0,0.7700,0,81
3866,306405,edge,1,0.7700,0,82
3867,306484,edge,1,0.7700,0,83
3868,306611,edge,0,0.7600,0,84
3869,306662,edge,0,0.7600,0,85
3870,306712,edge,0,0.7500,0,86
3871,306760,edge,0,0.7400,0,87
3872,306825,edge,1,0.7400,0,88
3873,306980,edge,1,0.7400,0,89
3874,307063,edge,1,0.7400,0,90
3875,307129,edge,1,0.7400,0,91
3876,307222,edge,0,0.7300,0,92
3877,307279,edge,1,0.7400,0,93
3878,307377,edge,1,0.7400,0,94
3879,307469,edge,1,0.7400,0,95
3880,307521,edge,1,0.7500,0,96
3881,307575,edge,0,0.7500,0,97
3882,307655,edge,1,0.7500,0,98
3883,307704,edge,0,0.7500,0,99
3884,307786,edge,1,0.7500,0,100
3885,307862,edge,1,0.7500,0,101
3886,307910,edge,0,0.7400,0,102
3887,307953,edge,0,0.7300,0,103
3888,307995,edge,0,0.7200,0,104
3889,308057,edge,1,0.7200,0,105
3890,308122,edge,1,0.7200,0,106
3891,308206,edge,1,0.7200,0,107
3892,308275,edge,1,0.7200,0,108
3893,308327,edge,0,0.7100,0,109
3894,308403,edge,1,0.7100,0,110
3895,308473,edge,1,0.7200,0,111
3896,308552,edge,1,0.7200,0,112
3897,308629,edge,1,0.7200,0,113
3898,308713,edge,1,0.7200,0,114
3899,308776,edge,1,0.7200,0,115
3900,308844,edge,1,0.7200,0,116
3901,308920,edge,1,0.7200,0,117
3902,308998,edge,1,0.7200,0,118
3903,309047,edge,0,0.7200,0,119
3904,309108,edge,1,0.7200,0,120
3905,309211,edge,1,0.7200,0,121
3906,309383,edge,1,0.7200,0,122
3907,309521,edge,0,0.7100,0,123
3908,309592,edge,1,0.7100,0,124
3909,309671,edge,1,0.7100,0,125
3910,309717,edge,0,0.7000,0,126
3911,309793,edge,1,0.7000,0,127
3912,309855,edge,1,0.7000,0,128
3913,309923,edge,1,0.7000,0,129
3914,310011,edge,1,0.7000,0,130
3915,310067,edge,1,0.7000,0,131
3916,310152,edge,0,0.6900,0,132
3917,310203,edge,1,0.6900,0,133
3918,310268,edge,1,0.6900,0,134
3919,310372,edge,1,0.6900,0,135
3920,310426,edge,0,0.6900,0,136
3921,310504,edge,1,0.6900,0,137
3922,310547,edge,0,0.6800,0,138
3923,310589,edge,0,0.6700,0,139
3924,310691,edge,1,0.6800,0,140
3925,310764,edge,1,0.6800,0,141
3926,310819,edge,1,0.6800,0,142
3927,310863,edge,0,0.6700,0,143
3928,310935,edge,1,0.6800,0,144
3929,311004,edge,1,0.6800,0,145
3930,311076,edge,1,0.6900,0,146
3931,311148,edge,1,0.6900,0,147
3932,311212,edge,1,0.6900,0,148
3933,311265,edge,1,0.7000,0,149
3934,311314,edge,0,0.6900,0,150
3935,311411,edge,1,0.6900,0,151
3936,311491,edge,1,0.6900,0,152
3937,311563,edge,1,0.6900,0,153
3938,311646,edge,0,0.6800,0,154
3939,311737,edge,1,0.6900,0,155
3940,311798,edge,1,0.6900,0,156
3941,311881,edge,1,0.6900,0,157
3942,311932,edge,0,0.6800,0,158
3943,312002,edge,1,0.6800,0,159
3944,312065,edge,1,0.6900,0,160
3945,312133,edge,1,0.7000,0,161
3946,312244,edge,1,0.7000,0,162
3947,312310,edge,1,0.7000,0,163
3948,312370,edge,1,0.7100,0,164
3949,312502,edge,0,0.7100,0,165
3950,312581,edge,1,0.7100,0,166
3951,312641,edge,1,0.7100,0,167
3952,312695,edge,1,0.7100,0,168
3953,312769,edge,1,0.7200,0,169
3954,312821,edge,1,0.7200,0,170
3955,312895,edge,1,0.7300,0,171
3956,312943,edge,0,0.7200,0,172
3957,312992,edge,0,0.7100,0,173
3958,313073,edge,1,0.7200,0,174
3959,313125,edge,1,0.7200,0,175
3960,313205,edge,1,0.7200,0,176
3961,313278,edge,1,0.7300,0,177
3962,313525,edge,1,0.7300,0,178
3963,313626,edge,0,0.7200,0,179
3964,313730,edge,1,0.7300,0,180
3965,313903,edge,1,0.7400,0,181
3966,313950,edge,0,0.7300,0,182
3967,314009,edge,1,0.7300,0,183
3968,314161,edge,1,0.7400,0,184
3969,314239,edge,1,0.7500,0,185
3970,314294,edge,1,0.7600,0,186
3971,314341,edge,0,0.7600,0,187
3972,314412,edge,1,0.7600,0,188
3973,314482,edge,1,0.7600,0,189
3974,314533,edge,0,0.7500,0,190
3975,314620,edge,0,0.7400,0,191
3976,314700,edge,1,0.7500,0,192
3977,314750,edge,0,0.7400,0,193
3978,314819,edge,1,0.7400,0,194
3979,314884,edge,1,0.7400,0,195
3980,314957,edge,1,0.7400,0,196
3981,315036,edge,1,0.7500,0,197
3982,315114,edge,1,0.7500,0,198
3983,315194,edge,1,0.7600,0,199
3984,315246,edge,0,0.7500,0,200
3985,315289,edge,0,0.7400,0,201
3986,315371,edge,0,0.7400,0,202
3987,315449,edge,1,0.7500,0,203
3988,315524,edge,1,0.7600,0,204
3989,315595,edge,1,0.7600,0,205
3990,315680,edge,1,0.7600,0,206
3991,315754,edge,1,0.7600,0,207
3992,315802,edge,0,0.7500,0,208
3993,315861,edge,1,0.7600,0,209
3994,315909,edge,0,0.7500,0,210
3995,316004,edge,1,0.7500,0,211
3996,316059,edge,1,0.7500,0,212
3997,316140,edge,0,0.7400,0,213
3998,316192,edge,0,0.7300,0,214
3999,316254,edge,1,0.7300,0,215
4000,316330,edge,1,0.7300,0,216
4001,316408,edge,1,0.7300,0,217
4002,316463,edge,1,0.7300,0,218
4003,316635,edge,0,0.7300,0,219
4004,316717,edge,0,0.7200,0,220
4005,316780,edge,1,0.7200,0,221
4006,316853,edge,1,0.7200,0,222
4007,316931,edge,1,0.7300,0,223
4008,317002,edge,1,0.7300,0,224
4009,317077,edge,1,0.7300,0,225
4010,317122,edge,0,0.7300,0,226
4011,317172,edge,0,0.7200,0,227
4012,317258,edge,1,0.7200,0,228
4013,317345,edge,0,0.7100,0,229
4014,317390,edge,0,0.7000,0,230
4015,317464,edge,1,0.7000,0,231
4016,317514,edge,1,0.7100,0,232
4017,317560,edge,0,0.7000,0,233
4018,317637,edge,0,0.6900,0,234
4019,317711,edge,1,0.6900,0,235
4020,317774,edge,0,0.6900,0,236
4021,317848,edge,1,0.6900,0,237
4022,317906,edge,1,0.7000,0,238
4023,317964,edge,1,0.7100,0,239
4024,318019,edge,1,0.7100,0,240
4025,318093,edge,1,0.7100,0,241
4026,318139,edge,0,0.7000,0,242
4027,318247,edge,1,0.7100,0,243
4028,318294,edge,0,0.7000,0,244
4029,318357,edge,1,0.7000,0,245
4030,318439,edge,1,0.7000,0,246
4031,318488,edge,0,0.6900,0,247
4032,318532,edge,0,0.6800,0,248
4033,318600,edge,1,0.6800,0,249
4034,318682,edge,0,0.6800,0,250
4035,318744,edge,0,0.6700,0,251
4036,318819,edge,1,0.6700,0,252
4037,318872,edge,0,0.6600,0,253
4038,318939,edge,1,0.6700,0,254
4039,318990,edge,0,0.6600,0,255
4040,319047,edge,1,0.6600,0,256
4041,319178,edge,0,0.6500,0,257
4042,319250,edge,1,0.6600,0,258
4043,319337,edge,0,0.6500,0,259
4044,319417,edge,1,0.6500,0,260
4045,319498,edge,1,0.6500,0,261
4046,319542,edge,0,0.6400,0,262
4047,319621,edge,1,0.6400,0,263
4048,319692,edge,1,0.6400,0,264
4049,319748,edge,1,0.6500,0,265
4050,319817,edge,1,0.6500,0,266
4051,319861,edge,0,0.6400,0,267
4052,319962,edge,0,0.6300,0,268
4053,320019,edge,0,0.6200,0,269
4054,320073,edge,0,0.6100,0,270
4055,320120,edge,0,0.6000,0,271
4056,320218,edge,1,0.6100,0,272
4057,320288,edge,1,0.6200,0,273
4058,320336,edge,0,0.6100,0,274
4059,320395,edge,1,0.6100,0,275
4060,320476,edge,0,0.6000,0,276
4061,320640,edge,0,0.5900,0,277
4062,320731,edge,0,0.5800,0,278
4063,320808,edge,1,0.5900,0,279
4064,320862,edge,0,0.5800,0,280
4065,320944,edge,0,0.5700,0,281
4066,321025,edge,0,0.5700,0,282
4067,321110,edge,1,0.5700,0,283
4068,321205,edge,1,0.5700,0,284
4069,321293,edge,1,0.5700,0,285
4070,321343,edge,0,0.5600,0,286
4071,321398,edge,1,0.5700,0,287
4072,321471,edge,1,0.5700,0,288
4073,321519,edge,0,0.5600,0,289
4074,321568,edge,0,0.5600,0,290
4075,321650,edge,0,0.5600,0,291
4076,321699,edge,1,0.5600,0,292
4077,321750,edge,1,0.5700,0,293
4078,321870,edge,1,0.5700,0,294
4079,321914,edge,0,0.5600,0,295
4080,321961,edge,0,0.5500,0,296
4081,322010,edge,0,0.5400,0,297
4082,322072,edge,1,0.5400,0,298
4083,322146,edge,1,0.5400,0,299
4084,322229,edge,1,0.5500,0,300
4085,322310,edge,0,0.5500,0,301
4086,322354,edge,0,0.5500,0,302
4087,322420,edge,1,0.5500,0,303
4088,322473,edge,0,0.5400,0,304
4089,322623,edge,1,0.5400,0,305
4090,322678,edge,1,0.5400,0,306
4091,322808,edge,0,0.5300,0,307
4092,322864,edge,1,0.5400,0,308
4093,322934,edge,1,0.5400,0,309
4094,323010,edge,1,0.5500,0,310
4095,323074,edge,1,0.5500,0,311
4096,323153,edge,1,0.5500,0,312
4097,323230,edge,1,0.5600,0,313
4098,323307,edge,1,0.5700,0,314
4099,323370,edge,0,0.5600,0,315
4100,323444,edge,1,0.5600,0,316
4101,323506,edge,1,0.5600,0,317
4102,323577,edge,1,0.5600,0,318
4103,323648,edge,1,0.5700,0,319
4104,323717,edge,1,0.5800,0,320
4105,323791,edge,1,0.5800,0,321
4106,323879,edge,0,0.5700,0,322
4107,323925,edge,0,0.5600,0,323
4108,323998,edge,1,0.5600,0,324
4109,324048,edge,0,0.5500,0,325
4110,324134,edge,1,0.5600,0,326
4111,324189,edge,1,0.5700,0,327
4112,324265,edge,0,0.5600,0,328
4113,324348,edge,1,0.5700,0,329
4114,324454,edge,1,0.5800,0,330
4115,324518,edge,1,0.5800,0,331
4116,324603,edge,1,0.5800,0,332
4117,324684,edge,1,0.5900,0,333
4118,324730,edge,0,0.5900,0,334
4119,324792,edge,1,0.5900,0,335
4120,324841,edge,0,0.5900,0,336
4121,324886,edge,0,0.5800,0,337
4122,324941,edge,1,0.5800,0,338
4123,324997,edge,0,0.5700,0,339
4124,325057,edge,1,0.5700,0,340
4125,325142,edge,1,0.5700,0,341
4126,325194,edge,0,0.5700,0,342
4127,325269,edge,1,0.5700,0,343
4128,325340,edge,1,0.5800,0,344
4129,325406,edge,1,0.5800,0,345
4130,325453,edge,0,0.5700,0,346
4131,325503,edge,1,0.5800,0,347
4132,325555,edge,0,0.5800,0,348
4133,325608,edge,0,0.5700,0,349
4134,325694,edge,1,0.5800,0,350
4135,325769,edge,1,0.5900,0,351
4136,325825,edge,1,0.5900,0,352
4137,325884,edge,1,0.6000,0,353
4138,325961,edge,1,0.6000,0,354
4139,326032,edge,1,0.6100,0,355
4140,326113,edge,0,0.6000,0,356
4141,326194,edge,0,0.6000,0,357
4142,326273,edge,1,0.6000,0,358
4143,326338,edge,1,0.6100,0,359
4144,326390,edge,0,0.6000,0,360
4145,326558,edge,1,0.6000,0,361
4146,326602,edge,0,0.6000,0,362
4147,326663,edge,1,0.6000,0,363
4148,326714,edge,1,0.6000,0,364
4149,326796,edge,0,0.5900,0,365
4150,326970,edge,0,0.5800,0,366
4151,327038,edge,1,0.5900,0,367
4152,327105,edge,1,0.6000,0,368
4153,327148,edge,0,0.6000,0,369
4154,327213,edge,1,0.6100,0,370
4155,327297,edge,0,0.6100,0,371
4156,327364,edge,1,0.6100,0,372
4157,327420,edge,1,0.6100,0,373
4158,327495,edge,1,0.6200,0,374
4159,327557,edge,1,0.6200,0,375
4160,327624,edge,1,0.6300,0,376
4161,327731,edge,1,0.6400,0,377
4162,327805,edge,1,0.6500,0,378
4163,327850,edge,0,0.6400,0,379
4164,327913,edge,1,0.6500,0,380
4165,327966,edge,1,0.6600,0,381
4166,328016,edge,0,0.6600,0,382
4167,328087,edge,1,0.6600,0,383
4168,328158,edge,1,0.6600,0,384
4169,328217,edge,1,0.6600,0,385
4170,328264,edge,0,0.6600,0,386
4171,328313,edge,0,0.6500,0,387
4172,328374,edge,1,0.6500,0,388
4173,328420,edge,0,0.6500,0,389
4174,328483,edge,1,0.6600,0,390
4175,328534,edge,0,0.6600,0,391
4176,328580,edge,0,0.6500,0,392
4177,328634,edge,0,0.6400,0,393
4178,328694,edge,1,0.6400,0,394
4179,328758,edge,1,0.6500,0,395
4180,328833,edge,1,0.6600,0,396
4181,328908,edge,1,0.6700,0,397
4182,328974,edge,1,0.6700,0,398
4183,329053,edge,1,0.6700,0,399
4184,329120,edge,1,0.6700,0,400
4185,329167,edge,0,0.6700,0,401
4186,329234,edge,1,0.6800,0,402
4187,329298,edge,1,0.6800,0,403
4188,329369,edge,1,0.6900,0,404
4189,329425,edge,1,0.6900,0,405
4190,329566,edge,0,0.6800,0,406
4191,329619,edge,1,0.6900,0,407
4192,329698,edge,1,0.6900,0,408
4193,329747,edge,0,0.6800,0,409
4194,329792,edge,0,0.6700,0,410
4195,329860,edge,1,0.6700,0,411
4196,329918,edge,1,0.6700,0,412
4197,329970,edge,1,0.6700,0,413
4198,330044,edge,1,0.6700,0,414
4199,330094,edge,0,0.6700,0,415
4200,330150,edge,0,0.6600,0,416
4201,330204,edge,0,0.6500,0,417
4202,330271,edge,1,0.6500,0,418
4203,330327,edge,1,0.6500,0,419
4204,330380,edge,1,0.6500,0,420
4205,330449,edge,1,0.6500,0,421
4206,330613,edge,1,0.6600,0,422
4207,330674,edge,1,0.6700,0,423
4208,330722,edge,1,0.6700,0,424
4209,330855,edge,1,0.6800,0,425
4210,330933,edge,1,0.6800,0,426
4211,330980,edge,0,0.6700,0,427
4212,331047,edge,1,0.6800,0,428
4213,331120,edge,1,0.6800,0,429
4214,331174,edge,1,0.6800,0,430
4215,331221,edge,0,0.6700,0,431
4216,331375,edge,1,0.6700,0,432
4217,331441,edge,1,0.6700,0,433
4218,331499,edge,1,0.6800,0,434
4219,331572,edge,1,0.6800,0,435
4220,331624,edge,0,0.6800,0,436
4221,331690,edge,1,0.6900,0,437
4222,331750,edge,1,0.6900,0,438
4223,331833,edge,1,0.7000,0,439
4224,331906,edge,1,0.7000,0,440
4225,331977,edge,1,0.7000,0,441
4226,332046,edge,1,0.7100,0,442
4227,332107,edge,1,0.7100,0,443
4228,332153,edge,0,0.7000,0,444
4229,332234,edge,1,0.7000,0,445
4230,332312,edge,1,0.7100,0,446
4231,332364,edge,1,0.7100,0,447
4232,332433,edge,1,0.7200,0,448
4233,332491,edge,1,0.7300,0,449
4234,332553,edge,1,0.7300,0,450
4235,332625,edge,1,0.7300,0,451
4236,332732,edge,1,0.7300,0,452
4237,332808,edge,1,0.7300,0,453
4238,332883,edge,1,0.7300,0,454
4239,332941,edge,1,0.7300,0,455
4240,333018,edge,1,0.7400,0,456
4241,333110,edge,1,0.7500,0,457
4242,333178,edge,0,0.7400,0,458
4243,333229,edge,0,0.7300,0,459
4244,333296,edge,1,0.7400,0,460
4245,333360,edge,1,0.7400,0,461
4246,333413,edge,0,0.7400,0,462
4247,333469,edge,1,0.7400,0,463
4248,333524,edge,1,0.7400,0,464
4249,333606,edge,0,0.7400,0,465
4250,333667,edge,1,0.7500,0,466
4251,333740,edge,1,0.7500,0,467
4252,333790,edge,1,0.7500,0,468
4253,333849,edge,1,0.7600,0,469
4254,333964,edge,0,0.7500,0,470
4255,334010,edge,0,0.7500,0,471
4256,334090,edge,1,0.7500,0,472
4257,334139,edge,0,0.7400,0,473
4258,334265,edge,0,0.7300,0,474
4259,334310,edge,0,0.7200,0,475
4260,334358,edge,0,0.7100,0,476
4261,334409,edge,0,0.7000,0,477
4262,334459,edge,0,0.6900,0,478
4263,334531,edge,1,0.7000,0,479
4264,334583,edge,1,0.7000,0,480
4265,334629,edge,0,0.6900,0,481
4266,334679,edge,0,0.6900,0,482
4267,334744,edge,1,0.6900,0,483
4268,334826,edge,1,0.6900,0,484
4269,334913,edge,1,0.6900,0,485
4270,334986,edge,1,0.7000,0,486
4271,335135,edge,1,0.7100,0,487
4272,335232,edge,1,0.7100,0,488
4273,335277,edge,1,0.7200,0,489
4274,335327,edge,0,0.7100,0,490
4275,335373,edge,0,0.7100,0,491
4276,335434,edge,1,0.7200,0,492
4277,335502,edge,1,0.7300,0,493
4278,335591,edge,1,0.7300,0,494
4279,335664,edge,1,0.7300,0,495
4280,335731,edge,1,0.7300,0,496
4281,335806,edge,1,0.7300,0,497
4282,335907,edge,1,0.7300,0,498
4283,335974,edge,1,0.7300,0,499
4284,336222,edge,1,0.7300,0,500
4285,336300,edge,1,0.7400,0,501
4286,336372,edge,1,0.7400,0,502
4287,336452,edge,1,0.7400,0,503
4288,336522,edge,1,0.7400,0,504
4289,336599,edge,1,0.7400,0,505
4290,336666,edge,1,0.7500,0,506
4291,336737,edge,1,0.7500,0,507
4292,336818,edge,0,0.7400,0,508
4293,336899,edge,0,0.7400,0,509
4294,336966,edge,1,0.7500,0,510
4295,337039,edge,1,0.7500,0,511
4296,337097,edge,1,0.7500,0,512
4297,337185,edge,1,0.7500,0,513
4298,337266,edge,0,0.7400,0,514
4299,337316,edge,1,0.7500,0,515
4300,337376,edge,1,0.7600,0,516
4301,337428,edge,0,0.7600,0,517
4302,337568,edge,1,0.7600,0,518
4303,337630,edge,1,0.7600,0,519
4304,337706,edge,1,0.7600,0,520
4305,337765,edge,1,0.7600,0,521
4306,337832,edge,1,0.7600,0,522
4307,337956,edge,1,0.7600,0,523
4308,338008,edge,1,0.7600,0,524
4309,338085,edge,1,0.7600,0,525
4310,338141,edge,1,0.7600,0,526
4311,338233,edge,1,0.7700,0,527
4312,338284,edge,0,0.7600,0,528
4313,338339,edge,1,0.7600,0,529
4314,338418,edge,1,0.7600,0,530
4315,338486,edge,1,0.7700,0,531
4316,338561,edge,1,0.7700,0,532
4317,338628,edge,1,0.7700,0,533
4318,338677,edge,0,0.7600,0,534
4319,338748,edge,1,0.7600,0,535
4320,338811,edge,1,0.7700,0,536
4321,338873,edge,1,0.7700,0,537
4322,338935,edge,1,0.7700,0,538
4323,338988,edge,1,0.7700,0,539
4324,339054,edge,1,0.7700,0,540
4325,339098,edge,0,0.7600,0,541
4326,339152,edge,1,0.7600,0,542
4327,339240,edge,1,0.7600,0,543
4328,339307,edge,1,0.7700,0,544
4329,339351,edge,0,0.7600,0,545
4330,339438,edge,0,0.7500,0,546
4331,339521,edge,0,0.7400,0,547
4332,339575,edge,0,0.7300,0,548
4333,339628,edge,1,0.7300,0,549
4334,339758,edge,1,0.7300,0,550
4335,339839,edge,0,0.7200,0,551
4336,339962,edge,0,0.7100,0,552
4337,340033,edge,1,0.7100,0,553
4338,340077,edge,0,0.7000,0,554
4339,340238,edge,1,0.7000,0,555
4340,340313,edge,1,0.7000,0,556
4341,340377,edge,1,0.7000,0,557
4342,340450,edge,1,0.7100,0,558
4343,340497,edge,0,0.7100,0,559
4344,340564,edge,1,0.7100,0,560
4345,340616,edge,0,0.7000,0,561
4346,340700,edge,0,0.7000,0,562
4347,340751,edge,1,0.7000,0,563
4348,340839,edge,1,0.7000,0,564
4349,340904,edge,1,0.7100,0,565
4350,340966,edge,1,0.7100,0,566
4351,341055,edge,1,0.7100,0,567
4352,341103,edge,0,0.7000,0,568
4353,341166,edge,1,0.7000,0,569
4354,341221,edge,1,0.7100,0,570
4355,341283,edge,1,0.7200,0,571
4356,341343,edge,1,0.7200,0,572
4357,341393,edge,0,0.7200,0,573
4358,341457,edge,1,0.7300,0,574
4359,341505,edge,1,0.7400,0,575
4360,341574,edge,1,0.7500,0,576
4361,341647,edge,1,0.7600,0,577
4362,341690,edge,0,0.7600,0,578
4363,341774,edge,1,0.7600,0,579
4364,341855,edge,1,0.7600,0,580
4365,341935,edge,1,0.7700,0,581
4366,342005,edge,1,0.7800,0,582
4367,342051,edge,0,0.7700,0,583
4368,342144,edge,1,0.7700,0,584
4369,342186,edge,0,0.7600,0,585
4370,342245,edge,1,0.7600,0,586
4371,342309,edge,1,0.7600,0,587
4372,342391,edge,1,0.7600,0,588
4373,342471,edge,1,0.7600,0,589
4374,342542,edge,1,0.7700,0,590
4375,342622,edge,1,0.7800,0,591
4376,342673,edge,0,0.7700,0,592
4377,342748,edge,1,0.7700,0,593
4378,342798,edge,0,0.7600,0,594
4379,342872,edge,1,0.7600,0,595
4380,342926,edge,1,0.7600,0,596
4381,342972,edge,0,0.7500,0,597
4382,343036,edge,1,0.7500,0,598
4383,343108,edge,1,0.7500,0,599
4384,343159,edge,1,0.7500,0,600
4385,343208,edge,1,0.7500,0,601
4386,343279,edge,1,0.7500,0,602
4387,343376,edge,0,0.7400,0,603
4388,343484,edge,1,0.7400,0,604
4389,343642,edge,1,0.7400,0,605
4390,343709,edge,1,0.7400,0,606
4391,343758,edge,1,0.7400,0,607
4392,343819,edge,1,0.7500,0,608
4393,343871,edge,1,0.7600,0,609
4394,343924,edge,0,0.7500,0,610
4395,343969,edge,0,0.7400,0,611
4396,344029,edge,1,0.7400,0,612
4397,344080,edge,0,0.7300,0,613
4398,344134,edge,0,0.7300,0,614
4399,344229,edge,1,0.7300,0,615
4400,344297,edge,1,0.7300,0,616
4401,344373,edge,1,0.7400,0,617
4402,344470,edge,1,0.7400,0,618
4403,344527,edge,0,0.7300,0,619
4404,344606,edge,1,0.7300,0,620
4405,344671,edge,1,0.7300,0,621
4406,344739,edge,1,0.7300,0,622
4407,344806,edge,1,0.7300,0,623
4408,344891,edge,1,0.7300,0,624
4409,344948,edge,1,0.7300,0,625
4410,345043,edge,1,0.7300,0,626
4411,345098,edge,1,0.7300,0,627
4412,345142,edge,0,0.7300,0,628
4413,345193,edge,0,0.7200,0,629
4414,345256,edge,1,0.7200,0,630
4415,345309,edge,0,0.7100,0,631
4416,345364,edge,1,0.7100,0,632
4417,345451,edge,1,0.7100,0,633
4418,345514,edge,1,0.7200,0,634
4419,345574,edge,1,0.7200,0,635
4420,345625,edge,0,0.7100,0,636
4421,345705,edge,1,0.7100,0,637
4422,345796,edge,1,0.7100,0,638
4423,345936,edge,1,0.7100,0,639
4424,345990,edge,1,0.7100,0,640
4425,346050,edge,1,0.7200,0,641
4426,346114,edge,1,0.7200,0,642
4427,346169,edge,1,0.7200,0,643
4428,346214,edge,0,0.7100,0,644
4429,346295,edge,0,0.7100,0,645
4430,346362,edge,1,0.7200,0,646
4431,346434,edge,1,0.7300,0,647
4432,346507,edge,1,0.7400,0,648
4433,346584,edge,1,0.7400,0,649
4434,346628,edge,0,0.7300,0,650
4435,346687,edge,1,0.7400,0,651
4436,346733,edge,0,0.7400,0,652
4437,346794,edge,1,0.7400,0,653
4438,346866,edge,1,0.7500,0,654
4439,346942,edge,1,0.7500,0,655
4440,346998,edge,1,0.7500,0,656
4441,347214,edge,1,0.7500,0,657
4442,347283,edge,1,0.7500,0,658
4443,347337,edge,1,0.7600,0,659
4444,347384,edge,0,0.7500,0,660
4445,347459,edge,1,0.7600,0,661
4446,347551,edge,1,0.7700,0,662
4447,347623,edge,1,0.7700,0,663
4448,347697,edge,1,0.7700,0,664
4449,347771,edge,1,0.7700,0,665
4450,347814,edge,0,0.7600,0,666
4451,347887,edge,1,0.7600,0,667
4452,347944,edge,1,0.7700,0,668
4453,348036,edge,1,0.7700,0,669
4454,348185,edge,0,0.7600,0,670
4455,348250,edge,1,0.7600,0,671
4456,348308,edge,1,0.7600,0,672
4457,348375,edge,1,0.7700,0,673
4458,348453,edge,1,0.7700,0,674
4459,348517,edge,1,0.7700,0,675
4460,348571,edge,0,0.7600,0,676
4461,348617,edge,0,0.7500,0,677
4462,348675,edge,1,0.7600,0,678
4463,348729,edge,0,0.7500,0,679
4464,348789,edge,1,0.7500,0,680
4465,348860,edge,1,0.7500,0,681
4466,348938,edge,1,0.7500,0,682
4467,349003,edge,1,0.7600,0,683
4468,349076,edge,1,0.7600,0,684
4469,349150,edge,1,0.7700,0,685
4470,349228,edge,1,0.7700,0,686
4471,349296,edge,1,0.7700,0,687
4472,349363,edge,1,0.7700,0,688
4473,349429,edge,1,0.7700,0,689
4474,349491,edge,1,0.7700,0,690
4475,349575,edge,0,0.7600,0,691
4476,349659,edge,0,0.7600,0,692
4477,349715,edge,1,0.7600,0,693
4478,349792,edge,1,0.7700,0,694
4479,349845,edge,0,0.7600,0,695
4480,349914,edge,1,0.7600,0,696
4481,349963,edge,0,0.7600,0,697
4482,350006,edge,0,0.7500,0,698
4483,350055,edge,1,0.7500,0,699
4484,350132,edge,1,0.7500,0,700
4485,350201,edge,1,0.7500,0,701
4486,350270,edge,1,0.7500,0,702
4487,350325,edge,1,0.7600,0,703
4488,350375,edge,0,0.7500,0,704
4489,350467,edge,1,0.7500,0,705
4490,350544,edge,1,0.7500,0,706
4491,350596,edge,1,0.7500,0,707
4492,350669,edge,1,0.7500,0,708
4493,350746,edge,1,0.7500,0,709
4494,350810,edge,1,0.7600,0,710
4495,350862,edge,1,0.7700,0,711
4496,350928,edge,1,0.7700,0,712
4497,350987,edge,1,0.7800,0,713
4498,351140,edge,1,0.7900,0,714
4499,351205,edge,1,0.7900,0,715
4500,351302,edge,1,0.7900,0,716
4501,351366,edge,1,0.7900,0,717
4502,351437,edge,1,0.7900,0,718
4503,351490,edge,0,0.7900,0,719
4504,351555,edge,1,0.7900,0,720
4505,351615,edge,1,0.7900,0,721
4506,351679,edge,1,0.7900,0,722
4507,351760,edge,0,0.7800,0,723
4508,351944,edge,1,0.7800,0,724
4509,352021,edge,1,0.7800,0,725
4510,352103,edge,1,0.7800,0,726
4511,352180,edge,1,0.7800,0,727
4512,352223,edge,0,0.7800,0,728
4513,352295,edge,1,0.7900,0,729
4514,352347,edge,1,0.7900,0,730
4515,352424,edge,1,0.8000,0,731
4516,352488,edge,1,0.8000,0,732
4517,352547,edge,1,0.8000,0,733
4518,352623,edge,1,0.8000,0,734
4519,352694,edge,1,0.8000,0,735
4520,352833,edge,1,0.8100,0,736
4521,352916,edge,1,0.8100,0,737
4522,352999,edge,1,0.8100,0,738
4523,353059,edge,1,0.8100,0,739
4524,353110,edge,1,0.8100,0,740
4525,353170,edge,1,0.8100,0,741
4526,353242,edge,1,0.8100,0,742
4527,353327,edge,1,0.8100,0,743
4528,353389,edge,1,0.8200,0,744
4529,353470,edge,1,0.8300,0,745
4530,353518,edge,0,0.8200,0,746
4531,353610,edge,1,0.8200,0,747
4532,353695,edge,1,0.8200,0,748
4533,353753,edge,1,0.8200,0,749
4534,353806,edge,1,0.8300,0,750
4535,353881,edge,1,0.8300,0,751
4536,353928,edge,0,0.8300,0,752
4537,353983,edge,0,0.8200,0,753
4538,354043,edge,1,0.8200,0,754
4539,354089,edge,0,0.8100,0,755
4540,354132,edge,0,0.8000,0,756
4541,354214,edge,0,0.7900,0,757
4542,354267,edge,0,0.7800,0,758
4543,354334,edge,1,0.7800,0,759
4544,354381,edge,0,0.7800,0,760
4545,354464,edge,1,0.7800,0,761
4546,354513,edge,1,0.7800,0,762
4547,354587,edge,1,0.7800,0,763
4548,354653,edge,1,0.7800,0,764
4549,354703,edge,0,0.7700,0,765
4550,354763,edge,1,0.7800,0,766
4551,354811,edge,0,0.7700,0,767
4552,354860,edge,0,0.7600,0,768
4553,354928,edge,1,0.7600,0,769
4554,355036,edge,0,0.7600,0,770
4555,355110,edge,1,0.7600,0,771
4556,355157,edge,0,0.7500,0,772
4557,355211,edge,1,0.7500,0,773
4558,355264,edge,1,0.7500,0,774
4559,355329,edge,0,0.7400,0,775
4560,355382,edge,1,0.7500,0,776
4561,355453,edge,1,0.7600,0,777
4562,355588,edge,0,0.7500,0,778
4563,355641,edge,0,0.7500,0,779
4564,355743,edge,1,0.7500,0,780
4565,355789,edge,0,0.7400,0,781
4566,355842,edge,1,0.7400,0,782
4567,355897,edge,1,0.7400,0,783
4568,355988,edge,0,0.7300,0,784
4569,356065,edge,1,0.7300,0,785
4570,356112,edge,1,0.7300,0,786
4571,356164,edge,1,0.7300,0,787
4572,356207,edge,0,0.7200,0,788
4573,356269,edge,1,0.7200,0,789
4574,356342,edge,0,0.7100,0,790
4575,356411,edge,1,0.7200,0,791
4576,356495,edge,0,0.7200,0,792
4577,356586,edge,1,0.7200,0,793
4578,356651,edge,1,0.7200,0,794
4579,356723,edge,1,0.7300,0,795
4580,356806,edge,1,0.7300,0,796
4581,356896,edge,1,0.7400,0,797
4582,356970,edge,1,0.7500,0,798
4583,357045,edge,1,0.7500,0,799
4584,357096,edge,1,0.7500,0,800
4585,357170,edge,1,0.7500,0,801
4586,357225,edge,1,0.7500,0,802
4587,357279,edge,1,0.7500,0,803
4588,357346,edge,1,0.7600,0,804
4589,357423,edge,1,0.7600,0,805
4590,357499,edge,1,0.7600,0,806
4591,357574,edge,1,0.7600,0,807
4592,357646,edge,1,0.7600,0,808
4593,357713,edge,1,0.7600,0,809
4594,357781,edge,1,0.7600,0,810
4595,357849,edge,1,0.7600,0,811
4596,357906,edge,1,0.7600,0,812
4597,357957,edge,0,0.7500,0,813
4598,358038,edge,0,0.7400,0,814
4599,358108,edge,1,0.7400,0,815
4600,358156,edge,0,0.7300,0,816
4601,358214,edge,1,0.7300,0,817
4602,358264,edge,0,0.7200,0,818
4603,358309,edge,0,0.7200,0,819
4604,358356,edge,0,0.7100,0,820
4605,358444,edge,1,0.7100,0,821
4606,358507,edge,1,0.7100,0,822
4607,358593,edge,1,0.7200,0,823
4608,358644,edge,0,0.7100,0,824
4609,358727,edge,0,0.7000,0,825
4610,358777,edge,0,0.6900,0,826
4611,358830,edge,0,0.6800,0,827
4612,358917,edge,1,0.6900,0,828
4613,358961,edge,0,0.6800,0,829
4614,359045,edge,1,0.6800,0,830
4615,359088,edge,0,0.6700,0,831
4616,359174,edge,1,0.6700,0,832
4617,359259,edge,0,0.6600,0,833
4618,359311,edge,1,0.6600,0,834
4619,359393,edge,0,0.6500,0,835
4620,359455,edge,0,0.6400,0,836
4621,359518,edge,1,0.6400,0,837
4622,359582,edge,1,0.6400,0,838
4623,359663,edge,0,0.6300,0,839
4624,359745,edge,0,0.6200,0,840
4625,359810,edge,1,0.6200,0,841
4626,359865,edge,1,0.6200,0,842
4627,359911,edge,1,0.6200,0,843
4628,359998,edge,1,0.6200,0,844
4629,360157,edge,1,0.6200,0,845
4630,360207,edge,0,0.6200,0,846
4631,360299,edge,1,0.6200,0,847
4632,360371,edge,1,0.6200,0,848
4633,360433,edge,1,0.6200,0,849
4634,360506,edge,1,0.6200,0,850
4635,360569,edge,1,0.6200,0,851
4636,360680,edge,1,0.6300,0,852
4637,360760,edge,1,0.6400,0,853
4638,360851,edge,1,0.6400,0,854
4639,360909,edge,1,0.6500,0,855
4640,360988,edge,1,0.6600,0,856
4641,361055,edge,1,0.6700,0,857
4642,361099,edge,0,0.6700,0,858
4643,361144,edge,0,0.6600,0,859
4644,361197,edge,1,0.6700,0,860
4645,361242,edge,0,0.6600,0,861
4646,361398,edge,0,0.6500,0,862
4647,361482,edge,1,0.6500,0,863
4648,361542,edge,1,0.6500,0,864
4649,361593,edge,1,0.6600,0,865
4650,361665,edge,1,0.6600,0,866
4651,361736,edge,1,0.6700,0,867
4652,361833,edge,1,0.6800,0,868
4653,361970,edge,0,0.6700,0,869
4654,362031,edge,1,0.6800,0,870
4655,362081,edge,0,0.6700,0,871
4656,362126,edge,0,0.6700,0,872
4657,362201,edge,1,0.6700,0,873
4658,362245,edge,0,0.6600,0,874
4659,362291,edge,1,0.6700,0,875
4660,362366,edge,1,0.6700,0,876
4661,362423,edge,1,0.6700,0,877
4662,362512,edge,1,0.6800,0,878
4663,362558,edge,0,0.6800,0,879
4664,362619,edge,1,0.6800,0,880
4665,362703,edge,1,0.6900,0,881
4666,362868,edge,0,0.6800,0,882
4667,362949,edge,0,0.6700,0,883
4668,362995,edge,0,0.6700,0,884
4669,363067,edge,1,0.6700,0,885
4670,363119,edge,1,0.6700,0,886
4671,363248,edge,0,0.6600,0,887
4672,363298,edge,0,0.6600,0,888
4673,363384,edge,1,0.6600,0,889
4674,363431,edge,0,0.6600,0,890
4675,363497,edge,1,0.6600,0,891
4676,363565,edge,1,0.6700,0,892
4677,363629,edge,1,0.6700,0,893
4678,363690,edge,1,0.6700,0,894
4679,363744,edge,0,0.6600,0,895
4680,363822,edge,1,0.6600,0,896
4681,363898,edge,1,0.6600,0,897
4682,363947,edge,0,0.6500,0,898
4683,364016,edge,1,0.6500,0,899
4684,364072,edge,1,0.6500,0,900
4685,364117,edge,0,0.6400,0,901
4686,364204,edge,0,0.6300,0,902
4687,364266,edge,1,0.6300,0,903
4688,364326,edge,1,0.6300,0,904
4689,364371,edge,1,0.6300,0,905
4690,364426,edge,0,0.6200,0,906
4691,364500,edge,1,0.6200,0,907
4692,364561,edge,1,0.6200,0,908
4693,364634,edge,1,0.6200,0,909
4694,364701,edge,1,0.6200,0,910
4695,364769,edge,1,0.6200,0,911
4696,364857,edge,1,0.6200,0,912
4697,364950,edge,1,0.6300,0,913
4698,365002,edge,1,0.6400,0,914
4699,365060,edge,0,0.6300,0,915
4700,365125,edge,1,0.6400,0,916
4701,365174,edge,0,0.6300,0,917
4702,365223,edge,1,0.6400,0,918
4703,365290,edge,1,0.6500,0,919
4704,365359,edge,1,0.6600,0,920
4705,365404,edge,0,0.6500,0,921
4706,365526,edge,0,0.6400,0,922
4707,365588,edge,0,0.6300,0,923
4708,365646,edge,1,0.6400,0,924
4709,365699,edge,0,0.6400,0,925
4710,365776,edge,1,0.6500,0,926
4711,365835,edge,1,0.6600,0,927
4712,365919,edge,1,0.6600,0,928
4713,365989,edge,1,0.6700,0,929
4714,366038,edge,0,0.6600,0,930
4715,366104,edge,1,0.6700,0,931
4716,366155,edge,1,0.6700,0,932
4717,366207,edge,1,0.6800,0,933
4718,366256,edge,0,0.6700,0,934
4719,366303,edge,0,0.6700,0,935
4720,366362,edge,0,0.6700,0,936
4721,366412,edge,0,0.6600,0,937
4722,366461,edge,0,0.6500,0,938
4723,366532,edge,1,0.6600,0,939
4724,366591,edge,1,0.6700,0,940
4725,366678,edge,1,0.6700,0,941
4726,366739,edge,1,0.6700,0,942
4727,366824,edge,1,0.6700,0,943
4728,366874,edge,1,0.6700,0,944
4729,366929,edge,1,0.6700,0,945
4730,366980,edge,1,0.6800,0,946
4731,367029,edge,1,0.6800,0,947
4732,367079,edge,0,0.6700,0,948
4733,367130,edge,0,0.6600,0,949
4734,367214,edge,1,0.6600,0,950
4735,367272,edge,1,0.6600,0,951
4736,367328,edge,1,0.6600,0,952
4737,367407,edge,1,0.6600,0,953
4738,367484,edge,1,0.6600,0,954
4739,367529,edge,0,0.6500,0,955
4740,367602,edge,0,0.6400,0,956
4741,367684,edge,0,0.6300,0,957
4742,367774,edge,0,0.6300,0,958
4743,367854,edge,1,0.6400,0,959
4744,367921,edge,1,0.6400,0,960
4745,367987,edge,1,0.6500,0,961
4746,368053,edge,1,0.6600,0,962
4747,368127,edge,1,0.6600,0,963
4748,368192,edge,1,0.6600,0,964
4749,368237,edge,0,0.6500,0,965
4750,368315,edge,1,0.6500,0,966
4751,368378,edge,1,0.6500,0,967
4752,368428,edge,0,0.6400,0,968
4753,368496,edge,1,0.6500,0,969
4754,368560,edge,1,0.6500,0,970
4755,368617,edge,1,0.6600,0,971
4756,368669,edge,1,0.6700,0,972
4757,368734,edge,1,0.6700,0,973
4758,368789,edge,0,0.6700,0,974
4759,368905,edge,1,0.6700,0,975
4760,368974,edge,1,0.6700,0,976
4761,369064,edge,1,0.6700,0,977
4762,369116,edge,0,0.6600,0,978
4763,369161,edge,0,0.6600,0,979
4764,369230,edge,1,0.6600,0,980
4765,369302,edge,1,0.6600,0,981
4766,369350,edge,0,0.6600,0,982
4767,369513,edge,1,0.6700,0,983
4768,369591,edge,1,0.6800,0,984
4769,369658,edge,1,0.6800,0,985
4770,369762,edge,0,0.6700,0,986
4771,369867,edge,1,0.6800,0,987
4772,369953,edge,0,0.6800,0,988
4773,370034,edge,1,0.6800,0,989
4774,370282,edge,0,0.6800,0,990
4775,370338,edge,1,0.6800,0,991
4776,370385,edge,0,0.6700,0,992
4777,370431,edge,1,0.6700,0,993
4778,370565,edge,1,0.6700,0,994
4779,370638,edge,1,0.6800,0,995
4780,370692,edge,0,0.6700,0,996
4781,370772,edge,1,0.6700,0,997
4782,370832,edge,0,0.6700,0,998
4783,370879,edge,0,0.6600,0,999
4784,370953,edge,1,0.6600,0,1000
4785,371031,edge,1,0.6700,0,1001
4786,371096,edge,1,0.6800,0,1002
4787,371179,edge,1,0.6800,0,1003
4788,371261,edge,0,0.6700,0,1004
4789,371328,edge,1,0.6700,0,1005
4790,371374,edge,0,0.6700,0,1006
4791,371416,edge,0,0.6600,0,1007
4792,371463,edge,1,0.6600,0,1008
4793,371539,edge,1,0.6600,0,1009
4794,371608,edge,1,0.6600,0,1010
4795,371660,edge,1,0.6600,0,1011
4796,371725,edge,1,0.6600,0,1012
4797,371773,edge,0,0.6500,0,1013
4798,371851,edge,1,0.6500,0,1014
4799,371920,edge,1,0.6600,0,1015
4800,372005,edge,1,0.6600,0,1016
4801,372072,edge,1,0.6700,0,1017
4802,372177,edge,1,0.6700,0,1018
4803,372232,edge,1,0.6700,0,1019
4804,372282,edge,0,0.6600,0,1020
4805,372366,edge,1,0.6700,0,1021
4806,372440,edge,1,0.6800,0,1022
4807,372558,edge,1,0.6900,0,1023
4808,372637,edge,1,0.6900,0,1024
4809,372682,edge,0,0.6900,0,1025
4810,372735,edge,1,0.6900,0,1026
4811,372817,edge,0,0.6800,0,1027
4812,372873,edge,1,0.6800,0,1028
4813,372933,edge,1,0.6800,0,1029
4814,373031,edge,0,0.6800,0,1030
4815,373115,edge,0,0.6700,0,1031
4816,373167,edge,1,0.6700,0,1032
4817,373211,edge,0,0.6600,0,1033
4818,373262,edge,0,0.6600,0,1034
4819,373383,edge,1,0.6700,0,1035
4820,373427,edge,0,0.6700,0,1036
4821,373566,edge,1,0.6800,0,1037
4822,373730,edge,1,0.6900,0,1038
4823,373778,edge,1,0.6900,0,1039
4824,373831,edge,0,0.6800,0,1040
4825,373886,edge,1,0.6800,0,1041
4826,373948,edge,1,0.6800,0,1042
4827,374047,edge,1,0.6800,0,1043
4828,374118,edge,1,0.6800,0,1044
4829,374172,edge,1,0.6800,0,1045
4830,374215,edge,0,0.6700,0,1046
4831,374314,edge,1,0.6700,0,1047
4832,374391,edge,1,0.6800,0,1048
4833,374450,edge,1,0.6900,0,1049
4834,374500,edge,0,0.6800,0,1050
4835,374556,edge,1,0.6800,0,1051
4836,374718,edge,0,0.6700,0,1052
4837,374827,edge,1,0.6700,0,1053
4838,374890,edge,1,0.6700,0,1054
4839,374971,edge,0,0.6700,0,1055
4840,375032,edge,1,0.6800,0,1056
4841,375106,edge,1,0.6900,0,1057
4842,375190,edge,0,0.6900,0,1058
4843,375257,edge,1,0.6900,0,1059
4844,375339,edge,1,0.6900,0,1060
4845,375384,edge,0,0.6800,0,1061
4846,375482,edge,1,0.6800,0,1062
4847,375526,edge,0,0.6700,0,1063
4848,375652,edge,0,0.6600,0,1064
4849,375733,edge,1,0.6700,0,1065
4850,375814,edge,0,0.6600,0,1066
4851,375888,edge,1,0.6600,0,1067
4852,375958,edge,1,0.6700,0,1068
4853,376021,edge,1,0.6700,0,1069
4854,376072,edge,0,0.6600,0,1070
4855,376123,edge,0,0.6500,0,1071
4856,376172,edge,0,0.6400,0,1072
4857,376255,edge,1,0.6400,0,1073
4858,376315,edge,1,0.6500,0,1074
4859,376397,edge,0,0.6400,0,1075
4860,376558,edge,0,0.6300,0,1076
4861,376614,edge,1,0.6300,0,1077
4862,376662,edge,0,0.6300,0,1078
4863,376725,edge,1,0.6400,0,1079
4864,376809,edge,1,0.6400,0,1080
4865,376862,edge,1,0.6400,0,1081
4866,376943,edge,1,0.6500,0,1082
4867,376994,edge,0,0.6400,0,1083
4868,377064,edge,1,0.6400,0,1084
4869,377115,edge,0,0.6300,0,1085
4870,377189,edge,1,0.6400,0,1086
4871,377239,edge,0,0.6300,0,1087
4872,377286,edge,0,0.6300,0,1088
4873,377335,edge,0,0.6200,0,1089
4874,377398,edge,1,0.6300,0,1090
4875,377465,edge,1,0.6300,0,1091
4876,377530,edge,1,0.6400,0,1092
4877,377577,edge,0,0.6300,0,1093
4878,377653,edge,1,0.6300,0,1094
4879,377735,edge,1,0.6300,0,1095
4880,377798,edge,1,0.6400,0,1096
4881,377893,edge,1,0.6400,0,1097
4882,377943,edge,0,0.6400,0,1098
4883,378089,edge,0,0.6400,0,1099
4884,378141,edge,0,0.6300,0,1100
4885,378196,edge,1,0.6300,0,1101
4886,378257,edge,1,0.6300,0,1102
4887,378307,edge,1,0.6300,0,1103
4888,378353,edge,0,0.6300,0,1104
4889,378416,edge,1,0.6300,0,1105
4890,378549,edge,1,0.6400,0,1106
4891,378641,edge,0,0.6400,0,1107
4892,378696,edge,0,0.6300,0,1108
4893,378746,edge,0,0.6200,0,1109
4894,378804,edge,1,0.6200,0,1110
4895,378877,edge,1,0.6200,0,1111
4896,378959,edge,1,0.6200,0,1112
4897,379010,edge,1,0.6300,0,1113
4898,379108,edge,1,0.6300,0,1114
4899,379161,edge,0,0.6200,0,1115
4900,379226,edge,1,0.6200,0,1116
4901,379283,edge,1,0.6200,0,1117
4902,379343,edge,1,0.6200,0,1118
4903,379425,edge,1,0.6200,0,1119
4904,379474,edge,0,0.6200,0,1120
4905,379534,edge,1,0.6200,0,1121
4906,379588,edge,0,0.6100,0,1122
4907,379655,edge,1,0.6100,0,1123
4908,379700,edge,0,0.6000,0,1124
4909,379781,edge,0,0.6000,0,1125
4910,379844,edge,1,0.6000,0,1126
4911,379897,edge,0,0.6000,0,1127
4912,380038,edge,1,0.6000,0,1128
4913,380090,edge,1,0.6000,0,1129
4914,380149,edge,1,0.6100,0,1130
4915,380195,edge,0,0.6100,0,1131
4916,380244,edge,0,0.6000,0,1132
4917,380292,edge,0,0.6000,0,1133
4918,380344,edge,0,0.6000,0,1134
4919,380409,edge,1,0.6000,0,1135
4920,380490,edge,1,0.6100,0,1136
4921,380541,edge,1,0.6100,0,1137
4922,380587,edge,0,0.6000,0,1138
4923,380677,edge,1,0.6000,0,1139
4924,380729,edge,1,0.6100,0,1140
4925,380792,edge,1,0.6100,0,1141
4926,380869,edge,1,0.6100,0,1142
4927,380921,edge,1,0.6100,0,1143
4928,381006,edge,1,0.6100,0,1144
4929,381082,edge,1,0.6100,0,1145
4930,381132,edge,0,0.6100,0,1146
4931,381198,edge,1,0.6100,0,1147
4932,381369,edge,1,0.6100,0,1148
4933,381559,edge,1,0.6100,0,1149
4934,381619,edge,1,0.6200,0,1150
4935,381669,edge,0,0.6100,0,1151
4936,381752,edge,0,0.6100,0,1152
4937,381819,edge,1,0.6100,0,1153
4938,381895,edge,1,0.6100,0,1154
4939,381951,edge,1,0.6200,0,1155
4940,382037,edge,1,0.6200,0,1156
4941,382111,edge,1,0.6200,0,1157
4942,382185,edge,1,0.6300,0,1158
4943,382237,edge,0,0.6200,0,1159
4944,382303,edge,1,0.6200,0,1160
4945,382380,edge,1,0.6300,0,1161
4946,382495,edge,0,0.6200,0,1162
4947,382547,edge,0,0.6200,0,1163
4948,382738,edge,0,0.6200,0,1164
4949,382788,edge,1,0.6200,0,1165
4950,382831,edge,0,0.6200,0,1166
4951,382902,edge,1,0.6200,0,1167
4952,382948,edge,0,0.6100,0,1168
4953,382999,edge,1,0.6100,0,1169
4954,383080,edge,0,0.6100,0,1170
4955,383134,edge,0,0.6100,0,1171
4956,383190,edge,0,0.6100,0,1172
4957,383283,edge,0,0.6000,0,1173
4958,383339,edge,0,0.5900,0,1174
4959,383425,edge,1,0.6000,0,1175
4960,383519,edge,1,0.6100,0,1176
4961,383581,edge,1,0.6100,0,1177
4962,383633,edge,0,0.6100,0,1178
4963,383687,edge,1,0.6100,0,1179
4964,383762,edge,1,0.6100,0,1180
4965,383829,edge,1,0.6100,0,1181
4966,383901,edge,1,0.6100,0,1182
4967,383967,edge,1,0.6200,0,1183
4968,384061,edge,1,0.6200,0,1184
4969,384152,edge,1,0.6300,0,1185
4970,384202,edge,0,0.6200,0,1186
4971,384368,edge,1,0.6300,0,1187
4972,384415,edge,0,0.6300,0,1188
4973,384537,edge,1,0.6400,0,1189
4974,384627,edge,1,0.6400,0,1190
4975,384718,edge,0,0.6300,0,1191
4976,384777,edge,0,0.6200,0,1192
4977,384868,edge,1,0.6300,0,1193
4978,384924,edge,1,0.6300,0,1194
4979,384996,edge,1,0.6300,0,1195
4980,385047,edge,1,0.6300,0,1196
4981,385106,edge,1,0.6300,0,1197
4982,385174,edge,1,0.6400,0,1198
4983,385261,edge,1,0.6500,0,1199
4984,385311,edge,1,0.6600,0,1200
4985,385383,edge,1,0.6600,0,1201
4986,385429,edge,1,0.6600,0,1202
4987,385499,edge,1,0.6600,0,1203
4988,385556,edge,0,0.6600,0,1204
4989,385648,edge,0,0.6500,0,1205
4990,385700,edge,0,0.6400,0,1206
4991,385794,edge,0,0.6400,0,1207
4992,385844,edge,1,0.6500,0,1208
4993,385894,edge,0,0.6500,0,1209
4994,385946,edge,0,0.6400,0,1210
4995,386011,edge,1,0.6400,0,1211
4996,386077,edge,1,0.6400,0,1212
4997,386129,edge,0,0.6300,0,1213
4998,386208,edge,1,0.6300,0,1214
4999,386286,edge,1,0.6400,0,1215
5000,386438,edge,1,0.6400,0,1216
5001,386524,edge,0,0.6300,0,1217
5002,386573,edge,0,0.6200,0,1218
5003,386650,edge,1,0.6200,0,1219
5004,386704,edge,1,0.6300,0,1220
5005,386781,edge,1,0.6300,0,1221
5006,386863,edge,0,0.6300,0,1222
5007,386935,edge,1,0.6300,0,1223
5008,387001,edge,1,0.6400,0,1224
5009,387085,edge,1,0.6500,0,1225
5010,387128,edge,0,0.6400,0,1226
5011,387188,edge,1,0.6500,0,1227
5012,387267,edge,1,0.6500,0,1228
5013,387346,edge,1,0.6500,0,1229
5014,387403,edge,0,0.6400,0,1230
5015,387522,edge,1,0.6500,0,1231
5016,387573,edge,0,0.6500,0,1232
5017,387624,edge,0,0.6500,0,1233
5018,387703,edge,1,0.6600,0,1234
5019,387785,edge,0,0.6500,0,1235
5020,387867,edge,1,0.6500,0,1236
5021,387914,edge,0,0.6400,0,1237
5022,387991,edge,1,0.6500,0,1238
5023,388073,edge,0,0.6400,0,1239
5024,388166,edge,1,0.6400,0,1240
5025,388223,edge,1,0.6400,0,1241
5026,388273,edge,0,0.6300,0,1242
5027,388361,edge,0,0.6200,0,1243
5028,388442,edge,1,0.6200,0,1244
5029,388510,edge,1,0.6200,0,1245
5030,388556,edge,0,0.6200,0,1246
5031,388631,edge,1,0.6200,0,1247
5032,388713,edge,0,0.6100,0,1248
5033,388844,edge,0,0.6000,0,1249
5034,388937,edge,0,0.5900,0,1250
5035,389045,edge,1,0.6000,0,1251
5036,389123,edge,1,0.6100,0,1252
5037,389173,edge,1,0.6100,0,1253
5038,389224,edge,0,0.6000,0,1254
5039,389295,edge,1,0.6000,0,1255
5040,389365,edge,1,0.6000,0,1256
5041,389426,edge,1,0.6000,0,1257
5042,389474,edge,1,0.6000,0,1258
5043,389536,edge,0,0.6000,0,1259
5044,389633,edge,1,0.6000,0,1260
5045,389684,edge,0,0.5900,0,1261
5046,389731,edge,0,0.5900,0,1262
5047,389805,edge,1,0.6000,0,1263
5048,389879,edge,1,0.6100,0,1264
5049,390038,edge,1,0.6100,0,1265
5050,390084,edge,0,0.6100,0,1266
5051,390160,edge,1,0.6100,0,1267
5052,390211,edge,0,0.6100,0,1268
5053,390292,edge,0,0.6000,0,1269
5054,390347,edge,1,0.6100,0,1270
5055,390447,edge,1,0.6200,0,1271
5056,390518,edge,1,0.6300,0,1272
5057,390596,edge,1,0.6400,0,1273
5058,390666,edge,1,0.6500,0,1274
5059,390720,edge,0,0.6400,0,1275
5060,390795,edge,1,0.6400,0,1276
5061,390876,edge,0,0.6300,0,1277
5062,390935,edge,0,0.6300,0,1278
5063,391009,edge,1,0.6300,0,1279
5064,391100,edge,1,0.6300,0,1280
5065,391160,edge,1,0.6300,0,1281
5066,391244,edge,1,0.6300,0,1282
5067,391291,edge,0,0.6200,0,1283
5068,391352,edge,1,0.6200,0,1284
5069,391427,edge,1,0.6200,0,1285
5070,391478,edge,0,0.6200,0,1286
5071,391542,edge,0,0.6100,0,1287
5072,391636,edge,1,0.6200,0,1288
5073,391699,edge,1,0.6200,0,1289
5074,391779,edge,1,0.6200,0,1290
5075,391820,edge,0,0.6200,0,1291
5076,392073,edge,0,0.6200,0,1292
5077,392154,edge,0,0.6100,0,1293
5078,392233,edge,1,0.6100,0,1294
5079,392314,edge,0,0.6000,0,1295
5080,392397,edge,1,0.6000,0,1296
5081,392474,edge,1,0.6000,0,1297
5082,392558,edge,0,0.5900,0,1298
5083,392716,edge,1,0.5900,0,1299
5084,392790,edge,1,0.5900,0,1300
5085,392838,edge,0,0.5800,0,1301
5086,392912,edge,1,0.5800,0,1302
5087,392993,edge,0,0.5700,0,1303
5088,393142,edge,1,0.5800,0,1304
5089,393205,edge,1,0.5900,0,1305
5090,393260,edge,0,0.5900,0,1306
5091,393308,edge,1,0.6000,0,1307
5092,393366,edge,0,0.5900,0,1308
5093,393451,edge,0,0.5900,0,1309
5094,393550,edge,0,0.5900,0,1310
5095,393615,edge,1,0.5900,0,1311
5096,393663,edge,0,0.5800,0,1312
5097,393712,edge,1,0.5900,0,1313
5098,393774,edge,1,0.5900,0,1314
5099,393831,edge,1,0.5900,0,1315
5100,394080,edge,1,0.5900,0,1316
5101,394136,edge,1,0.6000,0,1317
5102,394191,edge,0,0.6000,0,1318
5103,394244,edge,1,0.6000,0,1319
5104,394295,edge,0,0.5900,0,1320
5105,394381,edge,0,0.5800,0,1321
5106,394473,edge,1,0.5900,0,1322
5107,394526,edge,1,0.5900,0,1323
5108,394577,edge,0,0.5800,0,1324
5109,394826,edge,0,0.5700,0,1325
5110,394874,edge,0,0.5700,0,1326
5111,394955,edge,1,0.5700,0,1327
5112,395026,edge,1,0.5700,0,1328
5113,395101,edge,1,0.5700,0,1329
5114,395183,edge,1,0.5800,0,1330
5115,395238,edge,1,0.5800,0,1331
5116,395332,edge,1,0.5900,0,1332
5117,395387,edge,0,0.5900,0,1333
5118,395456,edge,1,0.5900,0,1334
5119,395523,edge,1,0.6000,0,1335
5120,395577,edge,1,0.6000,0,1336
5121,395636,edge,1,0.6100,0,1337
5122,395777,edge,0,0.6000,0,1338
5123,395837,edge,1,0.6100,0,1339
5124,395909,edge,1,0.6100,0,1340
5125,395986,edge,1,0.6100,0,1341
5126,396056,edge,1,0.6200,0,1342
5127,396133,edge,1,0.6300,0,1343
5128,396195,edge,1,0.6300,0,1344
5129,396251,edge,1,0.6300,0,1345
5130,396295,edge,0,0.6300,0,1346
5131,396396,edge,1,0.6300,0,1347
5132,396478,edge,1,0.6400,0,1348
5133,396531,edge,1,0.6500,0,1349
5134,396614,edge,0,0.6500,0,1350
5135,396773,edge,1,0.6500,0,1351
5136,396820,edge,0,0.6400,0,1352
5137,396897,edge,1,0.6400,0,1353
5138,396959,edge,1,0.6500,0,1354
5139,397032,edge,1,0.6500,0,1355
5140,397082,edge,0,0.6400,0,1356
5141,397136,edge,1,0.6400,0,1357
5142,397211,edge,1,0.6400,0,1358
5143,397265,edge,1,0.6500,0,1359
5144,397326,edge,1,0.6500,0,1360
5145,397404,edge,1,0.6600,0,1361
5146,397468,edge,1,0.6700,0,1362
5147,397514,edge,0,0.6600,0,1363
5148,397588,edge,1,0.6600,0,1364
5149,397640,edge,0,0.6500,0,1365
5150,397707,edge,1,0.6600,0,1366
5151,397756,edge,0,0.6500,0,1367
5152,397836,edge,1,0.6600,0,1368
5153,397884,edge,0,0.6600,0,1369
5154,397965,edge,0,0.6500,0,1370
5155,398044,edge,1,0.6500,0,1371
5156,398273,edge,1,0.6500,0,1372
5157,398342,edge,1,0.6500,0,1373
5158,398428,edge,1,0.6500,0,1374
5159,398511,edge,1,0.6600,0,1375
5160,398563,edge,1,0.6600,0,1376
5161,398646,edge,0,0.6600,0,1377
5162,398731,edge,0,0.6600,0,1378
5163,398806,edge,1,0.6600,0,1379
5164,398860,edge,1,0.6600,0,1380
5165,399156,edge,0,0.6500,0,1381
5166,399289,edge,1,0.6500,0,1382
5167,399356,edge,1,0.6600,0,1383
5168,399494,edge,0,0.6500,0,1384
5169,399587,edge,1,0.6500,0,1385
5170,399644,edge,1,0.6600,0,1386
5171,399714,edge,1,0.6700,0,1387
5172,399783,edge,1,0.6700,0,1388
5173,399832,edge,1,0.6700,0,1389
5174,399927,edge,0,0.6600,0,1390
5175,400009,edge,0,0.6600,0,1391
5176,400090,edge,0,0.6600,0,1392
5177,400140,edge,0,0.6600,0,1393
5178,400214,edge,1,0.6600,0,1394
5179,400278,edge,1,0.6700,0,1395
5180,400329,edge,1,0.6700,0,1396
5181,400416,edge,1,0.6700,0,1397
5182,400494,edge,1,0.6800,0,1398
5183,400542,edge,0,0.6700,0,1399
5184,400598,edge,1,0.6700,0,1400
5185,400660,edge,1,0.6800,0,1401
5186,400742,edge,1,0.6800,0,1402
5187,400805,edge,1,0.6900,0,1403
5188,400864,edge,1,0.6900,0,1404
5189,400925,edge,0,0.6800,0,1405
5190,400972,edge,0,0.6800,0,1406
5191,401045,edge,1,0.6800,0,1407
5192,401116,edge,1,0.6900,0,1408
5193,401177,edge,1,0.7000,0,1409
5194,401226,edge,1,0.7100,0,1410
5195,401351,edge,0,0.7000,0,1411
5196,401495,edge,1,0.7100,0,1412
5197,401544,edge,0,0.7000,0,1413
5198,401608,edge,1,0.7000,0,1414
5199,401722,edge,1,0.7000,0,1415
5200,401798,edge,1,0.7000,0,1416
5201,401856,edge,1,0.7000,0,1417
5202,401911,edge,1,0.7100,0,1418
5203,401974,edge,1,0.7100,0,1419
5204,402118,edge,1,0.7200,0,1420
5205,402185,edge,1,0.7300,0,1421
5206,402244,edge,1,0.7300,0,1422
5207,402301,edge,1,0.7300,0,1423
5208,402371,edge,1,0.7400,0,1424
5209,402452,edge,1,0.7500,0,1425
5210,402509,edge,0,0.7500,0,1426
5211,402558,edge,1,0.7500,0,1427
5212,402625,edge,1,0.7500,0,1428
5213,402680,edge,0,0.7400,0,1429
5214,402732,edge,1,0.7400,0,1430
5215,402780,edge,0,0.7300,0,1431
5216,402830,edge,1,0.7300,0,1432
5217,402911,edge,0,0.7300,0,1433
5218,402998,edge,1,0.7300,0,1434
5219,403087,edge,0,0.7200,0,1435
5220,403168,edge,1,0.7200,0,1436
5221,403232,edge,1,0.7200,0,1437
5222,403308,edge,1,0.7300,0,1438
5223,403364,edge,1,0.7300,0,1439
5224,403441,edge,1,0.7300,0,1440
5225,403530,edge,0,0.7200,0,1441
5226,403611,edge,0,0.7100,0,1442
5227,403685,edge,1,0.7100,0,1443
5228,403729,edge,0,0.7000,0,1444
5229,403774,edge,0,0.6900,0,1445
5230,403822,edge,0,0.6900,0,1446
5231,403890,edge,1,0.6900,0,1447
5232,403940,edge,0,0.6800,0,1448
5233,404001,edge,1,0.6800,0,1449
5234,404049,edge,1,0.6900,0,1450
5235,404109,edge,1,0.6900,0,1451
5236,404170,edge,1,0.7000,0,1452
5237,404222,edge,0,0.6900,0,1453
5238,404283,edge,1,0.6900,0,1454
5239,404360,edge,1,0.6900,0,1455
5240,404432,edge,1,0.7000,0,1456
5241,404480,edge,0,0.6900,0,1457
5242,404547,edge,1,0.6900,0,1458
5243,404601,edge,0,0.6800,0,1459
5244,404648,edge,0,0.6700,0,1460
5245,404707,edge,0,0.6600,0,1461
5246,404792,edge,1,0.6600,0,1462
5247,404883,edge,1,0.6700,0,1463
5248,404947,edge,1,0.6700,0,1464
5249,405028,edge,1,0.6800,0,1465
5250,405109,edge,0,0.6700,0,1466
5251,405168,edge,1,0.6800,0,1467
5252,405250,edge,0,0.6700,0,1468
5253,405299,edge,0,0.6700,0,1469
5254,405385,edge,0,0.6700,0,1470
5255,405466,edge,1,0.6700,0,1471
5256,405510,edge,0,0.6600,0,1472
5257,405610,edge,1,0.6600,0,1473
5258,405688,edge,1,0.6600,0,1474
5259,405742,edge,1,0.6600,0,1475
5260,405795,edge,0,0.6500,0,1476
5261,405878,edge,0,0.6500,0,1477
5262,405943,edge,1,0.6600,0,1478
5263,406006,edge,1,0.6600,0,1479
5264,406061,edge,1,0.6600,0,1480
5265,406142,edge,1,0.6700,0,1481
5266,406185,edge,0,0.6600,0,1482
5267,406235,edge,0,0.6500,0,1483
5268,406314,edge,1,0.6600,0,1484
5269,406397,edge,0,0.6500,0,1485
5270,406480,edge,0,0.6400,0,1486
5271,406564,edge,0,0.6300,0,1487
5272,406646,edge,0,0.6200,0,1488
5273,406735,edge,1,0.6200,0,1489
5274,406780,edge,0,0.6200,0,1490
5275,406857,edge,1,0.6300,0,1491
5276,406938,edge,0,0.6300,0,1492
5277,407006,edge,0,0.6300,0,1493
5278,407050,edge,0,0.6200,0,1494
5279,407100,edge,1,0.6200,0,1495
5280,407248,edge,0,0.6100,0,1496
5281,407329,edge,0,0.6000,0,1497
5282,407417,edge,1,0.6000,0,1498
5283,407500,edge,0,0.6000,0,1499
5284,407578,edge,1,0.6000,0,1500
5285,407660,edge,0,0.5900,0,1501
5286,407727,edge,1,0.5900,0,1502
5287,407788,edge,1,0.5900,0,1503
5288,407856,edge,1,0.5900,0,1504
5289,407903,edge,0,0.5900,0,1505
5290,407995,edge,1,0.6000,0,1506
5291,408062,edge,1,0.6000,0,1507
5292,408118,edge,1,0.6000,0,1508
5293,408200,edge,1,0.6000,0,1509
5294,408248,edge,0,0.5900,0,1510
5295,408327,edge,1,0.6000,0,1511
5296,408416,edge,0,0.5900,0,1512
5297,408470,edge,0,0.5900,0,1513
5298,408521,edge,1,0.5900,0,1514
5299,408585,edge,1,0.5900,0,1515
5300,408663,edge,1,0.5900,0,1516
5301,408717,edge,1,0.5900,0,1517
5302,408799,edge,0,0.5800,0,1518
5303,408868,edge,1,0.5800,0,1519
5304,408919,edge,0,0.5700,0,1520
5305,408980,edge,1,0.5700,0,1521
5306,409072,edge,1,0.5700,0,1522
5307,409120,edge,0,0.5600,0,1523
5308,409210,edge,1,0.5600,0,1524
5309,409284,edge,1,0.5600,0,1525
5310,409351,edge,1,0.5700,0,1526
5311,409408,edge,1,0.5700,0,1527
5312,409461,edge,1,0.5700,0,1528
5313,409540,edge,1,0.5800,0,1529
5314,409607,edge,1,0.5800,0,1530
5315,409670,edge,1,0.5900,0,1531
5316,409724,edge,1,0.5900,0,1532
5317,409777,edge,1,0.6000,0,1533
5318,409864,edge,0,0.5900,0,1534
5319,409917,edge,1,0.6000,0,1535
5320,409994,edge,1,0.6000,0,1536
5321,410084,edge,1,0.6000,0,1537
5322,410250,edge,1,0.6000,0,1538
5323,410327,edge,1,0.6000,0,1539
5324,410408,edge,1,0.6000,0,1540
5325,410452,edge,0,0.6000,0,1541
5326,410526,edge,1,0.6100,0,1542
5327,410605,edge,1,0.6100,0,1543
5328,410697,edge,1,0.6200,0,1544
5329,410751,edge,1,0.6300,0,1545
5330,410828,edge,1,0.6400,0,1546
5331,410915,edge,0,0.6300,0,1547
5332,410997,edge,0,0.6300,0,1548
5333,411071,edge,1,0.6300,0,1549
5334,411153,edge,0,0.6200,0,1550
5335,411242,edge,1,0.6200,0,1551
5336,411321,edge,1,0.6200,0,1552
5337,411387,edge,1,0.6300,0,1553
5338,411542,edge,1,0.6300,0,1554
5339,411617,edge,1,0.6300,0,1555
5340,411704,edge,1,0.6300,0,1556
5341,411776,edge,1,0.6400,0,1557
5342,411843,edge,1,0.6400,0,1558
5343,411902,edge,1,0.6500,0,1559
5344,411948,edge,0,0.6500,0,1560
5345,412023,edge,1,0.6600,0,1561
5346,412103,edge,1,0.6600,0,1562
5347,412174,edge,1,0.6600,0,1563
5348,412241,edge,1,0.6600,0,1564
5349,412289,edge,1,0.6600,0,1565
5350,412331,edge,0,0.6600,0,1566
5351,412405,edge,1,0.6600,0,1567
5352,412477,edge,1,0.6700,0,1568
5353,412526,edge,1,0.6800,0,1569
5354,412601,edge,1,0.6900,0,1570
5355,412654,edge,1,0.6900,0,1571
5356,412711,edge,1,0.7000,0,1572
5357,412788,edge,1,0.7000,0,1573
5358,412836,edge,1,0.7000,0,1574
5359,412883,edge,0,0.6900,0,1575
5360,412942,edge,1,0.7000,0,1576
5361,413001,edge,1,0.7100,0,1577
5362,413069,edge,1,0.7100,0,1578
5363,413116,edge,0,0.7000,0,1579
5364,413195,edge,1,0.7000,0,1580
5365,413271,edge,1,0.7000,0,1581
5366,413405,edge,1,0.7100,0,1582
5367,413498,edge,1,0.7200,0,1583
5368,413589,edge,1,0.7200,0,1584
5369,413674,edge,0,0.7200,0,1585
5370,413803,edge,0,0.7200,0,1586
5371,413869,edge,1,0.7300,0,1587
5372,413960,edge,1,0.7400,0,1588
5373,414041,edge,1,0.7400,0,1589
5374,414112,edge,1,0.7500,0,1590
5375,414189,edge,1,0.7500,0,1591
5376,414256,edge,1,0.7600,0,1592
5377,414325,edge,1,0.7700,0,1593
5378,414418,edge,1,0.7800,0,1594
5379,414495,edge,1,0.7800,0,1595
5380,414575,edge,1,0.7900,0,1596
5381,414646,edge,1,0.8000,0,1597
5382,414712,edge,1,0.8000,0,1598
5383,414785,edge,1,0.8100,0,1599
5384,414834,edge,0,0.8000,0,1600
5385,414908,edge,1,0.8100,0,1601
5386,414985,edge,1,0.8100,0,1602
5387,415154,edge,1,0.8100,0,1603
5388,415231,edge,1,0.8100,0,1604
5389,415302,edge,1,0.8200,0,1605
5390,415375,edge,1,0.8200,0,1606
5391,415512,edge,0,0.8100,0,1607
5392,415553,edge,0,0.8000,0,1608
5393,415598,edge,0,0.7900,0,1609
5394,415764,edge,0,0.7900,0,1610
5395,415836,edge,1,0.7900,0,1611
5396,415884,edge,0,0.7900,0,1612
5397,415936,edge,1,0.8000,0,1613
5398,415985,edge,1,0.8000,0,1614
5399,416031,edge,0,0.7900,0,1615
5400,416110,edge,1,0.7900,0,1616
5401,416160,edge,1,0.7900,0,1617
5402,416214,edge,1,0.8000,0,1618
5403,416370,edge,1,0.8000,0,1619
5404,416445,edge,1,0.8100,0,1620
5405,416497,edge,1,0.8100,0,1621
5406,416551,edge,1,0.8100,0,1622
5407,416598,edge,0,0.8100,0,1623
5408,416677,edge,1,0.8100,0,1624
5409,416728,edge,0,0.8000,0,1625
5410,416786,edge,1,0.8000,0,1626
5411,416881,edge,0,0.7900,0,1627
5412,416954,edge,1,0.7900,0,1628
5413,417040,edge,1,0.7900,0,1629
5414,417199,edge,1,0.7900,0,1630
5415,417279,edge,1,0.7900,0,1631
5416,417345,edge,1,0.7900,0,1632
5417,417425,edge,1,0.7900,0,1633
5418,417511,edge,1,0.8000,0,1634
5419,417580,edge,1,0.8000,0,1635
5420,417676,edge,0,0.7900,0,1636
5421,417746,edge,1,0.7900,0,1637
5422,417803,edge,1,0.7900,0,1638
5423,417846,edge,0,0.7800,0,1639
5424,417928,edge,1,0.7800,0,1640
5425,418001,edge,1,0.7900,0,1641
5426,418084,edge,1,0.7900,0,1642
5427,418142,edge,1,0.7900,0,1643
5428,418203,edge,1,0.7900,0,1644
5429,418273,edge,1,0.7900,0,1645
5430,418339,edge,1,0.7900,0,1646
5431,418418,edge,1,0.8000,0,1647
5432,418478,edge,1,0.8100,0,1648
5433,418555,edge,1,0.8100,0,1649
5434,418630,edge,1,0.8200,0,1650
5435,418673,edge,0,0.8100,0,1651
5436,418738,edge,1,0.8100,0,1652
5437,418786,edge,0,0.8000,0,1653
5438,418850,edge,1,0.8000,0,1654
5439,418925,edge,1,0.8000,0,1655
5440,419011,edge,1,0.8000,0,1656
5441,419078,edge,1,0.8000,0,1657
5442,419158,edge,1,0.8000,0,1658
5443,419222,edge,1,0.8000,0,1659
5444,419301,edge,1,0.8100,0,1660
5445,419380,edge,1,0.8100,0,1661
5446,419469,edge,0,0.8000,0,1662
5447,419529,edge,1,0.8000,0,1663
5448,419596,edge,1,0.8000,0,1664
5449,419662,edge,1,0.8000,0,1665
5450,419748,edge,0,0.8000,0,1666
5451,419794,edge,0,0.7900,0,1667
5452,419879,edge,1,0.7900,0,1668
5453,419931,edge,1,0.7900,0,1669
5454,419998,edge,1,0.7900,0,1670
5455,420055,edge,1,0.7900,0,1671
5456,420100,edge,0,0.7800,0,1672
5457,420144,edge,0,0.7700,0,1673
5458,420235,edge,1,0.7700,0,1674
5459,420317,edge,1,0.7800,0,1675
5460,420382,edge,1,0.7800,0,1676
5461,420449,edge,1,0.7800,0,1677
5462,420526,edge,1,0.7800,0,1678
5463,420602,edge,1,0.7900,0,1679
5464,420665,edge,1,0.7900,0,1680
5465,420722,edge,1,0.7900,0,1681
5466,420775,edge,1,0.7900,0,1682
5467,420856,edge,0,0.7800,0,1683
5468,420910,edge,0,0.7700,0,1684
5469,420982,edge,1,0.7800,0,1685
5470,421054,edge,1,0.7900,0,1686
5471,421133,edge,1,0.7900,0,1687
5472,421195,edge,1,0.7900,0,1688
5473,421237,edge,0,0.7800,0,1689
5474,421298,edge,1,0.7800,0,1690
5475,421374,edge,1,0.7800,0,1691
5476,421441,edge,1,0.7800,0,1692
5477,421491,edge,0,0.7700,0,1693
5478,421553,edge,1,0.7700,0,1694
5479,421722,edge,1,0.7700,0,1695
5480,421780,edge,1,0.7700,0,1696
5481,421847,edge,1,0.7700,0,1697
5482,421931,edge,1,0.7700,0,1698
5483,422000,edge,1,0.7700,0,1699
5484,422076,edge,1,0.7800,0,1700
5485,422133,edge,1,0.7800,0,1701
5486,422202,edge,1,0.7800,0,1702
5487,422287,edge,0,0.7700,0,1703
5488,422337,edge,1,0.7700,0,1704
5489,422421,edge,1,0.7700,0,1705
5490,422495,edge,1,0.7700,0,1706
5491,422547,edge,1,0.7800,0,1707
5492,422638,edge,1,0.7900,0,1708
5493,422681,edge,0,0.7900,0,1709
5494,422760,edge,1,0.8000,0,1710
5495,422850,edge,0,0.7900,0,1711
5496,422939,edge,1,0.8000,0,1712
5497,423013,edge,1,0.8000,0,1713
5498,423214,edge,1,0.8000,0,1714
5499,423296,edge,1,0.8100,0,1715
5500,423346,edge,1,0.8100,0,1716
5501,423421,edge,1,0.8100,0,1717
5502,423582,edge,1,0.8100,0,1718
5503,423648,edge,1,0.8100,0,1719
5504,423734,edge,1,0.8100,0,1720
5505,423785,edge,1,0.8100,0,1721
5506,423857,edge,1,0.8100,0,1722
5507,423915,edge,0,0.8100,0,1723
5508,423998,edge,0,0.8000,0,1724
5509,424044,edge,0,0.8000,0,1725
5510,424109,edge,1,0.8000,0,1726
5511,424197,edge,1,0.8100,0,1727
5512,424266,edge,1,0.8100,0,1728
5513,424333,edge,1,0.8100,0,1729
5514,424405,edge,1,0.8100,0,1730
5515,424478,edge,1,0.8100,0,1731
5516,424639,edge,1,0.8100,0,1732
5517,424702,edge,1,0.8100,0,1733
5518,424775,edge,1,0.8100,0,1734
5519,424856,edge,1,0.8100,0,1735
5520,424922,edge,1,0.8200,0,1736
5521,424986,edge,1,0.8200,0,1737
5522,425065,edge,1,0.8200,0,1738
5523,425117,edge,0,0.8200,0,1739
5524,425212,edge,1,0.8200,0,1740
5525,425393,edge,1,0.8200,0,1741
5526,425453,edge,1,0.8200,0,1742
5527,425523,edge,1,0.8200,0,1743
5528,425603,edge,1,0.8200,0,1744
5529,425674,edge,1,0.8200,0,1745
5530,425725,edge,1,0.8200,0,1746
5531,425875,edge,1,0.8200,0,1747
5532,425952,edge,1,0.8200,0,1748
5533,426043,edge,1,0.8200,0,1749
5534,426101,edge,1,0.8200,0,1750
5535,426170,edge,1,0.8300,0,1751
5536,426245,edge,1,0.8300,0,1752
5537,426332,edge,0,0.8300,0,1753
5538,426395,edge,1,0.8300,0,1754
5539,426472,edge,1,0.8300,0,1755
5540,426559,edge,1,0.8300,0,1756
5541,426634,edge,1,0.8300,0,1757
5542,426710,edge,1,0.8300,0,1758
5543,426779,edge,1,0.8300,0,1759
5544,426847,edge,1,0.8300,0,1760
5545,426928,edge,0,0.8200,0,1761
5546,427006,edge,1,0.8300,0,1762
5547,427059,edge,1,0.8300,0,1763
5548,427122,edge,1,0.8300,0,1764
5549,427185,edge,1,0.8300,0,1765
5550,427377,edge,1,0.8400,0,1766
5551,427448,edge,1,0.8500,0,1767
5552,427512,edge,1,0.8500,0,1768
5553,427599,edge,1,0.8500,0,1769
5554,427671,edge,1,0.8500,0,1770
5555,427744,edge,1,0.8500,0,1771
5556,427816,edge,1,0.8600,0,1772
5557,427882,edge,1,0.8700,0,1773
5558,427967,edge,1,0.8700,0,1774
5559,428013,edge,0,0.8600,0,1775
5560,428084,edge,1,0.8600,0,1776
5561,428146,edge,1,0.8600,0,1777
5562,428212,edge,1,0.8600,0,1778
5563,428293,edge,0,0.8500,0,1779
5564,428375,edge,1,0.8500,0,1780
5565,428443,edge,1,0.8500,0,1781
5566,428591,edge,1,0.8500,0,1782
5567,428672,edge,1,0.8600,0,1783
5568,428731,edge,1,0.8700,0,1784
5569,428809,edge,1,0.8700,0,1785
5570,428898,edge,1,0.8700,0,1786
5571,428967,edge,1,0.8700,0,1787
5572,429076,edge,1,0.8700,0,1788
5573,429146,edge,1,0.8800,0,1789
5574,429231,edge,1,0.8800,0,1790
5575,429300,edge,1,0.8800,0,1791
5576,429361,edge,1,0.8800,0,1792
5577,429429,edge,1,0.8900,0,1793
5578,429502,edge,1,0.8900,0,1794
5579,429591,edge,1,0.8900,0,1795
5580,429660,edge,1,0.8900,0,1796
5581,429832,edge,0,0.8800,0,1797
5582,429879,edge,0,0.8700,0,1798
5583,429947,edge,0,0.8600,0,1799
5584,430017,edge,1,0.8600,0,1800
5585,430101,edge,1,0.8600,0,1801
5586,430171,edge,1,0.8600,0,1802
5587,430271,edge,1,0.8700,0,1803
5588,430338,edge,1,0.8700,0,1804
5589,430398,edge,1,0.8700,0,1805
5590,430466,edge,1,0.8700,0,1806
5591,430511,edge,0,0.8600,0,1807
5592,430589,edge,1,0.8600,0,1808
5593,430644,edge,1,0.8700,0,1809
5594,430727,edge,1,0.8700,0,1810
5595,430808,edge,1,0.8800,0,1811
5596,430887,edge,1,0.8800,0,1812
5597,430969,edge,1,0.8800,0,1813
5598,431044,edge,1,0.8800,0,1814
5599,431117,edge,1,0.8800,0,1815
5600,431187,edge,1,0.8800,0,1816
5601,431335,edge,0,0.8700,0,1817
5602,431394,edge,1,0.8700,0,1818
5603,431465,edge,1,0.8700,0,1819
5604,431530,edge,1,0.8700,0,1820
5605,431596,edge,1,0.8700,0,1821
5606,431652,edge,0,0.8600,0,1822
5607,431727,edge,1,0.8700,0,1823
5608,431790,edge,1,0.8800,0,1824
5609,431867,edge,1,0.8900,0,1825
5610,431915,edge,0,0.8800,0,1826
5611,431996,edge,0,0.8700,0,1827
5612,432060,edge,1,0.8700,0,1828
5613,432109,edge,1,0.8700,0,1829
5614,432179,edge,1,0.8700,0,1830
5615,432256,edge,1,0.8700,0,1831
5616,432320,edge,1,0.8700,0,1832
5617,432388,edge,1,0.8700,0,1833
5618,432454,edge,1,0.8700,0,1834
5619,432535,edge,1,0.8700,0,1835
5620,432587,edge,1,0.8700,0,1836
5621,432644,edge,1,0.8700,0,1837
5622,432725,edge,0,0.8600,0,1838
5623,432778,edge,1,0.8700,0,1839
5624,432838,edge,1,0.8700,0,1840
5625,432894,edge,1,0.8700,0,1841
5626,432960,edge,1,0.8700,0,1842
5627,433027,edge,1,0.8700,0,1843
5628,433075,edge,0,0.8600,0,1844
5629,433152,edge,1,0.8600,0,1845
5630,433241,edge,1,0.8600,0,1846
5631,433313,edge,1,0.8600,0,1847
5632,433372,edge,1,0.8600,0,1848
5633,433459,edge,0,0.8500,0,1849
5634,433519,edge,1,0.8500,0,1850
5635,433580,edge,1,0.8500,0,1851
5636,433659,edge,1,0.8500,0,1852
5637,433722,edge,1,0.8600,0,1853
5638,433805,edge,0,0.8500,0,1854
5639,433881,edge,1,0.8500,0,1855
5640,434025,edge,1,0.8500,0,1856
5641,434086,edge,1,0.8500,0,1857
5642,434150,edge,1,0.8500,0,1858
5643,434207,edge,1,0.8500,0,1859
5644,434271,edge,1,0.8500,0,1860
5645,434332,edge,1,0.8600,0,1861
5646,434401,edge,1,0.8600,0,1862
5647,434486,edge,1,0.8600,0,1863
5648,434570,edge,1,0.8600,0,1864
5649,434642,edge,1,0.8600,0,1865
5650,434878,edge,1,0.8600,0,1866
5651,434948,edge,1,0.8600,0,1867
5652,435004,edge,1,0.8600,0,1868
5653,435071,edge,1,0.8600,0,1869
5654,435117,edge,0,0.8500,0,1870
5655,435182,edge,1,0.8500,0,1871
5656,435259,edge,1,0.8500,0,1872
5657,435325,edge,1,0.8500,0,1873
5658,435392,edge,1,0.8500,0,1874
5659,435459,edge,1,0.8600,0,1875
5660,435543,edge,1,0.8600,0,1876
5661,435619,edge,1,0.8600,0,1877
5662,435695,edge,1,0.8600,0,1878
5663,435833,edge,1,0.8700,0,1879
5664,435916,edge,0,0.8600,0,1880
5665,435965,edge,1,0.8600,0,1881
5666,436021,edge,1,0.8600,0,1882
5667,436064,edge,0,0.8500,0,1883
5668,436146,edge,1,0.8500,0,1884
5669,436195,edge,0,0.8400,0,1885
5670,436248,edge,1,0.8400,0,1886
5671,436318,edge,1,0.8400,0,1887
5672,436392,edge,1,0.8400,0,1888
5673,436473,edge,0,0.8300,0,1889
5674,436532,edge,1,0.8300,0,1890
5675,436588,edge,1,0.8300,0,1891
5676,436663,edge,1,0.8300,0,1892
5677,436755,edge,0,0.8200,0,1893
5678,436812,edge,1,0.8200,0,1894
5679,436887,edge,1,0.8200,0,1895
5680,437077,edge,0,0.8100,0,1896
5681,437133,edge,1,0.8200,0,1897
5682,437285,edge,1,0.8300,0,1898
5683,437348,edge,1,0.8400,0,1899
5684,437417,edge,1,0.8400,0,1900
5685,437469,edge,0,0.8300,0,1901
5686,437535,edge,1,0.8300,0,1902
5687,437614,edge,1,0.8300,0,1903
5688,437679,edge,1,0.8300,0,1904
5689,437749,edge,1,0.8300,0,1905
5690,437826,edge,1,0.8300,0,1906
5691,437902,edge,1,0.8400,0,1907
5692,437976,edge,1,0.8400,0,1908
5693,438041,edge,1,0.8400,0,1909
5694,438109,edge,1,0.8400,0,1910
5695,438181,edge,1,0.8400,0,1911
5696,438260,edge,1,0.8400,0,1912
5697,438323,edge,1,0.8400,0,1913
5698,438369,edge,0,0.8300,0,1914
5699,438423,edge,1,0.8300,0,1915
5700,438498,edge,1,0.8300,0,1916
5701,438554,edge,1,0.8400,0,1917
5702,438638,edge,1,0.8400,0,1918
5703,438712,edge,1,0.8400,0,1919
5704,438819,edge,0,0.8300,0,1920
5705,438886,edge,1,0.8300,0,1921
5706,438945,edge,1,0.8400,0,1922
5707,439016,edge,1,0.8400,0,1923
5708,439069,edge,1,0.8400,0,1924
5709,439139,edge,1,0.8400,0,1925
5710,439199,edge,1,0.8500,0,1926
5711,439276,edge,1,0.8600,0,1927
5712,439365,edge,1,0.8600,0,1928
5713,439419,edge,1,0.8600,0,1929
5714,439482,edge,1,0.8600,0,1930
5715,439551,edge,1,0.8600,0,1931
5716,439612,edge,1,0.8600,0,1932
5717,439718,edge,1,0.8600,0,1933
5718,439808,edge,1,0.8600,0,1934
5719,439891,edge,1,0.8600,0,1935
5720,439962,edge,1,0.8600,0,1936
5721,440036,edge,1,0.8600,0,1937
5722,440095,edge,1,0.8700,0,1938
5723,440177,edge,1,0.8700,0,1939
5724,440266,edge,1,0.8700,0,1940
5725,440337,edge,1,0.8700,0,1941
5726,440411,edge,1,0.8700,0,1942
5727,440491,edge,1,0.8700,0,1943
5728,440551,edge,1,0.8800,0,1944
5729,440704,edge,1,0.8800,0,1945
5730,440795,edge,1,0.8800,0,1946
5731,440907,edge,1,0.8800,0,1947
5732,440968,edge,1,0.8800,0,1948
5733,441138,edge,1,0.8900,0,1949
5734,441200,edge,1,0.8900,0,1950
5735,441273,edge,1,0.8900,0,1951
5736,441353,edge,1,0.8900,0,1952
5737,441406,edge,1,0.8900,0,1953
5738,441456,edge,1,0.9000,0,1954
5739,441507,edge,1,0.9000,0,1955
5740,441583,edge,1,0.9000,0,1956
5741,441659,edge,1,0.9000,0,1957
5742,441714,edge,1,0.9000,0,1958
5743,441799,edge,1,0.9000,0,1959
5744,441890,edge,1,0.9000,0,1960
5745,442009,edge,1,0.9000,0,1961
5746,442083,edge,1,0.9000,0,1962
5747,442137,edge,1,0.9000,0,1963
5748,442197,edge,1,0.9000,0,1964
5749,442280,edge,1,0.9000,0,1965
5750,442354,edge,1,0.9000,0,1966
5751,442420,edge,1,0.9000,0,1967
5752,442497,edge,1,0.9000,0,1968
5753,442586,edge,1,0.9000,0,1969
5754,442648,edge,1,0.9100,0,1970
5755,442724,edge,1,0.9100,0,1971
5756,442796,edge,1,0.9100,0,1972
5757,442867,edge,1,0.9100,0,1973
5758,442940,edge,1,0.9100,0,1974
5759,443006,edge,1,0.9100,0,1975
5760,443075,edge,1,0.9100,0,1976
5761,443143,edge,1,0.9100,0,1977
5762,443203,edge,0,0.9000,0,1978
5763,443280,edge,1,0.9000,0,1979
5764,443373,edge,1,0.9100,0,1980
5765,443458,edge,1,0.9100,0,1981
5766,443516,edge,1,0.9100,0,1982
5767,443582,edge,1,0.9200,0,1983
5768,443663,edge,1,0.9200,0,1984
5769,443714,edge,0,0.9200,0,1985
5770,443809,edge,1,0.9200,0,1986
5771,443873,edge,1,0.9200,0,1987
5772,443933,edge,1,0.9200,0,1988
5773,444001,edge,1,0.9300,0,1989
5774,444050,edge,0,0.9200,0,1990
5775,444127,edge,1,0.9200,0,1991
5776,444202,edge,1,0.9200,0,1992
5777,444283,edge,0,0.9200,0,1993
5778,444344,edge,1,0.9200,0,1994
5779,444392,edge,1,0.9200,0,1995
5780,444472,edge,1,0.9300,0,1996
5781,444569,edge,0,0.9200,0,1997
5782,444656,edge,1,0.9200,0,1998
5783,444708,edge,1,0.9200,0,1999
5784,444824,edge,1,0.9200,0,2000
5785,444905,edge,0,0.9200,0,2001
5786,444958,edge,1,0.9200,0,2002
5787,445071,edge,1,0.9200,0,2003
5788,445131,edge,1,0.9200,0,2004
5789,445212,edge,0,0.9100,0,2005
5790,445259,edge,0,0.9000,0,2006
5791,445329,edge,1,0.9000,0,2007
5792,445410,edge,1,0.9000,0,2008
5793,445468,edge,1,0.9000,0,2009
5794,445550,edge,1,0.9000,0,2010
5795,445616,edge,1,0.9000,0,2011
5796,445663,edge,0,0.8900,0,2012
5797,445730,edge,1,0.8900,0,2013
5798,445822,edge,0,0.8900,0,2014
5799,445878,edge,1,0.8900,0,2015
5800,446088,edge,1,0.8900,0,2016
5801,446149,edge,1,0.8900,0,2017
5802,446224,edge,1,0.8900,0,2018
5803,446289,edge,1,0.8900,0,2019
5804,446386,edge,1,0.9000,0,2020
5805,446436,edge,1,0.9000,0,2021
5806,446510,edge,1,0.9000,0,2022
5807,446589,edge,1,0.9000,0,2023
5808,446664,edge,1,0.9000,0,2024
5809,446735,edge,1,0.9000,0,2025
5810,446790,edge,1,0.9000,0,2026
5811,446851,edge,1,0.9000,0,2027
5812,446919,edge,1,0.9000,0,2028
5813,446988,edge,1,0.9000,0,2029
5814,447053,edge,1,0.9000,0,2030
5815,447107,edge,1,0.9000,0,2031
5816,447188,edge,1,0.9000,0,2032
5817,447329,edge,1,0.9000,0,2033
5818,447394,edge,1,0.9000,0,2034
5819,447460,edge,1,0.9000,0,2035
5820,447547,edge,1,0.9000,0,2036
5821,447641,edge,0,0.8900,0,2037
5822,447711,edge,1,0.8900,0,2038
5823,447785,edge,1,0.8900,0,2039
5824,447865,edge,1,0.8900,0,2040
5825,447928,edge,1,0.8900,0,2041
5826,447980,edge,1,0.8900,0,2042
5827,448036,edge,1,0.8900,0,2043
5828,448086,edge,0,0.8800,0,2044
5829,448231,edge,1,0.8800,0,2045
5830,448307,edge,1,0.8800,0,2046
5831,448374,edge,1,0.8800,0,2047
5832,448456,edge,1,0.8800,0,2048
5833,448533,edge,1,0.8800,0,2049
5834,448590,edge,1,0.8800,0,2050
5835,448646,edge,1,0.8800,0,2051
5836,448725,edge,1,0.8800,0,2052
5837,448802,edge,1,0.8800,0,2053
5838,448872,edge,1,0.8800,0,2054
5839,448955,edge,1,0.8800,0,2055
5840,449010,edge,1,0.8800,0,2056
5841,449079,edge,1,0.8800,0,2057
5842,449133,edge,1,0.8800,0,2058
5843,449206,edge,1,0.8800,0,2059
5844,449278,edge,1,0.8800,0,2060
5845,449340,edge,1,0.8800,0,2061
5846,449414,edge,1,0.8800,0,2062
5847,449461,edge,0,0.8700,0,2063
5848,449525,edge,1,0.8700,0,2064
5849,449586,edge,1,0.8700,0,2065
5850,449648,edge,1,0.8700,0,2066
5851,449734,edge,1,0.8700,0,2067
5852,449791,edge,1,0.8700,0,2068
5853,449857,edge,1,0.8700,0,2069
5854,449904,edge,0,0.8600,0,2070
5855,449961,edge,1,0.8600,0,2071
5856,450027,edge,1,0.8600,0,2072
5857,450077,edge,1,0.8600,0,2073
5858,450135,edge,1,0.8600,0,2074
5859,450191,edge,1,0.8600,0,2075
5860,450266,edge,1,0.8600,0,2076
5861,450318,edge,0,0.8500,0,2077
5862,450395,edge,1,0.8600,0,2078
5863,450453,edge,1,0.8600,0,2079
5864,450772,edge,1,0.8600,0,2080
5865,450843,edge,1,0.8600,0,2081
5866,450924,edge,0,0.8500,0,2082
5867,450975,edge,1,0.8500,0,2083
5868,451038,edge,1,0.8500,0,2084
5869,451206,edge,1,0.8600,0,2085
5870,451287,edge,0,0.8500,0,2086
5871,451368,edge,1,0.8500,0,2087
5872,451424,edge,1,0.8500,0,2088
5873,451478,edge,1,0.8500,0,2089
5874,451558,edge,1,0.8600,0,2090
5875,451631,edge,1,0.8600,0,2091
5876,451714,edge,1,0.8600,0,2092
5877,451763,edge,1,0.8700,0,2093
5878,451813,edge,1,0.8700,0,2094
5879,451888,edge,1,0.8700,0,2095
5880,451935,edge,0,0.8600,0,2096
5881,452003,edge,1,0.8700,0,2097
5882,452084,edge,1,0.8700,0,2098
5883,452149,edge,1,0.8700,0,2099
5884,452221,edge,1,0.8700,0,2100
5885,452294,edge,1,0.8800,0,2101
5886,452366,edge,1,0.8800,0,2102
5887,452435,edge,1,0.8800,0,2103
5888,452511,edge,1,0.8800,0,2104
5889,452580,edge,1,0.8900,0,2105
5890,452654,edge,1,0.9000,0,2106
5891,452727,edge,1,0.9000,0,2107
5892,452862,edge,1,0.9000,0,2108
5893,452932,edge,1,0.9000,0,2109
5894,453003,edge,1,0.9000,0,2110
5895,453073,edge,1,0.9000,0,2111
5896,453146,edge,1,0.9100,0,2112
5897,453191,edge,0,0.9000,0,2113
5898,453240,edge,1,0.9100,0,2114
5899,453296,edge,1,0.9100,0,2115
5900,453366,edge,1,0.9100,0,2116
5901,453442,edge,1,0.9100,0,2117
5902,453524,edge,1,0.9100,0,2118
5903,453595,edge,1,0.9100,0,2119
5904,453683,edge,0,0.9000,0,2120
5905,453761,edge,1,0.9000,0,2121
5906,454006,edge,1,0.9000,0,2122
5907,454086,edge,1,0.9000,0,2123
5908,454163,edge,1,0.9000,0,2124
5909,454224,edge,1,0.9000,0,2125
5910,454287,edge,1,0.9000,0,2126
5911,454349,edge,1,0.9000,0,2127
5912,454417,edge,1,0.9000,0,2128
5913,454487,edge,1,0.9000,0,2129
5914,454548,edge,1,0.9000,0,2130
5915,454628,edge,1,0.9000,0,2131
5916,454678,edge,0,0.8900,0,2132
5917,454753,edge,1,0.8900,0,2133
5918,454820,edge,1,0.8900,0,2134
5919,454897,edge,1,0.8900,0,2135
5920,454974,edge,1,0.8900,0,2136
5921,455041,edge,1,0.9000,0,2137
5922,455101,edge,1,0.9000,0,2138
5923,455177,edge,1,0.9000,0,2139
5924,455237,edge,0,0.8900,0,2140
5925,455304,edge,1,0.8900,0,2141
5926,455387,edge,1,0.8900,0,2142
5927,455460,edge,1,0.8900,0,2143
5928,455508,edge,0,0.8900,0,2144
5929,455555,edge,0,0.8800,0,2145
5930,455613,edge,1,0.8800,0,2146
5931,455663,edge,0,0.8700,0,2147
5932,455709,edge,0,0.8600,0,2148
5933,455768,edge,1,0.8600,0,2149
5934,455825,edge,1,0.8600,0,2150
5935,455877,edge,1,0.8600,0,2151
5936,455936,edge,1,0.8600,0,2152
5937,456030,edge,1,0.8600,0,2153
5938,456150,edge,0,0.8500,0,2154
5939,456199,edge,0,0.8400,0,2155
5940,456270,edge,1,0.8400,0,2156
5941,456331,edge,1,0.8400,0,2157
5942,456400,edge,1,0.8400,0,2158
5943,456447,edge,0,0.8300,0,2159
5944,456519,edge,1,0.8300,0,2160
5945,456610,edge,1,0.8300,0,2161
5946,456675,edge,1,0.8300,0,2162
5947,456739,edge,1,0.8400,0,2163
5948,456821,edge,1,0.8400,0,2164
5949,456905,edge,0,0.8300,0,2165
5950,457054,edge,1,0.8300,0,2166
5951,457101,edge,0,0.8200,0,2167
5952,457158,edge,1,0.8200,0,2168
5953,457234,edge,1,0.8200,0,2169
5954,457343,edge,0,0.8200,0,2170
5955,457404,edge,1,0.8200,0,2171
5956,457507,edge,1,0.8200,0,2172
5957,457558,edge,1,0.8200,0,2173
5958,457609,edge,0,0.8100,0,2174
5959,457684,edge,1,0.8100,0,2175
5960,457735,edge,1,0.8100,0,2176
5961,457808,edge,1,0.8200,0,2177
5962,457869,edge,1,0.8200,0,2178
5963,457938,edge,1,0.8200,0,2179
5964,457992,edge,0,0.8100,0,2180
5965,458043,edge,1,0.8100,0,2181
5966,458119,edge,1,0.8200,0,2182
5967,458185,edge,1,0.8200,0,2183
5968,458231,edge,0,0.8100,0,2184
5969,458294,edge,1,0.8100,0,2185
5970,458351,edge,1,0.8200,0,2186
5971,458426,edge,1,0.8200,0,2187
5972,458491,edge,1,0.8200,0,2188
5973,458550,edge,1,0.8200,0,2189
5974,458632,edge,0,0.8100,0,2190
5975,458719,edge,1,0.8100,0,2191
5976,458792,edge,1,0.8100,0,2192
5977,458867,edge,1,0.8100,0,2193
5978,458930,edge,1,0.8100,0,2194
5979,459015,edge,0,0.8000,0,2195
5980,459074,edge,0,0.8000,0,2196
5981,459135,edge,1,0.8000,0,2197
5982,459197,edge,1,0.8000,0,2198
5983,459269,edge,1,0.8000,0,2199
5984,459433,edge,1,0.8000,0,2200
5985,459493,edge,1,0.8000,0,2201
5986,459565,edge,1,0.8000,0,2202
5987,459635,edge,1,0.8000,0,2203
5988,459703,edge,1,0.8000,0,2204
5989,459765,edge,1,0.8000,0,2205
5990,459831,edge,1,0.8000,0,2206
5991,459873,edge,0,0.7900,0,2207
5992,459945,edge,1,0.7900,0,2208
5993,460027,edge,1,0.7900,0,2209
5994,460096,edge,1,0.7900,0,2210
5995,460180,edge,0,0.7800,0,2211
5996,460235,edge,1,0.7800,0,2212
5997,460303,edge,1,0.7900,0,2213
5998,460379,edge,1,0.7900,0,2214
5999,460472,edge,1,0.7900,0,2215
6000,460539,edge,1,0.7900,0,2216
6001,460594,edge,1,0.7900,0,2217
6002,460693,edge,1,0.7900,0,2218
6003,460762,edge,1,0.7900,0,2219
6004,460812,edge,1,0.8000,0,2220
6005,460883,edge,1,0.8000,0,2221
6006,460936,edge,1,0.8000,0,2222
6007,461008,edge,1,0.8000,0,2223
6008,461067,edge,1,0.8000,0,2224
6009,461150,edge,1,0.8000,0,2225
6010,461198,edge,0,0.7900,0,2226
6011,461266,edge,1,0.7900,0,2227
6012,461345,edge,1,0.7900,0,2228
6013,461422,edge,1,0.7900,0,2229
6014,461468,edge,0,0.7800,0,2230
6015,461512,edge,0,0.7700,0,2231
6016,461583,edge,1,0.7800,0,2232
6017,461657,edge,1,0.7800,0,2233
6018,461724,edge,0,0.7700,0,2234
6019,461789,edge,1,0.7700,0,2235
6020,461854,edge,1,0.7700,0,2236
6021,461909,edge,1,0.7700,0,2237
6022,461965,edge,1,0.7700,0,2238
6023,462039,edge,1,0.7700,0,2239
6024,462116,edge,1,0.7800,0,2240
6025,462162,edge,1,0.7800,0,2241
6026,462249,edge,0,0.7700,0,2242
6027,462301,edge,0,0.7600,0,2243
6028,462371,edge,1,0.7700,0,2244
6029,462441,edge,1,0.7800,0,2245
6030,462526,edge,0,0.7700,0,2246
6031,462586,edge,0,0.7700,0,2247
6032,462637,edge,0,0.7700,0,2248
6033,462706,edge,1,0.7700,0,2249
6034,462795,edge,1,0.7700,0,2250
6035,462844,edge,0,0.7600,0,2251
6036,462905,edge,1,0.7600,0,2252
6037,462971,edge,1,0.7600,0,2253
6038,463017,edge,1,0.7700,0,2254
6039,463083,edge,1,0.7800,0,2255
6040,463136,edge,0,0.7700,0,2256
6041,463202,edge,1,0.7700,0,2257
6042,463275,edge,1,0.7700,0,2258
6043,463350,edge,1,0.7800,0,2259
6044,463427,edge,1,0.7800,0,2260
6045,463487,edge,1,0.7800,0,2261
6046,463553,edge,1,0.7800,0,2262
6047,463610,edge,1,0.7800,0,2263
6048,463735,edge,1,0.7800,0,2264
6049,463790,edge,1,0.7900,0,2265
6050,463835,edge,0,0.7800,0,2266
6051,463885,edge,0,0.7800,0,2267
6052,463971,edge,0,0.7700,0,2268
6053,464044,edge,1,0.7700,0,2269
6054,464129,edge,1,0.7800,0,2270
6055,464255,edge,1,0.7800,0,2271
6056,464336,edge,0,0.7700,0,2272
6057,464407,edge,1,0.7700,0,2273
6058,464480,edge,1,0.7800,0,2274
6059,464542,edge,1,0.7800,0,2275
6060,464626,edge,1,0.7800,0,2276
6061,464686,edge,1,0.7800,0,2277
6062,464750,edge,1,0.7800,0,2278
6063,464822,edge,1,0.7800,0,2279
6064,464877,edge,1,0.7900,0,2280
6065,464932,edge,1,0.7900,0,2281
6066,465001,edge,1,0.7900,0,2282
6067,465064,edge,1,0.7900,0,2283
6068,465132,edge,1,0.8000,0,2284
6069,465179,edge,1,0.8000,0,2285
6070,465233,edge,1,0.8000,0,2286
6071,465287,edge,1,0.8000,0,2287
6072,465441,edge,1,0.8000,0,2288
6073,465545,edge,1,0.8000,0,2289
6074,465604,edge,0,0.8000,0,2290
6075,465683,edge,1,0.8000,0,2291
6076,465781,edge,1,0.8000,0,2292
6077,465850,edge,1,0.8000,0,2293
6078,465893,edge,0,0.7900,0,2294
6079,465975,edge,0,0.7900,0,2295
6080,466044,edge,1,0.8000,0,2296
6081,466109,edge,1,0.8000,0,2297
6082,466168,edge,1,0.8000,0,2298
6083,466220,edge,1,0.8000,0,2299
6084,466271,edge,1,0.8000,0,2300
6085,466344,edge,1,0.8000,0,2301
6086,466407,edge,1,0.8000,0,2302
6087,466453,edge,0,0.7900,0,2303
6088,466498,edge,0,0.7800,0,2304
6089,466566,edge,1,0.7800,0,2305
6090,466654,edge,1,0.7800,0,2306
6091,466728,edge,1,0.7900,0,2307
6092,466794,edge,1,0.7900,0,2308
6093,466888,edge,1,0.7900,0,2309
6094,466952,edge,1,0.7900,0,2310
6095,467019,edge,1,0.8000,0,2311
6096,467080,edge,1,0.8000,0,2312
6097,467139,edge,0,0.7900,0,2313
6098,467220,edge,0,0.7800,0,2314
6099,467281,edge,1,0.7800,0,2315
6100,467359,edge,1,0.7800,0,2316
6101,467450,edge,1,0.7800,0,2317
6102,467508,edge,1,0.7800,0,2318
6103,467552,edge,0,0.7700,0,2319
6104,467604,edge,1,0.7700,0,2320
6105,467652,edge,0,0.7600,0,2321
6106,467698,edge,0,0.7500,0,2322
6107,467762,edge,1,0.7500,0,2323
6108,467814,edge,0,0.7400,0,2324
6109,468006,edge,0,0.7300,0,2325
6110,468048,edge,0,0.7300,0,2326
6111,468093,edge,0,0.7200,0,2327
6112,468158,edge,1,0.7200,0,2328
6113,468222,edge,1,0.7200,0,2329
6114,468279,edge,1,0.7300,0,2330
6115,468335,edge,1,0.7400,0,2331
6116,468450,edge,1,0.7400,0,2332
6117,468505,edge,1,0.7400,0,2333
6118,468571,edge,1,0.7500,0,2334
6119,468660,edge,1,0.7500,0,2335
6120,468749,edge,1,0.7500,0,2336
6121,468807,edge,0,0.7400,0,2337
6122,468914,edge,0,0.7300,0,2338
6123,468964,edge,1,0.7300,0,2339
6124,469026,edge,1,0.7300,0,2340
6125,469118,edge,1,0.7300,0,2341
6126,469197,edge,1,0.7400,0,2342
6127,469263,edge,0,0.7400,0,2343
6128,469376,edge,0,0.7300,0,2344
6129,469455,edge,1,0.7300,0,2345
6130,469505,edge,1,0.7400,0,2346
6131,469562,edge,1,0.7500,0,2347
6132,469624,edge,1,0.7600,0,2348
6133,469684,edge,1,0.7600,0,2349
6134,469766,edge,1,0.7600,0,2350
6135,469829,edge,1,0.7700,0,2351
6136,469911,edge,0,0.7600,0,2352
6137,469991,edge,1,0.7600,0,2353
6138,470060,edge,1,0.7600,0,2354
6139,470120,edge,1,0.7600,0,2355
6140,470183,edge,1,0.7700,0,2356
6141,470245,edge,1,0.7700,0,2357
6142,470294,edge,0,0.7600,0,2358
6143,470350,edge,1,0.7600,0,2359
6144,470403,edge,1,0.7600,0,2360
6145,470478,edge,1,0.7600,0,2361
6146,470542,edge,1,0.7600,0,2362
6147,470607,edge,1,0.7600,0,2363
6148,470660,edge,0,0.7500,0,2364
6149,470736,edge,1,0.7500,0,2365
6150,470880,edge,1,0.7600,0,2366
6151,470922,edge,0,0.7600,0,2367
6152,471018,edge,1,0.7700,0,2368
6153,471073,edge,0,0.7600,0,2369
6154,471139,edge,1,0.7600,0,2370
6155,471207,edge,1,0.7600,0,2371
6156,471264,edge,1,0.7700,0,2372
6157,471327,edge,1,0.7700,0,2373
6158,471389,edge,1,0.7700,0,2374
6159,471494,edge,1,0.7700,0,2375
6160,471557,edge,1,0.7700,0,2376
6161,471623,edge,1,0.7700,0,2377
6162,471680,edge,1,0.7700,0,2378
6163,471757,edge,1,0.7700,0,2379
6164,471839,edge,1,0.7700,0,2380
6165,471919,edge,1,0.7700,0,2381
6166,471994,edge,1,0.7700,0,2382
6167,472059,edge,1,0.7700,0,2383
6168,472141,edge,1,0.7700,0,2384
6169,472289,edge,1,0.7700,0,2385
6170,472349,edge,1,0.7700,0,2386
6171,472418,edge,1,0.7700,0,2387
6172,472486,edge,1,0.7700,0,2388
6173,472534,edge,1,0.7700,0,2389
6174,472601,edge,1,0.7800,0,2390
6175,472667,edge,1,0.7800,0,2391
6176,472740,edge,1,0.7800,0,2392
6177,472798,edge,1,0.7800,0,2393
6178,472840,edge,0,0.7800,0,2394
6179,472913,edge,1,0.7900,0,2395
6180,472985,edge,1,0.7900,0,2396
6181,473060,edge,1,0.7900,0,2397
6182,473141,edge,0,0.7800,0,2398
6183,473205,edge,1,0.7800,0,2399
6184,473273,edge,1,0.7800,0,2400
6185,473344,edge,1,0.7800,0,2401
6186,473404,edge,0,0.7700,0,2402
6187,473450,edge,1,0.7800,0,2403
6188,473510,edge,1,0.7900,0,2404
6189,473575,edge,1,0.7900,0,2405
6190,473640,edge,1,0.7900,0,2406
6191,473705,edge,1,0.7900,0,2407
6192,473800,edge,1,0.7900,0,2408
6193,473847,edge,0,0.7800,0,2409
6194,473929,edge,0,0.7700,0,2410
6195,474003,edge,1,0.7700,0,2411
6196,474066,edge,0,0.7600,0,2412
6197,474112,edge,0,0.7600,0,2413
6198,474194,edge,0,0.7600,0,2414
6199,474272,edge,1,0.7600,0,2415
6200,474325,edge,0,0.7500,0,2416
6201,474391,edge,1,0.7500,0,2417
6202,474530,edge,1,0.7500,0,2418
6203,474612,edge,0,0.7500,0,2419
6204,474661,edge,1,0.7500,0,2420
6205,474727,edge,1,0.7600,0,2421
6206,474779,edge,1,0.7700,0,2422
6207,474837,edge,1,0.7700,0,2423
6208,474902,edge,1,0.7800,0,2424
6209,474947,edge,0,0.7800,0,2425
6210,475016,edge,1,0.7900,0,2426
6211,475069,edge,1,0.8000,0,2427
6212,475136,edge,1,0.8000,0,2428
6213,475188,edge,1,0.8000,0,2429
6214,475266,edge,1,0.8000,0,2430
6215,475360,edge,1,0.8000,0,2431
6216,475424,edge,1,0.8000,0,2432
6217,475490,edge,1,0.8000,0,2433
6218,475533,edge,0,0.7900,0,2434
6219,475659,edge,1,0.7900,0,2435
6220,475725,edge,1,0.7900,0,2436
6221,475791,edge,1,0.8000,0,2437
6222,475841,edge,0,0.8000,0,2438
6223,475912,edge,1,0.8000,0,2439
6224,475974,edge,1,0.8000,0,2440
6225,476060,edge,1,0.8000,0,2441
6226,476141,edge,0,0.7900,0,2442
6227,476243,edge,1,0.8000,0,2443
6228,476299,edge,1,0.8100,0,2444
6229,476351,edge,0,0.8000,0,2445
6230,476426,edge,1,0.8000,0,2446
6231,476576,edge,1,0.8000,0,2447
6232,476658,edge,1,0.8000,0,2448
6233,476729,edge,1,0.8000,0,2449
6234,476789,edge,0,0.7900,0,2450
6235,476844,edge,1,0.7900,0,2451
6236,476912,edge,1,0.8000,0,2452
6237,476984,edge,1,0.8000,0,2453
6238,477170,edge,1,0.8000,0,2454
6239,477336,edge,1,0.8000,0,2455
6240,477391,edge,1,0.8000,0,2456
6241,477445,edge,1,0.8000,0,2457
6242,477527,edge,1,0.8100,0,2458
6243,477585,edge,1,0.8100,0,2459
6244,477648,edge,1,0.8100,0,2460
6245,477711,edge,1,0.8100,0,2461
6246,477789,edge,1,0.8100,0,2462
6247,477865,edge,1,0.8100,0,2463
6248,477956,edge,1,0.8200,0,2464
6249,478018,edge,1,0.8200,0,2465
6250,478073,edge,0,0.8100,0,2466
6251,478124,edge,1,0.8200,0,2467
6252,478178,edge,1,0.8200,0,2468
6253,478251,edge,1,0.8300,0,2469
6254,478330,edge,1,0.8300,0,2470
6255,478396,edge,1,0.8300,0,2471
6256,478477,edge,0,0.8200,0,2472
6257,478550,edge,1,0.8200,0,2473
6258,478630,edge,1,0.8200,0,2474
6259,478719,edge,0,0.8100,0,2475
6260,478797,edge,1,0.8100,0,2476
6261,478860,edge,1,0.8100,0,2477
6262,478923,edge,1,0.8100,0,2478
6263,478987,edge,0,0.8000,0,2479
6264,479035,edge,1,0.8000,0,2480
6265,479090,edge,1,0.8000,0,2481
6266,479152,edge,1,0.8000,0,2482
6267,479201,edge,1,0.8000,0,2483
6268,479286,edge,1,0.8000,0,2484
6269,479344,edge,1,0.8000,0,2485
6270,479397,edge,1,0.8000,0,2486
6271,479467,edge,1,0.8000,0,2487
6272,479598,edge,1,0.8000,0,2488
6273,479675,edge,1,0.8000,0,2489
6274,479745,edge,1,0.8000,0,2490
6275,479791,edge,1,0.8000,0,2491
6276,479851,edge,1,0.8000,0,2492
6277,479904,edge,1,0.8000,0,2493
6278,479975,edge,0,0.8000,0,2494
6279,480045,edge,1,0.8000,0,2495
6280,480112,edge,1,0.8000,0,2496
6281,480176,edge,1,0.8000,0,2497
6282,480219,edge,0,0.8000,0,2498
6283,480265,edge,0,0.7900,0,2499
6284,480331,edge,1,0.7900,0,2500
6285,480426,edge,1,0.7900,0,2501
6286,480494,edge,1,0.8000,0,2502
6287,480550,edge,1,0.8000,0,2503
6288,480597,edge,0,0.7900,0,2504
6289,480670,edge,1,0.7900,0,2505
6290,480726,edge,0,0.7800,0,2506
6291,480788,edge,1,0.7800,0,2507
6292,480876,edge,1,0.7800,0,2508
6293,480927,edge,1,0.7900,0,2509
6294,480993,edge,1,0.8000,0,2510
6295,481077,edge,1,0.8000,0,2511
6296,481122,edge,0,0.8000,0,2512
6297,481200,edge,1,0.8100,0,2513
6298,481265,edge,1,0.8200,0,2514
6299,481324,edge,1,0.8200,0,2515
6300,481383,edge,1,0.8300,0,2516
6301,481453,edge,1,0.8300,0,2517
6302,481525,edge,1,0.8300,0,2518
6303,481589,edge,1,0.8400,0,2519
6304,481681,edge,1,0.8400,0,2520
6305,481739,edge,1,0.8400,0,2521
6306,481792,edge,0,0.8300,0,2522
6307,481855,edge,1,0.8300,0,2523
6308,481919,edge,1,0.8300,0,2524
6309,482014,edge,1,0.8400,0,2525
6310,482066,edge,1,0.8400,0,2526
6311,482166,edge,1,0.8400,0,2527
6312,482236,edge,1,0.8400,0,2528
6313,482287,edge,1,0.8400,0,2529
6314,482348,edge,1,0.8400,0,2530
6315,482435,edge,1,0.8400,0,2531
6316,482520,edge,1,0.8400,0,2532
6317,482605,edge,1,0.8400,0,2533
6318,482688,edge,0,0.8400,0,2534
6319,482743,edge,0,0.8300,0,2535
6320,482785,edge,0,0.8200,0,2536
6321,482874,edge,1,0.8200,0,2537
6322,482924,edge,1,0.8300,0,2538
6323,483083,edge,1,0.8300,0,2539
6324,483156,edge,1,0.8300,0,2540
6325,483231,edge,1,0.8300,0,2541
6326,483284,edge,0,0.8300,0,2542
6327,483340,edge,1,0.8300,0,2543
6328,483403,edge,1,0.8300,0,2544
6329,483459,edge,1,0.8400,0,2545
6330,483533,edge,1,0.8400,0,2546
6331,483581,edge,1,0.8400,0,2547
6332,483636,edge,1,0.8400,0,2548
6333,483715,edge,1,0.8400,0,2549
6334,483760,edge,0,0.8400,0,2550
6335,483841,edge,0,0.8300,0,2551
6336,483927,edge,1,0.8300,0,2552
6337,483980,edge,1,0.8300,0,2553
6338,484031,edge,1,0.8300,0,2554
6339,484196,edge,0,0.8200,0,2555
6340,484265,edge,1,0.8200,0,2556
6341,484329,edge,1,0.8200,0,2557
6342,484402,edge,1,0.8200,0,2558
6343,484459,edge,1,0.8200,0,2559
6344,484514,edge,1,0.8200,0,2560
6345,484568,edge,1,0.8200,0,2561
6346,484634,edge,1,0.8200,0,2562
6347,484709,edge,1,0.8200,0,2563
6348,484779,edge,1,0.8200,0,2564
6349,484857,edge,1,0.8200,0,2565
6350,484913,edge,1,0.8300,0,2566
6351,484979,edge,1,0.8300,0,2567
6352,485028,edge,1,0.8300,0,2568
6353,485090,edge,1,0.8300,0,2569
6354,485143,edge,1,0.8300,0,2570
6355,485198,edge,0,0.8200,0,2571
6356,485244,edge,0,0.8200,0,2572
6357,485298,edge,1,0.8200,0,2573
6358,485350,edge,1,0.8200,0,2574
6359,485404,edge,1,0.8300,0,2575
6360,485466,edge,1,0.8300,0,2576
6361,485544,edge,1,0.8300,0,2577
6362,485611,edge,1,0.8300,0,2578
6363,485671,edge,1,0.8400,0,2579
6364,485733,edge,1,0.8400,0,2580
6365,485778,edge,0,0.8300,0,2581
6366,485838,edge,1,0.8300,0,2582
6367,485914,edge,1,0.8300,0,2583
6368,485971,edge,1,0.8300,0,2584
6369,486019,edge,1,0.8300,0,2585
6370,486087,edge,1,0.8300,0,2586
6371,486204,edge,1,0.8300,0,2587
6372,486283,edge,1,0.8300,0,2588
6373,486353,edge,1,0.8300,0,2589
6374,486408,edge,1,0.8300,0,2590
6375,486477,edge,1,0.8300,0,2591
6376,486550,edge,1,0.8300,0,2592
6377,486607,edge,1,0.8300,0,2593
6378,486665,edge,1,0.8400,0,2594
6379,486732,edge,1,0.8400,0,2595
6380,486818,edge,0,0.8300,0,2596
6381,486910,edge,0,0.8200,0,2597
6382,487018,edge,1,0.8300,0,2598
6383,487074,edge,1,0.8400,0,2599
6384,487151,edge,1,0.8400,0,2600
6385,487221,edge,1,0.8400,0,2601
6386,487287,edge,1,0.8400,0,2602
6387,487347,edge,1,0.8400,0,2603
6388,487416,edge,1,0.8500,0,2604
6389,487467,edge,1,0.8500,0,2605
6390,487543,edge,1,0.8600,0,2606
6391,487591,edge,1,0.8600,0,2607
6392,487645,edge,1,0.8600,0,2608
6393,487727,edge,1,0.8600,0,2609
6394,487789,edge,1,0.8600,0,2610
6395,487861,edge,1,0.8600,0,2611
6396,487924,edge,1,0.8700,0,2612
6397,488005,edge,1,0.8700,0,2613
6398,488072,edge,1,0.8700,0,2614
6399,488126,edge,1,0.8700,0,2615
6400,488288,edge,1,0.8700,0,2616
6401,488353,edge,1,0.8700,0,2617
6402,488429,edge,1,0.8700,0,2618
6403,488477,edge,0,0.8600,0,2619
6404,488535,edge,1,0.8600,0,2620
6405,488586,edge,1,0.8600,0,2621
6406,488647,edge,1,0.8700,0,2622
6407,488720,edge,1,0.8700,0,2623
6408,488869,edge,1,0.8700,0,2624
6409,488956,edge,1,0.8700,0,2625
6410,489087,edge,0,0.8600,0,2626
6411,489155,edge,1,0.8600,0,2627
6412,489210,edge,0,0.8500,0,2628
6413,489281,edge,1,0.8500,0,2629
6414,489342,edge,1,0.8500,0,2630
6415,489411,edge,1,0.8500,0,2631
6416,489464,edge,1,0.8500,0,2632
6417,489518,edge,1,0.8500,0,2633
6418,489576,edge,1,0.8600,0,2634
6419,489639,edge,1,0.8700,0,2635
6420,489730,edge,1,0.8800,0,2636
6421,489789,edge,1,0.8800,0,2637
6422,489873,edge,1,0.8800,0,2638
6423,489965,edge,1,0.8800,0,2639
6424,490037,edge,1,0.8800,0,2640
6425,490102,edge,1,0.8800,0,2641
6426,490179,edge,1,0.8900,0,2642
6427,490260,edge,1,0.8900,0,2643
6428,490513,edge,1,0.8900,0,2644
6429,490582,edge,1,0.8900,0,2645
6430,490665,edge,1,0.8900,0,2646
6431,490713,edge,1,0.8900,0,2647
6432,490846,edge,1,0.8900,0,2648
6433,490903,edge,1,0.8900,0,2649
6434,490966,edge,1,0.9000,0,2650
6435,491020,edge,1,0.9100,0,2651
6436,491065,edge,0,0.9000,0,2652
6437,491127,edge,1,0.9000,0,2653
6438,491211,edge,0,0.8900,0,2654
6439,491287,edge,1,0.9000,0,2655
6440,491444,edge,1,0.9000,0,2656
6441,491531,edge,0,0.8900,0,2657
6442,491587,edge,1,0.8900,0,2658
6443,491669,edge,0,0.8800,0,2659
6444,491733,edge,1,0.8800,0,2660
6445,491782,edge,1,0.8800,0,2661
6446,491864,edge,0,0.8700,0,2662
6447,491914,edge,1,0.8700,0,2663
6448,491976,edge,1,0.8700,0,2664
6449,492062,edge,1,0.8700,0,2665
6450,492114,edge,1,0.8700,0,2666
6451,492169,edge,1,0.8700,0,2667
6452,492239,edge,1,0.8700,0,2668
6453,492296,edge,1,0.8700,0,2669
6454,492361,edge,1,0.8700,0,2670
6455,492512,edge,1,0.8800,0,2671
6456,492595,edge,1,0.8900,0,2672
6457,492662,edge,1,0.8900,0,2673
6458,492719,edge,1,0.8900,0,2674
6459,492770,edge,1,0.8900,0,2675
6460,492845,edge,1,0.8900,0,2676
6461,492898,edge,1,0.8900,0,2677
6462,493056,edge,1,0.8900,0,2678
6463,493102,edge,0,0.8800,0,2679
6464,493160,edge,1,0.8800,0,2680
6465,493246,edge,1,0.8900,0,2681
6466,493336,edge,1,0.8900,0,2682
6467,493406,edge,1,0.8900,0,2683
6468,493498,edge,0,0.8800,0,2684
6469,493583,edge,1,0.8800,0,2685
6470,493667,edge,1,0.8800,0,2686
6471,493725,edge,1,0.8800,0,2687
6472,493781,edge,1,0.8800,0,2688
6473,493828,edge,1,0.8800,0,2689
6474,493886,edge,1,0.8800,0,2690
6475,493946,edge,1,0.8800,0,2691
6476,494019,edge,1,0.8800,0,2692
6477,494096,edge,1,0.8800,0,2693
6478,494177,edge,1,0.8800,0,2694
6479,494222,edge,0,0.8700,0,2695
6480,494266,edge,0,0.8700,0,2696
6481,494346,edge,1,0.8800,0,2697
6482,494402,edge,1,0.8800,0,2698
6483,494498,edge,1,0.8800,0,2699
6484,494554,edge,1,0.8800,0,2700
6485,494597,edge,1,0.8800,0,2701
6486,494654,edge,1,0.8800,0,2702
6487,494706,edge,0,0.8700,0,2703
6488,494765,edge,1,0.8700,0,2704
6489,494828,edge,1,0.8700,0,2705
6490,494928,edge,1,0.8700,0,2706
6491,495004,edge,1,0.8700,0,2707
6492,495085,edge,0,0.8600,0,2708
6493,495140,edge,1,0.8600,0,2709
6494,495228,edge,1,0.8600,0,2710
6495,495314,edge,1,0.8600,0,2711
6496,495368,edge,1,0.8600,0,2712
6497,495450,edge,0,0.8500,0,2713
6498,495533,edge,1,0.8500,0,2714
6499,495609,edge,1,0.8500,0,2715
6500,495653,edge,0,0.8400,0,2716
6501,495709,edge,1,0.8400,0,2717
6502,495795,edge,1,0.8400,0,2718
6503,495855,edge,1,0.8500,0,2719
6504,495924,edge,1,0.8500,0,2720
6505,495974,edge,1,0.8500,0,2721
6506,496028,edge,1,0.8500,0,2722
6507,496075,edge,1,0.8500,0,2723
6508,496134,edge,1,0.8500,0,2724
6509,496190,edge,0,0.8400,0,2725
6510,496248,edge,1,0.8500,0,2726
6511,496322,edge,1,0.8500,0,2727
6512,496411,edge,1,0.8600,0,2728
6513,496466,edge,1,0.8600,0,2729
6514,496530,edge,1,0.8600,0,2730
6515,496575,edge,0,0.8500,0,2731
6516,496628,edge,1,0.8500,0,2732
6517,496699,edge,1,0.8500,0,2733
6518,496751,edge,0,0.8400,0,2734
6519,496836,edge,1,0.8400,0,2735
6520,496900,edge,1,0.8400,0,2736
6521,496966,edge,0,0.8300,0,2737
6522,497042,edge,0,0.8200,0,2738
6523,497106,edge,0,0.8100,0,2739
6524,497161,edge,1,0.8100,0,2740
6525,497227,edge,1,0.8100,0,2741
6526,497313,edge,0,0.8000,0,2742
6527,497394,edge,0,0.7900,0,2743
6528,497450,edge,1,0.7900,0,2744
6529,497527,edge,1,0.7900,0,2745
6530,497571,edge,0,0.7800,0,2746
6531,497638,edge,1,0.7800,0,2747
6532,497704,edge,1,0.7800,0,2748
6533,497776,edge,1,0.7800,0,2749
6534,497828,edge,1,0.7800,0,2750
6535,497892,edge,1,0.7800,0,2751
6536,497938,edge,0,0.7800,0,2752
6537,498016,edge,1,0.7800,0,2753
6538,498093,edge,1,0.7900,0,2754
6539,498169,edge,1,0.7900,0,2755
6540,498233,edge,1,0.7900,0,2756
6541,498295,edge,0,0.7900,0,2757
6542,498355,edge,1,0.7900,0,2758
6543,498417,edge,1,0.8000,0,2759
6544,498466,edge,0,0.7900,0,2760
6545,498550,edge,0,0.7800,0,2761
6546,498622,edge,1,0.7900,0,2762
6547,498668,edge,1,0.7900,0,2763
6548,498729,edge,1,0.7900,0,2764
6549,498885,edge,1,0.7900,0,2765
6550,498966,edge,0,0.7800,0,2766
6551,499030,edge,1,0.7800,0,2767
6552,499094,edge,1,0.7800,0,2768
6553,499244,edge,0,0.7700,0,2769
6554,499295,edge,0,0.7600,0,2770
6555,499366,edge,1,0.7600,0,2771
6556,499442,edge,1,0.7600,0,2772
6557,499511,edge,1,0.7600,0,2773
6558,499561,edge,1,0.7600,0,2774
6559,499639,edge,1,0.7600,0,2775
6560,499688,edge,1,0.7600,0,2776
6561,499733,edge,1,0.7600,0,2777
6562,499819,edge,1,0.7600,0,2778
6563,499878,edge,1,0.7700,0,2779
6564,499944,edge,1,0.7700,0,2780
6565,500007,edge,1,0.7700,0,2781
6566,500081,corner,1,0.7700,1,1
6567,500158,corner,1,0.7700,1,2
6568,500228,corner,1,0.7800,1,3
6569,500281,corner,1,0.7800,1,4
6570,500360,corner,1,0.7800,1,5
6571,500438,corner,1,0.7800,1,6
6572,500519,corner,1,0.7800,1,7
6573,500592,corner,1,0.7800,1,8
6574,500664,corner,1,0.7800,1,9
6575,500712,corner,0,0.7700,1,10
6576,500802,corner,1,0.7700,1,11
6577,500987,corner,1,0.7700,1,12
6578,501128,corner,0,0.7600,1,13
6579,501213,corner,1,0.7700,1,14
6580,501265,corner,0,0.7700,1,15
6581,501350,corner,1,0.7700,1,16
6582,501422,corner,1,0.7700,1,17
6583,501492,corner,1,0.7700,1,18
6584,501543,corner,0,0.7600,1,19
6585,501639,corner,1,0.7600,1,20
6586,501721,corner,0,0.7500,1,21
6587,501795,corner,1,0.7600,1,22
6588,501854,corner,1,0.7600,1,23
6589,501927,corner,1,0.7600,1,24
6590,502016,corner,1,0.7600,1,25
6591,502126,corner,1,0.7600,1,26
6592,502186,corner,1,0.7700,1,27
6593,502248,corner,1,0.7700,1,28
6594,502312,corner,1,0.7700,1,29
6595,502419,corner,1,0.7700,1,30
6596,502506,corner,1,0.7700,1,31
6597,502588,corner,1,0.7800,1,32
6598,502663,corner,1,0.7800,1,33
6599,502742,corner,1,0.7800,1,34
6600,502822,corner,1,0.7900,1,35
6601,502896,corner,1,0.7900,1,36
6602,502948,corner,0,0.7800,1,37
6603,503032,corner,1,0.7800,1,38
6604,503107,corner,1,0.7800,1,39
6605,503201,corner,1,0.7800,1,40
6606,503282,corner,1,0.7800,1,41
6607,503359,corner,1,0.7800,1,42
6608,503564,corner,1,0.7800,1,43
6609,503633,corner,1,0.7900,1,44
6610,503696,corner,1,0.7900,1,45
6611,503758,corner,1,0.7900,1,46
6612,503825,corner,1,0.7900,1,47
6613,503906,corner,0,0.7800,1,48
6614,503991,corner,1,0.7800,1,49
6615,504060,corner,1,0.7900,1,50
6616,504159,corner,1,0.7900,1,51
6617,504240,corner,0,0.7800,1,52
6618,504302,corner,1,0.7900,1,53
6619,504345,corner,0,0.7800,1,54
6620,504426,corner,1,0.7800,1,55
6621,504492,corner,1,0.7900,1,56
6622,504625,corner,1,0.8000,1,57
6623,504705,corner,1,0.8100,1,58
6624,504787,corner,0,0.8000,1,59
6625,504884,corner,1,0.8000,1,60
6626,504943,corner,1,0.8100,1,61
6627,505010,corner,1,0.8200,1,62
6628,505086,corner,1,0.8200,1,63
6629,505167,corner,0,0.8100,1,64
6630,505259,corner,1,0.8200,1,65
6631,505320,corner,0,0.8100,1,66
6632,505394,corner,1,0.8100,1,67
6633,505446,corner,0,0.8000,1,68
6634,505497,corner,0,0.7900,1,69
6635,505583,corner,1,0.7900,1,70
6636,505682,corner,1,0.8000,1,71
6637,505758,corner,1,0.8000,1,72
6638,505827,corner,1,0.8000,1,73
6639,505873,corner,0,0.7900,1,74
6640,505944,corner,1,0.7900,1,75
6641,505990,corner,0,0.7900,1,76
6642,506071,corner,1,0.7900,1,77
6643,506137,corner,0,0.7800,1,78
6644,506190,corner,1,0.7900,1,79
6645,506235,corner,0,0.7900,1,80
6646,506295,corner,0,0.7800,1,81
6647,506386,corner,1,0.7800,1,82
6648,506554,corner,0,0.7700,1,83
6649,506626,corner,1,0.7700,1,84
6650,506696,corner,1,0.7800,1,85
6651,506776,corner,1,0.7800,1,86
6652,506857,corner,1,0.7800,1,87
6653,506933,corner,1,0.7900,1,88
6654,507026,corner,1,0.8000,1,89
6655,507100,corner,1,0.8000,1,90
6656,507202,corner,1,0.8000,1,91
6657,507331,corner,1,0.8000,1,92
6658,507412,corner,0,0.7900,1,93
6659,507502,corner,1,0.7900,1,94
6660,507593,corner,1,0.7900,1,95
6661,507694,corner,1,0.7900,1,96
6662,507768,corner,1,0.7900,1,97
6663,507835,corner,1,0.7900,1,98
6664,507906,corner,1,0.7900,1,99
6665,507996,corner,1,0.7900,1,100
6666,508086,corner,0,0.7800,1,101
6667,508133,corner,1,0.7800,1,102
6668,508189,corner,1,0.7800,1,103
6669,508256,corner,1,0.7800,1,104
6670,508339,corner,1,0.7800,1,105
6671,508418,corner,1,0.7800,1,106
6672,508471,corner,0,0.7700,1,107
6673,508552,corner,0,0.7600,1,108
6674,508597,corner,0,0.7500,1,109
6675,508666,corner,1,0.7600,1,110
6676,508718,corner,0,0.7500,1,111
6677,508890,corner,1,0.7500,1,112
6678,508979,corner,1,0.7600,1,113
6679,509054,corner,1,0.7600,1,114
6680,509138,corner,1,0.7700,1,115
6681,509185,corner,0,0.7600,1,116
6682,509260,corner,1,0.7600,1,117
6683,509367,corner,1,0.7600,1,118
6684,509420,corner,0,0.7600,1,119
6685,509498,corner,1,0.7600,1,120
6686,509544,corner,0,0.7600,1,121
6687,509633,corner,1,0.7600,1,122
6688,509679,corner,0,0.7500,1,123
6689,509760,corner,0,0.7400,1,124
6690,509806,corner,1,0.7400,1,125
6691,509872,corner,1,0.7400,1,126
6692,509964,corner,1,0.7400,1,127
6693,510033,corner,1,0.7400,1,128
6694,510142,corner,1,0.7400,1,129
6695,510223,corner,1,0.7400,1,130
6696,510296,corner,1,0.7400,1,131
6697,510417,corner,1,0.7400,1,132
6698,510488,corner,1,0.7400,1,133
6699,510566,corner,1,0.7400,1,134
6700,510651,corner,0,0.7300,1,135
6701,510732,corner,0,0.7200,1,136
6702,510803,corner,1,0.7300,1,137
6703,510875,corner,1,0.7300,1,138
6704,510950,corner,1,0.7300,1,139
6705,511000,corner,0,0.7200,1,140
6706,511079,corner,1,0.7200,1,141
6707,511201,corner,1,0.7200,1,142
6708,511288,corner,1,0.7200,1,143
6709,511338,corner,0,0.7100,1,144
6710,511445,corner,1,0.7100,1,145
6711,511526,corner,0,0.7000,1,146
6712,511603,corner,1,0.7000,1,147
6713,511684,corner,0,0.7000,1,148
6714,511799,corner,1,0.7000,1,149
6715,511850,corner,0,0.6900,1,150
6716,511931,corner,0,0.6800,1,151
6717,512025,corner,1,0.6900,1,152
6718,512079,corner,1,0.6900,1,153
6719,512181,corner,0,0.6900,1,154
6720,512299,corner,1,0.6900,1,155
6721,512353,corner,0,0.6800,1,156
6722,512415,corner,1,0.6800,1,157
6723,512463,corner,1,0.6800,1,158
6724,512551,corner,1,0.6900,1,159
6725,512632,corner,1,0.6900,1,160
6726,512680,corner,0,0.6800,1,161
6727,512767,corner,1,0.6800,1,162
6728,512809,corner,0,0.6700,1,163
6729,512876,corner,1,0.6800,1,164
6730,512968,corner,0,0.6700,1,165
6731,513014,corner,0,0.6700,1,166
6732,513094,corner,1,0.6700,1,167
6733,513176,corner,0,0.6700,1,168
6734,513258,corner,1,0.6800,1,169
6735,513359,corner,0,0.6700,1,170
6736,513455,corner,1,0.6700,1,171
6737,513525,corner,1,0.6700,1,172
6738,513587,corner,0,0.6600,1,173
6739,513640,corner,1,0.6700,1,174
6740,513685,corner,0,0.6600,1,175
6741,513771,corner,1,0.6700,1,176
6742,513821,corner,0,0.6600,1,177
6743,513868,corner,0,0.6600,1,178
6744,513957,corner,1,0.6600,1,179
6745,514019,corner,1,0.6700,1,180
6746,514082,corner,1,0.6800,1,181
6747,514131,corner,0,0.6700,1,182
6748,514178,corner,0,0.6700,1,183
6749,514252,corner,1,0.6700,1,184
6750,514331,corner,1,0.6700,1,185
6751,514421,corner,1,0.6700,1,186
6752,514494,corner,1,0.6700,1,187
6753,514558,corner,1,0.6700,1,188
6754,514626,corner,1,0.6700,1,189
6755,514679,corner,0,0.6600,1,190
6756,514761,corner,0,0.6500,1,191
6757,514847,corner,0,0.6400,1,192
6758,514897,corner,0,0.6400,1,193
6759,515028,corner,0,0.6300,1,194
6760,515178,corner,1,0.6300,1,195
6761,515237,corner,1,0.6300,1,196
6762,515302,corner,1,0.6300,1,197
6763,515373,corner,0,0.6200,1,198
6764,515439,corner,1,0.6200,1,199
6765,515523,corner,1,0.6200,1,200
6766,515604,corner,0,0.6200,1,201
6767,515674,corner,1,0.6200,1,202
6768,515745,corner,1,0.6200,1,203
6769,515881,corner,0,0.6100,1,204
6770,515938,corner,1,0.6100,1,205
6771,515981,corner,0,0.6000,1,206
6772,516052,corner,1,0.6100,1,207
6773,516149,corner,0,0.6100,1,208
6774,516206,corner,1,0.6200,1,209
6775,516278,corner,1,0.6200,1,210
6776,516335,corner,1,0.6300,1,211
6777,516402,corner,1,0.6300,1,212
6778,516470,corner,0,0.6200,1,213
6779,516623,corner,1,0.6200,1,214
6780,516689,corner,1,0.6200,1,215
6781,516753,corner,1,0.6300,1,216
6782,516816,corner,1,0.6300,1,217
6783,516905,corner,1,0.6300,1,218
6784,516979,corner,1,0.6400,1,219
6785,517047,corner,1,0.6400,1,220
6786,517128,corner,0,0.6400,1,221
6787,517208,corner,1,0.6400,1,222
6788,517251,corner,0,0.6400,1,223
6789,517312,corner,1,0.6500,1,224
6790,517391,corner,1,0.6500,1,225
6791,517438,corner,0,0.6400,1,226
6792,517493,corner,0,0.6300,1,227
6793,517558,corner,1,0.6300,1,228
6794,517637,corner,1,0.6300,1,229
6795,517715,corner,1,0.6300,1,230
6796,517769,corner,1,0.6300,1,231
6797,517850,corner,0,0.6200,1,232
6798,517972,corner,1,0.6200,1,233
6799,518023,corner,0,0.6100,1,234
6800,518082,corner,1,0.6200,1,235
6801,518167,corner,1,0.6300,1,236
6802,518293,corner,1,0.6300,1,237
6803,518350,corner,0,0.6200,1,238
6804,518400,corner,0,0.6100,1,239
6805,518453,corner,0,0.6100,1,240
6806,518507,corner,0,0.6000,1,241
6807,518658,corner,0,0.5900,1,242
6808,518710,corner,0,0.5800,1,243
6809,518785,corner,1,0.5900,1,244
6810,518848,corner,1,0.5900,1,245
6811,518901,corner,1,0.6000,1,246
6812,518974,corner,1,0.6000,1,247
6813,519032,corner,1,0.6100,1,248
6814,519168,corner,0,0.6000,1,249
6815,519228,corner,1,0.6100,1,250
6816,519315,corner,1,0.6200,1,251
6817,519373,corner,0,0.6100,1,252
6818,519446,corner,1,0.6100,1,253
6819,519507,corner,0,0.6100,1,254
6820,519622,corner,1,0.6100,1,255
6821,519667,corner,0,0.6100,1,256
6822,519712,corner,1,0.6100,1,257
6823,519814,corner,0,0.6000,1,258
6824,519873,corner,0,0.5900,1,259
6825,519926,corner,0,0.5800,1,260
6826,519984,corner,1,0.5900,1,261
6827,520055,corner,1,0.5900,1,262
6828,520131,corner,1,0.6000,1,263
6829,520195,corner,0,0.5900,1,264
6830,520250,corner,0,0.5900,1,265
6831,520318,corner,1,0.6000,1,266
6832,520414,corner,1,0.6000,1,267
6833,520473,corner,0,0.6000,1,268
6834,520528,corner,0,0.5900,1,269
6835,520586,corner,1,0.6000,1,270
6836,520650,corner,1,0.6000,1,271
6837,520698,corner,0,0.5900,1,272
6838,520752,corner,1,0.6000,1,273
6839,520833,corner,0,0.5900,1,274
6840,520905,corner,1,0.6000,1,275
6841,520964,corner,0,0.5900,1,276
6842,521021,corner,1,0.6000,1,277
6843,521110,corner,1,0.6100,1,278
6844,521191,corner,0,0.6000,1,279
6845,521272,corner,0,0.5900,1,280
6846,521351,corner,1,0.5900,1,281
6847,521426,corner,1,0.6000,1,282
6848,521487,corner,1,0.6100,1,283
6849,521560,corner,1,0.6100,1,284
6850,521615,corner,1,0.6100,1,285
6851,521714,corner,1,0.6100,1,286
6852,521778,corner,1,0.6100,1,287
6853,521845,corner,1,0.6100,1,288
6854,521903,corner,1,0.6100,1,289
6855,521955,corner,0,0.6100,1,290
6856,522104,corner,1,0.6200,1,291
6857,522344,corner,1,0.6300,1,292
6858,522404,corner,1,0.6400,1,293
6859,522459,corner,1,0.6500,1,294
6860,522601,corner,1,0.6500,1,295
6861,522687,corner,1,0.6500,1,296
6862,522736,corner,1,0.6500,1,297
6863,522789,corner,1,0.6600,1,298
6864,522900,corner,0,0.6500,1,299
6865,522973,corner,1,0.6500,1,300
6866,523054,corner,0,0.6500,1,301
6867,523140,corner,1,0.6500,1,302
6868,523203,corner,0,0.6400,1,303
6869,523277,corner,1,0.6500,1,304
6870,523423,corner,1,0.6500,1,305
6871,523483,corner,1,0.6600,1,306
6872,523590,corner,1,0.6600,1,307
6873,523675,corner,0,0.6600,1,308
6874,523750,corner,1,0.6600,1,309
6875,523809,corner,0,0.6500,1,310
6876,523892,corner,0,0.6400,1,311
6877,524000,corner,1,0.6400,1,312
6878,524064,corner,1,0.6500,1,313
6879,524123,corner,1,0.6500,1,314
6880,524188,corner,1,0.6500,1,315
6881,524264,corner,1,0.6500,1,316
6882,524312,corner,0,0.6400,1,317
6883,524389,corner,1,0.6400,1,318
6884,524460,corner,1,0.6400,1,319
6885,524518,corner,1,0.6400,1,320
6886,524633,corner,1,0.6500,1,321
6887,524737,corner,1,0.6500,1,322
6888,524802,corner,1,0.6600,1,323
6889,524880,corner,1,0.6600,1,324
6890,524934,corner,0,0.6500,1,325
6891,525012,corner,1,0.6600,1,326
6892,525079,corner,1,0.6700,1,327
6893,525157,corner,1,0.6700,1,328
6894,525244,corner,1,0.6700,1,329
6895,525313,corner,1,0.6700,1,330
6896,525410,corner,0,0.6600,1,331
6897,525461,corner,0,0.6600,1,332
6898,525542,corner,0,0.6500,1,333
6899,525589,corner,0,0.6500,1,334
6900,525677,corner,1,0.6500,1,335
6901,525752,corner,1,0.6500,1,336
6902,525829,corner,1,0.6500,1,337
6903,525885,corner,0,0.6500,1,338
6904,525932,corner,0,0.6500,1,339
6905,526008,corner,0,0.6500,1,340
6906,526102,corner,1,0.6600,1,341
6907,526173,corner,1,0.6700,1,342
6908,526285,corner,1,0.6800,1,343
6909,526345,corner,0,0.6700,1,344
6910,526441,corner,1,0.6700,1,345
6911,526492,corner,0,0.6600,1,346
6912,526555,corner,1,0.6600,1,347
6913,526621,corner,1,0.6600,1,348
6914,526693,corner,1,0.6700,1,349
6915,526773,corner,1,0.6700,1,350
6916,526837,corner,1,0.6700,1,351
6917,526921,corner,1,0.6800,1,352
6918,527021,corner,1,0.6800,1,353
6919,527068,corner,0,0.6800,1,354
6920,527165,corner,1,0.6800,1,355
6921,527231,corner,1,0.6900,1,356
6922,527299,corner,1,0.6900,1,357
6923,527372,corner,1,0.7000,1,358
6924,527453,corner,0,0.7000,1,359
6925,527537,corner,1,0.7100,1,360
6926,527609,corner,1,0.7100,1,361
6927,527674,corner,1,0.7100,1,362
6928,527741,corner,1,0.7100,1,363
6929,527808,corner,1,0.7200,1,364
6930,527885,corner,1,0.7300,1,365
6931,527959,corner,1,0.7300,1,366
6932,528024,corner,1,0.7300,1,367
6933,528090,corner,1,0.7400,1,368
6934,528181,corner,0,0.7400,1,369
6935,528244,corner,0,0.7300,1,370
6936,528327,corner,0,0.7200,1,371
6937,528488,corner,0,0.7200,1,372
6938,528557,corner,1,0.7200,1,373
6939,528646,corner,1,0.7300,1,374
6940,528720,corner,1,0.7300,1,375
6941,528809,corner,1,0.7400,1,376
6942,528875,corner,1,0.7400,1,377
6943,528964,corner,1,0.7400,1,378
6944,529011,corner,0,0.7400,1,379
6945,529075,corner,1,0.7500,1,380
6946,529144,corner,1,0.7500,1,381
6947,529222,corner,1,0.7500,1,382
6948,529296,corner,1,0.7500,1,383
6949,529345,corner,0,0.7400,1,384
6950,529443,corner,1,0.7400,1,385
6951,529538,corner,1,0.7400,1,386
6952,529646,corner,0,0.7300,1,387
6953,529705,corner,0,0.7200,1,388
6954,529786,corner,0,0.7100,1,389
6955,529849,corner,1,0.7200,1,390
6956,529952,corner,0,0.7100,1,391
6957,530033,corner,1,0.7100,1,392
6958,530089,corner,1,0.7100,1,393
6959,530270,corner,1,0.7100,1,394
6960,530358,corner,1,0.7100,1,395
6961,530417,corner,0,0.7000,1,396
6962,530501,corner,1,0.7000,1,397
6963,530568,corner,1,0.7000,1,398
6964,530645,corner,1,0.7100,1,399
6965,530721,corner,1,0.7100,1,400
6966,530806,corner,0,0.7100,1,401
6967,530891,corner,1,0.7100,1,402
6968,530984,corner,1,0.7200,1,403
6969,531040,corner,0,0.7100,1,404
6970,531122,corner,0,0.7000,1,405
6971,531204,corner,0,0.6900,1,406
6972,531279,corner,1,0.6900,1,407
6973,531350,corner,1,0.7000,1,408
6974,531403,corner,0,0.6900,1,409
6975,531501,corner,1,0.7000,1,410
6976,531581,corner,1,0.7100,1,411
6977,531643,corner,1,0.7100,1,412
6978,531794,corner,0,0.7000,1,413
6979,531864,corner,1,0.7000,1,414
6980,531920,corner,0,0.6900,1,415
6981,531994,corner,1,0.6900,1,416
6982,532056,corner,0,0.6900,1,417
6983,532105,corner,0,0.6800,1,418
6984,532154,corner,0,0.6700,1,419
6985,532242,corner,1,0.6700,1,420
6986,532329,corner,1,0.6700,1,421
6987,532401,corner,1,0.6700,1,422
6988,532565,corner,1,0.6700,1,423
6989,532736,corner,0,0.6600,1,424
6990,532817,corner,0,0.6600,1,425
6991,532888,corner,1,0.6600,1,426
6992,532976,corner,1,0.6600,1,427
6993,533057,corner,0,0.6500,1,428
6994,533139,corner,1,0.6500,1,429
6995,533208,corner,1,0.6500,1,430
6996,533270,corner,1,0.6600,1,431
6997,533342,corner,0,0.6600,1,432
6998,533415,corner,1,0.6700,1,433
6999,533497,corner,0,0.6700,1,434
7000,533584,corner,0,0.6600,1,435
7001,533634,corner,0,0.6500,1,436
7002,533696,corner,1,0.6500,1,437
7003,533738,corner,0,0.6500,1,438
7004,533800,corner,1,0.6600,1,439
7005,533894,corner,1,0.6700,1,440
7006,534072,corner,1,0.6700,1,441
7007,534166,corner,1,0.6700,1,442
7008,534319,corner,1,0.6700,1,443
7009,534378,corner,0,0.6700,1,444
7010,534460,corner,1,0.6700,1,445
7011,534539,corner,1,0.6800,1,446
7012,534590,corner,1,0.6800,1,447
7013,534685,corner,1,0.6800,1,448
7014,534868,corner,1,0.6800,1,449
7015,534939,corner,1,0.6800,1,450
7016,535025,corner,1,0.6800,1,451
7017,535101,corner,1,0.6800,1,452
7018,535185,corner,1,0.6800,1,453
7019,535251,corner,1,0.6900,1,454
7020,535350,corner,1,0.6900,1,455
7021,535425,corner,1,0.6900,1,456
7022,535491,corner,1,0.6900,1,457
7023,535539,corner,0,0.6800,1,458
7024,535623,corner,0,0.6800,1,459
7025,535677,corner,1,0.6800,1,460
7026,535733,corner,1,0.6800,1,461
7027,535804,corner,1,0.6800,1,462
7028,535878,corner,1,0.6800,1,463
7029,535959,corner,1,0.6800,1,464
7030,536041,corner,0,0.6700,1,465
7031,536122,corner,0,0.6600,1,466
7032,536179,corner,1,0.6600,1,467
7033,536318,corner,1,0.6600,1,468
7034,536364,corner,0,0.6600,1,469
7035,536436,corner,1,0.6700,1,470
7036,536514,corner,1,0.6800,1,471
7037,536584,corner,1,0.6900,1,472
7038,536665,corner,0,0.6800,1,473
7039,536746,corner,0,0.6700,1,474
7040,536821,corner,1,0.6700,1,475
7041,536907,corner,1,0.6700,1,476
7042,536989,corner,0,0.6600,1,477
7043,537070,corner,0,0.6500,1,478
7044,537214,corner,1,0.6600,1,479
7045,537316,corner,0,0.6500,1,480
7046,537386,corner,1,0.6500,1,481
7047,537439,corner,0,0.6400,1,482
7048,537517,corner,0,0.6300,1,483
7049,537622,corner,1,0.6400,1,484
7050,537708,corner,1,0.6400,1,485
7051,537793,corner,1,0.6400,1,486
7052,537897,corner,1,0.6500,1,487
7053,537979,corner,1,0.6600,1,488
7054,538056,corner,1,0.6700,1,489
7055,538138,corner,1,0.6700,1,490
7056,538215,corner,1,0.6800,1,491
7057,538293,corner,1,0.6800,1,492
7058,538379,corner,0,0.6700,1,493
7059,538472,corner,1,0.6700,1,494
7060,538553,corner,0,0.6600,1,495
7061,538634,corner,1,0.6700,1,496
7062,538723,corner,1,0.6700,1,497
7063,538804,corner,0,0.6600,1,498
7064,538860,corner,0,0.6500,1,499
7065,538915,corner,0,0.6400,1,500
7066,539035,corner,1,0.6500,1,501
7067,539097,corner,1,0.6500,1,502
7068,539183,corner,1,0.6500,1,503
7069,539264,corner,1,0.6600,1,504
7070,539387,corner,0,0.6600,1,505
7071,539460,corner,0,0.6600,1,506
7072,539535,corner,1,0.6600,1,507
7073,539605,corner,1,0.6600,1,508
7074,539672,corner,1,0.6700,1,509
7075,539753,corner,1,0.6700,1,510
7076,539827,corner,1,0.6700,1,511
7077,539909,corner,0,0.6600,1,512
7078,539989,corner,1,0.6700,1,513
7079,540067,corner,1,0.6700,1,514
7080,540116,corner,0,0.6700,1,515
7081,540210,corner,1,0.6700,1,516
7082,540338,corner,1,0.6800,1,517
7083,540391,corner,0,0.6800,1,518
7084,540463,corner,1,0.6900,1,519
7085,540528,corner,1,0.6900,1,520
7086,540600,corner,1,0.6900,1,521
7087,540677,corner,1,0.6900,1,522
7088,540731,corner,1,0.6900,1,523
7089,540801,corner,1,0.7000,1,524
7090,540848,corner,0,0.7000,1,525
7091,540899,corner,0,0.6900,1,526
7092,540970,corner,1,0.6900,1,527
7093,541045,corner,1,0.7000,1,528
7094,541137,corner,1,0.7000,1,529
7095,541210,corner,1,0.7000,1,530
7096,541299,corner,1,0.7000,1,531
7097,541352,corner,0,0.7000,1,532
7098,541427,corner,1,0.7000,1,533
7099,541530,corner,1,0.7100,1,534
7100,541633,corner,0,0.7100,1,535
7101,541740,corner,1,0.7200,1,536
7102,541812,corner,1,0.7200,1,537
7103,541878,corner,1,0.7300,1,538
7104,541959,corner,0,0.7200,1,539
7105,542092,corner,0,0.7100,1,540
7106,542171,corner,1,0.7100,1,541
7107,542237,corner,0,0.7000,1,542
7108,542307,corner,1,0.7000,1,543
7109,542363,corner,0,0.7000,1,544
7110,542463,corner,1,0.7000,1,545
7111,542519,corner,1,0.7000,1,546
7112,542574,corner,1,0.7000,1,547
7113,542644,corner,1,0.7000,1,548
7114,542743,corner,1,0.7000,1,549
7115,542812,corner,1,0.7000,1,550
7116,542870,corner,1,0.7000,1,551
7117,542958,corner,1,0.7000,1,552
7118,543039,corner,0,0.6900,1,553
7119,543124,corner,1,0.6900,1,554
7120,543193,corner,1,0.6900,1,555
7121,543280,corner,0,0.6800,1,556
7122,543362,corner,1,0.6800,1,557
7123,543450,corner,1,0.6900,1,558
7124,543520,corner,1,0.7000,1,559
7125,543591,corner,1,0.7000,1,560
7126,543657,corner,0,0.6900,1,561
7127,543736,corner,1,0.6900,1,562
7128,543786,corner,0,0.6800,1,563
7129,543877,corner,1,0.6800,1,564
7130,543941,corner,1,0.6900,1,565
7131,543990,corner,0,0.6900,1,566
7132,544054,corner,0,0.6800,1,567
7133,544155,corner,1,0.6800,1,568
7134,544218,corner,0,0.6800,1,569
7135,544280,corner,1,0.6800,1,570
7136,544335,corner,0,0.6700,1,571
7137,544390,corner,0,0.6600,1,572
7138,544468,corner,1,0.6700,1,573
7139,544556,corner,1,0.6800,1,574
7140,544659,corner,0,0.6700,1,575
7141,544742,corner,1,0.6700,1,576
7142,544800,corner,1,0.6800,1,577
7143,544843,corner,0,0.6800,1,578
7144,544908,corner,1,0.6800,1,579
7145,544989,corner,1,0.6900,1,580
7146,545043,corner,0,0.6800,1,581
7147,545125,corner,0,0.6800,1,582
7148,545207,corner,0,0.6800,1,583
7149,545273,corner,1,0.6800,1,584
7150,545340,corner,1,0.6800,1,585
7151,545426,corner,0,0.6700,1,586
7152,545509,corner,1,0.6700,1,587
7153,545634,corner,0,0.6600,1,588
7154,545706,corner,1,0.6600,1,589
7155,545770,corner,1,0.6600,1,590
7156,545837,corner,1,0.6600,1,591
7157,545919,corner,1,0.6600,1,592
7158,545993,corner,1,0.6700,1,593
7159,546057,corner,1,0.6700,1,594
7160,546124,corner,1,0.6800,1,595
7161,546202,corner,1,0.6800,1,596
7162,546246,corner,0,0.6700,1,597
7163,546304,corner,0,0.6700,1,598
7164,546393,corner,0,0.6700,1,599
7165,546456,corner,1,0.6800,1,600
7166,546520,corner,0,0.6700,1,601
7167,546588,corner,1,0.6700,1,602
7168,546722,corner,1,0.6700,1,603
7169,546806,corner,1,0.6700,1,604
7170,546878,corner,1,0.6800,1,605
7171,546950,corner,1,0.6900,1,606
7172,546996,corner,0,0.6800,1,607
7173,547058,corner,1,0.6800,1,608
7174,547205,corner,1,0.6800,1,609
7175,547292,corner,1,0.6800,1,610
7176,547335,corner,0,0.6700,1,611
7177,547404,corner,1,0.6800,1,612
7178,547450,corner,0,0.6700,1,613
7179,547619,corner,1,0.6700,1,614
7180,547686,corner,1,0.6800,1,615
7181,547740,corner,0,0.6700,1,616
7182,547821,corner,0,0.6600,1,617
7183,547901,corner,1,0.6700,1,618
7184,547962,corner,0,0.6600,1,619
7185,548009,corner,0,0.6500,1,620
7186,548068,corner,1,0.6500,1,621
7187,548164,corner,1,0.6500,1,622
7188,548241,corner,1,0.6500,1,623
7189,548317,corner,1,0.6500,1,624
7190,548400,corner,0,0.6500,1,625
7191,548460,corner,1,0.6600,1,626
7192,548550,corner,1,0.6600,1,627
7193,548619,corner,1,0.6600,1,628
7194,548704,corner,1,0.6600,1,629
7195,548755,corner,0,0.6500,1,630
7196,548838,corner,0,0.6400,1,631
7197,548897,corner,0,0.6400,1,632
7198,548961,corner,1,0.6400,1,633
7199,549020,corner,0,0.6300,1,634
7200,549090,corner,1,0.6400,1,635
7201,549161,corner,1,0.6400,1,636
7202,549232,corner,1,0.6400,1,637
7203,549303,corner,1,0.6400,1,638
7204,549386,corner,1,0.6500,1,639
7205,549458,corner,1,0.6600,1,640
7206,549557,corner,1,0.6600,1,641
7207,549611,corner,0,0.6600,1,642
7208,549785,corner,1,0.6600,1,643
7209,550030,corner,0,0.6600,1,644
7210,550095,corner,1,0.6600,1,645
7211,550170,corner,1,0.6600,1,646
7212,550249,corner,1,0.6600,1,647
7213,550326,corner,1,0.6600,1,648
7214,550404,corner,1,0.6600,1,649
7215,550455,corner,0,0.6500,1,650
7216,550566,corner,1,0.6500,1,651
7217,550612,corner,0,0.6400,1,652
7218,550668,corner,0,0.6400,1,653
7219,550723,corner,0,0.6300,1,654
7220,550804,corner,0,0.6200,1,655
7221,550927,corner,1,0.6300,1,656
7222,550994,corner,1,0.6300,1,657
7223,551059,corner,1,0.6300,1,658
7224,551210,corner,1,0.6300,1,659
7225,551280,corner,1,0.6300,1,660
7226,551333,corner,0,0.6300,1,661
7227,551429,corner,1,0.6300,1,662
7228,551522,corner,1,0.6400,1,663
7229,551608,corner,1,0.6400,1,664
7230,551675,corner,1,0.6400,1,665
7231,551755,corner,1,0.6500,1,666
7232,551849,corner,1,0.6600,1,667
7233,551914,corner,1,0.6600,1,668
7234,551970,corner,0,0.6600,1,669
7235,552115,corner,1,0.6600,1,670
7236,552255,corner,0,0.6600,1,671
7237,552322,corner,1,0.6700,1,672
7238,552396,corner,1,0.6700,1,673
7239,552460,corner,0,0.6600,1,674
7240,552528,corner,1,0.6700,1,675
7241,552584,corner,0,0.6600,1,676
7242,552638,corner,0,0.6500,1,677
7243,552705,corner,1,0.6600,1,678
7244,552761,corner,1,0.6600,1,679
7245,552840,corner,1,0.6600,1,680
7246,552983,corner,1,0.6700,1,681
7247,553097,corner,1,0.6800,1,682
7248,553154,corner,1,0.6900,1,683
7249,553237,corner,1,0.6900,1,684
7250,553346,corner,0,0.6800,1,685
7251,553438,corner,1,0.6900,1,686
7252,553522,corner,1,0.6900,1,687
7253,553618,corner,0,0.6900,1,688
7254,553691,corner,0,0.6800,1,689
7255,553758,corner,1,0.6800,1,690
7256,553817,corner,0,0.6700,1,691
7257,553870,corner,0,0.6600,1,692
7258,553953,corner,1,0.6600,1,693
7259,554027,corner,1,0.6600,1,694
7260,554079,corner,1,0.6600,1,695
7261,554226,corner,0,0.6500,1,696
7262,554288,corner,1,0.6600,1,697
7263,554372,corner,0,0.6600,1,698
7264,554453,corner,0,0.6600,1,699
7265,554535,corner,0,0.6500,1,700
7266,554657,corner,1,0.6600,1,701
7267,554743,corner,1,0.6600,1,702
7268,554827,corner,1,0.6600,1,703
7269,554889,corner,0,0.6500,1,704
7270,554937,corner,0,0.6400,1,705
7271,554994,corner,0,0.6300,1,706
7272,555073,corner,1,0.6400,1,707
7273,555160,corner,1,0.6400,1,708
7274,555221,corner,0,0.6300,1,709
7275,555273,corner,0,0.6200,1,710
7276,555380,corner,1,0.6300,1,711
7277,555457,corner,1,0.6300,1,712
7278,555533,corner,1,0.6400,1,713
7279,555608,corner,1,0.6400,1,714
7280,555659,corner,0,0.6300,1,715
7281,555750,corner,0,0.6300,1,716
7282,555938,corner,1,0.6400,1,717
7283,556008,corner,1,0.6400,1,718
7284,556119,corner,1,0.6500,1,719
7285,556204,corner,0,0.6500,1,720
7286,556254,corner,0,0.6400,1,721
7287,556322,corner,1,0.6400,1,722
7288,556403,corner,1,0.6400,1,723
7289,556508,corner,0,0.6300,1,724
7290,556568,corner,0,0.6300,1,725
7291,556737,corner,1,0.6300,1,726
7292,556818,corner,0,0.6200,1,727
7293,556907,corner,0,0.6100,1,728
7294,556989,corner,0,0.6000,1,729
7295,557079,corner,0,0.6000,1,730
7296,557248,corner,1,0.6100,1,731
7297,557336,corner,0,0.6100,1,732
7298,557409,corner,1,0.6100,1,733
7299,557455,corner,0,0.6100,1,734
7300,557582,corner,1,0.6100,1,735
7301,557630,corner,0,0.6000,1,736
7302,557723,corner,0,0.5900,1,737
7303,557811,corner,1,0.5900,1,738
7304,557932,corner,0,0.5800,1,739
7305,558032,corner,0,0.5700,1,740
7306,558125,corner,1,0.5700,1,741
7307,558203,corner,1,0.5800,1,742
7308,558304,corner,0,0.5700,1,743
7309,558359,corner,0,0.5700,1,744
7310,558407,corner,0,0.5600,1,745
7311,558453,corner,0,0.5500,1,746
7312,558533,corner,1,0.5500,1,747
7313,558641,corner,1,0.5500,1,748
7314,558705,corner,1,0.5500,1,749
7315,558810,corner,1,0.5600,1,750
7316,558897,corner,1,0.5600,1,751
7317,559053,corner,1,0.5700,1,752
7318,559114,corner,1,0.5800,1,753
7319,559210,corner,0,0.5800,1,754
7320,559259,corner,0,0.5800,1,755
7321,559334,corner,1,0.5800,1,756
7322,559430,corner,0,0.5700,1,757
7323,559474,corner,0,0.5600,1,758
7324,559568,corner,0,0.5500,1,759
7325,559623,corner,0,0.5400,1,760
7326,559763,corner,1,0.5500,1,761
7327,559852,corner,1,0.5500,1,762
7328,559922,corner,1,0.5500,1,763
7329,559980,corner,0,0.5400,1,764
7330,560063,corner,1,0.5400,1,765
7331,560114,corner,0,0.5300,1,766
7332,560162,corner,0,0.5200,1,767
7333,560236,corner,1,0.5200,1,768
7334,560291,corner,0,0.5200,1,769
7335,560363,corner,1,0.5200,1,770
7336,560444,corner,1,0.5300,1,771
7337,560537,corner,1,0.5300,1,772
7338,560647,corner,1,0.5300,1,773
7339,560701,corner,0,0.5300,1,774
7340,560760,corner,0,0.5200,1,775
7341,560817,corner,0,0.5200,1,776
7342,560883,corner,1,0.5300,1,777
7343,560945,corner,1,0.5300,1,778
7344,560994,corner,0,0.5200,1,779
7345,561119,corner,0,0.5100,1,780
7346,561206,corner,0,0.5000,1,781
7347,561308,corner,1,0.5000,1,782
7348,561358,corner,0,0.4900,1,783
7349,561413,corner,0,0.4800,1,784
7350,561494,corner,1,0.4900,1,785
7351,561551,corner,0,0.4800,1,786
7352,561689,corner,1,0.4800,1,787
7353,561842,corner,1,0.4900,1,788
7354,561900,corner,0,0.4900,1,789
7355,561983,corner,1,0.4900,1,790
7356,562065,corner,0,0.4900,1,791
7357,562117,corner,0,0.4900,1,792
7358,562202,corner,1,0.4900,1,793
7359,562273,corner,1,0.4900,1,794
7360,562330,corner,0,0.4800,1,795
7361,562406,corner,1,0.4900,1,796
7362,562454,corner,0,0.4800,1,797
7363,562556,corner,0,0.4800,1,798
7364,562612,corner,0,0.4800,1,799
7365,562740,corner,0,0.4800,1,800
7366,562801,corner,1,0.4800,1,801
7367,562885,corner,0,0.4700,1,802
7368,563069,corner,1,0.4700,1,803
7369,563171,corner,1,0.4800,1,804
7370,563255,corner,1,0.4900,1,805
7371,563301,corner,0,0.4900,1,806
7372,563375,corner,1,0.4900,1,807
7373,563447,corner,1,0.4900,1,808
7374,563517,corner,0,0.4900,1,809
7375,563700,corner,1,0.5000,1,810
7376,563774,corner,1,0.5000,1,811
7377,563818,corner,0,0.4900,1,812
7378,563944,corner,1,0.4900,1,813
7379,564009,corner,1,0.4900,1,814
7380,564056,corner,0,0.4900,1,815
7381,564110,corner,0,0.4900,1,816
7382,564177,corner,1,0.4900,1,817
7383,564260,corner,1,0.4900,1,818
7384,564337,corner,1,0.4900,1,819
7385,564448,corner,1,0.5000,1,820
7386,564554,corner,1,0.5100,1,821
7387,564649,corner,0,0.5000,1,822
7388,564699,corner,0,0.4900,1,823
7389,564797,corner,0,0.4900,1,824
7390,564853,corner,0,0.4900,1,825
7391,564942,corner,0,0.4800,1,826
7392,565008,corner,1,0.4900,1,827
7393,565061,corner,0,0.4900,1,828
7394,565132,corner,1,0.5000,1,829
7395,565227,corner,0,0.5000,1,830
7396,565328,corner,0,0.4900,1,831
7397,565379,corner,0,0.4900,1,832
7398,565431,corner,0,0.4800,1,833
7399,565480,corner,0,0.4800,1,834
7400,565583,corner,1,0.4800,1,835
7401,565633,corner,0,0.4800,1,836
7402,565679,corner,0,0.4800,1,837
7403,565755,corner,0,0.4700,1,838
7404,565872,corner,1,0.4800,1,839
7405,565928,corner,0,0.4800,1,840
7406,566005,corner,1,0.4800,1,841
7407,566088,corner,1,0.4800,1,842
7408,566155,corner,1,0.4900,1,843
7409,566211,corner,0,0.4900,1,844
7410,566364,corner,0,0.4900,1,845
7411,566460,corner,0,0.4900,1,846
7412,566541,corner,1,0.4900,1,847
7413,566620,corner,1,0.4900,1,848
7414,566683,corner,1,0.4900,1,849
7415,566756,corner,1,0.4900,1,850
7416,566834,corner,1,0.4900,1,851
7417,566892,corner,0,0.4800,1,852
7418,566974,corner,1,0.4800,1,853
7419,567053,corner,1,0.4900,1,854
7420,567105,corner,0,0.4900,1,855
7421,567185,corner,1,0.4900,1,856
7422,567264,corner,0,0.4900,1,857
7423,567310,corner,0,0.4900,1,858
7424,567397,corner,1,0.5000,1,859
7425,567471,corner,0,0.5000,1,860
7426,567527,corner,0,0.4900,1,861
7427,567617,corner,1,0.4900,1,862
7428,567663,corner,0,0.4800,1,863
7429,567735,corner,1,0.4900,1,864
7430,567816,corner,0,0.4800,1,865
7431,567968,corner,1,0.4900,1,866
7432,568039,corner,1,0.5000,1,867
7433,568222,corner,1,0.5000,1,868
7434,568291,corner,1,0.5100,1,869
7435,568413,corner,1,0.5100,1,870
7436,568487,corner,1,0.5100,1,871
7437,568568,corner,0,0.5000,1,872
7438,568621,corner,1,0.5000,1,873
7439,568712,corner,1,0.5100,1,874
7440,568832,corner,1,0.5200,1,875
7441,568881,corner,0,0.5200,1,876
7442,568933,corner,1,0.5200,1,877
7443,569004,corner,1,0.5200,1,878
7444,569105,corner,0,0.5200,1,879
7445,569190,corner,1,0.5300,1,880
7446,569276,corner,1,0.5400,1,881
7447,569350,corner,1,0.5400,1,882
7448,569425,corner,0,0.5400,1,883
7449,569526,corner,0,0.5400,1,884
7450,569610,corner,0,0.5300,1,885
7451,569662,corner,0,0.5300,1,886
7452,569737,corner,1,0.5300,1,887
7453,569821,corner,1,0.5300,1,888
7454,569878,corner,0,0.5300,1,889
7455,569958,corner,0,0.5200,1,890
7456,570101,corner,1,0.5300,1,891
7457,570188,corner,1,0.5400,1,892
7458,570349,corner,1,0.5400,1,893
7459,570430,corner,0,0.5300,1,894
7460,570495,corner,1,0.5400,1,895
7461,570578,corner,1,0.5400,1,896
7462,570663,corner,1,0.5500,1,897
7463,570758,corner,1,0.5600,1,898
7464,570832,corner,1,0.5700,1,899
7465,570907,corner,1,0.5800,1,900
7466,570953,corner,0,0.5700,1,901
7467,571055,corner,1,0.5800,1,902
7468,571141,corner,1,0.5800,1,903
7469,571188,corner,0,0.5700,1,904
7470,571308,corner,1,0.5700,1,905
7471,571399,corner,1,0.5800,1,906
7472,571545,corner,0,0.5700,1,907
7473,571647,corner,1,0.5700,1,908
7474,571767,corner,0,0.5700,1,909
7475,571836,corner,1,0.5700,1,910
7476,571984,corner,1,0.5700,1,911
7477,572073,corner,1,0.5800,1,912
7478,572178,corner,0,0.5700,1,913
7479,572333,corner,1,0.5700,1,914
7480,572416,corner,1,0.5800,1,915
7481,572489,corner,1,0.5900,1,916
7482,572574,corner,1,0.5900,1,917
7483,572645,corner,1,0.5900,1,918
7484,572743,corner,1,0.5900,1,919
7485,572881,corner,1,0.5900,1,920
7486,572941,corner,1,0.5900,1,921
7487,572997,corner,0,0.5900,1,922
7488,573068,corner,1,0.6000,1,923
7489,573131,corner,1,0.6100,1,924
7490,573201,corner,0,0.6100,1,925
7491,573376,corner,0,0.6100,1,926
7492,573444,corner,0,0.6000,1,927
7493,573498,corner,0,0.6000,1,928
7494,573646,corner,1,0.6000,1,929
7495,573722,corner,1,0.6100,1,930
7496,573827,corner,1,0.6200,1,931
7497,573912,corner,1,0.6300,1,932
7498,573968,corner,0,0.6300,1,933
7499,574042,corner,1,0.6400,1,934
7500,574131,corner,0,0.6300,1,935
7501,574320,corner,1,0.6400,1,936
7502,574398,corner,1,0.6500,1,937
7503,574492,corner,1,0.6600,1,938
7504,574564,corner,1,0.6600,1,939
7505,574667,corner,1,0.6700,1,940
7506,574735,corner,0,0.6600,1,941
7507,574833,corner,1,0.6600,1,942
7508,574916,corner,1,0.6600,1,943
7509,574969,corner,1,0.6700,1,944
7510,575022,corner,0,0.6700,1,945
7511,575098,corner,1,0.6800,1,946
7512,575181,corner,1,0.6800,1,947
7513,575280,corner,0,0.6700,1,948
7514,575361,corner,0,0.6600,1,949
7515,575457,corner,1,0.6600,1,950
7516,575588,corner,0,0.6500,1,951
7517,575635,corner,0,0.6500,1,952
7518,575685,corner,0,0.6400,1,953
7519,575764,corner,1,0.6400,1,954
7520,575832,corner,1,0.6500,1,955
7521,575966,corner,0,0.6400,1,956
7522,576068,corner,1,0.6500,1,957
7523,576140,corner,1,0.6600,1,958
7524,576225,corner,1,0.6600,1,959
7525,576293,corner,1,0.6700,1,960
7526,576363,corner,1,0.6800,1,961
7527,576425,corner,1,0.6800,1,962
7528,576489,corner,1,0.6900,1,963
7529,576658,corner,1,0.6900,1,964
7530,576774,corner,0,0.6900,1,965
7531,576868,corner,1,0.6900,1,966
7532,576978,corner,0,0.6800,1,967
7533,577072,corner,1,0.6800,1,968
7534,577164,corner,0,0.6700,1,969
7535,577232,corner,1,0.6700,1,970
7536,577278,corner,0,0.6600,1,971
7537,577404,corner,1,0.6700,1,972
7538,577449,corner,0,0.6600,1,973
7539,577535,corner,1,0.6600,1,974
7540,577580,corner,0,0.6500,1,975
7541,577652,corner,1,0.6600,1,976
7542,577733,corner,0,0.6500,1,977
7543,577864,corner,0,0.6400,1,978
7544,577918,corner,0,0.6400,1,979
7545,577972,corner,0,0.6300,1,980
7546,578070,corner,0,0.6200,1,981
7547,578119,corner,0,0.6100,1,982
7548,578177,corner,0,0.6100,1,983
7549,578260,corner,1,0.6200,1,984
7550,578461,corner,1,0.6300,1,985
7551,578635,corner,0,0.6300,1,986
7552,578794,corner,1,0.6300,1,987
7553,578881,corner,1,0.6300,1,988
7554,578988,corner,0,0.6300,1,989
7555,579068,corner,1,0.6400,1,990
7556,579147,corner,1,0.6400,1,991
7557,579246,corner,1,0.6400,1,992
7558,579325,corner,1,0.6400,1,993
7559,579408,corner,0,0.6400,1,994
7560,579482,corner,1,0.6400,1,995
7561,579548,corner,1,0.6400,1,996
7562,579624,corner,1,0.6400,1,997
7563,579691,corner,1,0.6400,1,998
7564,579750,corner,1,0.6400,1,999
7565,579835,corner,1,0.6400,1,1000
7566,579919,corner,1,0.6500,1,1001
7567,579986,corner,1,0.6500,1,1002
7568,580070,corner,0,0.6400,1,1003
7569,580190,corner,1,0.6500,1,1004
7570,580295,corner,1,0.6500,1,1005
7571,580379,corner,0,0.6400,1,1006
7572,580545,corner,1,0.6500,1,1007
7573,580648,corner,1,0.6500,1,1008
7574,580741,corner,1,0.6600,1,1009
7575,580924,corner,0,0.6500,1,1010
7576,581011,corner,1,0.6500,1,1011
7577,581101,corner,0,0.6400,1,1012
7578,581156,corner,0,0.6400,1,1013
7579,581289,corner,1,0.6400,1,1014
7580,581355,corner,1,0.6400,1,1015
7581,581407,corner,0,0.6300,1,1016
7582,581454,corner,0,0.6200,1,1017
7583,581539,corner,1,0.6200,1,1018
7584,581713,corner,1,0.6200,1,1019
7585,581785,corner,1,0.6200,1,1020
7586,581835,corner,0,0.6100,1,1021
7587,581900,corner,0,0.6100,1,1022
7588,582068,corner,1,0.6100,1,1023
7589,582143,corner,1,0.6100,1,1024
7590,582226,corner,0,0.6100,1,1025
7591,582343,corner,1,0.6200,1,1026
7592,582438,corner,1,0.6300,1,1027
7593,582483,corner,0,0.6300,1,1028
7594,582582,corner,1,0.6300,1,1029
7595,582637,corner,0,0.6200,1,1030
7596,582729,corner,1,0.6200,1,1031
7597,582837,corner,1,0.6200,1,1032
7598,583015,corner,1,0.6300,1,1033
7599,583098,corner,1,0.6300,1,1034
7600,583148,corner,0,0.6300,1,1035
7601,583229,corner,0,0.6200,1,1036
7602,583359,corner,0,0.6100,1,1037
7603,583421,corner,1,0.6100,1,1038
7604,583465,corner,0,0.6000,1,1039
7605,583514,corner,0,0.5900,1,1040
7606,583580,corner,1,0.6000,1,1041
7607,583623,corner,0,0.5900,1,1042
7608,583761,corner,0,0.5800,1,1043
7609,583868,corner,1,0.5800,1,1044
7610,583951,corner,1,0.5900,1,1045
7611,584002,corner,0,0.5800,1,1046
7612,584098,corner,1,0.5800,1,1047
7613,584185,corner,1,0.5900,1,1048
7614,584279,corner,1,0.6000,1,1049
7615,584335,corner,0,0.5900,1,1050
7616,584415,corner,1,0.6000,1,1051
7617,584486,corner,1,0.6100,1,1052
7618,584531,corner,0,0.6100,1,1053
7619,584573,corner,0,0.6000,1,1054
7620,584642,corner,1,0.6000,1,1055
7621,584775,corner,1,0.6100,1,1056
7622,584859,corner,1,0.6100,1,1057
7623,584964,corner,1,0.6100,1,1058
7624,585046,corner,0,0.6000,1,1059
7625,585142,corner,1,0.6000,1,1060
7626,585222,corner,1,0.6000,1,1061
7627,585292,corner,1,0.6000,1,1062
7628,585394,corner,0,0.5900,1,1063
7629,585467,corner,1,0.5900,1,1064
7630,585548,corner,1,0.6000,1,1065
7631,585627,corner,1,0.6000,1,1066
7632,585672,corner,0,0.6000,1,1067
7633,585743,corner,0,0.5900,1,1068
7634,585837,corner,1,0.6000,1,1069
7635,585925,corner,1,0.6000,1,1070
7636,586093,corner,0,0.6000,1,1071
7637,586193,corner,1,0.6000,1,1072
7638,586253,corner,1,0.6100,1,1073
7639,586352,corner,1,0.6100,1,1074
7640,586434,corner,1,0.6200,1,1075
7641,586523,corner,1,0.6200,1,1076
7642,586600,corner,1,0.6300,1,1077
7643,586656,corner,0,0.6300,1,1078
7644,586732,corner,1,0.6400,1,1079
7645,586778,corner,0,0.6400,1,1080
7646,586824,corner,0,0.6400,1,1081
7647,586980,corner,1,0.6500,1,1082
7648,587039,corner,0,0.6500,1,1083
7649,587163,corner,0,0.6400,1,1084
7650,587245,corner,0,0.6300,1,1085
7651,587436,corner,0,0.6300,1,1086
7652,587509,corner,1,0.6300,1,1087
7653,587591,corner,1,0.6300,1,1088
7654,587675,corner,0,0.6300,1,1089
7655,587787,corner,1,0.6300,1,1090
7656,587901,corner,1,0.6300,1,1091
7657,587978,corner,1,0.6300,1,1092
7658,588087,corner,0,0.6200,1,1093
7659,588150,corner,1,0.6300,1,1094
7660,588236,corner,1,0.6300,1,1095
7661,588283,corner,1,0.6300,1,1096
7662,588354,corner,1,0.6300,1,1097
7663,588412,corner,1,0.6300,1,1098
7664,588463,corner,0,0.6200,1,1099
7665,588559,corner,1,0.6200,1,1100
7666,588627,corner,1,0.6200,1,1101
7667,588712,corner,1,0.6200,1,1102
7668,588791,corner,1,0.6300,1,1103
7669,588889,corner,1,0.6300,1,1104
7670,588988,corner,1,0.6300,1,1105
7671,589101,corner,1,0.6400,1,1106
7672,589184,corner,1,0.6400,1,1107
7673,589255,corner,1,0.6400,1,1108
7674,589329,corner,1,0.6400,1,1109
7675,589408,corner,1,0.6500,1,1110
7676,589483,corner,1,0.6500,1,1111
7677,589616,corner,1,0.6600,1,1112
7678,589678,corner,1,0.6700,1,1113
7679,589762,corner,1,0.6700,1,1114
7680,589862,corner,0,0.6600,1,1115
7681,589927,corner,1,0.6700,1,1116
7682,589972,corner,0,0.6700,1,1117
7683,590094,corner,0,0.6600,1,1118
7684,590173,corner,1,0.6600,1,1119
7685,590248,corner,1,0.6600,1,1120
7686,590309,corner,1,0.6700,1,1121
7687,590384,corner,1,0.6800,1,1122
7688,590427,corner,0,0.6700,1,1123
7689,590505,corner,1,0.6700,1,1124
7690,590676,corner,0,0.6700,1,1125
7691,590723,corner,0,0.6600,1,1126
7692,590804,corner,0,0.6500,1,1127
7693,590913,corner,1,0.6600,1,1128
7694,590959,corner,0,0.6500,1,1129
7695,591075,corner,1,0.6600,1,1130
7696,591160,corner,1,0.6600,1,1131
7697,591226,corner,1,0.6600,1,1132
7698,591307,corner,0,0.6500,1,1133
7699,591351,corner,0,0.6400,1,1134
7700,591465,corner,1,0.6500,1,1135
7701,591547,corner,0,0.6500,1,1136
7702,591623,corner,1,0.6600,1,1137
7703,591669,corner,0,0.6500,1,1138
7704,591765,corner,1,0.6600,1,1139
7705,591811,corner,0,0.6600,1,1140
7706,591923,corner,1,0.6600,1,1141
7707,592009,corner,1,0.6700,1,1142
7708,592064,corner,0,0.6700,1,1143
7709,592168,corner,1,0.6700,1,1144
7710,592216,corner,0,0.6600,1,1145
7711,592268,corner,0,0.6600,1,1146
7712,592367,corner,1,0.6600,1,1147
7713,592485,corner,0,0.6500,1,1148
7714,592558,corner,1,0.6500,1,1149
7715,592640,corner,1,0.6600,1,1150
7716,592814,corner,0,0.6500,1,1151
7717,592869,corner,1,0.6500,1,1152
7718,592931,corner,1,0.6600,1,1153
7719,593036,corner,0,0.6600,1,1154
7720,593107,corner,1,0.6600,1,1155
7721,593185,corner,1,0.6600,1,1156
7722,593257,corner,1,0.6600,1,1157
7723,593305,corner,0,0.6500,1,1158
7724,593407,corner,0,0.6500,1,1159
7725,593498,corner,1,0.6500,1,1160
7726,593545,corner,0,0.6400,1,1161
7727,593595,corner,0,0.6300,1,1162
7728,593742,corner,1,0.6400,1,1163
7729,593825,corner,1,0.6400,1,1164
7730,593896,corner,1,0.6400,1,1165
7731,594051,corner,1,0.6400,1,1166
7732,594114,corner,1,0.6500,1,1167
7733,594157,corner,0,0.6500,1,1168
7734,594214,corner,1,0.6500,1,1169
7735,594263,corner,0,0.6400,1,1170
7736,594356,corner,1,0.6500,1,1171
7737,594399,corner,0,0.6400,1,1172
7738,594451,corner,0,0.6300,1,1173
7739,594497,corner,0,0.6200,1,1174
7740,594582,corner,0,0.6100,1,1175
7741,594687,corner,1,0.6100,1,1176
7742,594778,corner,1,0.6100,1,1177
7743,594824,corner,0,0.6100,1,1178
7744,594904,corner,1,0.6100,1,1179
7745,595130,corner,0,0.6100,1,1180
7746,595233,corner,1,0.6200,1,1181
7747,595284,corner,0,0.6100,1,1182
7748,595350,corner,1,0.6200,1,1183
7749,595441,corner,1,0.6300,1,1184
7750,595508,corner,1,0.6400,1,1185
7751,595556,corner,0,0.6400,1,1186
7752,595621,corner,1,0.6400,1,1187
7753,595678,corner,0,0.6300,1,1188
7754,595724,corner,0,0.6300,1,1189
7755,595807,corner,1,0.6300,1,1190
7756,595879,corner,1,0.6300,1,1191
7757,595951,corner,1,0.6300,1,1192
7758,596033,corner,1,0.6400,1,1193
7759,596100,corner,0,0.6300,1,1194
7760,596156,corner,1,0.6300,1,1195
7761,596228,corner,1,0.6300,1,1196
7762,596339,corner,1,0.6300,1,1197
7763,596384,corner,0,0.6200,1,1198
7764,596508,corner,1,0.6300,1,1199
7765,596571,corner,0,0.6200,1,1200
7766,596659,corner,1,0.6200,1,1201
7767,596718,corner,0,0.6100,1,1202
7768,596826,corner,1,0.6100,1,1203
7769,596875,corner,1,0.6100,1,1204
7770,596921,corner,0,0.6000,1,1205
7771,596986,corner,1,0.6000,1,1206
7772,597034,corner,0,0.5900,1,1207
7773,597101,corner,0,0.5800,1,1208
7774,597184,corner,0,0.5700,1,1209
7775,597404,corner,0,0.5600,1,1210
7776,597451,corner,0,0.5500,1,1211
7777,597520,corner,1,0.5500,1,1212
7778,597568,corner,0,0.5400,1,1213
7779,597643,corner,1,0.5400,1,1214
7780,597724,corner,0,0.5400,1,1215
7781,597833,corner,0,0.5300,1,1216
7782,597928,corner,1,0.5400,1,1217
7783,597977,corner,0,0.5400,1,1218
7784,598029,corner,0,0.5300,1,1219
7785,598129,corner,1,0.5300,1,1220
7786,598204,corner,1,0.5300,1,1221
7787,598324,corner,1,0.5300,1,1222
7788,598403,corner,1,0.5400,1,1223
7789,598490,corner,1,0.5400,1,1224
7790,598567,corner,1,0.5500,1,1225
7791,598632,corner,1,0.5600,1,1226
7792,598727,corner,1,0.5700,1,1227
7793,598789,corner,1,0.5700,1,1228
7794,598847,corner,0,0.5700,1,1229
7795,598936,corner,1,0.5700,1,1230
7796,598996,corner,0,0.5600,1,1231
7797,599136,corner,1,0.5600,1,1232
7798,599297,corner,0,0.5600,1,1233
7799,599556,corner,1,0.5700,1,1234
7800,599604,corner,0,0.5600,1,1235
7801,599683,corner,1,0.5700,1,1236
7802,599768,corner,0,0.5600,1,1237
7803,599876,corner,0,0.5600,1,1238
7804,599928,corner,0,0.5500,1,1239
7805,600004,corner,1,0.5600,1,1240
7806,600066,corner,1,0.5600,1,1241
7807,600129,corner,1,0.5600,1,1242
7808,600194,corner,1,0.5700,1,1243
7809,600242,corner,0,0.5600,1,1244
7810,600375,corner,0,0.5600,1,1245
7811,600431,corner,0,0.5600,1,1246
7812,600545,corner,1,0.5600,1,1247
7813,600593,corner,0,0.5600,1,1248
7814,600686,corner,1,0.5600,1,1249
7815,600800,corner,0,0.5500,1,1250
7816,600859,corner,0,0.5500,1,1251
7817,600940,corner,0,0.5400,1,1252
7818,600990,corner,0,0.5300,1,1253
7819,601154,corner,0,0.5300,1,1254
7820,601241,corner,0,0.5200,1,1255
7821,601295,corner,0,0.5100,1,1256
7822,601369,corner,1,0.5100,1,1257
7823,601417,corner,0,0.5100,1,1258
7824,601525,corner,0,0.5100,1,1259
7825,601586,corner,1,0.5100,1,1260
7826,601657,corner,0,0.5100,1,1261
7827,601744,corner,1,0.5200,1,1262
7828,601849,corner,1,0.5200,1,1263
7829,601936,corner,1,0.5200,1,1264
7830,601987,corner,0,0.5100,1,1265
7831,602071,corner,1,0.5100,1,1266
7832,602168,corner,1,0.5100,1,1267
7833,602213,corner,0,0.5100,1,1268
7834,602299,corner,1,0.5100,1,1269
7835,602398,corner,0,0.5100,1,1270
7836,602468,corner,0,0.5000,1,1271
7837,602557,corner,1,0.5100,1,1272
7838,602706,corner,1,0.5200,1,1273
7839,602798,corner,0,0.5200,1,1274
7840,602879,corner,0,0.5200,1,1275
7841,602978,corner,1,0.5200,1,1276
7842,603031,corner,0,0.5100,1,1277
7843,603110,corner,1,0.5200,1,1278
7844,603192,corner,1,0.5200,1,1279
7845,603279,corner,1,0.5300,1,1280
7846,603331,corner,1,0.5300,1,1281
7847,603425,corner,0,0.5300,1,1282
7848,603530,corner,0,0.5200,1,1283
7849,603602,corner,1,0.5200,1,1284
7850,603728,corner,1,0.5200,1,1285
7851,603773,corner,0,0.5200,1,1286
7852,603845,corner,1,0.5200,1,1287
7853,603945,corner,1,0.5300,1,1288
7854,604029,corner,1,0.5400,1,1289
7855,604094,corner,1,0.5400,1,1290
7856,604188,corner,1,0.5400,1,1291
7857,604308,corner,0,0.5300,1,1292
7858,604597,corner,1,0.5300,1,1293
7859,604782,corner,1,0.5400,1,1294
7860,604831,corner,1,0.5400,1,1295
7861,604914,corner,1,0.5400,1,1296
7862,605007,corner,1,0.5400,1,1297
7863,605110,corner,0,0.5400,1,1298
7864,605202,corner,1,0.5400,1,1299
7865,605277,corner,1,0.5500,1,1300
7866,605349,corner,1,0.5500,1,1301
7867,605398,corner,0,0.5500,1,1302
7868,605466,corner,1,0.5500,1,1303
7869,605522,corner,0,0.5400,1,1304
7870,605595,corner,1,0.5500,1,1305
7871,605676,corner,1,0.5500,1,1306
7872,605761,corner,1,0.5600,1,1307
7873,605837,corner,1,0.5700,1,1308
7874,605923,corner,1,0.5800,1,1309
7875,606004,corner,0,0.5800,1,1310
7876,606071,corner,1,0.5900,1,1311
7877,606141,corner,1,0.5900,1,1312
7878,606210,corner,0,0.5900,1,1313
7879,606295,corner,1,0.5900,1,1314
7880,606386,corner,1,0.6000,1,1315
7881,606528,corner,1,0.6100,1,1316
7882,606582,corner,0,0.6000,1,1317
7883,606655,corner,1,0.6100,1,1318
7884,606723,corner,1,0.6200,1,1319
7885,606777,corner,0,0.6100,1,1320
7886,606848,corner,1,0.6100,1,1321
7887,606940,corner,1,0.6100,1,1322
7888,606993,corner,0,0.6000,1,1323
7889,607071,corner,1,0.6000,1,1324
7890,607198,corner,1,0.6000,1,1325
7891,607242,corner,0,0.5900,1,1326
7892,607298,corner,1,0.5900,1,1327
7893,607353,corner,1,0.5900,1,1328
7894,607441,corner,1,0.6000,1,1329
7895,607507,corner,1,0.6000,1,1330
7896,607557,corner,0,0.6000,1,1331
7897,607650,corner,1,0.6000,1,1332
7898,607727,corner,1,0.6100,1,1333
7899,607832,corner,0,0.6000,1,1334
7900,607881,corner,0,0.6000,1,1335
7901,607967,corner,1,0.6000,1,1336
7902,608020,corner,1,0.6100,1,1337
7903,608066,corner,0,0.6100,1,1338
7904,608149,corner,0,0.6100,1,1339
7905,608230,corner,0,0.6000,1,1340
7906,608345,corner,0,0.5900,1,1341
7907,608404,corner,1,0.5900,1,1342
7908,608484,corner,1,0.5900,1,1343
7909,608571,corner,1,0.6000,1,1344
7910,608661,corner,0,0.6000,1,1345
7911,608745,corner,0,0.6000,1,1346
7912,608813,corner,1,0.6000,1,1347
7913,608891,corner,1,0.6100,1,1348
7914,608964,corner,1,0.6100,1,1349
7915,609038,corner,1,0.6200,1,1350
7916,609102,corner,1,0.6300,1,1351
7917,609357,corner,1,0.6400,1,1352
7918,609441,corner,1,0.6500,1,1353
7919,609531,corner,0,0.6500,1,1354
7920,609604,corner,1,0.6600,1,1355
7921,609648,corner,0,0.6600,1,1356
7922,609730,corner,0,0.6500,1,1357
7923,609854,corner,1,0.6600,1,1358
7924,609902,corner,0,0.6600,1,1359
7925,609995,corner,1,0.6600,1,1360
7926,610063,corner,1,0.6700,1,1361
7927,610114,corner,0,0.6600,1,1362
7928,610194,corner,1,0.6600,1,1363
7929,610248,corner,1,0.6600,1,1364
7930,610312,corner,1,0.6700,1,1365
7931,610477,corner,0,0.6600,1,1366
7932,610550,corner,1,0.6600,1,1367
7933,610596,corner,0,0.6600,1,1368
7934,610639,corner,0,0.6500,1,1369
7935,610707,corner,1,0.6600,1,1370
7936,610785,corner,1,0.6700,1,1371
7937,610965,corner,1,0.6700,1,1372
7938,611016,corner,0,0.6600,1,1373
7939,611090,corner,1,0.6700,1,1374
7940,611164,corner,1,0.6800,1,1375
7941,611293,corner,0,0.6700,1,1376
7942,611345,corner,0,0.6700,1,1377
7943,611448,corner,0,0.6600,1,1378
7944,611495,corner,0,0.6500,1,1379
7945,611561,corner,1,0.6500,1,1380
7946,611618,corner,1,0.6500,1,1381
7947,611748,corner,0,0.6500,1,1382
7948,611809,corner,1,0.6600,1,1383
7949,611890,corner,0,0.6500,1,1384
7950,611963,corner,1,0.6500,1,1385
7951,612016,corner,0,0.6500,1,1386
7952,612103,corner,1,0.6500,1,1387
7953,612206,corner,1,0.6500,1,1388
7954,612472,corner,0,0.6400,1,1389
7955,612528,corner,0,0.6300,1,1390
7956,612606,corner,1,0.6300,1,1391
7957,612678,corner,1,0.6400,1,1392
7958,612732,corner,0,0.6300,1,1393
7959,612812,corner,1,0.6300,1,1394
7960,612869,corner,0,0.6200,1,1395
7961,613001,corner,0,0.6100,1,1396
7962,613059,corner,0,0.6000,1,1397
7963,613114,corner,0,0.6000,1,1398
7964,613176,corner,0,0.5900,1,1399
7965,613258,corner,0,0.5800,1,1400
7966,613310,corner,0,0.5700,1,1401
7967,613365,corner,0,0.5700,1,1402
7968,613453,corner,1,0.5700,1,1403
7969,613529,corner,1,0.5800,1,1404
7970,613585,corner,0,0.5700,1,1405
7971,613648,corner,1,0.5700,1,1406
7972,613808,corner,1,0.5700,1,1407
7973,613856,corner,0,0.5600,1,1408
7974,613938,corner,1,0.5600,1,1409
7975,613994,corner,0,0.5600,1,1410
7976,614082,corner,1,0.5600,1,1411
7977,614151,corner,1,0.5600,1,1412
7978,614231,corner,0,0.5600,1,1413
7979,614324,corner,1,0.5600,1,1414
7980,614522,corner,0,0.5500,1,1415
7981,614613,corner,1,0.5500,1,1416
7982,614698,corner,0,0.5500,1,1417
7983,614774,corner,1,0.5500,1,1418
7984,614821,corner,0,0.5400,1,1419
7985,614907,corner,1,0.5500,1,1420
7986,615010,corner,1,0.5500,1,1421
7987,615057,corner,0,0.5400,1,1422
7988,615106,corner,0,0.5400,1,1423
7989,615198,corner,1,0.5400,1,1424
7990,615264,corner,1,0.5400,1,1425
7991,615317,corner,0,0.5400,1,1426
7992,615369,corner,0,0.5300,1,1427
7993,615434,corner,1,0.5300,1,1428
7994,615489,corner,0,0.5200,1,1429
7995,615586,corner,1,0.5200,1,1430
7996,615669,corner,0,0.5200,1,1431
7997,615750,corner,0,0.5100,1,1432
7998,615860,corner,1,0.5100,1,1433
7999,615933,corner,1,0.5200,1,1434
8000,616003,corner,1,0.5300,1,1435
8001,616084,corner,0,0.5200,1,1436
8002,616136,corner,1,0.5200,1,1437
8003,616218,corner,0,0.5200,1,1438
8004,616384,corner,1,0.5300,1,1439
8005,616523,corner,1,0.5400,1,1440
8006,616578,corner,0,0.5400,1,1441
8007,616658,corner,1,0.5400,1,1442
8008,616854,corner,0,0.5300,1,1443
8009,616899,corner,0,0.5200,1,1444
8010,616950,corner,0,0.5200,1,1445
8011,617002,corner,0,0.5200,1,1446
8012,617098,corner,0,0.5100,1,1447
8013,617149,corner,0,0.5000,1,1448
8014,617225,corner,0,0.4900,1,1449
8015,617280,corner,0,0.4800,1,1450
8016,617349,corner,1,0.4800,1,1451
8017,617429,corner,1,0.4800,1,1452
8018,617491,corner,1,0.4800,1,1453
8019,617569,corner,1,0.4900,1,1454
8020,617624,corner,0,0.4800,1,1455
8021,617694,corner,1,0.4900,1,1456
8022,617758,corner,1,0.5000,1,1457
8023,617858,corner,0,0.4900,1,1458
8024,617939,corner,1,0.5000,1,1459
8025,618006,corner,1,0.5000,1,1460
8026,618068,corner,1,0.5000,1,1461
8027,618113,corner,0,0.5000,1,1462
8028,618185,corner,1,0.5000,1,1463
8029,618228,corner,0,0.4900,1,1464
8030,618275,corner,0,0.4800,1,1465
8031,618331,corner,0,0.4800,1,1466
8032,618383,corner,0,0.4700,1,1467
8033,618490,corner,0,0.4700,1,1468
8034,618579,corner,1,0.4800,1,1469
8035,618672,corner,1,0.4800,1,1470
8036,618776,corner,0,0.4700,1,1471
8037,618889,corner,0,0.4600,1,1472
8038,618946,corner,0,0.4600,1,1473
8039,619004,corner,1,0.4600,1,1474
8040,619123,corner,0,0.4500,1,1475
8041,619263,corner,0,0.4500,1,1476
8042,619355,corner,1,0.4600,1,1477
8043,619410,corner,0,0.4600,1,1478
8044,619518,corner,1,0.4700,1,1479
8045,619599,corner,0,0.4600,1,1480
8046,619736,corner,1,0.4600,1,1481
8047,619794,corner,0,0.4600,1,1482
8048,619863,corner,1,0.4600,1,1483
8049,619943,corner,1,0.4700,1,1484
8050,620001,corner,0,0.4600,1,1485
8051,620093,corner,0,0.4600,1,1486
8052,620179,corner,1,0.4600,1,1487
8053,620224,corner,0,0.4500,1,1488
8054,620311,corner,1,0.4600,1,1489
8055,620491,corner,1,0.4700,1,1490
8056,620587,corner,0,0.4600,1,1491
8057,620652,corner,1,0.4600,1,1492
8058,620734,corner,0,0.4600,1,1493
8059,620824,corner,1,0.4600,1,1494
8060,620886,corner,1,0.4700,1,1495
8061,620974,corner,1,0.4800,1,1496
8062,621093,corner,1,0.4900,1,1497
8063,621169,corner,1,0.5000,1,1498
8064,621218,corner,0,0.5000,1,1499
8065,621309,corner,1,0.5100,1,1500
8066,621396,corner,1,0.5200,1,1501
8067,621471,corner,0,0.5200,1,1502
8068,621565,corner,1,0.5200,1,1503
8069,621656,corner,1,0.5200,1,1504
8070,621699,corner,1,0.5300,1,1505
8071,621781,corner,1,0.5300,1,1506
8072,621831,corner,0,0.5200,1,1507
8073,621883,corner,0,0.5200,1,1508
8074,622047,corner,0,0.5100,1,1509
8075,622126,corner,1,0.5200,1,1510
8076,622182,corner,1,0.5200,1,1511
8077,622269,corner,1,0.5200,1,1512
8078,622357,corner,1,0.5300,1,1513
8079,622411,corner,0,0.5200,1,1514
8080,622475,corner,0,0.5200,1,1515
8081,622559,corner,0,0.5100,1,1516
8082,622632,corner,1,0.5200,1,1517
8083,622728,corner,1,0.5200,1,1518
8084,622829,corner,1,0.5300,1,1519
8085,622882,corner,0,0.5200,1,1520
8086,622984,corner,1,0.5200,1,1521
8087,623156,corner,1,0.5300,1,1522
8088,623238,corner,1,0.5400,1,1523
8089,623315,corner,1,0.5400,1,1524
8090,623402,corner,1,0.5400,1,1525
8091,623474,corner,1,0.5500,1,1526
8092,623566,corner,0,0.5500,1,1527
8093,623663,corner,0,0.5400,1,1528
8094,623772,corner,0,0.5400,1,1529
8095,623827,corner,0,0.5300,1,1530
8096,623876,corner,0,0.5300,1,1531
8097,623925,corner,0,0.5300,1,1532
8098,624025,corner,1,0.5300,1,1533
8099,624113,corner,1,0.5300,1,1534
8100,624162,corner,0,0.5200,1,1535
8101,624245,corner,0,0.5200,1,1536
8102,624316,corner,1,0.5200,1,1537
8103,624446,corner,0,0.5200,1,1538
8104,624490,corner,0,0.5100,1,1539
8105,624605,corner,1,0.5100,1,1540
8106,624650,corner,0,0.5100,1,1541
8107,624735,corner,1,0.5100,1,1542
8108,624804,corner,1,0.5200,1,1543
8109,624866,corner,1,0.5300,1,1544
8110,624952,corner,1,0.5400,1,1545
8111,625040,corner,1,0.5500,1,1546
8112,625136,corner,1,0.5600,1,1547
8113,625223,corner,1,0.5700,1,1548
8114,625293,corner,1,0.5800,1,1549
8115,625399,corner,1,0.5900,1,1550
8116,625452,corner,0,0.5800,1,1551
8117,625541,corner,1,0.5800,1,1552
8118,625592,corner,0,0.5700,1,1553
8119,625647,corner,0,0.5600,1,1554
8120,625721,corner,1,0.5700,1,1555
8121,625790,corner,1,0.5700,1,1556
8122,625854,corner,1,0.5700,1,1557
8123,625901,corner,0,0.5700,1,1558
8124,625998,corner,1,0.5700,1,1559
8125,626070,corner,1,0.5700,1,1560
8126,626207,corner,1,0.5700,1,1561
8127,626285,corner,1,0.5800,1,1562
8128,626357,corner,1,0.5800,1,1563
8129,626441,corner,1,0.5900,1,1564
8130,626546,corner,0,0.5900,1,1565
8131,626634,corner,1,0.6000,1,1566
8132,626744,corner,1,0.6100,1,1567
8133,626793,corner,0,0.6100,1,1568
8134,626869,corner,1,0.6100,1,1569
8135,626941,corner,1,0.6100,1,1570
8136,627090,corner,1,0.6200,1,1571
8137,627182,corner,0,0.6200,1,1572
8138,627271,corner,1,0.6300,1,1573
8139,627343,corner,1,0.6300,1,1574
8140,627411,corner,1,0.6400,1,1575
8141,627487,corner,1,0.6500,1,1576
8142,627554,corner,1,0.6500,1,1577
8143,627643,corner,1,0.6600,1,1578
8144,627725,corner,1,0.6600,1,1579
8145,627801,corner,1,0.6700,1,1580
8146,627858,corner,0,0.6600,1,1581
8147,627906,corner,0,0.6600,1,1582
8148,627992,corner,1,0.6600,1,1583
8149,628062,corner,1,0.6600,1,1584
8150,628226,corner,1,0.6700,1,1585
8151,628279,corner,0,0.6700,1,1586
8152,628364,corner,1,0.6700,1,1587
8153,628411,corner,0,0.6700,1,1588
8154,628555,corner,1,0.6700,1,1589
8155,628634,corner,1,0.6700,1,1590
8156,628689,corner,1,0.6800,1,1591
8157,628758,corner,1,0.6800,1,1592
8158,628836,corner,1,0.6900,1,1593
8159,628889,corner,0,0.6800,1,1594
8160,628963,corner,1,0.6800,1,1595
8161,629035,corner,1,0.6800,1,1596
8162,629158,corner,0,0.6700,1,1597
8163,629232,corner,1,0.6700,1,1598
8164,629344,corner,1,0.6800,1,1599
8165,629417,corner,1,0.6800,1,1600
8166,629482,corner,0,0.6700,1,1601
8167,629553,corner,1,0.6800,1,1602
8168,629642,corner,1,0.6800,1,1603
8169,629689,corner,0,0.6700,1,1604
8170,629756,corner,1,0.6700,1,1605
8171,629841,corner,0,0.6600,1,1606
8172,629939,corner,1,0.6700,1,1607
8173,629988,corner,1,0.6800,1,1608
8174,630062,corner,1,0.6900,1,1609
8175,630113,corner,0,0.6800,1,1610
8176,630174,corner,1,0.6800,1,1611
8177,630265,corner,1,0.6800,1,1612
8178,630315,corner,0,0.6700,1,1613
8179,630467,corner,1,0.6800,1,1614
8180,630547,corner,1,0.6900,1,1615
8181,630636,corner,1,0.7000,1,1616
8182,630694,corner,1,0.7000,1,1617
8183,630850,corner,1,0.7000,1,1618
8184,630918,corner,1,0.7000,1,1619
8185,630977,corner,1,0.7100,1,1620
8186,631052,corner,1,0.7100,1,1621
8187,631132,corner,1,0.7100,1,1622
8188,631211,corner,1,0.7100,1,1623
8189,631260,corner,0,0.7000,1,1624
8190,631330,corner,1,0.7000,1,1625
8191,631416,corner,0,0.6900,1,1626
8192,631487,corner,1,0.7000,1,1627
8193,631531,corner,0,0.7000,1,1628
8194,631621,corner,1,0.7100,1,1629
8195,631700,corner,1,0.7200,1,1630
8196,631769,corner,1,0.7300,1,1631
8197,631850,corner,1,0.7400,1,1632
8198,631914,corner,0,0.7300,1,1633
8199,631962,corner,0,0.7200,1,1634
8200,632014,corner,1,0.7300,1,1635
8201,632128,corner,1,0.7400,1,1636
8202,632213,corner,1,0.7400,1,1637
8203,632271,corner,0,0.7400,1,1638
8204,632345,corner,1,0.7500,1,1639
8205,632444,corner,1,0.7500,1,1640
8206,632510,corner,0,0.7500,1,1641
8207,632562,corner,1,0.7500,1,1642
8208,632630,corner,1,0.7500,1,1643
8209,632696,corner,1,0.7500,1,1644
8210,632771,corner,1,0.7500,1,1645
8211,632858,corner,1,0.7500,1,1646
8212,632908,corner,0,0.7400,1,1647
8213,633006,corner,0,0.7300,1,1648
8214,633087,corner,0,0.7200,1,1649
8215,633195,corner,0,0.7100,1,1650
8216,633246,corner,0,0.7100,1,1651
8217,633316,corner,1,0.7100,1,1652
8218,633386,corner,1,0.7200,1,1653
8219,633469,corner,1,0.7300,1,1654
8220,633531,corner,0,0.7200,1,1655
8221,633617,corner,1,0.7200,1,1656
8222,633697,corner,1,0.7200,1,1657
8223,633787,corner,1,0.7300,1,1658
8224,633872,corner,0,0.7200,1,1659
8225,633986,corner,1,0.7200,1,1660
8226,634067,corner,0,0.7100,1,1661
8227,634156,corner,1,0.7100,1,1662
8228,634306,corner,1,0.7100,1,1663
8229,634363,corner,0,0.7000,1,1664
8230,634428,corner,1,0.7100,1,1665
8231,634501,corner,1,0.7100,1,1666
8232,634580,corner,1,0.7100,1,1667
8233,634627,corner,0,0.7100,1,1668
8234,634740,corner,1,0.7100,1,1669
8235,634828,corner,1,0.7100,1,1670
8236,634880,corner,1,0.7100,1,1671
8237,634933,corner,0,0.7100,1,1672
8238,635024,corner,1,0.7100,1,1673
8239,635121,corner,1,0.7100,1,1674
8240,635176,corner,0,0.7000,1,1675
8241,635261,corner,0,0.6900,1,1676
8242,635309,corner,0,0.6800,1,1677
8243,635381,corner,1,0.6800,1,1678
8244,635464,corner,0,0.6700,1,1679
8245,635604,corner,0,0.6600,1,1680
8246,635670,corner,1,0.6700,1,1681
8247,635787,corner,0,0.6700,1,1682
8248,635875,corner,0,0.6600,1,1683
8249,635924,corner,0,0.6500,1,1684
8250,636001,corner,1,0.6500,1,1685
8251,636060,corner,0,0.6500,1,1686
8252,636145,corner,0,0.6400,1,1687
8253,636255,corner,1,0.6500,1,1688
8254,636334,corner,1,0.6500,1,1689
8255,636419,corner,0,0.6400,1,1690
8256,636487,corner,0,0.6300,1,1691
8257,636556,corner,1,0.6300,1,1692
8258,636609,corner,0,0.6200,1,1693
8259,636775,corner,0,0.6200,1,1694
8260,636871,corner,1,0.6200,1,1695
8261,636944,corner,1,0.6200,1,1696
8262,637004,corner,0,0.6200,1,1697
8263,637079,corner,1,0.6200,1,1698
8264,637158,corner,1,0.6200,1,1699
8265,637209,corner,0,0.6100,1,1700
8266,637269,corner,0,0.6100,1,1701
8267,637389,corner,1,0.6100,1,1702
8268,637478,corner,1,0.6100,1,1703
8269,637542,corner,1,0.6200,1,1704
8270,637590,corner,0,0.6100,1,1705
8271,637647,corner,0,0.6100,1,1706
8272,637735,corner,1,0.6100,1,1707
8273,637820,corner,1,0.6100,1,1708
8274,637873,corner,0,0.6000,1,1709
8275,637938,corner,0,0.6000,1,1710
8276,638058,corner,1,0.6000,1,1711
8277,638150,corner,0,0.5900,1,1712
8278,638203,corner,0,0.5900,1,1713
8279,638278,corner,1,0.5900,1,1714
8280,638325,corner,0,0.5800,1,1715
8281,638390,corner,1,0.5800,1,1716
8282,638487,corner,1,0.5800,1,1717
8283,638572,corner,1,0.5800,1,1718
8284,638637,corner,1,0.5800,1,1719
8285,638724,corner,1,0.5800,1,1720
8286,638818,corner,1,0.5800,1,1721
8287,638905,corner,1,0.5800,1,1722
8288,639003,corner,1,0.5800,1,1723
8289,639161,corner,1,0.5900,1,1724
8290,639211,corner,0,0.5800,1,1725
8291,639289,corner,1,0.5900,1,1726
8292,639351,corner,1,0.5900,1,1727
8293,639408,corner,0,0.5900,1,1728
8294,639523,corner,1,0.5900,1,1729
8295,639585,corner,0,0.5800,1,1730
8296,639684,corner,1,0.5800,1,1731
8297,639731,corner,0,0.5700,1,1732
8298,639826,corner,1,0.5800,1,1733
8299,639878,corner,0,0.5800,1,1734
8300,639950,corner,1,0.5800,1,1735
8301,640001,corner,0,0.5700,1,1736
8302,640096,corner,1,0.5700,1,1737
8303,640144,corner,0,0.5700,1,1738
8304,640195,corner,0,0.5600,1,1739
8305,640253,corner,0,0.5500,1,1740
8306,640308,corner,1,0.5600,1,1741
8307,640380,corner,1,0.5600,1,1742
8308,640451,corner,1,0.5600,1,1743
8309,640527,corner,1,0.5600,1,1744
8310,640588,corner,1,0.5600,1,1745
8311,640679,corner,0,0.5500,1,1746
8312,640723,corner,0,0.5500,1,1747
8313,640769,corner,0,0.5500,1,1748
8314,640914,corner,0,0.5500,1,1749
8315,640988,corner,1,0.5600,1,1750
8316,641043,corner,1,0.5700,1,1751
8317,641095,corner,0,0.5600,1,1752
8318,641225,corner,1,0.5600,1,1753
8319,641295,corner,1,0.5600,1,1754
8320,641373,corner,1,0.5700,1,1755
8321,641535,corner,1,0.5700,1,1756
8322,641616,corner,0,0.5600,1,1757
8323,641700,corner,1,0.5600,1,1758
8324,641746,corner,0,0.5600,1,1759
8325,641827,corner,0,0.5500,1,1760
8326,641969,corner,1,0.5600,1,1761
8327,642051,corner,1,0.5600,1,1762
8328,642099,corner,1,0.5600,1,1763
8329,642167,corner,1,0.5700,1,1764
8330,642216,corner,0,0.5600,1,1765
8331,642330,corner,0,0.5500,1,1766
8332,642417,corner,1,0.5500,1,1767
8333,642478,corner,1,0.5600,1,1768
8334,642568,corner,1,0.5600,1,1769
8335,642655,corner,1,0.5600,1,1770
8336,642755,corner,1,0.5600,1,1771
8337,642832,corner,1,0.5700,1,1772
8338,642909,corner,1,0.5700,1,1773
8339,642981,corner,1,0.5700,1,1774
8340,643089,corner,1,0.5800,1,1775
8341,643233,corner,0,0.5800,1,1776
8342,643300,corner,1,0.5900,1,1777
8343,643395,corner,1,0.5900,1,1778
8344,643476,corner,1,0.6000,1,1779
8345,643532,corner,1,0.6100,1,1780
8346,643620,corner,1,0.6100,1,1781
8347,643700,corner,1,0.6200,1,1782
8348,643800,corner,1,0.6300,1,1783
8349,643880,corner,1,0.6400,1,1784
8350,643932,corner,0,0.6300,1,1785
8351,644081,corner,0,0.6300,1,1786
8352,644338,corner,1,0.6400,1,1787
8353,644419,corner,0,0.6300,1,1788
8354,644468,corner,0,0.6200,1,1789
8355,644535,corner,1,0.6300,1,1790
8356,644577,corner,0,0.6300,1,1791
8357,644675,corner,1,0.6300,1,1792
8358,644726,corner,0,0.6300,1,1793
8359,644820,corner,1,0.6400,1,1794
8360,644876,corner,0,0.6300,1,1795
8361,644941,corner,1,0.6300,1,1796
8362,645000,corner,0,0.6300,1,1797
8363,645114,corner,1,0.6300,1,1798
8364,645183,corner,0,0.6200,1,1799
8365,645232,corner,0,0.6200,1,1800
8366,645374,corner,0,0.6200,1,1801
8367,645499,corner,1,0.6200,1,1802
8368,645547,corner,0,0.6100,1,1803
8369,645628,corner,0,0.6000,1,1804
8370,645697,corner,0,0.6000,1,1805
8371,645772,corner,1,0.6100,1,1806
8372,645841,corner,1,0.6100,1,1807
8373,645889,corner,1,0.6100,1,1808
8374,645931,corner,0,0.6100,1,1809
8375,646006,corner,1,0.6200,1,1810
8376,646064,corner,1,0.6200,1,1811
8377,646117,corner,0,0.6200,1,1812
8378,646179,corner,1,0.6300,1,1813
8379,646386,corner,1,0.6300,1,1814
8380,646461,corner,1,0.6400,1,1815
8381,646571,corner,1,0.6400,1,1816
8382,646641,corner,1,0.6400,1,1817
8383,646741,corner,1,0.6400,1,1818
8384,646808,corner,1,0.6400,1,1819
8385,646881,corner,1,0.6400,1,1820
8386,646950,corner,1,0.6400,1,1821
8387,647082,corner,0,0.6300,1,1822
8388,647165,corner,0,0.6200,1,1823
8389,647246,corner,1,0.6200,1,1824
8390,647308,corner,1,0.6300,1,1825
8391,647395,corner,1,0.6300,1,1826
8392,647485,corner,1,0.6300,1,1827
8393,647549,corner,1,0.6400,1,1828
8394,647603,corner,0,0.6300,1,1829
8395,647688,corner,1,0.6400,1,1830
8396,647775,corner,1,0.6400,1,1831
8397,647857,corner,1,0.6500,1,1832
8398,648007,corner,1,0.6500,1,1833
8399,648085,corner,1,0.6600,1,1834
8400,648186,corner,1,0.6600,1,1835
8401,648263,corner,1,0.6700,1,1836
8402,648309,corner,0,0.6600,1,1837
8403,648388,corner,1,0.6700,1,1838
8404,648454,corner,1,0.6800,1,1839
8405,648561,corner,1,0.6900,1,1840
8406,648624,corner,1,0.6900,1,1841
8407,648685,corner,1,0.6900,1,1842
8408,648764,corner,1,0.6900,1,1843
8409,648827,corner,1,0.6900,1,1844
8410,648942,corner,1,0.6900,1,1845
8411,649035,corner,1,0.7000,1,1846
8412,649119,corner,1,0.7100,1,1847
8413,649207,corner,1,0.7200,1,1848
8414,649290,corner,1,0.7300,1,1849
8415,649392,corner,1,0.7300,1,1850
8416,649521,corner,1,0.7300,1,1851
8417,649621,corner,1,0.7400,1,1852
8418,649692,corner,1,0.7400,1,1853
8419,649777,corner,1,0.7400,1,1854
8420,649891,corner,1,0.7400,1,1855
8421,649984,corner,1,0.7400,1,1856
8422,650059,corner,1,0.7500,1,1857
8423,650142,corner,1,0.7500,1,1858
8424,650187,corner,0,0.7500,1,1859
8425,650319,corner,0,0.7500,1,1860
8426,650463,corner,0,0.7400,1,1861
8427,650542,corner,1,0.7400,1,1862
8428,650618,corner,1,0.7400,1,1863
8429,650727,corner,1,0.7400,1,1864
8430,650790,corner,1,0.7500,1,1865
8431,650841,corner,0,0.7500,1,1866
8432,650947,corner,1,0.7500,1,1867
8433,651002,corner,0,0.7400,1,1868
8434,651058,corner,1,0.7400,1,1869
8435,651139,corner,0,0.7300,1,1870
8436,651188,corner,0,0.7200,1,1871
8437,651270,corner,0,0.7100,1,1872
8438,651338,corner,1,0.7100,1,1873
8439,651425,corner,1,0.7100,1,1874
8440,651524,corner,1,0.7100,1,1875
8441,651600,corner,0,0.7100,1,1876
8442,651683,corner,0,0.7000,1,1877
8443,651777,corner,1,0.7000,1,1878
8444,651868,corner,1,0.7000,1,1879
8445,651919,corner,0,0.6900,1,1880
8446,652082,corner,1,0.6900,1,1881
8447,652128,corner,0,0.6800,1,1882
8448,652200,corner,1,0.6800,1,1883
8449,652269,corner,1,0.6800,1,1884
8450,652352,corner,1,0.6900,1,1885
8451,652405,corner,0,0.6900,1,1886
8452,652474,corner,0,0.6800,1,1887
8453,652532,corner,1,0.6900,1,1888
8454,652614,corner,0,0.6900,1,1889
8455,652730,corner,1,0.6900,1,1890
8456,652788,corner,1,0.7000,1,1891
8457,652873,corner,1,0.7000,1,1892
8458,652954,corner,1,0.7100,1,1893
8459,653043,corner,1,0.7100,1,1894
8460,653106,corner,1,0.7200,1,1895
8461,653208,corner,1,0.7200,1,1896
8462,653288,corner,1,0.7300,1,1897
8463,653337,corner,0,0.7200,1,1898
8464,653415,corner,1,0.7300,1,1899
8465,653485,corner,0,0.7300,1,1900
8466,653539,corner,0,0.7300,1,1901
8467,653607,corner,1,0.7300,1,1902
8468,653670,corner,1,0.7400,1,1903
8469,653738,corner,1,0.7500,1,1904
8470,653809,corner,0,0.7500,1,1905
8471,653912,corner,1,0.7500,1,1906
8472,654003,corner,0,0.7400,1,1907
8473,654066,corner,1,0.7400,1,1908
8474,654153,corner,1,0.7500,1,1909
8475,654222,corner,1,0.7500,1,1910
8476,654286,corner,1,0.7500,1,1911
8477,654358,corner,1,0.7600,1,1912
8478,654432,corner,1,0.7600,1,1913
8479,654511,corner,1,0.7600,1,1914
8480,654555,corner,0,0.7500,1,1915
8481,654638,corner,1,0.7500,1,1916
8482,654818,corner,1,0.7500,1,1917
8483,654902,corner,0,0.7400,1,1918
8484,654977,corner,1,0.7400,1,1919
8485,655078,corner,1,0.7400,1,1920
8486,655205,corner,1,0.7400,1,1921
8487,655274,corner,1,0.7500,1,1922
8488,655350,corner,1,0.7600,1,1923
8489,655417,corner,1,0.7600,1,1924
8490,655489,corner,1,0.7600,1,1925
8491,655553,corner,1,0.7600,1,1926
8492,655658,corner,1,0.7600,1,1927
8493,655744,corner,0,0.7500,1,1928
8494,655937,corner,1,0.7600,1,1929
8495,656028,corner,1,0.7600,1,1930
8496,656196,corner,0,0.7500,1,1931
8497,656311,corner,0,0.7400,1,1932
8498,656380,corner,0,0.7300,1,1933
8499,656432,corner,0,0.7200,1,1934
8500,656551,corner,1,0.7200,1,1935
8501,656599,corner,0,0.7100,1,1936
8502,656662,corner,1,0.7200,1,1937
8503,656712,corner,0,0.7100,1,1938
8504,656757,corner,0,0.7000,1,1939
8505,656938,corner,1,0.7000,1,1940
8506,657027,corner,1,0.7000,1,1941
8507,657079,corner,0,0.6900,1,1942
8508,657165,corner,1,0.6900,1,1943
8509,657231,corner,1,0.6900,1,1944
8510,657297,corner,1,0.6900,1,1945
8511,657462,corner,1,0.6900,1,1946
8512,657568,corner,0,0.6800,1,1947
8513,657647,corner,1,0.6800,1,1948
8514,657724,corner,1,0.6800,1,1949
8515,657814,corner,1,0.6800,1,1950
8516,657885,corner,1,0.6800,1,1951
8517,657951,corner,1,0.6800,1,1952
8518,658022,corner,1,0.6800,1,1953
8519,658104,corner,1,0.6800,1,1954
8520,658227,corner,1,0.6800,1,1955
8521,658304,corner,1,0.6800,1,1956
8522,658388,corner,1,0.6800,1,1957
8523,658471,corner,1,0.6800,1,1958
8524,658574,corner,0,0.6800,1,1959
8525,658629,corner,0,0.6800,1,1960
8526,658696,corner,1,0.6900,1,1961
8527,658746,corner,0,0.6800,1,1962
8528,658801,corner,1,0.6800,1,1963
8529,658898,corner,1,0.6800,1,1964
8530,658950,corner,1,0.6800,1,1965
8531,659033,corner,1,0.6900,1,1966
8532,659082,corner,0,0.6800,1,1967
8533,659183,corner,1,0.6900,1,1968
8534,659243,corner,0,0.6800,1,1969
8535,659335,corner,0,0.6800,1,1970
8536,659414,corner,1,0.6900,1,1971
8537,659474,corner,0,0.6900,1,1972
8538,659557,corner,0,0.6800,1,1973
8539,659650,corner,1,0.6800,1,1974
8540,659729,corner,1,0.6800,1,1975
8541,659826,corner,1,0.6900,1,1976
8542,659879,corner,0,0.6900,1,1977
8543,659945,corner,0,0.6800,1,1978
8544,660048,corner,1,0.6800,1,1979
8545,660095,corner,0,0.6800,1,1980
8546,660159,corner,0,0.6700,1,1981
8547,660303,corner,1,0.6800,1,1982
8548,660380,corner,1,0.6800,1,1983
8549,660473,corner,1,0.6800,1,1984
8550,660566,corner,1,0.6800,1,1985
8551,660655,corner,1,0.6900,1,1986
8552,660733,corner,1,0.7000,1,1987
8553,660793,corner,1,0.7000,1,1988
8554,660862,corner,1,0.7100,1,1989
8555,660914,corner,0,0.7000,1,1990
8556,661013,corner,1,0.7000,1,1991
8557,661055,corner,0,0.6900,1,1992
8558,661126,corner,1,0.6900,1,1993
8559,661205,corner,1,0.6900,1,1994
8560,661272,corner,1,0.6900,1,1995
8561,661342,corner,1,0.6900,1,1996
8562,661443,corner,1,0.6900,1,1997
8563,661524,corner,1,0.7000,1,1998
8564,661617,corner,1,0.7000,1,1999
8565,661683,corner,1,0.7100,1,2000
8566,661756,corner,1,0.7200,1,2001
8567,661847,corner,1,0.7200,1,2002
8568,662185,corner,0,0.7100,1,2003
8569,662258,corner,1,0.7100,1,2004
8570,662322,corner,1,0.7200,1,2005
8571,662403,corner,1,0.7200,1,2006
8572,662456,corner,0,0.7200,1,2007
8573,662524,corner,1,0.7200,1,2008
8574,662576,corner,0,0.7100,1,2009
8575,662641,corner,1,0.7100,1,2010
8576,662788,corner,0,0.7000,1,2011
8577,662867,corner,1,0.7000,1,2012
8578,662912,corner,0,0.6900,1,2013
8579,662968,corner,1,0.6900,1,2014
8580,663051,corner,1,0.7000,1,2015
8581,663128,corner,1,0.7000,1,2016
8582,663200,corner,1,0.7000,1,2017
8583,663290,corner,0,0.7000,1,2018
8584,663340,corner,0,0.6900,1,2019
8585,663411,corner,1,0.6900,1,2020
8586,663482,corner,1,0.6900,1,2021
8587,663552,corner,1,0.6900,1,2022
8588,663598,corner,0,0.6800,1,2023
8589,663656,corner,0,0.6700,1,2024
8590,663768,corner,1,0.6700,1,2025
8591,663846,corner,1,0.6700,1,2026
8592,664133,corner,0,0.6600,1,2027
8593,664217,corner,1,0.6700,1,2028
8594,664274,corner,0,0.6600,1,2029
8595,664337,corner,1,0.6600,1,2030
8596,664387,corner,0,0.6600,1,2031
8597,664472,corner,1,0.6700,1,2032
8598,664529,corner,1,0.6800,1,2033
8599,664607,corner,1,0.6900,1,2034
8600,664704,corner,1,0.6900,1,2035
8601,664749,corner,0,0.6900,1,2036
8602,664799,corner,0,0.6800,1,2037
8603,664875,corner,1,0.6900,1,2038
8604,665006,corner,1,0.7000,1,2039
8605,665057,corner,0,0.6900,1,2040
8606,665131,corner,1,0.6900,1,2041
8607,665220,corner,1,0.7000,1,2042
8608,665295,corner,1,0.7000,1,2043
8609,665370,corner,1,0.7000,1,2044
8610,665483,corner,1,0.7000,1,2045
8611,665577,corner,1,0.7000,1,2046
8612,665630,corner,0,0.7000,1,2047
8613,665679,corner,0,0.6900,1,2048
8614,665754,corner,1,0.6900,1,2049
8615,665799,corner,0,0.6800,1,2050
8616,665848,corner,0,0.6700,1,2051
8617,666020,corner,1,0.6700,1,2052
8618,666101,corner,1,0.6700,1,2053
8619,666168,corner,1,0.6700,1,2054
8620,666253,corner,1,0.6700,1,2055
8621,666320,corner,1,0.6700,1,2056
8622,666385,corner,1,0.6700,1,2057
8623,666494,corner,1,0.6700,1,2058
8624,666537,corner,0,0.6700,1,2059
8625,666610,corner,1,0.6800,1,2060
8626,666682,corner,0,0.6700,1,2061
8627,666766,corner,0,0.6700,1,2062
8628,666848,corner,0,0.6600,1,2063
8629,666903,corner,0,0.6500,1,2064
8630,666976,corner,1,0.6500,1,2065
8631,667044,corner,1,0.6500,1,2066
8632,667097,corner,0,0.6500,1,2067
8633,667271,corner,1,0.6500,1,2068
8634,667341,corner,1,0.6600,1,2069
8635,667445,corner,1,0.6700,1,2070
8636,667497,corner,0,0.6600,1,2071
8637,667569,corner,1,0.6700,1,2072
8638,667651,corner,0,0.6700,1,2073
8639,667733,corner,1,0.6700,1,2074
8640,667800,corner,1,0.6700,1,2075
8641,667864,corner,1,0.6700,1,2076
8642,667909,corner,0,0.6700,1,2077
8643,667991,corner,1,0.6800,1,2078
8644,668039,corner,1,0.6800,1,2079
8645,668109,corner,1,0.6900,1,2080
8646,668182,corner,1,0.7000,1,2081
8647,668263,corner,0,0.6900,1,2082
8648,668340,corner,1,0.6900,1,2083
8649,668418,corner,1,0.6900,1,2084
8650,668485,corner,1,0.6900,1,2085
8651,668566,corner,1,0.6900,1,2086
8652,668628,corner,0,0.6800,1,2087
8653,668680,corner,0,0.6700,1,2088
8654,668751,corner,1,0.6700,1,2089
8655,668822,corner,1,0.6800,1,2090
8656,668929,corner,1,0.6800,1,2091
8657,669033,corner,1,0.6900,1,2092
8658,669083,corner,0,0.6800,1,2093
8659,669174,corner,1,0.6800,1,2094
8660,669247,corner,1,0.6800,1,2095
8661,669324,corner,1,0.6800,1,2096
8662,669379,corner,1,0.6800,1,2097
8663,669432,corner,0,0.6700,1,2098
8664,669496,corner,1,0.6700,1,2099
8665,669552,corner,1,0.6700,1,2100
8666,669624,corner,1,0.6700,1,2101
8667,669729,corner,1,0.6700,1,2102
8668,669809,corner,1,0.6800,1,2103
8669,669894,corner,1,0.6800,1,2104
8670,669977,corner,1,0.6800,1,2105
8671,670061,corner,0,0.6700,1,2106
8672,670149,corner,1,0.6800,1,2107
8673,670214,corner,1,0.6800,1,2108
8674,670293,corner,1,0.6900,1,2109
8675,670371,corner,1,0.6900,1,2110
8676,670453,corner,1,0.7000,1,2111
8677,670531,corner,1,0.7000,1,2112
8678,670620,corner,1,0.7100,1,2113
8679,670700,corner,1,0.7100,1,2114
8680,670756,corner,1,0.7100,1,2115
8681,670826,corner,1,0.7100,1,2116
8682,670896,corner,1,0.7100,1,2117
8683,670982,corner,1,0.7200,1,2118
8684,671064,corner,0,0.7200,1,2119
8685,671145,corner,1,0.7200,1,2120
8686,671228,corner,1,0.7200,1,2121
8687,671309,corner,1,0.7200,1,2122
8688,671359,corner,1,0.7300,1,2123
8689,671444,corner,1,0.7400,1,2124
8690,671514,corner,1,0.7400,1,2125
8691,671603,corner,1,0.7400,1,2126
8692,671687,corner,1,0.7500,1,2127
8693,671768,corner,1,0.7500,1,2128
8694,671821,corner,0,0.7500,1,2129
8695,671865,corner,0,0.7400,1,2130
8696,672212,corner,1,0.7500,1,2131
8697,672301,corner,1,0.7500,1,2132
8698,672385,corner,0,0.7400,1,2133
8699,672478,corner,1,0.7400,1,2134
8700,672558,corner,1,0.7400,1,2135
8701,672605,corner,0,0.7400,1,2136
8702,672695,corner,1,0.7500,1,2137
8703,672782,corner,1,0.7500,1,2138
8704,672908,corner,0,0.7400,1,2139
8705,673081,corner,1,0.7500,1,2140
8706,673138,corner,1,0.7500,1,2141
8707,673235,corner,1,0.7500,1,2142
8708,673332,corner,1,0.7500,1,2143
8709,673419,corner,1,0.7500,1,2144
8710,673498,corner,1,0.7500,1,2145
8711,673549,corner,1,0.7500,1,2146
8712,673630,corner,0,0.7500,1,2147
8713,673705,corner,1,0.7600,1,2148
8714,673791,corner,0,0.7500,1,2149
8715,673939,corner,1,0.7600,1,2150
8716,673998,corner,0,0.7600,1,2151
8717,674089,corner,1,0.7600,1,2152
8718,674165,corner,1,0.7600,1,2153
8719,674253,corner,1,0.7600,1,2154
8720,674327,corner,1,0.7600,1,2155
8721,674413,corner,0,0.7500,1,2156
8722,674507,corner,1,0.7500,1,2157
8723,674593,corner,1,0.7500,1,2158
8724,674696,corner,1,0.7600,1,2159
8725,674786,corner,1,0.7600,1,2160
8726,674873,corner,1,0.7700,1,2161
8727,674952,corner,1,0.7800,1,2162
8728,675003,corner,1,0.7900,1,2163
8729,675051,corner,0,0.7900,1,2164
8730,675126,corner,1,0.7900,1,2165
8731,675199,corner,1,0.7900,1,2166
8732,675286,corner,1,0.8000,1,2167
8733,675361,corner,1,0.8000,1,2168
8734,675409,corner,0,0.7900,1,2169
8735,675505,corner,1,0.7900,1,2170
8736,675611,corner,1,0.8000,1,2171
8737,675660,corner,0,0.7900,1,2172
8738,675724,corner,1,0.8000,1,2173
8739,675861,corner,0,0.7900,1,2174
8740,675929,corner,1,0.7900,1,2175
8741,676023,corner,1,0.7900,1,2176
8742,676135,corner,1,0.8000,1,2177
8743,676203,corner,1,0.8000,1,2178
8744,676272,corner,1,0.8000,1,2179
8745,676345,corner,1,0.8000,1,2180
8746,676414,corner,1,0.8000,1,2181
8747,676482,corner,1,0.8100,1,2182
8748,676578,corner,1,0.8100,1,2183
8749,676652,corner,1,0.8100,1,2184
8750,676714,corner,0,0.8000,1,2185
8751,676814,corner,0,0.7900,1,2186
8752,676890,corner,1,0.8000,1,2187
8753,676980,corner,1,0.8100,1,2188
8754,677038,corner,0,0.8000,1,2189
8755,677144,corner,1,0.8000,1,2190
8756,677201,corner,1,0.8000,1,2191
8757,677269,corner,1,0.8000,1,2192
8758,677355,corner,1,0.8100,1,2193
8759,677433,corner,1,0.8100,1,2194
8760,677523,corner,1,0.8100,1,2195
8761,677570,corner,0,0.8000,1,2196
8762,677618,corner,0,0.7900,1,2197
8763,677710,corner,1,0.8000,1,2198
8764,677785,corner,1,0.8000,1,2199
8765,677854,corner,1,0.8000,1,2200
8766,677938,corner,1,0.8000,1,2201
8767,677983,corner,0,0.7900,1,2202
8768,678066,corner,1,0.7900,1,2203
8769,678161,corner,1,0.7900,1,2204
8770,678257,corner,1,0.7900,1,2205
8771,678317,corner,1,0.8000,1,2206
8772,678387,corner,1,0.8000,1,2207
8773,678452,corner,1,0.8000,1,2208
8774,678522,corner,1,0.8000,1,2209
8775,678598,corner,1,0.8000,1,2210
8776,678691,corner,1,0.8000,1,2211
8777,678756,corner,0,0.7900,1,2212
8778,678814,corner,0,0.7800,1,2213
8779,678944,corner,0,0.7700,1,2214
8780,679014,corner,1,0.7700,1,2215
8781,679090,corner,1,0.7700,1,2216
8782,679169,corner,1,0.7700,1,2217
8783,679237,corner,0,0.7600,1,2218
8784,679311,corner,1,0.7700,1,2219
8785,679390,corner,1,0.7700,1,2220
8786,679473,corner,1,0.7700,1,2221
8787,679559,corner,1,0.7700,1,2222
8788,679611,corner,0,0.7600,1,2223
8789,679707,corner,1,0.7600,1,2224
8790,679786,corner,1,0.7600,1,2225
8791,679860,corner,1,0.7600,1,2226
8792,679943,corner,1,0.7600,1,2227
8793,680015,corner,1,0.7600,1,2228
8794,680091,corner,1,0.7700,1,2229
8795,680148,corner,1,0.7800,1,2230
8796,680205,corner,1,0.7800,1,2231
8797,680293,corner,1,0.7800,1,2232
8798,680367,corner,1,0.7900,1,2233
8799,680435,corner,1,0.7900,1,2234
8800,680517,corner,0,0.7800,1,2235
8801,680632,corner,1,0.7900,1,2236
8802,680697,corner,1,0.7900,1,2237
8803,680753,corner,0,0.7800,1,2238
8804,680836,corner,0,0.7800,1,2239
8805,680889,corner,0,0.7700,1,2240
8806,680941,corner,0,0.7600,1,2241
8807,681021,corner,1,0.7600,1,2242
8808,681098,corner,1,0.7600,1,2243
8809,681180,corner,0,0.7500,1,2244
8810,681226,corner,0,0.7400,1,2245
8811,681307,corner,1,0.7400,1,2246
8812,681352,corner,0,0.7400,1,2247
8813,681443,corner,1,0.7400,1,2248
8814,681663,corner,0,0.7400,1,2249
8815,681746,corner,1,0.7400,1,2250
8816,681896,corner,0,0.7400,1,2251
8817,681958,corner,1,0.7400,1,2252
8818,682015,corner,1,0.7400,1,2253
8819,682143,corner,1,0.7400,1,2254
8820,682272,corner,1,0.7400,1,2255
8821,682344,corner,1,0.7500,1,2256
8822,682403,corner,0,0.7400,1,2257
8823,682485,corner,1,0.7400,1,2258
8824,682725,corner,1,0.7400,1,2259
8825,682811,corner,1,0.7400,1,2260
8826,682904,corner,1,0.7400,1,2261
8827,682961,corner,1,0.7400,1,2262
8828,683039,corner,1,0.7400,1,2263
8829,683143,corner,1,0.7500,1,2264
8830,683257,corner,0,0.7400,1,2265
8831,683343,corner,1,0.7400,1,2266
8832,683407,corner,1,0.7400,1,2267
8833,683495,corner,1,0.7400,1,2268
8834,683565,corner,1,0.7500,1,2269
8835,683737,corner,1,0.7500,1,2270
8836,683784,corner,0,0.7400,1,2271
8837,683868,corner,1,0.7500,1,2272
8838,683969,corner,1,0.7500,1,2273
8839,684053,corner,1,0.7600,1,2274
8840,684109,corner,1,0.7600,1,2275
8841,684154,corner,0,0.7500,1,2276
8842,684235,corner,1,0.7500,1,2277
8843,684313,corner,1,0.7500,1,2278
8844,684406,corner,1,0.7500,1,2279
8845,684517,corner,0,0.7400,1,2280
8846,684577,corner,0,0.7300,1,2281
8847,684635,corner,0,0.7200,1,2282
8848,684725,corner,1,0.7200,1,2283
8849,684777,corner,1,0.7200,1,2284
8850,684830,corner,0,0.7200,1,2285
8851,684889,corner,0,0.7200,1,2286
8852,684990,corner,1,0.7200,1,2287
8853,685060,corner,1,0.7200,1,2288
8854,685109,corner,0,0.7200,1,2289
8855,685167,corner,0,0.7100,1,2290
8856,685250,corner,1,0.7100,1,2291
8857,685319,corner,1,0.7100,1,2292
8858,685400,corner,0,0.7000,1,2293
8859,685467,corner,1,0.7000,1,2294
8860,685550,corner,0,0.6900,1,2295
8861,685656,corner,1,0.7000,1,2296
8862,685758,corner,1,0.7100,1,2297
8863,685839,corner,0,0.7000,1,2298
8864,685928,corner,1,0.7000,1,2299
8865,686005,corner,1,0.7000,1,2300
8866,686052,corner,0,0.6900,1,2301
8867,686119,corner,1,0.7000,1,2302
8868,686240,corner,1,0.7000,1,2303
8869,686319,corner,1,0.7000,1,2304
8870,686478,corner,1,0.7000,1,2305
8871,686553,corner,1,0.7000,1,2306
8872,686621,corner,1,0.7000,1,2307
8873,686785,corner,1,0.7000,1,2308
8874,686916,corner,0,0.6900,1,2309
8875,686982,corner,1,0.6900,1,2310
8876,687058,corner,1,0.6900,1,2311
8877,687125,corner,1,0.7000,1,2312
8878,687208,corner,1,0.7100,1,2313
8879,687284,corner,1,0.7200,1,2314
8880,687355,corner,1,0.7200,1,2315
8881,687409,corner,0,0.7100,1,2316
8882,687539,corner,1,0.7100,1,2317
8883,687620,corner,1,0.7200,1,2318
8884,687672,corner,0,0.7100,1,2319
8885,687748,corner,1,0.7100,1,2320
8886,687817,corner,1,0.7100,1,2321
8887,687896,corner,1,0.7100,1,2322
8888,687968,corner,1,0.7200,1,2323
8889,688058,corner,1,0.7200,1,2324
8890,688131,corner,1,0.7200,1,2325
8891,688216,corner,1,0.7200,1,2326
8892,688284,corner,1,0.7200,1,2327
8893,688376,corner,1,0.7200,1,2328
8894,688445,corner,1,0.7200,1,2329
8895,688517,corner,1,0.7200,1,2330
8896,688602,corner,1,0.7200,1,2331
8897,688673,corner,1,0.7200,1,2332
8898,688755,corner,1,0.7200,1,2333
8899,688817,corner,0,0.7100,1,2334
8900,688896,corner,1,0.7200,1,2335
8901,688983,corner,1,0.7200,1,2336
8902,689082,corner,1,0.7200,1,2337
8903,689176,corner,1,0.7300,1,2338
8904,689246,corner,1,0.7400,1,2339
8905,689335,corner,1,0.7500,1,2340
8906,689418,corner,1,0.7600,1,2341
8907,689484,corner,1,0.7600,1,2342
8908,689566,corner,1,0.7600,1,2343
8909,689655,corner,1,0.7700,1,2344
8910,689733,corner,1,0.7800,1,2345
8911,689787,corner,0,0.7700,1,2346
8912,689831,corner,0,0.7700,1,2347
8913,689902,corner,1,0.7700,1,2348
8914,689955,corner,0,0.7700,1,2349
8915,690043,corner,1,0.7700,1,2350
8916,690126,corner,1,0.7800,1,2351
8917,690200,corner,1,0.7800,1,2352
8918,690271,corner,1,0.7800,1,2353
8919,690352,corner,1,0.7800,1,2354
8920,690424,corner,1,0.7800,1,2355
8921,690483,corner,0,0.7700,1,2356
8922,690587,corner,1,0.7800,1,2357
8923,690651,corner,0,0.7700,1,2358
8924,690716,corner,1,0.7700,1,2359
8925,690799,corner,1,0.7700,1,2360
8926,690913,corner,1,0.7700,1,2361
8927,691012,corner,0,0.7600,1,2362
8928,691080,corner,1,0.7600,1,2363
8929,691181,corner,1,0.7600,1,2364
8930,691254,corner,1,0.7700,1,2365
8931,691333,corner,1,0.7700,1,2366
8932,691491,corner,1,0.7700,1,2367
8933,691549,corner,0,0.7600,1,2368
8934,691626,corner,1,0.7600,1,2369
8935,691677,corner,0,0.7500,1,2370
8936,691829,corner,0,0.7500,1,2371
8937,691892,corner,1,0.7500,1,2372
8938,691957,corner,1,0.7500,1,2373
8939,692021,corner,1,0.7500,1,2374
8940,692101,corner,1,0.7500,1,2375
8941,692173,corner,1,0.7600,1,2376
8942,692257,corner,1,0.7600,1,2377
8943,692331,corner,1,0.7600,1,2378
8944,692388,corner,0,0.7500,1,2379
8945,692449,corner,1,0.7600,1,2380
8946,692512,corner,1,0.7700,1,2381
8947,692594,corner,1,0.7800,1,2382
8948,692671,corner,0,0.7700,1,2383
8949,692749,corner,1,0.7700,1,2384
8950,692807,corner,1,0.7800,1,2385
8951,692891,corner,0,0.7800,1,2386
8952,692976,corner,1,0.7800,1,2387
8953,693030,corner,0,0.7700,1,2388
8954,693239,corner,1,0.7800,1,2389
8955,693314,corner,1,0.7900,1,2390
8956,693412,corner,1,0.7900,1,2391
8957,693495,corner,1,0.7900,1,2392
8958,693651,corner,1,0.8000,1,2393
8959,693721,corner,1,0.8000,1,2394
8960,693817,corner,1,0.8100,1,2395
8961,693894,corner,1,0.8100,1,2396
8962,694000,corner,1,0.8100,1,2397
8963,694072,corner,1,0.8200,1,2398
8964,694151,corner,1,0.8200,1,2399
8965,694240,corner,1,0.8200,1,2400
8966,694306,corner,1,0.8300,1,2401
8967,694489,corner,1,0.8300,1,2402
8968,694596,corner,1,0.8300,1,2403
8969,694706,corner,1,0.8300,1,2404
8970,694772,corner,1,0.8300,1,2405
8971,694857,corner,1,0.8300,1,2406
8972,694938,corner,0,0.8200,1,2407
8973,694985,corner,0,0.8100,1,2408
8974,695084,corner,1,0.8200,1,2409
8975,695160,corner,1,0.8200,1,2410
8976,695242,corner,1,0.8200,1,2411
8977,695379,corner,1,0.8200,1,2412
8978,695460,corner,1,0.8200,1,2413
8979,695525,corner,1,0.8200,1,2414
8980,695639,corner,1,0.8200,1,2415
8981,695731,corner,1,0.8300,1,2416
8982,695782,corner,0,0.8200,1,2417
8983,695869,corner,1,0.8200,1,2418
8984,695941,corner,1,0.8300,1,2419
8985,695987,corner,0,0.8200,1,2420
8986,696058,corner,1,0.8200,1,2421
8987,696121,corner,0,0.8100,1,2422
8988,696292,corner,0,0.8000,1,2423
8989,696407,corner,1,0.8000,1,2424
8990,696521,corner,1,0.8000,1,2425
8991,696595,corner,1,0.8000,1,2426
8992,696665,corner,1,0.8000,1,2427
8993,696830,corner,0,0.7900,1,2428
8994,696913,corner,1,0.7900,1,2429
8995,697062,corner,1,0.7900,1,2430
8996,697150,corner,1,0.7900,1,2431
8997,697218,corner,1,0.7900,1,2432
8998,697298,corner,1,0.7900,1,2433
8999,697425,corner,1,0.8000,1,2434
9000,697475,corner,0,0.7900,1,2435
9001,697523,corner,0,0.7800,1,2436
9002,697598,corner,1,0.7800,1,2437
9003,697653,corner,0,0.7700,1,2438
9004,697730,corner,1,0.7700,1,2439
9005,697888,corner,0,0.7600,1,2440
9006,698025,corner,1,0.7600,1,2441
9007,698080,corner,0,0.7500,1,2442
9008,698155,corner,1,0.7500,1,2443
9009,698224,corner,1,0.7500,1,2444
9010,698305,corner,0,0.7400,1,2445
9011,698461,corner,1,0.7500,1,2446
9012,698507,corner,0,0.7500,1,2447
9013,698583,corner,1,0.7500,1,2448
9014,698657,corner,1,0.7600,1,2449
9015,698725,corner,1,0.7600,1,2450
9016,698821,corner,1,0.7600,1,2451
9017,698888,corner,1,0.7600,1,2452
9018,698985,corner,1,0.7600,1,2453
9019,699083,corner,1,0.7600,1,2454
9020,699154,corner,1,0.7600,1,2455
9021,699216,corner,1,0.7700,1,2456
9022,699291,corner,1,0.7700,1,2457
9023,699423,corner,1,0.7800,1,2458
9024,699516,corner,1,0.7800,1,2459
9025,699606,corner,1,0.7800,1,2460
9026,699680,corner,1,0.7800,1,2461
9027,699754,corner,1,0.7900,1,2462
9028,699830,corner,1,0.7900,1,2463
9029,699894,corner,1,0.7900,1,2464
9030,699962,corner,1,0.7900,1,2465
9031,700036,corner,1,0.7900,1,2466
9032,700104,edge,1,0.7900,2,1
9033,700176,edge,1,0.8000,2,2
9034,700240,edge,1,0.8000,2,3
9035,700321,edge,1,0.8100,2,4
9036,700497,edge,1,0.8200,2,5
9037,700661,edge,0,0.8100,2,6
9038,700753,edge,0,0.8000,2,7
9039,700834,edge,0,0.7900,2,8
9040,701007,edge,0,0.7800,2,9
9041,701083,edge,1,0.7800,2,10
9042,701136,edge,1,0.7800,2,11
9043,701180,edge,0,0.7700,2,12
9044,701298,edge,0,0.7700,2,13
9045,701522,edge,0,0.7600,2,14
9046,701642,edge,1,0.7600,2,15
9047,701687,edge,0,0.7500,2,16
9048,701732,edge,0,0.7500,2,17
9049,701790,edge,1,0.7500,2,18
9050,701868,edge,1,0.7500,2,19
9051,701937,edge,1,0.7600,2,20
9052,702007,edge,1,0.7600,2,21
9053,702077,edge,1,0.7700,2,22
9054,702143,edge,1,0.7700,2,23
9055,702187,edge,0,0.7600,2,24
9056,702237,edge,0,0.7500,2,25
9057,702347,edge,1,0.7500,2,26
9058,702424,edge,1,0.7500,2,27
9059,702472,edge,0,0.7400,2,28
9060,702659,edge,0,0.7300,2,29
9061,702731,edge,1,0.7300,2,30
9062,702803,edge,1,0.7300,2,31
9063,702896,edge,1,0.7300,2,32
9064,702968,edge,1,0.7300,2,33
9065,703042,edge,1,0.7300,2,34
9066,703088,edge,0,0.7200,2,35
9067,703134,edge,0,0.7100,2,36
9068,703179,edge,1,0.7100,2,37
9069,703253,edge,1,0.7100,2,38
9070,703296,edge,0,0.7000,2,39
9071,703470,edge,1,0.7000,2,40
9072,703549,edge,1,0.7100,2,41
9073,703742,edge,1,0.7200,2,42
9074,703795,edge,0,0.7100,2,43
9075,703871,edge,1,0.7100,2,44
9076,703925,edge,0,0.7000,2,45
9077,703992,edge,1,0.7000,2,46
9078,704067,edge,1,0.7000,2,47
9079,704114,edge,0,0.6900,2,48
9080,704163,edge,0,0.6800,2,49
9081,704208,edge,0,0.6700,2,50
9082,704262,edge,1,0.6800,2,51
9083,704314,edge,1,0.6800,2,52
9084,704367,edge,0,0.6700,2,53
9085,704424,edge,1,0.6800,2,54
9086,704506,edge,0,0.6700,2,55
9087,704580,edge,1,0.6800,2,56
9088,704665,edge,1,0.6900,2,57
9089,704810,edge,1,0.6900,2,58
9090,704952,edge,0,0.6800,2,59
9091,705029,edge,1,0.6800,2,60
9092,705082,edge,1,0.6800,2,61
9093,705387,edge,1,0.6900,2,62
9094,705455,edge,1,0.6900,2,63
9095,705503,edge,0,0.6800,2,64
9096,705572,edge,1,0.6800,2,65
9097,705645,edge,1,0.6800,2,66
9098,705735,edge,1,0.6800,2,67
9099,705785,edge,0,0.6700,2,68
9100,705840,edge,1,0.6800,2,69
9101,705930,edge,1,0.6900,2,70
9102,705987,edge,0,0.6800,2,71
9103,706071,edge,1,0.6900,2,72
9104,706157,edge,1,0.6900,2,73
9105,706223,edge,1,0.7000,2,74
9106,706291,edge,1,0.7000,2,75
9107,706348,edge,1,0.7100,2,76
9108,706404,edge,1,0.7100,2,77
9109,706526,edge,1,0.7100,2,78
9110,706593,edge,1,0.7200,2,79
9111,706669,edge,1,0.7200,2,80
9112,706736,edge,1,0.7300,2,81
9113,706807,edge,1,0.7300,2,82
9114,706893,edge,0,0.7200,2,83
9115,706965,edge,1,0.7200,2,84
9116,707009,edge,0,0.7100,2,85
9117,707055,edge,0,0.7000,2,86
9118,707153,edge,1,0.7000,2,87
9119,707215,edge,1,0.7000,2,88
9120,707261,edge,0,0.6900,2,89
9121,707441,edge,0,0.6800,2,90
9122,707488,edge,0,0.6700,2,91
9123,707536,edge,0,0.6600,2,92
9124,707614,edge,1,0.6600,2,93
9125,707681,edge,1,0.6600,2,94
9126,707744,edge,1,0.6600,2,95
9127,707799,edge,0,0.6500,2,96
9128,707880,edge,0,0.6400,2,97
9129,707956,edge,1,0.6400,2,98
9130,708028,edge,1,0.6400,2,99
9131,708080,edge,0,0.6300,2,100
9132,708136,edge,0,0.6200,2,101
9133,708194,edge,0,0.6100,2,102
9134,708281,edge,1,0.6100,2,103
9135,708344,edge,1,0.6100,2,104
9136,708432,edge,1,0.6100,2,105
9137,708513,edge,0,0.6100,2,106
9138,708570,edge,1,0.6200,2,107
9139,708618,edge,0,0.6200,2,108
9140,708675,edge,1,0.6300,2,109
9141,708747,edge,1,0.6300,2,110
9142,708802,edge,1,0.6300,2,111
9143,708883,edge,1,0.6400,2,112
9144,708929,edge,0,0.6400,2,113
9145,709018,edge,1,0.6500,2,114
9146,709085,edge,0,0.6400,2,115
9147,709138,edge,1,0.6500,2,116
9148,709180,edge,0,0.6500,2,117
9149,709245,edge,1,0.6500,2,118
9150,709293,edge,1,0.6500,2,119
9151,709367,edge,1,0.6500,2,120
9152,709440,edge,1,0.6500,2,121
9153,709494,edge,0,0.6400,2,122
9154,709544,edge,1,0.6400,2,123
9155,709604,edge,0,0.6400,2,124
9156,709647,edge,0,0.6400,2,125
9157,709718,edge,1,0.6400,2,126
9158,709799,edge,1,0.6400,2,127
9159,709842,edge,0,0.6400,2,128
9160,709922,edge,1,0.6500,2,129
9161,709977,edge,0,0.6400,2,130
9162,710097,edge,1,0.6400,2,131
9163,710155,edge,1,0.6400,2,132
9164,710200,edge,0,0.6300,2,133
9165,710264,edge,1,0.6300,2,134
9166,710310,edge,0,0.6300,2,135
9167,710375,edge,1,0.6400,2,136
9168,710421,edge,0,0.6300,2,137
9169,710508,edge,0,0.6200,2,138
9170,710591,edge,0,0.6200,2,139
9171,710647,edge,1,0.6200,2,140
9172,710692,edge,0,0.6100,2,141
9173,710755,edge,1,0.6100,2,142
9174,710903,edge,1,0.6200,2,143
9175,710968,edge,1,0.6200,2,144
9176,711014,edge,0,0.6200,2,145
9177,711093,edge,1,0.6200,2,146
9178,711141,edge,1,0.6200,2,147
9179,711193,edge,1,0.6300,2,148
9180,711248,edge,1,0.6400,2,149
9181,711300,edge,0,0.6400,2,150
9182,711354,edge,0,0.6300,2,151
9183,711434,edge,1,0.6300,2,152
9184,711483,edge,0,0.6300,2,153
9185,711536,edge,1,0.6300,2,154
9186,711585,edge,1,0.6400,2,155
9187,711645,edge,1,0.6400,2,156
9188,711743,edge,0,0.6300,2,157
9189,711803,edge,1,0.6300,2,158
9190,711868,edge,1,0.6400,2,159
9191,711941,edge,1,0.6400,2,160
9192,712022,edge,0,0.6300,2,161
9193,712074,edge,0,0.6200,2,162
9194,712124,edge,0,0.6100,2,163
9195,712181,edge,1,0.6200,2,164
9196,712257,edge,1,0.6200,2,165
9197,712306,edge,0,0.6100,2,166
9198,712415,edge,0,0.6000,2,167
9199,712513,edge,1,0.6100,2,168
9200,712579,edge,1,0.6100,2,169
9201,712721,edge,1,0.6100,2,170
9202,712793,edge,1,0.6200,2,171
9203,712846,edge,1,0.6200,2,172
9204,712892,edge,0,0.6100,2,173
9205,712973,edge,0,0.6000,2,174
9206,713055,edge,1,0.6000,2,175
9207,713117,edge,1,0.6000,2,176
9208,713177,edge,1,0.6000,2,177
9209,713226,edge,1,0.6000,2,178
9210,713274,edge,0,0.5900,2,179
9211,713343,edge,1,0.5900,2,180
9212,713416,edge,1,0.5900,2,181
9213,713492,edge,1,0.5900,2,182
9214,713552,edge,1,0.6000,2,183
9215,713613,edge,1,0.6000,2,184
9216,713675,edge,1,0.6100,2,185
9217,713764,edge,1,0.6200,2,186
9218,713816,edge,0,0.6100,2,187
9219,713915,edge,0,0.6000,2,188
9220,714000,edge,0,0.6000,2,189
9221,714081,edge,1,0.6100,2,190
9222,714170,edge,1,0.6200,2,191
9223,714238,edge,1,0.6300,2,192
9224,714291,edge,0,0.6200,2,193
9225,714337,edge,0,0.6100,2,194
9226,714390,edge,1,0.6100,2,195
9227,714467,edge,1,0.6200,2,196
9228,714540,edge,1,0.6300,2,197
9229,714588,edge,0,0.6200,2,198
9230,714670,edge,1,0.6200,2,199
9231,714720,edge,1,0.6300,2,200
9232,714772,edge,0,0.6300,2,201
9233,714826,edge,1,0.6400,2,202
9234,714873,edge,0,0.6300,2,203
9235,715068,edge,1,0.6300,2,204
9236,715112,edge,0,0.6200,2,205
9237,715172,edge,1,0.6300,2,206
9238,715255,edge,0,0.6200,2,207
9239,715341,edge,0,0.6200,2,208
9240,715392,edge,0,0.6100,2,209
9241,715456,edge,1,0.6100,2,210
9242,715503,edge,0,0.6000,2,211
9243,715545,edge,0,0.5900,2,212
9244,715595,edge,0,0.5900,2,213
9245,715648,edge,1,0.5900,2,214
9246,715715,edge,1,0.6000,2,215
9247,715762,edge,0,0.5900,2,216
9248,715806,edge,0,0.5900,2,217
9249,715881,edge,1,0.5900,2,218
9250,715945,edge,1,0.5900,2,219
9251,716016,edge,1,0.5900,2,220
9252,716066,edge,1,0.5900,2,221
9253,716114,edge,0,0.5900,2,222
9254,716165,edge,0,0.5800,2,223
9255,716215,edge,0,0.5800,2,224
9256,716281,edge,1,0.5900,2,225
9257,716353,edge,1,0.5900,2,226
9258,716416,edge,1,0.5900,2,227
9259,716490,edge,1,0.6000,2,228
9260,716552,edge,1,0.6000,2,229
9261,716602,edge,1,0.6100,2,230
9262,716654,edge,0,0.6000,2,231
9263,716724,edge,1,0.6000,2,232
9264,716773,edge,0,0.6000,2,233
9265,716857,edge,1,0.6000,2,234
9266,716908,edge,1,0.6100,2,235
9267,716955,edge,0,0.6000,2,236
9268,717026,edge,1,0.6100,2,237
9269,717077,edge,1,0.6200,2,238
9270,717123,edge,0,0.6200,2,239
9271,717169,edge,0,0.6100,2,240
9272,717263,edge,1,0.6200,2,241
9273,717318,edge,0,0.6100,2,242
9274,717370,edge,1,0.6100,2,243
9275,717422,edge,0,0.6000,2,244
9276,717477,edge,1,0.6100,2,245
9277,717542,edge,1,0.6100,2,246
9278,717602,edge,1,0.6100,2,247
9279,717697,edge,1,0.6100,2,248
9280,717743,edge,0,0.6000,2,249
9281,717793,edge,1,0.6100,2,250
9282,717863,edge,1,0.6200,2,251
9283,717912,edge,0,0.6100,2,252
9284,717961,edge,0,0.6100,2,253
9285,718032,edge,1,0.6100,2,254
9286,718091,edge,1,0.6100,2,255
9287,718306,edge,0,0.6000,2,256
9288,718394,edge,1,0.6100,2,257
9289,718475,edge,0,0.6000,2,258
9290,718559,edge,1,0.6000,2,259
9291,718611,edge,1,0.6000,2,260
9292,718664,edge,1,0.6100,2,261
9293,718711,edge,0,0.6100,2,262
9294,718776,edge,0,0.6100,2,263
9295,718842,edge,1,0.6100,2,264
9296,718900,edge,1,0.6100,2,265
9297,718952,edge,1,0.6200,2,266
9298,719006,edge,1,0.6300,2,267
9299,719082,edge,1,0.6300,2,268
9300,719133,edge,0,0.6200,2,269
9301,719221,edge,1,0.6200,2,270
9302,719296,edge,1,0.6200,2,271
9303,719361,edge,1,0.6200,2,272
9304,719427,edge,1,0.6300,2,273
9305,719511,edge,0,0.6300,2,274
9306,719590,edge,1,0.6300,2,275
9307,719637,edge,1,0.6300,2,276
9308,719692,edge,1,0.6300,2,277
9309,719739,edge,0,0.6200,2,278
9310,719809,edge,1,0.6300,2,279
9311,719859,edge,0,0.6200,2,280
9312,719913,edge,0,0.6100,2,281
9313,719979,edge,1,0.6100,2,282
9314,720033,edge,1,0.6100,2,283
9315,720110,edge,1,0.6100,2,284
9316,720169,edge,1,0.6100,2,285
9317,720217,edge,0,0.6000,2,286
9318,720269,edge,1,0.6100,2,287
9319,720334,edge,1,0.6200,2,288
9320,720389,edge,1,0.6300,2,289
9321,720451,edge,1,0.6300,2,290
9322,720494,edge,0,0.6200,2,291
9323,720567,edge,1,0.6200,2,292
9324,720638,edge,1,0.6300,2,293
9325,720720,edge,0,0.6300,2,294
9326,720788,edge,1,0.6300,2,295
9327,720840,edge,1,0.6300,2,296
9328,720923,edge,0,0.6200,2,297
9329,720971,edge,0,0.6200,2,298
9330,721063,edge,0,0.6100,2,299
9331,721117,edge,1,0.6100,2,300
9332,721173,edge,1,0.6200,2,301
9333,721248,edge,1,0.6200,2,302
9334,721307,edge,1,0.6300,2,303
9335,721362,edge,1,0.6300,2,304
9336,721417,edge,1,0.6400,2,305
9337,721562,edge,0,0.6300,2,306
9338,721613,edge,0,0.6300,2,307
9339,721675,edge,0,0.6300,2,308
9340,721771,edge,0,0.6300,2,309
9341,721873,edge,0,0.6200,2,310
9342,721915,edge,0,0.6200,2,311
9343,721977,edge,1,0.6300,2,312
9344,722059,edge,1,0.6400,2,313
9345,722131,edge,1,0.6400,2,314
9346,722201,edge,1,0.6400,2,315
9347,722370,edge,0,0.6400,2,316
9348,722434,edge,1,0.6500,2,317
9349,722482,edge,0,0.6400,2,318
9350,722565,edge,1,0.6400,2,319
9351,722611,edge,0,0.6300,2,320
9352,722663,edge,1,0.6300,2,321
9353,722752,edge,1,0.6400,2,322
9354,722806,edge,1,0.6500,2,323
9355,722850,edge,0,0.6500,2,324
9356,722902,edge,1,0.6500,2,325
9357,722966,edge,1,0.6500,2,326
9358,723020,edge,1,0.6500,2,327
9359,723091,edge,1,0.6500,2,328
9360,723189,edge,0,0.6400,2,329
9361,723274,edge,1,0.6400,2,330
9362,723330,edge,1,0.6500,2,331
9363,723427,edge,0,0.6400,2,332
9364,723499,edge,1,0.6500,2,333
9365,723545,edge,0,0.6400,2,334
9366,723594,edge,1,0.6400,2,335
9367,723673,edge,1,0.6500,2,336
9368,723721,edge,1,0.6500,2,337
9369,723772,edge,1,0.6500,2,338
9370,723934,edge,0,0.6500,2,339
9371,724001,edge,1,0.6600,2,340
9372,724074,edge,1,0.6600,2,341
9373,724145,edge,1,0.6700,2,342
9374,724216,edge,1,0.6700,2,343
9375,724294,edge,1,0.6800,2,344
9376,724380,edge,0,0.6700,2,345
9377,724431,edge,1,0.6700,2,346
9378,724483,edge,1,0.6700,2,347
9379,724565,edge,0,0.6600,2,348
9380,724648,edge,1,0.6700,2,349
9381,724701,edge,0,0.6600,2,350
9382,724784,edge,0,0.6500,2,351
9383,724865,edge,1,0.6600,2,352
9384,724934,edge,1,0.6700,2,353
9385,725024,edge,0,0.6600,2,354
9386,725108,edge,0,0.6500,2,355
9387,725186,edge,1,0.6600,2,356
9388,725270,edge,0,0.6500,2,357
9389,725327,edge,1,0.6600,2,358
9390,725373,edge,0,0.6500,2,359
9391,725429,edge,1,0.6500,2,360
9392,725519,edge,1,0.6500,2,361
9393,725580,edge,1,0.6600,2,362
9394,725633,edge,1,0.6700,2,363
9395,725784,edge,1,0.6700,2,364
9396,725885,edge,1,0.6700,2,365
9397,725968,edge,0,0.6600,2,366
9398,726028,edge,1,0.6600,2,367
9399,726078,edge,0,0.6500,2,368
9400,726127,edge,0,0.6500,2,369
9401,726187,edge,1,0.6500,2,370
9402,726350,edge,1,0.6500,2,371
9403,726412,edge,1,0.6500,2,372
9404,726472,edge,1,0.6500,2,373
9405,726538,edge,1,0.6600,2,374
9406,726606,edge,1,0.6600,2,375
9407,726679,edge,0,0.6500,2,376
9408,726738,edge,1,0.6500,2,377
9409,726821,edge,1,0.6600,2,378
9410,726911,edge,0,0.6500,2,379
9411,726977,edge,1,0.6600,2,380
9412,727046,edge,1,0.6700,2,381
9413,727105,edge,1,0.6700,2,382
9414,727175,edge,1,0.6700,2,383
9415,727238,edge,1,0.6700,2,384
9416,727289,edge,1,0.6700,2,385
9417,727367,edge,1,0.6800,2,386
9418,727438,edge,1,0.6800,2,387
9419,727493,edge,1,0.6800,2,388
9420,727569,edge,1,0.6800,2,389
9421,727644,edge,1,0.6800,2,390
9422,727719,edge,1,0.6900,2,391
9423,727786,edge,1,0.6900,2,392
9424,727853,edge,1,0.6900,2,393
9425,727941,edge,0,0.6900,2,394
9426,727997,edge,1,0.6900,2,395
9427,728056,edge,1,0.6900,2,396
9428,728206,edge,1,0.7000,2,397
9429,728287,edge,0,0.7000,2,398
9430,728369,edge,0,0.7000,2,399
9431,728444,edge,1,0.7000,2,400
9432,728523,edge,1,0.7000,2,401
9433,728567,edge,0,0.6900,2,402
9434,728618,edge,0,0.6800,2,403
9435,728715,edge,0,0.6700,2,404
9436,728858,edge,1,0.6700,2,405
9437,728932,edge,1,0.6800,2,406
9438,728995,edge,1,0.6900,2,407
9439,729078,edge,0,0.6900,2,408
9440,729146,edge,1,0.7000,2,409
9441,729217,edge,1,0.7100,2,410
9442,729284,edge,1,0.7200,2,411
9443,729336,edge,0,0.7100,2,412
9444,729382,edge,0,0.7000,2,413
9445,729428,edge,0,0.6900,2,414
9446,729473,edge,0,0.6800,2,415
9447,729526,edge,1,0.6900,2,416
9448,729603,edge,1,0.6900,2,417
9449,729692,edge,1,0.7000,2,418
9450,729766,edge,1,0.7000,2,419
9451,729816,edge,0,0.7000,2,420
9452,729885,edge,1,0.7000,2,421
9453,729956,edge,1,0.7000,2,422
9454,730010,edge,0,0.6900,2,423
9455,730073,edge,1,0.7000,2,424
9456,730230,edge,0,0.6900,2,425
9457,730301,edge,1,0.6900,2,426
9458,730488,edge,1,0.6900,2,427
9459,730542,edge,1,0.6900,2,428
9460,730628,edge,1,0.7000,2,429
9461,730680,edge,1,0.7000,2,430
9462,730744,edge,1,0.7000,2,431
9463,730824,edge,1,0.7100,2,432
9464,730872,edge,0,0.7000,2,433
9465,730937,edge,1,0.7100,2,434
9466,731023,edge,0,0.7000,2,435
9467,731077,edge,1,0.7000,2,436
9468,731148,edge,1,0.7000,2,437
9469,731196,edge,0,0.6900,2,438
9470,731277,edge,1,0.7000,2,439
9471,731343,edge,1,0.7000,2,440
9472,731398,edge,1,0.7000,2,441
9473,731479,edge,1,0.7000,2,442
9474,731564,edge,1,0.7000,2,443
9475,731626,edge,0,0.6900,2,444
9476,731790,edge,1,0.7000,2,445
9477,731870,edge,1,0.7000,2,446
9478,731944,edge,1,0.7000,2,447
9479,732012,edge,1,0.7100,2,448
9480,732085,edge,1,0.7100,2,449
9481,732161,edge,1,0.7200,2,450
9482,732260,edge,0,0.7200,2,451
9483,732333,edge,1,0.7200,2,452
9484,732385,edge,1,0.7200,2,453
9485,732484,edge,1,0.7300,2,454
9486,732549,edge,1,0.7400,2,455
9487,732602,edge,1,0.7400,2,456
9488,732676,edge,1,0.7500,2,457
9489,732751,edge,1,0.7500,2,458
9490,732811,edge,1,0.7600,2,459
9491,732959,edge,1,0.7600,2,460
9492,733005,edge,0,0.7500,2,461
9493,733057,edge,0,0.7400,2,462
9494,733104,edge,0,0.7300,2,463
9495,733203,edge,1,0.7300,2,464
9496,733292,edge,0,0.7200,2,465
9497,733341,edge,1,0.7300,2,466
9498,733403,edge,1,0.7300,2,467
9499,733472,edge,1,0.7400,2,468
9500,733525,edge,0,0.7400,2,469
9501,733585,edge,1,0.7400,2,470
9502,733653,edge,1,0.7400,2,471
9503,733724,edge,1,0.7400,2,472
9504,733789,edge,1,0.7400,2,473
9505,733858,edge,1,0.7400,2,474
9506,733933,edge,1,0.7400,2,475
9507,734013,edge,1,0.7500,2,476
9508,734172,edge,1,0.7500,2,477
9509,734260,edge,1,0.7500,2,478
9510,734340,edge,1,0.7600,2,479
9511,734419,edge,1,0.7600,2,480
9512,734500,edge,0,0.7500,2,481
9513,734549,edge,1,0.7500,2,482
9514,734632,edge,0,0.7400,2,483
9515,734680,edge,0,0.7300,2,484
9516,734732,edge,1,0.7300,2,485
9517,734798,edge,1,0.7300,2,486
9518,734849,edge,0,0.7200,2,487
9519,734920,edge,1,0.7200,2,488
9520,734981,edge,1,0.7200,2,489
9521,735043,edge,1,0.7200,2,490
9522,735115,edge,1,0.7200,2,491
9523,735174,edge,1,0.7200,2,492
9524,735233,edge,1,0.7200,2,493
9525,735282,edge,0,0.7200,2,494
9526,735328,edge,1,0.7200,2,495
9527,735391,edge,1,0.7200,2,496
9528,735482,edge,0,0.7100,2,497
9529,735535,edge,0,0.7100,2,498
9530,735582,edge,1,0.7200,2,499
9531,735649,edge,1,0.7200,2,500
9532,735727,edge,1,0.7200,2,501
9533,735802,edge,1,0.7300,2,502
9534,735902,edge,1,0.7400,2,503
9535,735958,edge,1,0.7500,2,504
9536,736091,edge,1,0.7500,2,505
9537,736144,edge,0,0.7400,2,506
9538,736195,edge,1,0.7400,2,507
9539,736242,edge,1,0.7500,2,508
9540,736324,edge,0,0.7400,2,509
9541,736378,edge,0,0.7300,2,510
9542,736529,edge,1,0.7300,2,511
9543,736591,edge,1,0.7400,2,512
9544,736672,edge,0,0.7400,2,513
9545,736754,edge,0,0.7400,2,514
9546,736827,edge,1,0.7500,2,515
9547,736886,edge,1,0.7500,2,516
9548,736959,edge,1,0.7500,2,517
9549,737044,edge,1,0.7500,2,518
9550,737089,edge,0,0.7400,2,519
9551,737165,edge,1,0.7500,2,520
9552,737233,edge,1,0.7500,2,521
9553,737323,edge,0,0.7400,2,522
9554,737399,edge,1,0.7500,2,523
9555,737470,edge,1,0.7500,2,524
9556,737645,edge,1,0.7600,2,525
9557,737700,edge,1,0.7600,2,526
9558,737754,edge,0,0.7500,2,527
9559,737802,edge,1,0.7500,2,528
9560,737883,edge,0,0.7400,2,529
9561,738065,edge,1,0.7400,2,530
9562,738120,edge,1,0.7400,2,531
9563,738165,edge,0,0.7300,2,532
9564,738229,edge,1,0.7400,2,533
9565,738286,edge,1,0.7400,2,534
9566,738422,edge,1,0.7500,2,535
9567,738504,edge,0,0.7400,2,536
9568,738551,edge,0,0.7300,2,537
9569,738636,edge,0,0.7300,2,538
9570,738720,edge,0,0.7200,2,539
9571,738794,edge,1,0.7200,2,540
9572,738875,edge,0,0.7100,2,541
9573,738938,edge,1,0.7100,2,542
9574,739004,edge,1,0.7100,2,543
9575,739058,edge,1,0.7200,2,544
9576,739130,edge,1,0.7200,2,545
9577,739188,edge,1,0.7200,2,546
9578,739252,edge,1,0.7200,2,547
9579,739299,edge,0,0.7100,2,548
9580,739345,edge,0,0.7000,2,549
9581,739398,edge,1,0.7000,2,550
9582,739477,edge,1,0.7100,2,551
9583,739667,edge,1,0.7100,2,552
9584,739732,edge,1,0.7100,2,553
9585,739782,edge,0,0.7000,2,554
9586,739863,edge,0,0.6900,2,555
9587,739934,edge,1,0.6900,2,556
9588,740006,edge,1,0.6900,2,557
9589,740122,edge,1,0.6900,2,558
9590,740186,edge,1,0.6900,2,559
9591,740251,edge,1,0.6900,2,560
9592,740303,edge,1,0.7000,2,561
9593,740353,edge,1,0.7100,2,562
9594,740437,edge,1,0.7200,2,563
9595,740501,edge,1,0.7200,2,564
9596,740575,edge,1,0.7300,2,565
9597,740641,edge,1,0.7300,2,566
9598,740713,edge,1,0.7300,2,567
9599,740785,edge,1,0.7300,2,568
9600,740849,edge,1,0.7400,2,569
9601,740902,edge,0,0.7300,2,570
9602,740973,edge,1,0.7300,2,571
9603,741057,edge,0,0.7200,2,572
9604,741162,edge,1,0.7200,2,573
9605,741398,edge,1,0.7200,2,574
9606,741447,edge,1,0.7200,2,575
9607,741513,edge,1,0.7200,2,576
9608,741569,edge,1,0.7200,2,577
9609,741614,edge,0,0.7100,2,578
9610,741679,edge,1,0.7100,2,579
9611,741768,edge,1,0.7100,2,580
9612,741855,edge,0,0.7100,2,581
9613,741937,edge,0,0.7000,2,582
9614,741985,edge,0,0.7000,2,583
9615,742079,edge,0,0.7000,2,584
9616,742141,edge,0,0.6900,2,585
9617,742208,edge,1,0.6900,2,586
9618,742271,edge,1,0.7000,2,587
9619,742349,edge,1,0.7000,2,588
9620,742424,edge,1,0.7000,2,589
9621,742476,edge,1,0.7000,2,590
9622,742560,edge,1,0.7000,2,591
9623,742632,edge,1,0.7000,2,592
9624,742750,edge,1,0.7000,2,593
9625,742837,edge,1,0.7100,2,594
9626,742909,edge,1,0.7100,2,595
9627,742976,edge,1,0.7100,2,596
9628,743045,edge,1,0.7200,2,597
9629,743129,edge,0,0.7200,2,598
9630,743209,edge,1,0.7200,2,599
9631,743275,edge,1,0.7200,2,600
9632,743361,edge,1,0.7200,2,601
9633,743413,edge,1,0.7200,2,602
9634,743459,edge,0,0.7100,2,603
9635,743522,edge,1,0.7100,2,604
9636,743589,edge,1,0.7100,2,605
9637,743670,edge,1,0.7200,2,606
9638,743748,edge,1,0.7200,2,607
9639,743803,edge,1,0.7200,2,608
9640,743870,edge,1,0.7300,2,609
9641,743921,edge,1,0.7400,2,610
9642,744029,edge,0,0.7300,2,611
9643,744083,edge,1,0.7300,2,612
9644,744145,edge,1,0.7400,2,613
9645,744198,edge,1,0.7500,2,614
9646,744244,edge,0,0.7400,2,615
9647,744312,edge,1,0.7400,2,616
9648,744491,edge,1,0.7400,2,617
9649,744542,edge,1,0.7400,2,618
9650,744603,edge,1,0.7500,2,619
9651,744648,edge,1,0.7500,2,620
9652,744695,edge,0,0.7400,2,621
9653,744767,edge,1,0.7500,2,622
9654,744847,edge,1,0.7500,2,623
9655,744921,edge,1,0.7500,2,624
9656,744974,edge,1,0.7500,2,625
9657,745046,edge,1,0.7500,2,626
9658,745095,edge,0,0.7500,2,627
9659,745159,edge,1,0.7500,2,628
9660,745221,edge,1,0.7600,2,629
9661,745290,edge,1,0.7600,2,630
9662,745340,edge,0,0.7500,2,631
9663,745431,edge,0,0.7500,2,632
9664,745504,edge,1,0.7500,2,633
9665,745583,edge,1,0.7500,2,634
9666,745638,edge,1,0.7500,2,635
9667,745686,edge,0,0.7500,2,636
9668,745773,edge,1,0.7600,2,637
9669,745841,edge,1,0.7700,2,638
9670,745906,edge,1,0.7800,2,639
9671,745965,edge,1,0.7800,2,640
9672,746010,edge,0,0.7800,2,641
9673,746087,edge,1,0.7800,2,642
9674,746163,edge,1,0.7800,2,643
9675,746226,edge,1,0.7800,2,644
9676,746289,edge,1,0.7800,2,645
9677,746381,edge,1,0.7800,2,646
9678,746435,edge,1,0.7800,2,647
9679,746502,edge,1,0.7900,2,648
9680,746551,edge,1,0.8000,2,649
9681,746628,edge,1,0.8000,2,650
9682,746682,edge,1,0.8000,2,651
9683,746747,edge,1,0.8000,2,652
9684,746810,edge,1,0.8000,2,653
9685,746948,edge,0,0.8000,2,654
9686,747018,edge,1,0.8100,2,655
9687,747076,edge,0,0.8000,2,656
9688,747126,edge,0,0.7900,2,657
9689,747183,edge,1,0.7900,2,658
9690,747255,edge,1,0.7900,2,659
9691,747339,edge,0,0.7800,2,660
9692,747396,edge,1,0.7800,2,661
9693,747465,edge,1,0.7800,2,662
9694,747524,edge,1,0.7800,2,663
9695,747568,edge,0,0.7700,2,664
9696,747626,edge,0,0.7600,2,665
9697,747681,edge,1,0.7600,2,666
9698,747727,edge,1,0.7600,2,667
9699,747818,edge,0,0.7500,2,668
9700,747946,edge,1,0.7500,2,669
9701,748016,edge,1,0.7600,2,670
9702,748213,edge,1,0.7600,2,671
9703,748284,edge,1,0.7700,2,672
9704,748368,edge,1,0.7700,2,673
9705,748415,edge,0,0.7600,2,674
9706,748465,edge,1,0.7600,2,675
9707,748519,edge,0,0.7500,2,676
9708,748587,edge,1,0.7500,2,677
9709,748668,edge,0,0.7500,2,678
9710,748724,edge,0,0.7400,2,679
9711,748794,edge,1,0.7400,2,680
9712,748875,edge,0,0.7400,2,681
9713,748933,edge,1,0.7500,2,682
9714,748991,edge,1,0.7600,2,683
9715,749062,edge,1,0.7700,2,684
9716,749126,edge,1,0.7800,2,685
9717,749190,edge,1,0.7800,2,686
9718,749271,edge,0,0.7700,2,687
9719,749331,edge,1,0.7700,2,688
9720,749399,edge,1,0.7700,2,689
9721,749453,edge,1,0.7700,2,690
9722,749538,edge,0,0.7600,2,691
9723,749679,edge,1,0.7600,2,692
9724,749771,edge,0,0.7500,2,693
9725,749856,edge,1,0.7500,2,694
9726,749906,edge,0,0.7400,2,695
9727,749968,edge,1,0.7400,2,696
9728,750039,edge,1,0.7400,2,697
9729,750120,edge,0,0.7400,2,698
9730,750195,edge,1,0.7400,2,699
9731,750252,edge,1,0.7400,2,700
9732,750304,edge,0,0.7300,2,701
9733,750351,edge,0,0.7200,2,702
9734,750403,edge,1,0.7300,2,703
9735,750466,edge,1,0.7300,2,704
9736,750535,edge,1,0.7300,2,705
9737,750617,edge,0,0.7200,2,706
9738,750699,edge,0,0.7100,2,707
9739,750789,edge,0,0.7000,2,708
9740,750862,edge,1,0.7000,2,709
9741,750944,edge,0,0.6900,2,710
9742,751019,edge,1,0.7000,2,711
9743,751081,edge,1,0.7000,2,712
9744,751136,edge,1,0.7000,2,713
9745,751203,edge,1,0.7000,2,714
9746,751257,edge,1,0.7100,2,715
9747,751331,edge,1,0.7100,2,716
9748,751414,edge,0,0.7000,2,717
9749,751468,edge,1,0.7000,2,718
9750,751517,edge,1,0.7000,2,719
9751,751569,edge,0,0.6900,2,720
9752,751633,edge,1,0.7000,2,721
9753,751682,edge,1,0.7000,2,722
9754,751748,edge,1,0.7000,2,723
9755,751819,edge,1,0.7000,2,724
9756,751875,edge,1,0.7000,2,725
9757,751929,edge,0,0.6900,2,726
9758,751996,edge,1,0.7000,2,727
9759,752067,edge,1,0.7000,2,728
9760,752197,edge,0,0.6900,2,729
9761,752279,edge,0,0.6800,2,730
9762,752330,edge,0,0.6800,2,731
9763,752402,edge,1,0.6900,2,732
9764,752481,edge,1,0.6900,2,733
9765,752560,edge,1,0.6900,2,734
9766,752620,edge,1,0.6900,2,735
9767,752765,edge,1,0.7000,2,736
9768,752828,edge,1,0.7000,2,737
9769,752899,edge,1,0.7000,2,738
9770,752972,edge,1,0.7000,2,739
9771,753046,edge,1,0.7000,2,740
9772,753120,edge,1,0.7100,2,741
9773,753186,edge,1,0.7100,2,742
9774,753250,edge,1,0.7100,2,743
9775,753335,edge,1,0.7100,2,744
9776,753384,edge,1,0.7100,2,745
9777,753442,edge,1,0.7100,2,746
9778,753519,edge,1,0.7100,2,747
9779,753604,edge,1,0.7100,2,748
9780,753811,edge,1,0.7100,2,749
9781,753875,edge,1,0.7100,2,750
9782,753956,edge,1,0.7100,2,751
9783,754006,edge,1,0.7100,2,752
9784,754052,edge,0,0.7000,2,753
9785,754117,edge,1,0.7100,2,754
9786,754221,edge,1,0.7100,2,755
9787,754287,edge,1,0.7200,2,756
9788,754386,edge,0,0.7200,2,757
9789,754442,edge,1,0.7200,2,758
9790,754507,edge,1,0.7200,2,759
9791,754567,edge,1,0.7300,2,760
9792,754642,edge,1,0.7300,2,761
9793,754716,edge,1,0.7300,2,762
9794,754795,edge,1,0.7300,2,763
9795,754865,edge,1,0.7400,2,764
9796,754940,edge,1,0.7500,2,765
9797,755019,edge,1,0.7500,2,766
9798,755094,edge,1,0.7500,2,767
9799,755148,edge,0,0.7500,2,768
9800,755231,edge,0,0.7400,2,769
9801,755278,edge,0,0.7300,2,770
9802,755332,edge,1,0.7300,2,771
9803,755403,edge,1,0.7300,2,772
9804,755484,edge,0,0.7200,2,773
9805,755572,edge,1,0.7300,2,774
9806,755695,edge,1,0.7300,2,775
9807,755773,edge,1,0.7400,2,776
9808,755833,edge,1,0.7400,2,777
9809,755909,edge,1,0.7500,2,778
9810,755982,edge,1,0.7600,2,779
9811,756068,edge,1,0.7600,2,780
9812,756150,edge,0,0.7600,2,781
9813,756199,edge,1,0.7600,2,782
9814,756264,edge,1,0.7600,2,783
9815,756358,edge,0,0.7500,2,784
9816,756433,edge,1,0.7500,2,785
9817,756492,edge,1,0.7500,2,786
9818,756546,edge,1,0.7600,2,787
9819,756629,edge,0,0.7500,2,788
9820,756697,edge,1,0.7500,2,789
9821,756779,edge,1,0.7500,2,790
9822,756849,edge,1,0.7600,2,791
9823,756932,edge,1,0.7600,2,792
9824,756986,edge,0,0.7600,2,793
9825,757051,edge,1,0.7600,2,794
9826,757169,edge,0,0.7600,2,795
9827,757236,edge,1,0.7600,2,796
9828,757317,edge,0,0.7500,2,797
9829,757373,edge,1,0.7600,2,798
9830,757451,edge,1,0.7600,2,799
9831,757529,edge,1,0.7600,2,800
9832,757581,edge,1,0.7700,2,801
9833,757658,edge,1,0.7800,2,802
9834,757707,edge,0,0.7700,2,803
9835,757784,edge,1,0.7700,2,804
9836,757870,edge,1,0.7700,2,805
9837,757923,edge,1,0.7800,2,806
9838,757968,edge,0,0.7800,2,807
9839,758104,edge,0,0.7800,2,808
9840,758150,edge,0,0.7700,2,809
9841,758208,edge,1,0.7800,2,810
9842,758272,edge,1,0.7800,2,811
9843,758411,edge,1,0.7800,2,812
9844,758482,edge,1,0.7800,2,813
9845,758535,edge,0,0.7700,2,814
9846,758608,edge,1,0.7700,2,815
9847,758692,edge,1,0.7700,2,816
9848,758744,edge,0,0.7700,2,817
9849,758819,edge,1,0.7700,2,818
9850,758896,edge,1,0.7700,2,819
9851,758983,edge,0,0.7700,2,820
9852,759139,edge,1,0.7700,2,821
9853,759208,edge,1,0.7700,2,822
9854,759280,edge,1,0.7700,2,823
9855,759348,edge,0,0.7600,2,824
9856,759505,edge,1,0.7600,2,825
9857,759591,edge,0,0.7600,2,826
9858,759643,edge,0,0.7500,2,827
9859,759700,edge,1,0.7500,2,828
9860,759756,edge,1,0.7600,2,829
9861,759832,edge,1,0.7700,2,830
9862,759901,edge,1,0.7800,2,831
9863,759963,edge,1,0.7800,2,832
9864,760044,edge,0,0.7700,2,833
9865,760109,edge,1,0.7700,2,834
9866,760184,edge,1,0.7700,2,835
9867,760238,edge,1,0.7700,2,836
9868,760296,edge,1,0.7700,2,837
9869,760377,edge,0,0.7600,2,838
9870,760435,edge,1,0.7600,2,839
9871,760497,edge,1,0.7600,2,840
9872,760569,edge,1,0.7600,2,841
9873,760621,edge,0,0.7500,2,842
9874,760711,edge,0,0.7400,2,843
9875,760761,edge,0,0.7300,2,844
9876,760823,edge,1,0.7300,2,845
9877,760872,edge,0,0.7200,2,846
9878,760943,edge,1,0.7200,2,847
9879,760997,edge,0,0.7100,2,848
9880,761067,edge,1,0.7100,2,849
9881,761126,edge,1,0.7100,2,850
9882,761251,edge,0,0.7000,2,851
9883,761294,edge,0,0.6900,2,852
9884,761350,edge,1,0.7000,2,853
9885,761421,edge,1,0.7000,2,854
9886,761489,edge,1,0.7000,2,855
9887,761560,edge,1,0.7000,2,856
9888,761630,edge,1,0.7100,2,857
9889,761727,edge,0,0.7000,2,858
9890,761775,edge,0,0.6900,2,859
9891,761823,edge,0,0.6800,2,860
9892,761906,edge,1,0.6800,2,861
9893,761990,edge,1,0.6800,2,862
9894,762073,edge,1,0.6800,2,863
9895,762140,edge,1,0.6800,2,864
9896,762210,edge,1,0.6800,2,865
9897,762254,edge,0,0.6700,2,866
9898,762323,edge,1,0.6700,2,867
9899,762387,edge,1,0.6800,2,868
9900,762448,edge,1,0.6900,2,869
9901,762527,edge,1,0.7000,2,870
9902,762587,edge,1,0.7000,2,871
9903,762661,edge,1,0.7000,2,872
9904,762790,edge,0,0.7000,2,873
9905,762881,edge,1,0.7000,2,874
9906,762964,edge,0,0.6900,2,875
9907,763045,edge,0,0.6800,2,876
9908,763109,edge,1,0.6800,2,877
9909,763167,edge,1,0.6800,2,878
9910,763260,edge,1,0.6800,2,879
9911,763316,edge,1,0.6800,2,880
9912,763400,edge,0,0.6800,2,881
9913,763460,edge,1,0.6800,2,882
9914,763537,edge,1,0.6800,2,883
9915,763698,edge,1,0.6900,2,884
9916,763766,edge,1,0.6900,2,885
9917,763817,edge,1,0.6900,2,886
9918,763868,edge,0,0.6800,2,887
9919,763954,edge,1,0.6900,2,888
9920,764022,edge,1,0.6900,2,889
9921,764110,edge,0,0.6800,2,890
9922,764159,edge,0,0.6700,2,891
9923,764222,edge,1,0.6700,2,892
9924,764282,edge,1,0.6800,2,893
9925,764380,edge,1,0.6800,2,894
9926,764437,edge,1,0.6900,2,895
9927,764526,edge,0,0.6800,2,896
9928,764611,edge,0,0.6800,2,897
9929,764683,edge,1,0.6800,2,898
9930,764759,edge,1,0.6800,2,899
9931,764817,edge,1,0.6800,2,900
9932,764895,edge,1,0.6800,2,901
9933,764966,edge,1,0.6800,2,902
9934,765032,edge,1,0.6900,2,903
9935,765132,edge,0,0.6800,2,904
9936,765222,edge,0,0.6700,2,905
9937,765265,edge,0,0.6600,2,906
9938,765330,edge,1,0.6700,2,907
9939,765399,edge,1,0.6800,2,908
9940,765483,edge,1,0.6900,2,909
9941,765555,edge,1,0.6900,2,910
9942,765613,edge,0,0.6800,2,911
9943,765685,edge,1,0.6800,2,912
9944,765769,edge,1,0.6800,2,913
9945,765817,edge,0,0.6800,2,914
9946,765885,edge,1,0.6800,2,915
9947,765958,edge,1,0.6800,2,916
9948,766020,edge,1,0.6900,2,917
9949,766086,edge,1,0.6900,2,918
9950,766136,edge,0,0.6800,2,919
9951,766195,edge,1,0.6900,2,920
9952,766251,edge,1,0.6900,2,921
9953,766295,edge,0,0.6800,2,922
9954,766381,edge,1,0.6800,2,923
9955,766440,edge,1,0.6900,2,924
9956,766487,edge,0,0.6800,2,925
9957,766562,edge,1,0.6900,2,926
9958,766702,edge,0,0.6900,2,927
9959,766755,edge,1,0.6900,2,928
9960,766804,edge,1,0.6900,2,929
9961,766878,edge,1,0.6900,2,930
9962,766946,edge,1,0.6900,2,931
9963,767026,edge,1,0.6900,2,932
9964,767098,edge,1,0.7000,2,933
9965,767147,edge,1,0.7000,2,934
9966,767197,edge,1,0.7000,2,935
9967,767268,edge,1,0.7000,2,936
9968,767318,edge,1,0.7000,2,937
9969,767365,edge,0,0.7000,2,938
9970,767414,edge,0,0.6900,2,939
9971,767463,edge,0,0.6800,2,940
9972,767525,edge,0,0.6700,2,941
9973,767579,edge,1,0.6800,2,942
9974,767663,edge,0,0.6800,2,943
9975,767709,edge,1,0.6900,2,944
9976,767756,edge,1,0.6900,2,945
9977,767832,edge,1,0.7000,2,946
9978,767893,edge,1,0.7000,2,947
9979,767939,edge,0,0.7000,2,948
9980,767996,edge,1,0.7000,2,949
9981,768065,edge,1,0.7000,2,950
9982,768152,edge,1,0.7100,2,951
9983,768207,edge,1,0.7200,2,952
9984,768271,edge,1,0.7200,2,953
9985,768346,edge,1,0.7200,2,954
9986,768416,edge,1,0.7200,2,955
9987,768500,edge,1,0.7200,2,956
9988,768565,edge,1,0.7200,2,957
9989,768636,edge,1,0.7300,2,958
9990,768801,edge,1,0.7400,2,959
9991,768876,edge,1,0.7500,2,960
9992,768927,edge,0,0.7400,2,961
9993,769008,edge,0,0.7300,2,962
9994,769063,edge,0,0.7200,2,963
9995,769119,edge,1,0.7200,2,964
9996,769166,edge,1,0.7200,2,965
9997,769237,edge,1,0.7300,2,966
9998,769300,edge,1,0.7300,2,967
9999,769363,edge,1,0.7300,2,968
10000,769430,edge,1,0.7300,2,969
10001,769494,edge,1,0.7300,2,970
10002,769550,edge,1,0.7300,2,971
10003,769614,edge,1,0.7300,2,972
10004,769718,edge,1,0.7400,2,973
10005,769775,edge,0,0.7300,2,974
10006,769861,edge,0,0.7300,2,975
10007,769946,edge,0,0.7300,2,976
10008,769999,edge,1,0.7300,2,977
10009,770087,edge,0,0.7200,2,978
10010,770157,edge,1,0.7200,2,979
10011,770230,edge,1,0.7200,2,980
10012,770315,edge,1,0.7300,2,981
10013,770389,edge,1,0.7300,2,982
10014,770454,edge,1,0.7300,2,983
10015,770517,edge,1,0.7300,2,984
10016,770671,edge,1,0.7300,2,985
10017,770722,edge,1,0.7300,2,986
10018,770793,edge,1,0.7400,2,987
10019,770849,edge,1,0.7400,2,988
10020,770932,edge,1,0.7400,2,989
10021,770999,edge,1,0.7500,2,990
10022,771154,edge,1,0.7600,2,991
10023,771224,edge,1,0.7600,2,992
10024,771283,edge,1,0.7600,2,993
10025,771350,edge,1,0.7600,2,994
10026,771405,edge,1,0.7600,2,995
10027,771458,edge,1,0.7700,2,996
10028,771519,edge,1,0.7800,2,997
10029,771598,edge,1,0.7800,2,998
10030,771684,edge,0,0.7700,2,999
10031,771750,edge,1,0.7700,2,1000
10032,771809,edge,1,0.7700,2,1001
10033,771884,edge,1,0.7700,2,1002
10034,771941,edge,1,0.7700,2,1003
10035,772022,edge,0,0.7700,2,1004
10036,772083,edge,1,0.7800,2,1005
10037,772133,edge,1,0.7900,2,1006
10038,772193,edge,1,0.7900,2,1007
10039,772267,edge,1,0.7900,2,1008
10040,772327,edge,1,0.7900,2,1009
10041,772389,edge,1,0.7900,2,1010
10042,772447,edge,1,0.8000,2,1011
10043,772584,edge,0,0.7900,2,1012
10044,772638,edge,1,0.7900,2,1013
10045,772704,edge,1,0.8000,2,1014
10046,772774,edge,1,0.8000,2,1015
10047,772839,edge,1,0.8000,2,1016
10048,772913,edge,1,0.8000,2,1017
10049,772976,edge,1,0.8000,2,1018
10050,773119,edge,1,0.8100,2,1019
10051,773221,edge,1,0.8100,2,1020
10052,773305,edge,1,0.8100,2,1021
10053,773371,edge,1,0.8200,2,1022
10054,773449,edge,1,0.8200,2,1023
10055,773502,edge,1,0.8200,2,1024
10056,773566,edge,1,0.8300,2,1025
10057,773640,edge,1,0.8300,2,1026
10058,773710,edge,1,0.8400,2,1027
10059,773762,edge,0,0.8300,2,1028
10060,773829,edge,1,0.8300,2,1029
10061,773990,edge,0,0.8200,2,1030
10062,774054,edge,1,0.8200,2,1031
10063,774116,edge,1,0.8200,2,1032
10064,774219,edge,0,0.8100,2,1033
10065,774298,edge,1,0.8100,2,1034
10066,774352,edge,1,0.8100,2,1035
10067,774453,edge,0,0.8000,2,1036
10068,774604,edge,1,0.8000,2,1037
10069,774669,edge,1,0.8100,2,1038
10070,774728,edge,1,0.8200,2,1039
10071,774780,edge,0,0.8200,2,1040
10072,774836,edge,1,0.8300,2,1041
10073,774890,edge,0,0.8200,2,1042
10074,774962,edge,1,0.8300,2,1043
10075,775101,edge,0,0.8200,2,1044
10076,775155,edge,1,0.8200,2,1045
10077,775210,edge,0,0.8100,2,1046
10078,775268,edge,1,0.8100,2,1047
10079,775332,edge,1,0.8200,2,1048
10080,775409,edge,1,0.8200,2,1049
10081,775539,edge,0,0.8100,2,1050
10082,775627,edge,1,0.8100,2,1051
10083,775700,edge,1,0.8100,2,1052
10084,775762,edge,1,0.8100,2,1053
10085,775844,edge,1,0.8100,2,1054
10086,775918,edge,1,0.8100,2,1055
10087,776009,edge,1,0.8100,2,1056
10088,776107,edge,1,0.8100,2,1057
10089,776255,edge,1,0.8100,2,1058
10090,776319,edge,1,0.8100,2,1059
10091,776382,edge,1,0.8100,2,1060
10092,776462,edge,1,0.8200,2,1061
10093,776542,edge,1,0.8300,2,1062
10094,776692,edge,1,0.8400,2,1063
10095,776765,edge,1,0.8400,2,1064
10096,776827,edge,1,0.8400,2,1065
10097,776884,edge,1,0.8400,2,1066
10098,776950,edge,1,0.8400,2,1067
10099,777008,edge,1,0.8400,2,1068
10100,777096,edge,0,0.8300,2,1069
10101,777140,edge,0,0.8200,2,1070
10102,777218,edge,1,0.8200,2,1071
10103,777287,edge,1,0.8200,2,1072
10104,777359,edge,1,0.8200,2,1073
10105,777441,edge,0,0.8200,2,1074
10106,777582,edge,1,0.8300,2,1075
10107,777663,edge,0,0.8300,2,1076
10108,777717,edge,1,0.8300,2,1077
10109,777869,edge,1,0.8400,2,1078
10110,777924,edge,1,0.8400,2,1079
10111,777979,edge,0,0.8300,2,1080
10112,778036,edge,1,0.8300,2,1081
10113,778086,edge,0,0.8200,2,1082
10114,778149,edge,1,0.8200,2,1083
10115,778218,edge,1,0.8200,2,1084
10116,778288,edge,1,0.8200,2,1085
10117,778333,edge,0,0.8100,2,1086
10118,778400,edge,1,0.8100,2,1087
10119,778478,edge,1,0.8100,2,1088
10120,778544,edge,1,0.8100,2,1089
10121,778686,edge,1,0.8100,2,1090
10122,778736,edge,1,0.8100,2,1091
10123,778799,edge,1,0.8100,2,1092
10124,778880,edge,0,0.8000,2,1093
10125,778935,edge,1,0.8000,2,1094
10126,778990,edge,1,0.8000,2,1095
10127,779063,edge,1,0.8000,2,1096
10128,779127,edge,1,0.8000,2,1097
10129,779189,edge,1,0.8000,2,1098
10130,779258,edge,1,0.8100,2,1099
10131,779401,edge,1,0.8100,2,1100
10132,779485,edge,0,0.8000,2,1101
10133,779544,edge,1,0.8000,2,1102
10134,779603,edge,1,0.8000,2,1103
10135,779651,edge,1,0.8100,2,1104
10136,779706,edge,1,0.8100,2,1105
10137,779783,edge,1,0.8100,2,1106
10138,779871,edge,1,0.8100,2,1107
10139,779952,edge,1,0.8100,2,1108
10140,780013,edge,1,0.8100,2,1109
10141,780084,edge,1,0.8100,2,1110
10142,780148,edge,1,0.8100,2,1111
10143,780208,edge,1,0.8200,2,1112
10144,780275,edge,1,0.8200,2,1113
10145,780326,edge,0,0.8100,2,1114
10146,780370,edge,0,0.8000,2,1115
10147,780425,edge,1,0.8000,2,1116
10148,780485,edge,1,0.8000,2,1117
10149,780565,edge,1,0.8000,2,1118
10150,780638,edge,1,0.8000,2,1119
10151,780807,edge,1,0.8000,2,1120
10152,780881,edge,1,0.8000,2,1121
10153,780952,edge,1,0.8000,2,1122
10154,781020,edge,1,0.8000,2,1123
10155,781069,edge,1,0.8000,2,1124
10156,781118,edge,0,0.7900,2,1125
10157,781194,edge,1,0.7900,2,1126
10158,781330,edge,1,0.7900,2,1127
10159,781402,edge,1,0.8000,2,1128
10160,781455,edge,1,0.8000,2,1129
10161,781536,edge,0,0.8000,2,1130
10162,781632,edge,0,0.7900,2,1131
10163,781867,edge,1,0.7900,2,1132
10164,781917,edge,0,0.7900,2,1133
10165,782000,edge,1,0.7900,2,1134
10166,782046,edge,0,0.7800,2,1135
10167,782103,edge,1,0.7900,2,1136
10168,782172,edge,1,0.7900,2,1137
10169,782264,edge,1,0.7900,2,1138
10170,782312,edge,1,0.7900,2,1139
10171,782458,edge,1,0.8000,2,1140
10172,782509,edge,0,0.7900,2,1141
10173,782590,edge,0,0.7900,2,1142
10174,782661,edge,1,0.7900,2,1143
10175,782734,edge,1,0.8000,2,1144
10176,782813,edge,1,0.8000,2,1145
10177,782898,edge,0,0.8000,2,1146
10178,782959,edge,1,0.8000,2,1147
10179,783014,edge,1,0.8000,2,1148
10180,783077,edge,1,0.8000,2,1149
10181,783147,edge,1,0.8100,2,1150
10182,783210,edge,1,0.8100,2,1151
10183,783292,edge,1,0.8100,2,1152
10184,783369,edge,1,0.8100,2,1153
10185,783423,edge,1,0.8100,2,1154
10186,783496,edge,1,0.8100,2,1155
10187,783552,edge,1,0.8100,2,1156
10188,783607,edge,1,0.8100,2,1157
10189,783660,edge,1,0.8100,2,1158
10190,783733,edge,1,0.8100,2,1159
10191,783794,edge,1,0.8100,2,1160
10192,783838,edge,0,0.8000,2,1161
10193,783893,edge,1,0.8000,2,1162
10194,783960,edge,1,0.8000,2,1163
10195,784136,edge,1,0.8000,2,1164
10196,784195,edge,1,0.8000,2,1165
10197,784275,edge,1,0.8000,2,1166
10198,784321,edge,1,0.8000,2,1167
10199,784372,edge,0,0.7900,2,1168
10200,784421,edge,0,0.7900,2,1169
10201,784478,edge,1,0.8000,2,1170
10202,784540,edge,1,0.8000,2,1171
10203,784639,edge,0,0.7900,2,1172
10204,784720,edge,0,0.7800,2,1173
10205,784787,edge,1,0.7900,2,1174
10206,784878,edge,0,0.7800,2,1175
10207,784941,edge,1,0.7900,2,1176
10208,785039,edge,1,0.7900,2,1177
10209,785092,edge,1,0.7900,2,1178
10210,785151,edge,1,0.7900,2,1179
10211,785222,edge,1,0.8000,2,1180
10212,785306,edge,1,0.8000,2,1181
10213,785369,edge,1,0.8100,2,1182
10214,785447,edge,1,0.8100,2,1183
10215,785502,edge,1,0.8100,2,1184
10216,785579,edge,1,0.8100,2,1185
10217,785639,edge,1,0.8200,2,1186
10218,785712,edge,1,0.8200,2,1187
10219,785776,edge,0,0.8100,2,1188
10220,785907,edge,1,0.8100,2,1189
10221,785957,edge,0,0.8000,2,1190
10222,786038,edge,1,0.8000,2,1191
10223,786095,edge,1,0.8000,2,1192
10224,786144,edge,0,0.8000,2,1193
10225,786190,edge,0,0.7900,2,1194
10226,786258,edge,1,0.7900,2,1195
10227,786314,edge,1,0.7900,2,1196
10228,786382,edge,1,0.7900,2,1197
10229,786436,edge,1,0.7900,2,1198
10230,786509,edge,1,0.7900,2,1199
10231,786565,edge,0,0.7800,2,1200
10232,786643,edge,1,0.7900,2,1201
10233,786732,edge,1,0.7900,2,1202
10234,786811,edge,1,0.7900,2,1203
10235,786865,edge,1,0.7900,2,1204
10236,786943,edge,1,0.7900,2,1205
10237,787016,edge,1,0.7900,2,1206
10238,787072,edge,0,0.7800,2,1207
10239,787128,edge,0,0.7700,2,1208
10240,787188,edge,1,0.7700,2,1209
10241,787256,edge,1,0.7700,2,1210
10242,787302,edge,0,0.7600,2,1211
10243,787352,edge,0,0.7500,2,1212
10244,787410,edge,1,0.7500,2,1213
10245,787462,edge,0,0.7500,2,1214
10246,787514,edge,0,0.7500,2,1215
10247,787595,edge,0,0.7400,2,1216
10248,787643,edge,1,0.7400,2,1217
10249,787727,edge,0,0.7300,2,1218
10250,787813,edge,1,0.7300,2,1219
10251,787890,edge,1,0.7300,2,1220
10252,787956,edge,1,0.7300,2,1221
10253,788005,edge,0,0.7200,2,1222
10254,788079,edge,1,0.7200,2,1223
10255,788133,edge,1,0.7200,2,1224
10256,788219,edge,0,0.7200,2,1225
10257,788270,edge,1,0.7200,2,1226
10258,788331,edge,1,0.7200,2,1227
10259,788472,edge,1,0.7200,2,1228
10260,788535,edge,1,0.7200,2,1229
10261,788588,edge,0,0.7200,2,1230
10262,788663,edge,1,0.7300,2,1231
10263,788716,edge,1,0.7300,2,1232
10264,788770,edge,1,0.7400,2,1233
10265,788843,edge,1,0.7400,2,1234
10266,788891,edge,1,0.7500,2,1235
10267,788957,edge,1,0.7500,2,1236
10268,789015,edge,0,0.7400,2,1237
10269,789074,edge,1,0.7400,2,1238
10270,789119,edge,0,0.7300,2,1239
10271,789244,edge,0,0.7200,2,1240
10272,789297,edge,0,0.7200,2,1241
10273,789355,edge,1,0.7300,2,1242
10274,789423,edge,1,0.7300,2,1243
10275,789504,edge,0,0.7200,2,1244
10276,789569,edge,0,0.7100,2,1245
10277,789633,edge,1,0.7200,2,1246
10278,789690,edge,1,0.7200,2,1247
10279,789754,edge,1,0.7200,2,1248
10280,789823,edge,1,0.7200,2,1249
10281,789872,edge,1,0.7200,2,1250
10282,790000,edge,0,0.7100,2,1251
10283,790082,edge,0,0.7000,2,1252
10284,790161,edge,1,0.7000,2,1253
10285,790249,edge,1,0.7000,2,1254
10286,790330,edge,0,0.6900,2,1255
10287,790414,edge,1,0.6900,2,1256
10288,790470,edge,1,0.6900,2,1257
10289,790535,edge,1,0.6900,2,1258
10290,790610,edge,1,0.6900,2,1259
10291,790657,edge,1,0.6900,2,1260
10292,790719,edge,1,0.7000,2,1261
10293,790777,edge,0,0.6900,2,1262
10294,790839,edge,1,0.6900,2,1263
10295,790906,edge,1,0.6900,2,1264
10296,790991,edge,0,0.6800,2,1265
10297,791057,edge,1,0.6800,2,1266
10298,791126,edge,1,0.6800,2,1267
10299,791196,edge,1,0.6900,2,1268
10300,791256,edge,1,0.7000,2,1269
10301,791309,edge,1,0.7000,2,1270
10302,791356,edge,0,0.6900,2,1271
10303,791450,edge,1,0.7000,2,1272
10304,791500,edge,1,0.7100,2,1273
10305,791556,edge,1,0.7100,2,1274
10306,791607,edge,0,0.7100,2,1275
10307,791660,edge,1,0.7100,2,1276
10308,791718,edge,1,0.7100,2,1277
10309,791770,edge,1,0.7100,2,1278
10310,791843,edge,1,0.7100,2,1279
10311,791925,edge,0,0.7000,2,1280
10312,791973,edge,0,0.6900,2,1281
10313,792096,edge,1,0.6900,2,1282
10314,792143,edge,0,0.6800,2,1283
10315,792204,edge,0,0.6700,2,1284
10316,792259,edge,1,0.6700,2,1285
10317,792306,edge,0,0.6600,2,1286
10318,792363,edge,1,0.6600,2,1287
10319,792412,edge,0,0.6600,2,1288
10320,792469,edge,1,0.6600,2,1289
10321,792551,edge,1,0.6700,2,1290
10322,792608,edge,1,0.6700,2,1291
10323,792684,edge,1,0.6700,2,1292
10324,792735,edge,1,0.6800,2,1293
10325,792786,edge,1,0.6900,2,1294
10326,792837,edge,0,0.6800,2,1295
10327,792917,edge,1,0.6800,2,1296
10328,792984,edge,1,0.6800,2,1297
10329,793055,edge,1,0.6800,2,1298
10330,793107,edge,0,0.6700,2,1299
10331,793188,edge,0,0.6700,2,1300
10332,793256,edge,0,0.6600,2,1301
10333,793301,edge,0,0.6500,2,1302
10334,793367,edge,1,0.6500,2,1303
10335,793436,edge,1,0.6500,2,1304
10336,793491,edge,1,0.6500,2,1305
10337,793566,edge,1,0.6500,2,1306
10338,793638,edge,1,0.6600,2,1307
10339,793714,edge,1,0.6700,2,1308
10340,793793,edge,1,0.6700,2,1309
10341,793865,edge,1,0.6700,2,1310
10342,793915,edge,1,0.6800,2,1311
10343,793982,edge,1,0.6900,2,1312
10344,794033,edge,0,0.6800,2,1313
10345,794106,edge,1,0.6900,2,1314
10346,794207,edge,1,0.7000,2,1315
10347,794258,edge,1,0.7100,2,1316
10348,794311,edge,1,0.7100,2,1317
10349,794382,edge,1,0.7200,2,1318
10350,794434,edge,1,0.7200,2,1319
10351,794490,edge,1,0.7200,2,1320
10352,794559,edge,1,0.7200,2,1321
10353,794632,edge,1,0.7300,2,1322
10354,794685,edge,1,0.7300,2,1323
10355,794743,edge,1,0.7300,2,1324
10356,794796,edge,0,0.7300,2,1325
10357,794851,edge,1,0.7300,2,1326
10358,794904,edge,1,0.7300,2,1327
10359,794953,edge,0,0.7200,2,1328
10360,795024,edge,1,0.7200,2,1329
10361,795074,edge,1,0.7300,2,1330
10362,795138,edge,1,0.7300,2,1331
10363,795202,edge,1,0.7300,2,1332
10364,795279,edge,1,0.7300,2,1333
10365,795347,edge,1,0.7300,2,1334
10366,795406,edge,0,0.7200,2,1335
10367,795483,edge,1,0.7200,2,1336
10368,795539,edge,0,0.7200,2,1337
10369,795603,edge,1,0.7200,2,1338
10370,795684,edge,0,0.7200,2,1339
10371,795735,edge,0,0.7200,2,1340
10372,795786,edge,0,0.7200,2,1341
10373,795851,edge,1,0.7200,2,1342
10374,795910,edge,1,0.7200,2,1343
10375,795971,edge,1,0.7300,2,1344
10376,796018,edge,0,0.7300,2,1345
10377,796078,edge,1,0.7300,2,1346
10378,796136,edge,1,0.7300,2,1347
10379,796215,edge,1,0.7300,2,1348
10380,796286,edge,1,0.7300,2,1349
10381,796335,edge,0,0.7200,2,1350
10382,796409,edge,1,0.7300,2,1351
10383,796470,edge,0,0.7300,2,1352
10384,796537,edge,1,0.7300,2,1353
10385,796587,edge,1,0.7300,2,1354
10386,796638,edge,1,0.7400,2,1355
10387,796693,edge,1,0.7400,2,1356
10388,796782,edge,0,0.7300,2,1357
10389,796840,edge,1,0.7300,2,1358
10390,796908,edge,1,0.7300,2,1359
10391,796976,edge,1,0.7300,2,1360
10392,797045,edge,1,0.7300,2,1361
10393,797096,edge,1,0.7400,2,1362
10394,797169,edge,1,0.7400,2,1363
10395,797249,edge,1,0.7400,2,1364
10396,797303,edge,1,0.7500,2,1365
10397,797378,edge,1,0.7500,2,1366
10398,797430,edge,0,0.7400,2,1367
10399,797503,edge,1,0.7400,2,1368
10400,797583,edge,1,0.7400,2,1369
10401,797639,edge,1,0.7400,2,1370
10402,797715,edge,1,0.7500,2,1371
10403,797786,edge,1,0.7500,2,1372
10404,797862,edge,1,0.7500,2,1373
10405,797914,edge,1,0.7500,2,1374
10406,797993,edge,1,0.7600,2,1375
10407,798046,edge,1,0.7600,2,1376
10408,798098,edge,1,0.7600,2,1377
10409,798162,edge,0,0.7500,2,1378
10410,798218,edge,1,0.7500,2,1379
10411,798346,edge,0,0.7500,2,1380
10412,798406,edge,1,0.7600,2,1381
10413,798487,edge,0,0.7500,2,1382
10414,798571,edge,1,0.7600,2,1383
10415,798651,edge,1,0.7700,2,1384
10416,798730,edge,1,0.7700,2,1385
10417,798803,edge,1,0.7800,2,1386
10418,798857,edge,1,0.7800,2,1387
10419,798924,edge,1,0.7900,2,1388
10420,798985,edge,1,0.7900,2,1389
10421,799043,edge,1,0.7900,2,1390
10422,799099,edge,1,0.7900,2,1391
10423,799174,edge,1,0.7900,2,1392
10424,799243,edge,1,0.7900,2,1393
10425,799324,edge,0,0.7800,2,1394
10426,799385,edge,1,0.7900,2,1395
10427,799441,edge,1,0.7900,2,1396
10428,799522,edge,0,0.7800,2,1397
10429,799589,edge,1,0.7800,2,1398
10430,799653,edge,1,0.7900,2,1399
10431,799726,edge,1,0.8000,2,1400
10432,799783,edge,1,0.8100,2,1401
10433,799848,edge,1,0.8200,2,1402
10434,799903,edge,1,0.8200,2,1403
10435,799963,edge,1,0.8200,2,1404
10436,800024,edge,1,0.8200,2,1405
10437,800091,edge,1,0.8200,2,1406
10438,800155,edge,1,0.8200,2,1407
10439,800210,edge,1,0.8200,2,1408
10440,800301,edge,1,0.8200,2,1409
10441,800371,edge,1,0.8200,2,1410
10442,800421,edge,0,0.8100,2,1411
10443,800489,edge,1,0.8100,2,1412
10444,800556,edge,1,0.8200,2,1413
10445,800608,edge,0,0.8100,2,1414
10446,800675,edge,1,0.8100,2,1415
10447,800741,edge,1,0.8100,2,1416
10448,800801,edge,1,0.8100,2,1417
10449,800885,edge,1,0.8100,2,1418
10450,800934,edge,1,0.8100,2,1419
10451,801003,edge,1,0.8100,2,1420
10452,801074,edge,1,0.8100,2,1421
10453,801187,edge,0,0.8000,2,1422
10454,801250,edge,1,0.8000,2,1423
10455,801307,edge,1,0.8000,2,1424
10456,801379,edge,1,0.8100,2,1425
10457,801451,edge,1,0.8100,2,1426
10458,801548,edge,1,0.8100,2,1427
10459,801613,edge,1,0.8200,2,1428
10460,801660,edge,0,0.8100,2,1429
10461,801715,edge,1,0.8100,2,1430
10462,801771,edge,1,0.8100,2,1431
10463,801822,edge,1,0.8100,2,1432
10464,801996,edge,1,0.8100,2,1433
10465,802052,edge,1,0.8100,2,1434
10466,802118,edge,1,0.8200,2,1435
10467,802170,edge,1,0.8200,2,1436
10468,802247,edge,1,0.8300,2,1437
10469,802335,edge,1,0.8300,2,1438
10470,802391,edge,1,0.8400,2,1439
10471,802515,edge,0,0.8400,2,1440
10472,802575,edge,1,0.8500,2,1441
10473,802678,edge,0,0.8400,2,1442
10474,802742,edge,1,0.8400,2,1443
10475,802800,edge,1,0.8400,2,1444
10476,802879,edge,1,0.8500,2,1445
10477,802948,edge,1,0.8500,2,1446
10478,803020,edge,1,0.8500,2,1447
10479,803083,edge,1,0.8500,2,1448
10480,803152,edge,1,0.8500,2,1449
10481,803207,edge,1,0.8600,2,1450
10482,803277,edge,1,0.8600,2,1451
10483,803342,edge,1,0.8700,2,1452
10484,803407,edge,1,0.8700,2,1453
10485,803517,edge,1,0.8700,2,1454
10486,803572,edge,1,0.8700,2,1455
10487,803633,edge,1,0.8700,2,1456
10488,803787,edge,1,0.8800,2,1457
10489,803852,edge,1,0.8800,2,1458
10490,803936,edge,1,0.8800,2,1459
10491,803997,edge,1,0.8800,2,1460
10492,804058,edge,1,0.8800,2,1461
10493,804112,edge,0,0.8700,2,1462
10494,804199,edge,1,0.8700,2,1463
10495,804272,edge,1,0.8700,2,1464
10496,804358,edge,1,0.8700,2,1465
10497,804410,edge,0,0.8600,2,1466
10498,804478,edge,1,0.8700,2,1467
10499,804518,edge,0,0.8600,2,1468
10500,804595,edge,1,0.8600,2,1469
10501,804647,edge,1,0.8600,2,1470
10502,804714,edge,1,0.8600,2,1471
10503,804762,edge,1,0.8600,2,1472
10504,804825,edge,1,0.8600,2,1473
10505,804906,edge,1,0.8600,2,1474
10506,804970,edge,1,0.8600,2,1475
10507,805045,edge,1,0.8600,2,1476
10508,805118,edge,1,0.8600,2,1477
10509,805182,edge,1,0.8700,2,1478
10510,805243,edge,1,0.8700,2,1479
10511,805324,edge,1,0.8800,2,1480
10512,805379,edge,1,0.8800,2,1481
10513,805451,edge,1,0.8900,2,1482
10514,805499,edge,0,0.8800,2,1483
10515,805563,edge,1,0.8800,2,1484
10516,805617,edge,1,0.8800,2,1485
10517,805686,edge,1,0.8800,2,1486
10518,805739,edge,1,0.8800,2,1487
10519,805800,edge,1,0.8800,2,1488
10520,805874,edge,1,0.8800,2,1489
10521,805949,edge,1,0.8800,2,1490
10522,805997,edge,1,0.8800,2,1491
10523,806057,edge,1,0.8800,2,1492
10524,806120,edge,1,0.8800,2,1493
10525,806190,edge,1,0.8900,2,1494
10526,806247,edge,1,0.8900,2,1495
10527,806314,edge,1,0.8900,2,1496
10528,806372,edge,1,0.9000,2,1497
10529,806435,edge,1,0.9000,2,1498
10530,806508,edge,1,0.9000,2,1499
10531,806577,edge,1,0.9000,2,1500
10532,806659,edge,1,0.9000,2,1501
10533,806738,edge,1,0.9000,2,1502
10534,806803,edge,1,0.9000,2,1503
10535,806853,edge,1,0.9000,2,1504
10536,806910,edge,1,0.9000,2,1505
10537,807012,edge,0,0.8900,2,1506
10538,807064,edge,1,0.8900,2,1507
10539,807122,edge,1,0.8900,2,1508
10540,807182,edge,1,0.8900,2,1509
10541,807237,edge,1,0.8900,2,1510
10542,807318,edge,0,0.8900,2,1511
10543,807385,edge,1,0.8900,2,1512
10544,807453,edge,1,0.8900,2,1513
10545,807523,edge,1,0.9000,2,1514
10546,807581,edge,1,0.9000,2,1515
10547,807659,edge,1,0.9000,2,1516
10548,807729,edge,1,0.9000,2,1517
10549,807814,edge,1,0.9000,2,1518
10550,807889,edge,1,0.9000,2,1519
10551,807948,edge,1,0.9000,2,1520
10552,808007,edge,1,0.9000,2,1521
10553,808062,edge,0,0.9000,2,1522
10554,808117,edge,1,0.9000,2,1523
10555,808197,edge,1,0.9000,2,1524
10556,808240,edge,0,0.8900,2,1525
10557,808287,edge,1,0.8900,2,1526
10558,808366,edge,1,0.8900,2,1527
10559,808440,edge,1,0.8900,2,1528
10560,808488,edge,1,0.9000,2,1529
10561,808557,edge,1,0.9000,2,1530
10562,808617,edge,1,0.9000,2,1531
10563,808764,edge,0,0.8900,2,1532
10564,808846,edge,0,0.8800,2,1533
10565,808930,edge,0,0.8700,2,1534
10566,808997,edge,1,0.8700,2,1535
10567,809056,edge,1,0.8700,2,1536
10568,809104,edge,0,0.8600,2,1537
10569,809178,edge,1,0.8600,2,1538
10570,809253,edge,1,0.8600,2,1539
10571,809332,edge,1,0.8700,2,1540
10572,809395,edge,1,0.8700,2,1541
10573,809466,edge,1,0.8800,2,1542
10574,809536,edge,1,0.8800,2,1543
10575,809595,edge,1,0.8800,2,1544
10576,809668,edge,1,0.8800,2,1545
10577,809735,edge,1,0.8800,2,1546
10578,809872,edge,0,0.8700,2,1547
10579,809932,edge,1,0.8700,2,1548
10580,810006,edge,1,0.8700,2,1549
10581,810054,edge,0,0.8600,2,1550
10582,810117,edge,1,0.8600,2,1551
10583,810178,edge,1,0.8600,2,1552
10584,810228,edge,0,0.8500,2,1553
10585,810283,edge,0,0.8400,2,1554
10586,810354,edge,1,0.8400,2,1555
10587,810414,edge,1,0.8400,2,1556
10588,810485,edge,1,0.8400,2,1557
10589,810550,edge,1,0.8400,2,1558
10590,810625,edge,1,0.8400,2,1559
10591,810701,edge,1,0.8400,2,1560
10592,810761,edge,1,0.8400,2,1561
10593,810834,edge,1,0.8500,2,1562
10594,810912,edge,1,0.8500,2,1563
10595,810966,edge,1,0.8500,2,1564
10596,811035,edge,1,0.8500,2,1565
10597,811112,edge,1,0.8600,2,1566
10598,811170,edge,1,0.8600,2,1567
10599,811219,edge,1,0.8700,2,1568
10600,811294,edge,1,0.8700,2,1569
10601,811368,edge,0,0.8600,2,1570
10602,811435,edge,1,0.8600,2,1571
10603,811519,edge,1,0.8600,2,1572
10604,811587,edge,1,0.8600,2,1573
10605,811646,edge,1,0.8600,2,1574
10606,811794,edge,1,0.8600,2,1575
10607,811867,edge,1,0.8600,2,1576
10608,811920,edge,1,0.8600,2,1577
10609,811993,edge,1,0.8600,2,1578
10610,812103,edge,1,0.8600,2,1579
10611,812169,edge,1,0.8600,2,1580
10612,812239,edge,1,0.8600,2,1581
10613,812298,edge,1,0.8600,2,1582
10614,812383,edge,1,0.8700,2,1583
10615,812460,edge,1,0.8700,2,1584
10616,812521,edge,1,0.8700,2,1585
10617,812582,edge,1,0.8700,2,1586
10618,812670,edge,0,0.8600,2,1587
10619,812758,edge,0,0.8500,2,1588
10620,812835,edge,1,0.8500,2,1589
10621,812906,edge,1,0.8500,2,1590
10622,812976,edge,1,0.8500,2,1591
10623,813048,edge,1,0.8500,2,1592
10624,813106,edge,0,0.8400,2,1593
10625,813175,edge,1,0.8400,2,1594
10626,813229,edge,1,0.8400,2,1595
10627,813291,edge,1,0.8400,2,1596
10628,813350,edge,1,0.8400,2,1597
10629,813426,edge,1,0.8400,2,1598
10630,813523,edge,1,0.8400,2,1599
10631,813579,edge,1,0.8400,2,1600
10632,813644,edge,1,0.8400,2,1601
10633,813712,edge,1,0.8400,2,1602
10634,813786,edge,1,0.8400,2,1603
10635,813831,edge,1,0.8400,2,1604
10636,813898,edge,1,0.8400,2,1605
10637,813977,edge,1,0.8500,2,1606
10638,814091,edge,1,0.8500,2,1607
10639,814160,edge,1,0.8500,2,1608
10640,814309,edge,1,0.8500,2,1609
10641,814376,edge,0,0.8400,2,1610
10642,814546,edge,1,0.8500,2,1611
10643,814627,edge,1,0.8500,2,1612
10644,814693,edge,1,0.8500,2,1613
10645,814756,edge,1,0.8500,2,1614
10646,814827,edge,1,0.8500,2,1615
10647,815010,edge,0,0.8400,2,1616
10648,815106,edge,1,0.8400,2,1617
10649,815154,edge,1,0.8400,2,1618
10650,815220,edge,1,0.8400,2,1619
10651,815288,edge,1,0.8400,2,1620
10652,815358,edge,1,0.8400,2,1621
10653,815428,edge,1,0.8500,2,1622
10654,815505,edge,1,0.8500,2,1623
10655,815575,edge,1,0.8500,2,1624
10656,815662,edge,1,0.8600,2,1625
10657,815717,edge,1,0.8600,2,1626
10658,815787,edge,1,0.8600,2,1627
10659,815856,edge,1,0.8600,2,1628
10660,815923,edge,1,0.8600,2,1629
10661,816064,edge,1,0.8600,2,1630
10662,816121,edge,1,0.8600,2,1631
10663,816186,edge,1,0.8700,2,1632
10664,816251,edge,1,0.8800,2,1633
10665,816321,edge,1,0.8900,2,1634
10666,816372,edge,1,0.8900,2,1635
10667,816417,edge,0,0.8800,2,1636
10668,816477,edge,1,0.8900,2,1637
10669,816544,edge,1,0.8900,2,1638
10670,816635,edge,1,0.8900,2,1639
10671,816724,edge,1,0.8900,2,1640
10672,816789,edge,1,0.8900,2,1641
10673,816840,edge,1,0.8900,2,1642
10674,816922,edge,1,0.8900,2,1643
10675,817004,edge,1,0.8900,2,1644
10676,817068,edge,1,0.8900,2,1645
10677,817123,edge,1,0.8900,2,1646
10678,817198,edge,1,0.9000,2,1647
10679,817264,edge,1,0.9000,2,1648
10680,817323,edge,1,0.9000,2,1649
10681,817371,edge,0,0.9000,2,1650
10682,817442,edge,1,0.9000,2,1651
10683,817514,edge,1,0.9000,2,1652
10684,817582,edge,1,0.9100,2,1653
10685,817637,edge,1,0.9200,2,1654
10686,817736,edge,1,0.9200,2,1655
10687,817808,edge,1,0.9200,2,1656
10688,817871,edge,1,0.9200,2,1657
10689,817930,edge,1,0.9200,2,1658
10690,818002,edge,1,0.9200,2,1659
10691,818057,edge,1,0.9200,2,1660
10692,818121,edge,1,0.9200,2,1661
10693,818197,edge,1,0.9200,2,1662
10694,818279,edge,1,0.9200,2,1663
10695,818331,edge,1,0.9200,2,1664
10696,818389,edge,1,0.9200,2,1665
10697,818461,edge,1,0.9200,2,1666
10698,818551,edge,1,0.9200,2,1667
10699,818613,edge,1,0.9200,2,1668
10700,818756,edge,1,0.9200,2,1669
10701,818817,edge,1,0.9300,2,1670
10702,818883,edge,1,0.9300,2,1671
10703,818953,edge,1,0.9300,2,1672
10704,819008,edge,1,0.9300,2,1673
10705,819064,edge,1,0.9300,2,1674
10706,819148,edge,0,0.9200,2,1675
10707,819223,edge,1,0.9200,2,1676
10708,819291,edge,1,0.9200,2,1677
10709,819350,edge,1,0.9200,2,1678
10710,819491,edge,0,0.9100,2,1679
10711,819549,edge,1,0.9100,2,1680
10712,819603,edge,1,0.9100,2,1681
10713,819675,edge,1,0.9100,2,1682
10714,819751,edge,1,0.9100,2,1683
10715,819819,edge,1,0.9100,2,1684
10716,819961,edge,1,0.9100,2,1685
10717,820032,edge,1,0.9100,2,1686
10718,820109,edge,1,0.9200,2,1687
10719,820163,edge,1,0.9300,2,1688
10720,820223,edge,1,0.9300,2,1689
10721,820301,edge,1,0.9300,2,1690
10722,820356,edge,1,0.9300,2,1691
10723,820425,edge,1,0.9300,2,1692
10724,820491,edge,1,0.9400,2,1693
10725,820559,edge,1,0.9400,2,1694
10726,820615,edge,1,0.9400,2,1695
10727,820670,edge,1,0.9400,2,1696
10728,820723,edge,1,0.9400,2,1697
10729,820793,edge,1,0.9400,2,1698
10730,820864,edge,1,0.9400,2,1699
10731,820933,edge,1,0.9400,2,1700
10732,820993,edge,1,0.9400,2,1701
10733,821081,edge,0,0.9300,2,1702
10734,821155,edge,1,0.9300,2,1703
10735,821206,edge,1,0.9300,2,1704
10736,821254,edge,0,0.9200,2,1705
10737,821319,edge,1,0.9200,2,1706
10738,821377,edge,1,0.9200,2,1707
10739,821771,edge,1,0.9200,2,1708
10740,821826,edge,1,0.9200,2,1709
10741,821886,edge,1,0.9300,2,1710
10742,821959,edge,1,0.9300,2,1711
10743,822053,edge,0,0.9200,2,1712
10744,822209,edge,1,0.9200,2,1713
10745,822281,edge,1,0.9200,2,1714
10746,822363,edge,0,0.9100,2,1715
10747,822422,edge,1,0.9200,2,1716
10748,822491,edge,1,0.9200,2,1717
10749,822543,edge,1,0.9200,2,1718
10750,822599,edge,1,0.9200,2,1719
10751,822682,edge,0,0.9100,2,1720
10752,822739,edge,1,0.9100,2,1721
10753,822804,edge,1,0.9100,2,1722
10754,822874,edge,1,0.9100,2,1723
10755,822937,edge,1,0.9100,2,1724
10756,823019,edge,0,0.9000,2,1725
10757,823070,edge,0,0.8900,2,1726
10758,823129,edge,1,0.8900,2,1727
10759,823180,edge,1,0.8900,2,1728
10760,823241,edge,1,0.8900,2,1729
10761,823304,edge,1,0.8900,2,1730
10762,823370,edge,1,0.8900,2,1731
10763,823439,edge,1,0.8900,2,1732
10764,823497,edge,1,0.8900,2,1733
10765,823565,edge,1,0.8900,2,1734
10766,823621,edge,1,0.8900,2,1735
10767,823689,edge,1,0.9000,2,1736
10768,823754,edge,1,0.9000,2,1737
10769,823829,edge,1,0.9000,2,1738
10770,823894,edge,1,0.9000,2,1739
10771,823944,edge,1,0.9000,2,1740
10772,824003,edge,1,0.9000,2,1741
10773,824069,edge,1,0.9000,2,1742
10774,824121,edge,1,0.9000,2,1743
10775,824192,edge,1,0.9000,2,1744
10776,824257,edge,1,0.9000,2,1745
10777,824342,edge,0,0.8900,2,1746
10778,824410,edge,1,0.8900,2,1747
10779,824476,edge,1,0.8900,2,1748
10780,824533,edge,1,0.8900,2,1749
10781,824597,edge,1,0.9000,2,1750
10782,824678,edge,1,0.9000,2,1751
10783,824750,edge,1,0.9000,2,1752
10784,824806,edge,1,0.9000,2,1753
10785,824894,edge,1,0.9000,2,1754
10786,824972,edge,1,0.9000,2,1755
10787,825054,edge,0,0.8900,2,1756
10788,825129,edge,1,0.8900,2,1757
10789,825184,edge,1,0.8900,2,1758
10790,825346,edge,1,0.8900,2,1759
10791,825420,edge,1,0.8900,2,1760
10792,825465,edge,0,0.8800,2,1761
10793,825523,edge,1,0.8800,2,1762
10794,825618,edge,0,0.8700,2,1763
10795,825677,edge,1,0.8700,2,1764
10796,825731,edge,0,0.8600,2,1765
10797,825799,edge,1,0.8600,2,1766
10798,825878,edge,1,0.8600,2,1767
10799,826032,edge,1,0.8600,2,1768
10800,826085,edge,1,0.8600,2,1769
10801,826153,edge,1,0.8600,2,1770
10802,826223,edge,1,0.8600,2,1771
10803,826278,edge,1,0.8600,2,1772
10804,826444,edge,0,0.8500,2,1773
10805,826507,edge,1,0.8500,2,1774
10806,826583,edge,1,0.8600,2,1775
10807,826649,edge,1,0.8600,2,1776
10808,826712,edge,1,0.8600,2,1777
10809,826779,edge,1,0.8600,2,1778
10810,826849,edge,1,0.8700,2,1779
10811,826924,edge,1,0.8700,2,1780
10812,827000,edge,1,0.8700,2,1781
10813,827088,edge,0,0.8600,2,1782
10814,827172,edge,1,0.8600,2,1783
10815,827248,edge,1,0.8600,2,1784
10816,827325,edge,1,0.8600,2,1785
10817,827419,edge,0,0.8500,2,1786
10818,827473,edge,1,0.8500,2,1787
10819,827532,edge,1,0.8500,2,1788
10820,827577,edge,0,0.8400,2,1789
10821,827630,edge,1,0.8400,2,1790
10822,827685,edge,1,0.8400,2,1791
10823,827754,edge,1,0.8400,2,1792
10824,827833,edge,1,0.8400,2,1793
10825,827933,edge,1,0.8400,2,1794
10826,827999,edge,1,0.8400,2,1795
10827,828054,edge,1,0.8400,2,1796
10828,828120,edge,0,0.8300,2,1797
10829,828188,edge,1,0.8300,2,1798
10830,828243,edge,1,0.8300,2,1799
10831,828302,edge,1,0.8300,2,1800
10832,828360,edge,1,0.8300,2,1801
10833,828453,edge,1,0.8400,2,1802
10834,828499,edge,0,0.8300,2,1803
10835,828571,edge,1,0.8300,2,1804
10836,828645,edge,1,0.8400,2,1805
10837,828731,edge,1,0.8400,2,1806
10838,828777,edge,0,0.8300,2,1807
10839,828826,edge,0,0.8200,2,1808
10840,828888,edge,1,0.8200,2,1809
10841,828938,edge,1,0.8200,2,1810
10842,828992,edge,1,0.8200,2,1811
10843,829048,edge,1,0.8300,2,1812
10844,829124,edge,1,0.8300,2,1813
10845,829173,edge,1,0.8300,2,1814
10846,829243,edge,1,0.8400,2,1815
10847,829340,edge,1,0.8400,2,1816
10848,829418,edge,1,0.8400,2,1817
10849,829597,edge,1,0.8400,2,1818
10850,829642,edge,1,0.8400,2,1819
10851,829762,edge,1,0.8500,2,1820
10852,829847,edge,1,0.8500,2,1821
10853,829928,edge,0,0.8400,2,1822
10854,829993,edge,1,0.8400,2,1823
10855,830067,edge,1,0.8400,2,1824
10856,830126,edge,1,0.8500,2,1825
10857,830195,edge,1,0.8600,2,1826
10858,830247,edge,1,0.8600,2,1827
10859,830290,edge,0,0.8500,2,1828
10860,830352,edge,1,0.8500,2,1829
10861,830424,edge,1,0.8500,2,1830
10862,830492,edge,1,0.8500,2,1831
10863,830551,edge,1,0.8500,2,1832
10864,830618,edge,1,0.8500,2,1833
10865,830670,edge,0,0.8400,2,1834
10866,830725,edge,1,0.8400,2,1835
10867,830812,edge,0,0.8300,2,1836
10868,830886,edge,1,0.8300,2,1837
10869,830959,edge,1,0.8300,2,1838
10870,831029,edge,1,0.8300,2,1839
10871,831083,edge,0,0.8200,2,1840
10872,831165,edge,0,0.8100,2,1841
10873,831232,edge,0,0.8000,2,1842
10874,831298,edge,1,0.8000,2,1843
10875,831362,edge,0,0.7900,2,1844
10876,831423,edge,1,0.7900,2,1845
10877,831508,edge,0,0.7900,2,1846
10878,831569,edge,1,0.7900,2,1847
10879,831614,edge,1,0.7900,2,1848
10880,831671,edge,1,0.7900,2,1849
10881,831723,edge,0,0.7800,2,1850
10882,831858,edge,1,0.7800,2,1851
10883,831905,edge,1,0.7800,2,1852
10884,831965,edge,1,0.7800,2,1853
10885,832049,edge,0,0.7700,2,1854
10886,832193,edge,1,0.7700,2,1855
10887,832256,edge,1,0.7800,2,1856
10888,832323,edge,1,0.7800,2,1857
10889,832430,edge,1,0.7800,2,1858
10890,832502,edge,1,0.7800,2,1859
10891,832572,edge,1,0.7800,2,1860
10892,832800,edge,1,0.7900,2,1861
10893,832884,edge,1,0.7900,2,1862
10894,832951,edge,1,0.8000,2,1863
10895,833007,edge,1,0.8000,2,1864
10896,833057,edge,1,0.8100,2,1865
10897,833130,edge,1,0.8100,2,1866
10898,833196,edge,1,0.8100,2,1867
10899,833264,edge,1,0.8100,2,1868
10900,833315,edge,0,0.8000,2,1869
10901,833407,edge,0,0.7900,2,1870
10902,833472,edge,1,0.7900,2,1871
10903,833546,edge,1,0.7900,2,1872
10904,833627,edge,1,0.8000,2,1873
10905,833697,edge,1,0.8000,2,1874
10906,833789,edge,0,0.7900,2,1875
10907,833869,edge,1,0.7900,2,1876
10908,833920,edge,0,0.7800,2,1877
10909,833985,edge,1,0.7800,2,1878
10910,834058,edge,1,0.7800,2,1879
10911,834121,edge,1,0.7800,2,1880
10912,834221,edge,1,0.7800,2,1881
10913,834293,edge,1,0.7900,2,1882
10914,834375,edge,0,0.7800,2,1883
10915,834461,edge,1,0.7800,2,1884
10916,834516,edge,1,0.7800,2,1885
10917,834594,edge,1,0.7900,2,1886
10918,834751,edge,1,0.7900,2,1887
10919,834845,edge,1,0.7900,2,1888
10920,834907,edge,1,0.8000,2,1889
10921,834954,edge,1,0.8000,2,1890
10922,835018,edge,1,0.8000,2,1891
10923,835116,edge,0,0.7900,2,1892
10924,835208,edge,1,0.7900,2,1893
10925,835277,edge,1,0.7900,2,1894
10926,835354,edge,1,0.7900,2,1895
10927,835437,edge,1,0.7900,2,1896
10928,835502,edge,1,0.8000,2,1897
10929,835588,edge,1,0.8000,2,1898
10930,835736,edge,1,0.8000,2,1899
10931,835789,edge,1,0.8000,2,1900
10932,835858,edge,1,0.8000,2,1901
10933,835923,edge,1,0.8000,2,1902
10934,835994,edge,1,0.8100,2,1903
10935,836049,edge,0,0.8000,2,1904
10936,836107,edge,1,0.8000,2,1905
10937,836189,edge,1,0.8000,2,1906
10938,836241,edge,1,0.8100,2,1907
10939,836295,edge,1,0.8200,2,1908
10940,836361,edge,1,0.8200,2,1909
10941,836430,edge,1,0.8200,2,1910
10942,836483,edge,1,0.8200,2,1911
10943,836555,edge,1,0.8200,2,1912
10944,836606,edge,1,0.8200,2,1913
10945,836769,edge,1,0.8200,2,1914
10946,836836,edge,1,0.8200,2,1915
10947,836883,edge,0,0.8100,2,1916
10948,837065,edge,1,0.8100,2,1917
10949,837132,edge,1,0.8100,2,1918
10950,837197,edge,1,0.8100,2,1919
10951,837344,edge,1,0.8100,2,1920
10952,837411,edge,1,0.8100,2,1921
10953,837475,edge,1,0.8200,2,1922
10954,837542,edge,1,0.8200,2,1923
10955,837603,edge,1,0.8200,2,1924
10956,837660,edge,1,0.8200,2,1925
10957,837731,edge,1,0.8200,2,1926
10958,837799,edge,1,0.8200,2,1927
10959,837857,edge,1,0.8300,2,1928
10960,837926,edge,1,0.8300,2,1929
10961,838015,edge,1,0.8300,2,1930
10962,838076,edge,1,0.8300,2,1931
10963,838147,edge,1,0.8300,2,1932
10964,838194,edge,0,0.8200,2,1933
10965,838262,edge,1,0.8300,2,1934
10966,838345,edge,0,0.8200,2,1935
10967,838415,edge,1,0.8300,2,1936
10968,838500,edge,1,0.8300,2,1937
10969,838643,edge,1,0.8300,2,1938
10970,838713,edge,1,0.8300,2,1939
10971,838868,edge,1,0.8400,2,1940
10972,838933,edge,1,0.8500,2,1941
10973,839002,edge,1,0.8600,2,1942
10974,839068,edge,1,0.8600,2,1943
10975,839122,edge,0,0.8600,2,1944
10976,839210,edge,1,0.8600,2,1945
10977,839282,edge,1,0.8700,2,1946
10978,839371,edge,1,0.8700,2,1947
10979,839429,edge,1,0.8700,2,1948
10980,839500,edge,1,0.8700,2,1949
10981,839682,edge,1,0.8800,2,1950
10982,839764,edge,1,0.8800,2,1951
10983,839846,edge,0,0.8700,2,1952
10984,839917,edge,1,0.8700,2,1953
10985,839981,edge,1,0.8800,2,1954
10986,840040,edge,1,0.8800,2,1955
10987,840109,edge,1,0.8800,2,1956
10988,840290,edge,1,0.8800,2,1957
10989,840355,edge,1,0.8800,2,1958
10990,840411,edge,1,0.8800,2,1959
10991,840654,edge,0,0.8700,2,1960
10992,840734,edge,1,0.8700,2,1961
10993,840797,edge,1,0.8700,2,1962
10994,840886,edge,1,0.8700,2,1963
10995,840953,edge,1,0.8700,2,1964
10996,841007,edge,1,0.8700,2,1965
10997,841074,edge,1,0.8700,2,1966
10998,841139,edge,1,0.8700,2,1967
10999,841203,edge,1,0.8700,2,1968
11000,841267,edge,1,0.8800,2,1969
11001,841340,edge,1,0.8900,2,1970
11002,841410,edge,1,0.8900,2,1971
11003,841493,edge,1,0.8900,2,1972
11004,841567,edge,1,0.8900,2,1973
11005,841633,edge,1,0.8900,2,1974
11006,841719,edge,1,0.9000,2,1975
11007,841779,edge,1,0.9000,2,1976
11008,841833,edge,1,0.9100,2,1977
11009,841906,edge,1,0.9100,2,1978
11010,842059,edge,1,0.9100,2,1979
11011,842120,edge,1,0.9100,2,1980
11012,842257,edge,1,0.9100,2,1981
11013,842328,edge,1,0.9100,2,1982
11014,842405,edge,1,0.9200,2,1983
11015,842457,edge,1,0.9200,2,1984
11016,842535,edge,1,0.9200,2,1985
11017,842595,edge,1,0.9200,2,1986
11018,842667,edge,1,0.9200,2,1987
11019,842713,edge,0,0.9100,2,1988
11020,842790,edge,1,0.9100,2,1989
11021,842849,edge,1,0.9100,2,1990
11022,842914,edge,1,0.9100,2,1991
11023,842971,edge,1,0.9200,2,1992
11024,843342,edge,0,0.9100,2,1993
11025,843408,edge,1,0.9100,2,1994
11026,843523,edge,1,0.9100,2,1995
11027,843604,edge,0,0.9000,2,1996
11028,843667,edge,1,0.9000,2,1997
11029,843716,edge,0,0.8900,2,1998
11030,843805,edge,1,0.8900,2,1999
11031,843958,edge,1,0.8900,2,2000
11032,844019,edge,1,0.8900,2,2001
11033,844098,edge,1,0.8900,2,2002
11034,844180,edge,0,0.8800,2,2003
11035,844248,edge,1,0.8900,2,2004
11036,844307,edge,1,0.8900,2,2005
11037,844359,edge,0,0.8800,2,2006
11038,844422,edge,1,0.8800,2,2007
11039,844487,edge,1,0.8800,2,2008
11040,844546,edge,1,0.8800,2,2009
11041,844624,edge,1,0.8800,2,2010
11042,844677,edge,0,0.8700,2,2011
11043,844745,edge,0,0.8600,2,2012
11044,844813,edge,1,0.8600,2,2013
11045,844900,edge,0,0.8500,2,2014
11046,844981,edge,0,0.8400,2,2015
11047,845049,edge,1,0.8500,2,2016
11048,845104,edge,1,0.8500,2,2017
11049,845183,edge,1,0.8500,2,2018
11050,845252,edge,1,0.8500,2,2019
11051,845430,edge,0,0.8400,2,2020
11052,845491,edge,1,0.8400,2,2021
11053,845560,edge,1,0.8400,2,2022
11054,845617,edge,1,0.8400,2,2023
11055,845687,edge,1,0.8400,2,2024
11056,845748,edge,0,0.8300,2,2025
11057,845817,edge,1,0.8300,2,2026
11058,845887,edge,1,0.8300,2,2027
11059,845980,edge,1,0.8300,2,2028
11060,846127,edge,1,0.8300,2,2029
11061,846184,edge,1,0.8300,2,2030
11062,846233,edge,0,0.8200,2,2031
11063,846283,edge,1,0.8200,2,2032
11064,846359,edge,1,0.8300,2,2033
11065,846424,edge,1,0.8300,2,2034
11066,846506,edge,0,0.8300,2,2035
11067,846568,edge,1,0.8300,2,2036
11068,846612,edge,0,0.8200,2,2037
11069,846680,edge,1,0.8200,2,2038
11070,846744,edge,1,0.8200,2,2039
11071,846800,edge,1,0.8200,2,2040
11072,846874,edge,1,0.8200,2,2041
11073,846941,edge,1,0.8200,2,2042
11074,847021,edge,1,0.8200,2,2043
11075,847090,edge,1,0.8300,2,2044
11076,847231,edge,1,0.8300,2,2045
11077,847290,edge,1,0.8300,2,2046
11078,847364,edge,1,0.8300,2,2047
11079,847432,edge,1,0.8300,2,2048
11080,847514,edge,0,0.8200,2,2049
11081,847581,edge,1,0.8200,2,2050
11082,847644,edge,1,0.8200,2,2051
11083,847696,edge,1,0.8300,2,2052
11084,847769,edge,1,0.8300,2,2053
11085,848007,edge,0,0.8200,2,2054
11086,848061,edge,1,0.8200,2,2055
11087,848129,edge,1,0.8200,2,2056
11088,848273,edge,1,0.8200,2,2057
11089,848355,edge,0,0.8100,2,2058
11090,848424,edge,1,0.8100,2,2059
11091,848510,edge,0,0.8100,2,2060
11092,848567,edge,1,0.8100,2,2061
11093,848622,edge,1,0.8100,2,2062
11094,848676,edge,1,0.8100,2,2063
11095,848779,edge,0,0.8000,2,2064
11096,848868,edge,1,0.8000,2,2065
11097,848920,edge,1,0.8000,2,2066
11098,848977,edge,1,0.8000,2,2067
11099,849048,edge,1,0.8000,2,2068
11100,849135,edge,1,0.8000,2,2069
11101,849199,edge,1,0.8000,2,2070
11102,849280,edge,0,0.7900,2,2071
11103,849357,edge,1,0.7900,2,2072
11104,849420,edge,1,0.7900,2,2073
11105,849500,edge,1,0.7900,2,2074
11106,849657,edge,1,0.7900,2,2075
11107,849720,edge,1,0.7900,2,2076
11108,849792,edge,1,0.7900,2,2077
11109,849873,edge,1,0.7900,2,2078
11110,849934,edge,1,0.7900,2,2079
11111,849998,edge,1,0.7900,2,2080
11112,850064,edge,1,0.7900,2,2081
11113,850135,edge,1,0.7900,2,2082
11114,850207,edge,1,0.7900,2,2083
11115,850274,edge,1,0.7900,2,2084
11116,850357,edge,1,0.7900,2,2085
11117,850434,edge,1,0.7900,2,2086
11118,850495,edge,1,0.7900,2,2087
11119,850547,edge,1,0.8000,2,2088
11120,850738,edge,0,0.7900,2,2089
11121,850817,edge,1,0.7900,2,2090
11122,851017,edge,1,0.7900,2,2091
11123,851101,edge,0,0.7800,2,2092
11124,851157,edge,1,0.7900,2,2093
11125,851209,edge,1,0.7900,2,2094
11126,851292,edge,1,0.7900,2,2095
11127,851361,edge,1,0.8000,2,2096
11128,851452,edge,1,0.8000,2,2097
11129,851502,edge,1,0.8100,2,2098
11130,851576,edge,1,0.8100,2,2099
11131,851652,edge,1,0.8100,2,2100
11132,851719,edge,1,0.8100,2,2101
11133,851877,edge,1,0.8100,2,2102
11134,851931,edge,1,0.8200,2,2103
11135,852018,edge,1,0.8200,2,2104
11136,852082,edge,1,0.8200,2,2105
11137,852139,edge,1,0.8300,2,2106
11138,852231,edge,1,0.8300,2,2107
11139,852286,edge,1,0.8300,2,2108
11140,852360,edge,1,0.8300,2,2109
11141,852427,edge,1,0.8300,2,2110
11142,852503,edge,1,0.8400,2,2111
11143,852584,edge,0,0.8400,2,2112
11144,852651,edge,1,0.8400,2,2113
11145,852729,edge,1,0.8500,2,2114
11146,852798,edge,1,0.8600,2,2115
11147,852876,edge,1,0.8600,2,2116
11148,852954,edge,1,0.8600,2,2117
11149,853031,edge,1,0.8600,2,2118
11150,853108,edge,1,0.8600,2,2119
11151,853198,edge,0,0.8600,2,2120
11152,853261,edge,1,0.8600,2,2121
11153,853340,edge,1,0.8600,2,2122
11154,853412,edge,1,0.8600,2,2123
11155,853474,edge,1,0.8600,2,2124
11156,853562,edge,1,0.8700,2,2125
11157,853730,edge,1,0.8700,2,2126
11158,853804,edge,1,0.8700,2,2127
11159,853883,edge,1,0.8700,2,2128
11160,853950,edge,1,0.8700,2,2129
11161,854004,edge,1,0.8700,2,2130
11162,854080,edge,1,0.8800,2,2131
11163,854152,edge,1,0.8800,2,2132
11164,854234,edge,0,0.8700,2,2133
11165,854318,edge,0,0.8600,2,2134
11166,854385,edge,1,0.8700,2,2135
11167,854470,edge,1,0.8700,2,2136
11168,854540,edge,1,0.8800,2,2137
11169,854608,edge,1,0.8800,2,2138
11170,854671,edge,1,0.8800,2,2139
11171,854733,edge,1,0.8800,2,2140
11172,854793,edge,1,0.8800,2,2141
11173,854856,edge,1,0.8800,2,2142
11174,854909,edge,1,0.8800,2,2143
11175,855022,edge,1,0.8800,2,2144
11176,855095,edge,1,0.8800,2,2145
11177,855183,edge,1,0.8800,2,2146
11178,855236,edge,1,0.8800,2,2147
11179,855317,edge,0,0.8700,2,2148
11180,855386,edge,1,0.8800,2,2149
11181,855475,edge,0,0.8700,2,2150
11182,855540,edge,1,0.8700,2,2151
11183,855624,edge,1,0.8700,2,2152
11184,855677,edge,0,0.8600,2,2153
11185,855744,edge,1,0.8700,2,2154
11186,855813,edge,1,0.8700,2,2155
11187,855885,edge,1,0.8700,2,2156
11188,855953,edge,1,0.8700,2,2157
11189,856020,edge,1,0.8800,2,2158
11190,856073,edge,1,0.8800,2,2159
11191,856120,edge,1,0.8900,2,2160
11192,856186,edge,1,0.8900,2,2161
11193,856264,edge,1,0.8900,2,2162
11194,856323,edge,1,0.8900,2,2163
11195,856465,edge,1,0.9000,2,2164
11196,856544,edge,1,0.9000,2,2165
11197,856711,edge,1,0.9000,2,2166
11198,856783,edge,1,0.9000,2,2167
11199,856867,edge,1,0.9000,2,2168
11200,856949,edge,0,0.8900,2,2169
11201,857034,edge,1,0.8900,2,2170
11202,857101,edge,1,0.9000,2,2171
11203,857169,edge,1,0.9000,2,2172
11204,857231,edge,0,0.8900,2,2173
11205,857284,edge,1,0.8900,2,2174
11206,857367,edge,0,0.8800,2,2175
11207,857415,edge,0,0.8700,2,2176
11208,857498,edge,1,0.8700,2,2177
11209,857584,edge,1,0.8700,2,2178
11210,857651,edge,1,0.8700,2,2179
11211,857710,edge,1,0.8700,2,2180
11212,857778,edge,1,0.8700,2,2181
11213,857836,edge,1,0.8700,2,2182
11214,857896,edge,1,0.8700,2,2183
11215,857987,edge,0,0.8600,2,2184
11216,858040,edge,1,0.8600,2,2185
11217,858129,edge,0,0.8500,2,2186
11218,858212,edge,0,0.8400,2,2187
11219,858286,edge,1,0.8400,2,2188
11220,858362,edge,1,0.8500,2,2189
11221,858427,edge,1,0.8500,2,2190
11222,858505,edge,1,0.8500,2,2191
11223,858572,edge,1,0.8600,2,2192
11224,858622,edge,0,0.8500,2,2193
11225,858737,edge,1,0.8500,2,2194
11226,858799,edge,1,0.8500,2,2195
11227,858851,edge,1,0.8500,2,2196
11228,858984,edge,1,0.8500,2,2197
11229,859043,edge,1,0.8500,2,2198
11230,859130,edge,1,0.8500,2,2199
11231,859186,edge,1,0.8500,2,2200
11232,859273,edge,1,0.8500,2,2201
11233,859335,edge,1,0.8500,2,2202
11234,859400,edge,1,0.8500,2,2203
11235,859465,edge,1,0.8500,2,2204
11236,859534,edge,1,0.8500,2,2205
11237,859600,edge,1,0.8500,2,2206
11238,859666,edge,1,0.8500,2,2207
11239,859723,edge,1,0.8500,2,2208
11240,859778,edge,1,0.8500,2,2209
11241,859853,edge,1,0.8500,2,2210
11242,859919,edge,1,0.8500,2,2211
11243,860000,edge,1,0.8600,2,2212
11244,860045,edge,0,0.8500,2,2213
11245,860152,edge,0,0.8400,2,2214
11246,860228,edge,1,0.8400,2,2215
11247,860294,edge,1,0.8400,2,2216
11248,860364,edge,1,0.8400,2,2217
11249,860435,edge,1,0.8400,2,2218
11250,860491,edge,1,0.8400,2,2219
11251,860539,edge,0,0.8400,2,2220
11252,860594,edge,1,0.8400,2,2221
11253,860656,edge,1,0.8400,2,2222
11254,860713,edge,1,0.8400,2,2223
11255,860792,edge,1,0.8400,2,2224
11256,860863,edge,1,0.8400,2,2225
11257,860941,edge,1,0.8400,2,2226
11258,860983,edge,0,0.8300,2,2227
11259,861052,edge,1,0.8300,2,2228
11260,861136,edge,1,0.8300,2,2229
11261,861200,edge,1,0.8300,2,2230
11262,861281,edge,1,0.8300,2,2231
11263,861348,edge,1,0.8300,2,2232
11264,861415,edge,1,0.8400,2,2233
11265,861475,edge,1,0.8500,2,2234
11266,861544,edge,1,0.8500,2,2235
11267,861618,edge,1,0.8500,2,2236
11268,861680,edge,1,0.8500,2,2237
11269,861746,edge,1,0.8500,2,2238
11270,861812,edge,1,0.8500,2,2239
11271,861893,edge,0,0.8400,2,2240
11272,861985,edge,0,0.8300,2,2241
11273,862051,edge,1,0.8300,2,2242
11274,862122,edge,1,0.8300,2,2243
11275,862185,edge,1,0.8300,2,2244
11276,862272,edge,1,0.8300,2,2245
11277,862329,edge,0,0.8200,2,2246
11278,862391,edge,1,0.8200,2,2247
11279,862473,edge,0,0.8200,2,2248
11280,862530,edge,1,0.8200,2,2249
11281,862574,edge,0,0.8200,2,2250
11282,862702,edge,1,0.8200,2,2251
11283,862765,edge,1,0.8200,2,2252
11284,862850,edge,1,0.8300,2,2253
11285,862900,edge,1,0.8300,2,2254
11286,862989,edge,1,0.8300,2,2255
11287,863052,edge,1,0.8300,2,2256
11288,863108,edge,1,0.8300,2,2257
11289,863204,edge,0,0.8200,2,2258
11290,863266,edge,1,0.8200,2,2259
11291,863320,edge,1,0.8200,2,2260
11292,863405,edge,1,0.8200,2,2261
11293,863462,edge,1,0.8200,2,2262
11294,863537,edge,1,0.8200,2,2263
11295,863604,edge,1,0.8200,2,2264
11296,863667,edge,1,0.8200,2,2265
11297,863736,edge,1,0.8200,2,2266
11298,863794,edge,1,0.8200,2,2267
11299,863854,edge,1,0.8200,2,2268
11300,863922,edge,1,0.8300,2,2269
11301,863989,edge,1,0.8300,2,2270
11302,864074,edge,1,0.8300,2,2271
11303,864132,edge,0,0.8200,2,2272
11304,864200,edge,1,0.8300,2,2273
11305,864269,edge,1,0.8300,2,2274
11306,864333,edge,1,0.8400,2,2275
11307,864383,edge,1,0.8500,2,2276
11308,864439,edge,1,0.8500,2,2277
11309,864505,edge,1,0.8500,2,2278
11310,864567,edge,1,0.8500,2,2279
11311,864615,edge,1,0.8500,2,2280
11312,864663,edge,0,0.8400,2,2281
11313,864737,edge,1,0.8400,2,2282
11314,864816,edge,1,0.8400,2,2283
11315,864883,edge,1,0.8500,2,2284
11316,864947,edge,1,0.8500,2,2285
11317,865003,edge,0,0.8500,2,2286
11318,865088,edge,0,0.8500,2,2287
11319,865138,edge,0,0.8400,2,2288
11320,865208,edge,1,0.8400,2,2289
11321,865276,edge,1,0.8400,2,2290
11322,865343,edge,1,0.8400,2,2291
11323,865399,edge,1,0.8400,2,2292
11324,865477,edge,1,0.8500,2,2293
11325,865537,edge,1,0.8500,2,2294
11326,865614,edge,1,0.8500,2,2295
11327,865665,edge,0,0.8400,2,2296
11328,865735,edge,1,0.8400,2,2297
11329,865800,edge,1,0.8400,2,2298
11330,865851,edge,1,0.8400,2,2299
11331,865899,edge,0,0.8300,2,2300
11332,865949,edge,1,0.8300,2,2301
11333,866028,edge,1,0.8300,2,2302
11334,866087,edge,1,0.8300,2,2303
11335,866149,edge,1,0.8300,2,2304
11336,866215,edge,1,0.8300,2,2305
11337,866298,edge,0,0.8200,2,2306
11338,866368,edge,1,0.8200,2,2307
11339,866421,edge,1,0.8200,2,2308
11340,866567,edge,1,0.8200,2,2309
11341,866636,edge,1,0.8200,2,2310
11342,866686,edge,1,0.8200,2,2311
11343,866739,edge,1,0.8200,2,2312
11344,866825,edge,1,0.8300,2,2313
11345,866895,edge,1,0.8400,2,2314
11346,866976,edge,0,0.8300,2,2315
11347,867027,edge,0,0.8200,2,2316
11348,867091,edge,1,0.8200,2,2317
11349,867137,edge,0,0.8100,2,2318
11350,867187,edge,0,0.8000,2,2319
11351,867253,edge,1,0.8100,2,2320
11352,867322,edge,1,0.8100,2,2321
11353,867379,edge,1,0.8100,2,2322
11354,867440,edge,1,0.8100,2,2323
11355,867501,edge,1,0.8100,2,2324
11356,867556,edge,1,0.8100,2,2325
11357,867618,edge,1,0.8100,2,2326
11358,867790,edge,1,0.8200,2,2327
11359,867944,edge,1,0.8200,2,2328
11360,868101,edge,1,0.8200,2,2329
11361,868154,edge,1,0.8200,2,2330
11362,868228,edge,1,0.8200,2,2331
11363,868283,edge,1,0.8200,2,2332
11364,868337,edge,1,0.8200,2,2333
11365,868389,edge,1,0.8200,2,2334
11366,868481,edge,0,0.8100,2,2335
11367,868529,edge,0,0.8000,2,2336
11368,868595,edge,1,0.8000,2,2337
11369,868660,edge,1,0.8000,2,2338
11370,868708,edge,1,0.8000,2,2339
11371,868776,edge,1,0.8100,2,2340
11372,868838,edge,1,0.8200,2,2341
11373,868903,edge,1,0.8200,2,2342
11374,868970,edge,1,0.8200,2,2343
11375,869040,edge,1,0.8200,2,2344
11376,869107,edge,1,0.8200,2,2345
11377,869178,edge,0,0.8200,2,2346
11378,869266,edge,0,0.8100,2,2347
11379,869340,edge,1,0.8200,2,2348
11380,869477,edge,0,0.8100,2,2349
11381,869558,edge,1,0.8200,2,2350
11382,869627,edge,1,0.8200,2,2351
11383,869711,edge,1,0.8200,2,2352
11384,869786,edge,0,0.8100,2,2353
11385,869837,edge,0,0.8000,2,2354
11386,869912,edge,1,0.8000,2,2355
11387,869967,edge,1,0.8000,2,2356
11388,870028,edge,1,0.8000,2,2357
11389,870089,edge,1,0.8100,2,2358
11390,870174,edge,1,0.8100,2,2359
11391,870254,edge,1,0.8100,2,2360
11392,870323,edge,1,0.8100,2,2361
11393,870384,edge,1,0.8100,2,2362
11394,870463,edge,1,0.8100,2,2363
11395,870540,edge,1,0.8100,2,2364
11396,870597,edge,1,0.8100,2,2365
11397,870662,edge,1,0.8100,2,2366
11398,870729,edge,1,0.8100,2,2367
11399,870888,edge,1,0.8100,2,2368
11400,870961,edge,1,0.8100,2,2369
11401,871022,edge,1,0.8100,2,2370
11402,871093,edge,1,0.8100,2,2371
11403,871273,edge,0,0.8100,2,2372
11404,871336,edge,0,0.8000,2,2373
11405,871420,edge,0,0.7900,2,2374
11406,871470,edge,1,0.7900,2,2375
11407,871581,edge,1,0.7900,2,2376
11408,871637,edge,1,0.7900,2,2377
11409,871728,edge,0,0.7800,2,2378
11410,871778,edge,1,0.7800,2,2379
11411,871852,edge,1,0.7800,2,2380
11412,871912,edge,1,0.7900,2,2381
11413,871979,edge,1,0.7900,2,2382
11414,872038,edge,0,0.7800,2,2383
11415,872124,edge,1,0.7800,2,2384
11416,872187,edge,1,0.7800,2,2385
11417,872256,edge,1,0.7900,2,2386
11418,872337,edge,0,0.7900,2,2387
11419,872390,edge,1,0.8000,2,2388
11420,872450,edge,1,0.8000,2,2389
11421,872502,edge,1,0.8000,2,2390
11422,872588,edge,1,0.8000,2,2391
11423,872650,edge,1,0.8000,2,2392
11424,872734,edge,1,0.8000,2,2393
11425,872780,edge,0,0.7900,2,2394
11426,872835,edge,1,0.7900,2,2395
11427,872912,edge,1,0.8000,2,2396
11428,872985,edge,1,0.8000,2,2397
11429,873054,edge,1,0.8000,2,2398
11430,873108,edge,1,0.8000,2,2399
11431,873180,edge,1,0.8100,2,2400
11432,873243,edge,1,0.8100,2,2401
11433,873307,edge,1,0.8100,2,2402
11434,873376,edge,1,0.8100,2,2403
11435,873443,edge,1,0.8100,2,2404
11436,873503,edge,1,0.8100,2,2405
11437,873564,edge,1,0.8200,2,2406
11438,873624,edge,1,0.8200,2,2407
11439,873706,edge,1,0.8200,2,2408
11440,873781,edge,1,0.8200,2,2409
11441,873855,edge,1,0.8200,2,2410
11442,873901,edge,1,0.8200,2,2411
11443,873986,edge,0,0.8100,2,2412
11444,874086,edge,1,0.8100,2,2413
11445,874163,edge,1,0.8100,2,2414
11446,874227,edge,1,0.8200,2,2415
11447,874297,edge,1,0.8300,2,2416
11448,874362,edge,1,0.8300,2,2417
11449,874450,edge,1,0.8400,2,2418
11450,874496,edge,0,0.8400,2,2419
11451,874551,edge,1,0.8400,2,2420
11452,874625,edge,1,0.8400,2,2421
11453,874677,edge,0,0.8300,2,2422
11454,874746,edge,1,0.8300,2,2423
11455,874798,edge,1,0.8300,2,2424
11456,874866,edge,1,0.8300,2,2425
11457,874938,edge,1,0.8300,2,2426
11458,874988,edge,1,0.8300,2,2427
11459,875066,edge,1,0.8300,2,2428
11460,875148,edge,1,0.8300,2,2429
11461,875211,edge,1,0.8300,2,2430
11462,875264,edge,1,0.8300,2,2431
11463,875343,edge,1,0.8300,2,2432
11464,875413,edge,1,0.8300,2,2433
11465,875480,edge,1,0.8300,2,2434
11466,875544,edge,1,0.8400,2,2435
11467,875593,edge,0,0.8400,2,2436
11468,875646,edge,0,0.8300,2,2437
11469,875697,edge,1,0.8300,2,2438
11470,875776,edge,1,0.8300,2,2439
11471,875827,edge,1,0.8300,2,2440
11472,875900,edge,1,0.8300,2,2441
11473,875952,edge,1,0.8300,2,2442
11474,876013,edge,1,0.8300,2,2443
11475,876082,edge,1,0.8300,2,2444
11476,876147,edge,1,0.8300,2,2445
11477,876230,edge,1,0.8400,2,2446
11478,876290,edge,1,0.8500,2,2447
11479,876348,edge,1,0.8500,2,2448
11480,876408,edge,1,0.8600,2,2449
11481,876474,edge,1,0.8600,2,2450
11482,876558,edge,0,0.8500,2,2451
11483,876657,edge,1,0.8500,2,2452
11484,876705,edge,1,0.8600,2,2453
11485,876760,edge,1,0.8700,2,2454
11486,876812,edge,1,0.8700,2,2455
11487,876886,edge,1,0.8700,2,2456
11488,876962,edge,1,0.8700,2,2457
11489,877012,edge,1,0.8700,2,2458
11490,877065,edge,1,0.8700,2,2459
11491,877154,edge,0,0.8600,2,2460
11492,877206,edge,1,0.8600,2,2461
11493,877281,edge,1,0.8600,2,2462
11494,877371,edge,0,0.8500,2,2463
11495,877472,edge,1,0.8500,2,2464
11496,877523,edge,0,0.8400,2,2465
11497,877578,edge,1,0.8400,2,2466
11498,877632,edge,1,0.8400,2,2467
11499,877683,edge,1,0.8400,2,2468
11500,877738,edge,0,0.8300,2,2469
11501,877791,edge,1,0.8300,2,2470
11502,877939,edge,1,0.8300,2,2471
11503,878032,edge,1,0.8400,2,2472
11504,878089,edge,1,0.8500,2,2473
11505,878151,edge,1,0.8600,2,2474
11506,878217,edge,0,0.8500,2,2475
11507,878265,edge,0,0.8400,2,2476
11508,878350,edge,0,0.8300,2,2477
11509,878393,edge,0,0.8300,2,2478
11510,878454,edge,1,0.8300,2,2479
11511,878498,edge,0,0.8200,2,2480
11512,878574,edge,1,0.8200,2,2481
11513,878620,edge,0,0.8100,2,2482
11514,878707,edge,0,0.8100,2,2483
11515,878769,edge,1,0.8100,2,2484
11516,878838,edge,1,0.8100,2,2485
11517,878919,edge,0,0.8000,2,2486
11518,879069,edge,1,0.8100,2,2487
11519,879139,edge,1,0.8100,2,2488
11520,879203,edge,1,0.8100,2,2489
11521,879284,edge,0,0.8000,2,2490
11522,879328,edge,0,0.7900,2,2491
11523,879383,edge,0,0.7800,2,2492
11524,879546,edge,0,0.7700,2,2493
11525,879607,edge,1,0.7800,2,2494
11526,879658,edge,1,0.7800,2,2495
11527,879755,edge,1,0.7800,2,2496
11528,879808,edge,1,0.7800,2,2497
11529,879856,edge,0,0.7700,2,2498
11530,879925,edge,1,0.7700,2,2499
11531,879983,edge,1,0.7700,2,2500
11532,880060,edge,1,0.7700,2,2501
11533,880116,edge,1,0.7700,2,2502
11534,880165,edge,1,0.7700,2,2503
11535,880235,edge,1,0.7700,2,2504
11536,880317,edge,1,0.7700,2,2505
11537,880392,edge,1,0.7700,2,2506
11538,880457,edge,1,0.7700,2,2507
11539,880531,edge,1,0.7700,2,2508
11540,880594,edge,1,0.7700,2,2509
11541,880647,edge,1,0.7700,2,2510
11542,880704,edge,1,0.7700,2,2511
11543,880764,edge,1,0.7800,2,2512
11544,880831,edge,1,0.7800,2,2513
11545,880974,edge,1,0.7800,2,2514
11546,881061,edge,1,0.7800,2,2515
11547,881118,edge,1,0.7800,2,2516
11548,881176,edge,1,0.7800,2,2517
11549,881225,edge,1,0.7800,2,2518
11550,881280,edge,1,0.7900,2,2519
11551,881345,edge,1,0.7900,2,2520
11552,881414,edge,1,0.7900,2,2521
11553,881495,edge,1,0.8000,2,2522
11554,881557,edge,1,0.8000,2,2523
11555,881621,edge,1,0.8000,2,2524
11556,881680,edge,0,0.7900,2,2525
11557,881749,edge,1,0.7900,2,2526
11558,881823,edge,1,0.7900,2,2527
11559,881895,edge,1,0.7900,2,2528
11560,881947,edge,1,0.7900,2,2529
11561,882035,edge,0,0.7800,2,2530
11562,882090,edge,1,0.7800,2,2531
11563,882152,edge,1,0.7800,2,2532
11564,882215,edge,1,0.7800,2,2533
11565,882280,edge,1,0.7800,2,2534
11566,882430,edge,1,0.7800,2,2535
11567,882506,edge,1,0.7900,2,2536
11568,882580,edge,1,0.8000,2,2537
11569,882651,edge,1,0.8000,2,2538
11570,882744,edge,0,0.7900,2,2539
11571,882798,edge,1,0.7900,2,2540
11572,882857,edge,1,0.7900,2,2541
11573,882931,edge,1,0.7900,2,2542
11574,883003,edge,1,0.7900,2,2543
11575,883071,edge,1,0.7900,2,2544
11576,883141,edge,1,0.7900,2,2545
11577,883216,edge,1,0.7900,2,2546
11578,883267,edge,0,0.7800,2,2547
11579,883462,edge,1,0.7800,2,2548
11580,883523,edge,1,0.7800,2,2549
11581,883588,edge,1,0.7800,2,2550
11582,883638,edge,1,0.7900,2,2551
11583,883704,edge,1,0.7900,2,2552
11584,883777,edge,1,0.7900,2,2553
11585,883847,edge,1,0.7900,2,2554
11586,883929,edge,1,0.7900,2,2555
11587,884001,edge,1,0.7900,2,2556
11588,884066,edge,1,0.7900,2,2557
11589,884124,edge,1,0.7900,2,2558
11590,884286,edge,1,0.7900,2,2559
11591,884343,edge,1,0.8000,2,2560
11592,884395,edge,1,0.8000,2,2561
11593,884456,edge,1,0.8000,2,2562
11594,884531,edge,1,0.8100,2,2563
11595,884585,edge,1,0.8100,2,2564
11596,884642,edge,1,0.8200,2,2565
11597,884702,edge,1,0.8200,2,2566
11598,884771,edge,0,0.8100,2,2567
11599,884833,edge,1,0.8100,2,2568
11600,884883,edge,1,0.8200,2,2569
11601,884953,edge,1,0.8200,2,2570
11602,885010,edge,1,0.8200,2,2571
11603,885066,edge,1,0.8200,2,2572
11604,885128,edge,1,0.8200,2,2573
11605,885205,edge,1,0.8200,2,2574
11606,885258,edge,1,0.8300,2,2575
11607,885317,edge,1,0.8400,2,2576
11608,885372,edge,1,0.8500,2,2577
11609,885446,edge,1,0.8600,2,2578
11610,885516,edge,1,0.8600,2,2579
11611,885560,edge,0,0.8600,2,2580
11612,885641,edge,0,0.8500,2,2581
11613,885710,edge,0,0.8500,2,2582
11614,885765,edge,1,0.8600,2,2583
11615,885836,edge,1,0.8600,2,2584
11616,885918,edge,1,0.8600,2,2585
11617,885969,edge,1,0.8700,2,2586
11618,886032,edge,1,0.8700,2,2587
11619,886088,edge,1,0.8700,2,2588
11620,886139,edge,1,0.8700,2,2589
11621,886189,edge,0,0.8700,2,2590
11622,886240,edge,1,0.8800,2,2591
11623,886307,edge,1,0.8900,2,2592
11624,886449,edge,0,0.8900,2,2593
11625,886509,edge,1,0.8900,2,2594
11626,886557,edge,0,0.8800,2,2595
11627,886655,edge,0,0.8700,2,2596
11628,886706,edge,0,0.8600,2,2597
11629,886776,edge,1,0.8700,2,2598
11630,886847,edge,1,0.8700,2,2599
11631,886941,edge,1,0.8700,2,2600
11632,887037,edge,1,0.8700,2,2601
11633,887118,edge,0,0.8600,2,2602
11634,887183,edge,1,0.8600,2,2603
11635,887242,edge,1,0.8600,2,2604
11636,887298,edge,1,0.8600,2,2605
11637,887353,edge,1,0.8600,2,2606
11638,887436,edge,1,0.8600,2,2607
11639,887491,edge,1,0.8600,2,2608
11640,887551,edge,1,0.8600,2,2609
11641,887608,edge,1,0.8600,2,2610
11642,887687,edge,1,0.8600,2,2611
11643,887764,edge,1,0.8600,2,2612
11644,887838,edge,1,0.8600,2,2613
11645,887898,edge,1,0.8600,2,2614
11646,887969,edge,1,0.8600,2,2615
11647,888116,edge,1,0.8600,2,2616
11648,888173,edge,1,0.8600,2,2617
11649,888227,edge,1,0.8600,2,2618
11650,888290,edge,1,0.8600,2,2619
11651,888372,edge,0,0.8500,2,2620
11652,888563,edge,1,0.8500,2,2621
11653,888646,edge,1,0.8500,2,2622
11654,888730,edge,1,0.8500,2,2623
11655,888786,edge,0,0.8400,2,2624
11656,888931,edge,1,0.8500,2,2625
11657,888988,edge,1,0.8500,2,2626
11658,889048,edge,1,0.8500,2,2627
11659,889110,edge,1,0.8500,2,2628
11660,889178,edge,1,0.8500,2,2629
11661,889238,edge,0,0.8500,2,2630
11662,889321,edge,1,0.8500,2,2631
11663,889408,edge,1,0.8500,2,2632
11664,889490,edge,0,0.8400,2,2633
11665,889550,edge,1,0.8400,2,2634
11666,889604,edge,1,0.8400,2,2635
11667,889657,edge,1,0.8400,2,2636
11668,889746,edge,1,0.8400,2,2637
11669,889807,edge,1,0.8400,2,2638
11670,889860,edge,1,0.8500,2,2639
11671,889917,edge,1,0.8500,2,2640
11672,889977,edge,1,0.8500,2,2641
11673,890030,edge,1,0.8500,2,2642
11674,890092,edge,1,0.8500,2,2643
11675,890170,edge,1,0.8500,2,2644
11676,890238,edge,1,0.8500,2,2645
11677,890291,edge,1,0.8500,2,2646
11678,890357,edge,1,0.8600,2,2647
11679,890429,edge,1,0.8600,2,2648
11680,890485,edge,1,0.8600,2,2649
11681,890542,edge,1,0.8600,2,2650
11682,890618,edge,1,0.8600,2,2651
11683,890677,edge,1,0.8600,2,2652
11684,890733,edge,0,0.8500,2,2653
11685,890795,edge,1,0.8500,2,2654
11686,890859,edge,0,0.8400,2,2655
11687,890955,edge,1,0.8400,2,2656
11688,891038,edge,1,0.8400,2,2657
11689,891101,edge,1,0.8400,2,2658
11690,891155,edge,1,0.8400,2,2659
11691,891210,edge,1,0.8400,2,2660
11692,891254,edge,0,0.8300,2,2661
11693,891302,edge,0,0.8200,2,2662
11694,891412,edge,1,0.8200,2,2663
11695,891484,edge,1,0.8200,2,2664
11696,891565,edge,0,0.8100,2,2665
11697,891618,edge,1,0.8100,2,2666
11698,891695,edge,1,0.8200,2,2667
11699,891830,edge,1,0.8200,2,2668
11700,891877,edge,0,0.8100,2,2669
11701,891922,edge,0,0.8000,2,2670
11702,891981,edge,1,0.8000,2,2671
11703,892033,edge,0,0.7900,2,2672
11704,892081,edge,1,0.7900,2,2673
11705,892155,edge,1,0.7900,2,2674
11706,892213,edge,1,0.7900,2,2675
11707,892272,edge,1,0.7900,2,2676
11708,892315,edge,0,0.7800,2,2677
11709,892389,edge,1,0.7800,2,2678
11710,892479,edge,1,0.7800,2,2679
11711,892533,edge,1,0.7900,2,2680
11712,892592,edge,1,0.8000,2,2681
11713,892642,edge,0,0.8000,2,2682
11714,892704,edge,1,0.8000,2,2683
11715,892756,edge,0,0.7900,2,2684
11716,892820,edge,1,0.7900,2,2685
11717,892873,edge,1,0.7900,2,2686
11718,892926,edge,1,0.7900,2,2687
11719,892994,edge,1,0.7900,2,2688
11720,893072,edge,1,0.7900,2,2689
11721,893132,edge,1,0.8000,2,2690
11722,893179,edge,1,0.8000,2,2691
11723,893266,edge,0,0.7900,2,2692
11724,893343,edge,1,0.8000,2,2693
11725,893399,edge,1,0.8000,2,2694
11726,893471,edge,1,0.8100,2,2695
11727,893541,edge,1,0.8200,2,2696
11728,893603,edge,1,0.8300,2,2697
11729,893657,edge,1,0.8300,2,2698
11730,893733,edge,1,0.8300,2,2699
11731,893823,edge,1,0.8300,2,2700
11732,893896,edge,1,0.8300,2,2701
11733,893968,edge,1,0.8400,2,2702
11734,894048,edge,1,0.8400,2,2703
11735,894104,edge,1,0.8400,2,2704
11736,894153,edge,0,0.8300,2,2705
11737,894288,edge,1,0.8300,2,2706
11738,894429,edge,1,0.8300,2,2707
11739,894479,edge,1,0.8300,2,2708
11740,894526,edge,0,0.8200,2,2709
11741,894586,edge,1,0.8200,2,2710
11742,894629,edge,0,0.8100,2,2711
11743,894687,edge,1,0.8100,2,2712
11744,894768,edge,0,0.8000,2,2713
11745,894867,edge,0,0.7900,2,2714
11746,894938,edge,1,0.7900,2,2715
11747,895010,edge,1,0.7900,2,2716
11748,895082,edge,1,0.7900,2,2717
11749,895163,edge,0,0.7800,2,2718
11750,895227,edge,1,0.7800,2,2719
11751,895286,edge,1,0.7900,2,2720
11752,895336,edge,0,0.7800,2,2721
11753,895387,edge,1,0.7800,2,2722
11754,895449,edge,1,0.7800,2,2723
11755,895513,edge,1,0.7900,2,2724
11756,895573,edge,1,0.7900,2,2725
11757,895624,edge,1,0.7900,2,2726
11758,895727,edge,1,0.7900,2,2727
11759,895798,edge,1,0.7900,2,2728
11760,895866,edge,1,0.7900,2,2729
11761,895920,edge,1,0.8000,2,2730
11762,896002,edge,0,0.7900,2,2731
11763,896064,edge,1,0.7900,2,2732
11764,896118,edge,1,0.8000,2,2733
11765,896174,edge,1,0.8000,2,2734
11766,896261,edge,0,0.7900,2,2735
11767,896357,edge,1,0.7900,2,2736
11768,896419,edge,1,0.7900,2,2737
11769,896490,edge,1,0.7900,2,2738
11770,896652,edge,1,0.7900,2,2739
11771,896718,edge,1,0.7900,2,2740
11772,896771,edge,1,0.7900,2,2741
11773,896837,edge,1,0.7900,2,2742
11774,896903,edge,1,0.7900,2,2743
11775,896965,edge,1,0.7900,2,2744
11776,897035,edge,1,0.7900,2,2745
11777,897082,edge,0,0.7800,2,2746
11778,897142,edge,1,0.7800,2,2747
11779,897199,edge,1,0.7800,2,2748
11780,897266,edge,1,0.7800,2,2749
11781,897347,edge,1,0.7800,2,2750
11782,897448,edge,0,0.7700,2,2751
11783,897514,edge,1,0.7700,2,2752
11784,897567,edge,0,0.7700,2,2753
11785,897651,edge,0,0.7600,2,2754
11786,897721,edge,1,0.7700,2,2755
11787,897765,edge,0,0.7600,2,2756
11788,897814,edge,0,0.7500,2,2757
11789,897858,edge,0,0.7400,2,2758
11790,897904,edge,1,0.7400,2,2759
11791,897958,edge,1,0.7400,2,2760
11792,898014,edge,1,0.7500,2,2761
11793,898069,edge,1,0.7600,2,2762
11794,898136,edge,1,0.7600,2,2763
11795,898197,edge,1,0.7600,2,2764
11796,898254,edge,1,0.7700,2,2765
11797,898324,edge,1,0.7700,2,2766
11798,898407,edge,0,0.7600,2,2767
11799,898475,edge,1,0.7600,2,2768
11800,898574,edge,1,0.7700,2,2769
11801,898621,edge,1,0.7800,2,2770
11802,898670,edge,0,0.7700,2,2771
11803,898741,edge,1,0.7800,2,2772
11804,898810,edge,1,0.7800,2,2773
11805,898897,edge,1,0.7800,2,2774
11806,898970,edge,1,0.7800,2,2775
11807,899035,edge,1,0.7800,2,2776
11808,899083,edge,1,0.7900,2,2777
11809,899138,edge,1,0.7900,2,2778
11810,899207,edge,1,0.7900,2,2779
11811,899264,edge,1,0.7900,2,2780
11812,899338,edge,1,0.7900,2,2781
11813,899410,edge,1,0.8000,2,2782
11814,899488,edge,1,0.8000,2,2783
11815,899537,edge,0,0.8000,2,2784
11816,899604,edge,1,0.8000,2,2785
11817,899669,edge,1,0.8000,2,2786
11818,899727,edge,1,0.8000,2,2787
11819,899787,edge,1,0.8000,2,2788
11820,899842,edge,1,0.8000,2,2789
11821,899904,edge,1,0.8000,2,2790
11822,900024,edge,1,0.8000,2,2791
11823,900079,corner,1,0.8100,3,1
11824,900162,corner,1,0.8100,3,2
11825,900234,corner,1,0.8100,3,3
11826,900391,corner,1,0.8100,3,4
11827,900488,corner,1,0.8100,3,5
11828,900561,corner,1,0.8100,3,6
11829,900646,corner,1,0.8100,3,7
11830,900762,corner,0,0.8000,3,8
11831,900810,corner,0,0.7900,3,9
11832,900866,corner,1,0.7900,3,10
11833,900943,corner,1,0.7900,3,11
11834,900999,corner,1,0.7900,3,12
11835,901063,corner,1,0.7900,3,13
11836,901172,corner,1,0.8000,3,14
11837,901265,corner,1,0.8000,3,15
11838,901318,corner,1,0.8000,3,16
11839,901390,corner,0,0.7900,3,17
11840,901462,corner,1,0.8000,3,18
11841,901539,corner,1,0.8000,3,19
11842,901608,corner,1,0.8100,3,20
11843,901706,corner,1,0.8100,3,21
11844,901797,corner,1,0.8200,3,22
11845,901905,corner,1,0.8300,3,23
11846,901980,corner,1,0.8300,3,24
11847,902057,corner,1,0.8300,3,25
11848,902136,corner,1,0.8300,3,26
11849,902290,corner,1,0.8400,3,27
11850,902350,corner,1,0.8400,3,28
11851,902399,corner,0,0.8300,3,29
11852,902583,corner,1,0.8400,3,30
11853,902659,corner,1,0.8400,3,31
11854,902718,corner,1,0.8400,3,32
11855,902799,corner,1,0.8400,3,33
11856,902853,corner,0,0.8300,3,34
11857,902914,corner,1,0.8300,3,35
11858,902968,corner,0,0.8200,3,36
11859,903016,corner,0,0.8100,3,37
11860,903088,corner,0,0.8000,3,38
11861,903181,corner,1,0.8000,3,39
11862,903243,corner,1,0.8100,3,40
11863,903327,corner,1,0.8100,3,41
11864,903421,corner,1,0.8100,3,42
11865,903468,corner,0,0.8000,3,43
11866,903556,corner,1,0.8100,3,44
11867,903629,corner,1,0.8100,3,45
11868,903706,corner,1,0.8100,3,46
11869,903784,corner,1,0.8100,3,47
11870,903841,corner,0,0.8000,3,48
11871,903936,corner,1,0.8000,3,49
11872,904022,corner,1,0.8000,3,50
11873,904092,corner,1,0.8000,3,51
11874,904147,corner,0,0.7900,3,52
11875,904202,corner,0,0.7800,3,53
11876,904252,corner,0,0.7700,3,54
11877,904356,corner,0,0.7700,3,55
11878,904416,corner,1,0.7700,3,56
11879,904485,corner,1,0.7700,3,57
11880,904566,corner,0,0.7600,3,58
11881,904657,corner,1,0.7600,3,59
11882,904752,corner,0,0.7600,3,60
11883,904813,corner,1,0.7600,3,61
11884,904896,corner,1,0.7700,3,62
11885,905043,corner,0,0.7700,3,63
11886,905117,corner,1,0.7700,3,64
11887,905167,corner,1,0.7800,3,65
11888,905220,corner,1,0.7900,3,66
11889,905288,corner,1,0.8000,3,67
11890,905411,corner,0,0.7900,3,68
11891,905495,corner,1,0.7900,3,69
11892,905581,corner,1,0.7900,3,70
11893,905631,corner,0,0.7800,3,71
11894,905717,corner,1,0.7800,3,72
11895,905784,corner,1,0.7800,3,73
11896,905845,corner,0,0.7700,3,74
11897,905909,corner,1,0.7700,3,75
11898,905990,corner,1,0.7800,3,76
11899,906114,corner,0,0.7700,3,77
11900,906233,corner,1,0.7700,3,78
11901,906299,corner,1,0.7700,3,79
11902,906370,corner,1,0.7800,3,80
11903,906450,corner,1,0.7800,3,81
11904,906502,corner,0,0.7700,3,82
11905,906574,corner,1,0.7700,3,83
11906,906634,corner,0,0.7600,3,84
11907,906702,corner,1,0.7600,3,85
11908,906767,corner,1,0.7600,3,86
11909,906853,corner,1,0.7600,3,87
11910,906903,corner,0,0.7500,3,88
11911,906986,corner,1,0.7500,3,89
11912,907083,corner,1,0.7500,3,90
11913,907164,corner,1,0.7500,3,91
11914,907247,corner,1,0.7500,3,92
11915,907337,corner,1,0.7600,3,93
11916,907397,corner,1,0.7600,3,94
11917,907460,corner,1,0.7600,3,95
11918,907531,corner,1,0.7600,3,96
11919,907637,corner,1,0.7600,3,97
11920,907696,corner,1,0.7600,3,98
11921,907777,corner,1,0.7600,3,99
11922,907834,corner,0,0.7500,3,100
11923,907896,corner,1,0.7500,3,101
11924,907979,corner,1,0.7500,3,102
11925,908064,corner,1,0.7500,3,103
11926,908117,corner,0,0.7400,3,104
11927,908191,corner,1,0.7400,3,105
11928,908346,corner,0,0.7300,3,106
11929,908395,corner,0,0.7200,3,107
11930,908465,corner,1,0.7300,3,108
11931,908544,corner,1,0.7400,3,109
11932,908613,corner,1,0.7400,3,110
11933,908667,corner,1,0.7400,3,111
11934,908768,corner,1,0.7400,3,112
11935,908831,corner,1,0.7400,3,113
11936,908885,corner,0,0.7300,3,114
11937,908968,corner,1,0.7300,3,115
11938,909063,corner,1,0.7300,3,116
11939,909124,corner,1,0.7400,3,117
11940,909203,corner,1,0.7400,3,118
11941,909274,corner,1,0.7400,3,119
11942,909390,corner,1,0.7400,3,120
11943,909469,corner,1,0.7400,3,121
11944,909551,corner,1,0.7400,3,122
11945,909621,corner,1,0.7400,3,123
11946,909700,corner,1,0.7400,3,124
11947,909802,corner,1,0.7400,3,125
11948,909892,corner,1,0.7400,3,126
11949,909936,corner,0,0.7300,3,127
11950,910023,corner,0,0.7200,3,128
11951,910109,corner,0,0.7200,3,129
11952,910191,corner,1,0.7200,3,130
11953,910287,corner,1,0.7200,3,131
11954,910351,corner,1,0.7200,3,132
11955,910407,corner,0,0.7100,3,133
11956,910468,corner,1,0.7200,3,134
11957,910521,corner,1,0.7200,3,135
11958,910567,corner,0,0.7200,3,136
11959,910616,corner,0,0.7200,3,137
11960,910712,corner,1,0.7300,3,138
11961,910828,corner,1,0.7300,3,139
11962,910940,corner,1,0.7300,3,140
11963,911018,corner,1,0.7300,3,141
11964,911084,corner,0,0.7200,3,142
11965,911146,corner,1,0.7300,3,143
11966,911271,corner,1,0.7300,3,144
11967,911347,corner,1,0.7300,3,145
11968,911432,corner,1,0.7300,3,146
11969,911489,corner,0,0.7200,3,147
11970,911546,corner,0,0.7200,3,148
11971,911659,corner,1,0.7200,3,149
11972,911717,corner,1,0.7200,3,150
11973,911814,corner,1,0.7200,3,151
11974,911985,corner,1,0.7300,3,152
11975,912044,corner,1,0.7400,3,153
11976,912090,corner,0,0.7400,3,154
11977,912140,corner,0,0.7400,3,155
11978,912191,corner,0,0.7300,3,156
11979,912263,corner,1,0.7300,3,157
11980,912353,corner,1,0.7400,3,158
11981,912433,corner,1,0.7400,3,159
11982,912503,corner,1,0.7500,3,160
11983,912576,corner,1,0.7500,3,161
11984,912630,corner,0,0.7400,3,162
11985,912724,corner,1,0.7500,3,163
11986,912782,corner,1,0.7500,3,164
11987,912844,corner,1,0.7500,3,165
11988,912915,corner,1,0.7500,3,166
11989,913023,corner,0,0.7400,3,167
11990,913106,corner,1,0.7500,3,168
11991,913187,corner,0,0.7400,3,169
11992,913279,corner,1,0.7400,3,170
11993,913345,corner,1,0.7500,3,171
11994,913483,corner,1,0.7500,3,172
11995,913552,corner,1,0.7500,3,173
11996,913610,corner,0,0.7500,3,174
11997,913695,corner,0,0.7400,3,175
11998,913772,corner,1,0.7400,3,176
11999,913848,corner,1,0.7500,3,177
12000,913938,corner,1,0.7500,3,178
12001,914018,corner,1,0.7500,3,179
12002,914105,corner,1,0.7500,3,180
12003,914180,corner,1,0.7500,3,181
12004,914238,corner,1,0.7600,3,182
12005,914300,corner,1,0.7600,3,183
12006,914374,corner,1,0.7700,3,184
12007,914428,corner,0,0.7600,3,185
12008,914513,corner,1,0.7600,3,186
12009,914582,corner,1,0.7600,3,187
12010,914671,corner,0,0.7600,3,188
12011,914730,corner,1,0.7600,3,189
12012,914783,corner,0,0.7500,3,190
12013,914850,corner,1,0.7500,3,191
12014,914925,corner,1,0.7500,3,192
12015,914985,corner,1,0.7500,3,193
12016,915047,corner,1,0.7500,3,194
12017,915092,corner,0,0.7400,3,195
12018,915150,corner,1,0.7400,3,196
12019,915249,corner,1,0.7400,3,197
12020,915350,corner,1,0.7400,3,198
12021,915442,corner,1,0.7400,3,199
12022,915510,corner,1,0.7500,3,200
12023,915572,corner,0,0.7400,3,201
12024,915636,corner,1,0.7400,3,202
12025,915813,corner,1,0.7400,3,203
12026,915898,corner,1,0.7500,3,204
12027,915973,corner,1,0.7500,3,205
12028,916029,corner,0,0.7500,3,206
12029,916184,corner,1,0.7600,3,207
12030,916272,corner,1,0.7600,3,208
12031,916351,corner,1,0.7600,3,209
12032,916422,corner,0,0.7500,3,210
12033,916526,corner,0,0.7400,3,211
12034,916607,corner,0,0.7300,3,212
12035,916674,corner,1,0.7300,3,213
12036,916789,corner,1,0.7400,3,214
12037,916874,corner,1,0.7400,3,215
12038,916959,corner,1,0.7400,3,216
12039,917046,corner,1,0.7400,3,217
12040,917124,corner,1,0.7400,3,218
12041,917194,corner,1,0.7400,3,219
12042,917301,corner,1,0.7400,3,220
12043,917401,corner,1,0.7400,3,221
12044,917456,corner,1,0.7400,3,222
12045,917542,corner,1,0.7400,3,223
12046,917636,corner,1,0.7400,3,224
12047,917720,corner,1,0.7400,3,225
12048,917776,corner,0,0.7300,3,226
12049,917848,corner,1,0.7400,3,227
12050,917934,corner,1,0.7500,3,228
12051,918015,corner,1,0.7600,3,229
12052,918071,corner,0,0.7500,3,230
12053,918139,corner,1,0.7500,3,231
12054,918216,corner,1,0.7500,3,232
12055,918265,corner,1,0.7600,3,233
12056,918355,corner,1,0.7600,3,234
12057,918432,corner,1,0.7600,3,235
12058,918507,corner,1,0.7700,3,236
12059,918620,corner,1,0.7800,3,237
12060,918749,corner,1,0.7800,3,238
12061,918826,corner,1,0.7800,3,239
12062,918886,corner,0,0.7700,3,240
12063,918969,corner,1,0.7700,3,241
12064,919089,corner,1,0.7800,3,242
12065,919155,corner,1,0.7800,3,243
12066,919223,corner,1,0.7800,3,244
12067,919307,corner,1,0.7800,3,245
12068,919406,corner,1,0.7800,3,246
12069,919487,corner,1,0.7900,3,247
12070,919566,corner,1,0.8000,3,248
12071,919693,corner,1,0.8000,3,249
12072,919748,corner,0,0.7900,3,250
12073,919797,corner,0,0.7800,3,251
12074,919876,corner,1,0.7800,3,252
12075,919936,corner,1,0.7800,3,253
12076,919999,corner,1,0.7900,3,254
12077,920075,corner,1,0.8000,3,255
12078,920164,corner,1,0.8100,3,256
12079,920249,corner,1,0.8100,3,257
12080,920328,corner,1,0.8100,3,258
12081,920426,corner,1,0.8100,3,259
12082,920490,corner,1,0.8100,3,260
12083,920567,corner,1,0.8100,3,261
12084,920640,corner,1,0.8200,3,262
12085,920756,corner,1,0.8200,3,263
12086,920838,corner,1,0.8200,3,264
12087,920906,corner,1,0.8200,3,265
12088,921012,corner,1,0.8200,3,266
12089,921066,corner,0,0.8200,3,267
12090,921164,corner,1,0.8200,3,268
12091,921244,corner,1,0.8300,3,269
12092,921351,corner,0,0.8200,3,270
12093,921414,corner,0,0.8100,3,271
12094,921485,corner,1,0.8100,3,272
12095,921548,corner,1,0.8100,3,273
12096,921614,corner,1,0.8200,3,274
12097,921707,corner,1,0.8300,3,275
12098,921777,corner,1,0.8300,3,276
12099,921874,corner,1,0.8300,3,277
12100,921965,corner,1,0.8300,3,278
12101,922040,corner,1,0.8300,3,279
12102,922189,corner,1,0.8300,3,280
12103,922265,corner,1,0.8300,3,281
12104,922349,corner,1,0.8300,3,282
12105,922425,corner,1,0.8300,3,283
12106,922497,corner,1,0.8300,3,284
12107,922550,corner,1,0.8400,3,285
12108,922638,corner,1,0.8400,3,286
12109,922713,corner,1,0.8400,3,287
12110,922762,corner,0,0.8400,3,288
12111,922819,corner,0,0.8300,3,289
12112,922890,corner,1,0.8400,3,290
12113,922976,corner,1,0.8400,3,291
12114,923038,corner,1,0.8400,3,292
12115,923090,corner,0,0.8300,3,293
12116,923189,corner,1,0.8300,3,294
12117,923247,corner,1,0.8400,3,295
12118,923327,corner,1,0.8400,3,296
12119,923384,corner,1,0.8400,3,297
12120,923442,corner,1,0.8400,3,298
12121,923528,corner,1,0.8400,3,299
12122,923625,corner,1,0.8400,3,300
12123,923707,corner,0,0.8400,3,301
12124,923779,corner,1,0.8400,3,302
12125,923852,corner,1,0.8400,3,303
12126,923906,corner,1,0.8400,3,304
12127,923975,corner,1,0.8400,3,305
12128,924048,corner,1,0.8500,3,306
12129,924105,corner,1,0.8500,3,307
12130,924188,corner,1,0.8500,3,308
12131,924265,corner,1,0.8500,3,309
12132,924326,corner,1,0.8600,3,310
12133,924414,corner,0,0.8600,3,311
12134,924473,corner,1,0.8700,3,312
12135,924560,corner,1,0.8700,3,313
12136,924634,corner,1,0.8700,3,314
12137,924710,corner,1,0.8700,3,315
12138,924757,corner,0,0.8600,3,316
12139,924810,corner,0,0.8500,3,317
12140,924870,corner,0,0.8400,3,318
12141,924933,corner,1,0.8400,3,319
12142,925008,corner,1,0.8400,3,320
12143,925100,corner,1,0.8400,3,321
12144,925150,corner,0,0.8300,3,322
12145,925228,corner,1,0.8300,3,323
12146,925281,corner,0,0.8200,3,324
12147,925413,corner,0,0.8100,3,325
12148,925498,corner,1,0.8200,3,326
12149,925573,corner,1,0.8200,3,327
12150,925722,corner,0,0.8100,3,328
12151,925807,corner,1,0.8100,3,329
12152,925872,corner,1,0.8200,3,330
12153,925958,corner,1,0.8200,3,331
12154,926028,corner,1,0.8200,3,332
12155,926093,corner,1,0.8200,3,333
12156,926193,corner,1,0.8200,3,334
12157,926268,corner,1,0.8200,3,335
12158,926353,corner,1,0.8200,3,336
12159,926405,corner,1,0.8200,3,337
12160,926502,corner,1,0.8200,3,338
12161,926609,corner,1,0.8200,3,339
12162,926689,corner,1,0.8300,3,340
12163,926793,corner,0,0.8200,3,341
12164,926877,corner,1,0.8200,3,342
12165,926936,corner,1,0.8200,3,343
12166,926985,corner,0,0.8100,3,344
12167,927046,corner,1,0.8100,3,345
12168,927123,corner,1,0.8100,3,346
12169,927233,corner,1,0.8100,3,347
12170,927322,corner,0,0.8000,3,348
12171,927374,corner,0,0.7900,3,349
12172,927424,corner,0,0.7900,3,350
12173,927551,corner,1,0.8000,3,351
12174,927618,corner,1,0.8000,3,352
12175,927711,corner,1,0.8000,3,353
12176,927785,corner,1,0.8000,3,354
12177,927855,corner,1,0.8000,3,355
12178,927919,corner,1,0.8000,3,356
12179,928000,corner,0,0.7900,3,357
12180,928067,corner,1,0.7900,3,358
12181,928122,corner,0,0.7800,3,359
12182,928192,corner,1,0.7800,3,360
12183,928400,corner,0,0.7700,3,361
12184,928451,corner,0,0.7600,3,362
12185,928513,corner,0,0.7500,3,363
12186,928576,corner,0,0.7400,3,364
12187,928632,corner,0,0.7300,3,365
12188,928680,corner,0,0.7200,3,366
12189,928760,corner,1,0.7300,3,367
12190,928832,corner,1,0.7300,3,368
12191,928937,corner,1,0.7300,3,369
12192,929001,corner,1,0.7400,3,370
12193,929065,corner,1,0.7500,3,371
12194,929118,corner,0,0.7400,3,372
12195,929200,corner,0,0.7300,3,373
12196,929281,corner,0,0.7200,3,374
12197,929465,corner,1,0.7200,3,375
12198,929573,corner,1,0.7200,3,376
12199,929633,corner,0,0.7100,3,377
12200,929727,corner,1,0.7100,3,378
12201,929810,corner,1,0.7100,3,379
12202,929924,corner,1,0.7100,3,380
12203,929983,corner,0,0.7000,3,381
12204,930065,corner,0,0.6900,3,382
12205,930155,corner,1,0.6900,3,383
12206,930235,corner,1,0.6900,3,384
12207,930294,corner,0,0.6800,3,385
12208,930374,corner,1,0.6800,3,386
12209,930433,corner,1,0.6800,3,387
12210,930494,corner,0,0.6800,3,388
12211,930550,corner,1,0.6900,3,389
12212,930742,corner,1,0.6900,3,390
12213,930843,corner,1,0.6900,3,391
12214,930926,corner,1,0.6900,3,392
12215,931007,corner,1,0.7000,3,393
12216,931228,corner,1,0.7000,3,394
12217,931398,corner,0,0.6900,3,395
12218,931462,corner,1,0.6900,3,396
12219,931549,corner,1,0.6900,3,397
12220,931628,corner,1,0.6900,3,398
12221,931770,corner,0,0.6800,3,399
12222,931913,corner,0,0.6700,3,400
12223,932005,corner,0,0.6700,3,401
12224,932053,corner,0,0.6600,3,402
12225,932103,corner,0,0.6500,3,403
12226,932188,corner,1,0.6500,3,404
12227,932277,corner,1,0.6500,3,405
12228,932355,corner,1,0.6500,3,406
12229,932434,corner,1,0.6500,3,407
12230,932530,corner,1,0.6500,3,408
12231,932657,corner,0,0.6400,3,409
12232,932727,corner,1,0.6400,3,410
12233,932806,corner,1,0.6500,3,411
12234,932884,corner,1,0.6500,3,412
12235,932985,corner,1,0.6500,3,413
12236,933082,corner,1,0.6500,3,414
12237,933163,corner,0,0.6400,3,415
12238,933238,corner,1,0.6500,3,416
12239,933312,corner,1,0.6600,3,417
12240,933357,corner,0,0.6600,3,418
12241,933427,corner,1,0.6600,3,419
12242,933496,corner,1,0.6600,3,420
12243,933586,corner,0,0.6500,3,421
12244,933660,corner,1,0.6600,3,422
12245,933760,corner,1,0.6600,3,423
12246,933846,corner,1,0.6700,3,424
12247,933958,corner,1,0.6800,3,425
12248,934062,corner,1,0.6800,3,426
12249,934149,corner,1,0.6800,3,427
12250,934294,corner,1,0.6900,3,428
12251,934437,corner,1,0.6900,3,429
12252,934603,corner,1,0.6900,3,430
12253,934703,corner,1,0.6900,3,431
12254,934794,corner,1,0.6900,3,432
12255,934878,corner,0,0.6800,3,433
12256,934928,corner,0,0.6700,3,434
12257,935005,corner,1,0.6700,3,435
12258,935089,corner,0,0.6600,3,436
12259,935167,corner,1,0.6600,3,437
12260,935245,corner,1,0.6600,3,438
12261,935298,corner,1,0.6600,3,439
12262,935386,corner,1,0.6600,3,440
12263,935481,corner,1,0.6700,3,441
12264,935557,corner,1,0.6700,3,442
12265,935639,corner,0,0.6600,3,443
12266,935734,corner,0,0.6600,3,444
12267,935818,corner,1,0.6600,3,445
12268,935886,corner,1,0.6600,3,446
12269,935939,corner,0,0.6500,3,447
12270,935996,corner,1,0.6600,3,448
12271,936089,corner,1,0.6700,3,449
12272,936186,corner,1,0.6800,3,450
12273,936266,corner,1,0.6800,3,451
12274,936347,corner,0,0.6700,3,452
12275,936419,corner,1,0.6700,3,453
12276,936484,corner,1,0.6700,3,454
12277,936543,corner,0,0.6600,3,455
12278,936706,corner,1,0.6600,3,456
12279,936781,corner,1,0.6700,3,457
12280,936853,corner,1,0.6700,3,458
12281,936924,corner,1,0.6800,3,459
12282,937020,corner,1,0.6800,3,460
12283,937098,corner,1,0.6900,3,461
12284,937271,corner,1,0.7000,3,462
12285,937344,corner,1,0.7100,3,463
12286,937406,corner,1,0.7200,3,464
12287,937575,corner,1,0.7300,3,465
12288,937749,corner,1,0.7400,3,466
12289,937816,corner,1,0.7400,3,467
12290,937900,corner,1,0.7400,3,468
12291,937980,corner,1,0.7400,3,469
12292,938026,corner,0,0.7300,3,470
12293,938102,corner,0,0.7200,3,471
12294,938183,corner,1,0.7300,3,472
12295,938231,corner,0,0.7300,3,473
12296,938324,corner,1,0.7400,3,474
12297,938378,corner,1,0.7400,3,475
12298,938455,corner,1,0.7400,3,476
12299,938508,corner,1,0.7500,3,477
12300,938579,corner,1,0.7500,3,478
12301,938664,corner,1,0.7500,3,479
12302,938740,corner,1,0.7500,3,480
12303,938807,corner,1,0.7600,3,481
12304,938882,corner,1,0.7700,3,482
12305,938945,corner,1,0.7700,3,483
12306,939019,corner,1,0.7700,3,484
12307,939093,corner,1,0.7800,3,485
12308,939144,corner,0,0.7700,3,486
12309,939220,corner,1,0.7700,3,487
12310,939296,corner,1,0.7800,3,488
12311,939378,corner,0,0.7700,3,489
12312,939432,corner,0,0.7600,3,490
12313,939491,corner,0,0.7500,3,491
12314,939622,corner,0,0.7400,3,492
12315,939686,corner,1,0.7400,3,493
12316,939754,corner,1,0.7400,3,494
12317,939850,corner,1,0.7500,3,495
12318,939900,corner,0,0.7400,3,496
12319,939951,corner,0,0.7300,3,497
12320,940034,corner,0,0.7200,3,498
12321,940115,corner,1,0.7300,3,499
12322,940168,corner,1,0.7400,3,500
12323,940257,corner,0,0.7400,3,501
12324,940330,corner,1,0.7500,3,502
12325,940394,corner,1,0.7600,3,503
12326,940479,corner,1,0.7600,3,504
12327,940564,corner,1,0.7600,3,505
12328,940629,corner,1,0.7600,3,506
12329,940706,corner,1,0.7600,3,507
12330,940781,corner,1,0.7600,3,508
12331,940835,corner,0,0.7600,3,509
12332,940906,corner,1,0.7600,3,510
12333,940968,corner,0,0.7500,3,511
12334,941033,corner,1,0.7500,3,512
12335,941085,corner,1,0.7500,3,513
12336,941198,corner,1,0.7500,3,514
12337,941260,corner,1,0.7600,3,515
12338,941365,corner,1,0.7600,3,516
12339,941449,corner,1,0.7600,3,517
12340,941526,corner,1,0.7700,3,518
12341,941581,corner,1,0.7700,3,519
12342,941634,corner,0,0.7600,3,520
12343,941716,corner,1,0.7700,3,521
12344,941777,corner,0,0.7600,3,522
12345,941868,corner,1,0.7600,3,523
12346,941958,corner,1,0.7600,3,524
12347,942145,corner,1,0.7600,3,525
12348,942265,corner,1,0.7600,3,526
12349,942323,corner,1,0.7600,3,527
12350,942375,corner,0,0.7500,3,528
12351,942430,corner,1,0.7500,3,529
12352,942498,corner,1,0.7500,3,530
12353,942736,corner,1,0.7500,3,531
12354,942829,corner,1,0.7500,3,532
12355,942920,corner,1,0.7600,3,533
12356,943033,corner,1,0.7700,3,534
12357,943143,corner,0,0.7600,3,535
12358,943221,corner,1,0.7700,3,536
12359,943287,corner,1,0.7700,3,537
12360,943350,corner,1,0.7700,3,538
12361,943429,corner,1,0.7700,3,539
12362,943502,corner,1,0.7700,3,540
12363,943557,corner,1,0.7700,3,541
12364,943610,corner,0,0.7600,3,542
12365,943679,corner,1,0.7700,3,543
12366,943739,corner,1,0.7800,3,544
12367,943819,corner,1,0.7800,3,545
12368,943900,corner,1,0.7800,3,546
12369,943972,corner,1,0.7900,3,547
12370,944055,corner,1,0.7900,3,548
12371,944121,corner,1,0.7900,3,549
12372,944209,corner,1,0.7900,3,550
12373,944288,corner,1,0.7900,3,551
12374,944355,corner,1,0.8000,3,552
12375,944521,corner,1,0.8000,3,553
12376,944603,corner,1,0.8000,3,554
12377,944657,corner,0,0.8000,3,555
12378,944829,corner,1,0.8000,3,556
12379,944941,corner,1,0.8000,3,557
12380,945029,corner,1,0.8000,3,558
12381,945098,corner,1,0.8000,3,559
12382,945153,corner,1,0.8000,3,560
12383,945249,corner,1,0.8000,3,561
12384,945357,corner,1,0.8000,3,562
12385,945412,corner,1,0.8000,3,563
12386,945490,corner,1,0.8000,3,564
12387,945548,corner,1,0.8000,3,565
12388,945626,corner,1,0.8000,3,566
12389,945710,corner,1,0.8000,3,567
12390,945799,corner,1,0.8000,3,568
12391,945930,corner,1,0.8000,3,569
12392,945992,corner,1,0.8100,3,570
12393,946066,corner,1,0.8200,3,571
12394,946133,corner,1,0.8200,3,572
12395,946179,corner,0,0.8200,3,573
12396,946221,corner,0,0.8100,3,574
12397,946495,corner,0,0.8000,3,575
12398,946580,corner,1,0.8000,3,576
12399,946632,corner,1,0.8000,3,577
12400,946693,corner,1,0.8000,3,578
12401,946776,corner,1,0.8000,3,579
12402,946846,corner,1,0.8000,3,580
12403,946947,corner,1,0.8000,3,581
12404,946995,corner,0,0.7900,3,582
12405,947056,corner,1,0.7900,3,583
12406,947152,corner,1,0.7900,3,584
12407,947226,corner,1,0.7900,3,585
12408,947278,corner,1,0.8000,3,586
12409,947359,corner,0,0.7900,3,587
12410,947424,corner,1,0.7900,3,588
12411,947496,corner,1,0.8000,3,589
12412,947562,corner,1,0.8100,3,590
12413,947658,corner,1,0.8200,3,591
12414,947754,corner,1,0.8300,3,592
12415,947851,corner,1,0.8300,3,593
12416,947936,corner,1,0.8300,3,594
12417,948004,corner,1,0.8300,3,595
12418,948078,corner,1,0.8400,3,596
12419,948166,corner,0,0.8400,3,597
12420,948214,corner,0,0.8400,3,598
12421,948270,corner,0,0.8300,3,599
12422,948354,corner,1,0.8300,3,600
12423,948408,corner,0,0.8300,3,601
12424,948476,corner,1,0.8300,3,602
12425,948533,corner,0,0.8200,3,603
12426,948600,corner,1,0.8200,3,604
12427,948683,corner,1,0.8200,3,605
12428,948751,corner,1,0.8200,3,606
12429,948813,corner,1,0.8200,3,607
12430,948884,corner,1,0.8200,3,608
12431,948946,corner,1,0.8300,3,609
12432,949004,corner,1,0.8300,3,610
12433,949076,corner,1,0.8400,3,611
12434,949159,corner,1,0.8400,3,612
12435,949279,corner,0,0.8300,3,613
12436,949340,corner,0,0.8200,3,614
12437,949385,corner,0,0.8100,3,615
12438,949443,corner,0,0.8000,3,616
12439,949499,corner,1,0.8000,3,617
12440,949561,corner,1,0.8000,3,618
12441,949610,corner,0,0.7900,3,619
12442,949728,corner,1,0.8000,3,620
12443,949801,corner,1,0.8000,3,621
12444,949900,corner,0,0.8000,3,622
12445,949964,corner,1,0.8000,3,623
12446,950028,corner,0,0.7900,3,624
12447,950105,corner,1,0.7900,3,625
12448,950163,corner,0,0.7800,3,626
12449,950225,corner,1,0.7800,3,627
12450,950314,corner,0,0.7800,3,628
12451,950388,corner,0,0.7700,3,629
12452,950445,corner,0,0.7600,3,630
12453,950542,corner,0,0.7500,3,631
12454,950613,corner,1,0.7500,3,632
12455,950685,corner,1,0.7500,3,633
12456,950784,corner,0,0.7400,3,634
12457,950839,corner,0,0.7400,3,635
12458,950888,corner,0,0.7300,3,636
12459,950938,corner,0,0.7200,3,637
12460,951032,corner,1,0.7200,3,638
12461,951080,corner,1,0.7200,3,639
12462,951142,corner,1,0.7200,3,640
12463,951208,corner,0,0.7100,3,641
12464,951291,corner,1,0.7200,3,642
12465,951343,corner,1,0.7200,3,643
12466,951427,corner,1,0.7200,3,644
12467,951507,corner,1,0.7200,3,645
12468,951561,corner,0,0.7100,3,646
12469,951636,corner,1,0.7100,3,647
12470,951721,corner,1,0.7100,3,648
12471,951797,corner,1,0.7100,3,649
12472,951846,corner,0,0.7000,3,650
12473,951900,corner,1,0.7000,3,651
12474,951966,corner,1,0.7000,3,652
12475,952017,corner,0,0.6900,3,653
12476,952094,corner,1,0.6900,3,654
12477,952196,corner,1,0.7000,3,655
12478,952288,corner,1,0.7000,3,656
12479,952350,corner,0,0.6900,3,657
12480,952401,corner,0,0.6800,3,658
12481,952443,corner,0,0.6700,3,659
12482,952493,corner,1,0.6700,3,660
12483,952569,corner,1,0.6700,3,661
12484,952647,corner,1,0.6700,3,662
12485,952717,corner,1,0.6700,3,663
12486,952787,corner,1,0.6700,3,664
12487,952868,corner,1,0.6700,3,665
12488,952916,corner,0,0.6600,3,666
12489,953007,corner,0,0.6500,3,667
12490,953099,corner,0,0.6400,3,668
12491,953155,corner,1,0.6400,3,669
12492,953244,corner,1,0.6400,3,670
12493,953316,corner,1,0.6400,3,671
12494,953391,corner,1,0.6400,3,672
12495,953466,corner,1,0.6500,3,673
12496,953556,corner,1,0.6600,3,674
12497,953607,corner,1,0.6700,3,675
12498,953732,corner,1,0.6700,3,676
12499,953819,corner,1,0.6700,3,677
12500,953886,corner,1,0.6700,3,678
12501,953976,corner,1,0.6700,3,679
12502,954064,corner,1,0.6700,3,680
12503,954170,corner,1,0.6700,3,681
12504,954300,corner,1,0.6800,3,682
12505,954362,corner,1,0.6800,3,683
12506,954412,corner,1,0.6800,3,684
12507,954460,corner,0,0.6700,3,685
12508,954515,corner,0,0.6600,3,686
12509,954569,corner,1,0.6700,3,687
12510,954637,corner,1,0.6700,3,688
12511,954698,corner,1,0.6700,3,689
12512,954786,corner,0,0.6600,3,690
12513,954864,corner,1,0.6600,3,691
12514,954930,corner,0,0.6500,3,692
12515,955048,corner,1,0.6500,3,693
12516,955114,corner,0,0.6400,3,694
12517,955191,corner,1,0.6400,3,695
12518,955263,corner,1,0.6400,3,696
12519,955312,corner,0,0.6400,3,697
12520,955454,corner,0,0.6400,3,698
12521,955506,corner,1,0.6500,3,699
12522,955572,corner,1,0.6500,3,700
12523,955620,corner,0,0.6500,3,701
12524,955686,corner,1,0.6500,3,702
12525,955742,corner,1,0.6600,3,703
12526,955800,corner,0,0.6500,3,704
12527,955851,corner,0,0.6400,3,705
12528,955899,corner,0,0.6300,3,706
12529,955952,corner,0,0.6200,3,707
12530,956002,corner,0,0.6100,3,708
12531,956073,corner,1,0.6100,3,709
12532,956163,corner,1,0.6100,3,710
12533,956230,corner,1,0.6100,3,711
12534,956314,corner,1,0.6100,3,712
12535,956388,corner,1,0.6200,3,713
12536,956497,corner,1,0.6300,3,714
12537,956560,corner,1,0.6400,3,715
12538,956678,corner,0,0.6400,3,716
12539,956732,corner,1,0.6400,3,717
12540,956810,corner,1,0.6400,3,718
12541,956895,corner,1,0.6500,3,719
12542,956966,corner,1,0.6500,3,720
12543,957033,corner,1,0.6500,3,721
12544,957103,corner,1,0.6600,3,722
12545,957178,corner,1,0.6600,3,723
12546,957258,corner,1,0.6700,3,724
12547,957334,corner,1,0.6700,3,725
12548,957412,corner,1,0.6800,3,726
12549,957525,corner,0,0.6700,3,727
12550,957598,corner,1,0.6800,3,728
12551,957650,corner,0,0.6800,3,729
12552,957718,corner,1,0.6900,3,730
12553,957808,corner,1,0.7000,3,731
12554,957891,corner,0,0.6900,3,732
12555,957947,corner,0,0.6800,3,733
12556,958016,corner,1,0.6900,3,734
12557,958087,corner,1,0.7000,3,735
12558,958154,corner,1,0.7100,3,736
12559,958234,corner,1,0.7200,3,737
12560,958332,corner,1,0.7200,3,738
12561,958410,corner,1,0.7200,3,739
12562,958479,corner,1,0.7200,3,740
12563,958528,corner,0,0.7200,3,741
12564,958571,corner,0,0.7100,3,742
12565,958669,corner,1,0.7100,3,743
12566,958759,corner,1,0.7100,3,744
12567,958817,corner,0,0.7000,3,745
12568,958894,corner,1,0.7100,3,746
12569,958966,corner,1,0.7100,3,747
12570,959051,corner,1,0.7100,3,748
12571,959122,corner,1,0.7100,3,749
12572,959172,corner,0,0.7100,3,750
12573,959286,corner,1,0.7100,3,751
12574,959365,corner,1,0.7100,3,752
12575,959436,corner,1,0.7200,3,753
12576,959584,corner,1,0.7200,3,754
12577,959662,corner,1,0.7200,3,755
12578,959751,corner,1,0.7200,3,756
12579,959820,corner,1,0.7300,3,757
12580,959915,corner,1,0.7400,3,758
12581,959993,corner,1,0.7500,3,759
12582,960086,corner,1,0.7500,3,760
12583,960189,corner,1,0.7500,3,761
12584,960293,corner,1,0.7500,3,762
12585,960384,corner,1,0.7500,3,763
12586,960494,corner,0,0.7400,3,764
12587,960607,corner,1,0.7400,3,765
12588,960696,corner,1,0.7500,3,766
12589,960764,corner,1,0.7600,3,767
12590,960830,corner,0,0.7600,3,768
12591,960892,corner,1,0.7600,3,769
12592,960963,corner,1,0.7600,3,770
12593,961041,corner,1,0.7600,3,771
12594,961124,corner,1,0.7600,3,772
12595,961220,corner,1,0.7600,3,773
12596,961283,corner,1,0.7600,3,774
12597,961338,corner,0,0.7500,3,775
12598,961406,corner,1,0.7500,3,776
12599,961472,corner,1,0.7500,3,777
12600,961630,corner,0,0.7400,3,778
12601,961710,corner,1,0.7400,3,779
12602,961782,corner,1,0.7400,3,780
12603,961883,corner,0,0.7300,3,781
12604,961990,corner,1,0.7300,3,782
12605,962069,corner,1,0.7300,3,783
12606,962150,corner,1,0.7300,3,784
12607,962216,corner,1,0.7400,3,785
12608,962296,corner,1,0.7500,3,786
12609,962348,corner,0,0.7400,3,787
12610,962430,corner,1,0.7400,3,788
12611,962492,corner,1,0.7400,3,789
12612,962570,corner,1,0.7500,3,790
12613,962732,corner,1,0.7500,3,791
12614,962806,corner,1,0.7600,3,792
12615,962876,corner,1,0.7600,3,793
12616,962934,corner,0,0.7600,3,794
12617,963019,corner,1,0.7600,3,795
12618,963089,corner,1,0.7600,3,796
12619,963152,corner,1,0.7700,3,797
12620,963239,corner,1,0.7800,3,798
12621,963320,corner,0,0.7700,3,799
12622,963410,corner,1,0.7700,3,800
12623,963478,corner,1,0.7800,3,801
12624,963576,corner,1,0.7800,3,802
12625,963624,corner,1,0.7800,3,803
12626,963707,corner,0,0.7800,3,804
12627,963778,corner,1,0.7900,3,805
12628,963849,corner,1,0.8000,3,806
12629,963932,corner,1,0.8100,3,807
12630,964000,corner,1,0.8200,3,808
12631,964070,corner,1,0.8200,3,809
12632,964151,corner,1,0.8200,3,810
12633,964205,corner,0,0.8100,3,811
12634,964253,corner,0,0.8000,3,812
12635,964335,corner,1,0.8000,3,813
12636,964413,corner,1,0.8000,3,814
12637,964504,corner,1,0.8000,3,815
12638,964563,corner,0,0.8000,3,816
12639,964645,corner,1,0.8000,3,817
12640,964722,corner,1,0.8000,3,818
12641,964822,corner,1,0.8000,3,819
12642,964905,corner,1,0.8000,3,820
12643,964977,corner,1,0.8000,3,821
12644,965059,corner,1,0.8000,3,822
12645,965134,corner,1,0.8000,3,823
12646,965267,corner,1,0.8000,3,824
12647,965339,corner,1,0.8000,3,825
12648,965418,corner,1,0.8000,3,826
12649,965492,corner,1,0.8100,3,827
12650,965540,corner,0,0.8000,3,828
12651,965588,corner,0,0.8000,3,829
12652,965674,corner,1,0.8000,3,830
12653,965742,corner,1,0.8000,3,831
12654,965837,corner,1,0.8100,3,832
12655,965937,corner,1,0.8200,3,833
12656,966005,corner,1,0.8200,3,834
12657,966076,corner,1,0.8200,3,835
12658,966147,corner,1,0.8200,3,836
12659,966200,corner,1,0.8200,3,837
12660,966282,corner,0,0.8100,3,838
12661,966361,corner,1,0.8100,3,839
12662,966442,corner,1,0.8100,3,840
12663,966499,corner,1,0.8200,3,841
12664,966558,corner,1,0.8300,3,842
12665,966685,corner,1,0.8300,3,843
12666,966762,corner,1,0.8300,3,844
12667,966845,corner,1,0.8400,3,845
12668,966932,corner,1,0.8400,3,846
12669,966998,corner,1,0.8400,3,847
12670,967072,corner,1,0.8400,3,848
12671,967144,corner,1,0.8400,3,849
12672,967205,corner,0,0.8400,3,850
12673,967298,corner,1,0.8400,3,851
12674,967357,corner,0,0.8300,3,852
12675,967438,corner,0,0.8200,3,853
12676,967520,corner,0,0.8100,3,854
12677,967565,corner,0,0.8000,3,855
12678,967613,corner,0,0.7900,3,856
12679,967689,corner,1,0.7900,3,857
12680,967756,corner,1,0.7900,3,858
12681,967821,corner,1,0.7900,3,859
12682,967878,corner,1,0.7900,3,860
12683,967940,corner,1,0.7900,3,861
12684,968018,corner,1,0.7900,3,862
12685,968101,corner,0,0.7800,3,863
12686,968169,corner,1,0.7900,3,864
12687,968245,corner,1,0.7900,3,865
12688,968318,corner,1,0.7900,3,866
12689,968407,corner,1,0.7900,3,867
12690,968474,corner,1,0.8000,3,868
12691,968526,corner,0,0.7900,3,869
12692,968643,corner,1,0.7900,3,870
12693,968724,corner,1,0.7900,3,871
12694,968779,corner,0,0.7800,3,872
12695,968859,corner,1,0.7800,3,873
12696,968940,corner,1,0.7800,3,874
12697,969025,corner,1,0.7900,3,875
12698,969108,corner,1,0.7900,3,876
12699,969166,corner,0,0.7800,3,877
12700,969250,corner,0,0.7800,3,878
12701,969350,corner,1,0.7800,3,879
12702,969414,corner,1,0.7800,3,880
12703,969497,corner,1,0.7900,3,881
12704,969605,corner,1,0.7900,3,882
12705,969693,corner,1,0.7900,3,883
12706,969765,corner,1,0.7900,3,884
12707,969830,corner,1,0.7900,3,885
12708,969931,corner,1,0.7900,3,886
12709,970030,corner,1,0.8000,3,887
12710,970112,corner,1,0.8000,3,888
12711,970181,corner,1,0.8000,3,889
12712,970238,corner,1,0.8000,3,890
12713,970330,corner,1,0.8000,3,891
12714,970416,corner,1,0.8000,3,892
12715,970485,corner,1,0.8000,3,893
12716,970559,corner,1,0.8100,3,894
12717,970613,corner,0,0.8000,3,895
12718,970683,corner,1,0.8000,3,896
12719,970767,corner,1,0.8000,3,897
12720,970853,corner,1,0.8000,3,898
12721,970943,corner,1,0.8100,3,899
12722,971012,corner,1,0.8100,3,900
12723,971097,corner,1,0.8100,3,901
12724,971159,corner,1,0.8100,3,902
12725,971254,corner,1,0.8100,3,903
12726,971338,corner,1,0.8200,3,904
12727,971406,corner,1,0.8200,3,905
12728,971501,corner,1,0.8200,3,906
12729,971570,corner,1,0.8200,3,907
12730,971672,corner,1,0.8200,3,908
12731,971755,corner,1,0.8200,3,909
12732,971826,corner,1,0.8200,3,910
12733,971887,corner,0,0.8200,3,911
12734,971966,corner,1,0.8300,3,912
12735,972050,corner,1,0.8300,3,913
12736,972120,corner,1,0.8300,3,914
12737,972173,corner,0,0.8200,3,915
12738,972219,corner,0,0.8200,3,916
12739,972266,corner,0,0.8100,3,917
12740,972425,corner,1,0.8100,3,918
12741,972491,corner,1,0.8100,3,919
12742,972570,corner,1,0.8100,3,920
12743,972654,corner,0,0.8000,3,921
12744,972719,corner,0,0.7900,3,922
12745,972780,corner,0,0.7800,3,923
12746,972845,corner,1,0.7800,3,924
12747,972940,corner,1,0.7800,3,925
12748,973090,corner,1,0.7800,3,926
12749,973178,corner,1,0.7800,3,927
12750,973232,corner,0,0.7800,3,928
12751,973395,corner,1,0.7900,3,929
12752,973476,corner,1,0.7900,3,930
12753,973585,corner,1,0.7900,3,931
12754,973749,corner,1,0.7900,3,932
12755,973826,corner,1,0.7900,3,933
12756,973907,corner,1,0.7900,3,934
12757,973986,corner,1,0.7900,3,935
12758,974074,corner,1,0.7900,3,936
12759,974154,corner,1,0.7900,3,937
12760,974228,corner,1,0.8000,3,938
12761,974295,corner,1,0.8000,3,939
12762,974378,corner,1,0.8000,3,940
12763,974461,corner,1,0.8000,3,941
12764,974544,corner,1,0.8000,3,942
12765,974620,corner,1,0.8000,3,943
12766,974669,corner,0,0.7900,3,944
12767,974752,corner,0,0.7800,3,945
12768,974829,corner,1,0.7800,3,946
12769,974904,corner,1,0.7800,3,947
12770,974974,corner,1,0.7800,3,948
12771,975030,corner,0,0.7700,3,949
12772,975116,corner,1,0.7800,3,950
12773,975189,corner,1,0.7800,3,951
12774,975264,corner,1,0.7900,3,952
12775,975346,corner,1,0.8000,3,953
12776,975394,corner,0,0.8000,3,954
12777,975445,corner,0,0.8000,3,955
12778,975511,corner,1,0.8100,3,956
12779,975596,corner,0,0.8000,3,957
12780,975690,corner,0,0.7900,3,958
12781,975735,corner,0,0.7800,3,959
12782,975783,corner,0,0.7700,3,960
12783,975855,corner,1,0.7700,3,961
12784,975923,corner,1,0.7700,3,962
12785,976012,corner,1,0.7800,3,963
12786,976087,corner,0,0.7700,3,964
12787,976162,corner,1,0.7700,3,965
12788,976232,corner,1,0.7700,3,966
12789,976321,corner,1,0.7700,3,967
12790,976465,corner,1,0.7700,3,968
12791,976598,corner,0,0.7700,3,969
12792,976648,corner,0,0.7600,3,970
12793,976739,corner,1,0.7600,3,971
12794,976806,corner,1,0.7700,3,972
12795,976888,corner,1,0.7700,3,973
12796,976938,corner,0,0.7600,3,974
12797,976993,corner,0,0.7500,3,975
12798,977095,corner,1,0.7500,3,976
12799,977176,corner,0,0.7500,3,977
12800,977259,corner,1,0.7600,3,978
12801,977330,corner,1,0.7600,3,979
12802,977410,corner,1,0.7600,3,980
12803,977465,corner,1,0.7600,3,981
12804,977511,corner,0,0.7500,3,982
12805,977592,corner,0,0.7400,3,983
12806,977664,corner,1,0.7400,3,984
12807,977748,corner,1,0.7400,3,985
12808,977932,corner,1,0.7400,3,986
12809,977981,corner,0,0.7300,3,987
12810,978033,corner,0,0.7200,3,988
12811,978138,corner,1,0.7200,3,989
12812,978194,corner,0,0.7100,3,990
12813,978241,corner,0,0.7000,3,991
12814,978334,corner,1,0.7000,3,992
12815,978411,corner,1,0.7000,3,993
12816,978464,corner,0,0.6900,3,994
12817,978540,corner,1,0.7000,3,995
12818,978613,corner,1,0.7000,3,996
12819,978703,corner,0,0.6900,3,997
12820,978748,corner,0,0.6800,3,998
12821,978797,corner,0,0.6700,3,999
12822,978884,corner,0,0.6600,3,1000
12823,978985,corner,1,0.6600,3,1001
12824,979065,corner,1,0.6600,3,1002
12825,979119,corner,1,0.6600,3,1003
12826,979173,corner,1,0.6600,3,1004
12827,979241,corner,1,0.6600,3,1005
12828,979298,corner,0,0.6500,3,1006
12829,979363,corner,1,0.6500,3,1007
12830,979410,corner,0,0.6400,3,1008
12831,979516,corner,0,0.6300,3,1009
12832,979588,corner,1,0.6300,3,1010
12833,979665,corner,1,0.6400,3,1011
12834,979716,corner,0,0.6300,3,1012
12835,979759,corner,0,0.6200,3,1013
12836,979846,corner,1,0.6200,3,1014
12837,979938,corner,0,0.6200,3,1015
12838,980013,corner,1,0.6300,3,1016
12839,980187,corner,1,0.6400,3,1017
12840,980280,corner,1,0.6400,3,1018
12841,980434,corner,1,0.6400,3,1019
12842,980480,corner,0,0.6300,3,1020
12843,980569,corner,1,0.6400,3,1021
12844,980617,corner,0,0.6400,3,1022
12845,980664,corner,1,0.6500,3,1023
12846,980719,corner,0,0.6400,3,1024
12847,980773,corner,1,0.6400,3,1025
12848,980880,corner,1,0.6400,3,1026
12849,980948,corner,1,0.6400,3,1027
12850,980999,corner,0,0.6400,3,1028
12851,981113,corner,0,0.6300,3,1029
12852,981159,corner,0,0.6200,3,1030
12853,981212,corner,1,0.6200,3,1031
12854,981262,corner,0,0.6100,3,1032
12855,981332,corner,1,0.6100,3,1033
12856,981414,corner,0,0.6000,3,1034
12857,981466,corner,0,0.5900,3,1035
12858,981541,corner,1,0.5900,3,1036
12859,981619,corner,1,0.5900,3,1037
12860,981667,corner,0,0.5800,3,1038
12861,981731,corner,1,0.5800,3,1039
12862,981822,corner,1,0.5800,3,1040
12863,981900,corner,1,0.5800,3,1041
12864,981956,corner,0,0.5700,3,1042
12865,982005,corner,0,0.5600,3,1043
12866,982073,corner,1,0.5700,3,1044
12867,982155,corner,0,0.5700,3,1045
12868,982240,corner,1,0.5700,3,1046
12869,982340,corner,0,0.5600,3,1047
12870,982415,corner,1,0.5600,3,1048
12871,982487,corner,1,0.5700,3,1049
12872,982553,corner,0,0.5600,3,1050
12873,982603,corner,0,0.5500,3,1051
12874,982675,corner,1,0.5500,3,1052
12875,982802,corner,1,0.5500,3,1053
12876,982929,corner,1,0.5600,3,1054
12877,983104,corner,1,0.5700,3,1055
12878,983161,corner,0,0.5600,3,1056
12879,983211,corner,0,0.5600,3,1057
12880,983260,corner,1,0.5700,3,1058
12881,983333,corner,1,0.5800,3,1059
12882,983402,corner,1,0.5900,3,1060
12883,983447,corner,0,0.5800,3,1061
12884,983560,corner,1,0.5800,3,1062
12885,983642,corner,1,0.5800,3,1063
12886,983693,corner,1,0.5900,3,1064
12887,983807,corner,1,0.5900,3,1065
12888,983885,corner,1,0.5900,3,1066
12889,983948,corner,1,0.5900,3,1067
12890,984014,corner,0,0.5800,3,1068
12891,984063,corner,0,0.5800,3,1069
12892,984241,corner,1,0.5900,3,1070
12893,984288,corner,0,0.5800,3,1071
12894,984397,corner,1,0.5800,3,1072
12895,984478,corner,1,0.5800,3,1073
12896,984632,corner,1,0.5900,3,1074
12897,984702,corner,1,0.6000,3,1075
12898,984821,corner,0,0.5900,3,1076
12899,984868,corner,0,0.5900,3,1077
12900,984917,corner,0,0.5800,3,1078
12901,985010,corner,1,0.5800,3,1079
12902,985091,corner,0,0.5700,3,1080
12903,985137,corner,0,0.5600,3,1081
12904,985274,corner,1,0.5700,3,1082
12905,985357,corner,1,0.5800,3,1083
12906,985437,corner,1,0.5800,3,1084
12907,985506,corner,1,0.5800,3,1085
12908,985559,corner,0,0.5700,3,1086
12909,985615,corner,0,0.5700,3,1087
12910,985668,corner,0,0.5700,3,1088
12911,985714,corner,0,0.5600,3,1089
12912,985793,corner,1,0.5700,3,1090
12913,985868,corner,1,0.5800,3,1091
12914,985916,corner,0,0.5700,3,1092
12915,985994,corner,1,0.5700,3,1093
12916,986072,corner,1,0.5800,3,1094
12917,986146,corner,1,0.5800,3,1095
12918,986218,corner,1,0.5800,3,1096
12919,986372,corner,1,0.5900,3,1097
12920,986463,corner,1,0.6000,3,1098
12921,986550,corner,1,0.6100,3,1099
12922,986617,corner,1,0.6200,3,1100
12923,986667,corner,0,0.6100,3,1101
12924,986732,corner,1,0.6100,3,1102
12925,986821,corner,1,0.6100,3,1103
12926,986874,corner,0,0.6000,3,1104
12927,986948,corner,1,0.6000,3,1105
12928,987003,corner,0,0.6000,3,1106
12929,987139,corner,1,0.6000,3,1107
12930,987315,corner,1,0.6100,3,1108
12931,987392,corner,1,0.6200,3,1109
12932,987465,corner,1,0.6200,3,1110
12933,987542,corner,1,0.6200,3,1111
12934,987701,corner,1,0.6300,3,1112
12935,987779,corner,1,0.6400,3,1113
12936,987861,corner,0,0.6300,3,1114
12937,987963,corner,1,0.6400,3,1115
12938,988057,corner,1,0.6400,3,1116
12939,988128,corner,1,0.6400,3,1117
12940,988193,corner,0,0.6300,3,1118
12941,988264,corner,1,0.6300,3,1119
12942,988339,corner,1,0.6400,3,1120
12943,988424,corner,1,0.6400,3,1121
12944,988503,corner,1,0.6500,3,1122
12945,988557,corner,0,0.6400,3,1123
12946,988614,corner,0,0.6400,3,1124
12947,988712,corner,1,0.6400,3,1125
12948,988759,corner,0,0.6300,3,1126
12949,988851,corner,1,0.6300,3,1127
12950,988928,corner,1,0.6400,3,1128
12951,989011,corner,0,0.6400,3,1129
12952,989162,corner,1,0.6500,3,1130
12953,989241,corner,1,0.6500,3,1131
12954,989329,corner,1,0.6600,3,1132
12955,989399,corner,0,0.6500,3,1133
12956,989485,corner,1,0.6600,3,1134
12957,989551,corner,1,0.6700,3,1135
12958,989636,corner,1,0.6700,3,1136
12959,989690,corner,0,0.6600,3,1137
12960,989738,corner,0,0.6600,3,1138
12961,989811,corner,1,0.6600,3,1139
12962,989941,corner,1,0.6600,3,1140
12963,990022,corner,1,0.6600,3,1141
12964,990091,corner,1,0.6700,3,1142
12965,990172,corner,0,0.6700,3,1143
12966,990260,corner,1,0.6700,3,1144
12967,990340,corner,1,0.6800,3,1145
12968,990415,corner,1,0.6800,3,1146
12969,990468,corner,0,0.6800,3,1147
12970,990603,corner,0,0.6700,3,1148
12971,990685,corner,1,0.6700,3,1149
12972,990769,corner,1,0.6800,3,1150
12973,990868,corner,1,0.6900,3,1151
12974,990951,corner,1,0.6900,3,1152
12975,991027,corner,1,0.6900,3,1153
12976,991160,corner,0,0.6800,3,1154
12977,991235,corner,1,0.6800,3,1155
12978,991406,corner,1,0.6900,3,1156
12979,991482,corner,1,0.7000,3,1157
12980,991558,corner,1,0.7000,3,1158
12981,991638,corner,1,0.7000,3,1159
12982,991731,corner,1,0.7000,3,1160
12983,991782,corner,1,0.7100,3,1161
12984,991858,corner,1,0.7100,3,1162
12985,991944,corner,0,0.7000,3,1163
12986,992012,corner,1,0.7000,3,1164
12987,992138,corner,1,0.7000,3,1165
12988,992216,corner,1,0.7000,3,1166
12989,992272,corner,1,0.7000,3,1167
12990,992346,corner,1,0.7100,3,1168
12991,992418,corner,1,0.7200,3,1169
12992,992503,corner,1,0.7200,3,1170
12993,992580,corner,1,0.7300,3,1171
12994,992763,corner,1,0.7300,3,1172
12995,992811,corner,0,0.7200,3,1173
12996,993021,corner,1,0.7200,3,1174
12997,993075,corner,1,0.7200,3,1175
12998,993161,corner,1,0.7300,3,1176
12999,993233,corner,1,0.7400,3,1177
13000,993322,corner,0,0.7400,3,1178
13001,993371,corner,0,0.7300,3,1179
13002,993443,corner,1,0.7400,3,1180
13003,993499,corner,1,0.7500,3,1181
13004,993594,corner,1,0.7500,3,1182
13005,993658,corner,1,0.7500,3,1183
13006,993738,corner,1,0.7500,3,1184
13007,993788,corner,0,0.7400,3,1185
13008,993846,corner,0,0.7400,3,1186
13009,993927,corner,1,0.7500,3,1187
13010,994135,corner,1,0.7600,3,1188
13011,994216,corner,1,0.7700,3,1189
13012,994264,corner,0,0.7600,3,1190
13013,994340,corner,1,0.7600,3,1191
13014,994387,corner,0,0.7600,3,1192
13015,994459,corner,1,0.7600,3,1193
13016,994643,corner,1,0.7600,3,1194
13017,994719,corner,1,0.7600,3,1195
13018,994794,corner,1,0.7600,3,1196
13019,994871,corner,1,0.7600,3,1197
13020,994951,corner,1,0.7600,3,1198
13021,995022,corner,1,0.7600,3,1199
13022,995114,corner,1,0.7600,3,1200
13023,995170,corner,0,0.7600,3,1201
13024,995278,corner,0,0.7500,3,1202
13025,995361,corner,1,0.7500,3,1203
13026,995440,corner,1,0.7600,3,1204
13027,995517,corner,1,0.7600,3,1205
13028,995573,corner,0,0.7600,3,1206
13029,995649,corner,1,0.7600,3,1207
13030,995764,corner,1,0.7600,3,1208
13031,995857,corner,1,0.7600,3,1209
13032,995925,corner,1,0.7600,3,1210
13033,995981,corner,1,0.7600,3,1211
13034,996053,corner,1,0.7600,3,1212
13035,996105,corner,0,0.7500,3,1213
13036,996198,corner,1,0.7600,3,1214
13037,996281,corner,1,0.7600,3,1215
13038,996365,corner,0,0.7500,3,1216
13039,996447,corner,1,0.7500,3,1217
13040,996524,corner,1,0.7600,3,1218
13041,996600,corner,1,0.7600,3,1219
13042,996671,corner,1,0.7600,3,1220
13043,996828,corner,1,0.7600,3,1221
13044,996876,corner,0,0.7500,3,1222
13045,996936,corner,1,0.7600,3,1223
13046,997016,corner,1,0.7700,3,1224
13047,997099,corner,1,0.7700,3,1225
13048,997275,corner,1,0.7800,3,1226
13049,997364,corner,1,0.7800,3,1227
13050,997442,corner,1,0.7800,3,1228
13051,997500,corner,0,0.7800,3,1229
13052,997550,corner,0,0.7700,3,1230
13053,997613,corner,1,0.7700,3,1231
13054,997694,corner,1,0.7700,3,1232
13055,997776,corner,1,0.7800,3,1233
13056,997844,corner,1,0.7800,3,1234
13057,997929,corner,1,0.7800,3,1235
13058,997998,corner,1,0.7800,3,1236
13059,998081,corner,0,0.7800,3,1237
13060,998127,corner,0,0.7800,3,1238
13061,998202,corner,1,0.7800,3,1239
13062,998253,corner,1,0.7800,3,1240
13063,998330,corner,1,0.7800,3,1241
13064,998406,corner,1,0.7800,3,1242
13065,998480,corner,1,0.7900,3,1243
13066,998565,corner,1,0.7900,3,1244
13067,998649,corner,1,0.7900,3,1245
13068,998732,corner,1,0.7900,3,1246
13069,998815,corner,1,0.8000,3,1247
13070,998866,corner,0,0.8000,3,1248
13071,998925,corner,0,0.7900,3,1249
13072,998972,corner,0,0.7800,3,1250
13073,999066,corner,0,0.7700,3,1251
13074,999234,corner,1,0.7700,3,1252
13075,999297,corner,1,0.7700,3,1253
13076,999351,corner,0,0.7700,3,1254
13077,999429,corner,1,0.7700,3,1255
13078,999511,corner,0,0.7600,3,1256
13079,999582,corner,1,0.7600,3,1257
13080,999668,corner,1,0.7600,3,1258
13081,999716,corner,1,0.7600,3,1259
13082,999806,corner,1,0.7600,3,1260
13083,999855,corner,0,0.7500,3,1261
13084,999908,corner,1,0.7500,3,1262
13085,1000060,corner,1,0.7600,3,1263
13086,1000130,corner,1,0.7600,3,1264
13087,1000205,corner,1,0.7600,3,1265
13088,1000291,corner,1,0.7600,3,1266
13089,1000377,corner,1,0.7600,3,1267
13090,1000455,corner,1,0.7600,3,1268
13091,1000550,corner,1,0.7600,3,1269
13092,1000618,corner,1,0.7600,3,1270
13093,1000680,corner,1,0.7600,3,1271
13094,1000748,corner,1,0.7600,3,1272
13095,1000812,corner,1,0.7700,3,1273
13096,1000857,corner,0,0.7600,3,1274
13097,1000929,corner,1,0.7600,3,1275
13098,1001003,corner,1,0.7600,3,1276
13099,1001083,corner,1,0.7600,3,1277
13100,1001169,corner,1,0.7700,3,1278
13101,1001243,corner,1,0.7800,3,1279
13102,1001349,corner,0,0.7700,3,1280
13103,1001444,corner,1,0.7700,3,1281
13104,1001525,corner,0,0.7600,3,1282
13105,1001687,corner,0,0.7500,3,1283
13106,1001753,corner,1,0.7500,3,1284
13107,1001804,corner,0,0.7500,3,1285
13108,1001875,corner,1,0.7600,3,1286
13109,1001923,corner,0,0.7500,3,1287
13110,1001997,corner,1,0.7500,3,1288
13111,1002073,corner,1,0.7500,3,1289
13112,1002151,corner,1,0.7600,3,1290
13113,1002224,corner,1,0.7600,3,1291
13114,1002324,corner,1,0.7700,3,1292
13115,1002407,corner,1,0.7700,3,1293
13116,1002482,corner,1,0.7700,3,1294
13117,1002666,corner,1,0.7700,3,1295
13118,1002737,corner,1,0.7700,3,1296
13119,1002809,corner,1,0.7700,3,1297
13120,1002871,corner,0,0.7600,3,1298
13121,1002937,corner,1,0.7600,3,1299
13122,1003036,corner,1,0.7600,3,1300
13123,1003117,corner,0,0.7600,3,1301
13124,1003197,corner,1,0.7700,3,1302
13125,1003282,corner,1,0.7700,3,1303
13126,1003353,corner,1,0.7700,3,1304
13127,1003419,corner,1,0.7700,3,1305
13128,1003502,corner,1,0.7800,3,1306
13129,1003573,corner,1,0.7800,3,1307
13130,1003644,corner,1,0.7800,3,1308
13131,1003697,corner,1,0.7800,3,1309
13132,1003775,corner,1,0.7800,3,1310
13133,1003875,corner,1,0.7800,3,1311
13134,1003966,corner,1,0.7800,3,1312
13135,1004044,corner,1,0.7900,3,1313
13136,1004099,corner,0,0.7800,3,1314
13137,1004151,corner,1,0.7800,3,1315
13138,1004194,corner,0,0.7800,3,1316
13139,1004287,corner,0,0.7700,3,1317
13140,1004374,corner,1,0.7700,3,1318
13141,1004459,corner,1,0.7700,3,1319
13142,1004508,corner,0,0.7600,3,1320
13143,1004589,corner,0,0.7500,3,1321
13144,1004639,corner,1,0.7600,3,1322
13145,1004685,corner,0,0.7500,3,1323
13146,1004739,corner,0,0.7400,3,1324
13147,1004824,corner,1,0.7400,3,1325
13148,1004870,corner,0,0.7300,3,1326
13149,1004943,corner,1,0.7300,3,1327
13150,1005003,corner,1,0.7300,3,1328
13151,1005085,corner,0,0.7300,3,1329
13152,1005169,corner,1,0.7400,3,1330
13153,1005269,corner,0,0.7300,3,1331
13154,1005353,corner,1,0.7300,3,1332
13155,1005402,corner,0,0.7200,3,1333
13156,1005507,corner,1,0.7200,3,1334
13157,1005592,corner,1,0.7200,3,1335
13158,1005663,corner,1,0.7200,3,1336
13159,1005755,corner,1,0.7300,3,1337
13160,1005839,corner,1,0.7400,3,1338
13161,1005919,corner,1,0.7400,3,1339
13162,1005968,corner,0,0.7300,3,1340
13163,1006041,corner,1,0.7300,3,1341
13164,1006096,corner,1,0.7300,3,1342
13165,1006167,corner,1,0.7300,3,1343
13166,1006248,corner,1,0.7300,3,1344
13167,1006323,corner,1,0.7300,3,1345
13168,1006401,corner,1,0.7300,3,1346
13169,1006498,corner,0,0.7200,3,1347
13170,1006580,corner,1,0.7300,3,1348
13171,1006634,corner,1,0.7400,3,1349
13172,1006700,corner,1,0.7500,3,1350
13173,1006775,corner,1,0.7600,3,1351
13174,1006854,corner,1,0.7600,3,1352
13175,1006900,corner,0,0.7500,3,1353
13176,1006979,corner,1,0.7600,3,1354
13177,1007077,corner,1,0.7600,3,1355
13178,1007163,corner,1,0.7700,3,1356
13179,1007248,corner,1,0.7700,3,1357
13180,1007313,corner,1,0.7700,3,1358
13181,1007390,corner,1,0.7700,3,1359
13182,1007443,corner,0,0.7600,3,1360
13183,1007514,corner,1,0.7700,3,1361
13184,1007565,corner,0,0.7600,3,1362
13185,1007665,corner,1,0.7600,3,1363
13186,1007712,corner,0,0.7500,3,1364
13187,1007793,corner,1,0.7500,3,1365
13188,1007866,corner,1,0.7500,3,1366
13189,1007947,corner,1,0.7500,3,1367
13190,1008025,corner,1,0.7500,3,1368
13191,1008076,corner,1,0.7500,3,1369
13192,1008132,corner,0,0.7400,3,1370
13193,1008182,corner,0,0.7300,3,1371
13194,1008294,corner,1,0.7300,3,1372
13195,1008368,corner,1,0.7300,3,1373
13196,1008424,corner,1,0.7400,3,1374
13197,1008474,corner,0,0.7300,3,1375
13198,1008597,corner,1,0.7300,3,1376
13199,1008694,corner,1,0.7300,3,1377
13200,1008794,corner,1,0.7300,3,1378
13201,1008870,corner,1,0.7300,3,1379
13202,1009021,corner,1,0.7400,3,1380
13203,1009068,corner,0,0.7300,3,1381
13204,1009145,corner,1,0.7400,3,1382
13205,1009224,corner,1,0.7500,3,1383
13206,1009283,corner,1,0.7500,3,1384
13207,1009403,corner,0,0.7500,3,1385
13208,1009454,corner,0,0.7400,3,1386
13209,1009527,corner,1,0.7500,3,1387
13210,1009633,corner,1,0.7500,3,1388
13211,1009706,corner,1,0.7500,3,1389
13212,1009753,corner,0,0.7400,3,1390
13213,1009819,corner,1,0.7400,3,1391
13214,1009894,corner,1,0.7400,3,1392
13215,1009966,corner,1,0.7400,3,1393
13216,1010042,corner,1,0.7400,3,1394
13217,1010244,corner,1,0.7400,3,1395
13218,1010326,corner,1,0.7400,3,1396
13219,1010404,corner,1,0.7400,3,1397
13220,1010490,corner,1,0.7500,3,1398
13221,1010542,corner,0,0.7400,3,1399
13222,1010593,corner,0,0.7300,3,1400
13223,1010675,corner,1,0.7400,3,1401
13224,1010750,corner,1,0.7400,3,1402
13225,1010818,corner,0,0.7300,3,1403
13226,1010900,corner,1,0.7300,3,1404
13227,1010982,corner,1,0.7300,3,1405
13228,1011060,corner,1,0.7300,3,1406
13229,1011140,corner,1,0.7300,3,1407
13230,1011204,corner,1,0.7300,3,1408
13231,1011279,corner,1,0.7300,3,1409
13232,1011355,corner,1,0.7300,3,1410
13233,1011402,corner,0,0.7200,3,1411
13234,1011553,corner,1,0.7200,3,1412
13235,1011630,corner,1,0.7200,3,1413
13236,1011700,corner,1,0.7300,3,1414
13237,1011797,corner,1,0.7300,3,1415
13238,1011884,corner,1,0.7400,3,1416
13239,1011961,corner,1,0.7500,3,1417
13240,1012034,corner,1,0.7500,3,1418
13241,1012106,corner,1,0.7500,3,1419
13242,1012170,corner,1,0.7600,3,1420
13243,1012256,corner,1,0.7700,3,1421
13244,1012328,corner,1,0.7700,3,1422
13245,1012381,corner,1,0.7800,3,1423
13246,1012454,corner,1,0.7900,3,1424
13247,1012504,corner,0,0.7800,3,1425
13248,1012549,corner,0,0.7800,3,1426
13249,1012636,corner,1,0.7800,3,1427
13250,1012681,corner,0,0.7700,3,1428
13251,1012763,corner,0,0.7700,3,1429
13252,1012861,corner,1,0.7700,3,1430
13253,1012942,corner,1,0.7800,3,1431
13254,1013023,corner,0,0.7700,3,1432
13255,1013106,corner,1,0.7800,3,1433
13256,1013188,corner,0,0.7700,3,1434
13257,1013241,corner,0,0.7600,3,1435
13258,1013334,corner,1,0.7600,3,1436
13259,1013433,corner,1,0.7600,3,1437
13260,1013605,corner,0,0.7500,3,1438
13261,1013653,corner,0,0.7400,3,1439
13262,1013698,corner,0,0.7400,3,1440
13263,1013798,corner,1,0.7400,3,1441
13264,1013877,corner,1,0.7400,3,1442
13265,1013965,corner,1,0.7400,3,1443
13266,1014028,corner,1,0.7400,3,1444
13267,1014100,corner,1,0.7400,3,1445
13268,1014194,corner,1,0.7400,3,1446
13269,1014267,corner,1,0.7500,3,1447
13270,1014351,corner,1,0.7500,3,1448
13271,1014400,corner,0,0.7400,3,1449
13272,1014493,corner,1,0.7400,3,1450
13273,1014593,corner,1,0.7400,3,1451
13274,1014664,corner,1,0.7400,3,1452
13275,1014726,corner,1,0.7500,3,1453
13276,1014805,corner,1,0.7500,3,1454
13277,1014875,corner,1,0.7500,3,1455
13278,1014954,corner,1,0.7500,3,1456
13279,1015020,corner,1,0.7500,3,1457
13280,1015098,corner,1,0.7500,3,1458
13281,1015173,corner,1,0.7500,3,1459
13282,1015219,corner,0,0.7500,3,1460
13283,1015268,corner,0,0.7400,3,1461
13284,1015348,corner,1,0.7500,3,1462
13285,1015432,corner,1,0.7500,3,1463
13286,1015512,corner,1,0.7600,3,1464
13287,1015584,corner,1,0.7600,3,1465
13288,1015636,corner,0,0.7500,3,1466
13289,1015711,corner,1,0.7500,3,1467
13290,1015797,corner,1,0.7500,3,1468
13291,1015879,corner,1,0.7500,3,1469
13292,1015922,corner,0,0.7500,3,1470
13293,1016020,corner,1,0.7600,3,1471
13294,1016084,corner,1,0.7600,3,1472
13295,1016155,corner,1,0.7600,3,1473
13296,1016215,corner,1,0.7600,3,1474
13297,1016269,corner,0,0.7600,3,1475
13298,1016314,corner,0,0.7500,3,1476
13299,1016364,corner,1,0.7500,3,1477
13300,1016430,corner,1,0.7500,3,1478
13301,1016513,corner,0,0.7400,3,1479
13302,1016604,corner,0,0.7300,3,1480
13303,1016654,corner,0,0.7300,3,1481
13304,1016741,corner,1,0.7300,3,1482
13305,1016822,corner,1,0.7300,3,1483
13306,1016949,corner,1,0.7300,3,1484
13307,1017007,corner,1,0.7400,3,1485
13308,1017091,corner,0,0.7400,3,1486
13309,1017171,corner,1,0.7400,3,1487
13310,1017260,corner,1,0.7400,3,1488
13311,1017324,corner,1,0.7400,3,1489
13312,1017395,corner,1,0.7500,3,1490
13313,1017468,corner,1,0.7500,3,1491
13314,1017537,corner,1,0.7500,3,1492
13315,1017668,corner,1,0.7500,3,1493
13316,1017743,corner,1,0.7500,3,1494
13317,1017820,corner,1,0.7500,3,1495
13318,1017897,corner,1,0.7500,3,1496
13319,1017980,corner,1,0.7500,3,1497
13320,1018028,corner,0,0.7400,3,1498
13321,1018092,corner,1,0.7500,3,1499
13322,1018251,corner,1,0.7600,3,1500
13323,1018339,corner,1,0.7600,3,1501
13324,1018414,corner,1,0.7600,3,1502
13325,1018500,corner,1,0.7700,3,1503
13326,1018571,corner,1,0.7700,3,1504
13327,1018633,corner,1,0.7700,3,1505
13328,1018710,corner,1,0.7700,3,1506
13329,1018761,corner,0,0.7600,3,1507
13330,1018827,corner,1,0.7600,3,1508
13331,1018875,corner,0,0.7500,3,1509
13332,1018978,corner,1,0.7500,3,1510
13333,1019057,corner,1,0.7600,3,1511
13334,1019132,corner,1,0.7600,3,1512
13335,1019213,corner,0,0.7500,3,1513
13336,1019301,corner,1,0.7500,3,1514
13337,1019381,corner,1,0.7500,3,1515
13338,1019426,corner,0,0.7400,3,1516
13339,1019503,corner,1,0.7400,3,1517
13340,1019578,corner,1,0.7400,3,1518
13341,1019672,corner,1,0.7400,3,1519
13342,1019760,corner,1,0.7400,3,1520
13343,1019848,corner,1,0.7400,3,1521
13344,1019938,corner,1,0.7400,3,1522
13345,1020014,corner,1,0.7400,3,1523
13346,1020106,corner,1,0.7400,3,1524
13347,1020182,corner,1,0.7500,3,1525
13348,1020251,corner,1,0.7600,3,1526
13349,1020313,corner,1,0.7600,3,1527
13350,1020369,corner,1,0.7700,3,1528
13351,1020525,corner,1,0.7800,3,1529
13352,1020607,corner,1,0.7800,3,1530
13353,1020678,corner,0,0.7700,3,1531
13354,1020732,corner,0,0.7700,3,1532
13355,1020806,corner,1,0.7700,3,1533
13356,1020853,corner,0,0.7700,3,1534
13357,1020926,corner,1,0.7800,3,1535
13358,1020998,corner,1,0.7800,3,1536
13359,1021048,corner,0,0.7700,3,1537
13360,1021093,corner,0,0.7700,3,1538
13361,1021153,corner,1,0.7800,3,1539
13362,1021204,corner,0,0.7800,3,1540
13363,1021272,corner,1,0.7800,3,1541
13364,1021349,corner,1,0.7800,3,1542
13365,1021428,corner,1,0.7800,3,1543
13366,1021484,corner,1,0.7800,3,1544
13367,1021529,corner,0,0.7700,3,1545
13368,1021616,corner,1,0.7700,3,1546
13369,1021687,corner,1,0.7700,3,1547
13370,1021845,corner,1,0.7700,3,1548
13371,1021923,corner,1,0.7800,3,1549
13372,1021990,corner,0,0.7700,3,1550
13373,1022065,corner,1,0.7700,3,1551
13374,1022144,corner,1,0.7700,3,1552
13375,1022222,corner,1,0.7700,3,1553
13376,1022291,corner,1,0.7700,3,1554
13377,1022341,corner,0,0.7600,3,1555
13378,1022480,corner,0,0.7500,3,1556
13379,1022547,corner,1,0.7500,3,1557
13380,1022629,corner,0,0.7400,3,1558
13381,1022716,corner,1,0.7400,3,1559
13382,1022786,corner,1,0.7500,3,1560
13383,1022845,corner,0,0.7500,3,1561
13384,1022897,corner,0,0.7400,3,1562
13385,1022940,corner,0,0.7300,3,1563
13386,1023015,corner,1,0.7300,3,1564
13387,1023062,corner,0,0.7200,3,1565
13388,1023140,corner,1,0.7300,3,1566
13389,1023190,corner,0,0.7200,3,1567
13390,1023236,corner,0,0.7100,3,1568
13391,1023314,corner,1,0.7100,3,1569
13392,1023381,corner,1,0.7200,3,1570
13393,1023454,corner,1,0.7200,3,1571
13394,1023567,corner,1,0.7200,3,1572
13395,1023619,corner,1,0.7200,3,1573
13396,1023694,corner,1,0.7200,3,1574
13397,1023757,corner,1,0.7300,3,1575
13398,1023859,corner,1,0.7400,3,1576
13399,1023934,corner,1,0.7400,3,1577
13400,1023983,corner,0,0.7300,3,1578
13401,1024045,corner,1,0.7400,3,1579
13402,1024116,corner,1,0.7500,3,1580
13403,1024208,corner,1,0.7600,3,1581
13404,1024287,corner,1,0.7600,3,1582
13405,1024384,corner,0,0.7500,3,1583
13406,1024465,corner,1,0.7500,3,1584
13407,1024548,corner,1,0.7500,3,1585
13408,1024720,corner,0,0.7500,3,1586
13409,1024802,corner,1,0.7500,3,1587
13410,1024865,corner,1,0.7500,3,1588
13411,1024951,corner,1,0.7500,3,1589
13412,1025032,corner,0,0.7400,3,1590
13413,1025112,corner,1,0.7400,3,1591
13414,1025165,corner,0,0.7300,3,1592
13415,1025247,corner,0,0.7200,3,1593
13416,1025310,corner,1,0.7200,3,1594
13417,1025355,corner,0,0.7100,3,1595
13418,1025453,corner,1,0.7100,3,1596
13419,1025531,corner,1,0.7100,3,1597
13420,1025585,corner,0,0.7100,3,1598
13421,1025639,corner,0,0.7000,3,1599
13422,1025763,corner,1,0.7000,3,1600
13423,1025830,corner,1,0.7000,3,1601
13424,1025917,corner,1,0.7000,3,1602
13425,1025993,corner,1,0.7000,3,1603
13426,1026040,corner,0,0.6900,3,1604
13427,1026126,corner,1,0.6900,3,1605
13428,1026215,corner,1,0.6900,3,1606
13429,1026283,corner,1,0.7000,3,1607
13430,1026353,corner,1,0.7000,3,1608
13431,1026441,corner,0,0.7000,3,1609
13432,1026515,corner,1,0.7000,3,1610
13433,1026592,corner,1,0.7000,3,1611
13434,1026687,corner,1,0.7000,3,1612
13435,1026756,corner,1,0.7100,3,1613
13436,1026800,corner,0,0.7000,3,1614
13437,1026849,corner,0,0.6900,3,1615
13438,1027014,corner,1,0.7000,3,1616
13439,1027086,corner,1,0.7000,3,1617
13440,1027168,corner,0,0.6900,3,1618
13441,1027241,corner,1,0.6900,3,1619
13442,1027311,corner,1,0.6900,3,1620
13443,1027380,corner,1,0.6900,3,1621
13444,1027455,corner,1,0.6900,3,1622
13445,1027515,corner,1,0.6900,3,1623
13446,1027593,corner,1,0.6900,3,1624
13447,1027668,corner,1,0.6900,3,1625
13448,1027750,corner,1,0.6900,3,1626
13449,1027799,corner,0,0.6800,3,1627
13450,1027885,corner,1,0.6800,3,1628
13451,1028057,corner,1,0.6800,3,1629
13452,1028112,corner,1,0.6800,3,1630
13453,1028191,corner,1,0.6900,3,1631
13454,1028266,corner,1,0.7000,3,1632
13455,1028334,corner,0,0.6900,3,1633
13456,1028387,corner,0,0.6900,3,1634
13457,1028460,corner,1,0.6900,3,1635
13458,1028523,corner,1,0.6900,3,1636
13459,1028593,corner,1,0.7000,3,1637
13460,1028663,corner,1,0.7100,3,1638
13461,1028752,corner,1,0.7100,3,1639
13462,1028821,corner,0,0.7100,3,1640
13463,1028903,corner,1,0.7100,3,1641
13464,1028987,corner,1,0.7100,3,1642
13465,1029049,corner,1,0.7100,3,1643
13466,1029103,corner,0,0.7000,3,1644
13467,1029186,corner,0,0.7000,3,1645
13468,1029260,corner,1,0.7000,3,1646
13469,1029312,corner,0,0.6900,3,1647
13470,1029380,corner,1,0.6900,3,1648
13471,1029478,corner,1,0.6900,3,1649
13472,1029552,corner,1,0.7000,3,1650
13473,1029635,corner,0,0.6900,3,1651
13474,1029710,corner,1,0.6900,3,1652
13475,1029783,corner,1,0.6900,3,1653
13476,1029914,corner,1,0.6900,3,1654
13477,1029960,corner,0,0.6900,3,1655
13478,1030055,corner,1,0.7000,3,1656
13479,1030111,corner,0,0.6900,3,1657
13480,1030193,corner,1,0.7000,3,1658
13481,1030277,corner,1,0.7000,3,1659
13482,1030325,corner,0,0.6900,3,1660
13483,1030409,corner,0,0.6900,3,1661
13484,1030498,corner,1,0.7000,3,1662
13485,1030545,corner,0,0.7000,3,1663
13486,1030629,corner,1,0.7000,3,1664
13487,1030704,corner,1,0.7100,3,1665
13488,1030763,corner,0,0.7000,3,1666
13489,1030816,corner,0,0.7000,3,1667
13490,1030902,corner,1,0.7100,3,1668
13491,1030979,corner,1,0.7100,3,1669
13492,1031058,corner,1,0.7100,3,1670
13493,1031112,corner,1,0.7100,3,1671
13494,1031181,corner,1,0.7100,3,1672
13495,1031258,corner,1,0.7100,3,1673
13496,1031336,corner,0,0.7000,3,1674
13497,1031406,corner,1,0.7000,3,1675
13498,1031485,corner,1,0.7000,3,1676
13499,1031556,corner,1,0.7000,3,1677
13500,1031631,corner,1,0.7100,3,1678
13501,1031708,corner,1,0.7100,3,1679
13502,1031756,corner,0,0.7000,3,1680
13503,1031836,corner,1,0.7000,3,1681
13504,1031934,corner,1,0.7000,3,1682
13505,1031983,corner,0,0.7000,3,1683
13506,1032055,corner,1,0.7000,3,1684
13507,1032157,corner,1,0.7000,3,1685
13508,1032385,corner,1,0.7100,3,1686
13509,1032483,corner,1,0.7100,3,1687
13510,1032562,corner,1,0.7100,3,1688
13511,1032633,corner,1,0.7100,3,1689
13512,1032727,corner,1,0.7200,3,1690
13513,1032775,corner,0,0.7100,3,1691
13514,1032856,corner,0,0.7100,3,1692
13515,1032923,corner,1,0.7200,3,1693
13516,1033095,corner,1,0.7200,3,1694
13517,1033149,corner,0,0.7200,3,1695
13518,1033309,corner,0,0.7100,3,1696
13519,1033354,corner,0,0.7000,3,1697
13520,1033402,corner,0,0.7000,3,1698
13521,1033473,corner,1,0.7100,3,1699
13522,1033568,corner,1,0.7100,3,1700
13523,1033647,corner,1,0.7100,3,1701
13524,1033728,corner,1,0.7100,3,1702
13525,1033815,corner,0,0.7000,3,1703
13526,1033896,corner,1,0.7100,3,1704
13527,1033983,corner,1,0.7100,3,1705
13528,1034070,corner,1,0.7100,3,1706
13529,1034148,corner,1,0.7100,3,1707
13530,1034230,corner,1,0.7100,3,1708
13531,1034279,corner,0,0.7100,3,1709
13532,1034356,corner,1,0.7100,3,1710
13533,1034425,corner,1,0.7100,3,1711
13534,1034498,corner,1,0.7100,3,1712
13535,1034579,corner,0,0.7000,3,1713
13536,1034656,corner,1,0.7100,3,1714
13537,1034727,corner,1,0.7200,3,1715
13538,1034799,corner,1,0.7200,3,1716
13539,1034874,corner,1,0.7200,3,1717
13540,1034948,corner,1,0.7300,3,1718
13541,1035002,corner,1,0.7300,3,1719
13542,1035096,corner,1,0.7300,3,1720
13543,1035138,corner,0,0.7200,3,1721
13544,1035192,corner,0,0.7100,3,1722
13545,1035346,corner,1,0.7100,3,1723
13546,1035421,corner,1,0.7100,3,1724
13547,1035463,corner,0,0.7000,3,1725
13548,1035541,corner,1,0.7000,3,1726
13549,1035586,corner,0,0.7000,3,1727
13550,1035668,corner,0,0.6900,3,1728
13551,1035801,corner,0,0.6800,3,1729
13552,1035890,corner,1,0.6800,3,1730
13553,1035972,corner,1,0.6800,3,1731
13554,1036057,corner,1,0.6800,3,1732
13555,1036202,corner,0,0.6800,3,1733
13556,1036374,corner,1,0.6900,3,1734
13557,1036461,corner,1,0.6900,3,1735
13558,1036556,corner,1,0.6900,3,1736
13559,1036637,corner,1,0.6900,3,1737
13560,1036725,corner,1,0.6900,3,1738
13561,1036816,corner,1,0.6900,3,1739
13562,1036902,corner,1,0.7000,3,1740
13563,1036984,corner,0,0.6900,3,1741
13564,1037067,corner,1,0.6900,3,1742
13565,1037152,corner,0,0.6800,3,1743
13566,1037240,corner,1,0.6900,3,1744
13567,1037289,corner,0,0.6900,3,1745
13568,1037339,corner,0,0.6800,3,1746
13569,1037426,corner,1,0.6900,3,1747
13570,1037477,corner,0,0.6800,3,1748
13571,1037556,corner,1,0.6800,3,1749
13572,1037648,corner,1,0.6800,3,1750
13573,1037723,corner,1,0.6900,3,1751
13574,1037851,corner,1,0.6900,3,1752
13575,1037921,corner,1,0.6900,3,1753
13576,1037986,corner,1,0.6900,3,1754
13577,1038074,corner,1,0.7000,3,1755
13578,1038155,corner,1,0.7000,3,1756
13579,1038320,corner,1,0.7100,3,1757
13580,1038401,corner,0,0.7000,3,1758
13581,1038474,corner,1,0.7000,3,1759
13582,1038603,corner,1,0.7100,3,1760
13583,1038666,corner,1,0.7200,3,1761
13584,1038732,corner,1,0.7200,3,1762
13585,1038812,corner,1,0.7300,3,1763
13586,1038886,corner,1,0.7300,3,1764
13587,1038968,corner,1,0.7300,3,1765
13588,1039015,corner,0,0.7300,3,1766
13589,1039104,corner,1,0.7400,3,1767
13590,1039169,corner,0,0.7300,3,1768
13591,1039244,corner,1,0.7300,3,1769
13592,1039324,corner,1,0.7300,3,1770
13593,1039400,corner,1,0.7300,3,1771
13594,1039481,corner,0,0.7200,3,1772
13595,1039614,corner,0,0.7100,3,1773
13596,1039660,corner,0,0.7100,3,1774
13597,1039735,corner,1,0.7100,3,1775
13598,1039840,corner,1,0.7100,3,1776
13599,1039918,corner,1,0.7100,3,1777
13600,1039969,corner,0,0.7000,3,1778
13601,1040046,corner,1,0.7000,3,1779
13602,1040102,corner,0,0.7000,3,1780
13603,1040171,corner,1,0.7000,3,1781
13604,1040251,corner,1,0.7000,3,1782
13605,1040317,corner,1,0.7100,3,1783
13606,1040411,corner,1,0.7100,3,1784
13607,1040476,corner,0,0.7000,3,1785
13608,1040555,corner,1,0.7000,3,1786
13609,1040640,corner,1,0.7000,3,1787
13610,1040755,corner,0,0.6900,3,1788
13611,1040806,corner,0,0.6800,3,1789
13612,1040904,corner,1,0.6800,3,1790
13613,1040978,corner,1,0.6900,3,1791
13614,1041061,corner,1,0.7000,3,1792
13615,1041107,corner,0,0.6900,3,1793
13616,1041180,corner,1,0.6900,3,1794
13617,1041256,corner,1,0.7000,3,1795
13618,1041329,corner,1,0.7100,3,1796
13619,1041408,corner,1,0.7200,3,1797
13620,1041459,corner,0,0.7200,3,1798
13621,1041502,corner,0,0.7100,3,1799
13622,1041565,corner,0,0.7000,3,1800
13623,1041648,corner,1,0.7000,3,1801
13624,1041697,corner,0,0.6900,3,1802
13625,1041778,corner,1,0.7000,3,1803
13626,1041866,corner,0,0.6900,3,1804
13627,1041952,corner,1,0.6900,3,1805
13628,1042034,corner,0,0.6800,3,1806
13629,1042085,corner,0,0.6700,3,1807
13630,1042169,corner,1,0.6700,3,1808
13631,1042218,corner,1,0.6800,3,1809
13632,1042271,corner,0,0.6700,3,1810
13633,1042361,corner,1,0.6700,3,1811
13634,1042448,corner,0,0.6600,3,1812
13635,1042515,corner,1,0.6700,3,1813
13636,1042593,corner,1,0.6700,3,1814
13637,1042640,corner,0,0.6600,3,1815
13638,1042725,corner,1,0.6600,3,1816
13639,1042792,corner,1,0.6600,3,1817
13640,1042875,corner,1,0.6600,3,1818
13641,1042942,corner,0,0.6500,3,1819
13642,1043020,corner,1,0.6500,3,1820
13643,1043108,corner,1,0.6600,3,1821
13644,1043154,corner,0,0.6600,3,1822
13645,1043241,corner,0,0.6500,3,1823
13646,1043322,corner,0,0.6400,3,1824
13647,1043414,corner,1,0.6500,3,1825
13648,1043470,corner,0,0.6400,3,1826
13649,1043556,corner,0,0.6400,3,1827
13650,1043607,corner,0,0.6400,3,1828
13651,1043661,corner,0,0.6400,3,1829
13652,1043716,corner,1,0.6400,3,1830
13653,1043811,corner,1,0.6400,3,1831
13654,1043879,corner,1,0.6400,3,1832
13655,1043952,corner,1,0.6500,3,1833
13656,1044025,corner,1,0.6500,3,1834
13657,1044101,corner,1,0.6500,3,1835
13658,1044153,corner,1,0.6500,3,1836
13659,1044202,corner,1,0.6500,3,1837
13660,1044283,corner,0,0.6400,3,1838
13661,1044378,corner,1,0.6400,3,1839
13662,1044454,corner,1,0.6400,3,1840
13663,1044516,corner,1,0.6500,3,1841
13664,1044602,corner,1,0.6500,3,1842
13665,1044684,corner,0,0.6500,3,1843
13666,1044771,corner,1,0.6500,3,1844
13667,1044855,corner,1,0.6600,3,1845
13668,1044942,corner,1,0.6700,3,1846
13669,1045025,corner,0,0.6600,3,1847
13670,1045098,corner,1,0.6700,3,1848
13671,1045298,corner,1,0.6700,3,1849
13672,1045361,corner,1,0.6700,3,1850
13673,1045409,corner,0,0.6600,3,1851
13674,1045458,corner,0,0.6500,3,1852
13675,1045504,corner,0,0.6400,3,1853
13676,1045552,corner,0,0.6300,3,1854
13677,1045625,corner,1,0.6300,3,1855
13678,1045712,corner,1,0.6300,3,1856
13679,1045778,corner,1,0.6300,3,1857
13680,1045867,corner,1,0.6400,3,1858
13681,1045941,corner,1,0.6400,3,1859
13682,1046016,corner,1,0.6400,3,1860
13683,1046098,corner,0,0.6300,3,1861
13684,1046152,corner,0,0.6200,3,1862
13685,1046226,corner,1,0.6200,3,1863
13686,1046273,corner,0,0.6100,3,1864
13687,1046335,corner,1,0.6100,3,1865
13688,1046414,corner,1,0.6200,3,1866
13689,1046482,corner,1,0.6200,3,1867
13690,1046571,corner,1,0.6300,3,1868
13691,1046658,corner,1,0.6300,3,1869
13692,1046792,corner,0,0.6200,3,1870
13693,1046875,corner,1,0.6200,3,1871
13694,1046959,corner,1,0.6300,3,1872
13695,1047008,corner,0,0.6300,3,1873
13696,1047190,corner,0,0.6300,3,1874
13697,1047265,corner,1,0.6300,3,1875
13698,1047311,corner,0,0.6200,3,1876
13699,1047392,corner,1,0.6200,3,1877
13700,1047469,corner,1,0.6300,3,1878
13701,1047513,corner,0,0.6200,3,1879
13702,1047592,corner,1,0.6300,3,1880
13703,1047690,corner,1,0.6300,3,1881
13704,1047771,corner,0,0.6200,3,1882
13705,1047904,corner,0,0.6100,3,1883
13706,1048091,corner,1,0.6100,3,1884
13707,1048138,corner,0,0.6100,3,1885
13708,1048206,corner,0,0.6000,3,1886
13709,1048305,corner,1,0.6000,3,1887
13710,1048354,corner,0,0.6000,3,1888
13711,1048403,corner,0,0.6000,3,1889
13712,1048480,corner,1,0.6000,3,1890
13713,1048554,corner,1,0.6000,3,1891
13714,1048642,corner,1,0.6000,3,1892
13715,1048726,corner,1,0.6100,3,1893
13716,1048791,corner,0,0.6000,3,1894
13717,1048914,corner,1,0.6000,3,1895
13718,1049019,corner,0,0.5900,3,1896
13719,1049126,corner,1,0.5900,3,1897
13720,1049201,corner,1,0.6000,3,1898
13721,1049280,corner,1,0.6100,3,1899
13722,1049364,corner,1,0.6200,3,1900
13723,1049465,corner,1,0.6200,3,1901
13724,1049516,corner,0,0.6200,3,1902
13725,1049635,corner,1,0.6200,3,1903
13726,1049734,corner,1,0.6300,3,1904
13727,1049798,corner,1,0.6300,3,1905
13728,1049890,corner,1,0.6400,3,1906
13729,1049992,corner,1,0.6500,3,1907
13730,1050107,corner,1,0.6500,3,1908
13731,1050192,corner,1,0.6500,3,1909
13732,1050267,corner,1,0.6600,3,1910
13733,1050347,corner,1,0.6600,3,1911
13734,1050439,corner,1,0.6700,3,1912
13735,1050520,corner,1,0.6700,3,1913
13736,1050595,corner,1,0.6700,3,1914
13737,1050701,corner,0,0.6700,3,1915
13738,1050795,corner,1,0.6700,3,1916
13739,1050849,corner,0,0.6600,3,1917
13740,1050915,corner,0,0.6500,3,1918
13741,1050961,corner,0,0.6500,3,1919
13742,1051008,corner,0,0.6400,3,1920
13743,1051133,corner,0,0.6300,3,1921
13744,1051212,corner,1,0.6400,3,1922
13745,1051263,corner,0,0.6400,3,1923
13746,1051353,corner,1,0.6500,3,1924
13747,1051441,corner,1,0.6500,3,1925
13748,1051513,corner,1,0.6600,3,1926
13749,1051595,corner,1,0.6700,3,1927
13750,1051692,corner,0,0.6700,3,1928
13751,1051763,corner,0,0.6700,3,1929
13752,1051860,corner,0,0.6600,3,1930
13753,1051955,corner,1,0.6600,3,1931
13754,1052030,corner,1,0.6600,3,1932
13755,1052128,corner,1,0.6600,3,1933
13756,1052185,corner,1,0.6600,3,1934
13757,1052232,corner,0,0.6500,3,1935
13758,1052334,corner,1,0.6500,3,1936
13759,1052414,corner,1,0.6500,3,1937
13760,1052460,corner,0,0.6500,3,1938
13761,1052523,corner,1,0.6500,3,1939
13762,1052602,corner,1,0.6500,3,1940
13763,1052666,corner,1,0.6500,3,1941
13764,1052736,corner,1,0.6500,3,1942
13765,1052823,corner,1,0.6600,3,1943
13766,1052913,corner,1,0.6600,3,1944
13767,1053034,corner,1,0.6600,3,1945
13768,1053119,corner,1,0.6600,3,1946
13769,1053216,corner,1,0.6700,3,1947
13770,1053293,corner,1,0.6700,3,1948
13771,1053363,corner,1,0.6700,3,1949
13772,1053450,corner,1,0.6700,3,1950
13773,1053525,corner,1,0.6800,3,1951
13774,1053631,corner,1,0.6900,3,1952
13775,1053742,corner,1,0.7000,3,1953
13776,1053815,corner,1,0.7100,3,1954
13777,1053902,corner,1,0.7100,3,1955
13778,1053988,corner,1,0.7100,3,1956
13779,1054068,corner,1,0.7100,3,1957
13780,1054148,corner,1,0.7100,3,1958
13781,1054205,corner,0,0.7000,3,1959
13782,1054286,corner,0,0.6900,3,1960
13783,1054367,corner,1,0.7000,3,1961
13784,1054629,corner,0,0.7000,3,1962
13785,1054735,corner,1,0.7000,3,1963
13786,1054779,corner,0,0.7000,3,1964
13787,1054826,corner,0,0.6900,3,1965
13788,1054918,corner,1,0.6900,3,1966
13789,1055022,corner,1,0.6900,3,1967
13790,1055067,corner,0,0.6800,3,1968
13791,1055140,corner,0,0.6700,3,1969
13792,1055223,corner,1,0.6800,3,1970
13793,1055315,corner,1,0.6800,3,1971
13794,1055384,corner,1,0.6800,3,1972
13795,1055457,corner,1,0.6900,3,1973
13796,1055531,corner,1,0.7000,3,1974
13797,1055619,corner,1,0.7000,3,1975
13798,1055682,corner,1,0.7100,3,1976
13799,1055770,corner,1,0.7100,3,1977
13800,1055834,corner,1,0.7100,3,1978
13801,1055879,corner,0,0.7100,3,1979
13802,1055977,corner,1,0.7100,3,1980
13803,1056028,corner,0,0.7000,3,1981
13804,1056094,corner,0,0.7000,3,1982
13805,1056219,corner,0,0.7000,3,1983
13806,1056296,corner,1,0.7000,3,1984
13807,1056345,corner,0,0.7000,3,1985
13808,1056422,corner,1,0.7100,3,1986
13809,1056489,corner,1,0.7100,3,1987
13810,1056583,corner,1,0.7200,3,1988
13811,1056721,corner,0,0.7200,3,1989
13812,1056818,corner,1,0.7200,3,1990
13813,1056888,corner,0,0.7100,3,1991
13814,1056949,corner,0,0.7000,3,1992
13815,1057018,corner,1,0.7000,3,1993
13816,1057100,corner,1,0.7100,3,1994
13817,1057158,corner,0,0.7000,3,1995
13818,1057235,corner,1,0.7100,3,1996
13819,1057338,corner,1,0.7100,3,1997
13820,1057440,corner,1,0.7100,3,1998
13821,1057507,corner,1,0.7100,3,1999
13822,1057558,corner,0,0.7000,3,2000
13823,1057614,corner,0,0.6900,3,2001
13824,1057722,corner,1,0.7000,3,2002
13825,1057849,corner,0,0.6900,3,2003
13826,1057906,corner,0,0.6800,3,2004
13827,1058002,corner,1,0.6800,3,2005
13828,1058081,corner,1,0.6800,3,2006
13829,1058132,corner,0,0.6700,3,2007
13830,1058214,corner,0,0.6600,3,2008
13831,1058305,corner,1,0.6600,3,2009
13832,1058417,corner,0,0.6500,3,2010
13833,1058483,corner,1,0.6500,3,2011
13834,1058558,corner,1,0.6500,3,2012
13835,1058621,corner,1,0.6500,3,2013
13836,1058697,corner,1,0.6500,3,2014
13837,1058752,corner,1,0.6600,3,2015
13838,1058848,corner,1,0.6600,3,2016
13839,1058934,corner,1,0.6700,3,2017
13840,1059022,corner,1,0.6800,3,2018
13841,1059121,corner,1,0.6900,3,2019
13842,1059187,corner,0,0.6900,3,2020
13843,1059315,corner,1,0.7000,3,2021
13844,1059402,corner,0,0.6900,3,2022
13845,1059449,corner,0,0.6900,3,2023
13846,1059492,corner,0,0.6800,3,2024
13847,1059541,corner,1,0.6800,3,2025
13848,1059643,corner,1,0.6800,3,2026
13849,1059778,corner,0,0.6700,3,2027
13850,1059898,corner,1,0.6800,3,2028
13851,1059971,corner,1,0.6900,3,2029
13852,1060045,corner,1,0.7000,3,2030
13853,1060159,corner,1,0.7000,3,2031
13854,1060244,corner,1,0.7000,3,2032
13855,1060319,corner,1,0.7000,3,2033
13856,1060378,corner,1,0.7000,3,2034
13857,1060461,corner,0,0.7000,3,2035
13858,1060545,corner,1,0.7000,3,2036
13859,1060606,corner,0,0.6900,3,2037
13860,1060679,corner,1,0.7000,3,2038
13861,1060755,corner,1,0.7000,3,2039
13862,1060898,corner,0,0.6900,3,2040
13863,1060978,corner,1,0.6900,3,2041
13864,1061063,corner,1,0.6900,3,2042
13865,1061121,corner,1,0.6900,3,2043
13866,1061192,corner,1,0.6900,3,2044
13867,1061273,corner,1,0.6900,3,2045
13868,1061491,corner,1,0.6900,3,2046
13869,1061572,corner,0,0.6800,3,2047
13870,1061639,corner,1,0.6800,3,2048
13871,1061691,corner,0,0.6700,3,2049
13872,1061740,corner,0,0.6600,3,2050
13873,1061825,corner,1,0.6600,3,2051
13874,1061896,corner,1,0.6600,3,2052
13875,1061982,corner,0,0.6500,3,2053
13876,1062068,corner,0,0.6400,3,2054
13877,1062207,corner,1,0.6400,3,2055
13878,1062366,corner,0,0.6300,3,2056
13879,1062452,corner,1,0.6300,3,2057
13880,1062517,corner,1,0.6300,3,2058
13881,1062571,corner,0,0.6300,3,2059
13882,1062652,corner,0,0.6300,3,2060
13883,1062719,corner,1,0.6300,3,2061
13884,1062804,corner,1,0.6400,3,2062
13885,1062870,corner,0,0.6300,3,2063
13886,1062927,corner,1,0.6400,3,2064
13887,1062979,corner,1,0.6500,3,2065
13888,1063068,corner,1,0.6500,3,2066
13889,1063144,corner,1,0.6500,3,2067
13890,1063224,corner,1,0.6600,3,2068
13891,1063330,corner,1,0.6700,3,2069
13892,1063413,corner,1,0.6700,3,2070
13893,1063492,corner,1,0.6700,3,2071
13894,1063540,corner,1,0.6700,3,2072
13895,1063595,corner,0,0.6600,3,2073
13896,1063668,corner,1,0.6600,3,2074
13897,1063730,corner,1,0.6600,3,2075
13898,1063800,corner,1,0.6600,3,2076
13899,1063869,corner,1,0.6600,3,2077
13900,1064111,corner,1,0.6600,3,2078
13901,1064187,corner,0,0.6600,3,2079
13902,1064258,corner,1,0.6600,3,2080
13903,1064328,corner,1,0.6700,3,2081
13904,1064408,corner,1,0.6800,3,2082
13905,1064494,corner,1,0.6900,3,2083
13906,1064553,corner,0,0.6800,3,2084
13907,1064637,corner,1,0.6900,3,2085
13908,1064690,corner,0,0.6800,3,2086
13909,1064756,corner,0,0.6700,3,2087
13910,1064963,corner,1,0.6700,3,2088
13911,1065028,corner,0,0.6700,3,2089
13912,1065079,corner,0,0.6600,3,2090
13913,1065179,corner,1,0.6700,3,2091
13914,1065418,corner,1,0.6800,3,2092
13915,1065482,corner,1,0.6800,3,2093
13916,1065570,corner,1,0.6800,3,2094
13917,1065638,corner,1,0.6900,3,2095
13918,1065740,corner,1,0.6900,3,2096
13919,1065918,corner,1,0.6900,3,2097
13920,1066004,corner,1,0.6900,3,2098
13921,1066079,corner,1,0.6900,3,2099
13922,1066328,corner,1,0.7000,3,2100
13923,1066403,corner,1,0.7100,3,2101
13924,1066476,corner,1,0.7100,3,2102
13925,1066536,corner,1,0.7200,3,2103
13926,1066602,corner,1,0.7300,3,2104
13927,1066772,corner,1,0.7300,3,2105
13928,1066839,corner,0,0.7200,3,2106
13929,1066915,corner,1,0.7300,3,2107
13930,1066997,corner,0,0.7300,3,2108
13931,1067092,corner,0,0.7200,3,2109
13932,1067214,corner,1,0.7300,3,2110
13933,1067302,corner,0,0.7200,3,2111
13934,1067382,corner,1,0.7200,3,2112
13935,1067498,corner,1,0.7200,3,2113
13936,1067627,corner,1,0.7200,3,2114
13937,1067735,corner,1,0.7200,3,2115
13938,1067854,corner,1,0.7200,3,2116
13939,1067943,corner,1,0.7200,3,2117
13940,1068005,corner,1,0.7200,3,2118
13941,1068089,corner,1,0.7200,3,2119
13942,1068188,corner,0,0.7200,3,2120
13943,1068239,corner,0,0.7100,3,2121
13944,1068320,corner,0,0.7100,3,2122
13945,1068422,corner,1,0.7200,3,2123
13946,1068475,corner,0,0.7200,3,2124
13947,1068535,corner,1,0.7200,3,2125
13948,1068618,corner,0,0.7100,3,2126
13949,1068670,corner,0,0.7100,3,2127
13950,1068719,corner,0,0.7000,3,2128
13951,1068804,corner,1,0.7000,3,2129
13952,1068913,corner,1,0.7000,3,2130
13953,1069013,corner,1,0.7000,3,2131
13954,1069063,corner,0,0.6900,3,2132
13955,1069259,corner,1,0.6900,3,2133
13956,1069344,corner,1,0.6900,3,2134
13957,1069402,corner,1,0.7000,3,2135
13958,1069486,corner,0,0.6900,3,2136
13959,1069568,corner,1,0.7000,3,2137
13960,1069651,corner,1,0.7000,3,2138
13961,1069775,corner,0,0.6900,3,2139
13962,1069831,corner,0,0.6900,3,2140
13963,1069905,corner,1,0.6900,3,2141
13964,1069979,corner,1,0.6900,3,2142
13965,1070092,corner,0,0.6800,3,2143
13966,1070139,corner,0,0.6700,3,2144
13967,1070227,corner,1,0.6700,3,2145
13968,1070291,corner,1,0.6700,3,2146
13969,1070374,corner,0,0.6700,3,2147
13970,1070425,corner,1,0.6700,3,2148
13971,1070498,corner,1,0.6800,3,2149
13972,1070590,corner,1,0.6900,3,2150
13973,1070671,corner,0,0.6800,3,2151
13974,1070746,corner,1,0.6800,3,2152
13975,1070827,corner,0,0.6800,3,2153
13976,1070958,corner,0,0.6800,3,2154
13977,1071006,corner,0,0.6700,3,2155
13978,1071095,corner,1,0.6800,3,2156
13979,1071260,corner,1,0.6800,3,2157
13980,1071429,corner,1,0.6800,3,2158
13981,1071532,corner,1,0.6900,3,2159
13982,1071619,corner,1,0.7000,3,2160
13983,1071681,corner,1,0.7000,3,2161
13984,1071743,corner,1,0.7000,3,2162
13985,1071819,corner,1,0.7100,3,2163
13986,1071907,corner,1,0.7100,3,2164
13987,1071954,corner,0,0.7000,3,2165
13988,1072116,corner,1,0.7000,3,2166
13989,1072184,corner,1,0.7000,3,2167
13990,1072267,corner,1,0.7000,3,2168
13991,1072331,corner,1,0.7000,3,2169
13992,1072425,corner,1,0.7000,3,2170
13993,1072509,corner,1,0.7000,3,2171
13994,1072588,corner,1,0.7000,3,2172
13995,1072636,corner,1,0.7100,3,2173
13996,1072732,corner,1,0.7100,3,2174
13997,1072787,corner,0,0.7000,3,2175
13998,1072868,corner,1,0.7000,3,2176
13999,1072980,corner,1,0.7000,3,2177
14000,1073093,corner,0,0.6900,3,2178
14001,1073173,corner,1,0.7000,3,2179
14002,1073257,corner,1,0.7000,3,2180
14003,1073432,corner,1,0.7000,3,2181
14004,1073544,corner,0,0.6900,3,2182
14005,1073629,corner,1,0.6900,3,2183
14006,1073683,corner,0,0.6900,3,2184
14007,1073725,corner,0,0.6800,3,2185
14008,1073767,corner,0,0.6800,3,2186
14009,1073850,corner,1,0.6900,3,2187
14010,1073903,corner,1,0.6900,3,2188
14011,1074042,corner,0,0.6900,3,2189
14012,1074110,corner,0,0.6900,3,2190
14013,1074192,corner,1,0.6900,3,2191
14014,1074267,corner,1,0.6900,3,2192
14015,1074407,corner,1,0.6900,3,2193
14016,1074498,corner,1,0.6900,3,2194
14017,1074574,corner,1,0.6900,3,2195
14018,1074666,corner,1,0.6900,3,2196
14019,1074737,corner,1,0.6900,3,2197
14020,1074882,corner,0,0.6800,3,2198
14021,1074965,corner,1,0.6800,3,2199
14022,1075016,corner,0,0.6700,3,2200
14023,1075118,corner,1,0.6700,3,2201
14024,1075207,corner,1,0.6700,3,2202
14025,1075293,corner,1,0.6700,3,2203
14026,1075373,corner,1,0.6700,3,2204
14027,1075451,corner,1,0.6700,3,2205
14028,1075531,corner,1,0.6800,3,2206
14029,1075615,corner,1,0.6800,3,2207
14030,1075674,corner,1,0.6900,3,2208
14031,1075835,corner,1,0.7000,3,2209
14032,1075893,corner,0,0.6900,3,2210
14033,1075984,corner,1,0.7000,3,2211
14034,1076052,corner,0,0.6900,3,2212
14035,1076128,corner,1,0.6900,3,2213
14036,1076210,corner,0,0.6800,3,2214
14037,1076258,corner,0,0.6700,3,2215
14038,1076306,corner,0,0.6600,3,2216
14039,1076384,corner,1,0.6600,3,2217
14040,1076482,corner,1,0.6600,3,2218
14041,1076563,corner,0,0.6500,3,2219
14042,1076625,corner,0,0.6500,3,2220
14043,1076694,corner,0,0.6500,3,2221
14044,1076789,corner,0,0.6500,3,2222
14045,1076839,corner,0,0.6400,3,2223
14046,1076930,corner,1,0.6500,3,2224
14047,1076988,corner,1,0.6500,3,2225
14048,1077065,corner,1,0.6600,3,2226
14049,1077152,corner,1,0.6700,3,2227
14050,1077221,corner,1,0.6800,3,2228
14051,1077297,corner,1,0.6800,3,2229
14052,1077350,corner,0,0.6700,3,2230
14053,1077418,corner,1,0.6700,3,2231
14054,1077501,corner,1,0.6800,3,2232
14055,1077547,corner,0,0.6700,3,2233
14056,1077623,corner,1,0.6700,3,2234
14057,1077690,corner,0,0.6600,3,2235
14058,1077779,corner,1,0.6700,3,2236
14059,1077916,corner,0,0.6600,3,2237
14060,1078069,corner,1,0.6600,3,2238
14061,1078124,corner,0,0.6600,3,2239
14062,1078249,corner,1,0.6700,3,2240
14063,1078335,corner,1,0.6700,3,2241
14064,1078412,corner,1,0.6700,3,2242
14065,1078481,corner,1,0.6800,3,2243
14066,1078564,corner,1,0.6900,3,2244
14067,1078696,corner,0,0.6800,3,2245
14068,1078777,corner,0,0.6700,3,2246
14069,1078894,corner,1,0.6800,3,2247
14070,1078974,corner,1,0.6800,3,2248
14071,1079043,corner,1,0.6800,3,2249
14072,1079112,corner,1,0.6800,3,2250
14073,1079205,corner,1,0.6900,3,2251
14074,1079267,corner,0,0.6800,3,2252
14075,1079364,corner,1,0.6900,3,2253
14076,1079542,corner,1,0.7000,3,2254
14077,1079610,corner,1,0.7100,3,2255
14078,1079715,corner,1,0.7100,3,2256
14079,1079781,corner,1,0.7100,3,2257
14080,1079860,corner,1,0.7100,3,2258
14081,1079911,corner,0,0.7000,3,2259
14082,1079985,corner,1,0.7000,3,2260
14083,1080031,corner,0,0.6900,3,2261
14084,1080110,corner,1,0.6900,3,2262
14085,1080180,corner,1,0.6900,3,2263
14086,1080244,corner,0,0.6800,3,2264
14087,1080357,corner,1,0.6900,3,2265
14088,1080428,corner,1,0.6900,3,2266
14089,1080599,corner,1,0.6900,3,2267
14090,1080685,corner,1,0.6900,3,2268
14091,1080760,corner,1,0.6900,3,2269
14092,1080832,corner,1,0.6900,3,2270
14093,1080911,corner,1,0.6900,3,2271
14094,1080995,corner,0,0.6800,3,2272
14095,1081097,corner,1,0.6800,3,2273
14096,1081177,corner,1,0.6800,3,2274
14097,1081263,corner,1,0.6900,3,2275
14098,1081348,corner,1,0.6900,3,2276
14099,1081412,corner,0,0.6800,3,2277
14100,1081467,corner,1,0.6900,3,2278
14101,1081553,corner,1,0.6900,3,2279
14102,1081634,corner,0,0.6800,3,2280
14103,1081715,corner,0,0.6700,3,2281
14104,1081781,corner,1,0.6800,3,2282
14105,1081881,corner,1,0.6800,3,2283
14106,1081994,corner,1,0.6900,3,2284
14107,1082052,corner,0,0.6900,3,2285
14108,1082176,corner,1,0.7000,3,2286
14109,1082339,corner,1,0.7000,3,2287
14110,1082420,corner,0,0.6900,3,2288
14111,1082471,corner,0,0.6900,3,2289
14112,1082711,corner,1,0.7000,3,2290
14113,1082791,corner,1,0.7000,3,2291
14114,1082937,corner,1,0.7000,3,2292
14115,1083019,corner,1,0.7000,3,2293
14116,1083088,corner,1,0.7000,3,2294
14117,1083186,corner,1,0.7000,3,2295
14118,1083292,corner,0,0.6900,3,2296
14119,1083360,corner,0,0.6800,3,2297
14120,1083438,corner,1,0.6900,3,2298
14121,1083579,corner,1,0.6900,3,2299
14122,1083659,corner,1,0.7000,3,2300
14123,1083734,corner,1,0.7000,3,2301
14124,1083817,corner,0,0.6900,3,2302
14125,1083984,corner,1,0.6900,3,2303
14126,1084065,corner,0,0.6800,3,2304
14127,1084135,corner,0,0.6700,3,2305
14128,1084208,corner,1,0.6700,3,2306
14129,1084274,corner,1,0.6700,3,2307
14130,1084354,corner,1,0.6700,3,2308
14131,1084412,corner,1,0.6700,3,2309
14132,1084493,corner,0,0.6700,3,2310
14133,1084573,corner,1,0.6700,3,2311
14134,1084657,corner,1,0.6800,3,2312
14135,1084738,corner,1,0.6800,3,2313
14136,1084902,corner,1,0.6900,3,2314
14137,1084979,corner,1,0.7000,3,2315
14138,1085099,corner,1,0.7100,3,2316
14139,1085164,corner,0,0.7000,3,2317
14140,1085246,corner,1,0.7000,3,2318
14141,1085359,corner,1,0.7100,3,2319
14142,1085426,corner,1,0.7200,3,2320
14143,1085484,corner,0,0.7200,3,2321
14144,1085669,corner,1,0.7300,3,2322
14145,1085757,corner,1,0.7400,3,2323
14146,1085828,corner,1,0.7400,3,2324
14147,1085942,corner,1,0.7400,3,2325
14148,1086017,corner,1,0.7400,3,2326
14149,1086084,corner,0,0.7300,3,2327
14150,1086169,corner,1,0.7300,3,2328
14151,1086230,corner,0,0.7200,3,2329
14152,1086321,corner,1,0.7300,3,2330
14153,1086410,corner,1,0.7300,3,2331
14154,1086486,corner,1,0.7300,3,2332
14155,1086531,corner,0,0.7300,3,2333
14156,1086613,corner,1,0.7300,3,2334
14157,1086682,corner,1,0.7400,3,2335
14158,1086975,corner,0,0.7300,3,2336
14159,1087055,corner,1,0.7400,3,2337
14160,1087125,corner,1,0.7400,3,2338
14161,1087235,corner,0,0.7400,3,2339
14162,1087309,corner,1,0.7400,3,2340
14163,1087428,corner,0,0.7300,3,2341
14164,1087512,corner,0,0.7200,3,2342
14165,1087581,corner,1,0.7200,3,2343
14166,1087647,corner,1,0.7200,3,2344
14167,1087728,corner,1,0.7300,3,2345
14168,1087787,corner,0,0.7300,3,2346
14169,1087879,corner,1,0.7300,3,2347
14170,1087953,corner,1,0.7300,3,2348
14171,1088028,corner,1,0.7300,3,2349
14172,1088103,corner,1,0.7300,3,2350
14173,1088168,corner,0,0.7200,3,2351
14174,1088228,corner,1,0.7300,3,2352
14175,1088369,corner,1,0.7300,3,2353
14176,1088447,corner,1,0.7300,3,2354
14177,1088531,corner,0,0.7200,3,2355
14178,1088608,corner,1,0.7200,3,2356
14179,1088699,corner,1,0.7200,3,2357
14180,1088770,corner,1,0.7200,3,2358
14181,1088847,corner,1,0.7300,3,2359
14182,1088974,corner,1,0.7300,3,2360
14183,1089030,corner,0,0.7300,3,2361
14184,1089112,corner,0,0.7200,3,2362
14185,1089189,corner,1,0.7200,3,2363
14186,1089263,corner,1,0.7300,3,2364
14187,1089344,corner,0,0.7200,3,2365
14188,1089479,corner,0,0.7100,3,2366
14189,1089591,corner,1,0.7100,3,2367
14190,1089667,corner,1,0.7100,3,2368
14191,1089744,corner,1,0.7100,3,2369
14192,1089837,corner,1,0.7100,3,2370
14193,1089911,corner,1,0.7100,3,2371
14194,1089959,corner,0,0.7100,3,2372
14195,1090022,corner,0,0.7000,3,2373
14196,1090101,corner,1,0.7000,3,2374
14197,1090174,corner,1,0.7000,3,2375
14198,1090229,corner,0,0.6900,3,2376
14199,1090352,corner,0,0.6900,3,2377
14200,1090425,corner,0,0.6800,3,2378
14201,1090541,corner,1,0.6800,3,2379
14202,1090623,corner,1,0.6900,3,2380
14203,1090698,corner,1,0.7000,3,2381
14204,1090780,corner,0,0.6900,3,2382
14205,1090852,corner,1,0.6900,3,2383
14206,1091046,corner,1,0.6900,3,2384
14207,1091143,corner,1,0.7000,3,2385
14208,1091210,corner,1,0.7000,3,2386
14209,1091291,corner,0,0.6900,3,2387
14210,1091369,corner,1,0.7000,3,2388
14211,1091420,corner,0,0.7000,3,2389
14212,1091486,corner,1,0.7000,3,2390
14213,1091571,corner,1,0.7000,3,2391
14214,1091702,corner,1,0.7000,3,2392
14215,1091784,corner,1,0.7000,3,2393
14216,1091865,corner,0,0.6900,3,2394
14217,1091914,corner,0,0.6800,3,2395
14218,1092013,corner,0,0.6800,3,2396
14219,1092097,corner,0,0.6800,3,2397
14220,1092183,corner,1,0.6800,3,2398
14221,1092246,corner,1,0.6800,3,2399
14222,1092299,corner,1,0.6800,3,2400
14223,1092462,corner,0,0.6700,3,2401
14224,1092558,corner,1,0.6800,3,2402
14225,1092629,corner,1,0.6800,3,2403
14226,1092696,corner,1,0.6900,3,2404
14227,1092787,corner,0,0.6900,3,2405
14228,1092868,corner,0,0.6800,3,2406
14229,1092962,corner,1,0.6800,3,2407
14230,1093028,corner,0,0.6700,3,2408
14231,1093119,corner,0,0.6600,3,2409
14232,1093175,corner,0,0.6600,3,2410
14233,1093304,corner,1,0.6600,3,2411
14234,1093436,corner,0,0.6500,3,2412
14235,1093503,corner,1,0.6500,3,2413
14236,1093577,corner,1,0.6500,3,2414
14237,1093662,corner,1,0.6500,3,2415
14238,1093746,corner,1,0.6500,3,2416
14239,1093833,corner,0,0.6500,3,2417
14240,1093924,corner,1,0.6500,3,2418
14241,1093977,corner,0,0.6400,3,2419
14242,1094191,corner,1,0.6400,3,2420
14243,1094249,corner,0,0.6400,3,2421
14244,1094299,corner,0,0.6300,3,2422
14245,1094380,corner,0,0.6200,3,2423
14246,1094460,corner,1,0.6200,3,2424
14247,1094533,corner,1,0.6200,3,2425
14248,1094592,corner,0,0.6100,3,2426
14249,1094649,corner,0,0.6100,3,2427
14250,1094714,corner,0,0.6000,3,2428
14251,1094804,corner,1,0.6100,3,2429
14252,1094879,corner,1,0.6100,3,2430
14253,1094952,corner,1,0.6100,3,2431
14254,1095024,corner,1,0.6100,3,2432
14255,1095077,corner,0,0.6100,3,2433
14256,1095223,corner,1,0.6100,3,2434
14257,1095284,corner,0,0.6000,3,2435
14258,1095333,corner,0,0.6000,3,2436
14259,1095380,corner,0,0.5900,3,2437
14260,1095461,corner,0,0.5800,3,2438
14261,1095534,corner,1,0.5900,3,2439
14262,1095597,corner,0,0.5800,3,2440
14263,1095690,corner,0,0.5800,3,2441
14264,1095765,corner,1,0.5900,3,2442
14265,1095986,corner,1,0.5900,3,2443
14266,1096114,corner,1,0.5900,3,2444
14267,1096188,corner,1,0.5900,3,2445
14268,1096261,corner,1,0.6000,3,2446
14269,1096312,corner,0,0.5900,3,2447
14270,1096410,corner,0,0.5800,3,2448
14271,1096492,corner,1,0.5800,3,2449
14272,1096574,corner,0,0.5700,3,2450
14273,1096655,corner,1,0.5800,3,2451
14274,1096745,corner,1,0.5800,3,2452
14275,1096828,corner,0,0.5700,3,2453
14276,1096947,corner,0,0.5600,3,2454
14277,1097019,corner,1,0.5700,3,2455
14278,1097117,corner,0,0.5600,3,2456
14279,1097191,corner,1,0.5600,3,2457
14280,1097245,corner,0,0.5500,3,2458
14281,1097359,corner,1,0.5500,3,2459
14282,1097447,corner,1,0.5500,3,2460
14283,1097528,corner,1,0.5600,3,2461
14284,1097610,corner,0,0.5600,3,2462
14285,1097756,corner,1,0.5600,3,2463
14286,1097860,corner,1,0.5600,3,2464
14287,1097986,corner,1,0.5700,3,2465
14288,1098073,corner,0,0.5700,3,2466
14289,1098151,corner,1,0.5700,3,2467
14290,1098199,corner,0,0.5600,3,2468
14291,1098286,corner,1,0.5600,3,2469
14292,1098429,corner,0,0.5500,3,2470
14293,1098538,corner,1,0.5500,3,2471
14294,1098600,corner,0,0.5500,3,2472
14295,1098663,corner,0,0.5500,3,2473
14296,1098748,corner,0,0.5400,3,2474
14297,1098888,corner,0,0.5300,3,2475
14298,1098939,corner,0,0.5300,3,2476
14299,1099031,corner,1,0.5400,3,2477
14300,1099133,corner,0,0.5400,3,2478
14301,1099215,corner,0,0.5300,3,2479
14302,1099273,corner,0,0.5200,3,2480
14303,1099326,corner,1,0.5200,3,2481
14304,1099413,corner,1,0.5300,3,2482
14305,1099498,corner,1,0.5300,3,2483
14306,1099582,corner,1,0.5300,3,2484
14307,1099663,corner,0,0.5200,3,2485
14308,1099729,corner,1,0.5200,3,2486
14309,1099814,corner,0,0.5200,3,2487
14310,1099886,corner,1,0.5200,3,2488
14311,1099934,corner,0,0.5200,3,2489
14312,1100019,corner,1,0.5200,3,2490
14313,1100092,edge,1,0.5200,4,1
14314,1100161,edge,1,0.5200,4,2
14315,1100219,edge,0,0.5100,4,3
14316,1100314,edge,1,0.5200,4,4
14317,1100394,edge,1,0.5300,4,5
14318,1100476,edge,1,0.5400,4,6
14319,1100559,edge,1,0.5500,4,7
14320,1100703,edge,0,0.5400,4,8
14321,1100766,edge,0,0.5300,4,9
14322,1100854,edge,1,0.5300,4,10
14323,1100935,edge,0,0.5300,4,11
14324,1101012,edge,1,0.5300,4,12
14325,1101075,edge,1,0.5300,4,13
14326,1101151,edge,1,0.5300,4,14
14327,1101200,edge,1,0.5400,4,15
14328,1101254,edge,1,0.5500,4,16
14329,1101352,edge,1,0.5500,4,17
14330,1101443,edge,1,0.5600,4,18
14331,1101592,edge,1,0.5700,4,19
14332,1101669,edge,1,0.5800,4,20
14333,1101750,edge,1,0.5800,4,21
14334,1101831,edge,0,0.5800,4,22
14335,1101912,edge,0,0.5700,4,23
14336,1101996,edge,0,0.5600,4,24
14337,1102090,edge,1,0.5600,4,25
14338,1102175,edge,0,0.5500,4,26
14339,1102248,edge,1,0.5600,4,27
14340,1102317,edge,1,0.5600,4,28
14341,1102397,edge,1,0.5700,4,29
14342,1102479,edge,0,0.5600,4,30
14343,1102629,edge,1,0.5700,4,31
14344,1102717,edge,0,0.5700,4,32
14345,1102813,edge,1,0.5800,4,33
14346,1102876,edge,1,0.5800,4,34
14347,1102958,edge,1,0.5800,4,35
14348,1103040,edge,1,0.5900,4,36
14349,1103111,edge,1,0.6000,4,37
14350,1103178,edge,1,0.6100,4,38
14351,1103258,edge,1,0.6100,4,39
14352,1103329,edge,1,0.6100,4,40
14353,1103398,edge,1,0.6100,4,41
14354,1103480,edge,0,0.6000,4,42
14355,1103549,edge,1,0.6100,4,43
14356,1103622,edge,1,0.6100,4,44
14357,1103673,edge,1,0.6200,4,45
14358,1103743,edge,1,0.6300,4,46
14359,1103816,edge,1,0.6400,4,47
14360,1103898,edge,0,0.6400,4,48
14361,1103967,edge,1,0.6400,4,49
14362,1104030,edge,1,0.6500,4,50
14363,1104101,edge,1,0.6600,4,51
14364,1104182,edge,0,0.6500,4,52
14365,1104266,edge,1,0.6500,4,53
14366,1104340,edge,1,0.6500,4,54
14367,1104428,edge,1,0.6500,4,55
14368,1104485,edge,1,0.6500,4,56
14369,1104575,edge,0,0.6500,4,57
14370,1104633,edge,1,0.6600,4,58
14371,1104689,edge,1,0.6600,4,59
14372,1104770,edge,0,0.6600,4,60
14373,1104859,edge,0,0.6500,4,61
14374,1104935,edge,1,0.6500,4,62
14375,1105014,edge,1,0.6600,4,63
14376,1105085,edge,1,0.6700,4,64
14377,1105166,edge,0,0.6600,4,65
14378,1105260,edge,1,0.6700,4,66
14379,1105349,edge,1,0.6700,4,67
14380,1105413,edge,1,0.6800,4,68
14381,1105473,edge,1,0.6800,4,69
14382,1105535,edge,1,0.6800,4,70
14383,1105586,edge,0,0.6700,4,71
14384,1105653,edge,1,0.6800,4,72
14385,1105732,edge,1,0.6800,4,73
14386,1105815,edge,0,0.6700,4,74
14387,1105890,edge,1,0.6700,4,75
14388,1105974,edge,1,0.6800,4,76
14389,1106067,edge,1,0.6800,4,77
14390,1106151,edge,1,0.6900,4,78
14391,1106199,edge,0,0.6800,4,79
14392,1106270,edge,1,0.6900,4,80
14393,1106348,edge,1,0.6900,4,81
14394,1106441,edge,0,0.6900,4,82
14395,1106516,edge,1,0.7000,4,83
14396,1106590,edge,1,0.7100,4,84
14397,1106643,edge,0,0.7100,4,85
14398,1106715,edge,1,0.7200,4,86
14399,1106801,edge,1,0.7200,4,87
14400,1106882,edge,0,0.7200,4,88
14401,1106937,edge,1,0.7300,4,89
14402,1107019,edge,1,0.7400,4,90
14403,1107063,edge,0,0.7300,4,91
14404,1107144,edge,1,0.7300,4,92
14405,1107223,edge,1,0.7300,4,93
14406,1107301,edge,1,0.7300,4,94
14407,1107381,edge,1,0.7400,4,95
14408,1107457,edge,1,0.7400,4,96
14409,1107524,edge,1,0.7500,4,97
14410,1107676,edge,1,0.7500,4,98
14411,1107757,edge,0,0.7500,4,99
14412,1107849,edge,0,0.7400,4,100
14413,1107902,edge,1,0.7400,4,101
14414,1108055,edge,0,0.7300,4,102
14415,1108138,edge,1,0.7400,4,103
14416,1108207,edge,1,0.7400,4,104
14417,1108261,edge,0,0.7300,4,105
14418,1108417,edge,1,0.7300,4,106
14419,1108488,edge,1,0.7300,4,107
14420,1108579,edge,0,0.7300,4,108
14421,1108661,edge,0,0.7300,4,109
14422,1108742,edge,0,0.7200,4,110
14423,1108799,edge,1,0.7300,4,111
14424,1108880,edge,0,0.7200,4,112
14425,1108970,edge,1,0.7200,4,113
14426,1109055,edge,1,0.7200,4,114
14427,1109147,edge,1,0.7200,4,115
14428,1109223,edge,1,0.7200,4,116
14429,1109293,edge,1,0.7200,4,117
14430,1109364,edge,1,0.7200,4,118
14431,1109452,edge,1,0.7200,4,119
14432,1109521,edge,1,0.7200,4,120
14433,1109580,edge,1,0.7200,4,121
14434,1109649,edge,1,0.7300,4,122
14435,1109738,edge,0,0.7300,4,123
14436,1109828,edge,0,0.7300,4,124
14437,1109909,edge,0,0.7200,4,125
14438,1109996,edge,1,0.7300,4,126
14439,1110140,edge,1,0.7300,4,127
14440,1110218,edge,1,0.7300,4,128
14441,1110264,edge,0,0.7200,4,129
14442,1110330,edge,1,0.7300,4,130
14443,1110387,edge,1,0.7300,4,131
14444,1110564,edge,0,0.7300,4,132
14445,1110645,edge,0,0.7200,4,133
14446,1110694,edge,1,0.7200,4,134
14447,1110770,edge,1,0.7200,4,135
14448,1110853,edge,1,0.7200,4,136
14449,1110922,edge,1,0.7200,4,137
14450,1111000,edge,1,0.7200,4,138
14451,1111068,edge,1,0.7200,4,139
14452,1111144,edge,1,0.7200,4,140
14453,1111207,edge,1,0.7200,4,141
14454,1111283,edge,1,0.7300,4,142
14455,1111335,edge,1,0.7300,4,143
14456,1111427,edge,1,0.7300,4,144
14457,1111516,edge,0,0.7200,4,145
14458,1111589,edge,1,0.7200,4,146
14459,1111670,edge,1,0.7200,4,147
14460,1111756,edge,1,0.7300,4,148
14461,1111837,edge,0,0.7200,4,149
14462,1111902,edge,1,0.7200,4,150
14463,1111975,edge,1,0.7200,4,151
14464,1112128,edge,1,0.7300,4,152
14465,1112184,edge,0,0.7200,4,153
14466,1112236,edge,0,0.7100,4,154
14467,1112302,edge,1,0.7100,4,155
14468,1112374,edge,1,0.7100,4,156
14469,1112455,edge,0,0.7100,4,157
14470,1112544,edge,1,0.7100,4,158
14471,1112611,edge,1,0.7100,4,159
14472,1112658,edge,0,0.7100,4,160
14473,1112729,edge,1,0.7200,4,161
14474,1112815,edge,1,0.7200,4,162
14475,1112887,edge,1,0.7200,4,163
14476,1112946,edge,1,0.7200,4,164
14477,1113004,edge,1,0.7300,4,165
14478,1113092,edge,1,0.7300,4,166
14479,1113137,edge,0,0.7200,4,167
14480,1113211,edge,1,0.7200,4,168
14481,1113313,edge,0,0.7100,4,169
14482,1113380,edge,1,0.7100,4,170
14483,1113450,edge,1,0.7200,4,171
14484,1113525,edge,1,0.7200,4,172
14485,1113596,edge,1,0.7200,4,173
14486,1113652,edge,1,0.7300,4,174
14487,1113707,edge,0,0.7200,4,175
14488,1113788,edge,0,0.7100,4,176
14489,1113885,edge,1,0.7100,4,177
14490,1113953,edge,1,0.7100,4,178
14491,1114005,edge,1,0.7200,4,179
14492,1114089,edge,1,0.7200,4,180
14493,1114145,edge,0,0.7100,4,181
14494,1114223,edge,1,0.7200,4,182
14495,1114303,edge,1,0.7200,4,183
14496,1114378,edge,1,0.7200,4,184
14497,1114440,edge,1,0.7300,4,185
14498,1114513,edge,1,0.7300,4,186
14499,1114577,edge,1,0.7300,4,187
14500,1114644,edge,1,0.7400,4,188
14501,1114730,edge,0,0.7300,4,189
14502,1114815,edge,1,0.7300,4,190
14503,1114885,edge,1,0.7400,4,191
14504,1114959,edge,1,0.7400,4,192
14505,1115020,edge,1,0.7400,4,193
14506,1115074,edge,1,0.7400,4,194
14507,1115142,edge,1,0.7400,4,195
14508,1115212,edge,1,0.7400,4,196
14509,1115282,edge,1,0.7400,4,197
14510,1115434,edge,1,0.7400,4,198
14511,1115504,edge,1,0.7500,4,199
14512,1115579,edge,1,0.7600,4,200
14513,1115741,edge,1,0.7600,4,201
14514,1115801,edge,1,0.7700,4,202
14515,1115891,edge,0,0.7600,4,203
14516,1115976,edge,1,0.7600,4,204
14517,1116054,edge,1,0.7700,4,205
14518,1116149,edge,1,0.7700,4,206
14519,1116218,edge,1,0.7700,4,207
14520,1116266,edge,0,0.7700,4,208
14521,1116337,edge,1,0.7800,4,209
14522,1116417,edge,1,0.7900,4,210
14523,1116486,edge,1,0.7900,4,211
14524,1116553,edge,1,0.8000,4,212
14525,1116621,edge,1,0.8000,4,213
14526,1116700,edge,1,0.8000,4,214
14527,1116768,edge,1,0.8000,4,215
14528,1116836,edge,1,0.8000,4,216
14529,1116923,edge,1,0.8000,4,217
14530,1116998,edge,1,0.8000,4,218
14531,1117053,edge,0,0.7900,4,219
14532,1117130,edge,1,0.7900,4,220
14533,1117181,edge,0,0.7800,4,221
14534,1117337,edge,1,0.7800,4,222
14535,1117401,edge,0,0.7800,4,223
14536,1117474,edge,1,0.7900,4,224
14537,1117550,edge,1,0.8000,4,225
14538,1117613,edge,1,0.8000,4,226
14539,1117684,edge,1,0.8000,4,227
14540,1117759,edge,1,0.8000,4,228
14541,1117805,edge,0,0.8000,4,229
14542,1117870,edge,1,0.8000,4,230
14543,1117950,edge,1,0.8000,4,231
14544,1118031,edge,0,0.8000,4,232
14545,1118113,edge,0,0.8000,4,233
14546,1118216,edge,1,0.8000,4,234
14547,1118272,edge,1,0.8000,4,235
14548,1118339,edge,1,0.8000,4,236
14549,1118397,edge,0,0.7900,4,237
14550,1118505,edge,1,0.7900,4,238
14551,1118563,edge,0,0.7800,4,239
14552,1118611,edge,1,0.7800,4,240
14553,1118676,edge,1,0.7800,4,241
14554,1118757,edge,0,0.7700,4,242
14555,1118822,edge,1,0.7700,4,243
14556,1118889,edge,1,0.7700,4,244
14557,1118948,edge,1,0.7800,4,245
14558,1119015,edge,1,0.7800,4,246
14559,1119113,edge,1,0.7800,4,247
14560,1119194,edge,0,0.7700,4,248
14561,1119273,edge,1,0.7800,4,249
14562,1119354,edge,0,0.7700,4,250
14563,1119413,edge,1,0.7700,4,251
14564,1119465,edge,1,0.7700,4,252
14565,1119536,edge,1,0.7800,4,253
14566,1119617,edge,0,0.7800,4,254
14567,1119696,edge,1,0.7800,4,255
14568,1119771,edge,1,0.7800,4,256
14569,1119840,edge,1,0.7900,4,257
14570,1119895,edge,1,0.7900,4,258
14571,1120089,edge,1,0.7900,4,259
14572,1120140,edge,1,0.8000,4,260
14573,1120214,edge,1,0.8000,4,261
14574,1120293,edge,1,0.8000,4,262
14575,1120345,edge,1,0.8000,4,263
14576,1120409,edge,1,0.8000,4,264
14577,1120488,edge,1,0.8000,4,265
14578,1120554,edge,1,0.8000,4,266
14579,1120626,edge,1,0.8100,4,267
14580,1120693,edge,1,0.8100,4,268
14581,1120771,edge,1,0.8200,4,269
14582,1120848,edge,1,0.8200,4,270
14583,1120929,edge,1,0.8200,4,271
14584,1121016,edge,1,0.8200,4,272
14585,1121100,edge,0,0.8100,4,273
14586,1121146,edge,0,0.8000,4,274
14587,1121246,edge,1,0.8100,4,275
14588,1121313,edge,1,0.8200,4,276
14589,1121382,edge,1,0.8200,4,277
14590,1121471,edge,1,0.8200,4,278
14591,1121515,edge,0,0.8100,4,279
14592,1121621,edge,1,0.8100,4,280
14593,1121683,edge,1,0.8200,4,281
14594,1121746,edge,1,0.8200,4,282
14595,1121794,edge,0,0.8100,4,283
14596,1121844,edge,0,0.8000,4,284
14597,1121953,edge,0,0.7900,4,285
14598,1121997,edge,0,0.7800,4,286
14599,1122087,edge,1,0.7800,4,287
14600,1122168,edge,1,0.7800,4,288
14601,1122224,edge,0,0.7800,4,289
14602,1122268,edge,0,0.7700,4,290
14603,1122325,edge,1,0.7700,4,291
14604,1122404,edge,1,0.7700,4,292
14605,1122452,edge,1,0.7700,4,293
14606,1122537,edge,0,0.7600,4,294
14607,1122608,edge,1,0.7600,4,295
14608,1122711,edge,1,0.7600,4,296
14609,1122775,edge,1,0.7600,4,297
14610,1122857,edge,0,0.7500,4,298
14611,1122934,edge,1,0.7500,4,299
14612,1123004,edge,0,0.7400,4,300
14613,1123058,edge,1,0.7400,4,301
14614,1123125,edge,1,0.7400,4,302
14615,1123202,edge,1,0.7500,4,303
14616,1123280,edge,1,0.7500,4,304
14617,1123348,edge,1,0.7500,4,305
14618,1123413,edge,1,0.7500,4,306
14619,1123472,edge,1,0.7500,4,307
14620,1123539,edge,1,0.7600,4,308
14621,1123615,edge,1,0.7600,4,309
14622,1123693,edge,1,0.7600,4,310
14623,1123753,edge,1,0.7600,4,311
14624,1123804,edge,0,0.7500,4,312
14625,1123895,edge,1,0.7500,4,313
14626,1123976,edge,0,0.7400,4,314
14627,1124116,edge,1,0.7400,4,315
14628,1124164,edge,1,0.7400,4,316
14629,1124266,edge,1,0.7400,4,317
14630,1124346,edge,1,0.7400,4,318
14631,1124394,edge,0,0.7400,4,319
14632,1124499,edge,0,0.7300,4,320
14633,1124569,edge,1,0.7400,4,321
14634,1124639,edge,1,0.7400,4,322
14635,1124714,edge,1,0.7500,4,323
14636,1124773,edge,1,0.7500,4,324
14637,1124842,edge,1,0.7500,4,325
14638,1124913,edge,1,0.7500,4,326
14639,1124968,edge,1,0.7500,4,327
14640,1125027,edge,1,0.7500,4,328
14641,1125086,edge,1,0.7600,4,329
14642,1125134,edge,1,0.7600,4,330
14643,1125212,edge,1,0.7600,4,331
14644,1125279,edge,1,0.7700,4,332
14645,1125366,edge,1,0.7800,4,333
14646,1125423,edge,1,0.7800,4,334
14647,1125503,edge,1,0.7800,4,335
14648,1125554,edge,1,0.7800,4,336
14649,1125637,edge,0,0.7800,4,337
14650,1125731,edge,1,0.7800,4,338
14651,1125796,edge,1,0.7900,4,339
14652,1125897,edge,0,0.7800,4,340
14653,1125969,edge,1,0.7800,4,341
14654,1126034,edge,1,0.7900,4,342
14655,1126098,edge,1,0.7900,4,343
14656,1126153,edge,1,0.7900,4,344
14657,1126219,edge,1,0.7900,4,345
14658,1126304,edge,1,0.7900,4,346
14659,1126377,edge,1,0.7900,4,347
14660,1126445,edge,1,0.8000,4,348
14661,1126503,edge,1,0.8000,4,349
14662,1126564,edge,1,0.8100,4,350
14663,1126631,edge,1,0.8100,4,351
14664,1126703,edge,1,0.8100,4,352
14665,1126784,edge,1,0.8100,4,353
14666,1126857,edge,1,0.8200,4,354
14667,1126911,edge,0,0.8100,4,355
14668,1126981,edge,1,0.8100,4,356
14669,1127039,edge,1,0.8100,4,357
14670,1127120,edge,1,0.8100,4,358
14671,1127227,edge,1,0.8100,4,359
14672,1127301,edge,1,0.8100,4,360
14673,1127374,edge,1,0.8100,4,361
14674,1127464,edge,1,0.8100,4,362
14675,1127539,edge,1,0.8100,4,363
14676,1127655,edge,1,0.8100,4,364
14677,1127713,edge,1,0.8100,4,365
14678,1127786,edge,1,0.8100,4,366
14679,1127853,edge,1,0.8100,4,367
14680,1127928,edge,1,0.8100,4,368
14681,1128013,edge,1,0.8100,4,369
14682,1128097,edge,0,0.8000,4,370
14683,1128166,edge,1,0.8000,4,371
14684,1128240,edge,1,0.8000,4,372
14685,1128310,edge,1,0.8100,4,373
14686,1128389,edge,1,0.8200,4,374
14687,1128456,edge,1,0.8200,4,375
14688,1128574,edge,1,0.8200,4,376
14689,1128630,edge,1,0.8200,4,377
14690,1128694,edge,1,0.8200,4,378
14691,1128777,edge,1,0.8300,4,379
14692,1128848,edge,1,0.8300,4,380
14693,1128939,edge,1,0.8300,4,381
14694,1129009,edge,1,0.8300,4,382
14695,1129078,edge,1,0.8400,4,383
14696,1129163,edge,1,0.8500,4,384
14697,1129214,edge,0,0.8500,4,385
14698,1129284,edge,1,0.8600,4,386
14699,1129354,edge,1,0.8600,4,387
14700,1129434,edge,1,0.8600,4,388
14701,1129511,edge,1,0.8700,4,389
14702,1129577,edge,1,0.8800,4,390
14703,1129647,edge,1,0.8800,4,391
14704,1129722,edge,1,0.8800,4,392
14705,1129794,edge,1,0.8800,4,393
14706,1129876,edge,1,0.8900,4,394
14707,1129960,edge,1,0.8900,4,395
14708,1130035,edge,1,0.8900,4,396
14709,1130110,edge,1,0.8900,4,397
14710,1130172,edge,1,0.9000,4,398
14711,1130252,edge,1,0.9000,4,399
14712,1130305,edge,1,0.9100,4,400
14713,1130376,edge,1,0.9100,4,401
14714,1130456,edge,1,0.9100,4,402
14715,1130509,edge,1,0.9100,4,403
14716,1130592,edge,1,0.9100,4,404
14717,1130684,edge,0,0.9000,4,405
14718,1130763,edge,1,0.9000,4,406
14719,1130840,edge,1,0.9000,4,407
14720,1130934,edge,1,0.9000,4,408
14721,1131002,edge,1,0.9000,4,409
14722,1131067,edge,1,0.9000,4,410
14723,1131155,edge,1,0.9000,4,411
14724,1131209,edge,1,0.9100,4,412
14725,1131302,edge,1,0.9100,4,413
14726,1131378,edge,1,0.9200,4,414
14727,1131451,edge,1,0.9200,4,415
14728,1131546,edge,1,0.9200,4,416
14729,1131706,edge,1,0.9200,4,417
14730,1131779,edge,1,0.9200,4,418
14731,1131863,edge,0,0.9200,4,419
14732,1131927,edge,1,0.9300,4,420
14733,1132009,edge,1,0.9300,4,421
14734,1132086,edge,1,0.9300,4,422
14735,1132164,edge,1,0.9300,4,423
14736,1132237,edge,1,0.9300,4,424
14737,1132284,edge,0,0.9200,4,425
14738,1132354,edge,1,0.9200,4,426
14739,1132441,edge,1,0.9200,4,427
14740,1132518,edge,1,0.9200,4,428
14741,1132650,edge,0,0.9100,4,429
14742,1132733,edge,1,0.9100,4,430
14743,1132872,edge,1,0.9100,4,431
14744,1132949,edge,1,0.9100,4,432
14745,1133038,edge,1,0.9100,4,433
14746,1133135,edge,1,0.9100,4,434
14747,1133191,edge,1,0.9100,4,435
14748,1133270,edge,1,0.9100,4,436
14749,1133371,edge,1,0.9200,4,437
14750,1133448,edge,1,0.9200,4,438
14751,1133524,edge,1,0.9200,4,439
14752,1133581,edge,1,0.9300,4,440
14753,1133671,edge,1,0.9300,4,441
14754,1133733,edge,1,0.9300,4,442
14755,1133783,edge,1,0.9300,4,443
14756,1133851,edge,1,0.9300,4,444
14757,1133934,edge,1,0.9300,4,445
14758,1133988,edge,1,0.9300,4,446
14759,1134077,edge,1,0.9300,4,447
14760,1134151,edge,1,0.9300,4,448
14761,1134200,edge,1,0.9300,4,449
14762,1134286,edge,1,0.9300,4,450
14763,1134349,edge,1,0.9300,4,451
14764,1134421,edge,1,0.9300,4,452
14765,1134475,edge,1,0.9300,4,453
14766,1134550,edge,1,0.9300,4,454
14767,1134641,edge,1,0.9400,4,455
14768,1134727,edge,1,0.9400,4,456
14769,1134797,edge,1,0.9400,4,457
14770,1134879,edge,1,0.9400,4,458
14771,1134960,edge,1,0.9400,4,459
14772,1135035,edge,1,0.9400,4,460
14773,1135100,edge,1,0.9400,4,461
14774,1135186,edge,1,0.9400,4,462
14775,1135269,edge,1,0.9400,4,463
14776,1135369,edge,1,0.9400,4,464
14777,1135455,edge,1,0.9400,4,465
14778,1135539,edge,1,0.9400,4,466
14779,1135601,edge,1,0.9400,4,467
14780,1135676,edge,1,0.9400,4,468
14781,1135744,edge,1,0.9400,4,469
14782,1135814,edge,1,0.9500,4,470
14783,1135884,edge,1,0.9500,4,471
14784,1135961,edge,1,0.9500,4,472
14785,1136025,edge,1,0.9500,4,473
14786,1136103,edge,1,0.9500,4,474
14787,1136154,edge,1,0.9500,4,475
14788,1136223,edge,1,0.9500,4,476
14789,1136396,edge,1,0.9500,4,477
14790,1136474,edge,1,0.9500,4,478
14791,1136531,edge,1,0.9500,4,479
14792,1136603,edge,1,0.9500,4,480
14793,1136687,edge,1,0.9500,4,481
14794,1136747,edge,1,0.9500,4,482
14795,1136830,edge,1,0.9500,4,483
14796,1136910,edge,1,0.9500,4,484
14797,1136971,edge,1,0.9600,4,485
14798,1137038,edge,1,0.9600,4,486
14799,1137112,edge,1,0.9600,4,487
14800,1137187,edge,1,0.9600,4,488
14801,1137259,edge,1,0.9600,4,489
14802,1137339,edge,1,0.9600,4,490
14803,1137392,edge,1,0.9600,4,491
14804,1137451,edge,1,0.9600,4,492
14805,1137514,edge,1,0.9600,4,493
14806,1137587,edge,1,0.9600,4,494
14807,1137642,edge,1,0.9600,4,495
14808,1137721,edge,1,0.9600,4,496
14809,1137788,edge,1,0.9600,4,497
14810,1137856,edge,1,0.9600,4,498
14811,1137931,edge,1,0.9600,4,499
14812,1138020,edge,1,0.9600,4,500
14813,1138101,edge,0,0.9500,4,501
14814,1138172,edge,1,0.9500,4,502
14815,1138261,edge,1,0.9500,4,503
14816,1138316,edge,1,0.9500,4,504
14817,1138398,edge,1,0.9600,4,505
14818,1138496,edge,1,0.9600,4,506
14819,1138579,edge,0,0.9500,4,507
14820,1138653,edge,1,0.9500,4,508
14821,1138725,edge,1,0.9500,4,509
14822,1138797,edge,1,0.9500,4,510
14823,1138893,edge,1,0.9500,4,511
14824,1138943,edge,1,0.9500,4,512
14825,1139086,edge,1,0.9500,4,513
14826,1139151,edge,1,0.9500,4,514
14827,1139230,edge,1,0.9500,4,515
14828,1139323,edge,1,0.9500,4,516
14829,1139585,edge,0,0.9400,4,517
14830,1139675,edge,1,0.9400,4,518
14831,1139752,edge,1,0.9500,4,519
14832,1139831,edge,1,0.9500,4,520
14833,1139908,edge,1,0.9500,4,521
14834,1139993,edge,0,0.9400,4,522
14835,1140072,edge,1,0.9400,4,523
14836,1140151,edge,1,0.9400,4,524
14837,1140211,edge,1,0.9500,4,525
14838,1140307,edge,0,0.9400,4,526
14839,1140390,edge,1,0.9400,4,527
14840,1140467,edge,1,0.9400,4,528
14841,1140540,edge,1,0.9500,4,529
14842,1140592,edge,1,0.9500,4,530
14843,1140676,edge,1,0.9500,4,531
14844,1140750,edge,1,0.9500,4,532
14845,1140807,edge,1,0.9500,4,533
14846,1140868,edge,1,0.9500,4,534
14847,1140939,edge,1,0.9500,4,535
14848,1141263,edge,1,0.9500,4,536
14849,1141331,edge,1,0.9500,4,537
14850,1141403,edge,1,0.9500,4,538
14851,1141457,edge,1,0.9500,4,539
14852,1141524,edge,1,0.9500,4,540
14853,1141584,edge,1,0.9500,4,541
14854,1141654,edge,1,0.9500,4,542
14855,1141745,edge,1,0.9500,4,543
14856,1141821,edge,1,0.9500,4,544
14857,1141895,edge,1,0.9500,4,545
14858,1141958,edge,1,0.9500,4,546
14859,1142026,edge,1,0.9500,4,547
14860,1142079,edge,1,0.9500,4,548
14861,1142153,edge,1,0.9500,4,549
14862,1142239,edge,1,0.9500,4,550
14863,1142298,edge,1,0.9500,4,551
14864,1142387,edge,1,0.9500,4,552
14865,1142473,edge,1,0.9500,4,553
14866,1142547,edge,1,0.9500,4,554
14867,1142638,edge,0,0.9400,4,555
14868,1142725,edge,1,0.9400,4,556
14869,1142816,edge,1,0.9400,4,557
14870,1142886,edge,1,0.9400,4,558
14871,1142952,edge,1,0.9400,4,559
14872,1143030,edge,1,0.9400,4,560
14873,1143123,edge,1,0.9400,4,561
14874,1143183,edge,0,0.9300,4,562
14875,1143303,edge,1,0.9300,4,563
14876,1143400,edge,1,0.9300,4,564
14877,1143447,edge,0,0.9200,4,565
14878,1143515,edge,1,0.9200,4,566
14879,1143578,edge,1,0.9200,4,567
14880,1143633,edge,1,0.9200,4,568
14881,1143707,edge,1,0.9200,4,569
14882,1143784,edge,1,0.9200,4,570
14883,1143899,edge,1,0.9200,4,571
14884,1144026,edge,0,0.9100,4,572
14885,1144082,edge,1,0.9100,4,573
14886,1144157,edge,1,0.9100,4,574
14887,1144222,edge,1,0.9100,4,575
14888,1144276,edge,1,0.9100,4,576
14889,1144342,edge,1,0.9100,4,577
14890,1144415,edge,1,0.9100,4,578
14891,1144494,edge,1,0.9100,4,579
14892,1144557,edge,1,0.9100,4,580
14893,1144639,edge,0,0.9000,4,581
14894,1144715,edge,1,0.9000,4,582
14895,1144773,edge,1,0.9000,4,583
14896,1144835,edge,1,0.9000,4,584
14897,1144922,edge,1,0.9000,4,585
14898,1144995,edge,1,0.9000,4,586
14899,1145044,edge,1,0.9000,4,587
14900,1145112,edge,0,0.8900,4,588
14901,1145169,edge,1,0.8900,4,589
14902,1145235,edge,1,0.8900,4,590
14903,1145299,edge,1,0.8900,4,591
14904,1145353,edge,1,0.8900,4,592
14905,1145419,edge,1,0.8900,4,593
14906,1145476,edge,1,0.8900,4,594
14907,1145542,edge,1,0.8900,4,595
14908,1145632,edge,1,0.8900,4,596
14909,1145694,edge,1,0.8900,4,597
14910,1145760,edge,1,0.8900,4,598
14911,1145833,edge,1,0.8900,4,599
14912,1145899,edge,0,0.8800,4,600
14913,1145997,edge,1,0.8900,4,601
14914,1146079,edge,0,0.8800,4,602
14915,1146157,edge,1,0.8800,4,603
14916,1146221,edge,1,0.8800,4,604
14917,1146297,edge,1,0.8800,4,605
14918,1146358,edge,1,0.8800,4,606
14919,1146425,edge,1,0.8900,4,607
14920,1146510,edge,1,0.8900,4,608
14921,1146589,edge,1,0.8900,4,609
14922,1146653,edge,1,0.8900,4,610
14923,1146713,edge,1,0.8900,4,611
14924,1146792,edge,1,0.8900,4,612
14925,1146857,edge,1,0.8900,4,613
14926,1146938,edge,1,0.8900,4,614
14927,1146995,edge,0,0.8800,4,615
14928,1147141,edge,1,0.8800,4,616
14929,1147233,edge,1,0.8900,4,617
14930,1147332,edge,1,0.8900,4,618
14931,1147418,edge,1,0.8900,4,619
14932,1147485,edge,1,0.8900,4,620
14933,1147568,edge,1,0.8900,4,621
14934,1147645,edge,1,0.9000,4,622
14935,1147723,edge,1,0.9000,4,623
14936,1147786,edge,1,0.9000,4,624
14937,1147869,edge,0,0.8900,4,625
14938,1147925,edge,1,0.9000,4,626
14939,1148014,edge,1,0.9000,4,627
14940,1148091,edge,1,0.9000,4,628
14941,1148143,edge,0,0.8900,4,629
14942,1148216,edge,1,0.8900,4,630
14943,1148317,edge,1,0.8900,4,631
14944,1148398,edge,1,0.8900,4,632
14945,1148471,edge,1,0.8900,4,633
14946,1148540,edge,1,0.8900,4,634
14947,1148696,edge,1,0.8900,4,635
14948,1148778,edge,1,0.8900,4,636
14949,1148850,edge,1,0.8900,4,637
14950,1148916,edge,1,0.8900,4,638
14951,1148974,edge,1,0.8900,4,639
14952,1149044,edge,1,0.8900,4,640
14953,1149131,edge,0,0.8800,4,641
14954,1149250,edge,1,0.8800,4,642
14955,1149335,edge,1,0.8800,4,643
14956,1149404,edge,1,0.8800,4,644
14957,1149453,edge,1,0.8800,4,645
14958,1149529,edge,1,0.8800,4,646
14959,1149601,edge,1,0.8800,4,647
14960,1149676,edge,1,0.8800,4,648
14961,1149738,edge,1,0.8800,4,649
14962,1149890,edge,1,0.8800,4,650
14963,1149974,edge,1,0.8800,4,651
14964,1150063,edge,1,0.8800,4,652
14965,1150132,edge,1,0.8800,4,653
14966,1150227,edge,1,0.8800,4,654
14967,1150292,edge,1,0.8900,4,655
14968,1150367,edge,1,0.8900,4,656
14969,1150420,edge,1,0.8900,4,657
14970,1150492,edge,1,0.8900,4,658
14971,1150565,edge,1,0.8900,4,659
14972,1150631,edge,1,0.8900,4,660
14973,1150691,edge,1,0.8900,4,661
14974,1150795,edge,0,0.8900,4,662
14975,1150861,edge,1,0.8900,4,663
14976,1150940,edge,1,0.8900,4,664
14977,1150998,edge,1,0.9000,4,665
14978,1151103,edge,1,0.9000,4,666
14979,1151217,edge,1,0.9000,4,667
14980,1151301,edge,1,0.9000,4,668
14981,1151360,edge,0,0.8900,4,669
14982,1151429,edge,1,0.8900,4,670
14983,1151500,edge,1,0.8900,4,671
14984,1151564,edge,1,0.9000,4,672
14985,1151662,edge,1,0.9000,4,673
14986,1151726,edge,1,0.9000,4,674
14987,1151808,edge,1,0.9000,4,675
14988,1151891,edge,1,0.9000,4,676
14989,1151977,edge,1,0.9000,4,677
14990,1152055,edge,1,0.9000,4,678
14991,1152114,edge,0,0.8900,4,679
14992,1152190,edge,1,0.8900,4,680
14993,1152268,edge,1,0.9000,4,681
14994,1152336,edge,1,0.9000,4,682
14995,1152425,edge,1,0.9000,4,683
14996,1152485,edge,1,0.9000,4,684
14997,1152569,edge,1,0.9000,4,685
14998,1152646,edge,1,0.9000,4,686
14999,1152693,edge,1,0.9000,4,687
15000,1152751,edge,0,0.9000,4,688
15001,1152830,edge,1,0.9000,4,689
15002,1152901,edge,1,0.9000,4,690
15003,1152972,edge,1,0.9000,4,691
15004,1153111,edge,1,0.9000,4,692
15005,1153205,edge,1,0.9000,4,693
15006,1153259,edge,0,0.8900,4,694
15007,1153328,edge,1,0.8900,4,695
15008,1153398,edge,1,0.8900,4,696
15009,1153507,edge,1,0.8900,4,697
15010,1153571,edge,1,0.8900,4,698
15011,1153647,edge,1,0.8900,4,699
15012,1153749,edge,1,0.9000,4,700
15013,1153806,edge,1,0.9000,4,701
15014,1153952,edge,1,0.9100,4,702
15015,1154020,edge,1,0.9100,4,703
15016,1154113,edge,1,0.9100,4,704
15017,1154189,edge,1,0.9100,4,705
15018,1154275,edge,1,0.9100,4,706
15019,1154371,edge,1,0.9100,4,707
15020,1154448,edge,1,0.9100,4,708
15021,1154519,edge,1,0.9100,4,709
15022,1154594,edge,1,0.9100,4,710
15023,1154658,edge,1,0.9100,4,711
15024,1154750,edge,1,0.9100,4,712
15025,1154801,edge,1,0.9100,4,713
15026,1154868,edge,1,0.9100,4,714
15027,1154939,edge,1,0.9200,4,715
15028,1154995,edge,1,0.9200,4,716
15029,1155142,edge,0,0.9100,4,717
15030,1155198,edge,1,0.9100,4,718
15031,1155275,edge,1,0.9100,4,719
15032,1155342,edge,1,0.9100,4,720
15033,1155428,edge,0,0.9000,4,721
15034,1155509,edge,1,0.9000,4,722
15035,1155578,edge,1,0.9000,4,723
15036,1155655,edge,1,0.9000,4,724
15037,1155747,edge,1,0.9100,4,725
15038,1155823,edge,1,0.9100,4,726
15039,1155894,edge,1,0.9100,4,727
15040,1156048,edge,1,0.9100,4,728
15041,1156110,edge,1,0.9200,4,729
15042,1156177,edge,1,0.9200,4,730
15043,1156243,edge,1,0.9200,4,731
15044,1156341,edge,1,0.9200,4,732
15045,1156400,edge,1,0.9200,4,733
15046,1156461,edge,1,0.9200,4,734
15047,1156531,edge,1,0.9200,4,735
15048,1156585,edge,1,0.9200,4,736
15049,1156661,edge,1,0.9200,4,737
15050,1156745,edge,1,0.9200,4,738
15051,1156826,edge,0,0.9100,4,739
15052,1156981,edge,1,0.9100,4,740
15053,1157065,edge,1,0.9200,4,741
15054,1157141,edge,1,0.9200,4,742
15055,1157192,edge,0,0.9100,4,743
15056,1157295,edge,1,0.9100,4,744
15057,1157359,edge,1,0.9100,4,745
15058,1157508,edge,1,0.9100,4,746
15059,1157595,edge,1,0.9100,4,747
15060,1157678,edge,1,0.9100,4,748
15061,1157745,edge,1,0.9100,4,749
15062,1157814,edge,1,0.9100,4,750
15063,1157882,edge,1,0.9100,4,751
15064,1157958,edge,1,0.9100,4,752
15065,1158018,edge,1,0.9100,4,753
15066,1158080,edge,1,0.9100,4,754
15067,1158166,edge,1,0.9100,4,755
15068,1158239,edge,1,0.9100,4,756
15069,1158302,edge,1,0.9100,4,757
15070,1158363,edge,1,0.9100,4,758
15071,1158448,edge,1,0.9100,4,759
15072,1158508,edge,1,0.9100,4,760
15073,1158598,edge,1,0.9100,4,761
15074,1158665,edge,1,0.9200,4,762
15075,1158718,edge,1,0.9200,4,763
15076,1158772,edge,1,0.9200,4,764
15077,1158843,edge,1,0.9200,4,765
15078,1158954,edge,1,0.9200,4,766
15079,1159028,edge,1,0.9200,4,767
15080,1159085,edge,0,0.9100,4,768
15081,1159160,edge,1,0.9200,4,769
15082,1159226,edge,1,0.9200,4,770
15083,1159279,edge,1,0.9200,4,771
15084,1159367,edge,0,0.9100,4,772
15085,1159455,edge,1,0.9100,4,773
15086,1159534,edge,1,0.9100,4,774
15087,1159602,edge,1,0.9100,4,775
15088,1159654,edge,1,0.9100,4,776
15089,1159716,edge,1,0.9100,4,777
15090,1159770,edge,1,0.9100,4,778
15091,1159864,edge,1,0.9200,4,779
15092,1159920,edge,0,0.9100,4,780
15093,1159984,edge,1,0.9100,4,781
15094,1160059,edge,1,0.9100,4,782
15095,1160119,edge,1,0.9100,4,783
15096,1160168,edge,0,0.9000,4,784
15097,1160238,edge,1,0.9000,4,785
15098,1160303,edge,1,0.9000,4,786
15099,1160383,edge,1,0.9000,4,787
15100,1160464,edge,0,0.9000,4,788
15101,1160539,edge,1,0.9000,4,789
15102,1160586,edge,0,0.8900,4,790
15103,1160654,edge,1,0.8900,4,791
15104,1160708,edge,1,0.8900,4,792
15105,1160766,edge,1,0.8900,4,793
15106,1160847,edge,1,0.9000,4,794
15107,1160911,edge,1,0.9000,4,795
15108,1160968,edge,1,0.9000,4,796
15109,1161017,edge,0,0.8900,4,797
15110,1161087,edge,1,0.8900,4,798
15111,1161165,edge,0,0.8800,4,799
15112,1161226,edge,1,0.8800,4,800
15113,1161282,edge,1,0.8800,4,801
15114,1161346,edge,1,0.8800,4,802
15115,1161392,edge,0,0.8700,4,803
15116,1161473,edge,0,0.8600,4,804
15117,1161548,edge,1,0.8600,4,805
15118,1161611,edge,1,0.8600,4,806
15119,1161684,edge,1,0.8600,4,807
15120,1161774,edge,1,0.8600,4,808
15121,1161828,edge,1,0.8600,4,809
15122,1161926,edge,1,0.8600,4,810
15123,1161981,edge,1,0.8600,4,811
15124,1162033,edge,1,0.8600,4,812
15125,1162091,edge,1,0.8600,4,813
15126,1162181,edge,1,0.8600,4,814
15127,1162247,edge,1,0.8600,4,815
15128,1162301,edge,1,0.8600,4,816
15129,1162363,edge,1,0.8700,4,817
15130,1162414,edge,1,0.8700,4,818
15131,1162501,edge,1,0.8700,4,819
15132,1162566,edge,1,0.8700,4,820
15133,1162640,edge,1,0.8800,4,821
15134,1162712,edge,1,0.8800,4,822
15135,1162778,edge,1,0.8800,4,823
15136,1162853,edge,1,0.8800,4,824
15137,1162936,edge,0,0.8700,4,825
15138,1162995,edge,1,0.8700,4,826
15139,1163076,edge,0,0.8600,4,827
15140,1163158,edge,0,0.8500,4,828
15141,1163229,edge,1,0.8500,4,829
15142,1163308,edge,1,0.8500,4,830
15143,1163374,edge,1,0.8500,4,831
15144,1163473,edge,1,0.8500,4,832
15145,1163537,edge,1,0.8500,4,833
15146,1163648,edge,1,0.8500,4,834
15147,1163734,edge,1,0.8500,4,835
15148,1163860,edge,1,0.8500,4,836
15149,1163950,edge,1,0.8500,4,837
15150,1164012,edge,1,0.8500,4,838
15151,1164093,edge,0,0.8500,4,839
15152,1164176,edge,1,0.8500,4,840
15153,1164226,edge,1,0.8500,4,841
15154,1164315,edge,1,0.8500,4,842
15155,1164411,edge,1,0.8600,4,843
15156,1164486,edge,1,0.8600,4,844
15157,1164576,edge,1,0.8600,4,845
15158,1164666,edge,1,0.8600,4,846
15159,1164727,edge,1,0.8600,4,847
15160,1164803,edge,1,0.8600,4,848
15161,1164846,edge,0,0.8500,4,849
15162,1164918,edge,1,0.8500,4,850
15163,1164989,edge,1,0.8500,4,851
15164,1165064,edge,1,0.8500,4,852
15165,1165127,edge,1,0.8500,4,853
15166,1165191,edge,1,0.8500,4,854
15167,1165263,edge,1,0.8500,4,855
15168,1165371,edge,1,0.8500,4,856
15169,1165430,edge,1,0.8500,4,857
15170,1165496,edge,1,0.8500,4,858
15171,1165558,edge,1,0.8500,4,859
15172,1165634,edge,1,0.8500,4,860
15173,1165686,edge,1,0.8500,4,861
15174,1165783,edge,1,0.8500,4,862
15175,1165871,edge,1,0.8500,4,863
15176,1165941,edge,1,0.8500,4,864
15177,1165999,edge,1,0.8500,4,865
15178,1166049,edge,0,0.8400,4,866
15179,1166110,edge,1,0.8400,4,867
15180,1166171,edge,1,0.8500,4,868
15181,1166239,edge,1,0.8500,4,869
15182,1166312,edge,0,0.8400,4,870
15183,1166386,edge,1,0.8400,4,871
15184,1166459,edge,1,0.8500,4,872
15185,1166540,edge,0,0.8400,4,873
15186,1166705,edge,1,0.8400,4,874
15187,1166824,edge,0,0.8300,4,875
15188,1166891,edge,1,0.8300,4,876
15189,1166943,edge,0,0.8200,4,877
15190,1167018,edge,1,0.8200,4,878
15191,1167130,edge,1,0.8200,4,879
15192,1167217,edge,1,0.8300,4,880
15193,1167286,edge,1,0.8300,4,881
15194,1167362,edge,1,0.8300,4,882
15195,1167449,edge,1,0.8300,4,883
15196,1167533,edge,1,0.8400,4,884
15197,1167605,edge,1,0.8400,4,885
15198,1167655,edge,1,0.8400,4,886
15199,1167721,edge,1,0.8400,4,887
15200,1167780,edge,1,0.8500,4,888
15201,1167843,edge,1,0.8500,4,889
15202,1167910,edge,1,0.8600,4,890
15203,1167989,edge,1,0.8600,4,891
15204,1168078,edge,1,0.8600,4,892
15205,1168158,edge,1,0.8600,4,893
15206,1168224,edge,1,0.8600,4,894
15207,1168306,edge,1,0.8600,4,895
15208,1168370,edge,1,0.8600,4,896
15209,1168465,edge,1,0.8700,4,897
15210,1168549,edge,1,0.8700,4,898
15211,1168612,edge,1,0.8800,4,899
15212,1168676,edge,1,0.8800,4,900
15213,1168725,edge,0,0.8700,4,901
15214,1168779,edge,1,0.8700,4,902
15215,1168861,edge,1,0.8800,4,903
15216,1168938,edge,1,0.8900,4,904
15217,1169024,edge,1,0.8900,4,905
15218,1169106,edge,1,0.8900,4,906
15219,1169208,edge,0,0.8800,4,907
15220,1169289,edge,0,0.8700,4,908
15221,1169366,edge,1,0.8700,4,909
15222,1169447,edge,0,0.8600,4,910
15223,1169530,edge,1,0.8600,4,911
15224,1169605,edge,1,0.8600,4,912
15225,1169672,edge,1,0.8600,4,913
15226,1169750,edge,1,0.8600,4,914
15227,1169825,edge,1,0.8600,4,915
15228,1169884,edge,1,0.8600,4,916
15229,1169965,edge,1,0.8600,4,917
15230,1170031,edge,1,0.8600,4,918
15231,1170100,edge,1,0.8600,4,919
15232,1170201,edge,1,0.8600,4,920
15233,1170284,edge,1,0.8600,4,921
15234,1170360,edge,1,0.8600,4,922
15235,1170441,edge,1,0.8600,4,923
15236,1170507,edge,1,0.8600,4,924
15237,1170618,edge,1,0.8700,4,925
15238,1170703,edge,1,0.8700,4,926
15239,1170793,edge,1,0.8800,4,927
15240,1170849,edge,1,0.8900,4,928
15241,1171003,edge,1,0.8900,4,929
15242,1171066,edge,1,0.8900,4,930
15243,1171138,edge,1,0.8900,4,931
15244,1171221,edge,1,0.8900,4,932
15245,1171285,edge,1,0.8900,4,933
15246,1171381,edge,1,0.8900,4,934
15247,1171435,edge,0,0.8800,4,935
15248,1171509,edge,1,0.8800,4,936
15249,1171576,edge,1,0.8800,4,937
15250,1171632,edge,1,0.8800,4,938
15251,1171725,edge,1,0.8900,4,939
15252,1171800,edge,1,0.8900,4,940
15253,1171888,edge,0,0.8800,4,941
15254,1171968,edge,1,0.8800,4,942
15255,1172076,edge,1,0.8800,4,943
15256,1172169,edge,0,0.8700,4,944
15257,1172232,edge,1,0.8700,4,945
15258,1172393,edge,1,0.8700,4,946
15259,1172477,edge,1,0.8700,4,947
15260,1172659,edge,0,0.8600,4,948
15261,1172735,edge,1,0.8700,4,949
15262,1172812,edge,1,0.8700,4,950
15263,1172894,edge,0,0.8600,4,951
15264,1172963,edge,1,0.8600,4,952
15265,1173057,edge,1,0.8600,4,953
15266,1173141,edge,0,0.8500,4,954
15267,1173230,edge,0,0.8400,4,955
15268,1173284,edge,1,0.8400,4,956
15269,1173356,edge,1,0.8400,4,957
15270,1173442,edge,1,0.8400,4,958
15271,1173528,edge,1,0.8400,4,959
15272,1173613,edge,0,0.8300,4,960
15273,1173788,edge,1,0.8300,4,961
15274,1173875,edge,1,0.8300,4,962
15275,1173945,edge,1,0.8300,4,963
15276,1174037,edge,0,0.8200,4,964
15277,1174117,edge,1,0.8200,4,965
15278,1174175,edge,0,0.8200,4,966
15279,1174249,edge,0,0.8100,4,967
15280,1174315,edge,1,0.8100,4,968
15281,1174397,edge,0,0.8000,4,969
15282,1174481,edge,1,0.8100,4,970
15283,1174543,edge,1,0.8100,4,971
15284,1174621,edge,1,0.8100,4,972
15285,1174721,edge,1,0.8200,4,973
15286,1174814,edge,1,0.8200,4,974
15287,1174874,edge,1,0.8300,4,975
15288,1174951,edge,1,0.8300,4,976
15289,1175024,edge,1,0.8400,4,977
15290,1175100,edge,1,0.8400,4,978
15291,1175177,edge,1,0.8400,4,979
15292,1175278,edge,1,0.8400,4,980
15293,1175355,edge,1,0.8400,4,981
15294,1175416,edge,1,0.8400,4,982
15295,1175501,edge,0,0.8300,4,983
15296,1175571,edge,1,0.8300,4,984
15297,1175677,edge,1,0.8300,4,985
15298,1175756,edge,1,0.8300,4,986
15299,1175830,edge,1,0.8300,4,987
15300,1175892,edge,1,0.8300,4,988
15301,1175985,edge,1,0.8300,4,989
15302,1176064,edge,1,0.8300,4,990
15303,1176141,edge,1,0.8300,4,991
15304,1176215,edge,1,0.8300,4,992
15305,1176318,edge,0,0.8200,4,993
15306,1176398,edge,1,0.8200,4,994
15307,1176462,edge,1,0.8200,4,995
15308,1176547,edge,1,0.8200,4,996
15309,1176611,edge,1,0.8200,4,997
15310,1176688,edge,1,0.8200,4,998
15311,1176770,edge,0,0.8100,4,999
15312,1176850,edge,1,0.8100,4,1000
15313,1177038,edge,0,0.8100,4,1001
15314,1177093,edge,1,0.8100,4,1002
15315,1177168,edge,1,0.8100,4,1003
15316,1177277,edge,1,0.8100,4,1004
15317,1177359,edge,1,0.8100,4,1005
15318,1177430,edge,1,0.8100,4,1006
15319,1177511,edge,1,0.8200,4,1007
15320,1177586,edge,1,0.8300,4,1008
15321,1177678,edge,1,0.8300,4,1009
15322,1177751,edge,0,0.8300,4,1010
15323,1177830,edge,1,0.8300,4,1011
15324,1177898,edge,1,0.8300,4,1012
15325,1178004,edge,1,0.8300,4,1013
15326,1178064,edge,1,0.8300,4,1014
15327,1178149,edge,1,0.8300,4,1015
15328,1178234,edge,1,0.8300,4,1016
15329,1178305,edge,1,0.8300,4,1017
15330,1178382,edge,1,0.8300,4,1018
15331,1178457,edge,1,0.8300,4,1019
15332,1178525,edge,0,0.8200,4,1020
15333,1178584,edge,1,0.8200,4,1021
15334,1178651,edge,1,0.8200,4,1022
15335,1178727,edge,1,0.8200,4,1023
15336,1178814,edge,1,0.8200,4,1024
15337,1178885,edge,1,0.8200,4,1025
15338,1178971,edge,1,0.8200,4,1026
15339,1179040,edge,1,0.8200,4,1027
15340,1179129,edge,1,0.8200,4,1028
15341,1179207,edge,1,0.8200,4,1029
15342,1179275,edge,1,0.8200,4,1030
15343,1179351,edge,1,0.8200,4,1031
15344,1179418,edge,1,0.8200,4,1032
15345,1179494,edge,1,0.8200,4,1033
15346,1179568,edge,1,0.8200,4,1034
15347,1179641,edge,1,0.8300,4,1035
15348,1179701,edge,1,0.8300,4,1036
15349,1179784,edge,1,0.8300,4,1037
15350,1179865,edge,0,0.8200,4,1038
15351,1179932,edge,1,0.8200,4,1039
15352,1179991,edge,1,0.8200,4,1040
15353,1180109,edge,1,0.8300,4,1041
15354,1180162,edge,1,0.8300,4,1042
15355,1180225,edge,1,0.8300,4,1043
15356,1180301,edge,1,0.8400,4,1044
15357,1180380,edge,1,0.8400,4,1045
15358,1180475,edge,1,0.8400,4,1046
15359,1180547,edge,1,0.8400,4,1047
15360,1180633,edge,1,0.8500,4,1048
15361,1180701,edge,1,0.8500,4,1049
15362,1180783,edge,1,0.8500,4,1050
15363,1180851,edge,1,0.8600,4,1051
15364,1180923,edge,1,0.8600,4,1052
15365,1181014,edge,1,0.8600,4,1053
15366,1181087,edge,1,0.8700,4,1054
15367,1181171,edge,0,0.8700,4,1055
15368,1181235,edge,1,0.8700,4,1056
15369,1181357,edge,1,0.8700,4,1057
15370,1181438,edge,0,0.8600,4,1058
15371,1181498,edge,1,0.8600,4,1059
15372,1181578,edge,1,0.8700,4,1060
15373,1181663,edge,1,0.8700,4,1061
15374,1181754,edge,1,0.8700,4,1062
15375,1181820,edge,1,0.8700,4,1063
15376,1181892,edge,1,0.8800,4,1064
15377,1181991,edge,1,0.8800,4,1065
15378,1182069,edge,1,0.8900,4,1066
15379,1182145,edge,1,0.9000,4,1067
15380,1182230,edge,1,0.9000,4,1068
15381,1182291,edge,0,0.9000,4,1069
15382,1182398,edge,1,0.9000,4,1070
15383,1182468,edge,1,0.9000,4,1071
15384,1182539,edge,1,0.9000,4,1072
15385,1182608,edge,1,0.9000,4,1073
15386,1182668,edge,1,0.9000,4,1074
15387,1182752,edge,1,0.9000,4,1075
15388,1182826,edge,1,0.9000,4,1076
15389,1182909,edge,1,0.9000,4,1077
15390,1182990,edge,1,0.9000,4,1078
15391,1183076,edge,1,0.9000,4,1079
15392,1183180,edge,0,0.8900,4,1080
15393,1183251,edge,1,0.8900,4,1081
15394,1183314,edge,1,0.8900,4,1082
15395,1183407,edge,1,0.9000,4,1083
15396,1183466,edge,1,0.9000,4,1084
15397,1183528,edge,1,0.9000,4,1085
15398,1183604,edge,1,0.9000,4,1086
15399,1183699,edge,1,0.9000,4,1087
15400,1183787,edge,1,0.9000,4,1088
15401,1183863,edge,1,0.9000,4,1089
15402,1183911,edge,0,0.8900,4,1090
15403,1183989,edge,1,0.8900,4,1091
15404,1184059,edge,1,0.8900,4,1092
15405,1184145,edge,1,0.9000,4,1093
15406,1184262,edge,1,0.9000,4,1094
15407,1184339,edge,1,0.9000,4,1095
15408,1184424,edge,0,0.8900,4,1096
15409,1184509,edge,1,0.8900,4,1097
15410,1184568,edge,0,0.8800,4,1098
15411,1184659,edge,1,0.8900,4,1099
15412,1184740,edge,0,0.8800,4,1100
15413,1184814,edge,1,0.8900,4,1101
15414,1184897,edge,1,0.8900,4,1102
15415,1184998,edge,1,0.8900,4,1103
15416,1185072,edge,1,0.8900,4,1104
15417,1185157,edge,0,0.8800,4,1105
15418,1185212,edge,1,0.8800,4,1106
15419,1185286,edge,1,0.8800,4,1107
15420,1185362,edge,1,0.8800,4,1108
15421,1185450,edge,1,0.8800,4,1109
15422,1185516,edge,1,0.8900,4,1110
15423,1185626,edge,1,0.8900,4,1111
15424,1185799,edge,0,0.8800,4,1112
15425,1185879,edge,1,0.8800,4,1113
15426,1185969,edge,0,0.8700,4,1114
15427,1186049,edge,1,0.8700,4,1115
15428,1186095,edge,0,0.8600,4,1116
15429,1186201,edge,1,0.8600,4,1117
15430,1186367,edge,1,0.8600,4,1118
15431,1186431,edge,1,0.8600,4,1119
15432,1186569,edge,1,0.8700,4,1120
15433,1186637,edge,1,0.8700,4,1121
15434,1186718,edge,0,0.8600,4,1122
15435,1186801,edge,1,0.8600,4,1123
15436,1186883,edge,1,0.8600,4,1124
15437,1186937,edge,0,0.8500,4,1125
15438,1186989,edge,0,0.8400,4,1126
15439,1187075,edge,1,0.8400,4,1127
15440,1187147,edge,1,0.8400,4,1128
15441,1187227,edge,1,0.8400,4,1129
15442,1187311,edge,1,0.8400,4,1130
15443,1187397,edge,1,0.8400,4,1131
15444,1187465,edge,1,0.8400,4,1132
15445,1187568,edge,0,0.8300,4,1133
15446,1187697,edge,0,0.8200,4,1134
15447,1187778,edge,1,0.8200,4,1135
15448,1187871,edge,1,0.8200,4,1136
15449,1187956,edge,1,0.8200,4,1137
15450,1188006,edge,0,0.8200,4,1138
15451,1188073,edge,1,0.8200,4,1139
15452,1188160,edge,1,0.8200,4,1140
15453,1188233,edge,0,0.8100,4,1141
15454,1188314,edge,0,0.8000,4,1142
15455,1188396,edge,1,0.8000,4,1143
15456,1188479,edge,1,0.8000,4,1144
15457,1188566,edge,1,0.8000,4,1145
15458,1188625,edge,1,0.8000,4,1146
15459,1188802,edge,0,0.7900,4,1147
15460,1188883,edge,0,0.7800,4,1148
15461,1188959,edge,1,0.7800,4,1149
15462,1189046,edge,1,0.7800,4,1150
15463,1189116,edge,1,0.7800,4,1151
15464,1189199,edge,1,0.7800,4,1152
15465,1189285,edge,1,0.7800,4,1153
15466,1189360,edge,1,0.7800,4,1154
15467,1189437,edge,1,0.7900,4,1155
15468,1189505,edge,1,0.7900,4,1156
15469,1189574,edge,1,0.7900,4,1157
15470,1189640,edge,1,0.8000,4,1158
15471,1189699,edge,1,0.8000,4,1159
15472,1189769,edge,1,0.8000,4,1160
15473,1189853,edge,1,0.8000,4,1161
15474,1189943,edge,1,0.8000,4,1162
15475,1190043,edge,1,0.8000,4,1163
15476,1190135,edge,1,0.8000,4,1164
15477,1190215,edge,1,0.8000,4,1165
15478,1190291,edge,1,0.8000,4,1166
15479,1190373,edge,0,0.7900,4,1167
15480,1190454,edge,1,0.7900,4,1168
15481,1190535,edge,1,0.8000,4,1169
15482,1190606,edge,1,0.8000,4,1170
15483,1190697,edge,1,0.8000,4,1171
15484,1190801,edge,1,0.8000,4,1172
15485,1190883,edge,0,0.7900,4,1173
15486,1190944,edge,1,0.7900,4,1174
15487,1191030,edge,1,0.7900,4,1175
15488,1191105,edge,1,0.7900,4,1176
15489,1191187,edge,1,0.7900,4,1177
15490,1191264,edge,1,0.7900,4,1178
15491,1191331,edge,1,0.7900,4,1179
15492,1191504,edge,0,0.7900,4,1180
15493,1191571,edge,1,0.7900,4,1181
15494,1191625,edge,0,0.7800,4,1182
15495,1191698,edge,1,0.7800,4,1183
15496,1191772,edge,1,0.7800,4,1184
15497,1191848,edge,1,0.7800,4,1185
15498,1191930,edge,0,0.7700,4,1186
15499,1192015,edge,1,0.7700,4,1187
15500,1192099,edge,1,0.7700,4,1188
15501,1192181,edge,1,0.7700,4,1189
15502,1192276,edge,0,0.7700,4,1190
15503,1192334,edge,1,0.7700,4,1191
15504,1192412,edge,1,0.7700,4,1192
15505,1192493,edge,0,0.7600,4,1193
15506,1192576,edge,1,0.7600,4,1194
15507,1192653,edge,1,0.7600,4,1195
15508,1192749,edge,0,0.7600,4,1196
15509,1192822,edge,1,0.7600,4,1197
15510,1192897,edge,1,0.7700,4,1198
15511,1192980,edge,1,0.7700,4,1199
15512,1193060,edge,1,0.7800,4,1200
15513,1193120,edge,1,0.7800,4,1201
15514,1193216,edge,1,0.7800,4,1202
15515,1193275,edge,1,0.7800,4,1203
15516,1193373,edge,1,0.7800,4,1204
15517,1193449,edge,1,0.7900,4,1205
15518,1193522,edge,1,0.7900,4,1206
15519,1193604,edge,0,0.7800,4,1207
15520,1193653,edge,0,0.7700,4,1208
15521,1193734,edge,1,0.7700,4,1209
15522,1193912,edge,1,0.7700,4,1210
15523,1194039,edge,1,0.7700,4,1211
15524,1194114,edge,1,0.7800,4,1212
15525,1194207,edge,1,0.7800,4,1213
15526,1194303,edge,1,0.7900,4,1214
15527,1194423,edge,1,0.7900,4,1215
15528,1194519,edge,1,0.8000,4,1216
15529,1194591,edge,1,0.8000,4,1217
15530,1194663,edge,1,0.8000,4,1218
15531,1194751,edge,1,0.8000,4,1219
15532,1194833,edge,1,0.8000,4,1220
15533,1194917,edge,1,0.8000,4,1221
15534,1194983,edge,1,0.8100,4,1222
15535,1195151,edge,0,0.8000,4,1223
15536,1195238,edge,1,0.8000,4,1224
15537,1195301,edge,1,0.8100,4,1225
15538,1195376,edge,1,0.8200,4,1226
15539,1195450,edge,0,0.8100,4,1227
15540,1195512,edge,0,0.8000,4,1228
15541,1195586,edge,1,0.8000,4,1229
15542,1195683,edge,1,0.8000,4,1230
15543,1195746,edge,1,0.8000,4,1231
15544,1195894,edge,1,0.8000,4,1232
15545,1195985,edge,1,0.8100,4,1233
15546,1196067,edge,1,0.8200,4,1234
15547,1196155,edge,1,0.8200,4,1235
15548,1196243,edge,1,0.8200,4,1236
15549,1196349,edge,1,0.8200,4,1237
15550,1196428,edge,1,0.8300,4,1238
15551,1196524,edge,1,0.8300,4,1239
15552,1196585,edge,1,0.8300,4,1240
15553,1196704,edge,1,0.8400,4,1241
15554,1196780,edge,1,0.8500,4,1242
15555,1196885,edge,1,0.8500,4,1243
15556,1196962,edge,1,0.8500,4,1244
15557,1197045,edge,1,0.8500,4,1245
15558,1197141,edge,1,0.8500,4,1246
15559,1197218,edge,1,0.8600,4,1247
15560,1197292,edge,1,0.8700,4,1248
15561,1197402,edge,0,0.8600,4,1249
15562,1197475,edge,1,0.8600,4,1250
15563,1197539,edge,1,0.8600,4,1251
15564,1197754,edge,1,0.8600,4,1252
15565,1197829,edge,1,0.8600,4,1253
15566,1197891,edge,1,0.8600,4,1254
15567,1197981,edge,1,0.8600,4,1255
15568,1198053,edge,1,0.8600,4,1256
15569,1198117,edge,1,0.8600,4,1257
15570,1198210,edge,1,0.8600,4,1258
15571,1198309,edge,0,0.8500,4,1259
15572,1198405,edge,1,0.8500,4,1260
15573,1198496,edge,0,0.8400,4,1261
15574,1198573,edge,1,0.8400,4,1262
15575,1198654,edge,1,0.8400,4,1263
15576,1198733,edge,1,0.8400,4,1264
15577,1198859,edge,1,0.8400,4,1265
15578,1198949,edge,1,0.8400,4,1266
15579,1199033,edge,1,0.8500,4,1267
15580,1199142,edge,1,0.8500,4,1268
15581,1199263,edge,1,0.8500,4,1269
15582,1199364,edge,1,0.8500,4,1270
15583,1199445,edge,1,0.8500,4,1271
15584,1199524,edge,1,0.8500,4,1272
15585,1199599,edge,1,0.8600,4,1273
15586,1199709,edge,1,0.8600,4,1274
15587,1199817,edge,1,0.8600,4,1275
15588,1199884,edge,1,0.8600,4,1276
15589,1199942,edge,1,0.8600,4,1277
15590,1200025,edge,0,0.8500,4,1278
15591,1200116,edge,0,0.8400,4,1279
15592,1200204,edge,1,0.8500,4,1280
15593,1200282,edge,1,0.8500,4,1281
15594,1200380,edge,1,0.8600,4,1282
15595,1200482,edge,1,0.8600,4,1283
15596,1200559,edge,1,0.8600,4,1284
15597,1200640,edge,1,0.8600,4,1285
15598,1200690,edge,0,0.8600,4,1286
15599,1200781,edge,1,0.8600,4,1287
15600,1200827,edge,0,0.8500,4,1288
15601,1200911,edge,1,0.8500,4,1289
15602,1200994,edge,0,0.8500,4,1290
15603,1201091,edge,1,0.8500,4,1291
15604,1201157,edge,1,0.8500,4,1292
15605,1201234,edge,1,0.8600,4,1293
15606,1201300,edge,1,0.8600,4,1294
15607,1201382,edge,0,0.8500,4,1295
15608,1201454,edge,1,0.8600,4,1296
15609,1201536,edge,1,0.8600,4,1297
15610,1201617,edge,1,0.8600,4,1298
15611,1201702,edge,0,0.8500,4,1299
15612,1201781,edge,1,0.8500,4,1300
15613,1201886,edge,0,0.8400,4,1301
15614,1201996,edge,1,0.8400,4,1302
15615,1202073,edge,1,0.8400,4,1303
15616,1202150,edge,1,0.8400,4,1304
15617,1202231,edge,0,0.8300,4,1305
15618,1202276,edge,1,0.8300,4,1306
15619,1202350,edge,1,0.8400,4,1307
15620,1202439,edge,1,0.8500,4,1308
15621,1202507,edge,1,0.8500,4,1309
15622,1202574,edge,1,0.8500,4,1310
15623,1202656,edge,0,0.8400,4,1311
15624,1202729,edge,1,0.8400,4,1312
15625,1202797,edge,1,0.8400,4,1313
15626,1202875,edge,1,0.8400,4,1314
15627,1202950,edge,1,0.8400,4,1315
15628,1203023,edge,1,0.8400,4,1316
15629,1203103,edge,1,0.8400,4,1317
15630,1203184,edge,0,0.8300,4,1318
15631,1203261,edge,1,0.8300,4,1319
15632,1203334,edge,1,0.8300,4,1320
15633,1203422,edge,1,0.8300,4,1321
15634,1203489,edge,1,0.8300,4,1322
15635,1203573,edge,1,0.8400,4,1323
15636,1203645,edge,1,0.8400,4,1324
15637,1203716,edge,1,0.8400,4,1325
15638,1203788,edge,1,0.8400,4,1326
15639,1203876,edge,1,0.8500,4,1327
15640,1203980,edge,1,0.8600,4,1328
15641,1204090,edge,1,0.8600,4,1329
15642,1204164,edge,1,0.8600,4,1330
15643,1204241,edge,1,0.8600,4,1331
15644,1204321,edge,1,0.8600,4,1332
15645,1204409,edge,0,0.8500,4,1333
15646,1204488,edge,1,0.8500,4,1334
15647,1204556,edge,1,0.8500,4,1335
15648,1204627,edge,1,0.8500,4,1336
15649,1204727,edge,1,0.8500,4,1337
15650,1204810,edge,1,0.8500,4,1338
15651,1204876,edge,1,0.8500,4,1339
15652,1204948,edge,1,0.8500,4,1340
15653,1205027,edge,1,0.8500,4,1341
15654,1205126,edge,1,0.8500,4,1342
15655,1205222,edge,1,0.8500,4,1343
15656,1205265,edge,0,0.8400,4,1344
15657,1205351,edge,1,0.8400,4,1345
15658,1205419,edge,1,0.8400,4,1346
15659,1205497,edge,1,0.8400,4,1347
15660,1205580,edge,0,0.8300,4,1348
15661,1205648,edge,1,0.8400,4,1349
15662,1205797,edge,1,0.8400,4,1350
15663,1205902,edge,1,0.8400,4,1351
15664,1205977,edge,1,0.8400,4,1352
15665,1206055,edge,1,0.8400,4,1353
15666,1206137,edge,0,0.8300,4,1354
15667,1206225,edge,1,0.8300,4,1355
15668,1206299,edge,1,0.8300,4,1356
15669,1206389,edge,1,0.8300,4,1357
15670,1206475,edge,1,0.8300,4,1358
15671,1206644,edge,1,0.8400,4,1359
15672,1206707,edge,1,0.8400,4,1360
15673,1206790,edge,1,0.8500,4,1361
15674,1206867,edge,1,0.8500,4,1362
15675,1206925,edge,1,0.8500,4,1363
15676,1207012,edge,1,0.8500,4,1364
15677,1207093,edge,1,0.8500,4,1365
15678,1207170,edge,1,0.8500,4,1366
15679,1207265,edge,1,0.8500,4,1367
15680,1207326,edge,1,0.8500,4,1368
15681,1207423,edge,0,0.8400,4,1369
15682,1207517,edge,0,0.8300,4,1370
15683,1207590,edge,1,0.8300,4,1371
15684,1207671,edge,1,0.8300,4,1372
15685,1207747,edge,1,0.8300,4,1373
15686,1207829,edge,1,0.8300,4,1374
15687,1207912,edge,1,0.8300,4,1375
15688,1207996,edge,1,0.8300,4,1376
15689,1208064,edge,1,0.8300,4,1377
15690,1208134,edge,1,0.8400,4,1378
15691,1208213,edge,1,0.8500,4,1379
15692,1208300,edge,1,0.8500,4,1380
15693,1208381,edge,1,0.8500,4,1381
15694,1208472,edge,1,0.8500,4,1382
15695,1208550,edge,1,0.8500,4,1383
15696,1208636,edge,1,0.8500,4,1384
15697,1208685,edge,1,0.8500,4,1385
15698,1208756,edge,1,0.8600,4,1386
15699,1208836,edge,1,0.8600,4,1387
15700,1208916,edge,1,0.8700,4,1388
15701,1208980,edge,1,0.8700,4,1389
15702,1209034,edge,1,0.8800,4,1390
15703,1209116,edge,1,0.8800,4,1391
15704,1209204,edge,1,0.8800,4,1392
15705,1209282,edge,1,0.8800,4,1393
15706,1209357,edge,1,0.8800,4,1394
15707,1209457,edge,1,0.8900,4,1395
15708,1209529,edge,1,0.8900,4,1396
15709,1209586,edge,1,0.8900,4,1397
15710,1209664,edge,1,0.8900,4,1398
15711,1209775,edge,1,0.9000,4,1399
15712,1209841,edge,1,0.9000,4,1400
15713,1209923,edge,1,0.9100,4,1401
15714,1209980,edge,1,0.9100,4,1402
15715,1210068,edge,1,0.9100,4,1403
15716,1210152,edge,1,0.9100,4,1404
15717,1210226,edge,1,0.9200,4,1405
15718,1210313,edge,1,0.9200,4,1406
15719,1210402,edge,1,0.9200,4,1407
15720,1210494,edge,0,0.9100,4,1408
15721,1210575,edge,1,0.9100,4,1409
15722,1210650,edge,1,0.9100,4,1410
15723,1210724,edge,1,0.9200,4,1411
15724,1210806,edge,1,0.9200,4,1412
15725,1210896,edge,1,0.9200,4,1413
15726,1210955,edge,1,0.9200,4,1414
15727,1211026,edge,1,0.9200,4,1415
15728,1211102,edge,1,0.9200,4,1416
15729,1211169,edge,1,0.9200,4,1417
15730,1211225,edge,1,0.9300,4,1418
15731,1211296,edge,1,0.9300,4,1419
15732,1211371,edge,1,0.9300,4,1420
15733,1211451,edge,1,0.9300,4,1421
15734,1211537,edge,0,0.9200,4,1422
15735,1211620,edge,1,0.9200,4,1423
15736,1211702,edge,1,0.9200,4,1424
15737,1211791,edge,1,0.9200,4,1425
15738,1211849,edge,1,0.9200,4,1426
15739,1211898,edge,1,0.9200,4,1427
15740,1211965,edge,1,0.9200,4,1428
15741,1212023,edge,0,0.9100,4,1429
15742,1212095,edge,0,0.9000,4,1430
15743,1212169,edge,1,0.9000,4,1431
15744,1212250,edge,0,0.8900,4,1432
15745,1212325,edge,1,0.9000,4,1433
15746,1212413,edge,1,0.9000,4,1434
15747,1212496,edge,1,0.9000,4,1435
15748,1212564,edge,1,0.9000,4,1436
15749,1212647,edge,0,0.8900,4,1437
15750,1212803,edge,1,0.8900,4,1438
15751,1212891,edge,1,0.8900,4,1439
15752,1212972,edge,0,0.8800,4,1440
15753,1213039,edge,1,0.8800,4,1441
15754,1213118,edge,1,0.8800,4,1442
15755,1213194,edge,1,0.8800,4,1443
15756,1213262,edge,1,0.8900,4,1444
15757,1213356,edge,1,0.8900,4,1445
15758,1213438,edge,1,0.8900,4,1446
15759,1213509,edge,1,0.8900,4,1447
15760,1213572,edge,1,0.9000,4,1448
15761,1213643,edge,1,0.9000,4,1449
15762,1213720,edge,1,0.9000,4,1450
15763,1213860,edge,1,0.9000,4,1451
15764,1213943,edge,1,0.9000,4,1452
15765,1214042,edge,0,0.8900,4,1453
15766,1214137,edge,1,0.9000,4,1454
15767,1214219,edge,0,0.8900,4,1455
15768,1214302,edge,1,0.8900,4,1456
15769,1214363,edge,1,0.8900,4,1457
15770,1214438,edge,1,0.8900,4,1458
15771,1214508,edge,1,0.8900,4,1459
15772,1214596,edge,1,0.8900,4,1460
15773,1214662,edge,1,0.8900,4,1461
15774,1214755,edge,1,0.8900,4,1462
15775,1214840,edge,0,0.8800,4,1463
15776,1214917,edge,1,0.8800,4,1464
15777,1215000,edge,1,0.8800,4,1465
15778,1215067,edge,1,0.8800,4,1466
15779,1215161,edge,0,0.8700,4,1467
15780,1215239,edge,1,0.8700,4,1468
15781,1215324,edge,1,0.8800,4,1469
15782,1215403,edge,1,0.8900,4,1470
15783,1215475,edge,1,0.8900,4,1471
15784,1215550,edge,1,0.8900,4,1472
15785,1215717,edge,1,0.8900,4,1473
15786,1215785,edge,1,0.8900,4,1474
15787,1215871,edge,1,0.8900,4,1475
15788,1215932,edge,0,0.8800,4,1476
15789,1216021,edge,1,0.8800,4,1477
15790,1216103,edge,0,0.8700,4,1478
15791,1216182,edge,1,0.8700,4,1479
15792,1216269,edge,1,0.8700,4,1480
15793,1216357,edge,1,0.8700,4,1481
15794,1216453,edge,1,0.8700,4,1482
15795,1216539,edge,1,0.8700,4,1483
15796,1216622,edge,0,0.8600,4,1484
15797,1216693,edge,1,0.8600,4,1485
15798,1216776,edge,1,0.8600,4,1486
15799,1216819,edge,0,0.8500,4,1487
15800,1216894,edge,1,0.8500,4,1488
15801,1216957,edge,1,0.8500,4,1489
15802,1217026,edge,1,0.8500,4,1490
15803,1217086,edge,1,0.8500,4,1491
15804,1217163,edge,1,0.8500,4,1492
15805,1217229,edge,1,0.8500,4,1493
15806,1217305,edge,1,0.8500,4,1494
15807,1217378,edge,0,0.8400,4,1495
15808,1217442,edge,1,0.8400,4,1496
15809,1217510,edge,1,0.8400,4,1497
15810,1217580,edge,1,0.8400,4,1498
15811,1217653,edge,1,0.8400,4,1499
15812,1217715,edge,1,0.8400,4,1500
15813,1217789,edge,1,0.8400,4,1501
15814,1217866,edge,1,0.8400,4,1502
15815,1217941,edge,1,0.8400,4,1503
15816,1218016,edge,1,0.8400,4,1504
15817,1218096,edge,1,0.8400,4,1505
15818,1218180,edge,1,0.8400,4,1506
15819,1218224,edge,0,0.8300,4,1507
15820,1218300,edge,1,0.8400,4,1508
15821,1218384,edge,1,0.8400,4,1509
15822,1218457,edge,1,0.8400,4,1510
15823,1218535,edge,1,0.8400,4,1511
15824,1218603,edge,1,0.8400,4,1512
15825,1218696,edge,0,0.8300,4,1513
15826,1218777,edge,0,0.8200,4,1514
15827,1218861,edge,1,0.8200,4,1515
15828,1218947,edge,1,0.8200,4,1516
15829,1219047,edge,1,0.8200,4,1517
15830,1219131,edge,1,0.8200,4,1518
15831,1219202,edge,1,0.8200,4,1519
15832,1219281,edge,1,0.8200,4,1520
15833,1219367,edge,1,0.8200,4,1521
15834,1219444,edge,1,0.8300,4,1522
15835,1219526,edge,0,0.8200,4,1523
15836,1219582,edge,0,0.8100,4,1524
15837,1219660,edge,1,0.8100,4,1525
15838,1219709,edge,0,0.8000,4,1526
15839,1219767,edge,1,0.8000,4,1527
15840,1219868,edge,1,0.8000,4,1528
15841,1219949,edge,1,0.8100,4,1529
15842,1220021,edge,1,0.8200,4,1530
15843,1220082,edge,0,0.8100,4,1531
15844,1220142,edge,1,0.8200,4,1532
15845,1220216,edge,1,0.8200,4,1533
15846,1220303,edge,1,0.8200,4,1534
15847,1220383,edge,1,0.8200,4,1535
15848,1220461,edge,1,0.8200,4,1536
15849,1220528,edge,1,0.8300,4,1537
15850,1220633,edge,1,0.8300,4,1538
15851,1220722,edge,1,0.8300,4,1539
15852,1220813,edge,1,0.8400,4,1540
15853,1220876,edge,1,0.8400,4,1541
15854,1220948,edge,1,0.8400,4,1542
15855,1221037,edge,0,0.8300,4,1543
15856,1221107,edge,1,0.8300,4,1544
15857,1221181,edge,1,0.8300,4,1545
15858,1221254,edge,1,0.8300,4,1546
15859,1221315,edge,1,0.8300,4,1547
15860,1221386,edge,1,0.8300,4,1548
15861,1221471,edge,1,0.8300,4,1549
15862,1221558,edge,1,0.8300,4,1550
15863,1221623,edge,1,0.8300,4,1551
15864,1221687,edge,1,0.8300,4,1552
15865,1221764,edge,1,0.8400,4,1553
15866,1221848,edge,1,0.8400,4,1554
15867,1221919,edge,1,0.8500,4,1555
15868,1221985,edge,1,0.8500,4,1556
15869,1222067,edge,0,0.8400,4,1557
15870,1222165,edge,1,0.8400,4,1558
15871,1222250,edge,0,0.8300,4,1559
15872,1222361,edge,1,0.8300,4,1560
15873,1222422,edge,1,0.8300,4,1561
15874,1222497,edge,1,0.8300,4,1562
15875,1222563,edge,1,0.8400,4,1563
15876,1222626,edge,1,0.8400,4,1564
15877,1222705,edge,1,0.8400,4,1565
15878,1222771,edge,1,0.8400,4,1566
15879,1222821,edge,0,0.8400,4,1567
15880,1222883,edge,1,0.8400,4,1568
15881,1222967,edge,1,0.8400,4,1569
15882,1223053,edge,0,0.8300,4,1570
15883,1223112,edge,1,0.8300,4,1571
15884,1223190,edge,1,0.8300,4,1572
15885,1223348,edge,1,0.8300,4,1573
15886,1223419,edge,1,0.8300,4,1574
15887,1223489,edge,1,0.8300,4,1575
15888,1223571,edge,0,0.8300,4,1576
15889,1223629,edge,1,0.8300,4,1577
15890,1223703,edge,1,0.8400,4,1578
15891,1223769,edge,1,0.8400,4,1579
15892,1223845,edge,1,0.8400,4,1580
15893,1223921,edge,1,0.8400,4,1581
15894,1223998,edge,1,0.8400,4,1582
15895,1224051,edge,0,0.8300,4,1583
15896,1224102,edge,0,0.8300,4,1584
15897,1224180,edge,1,0.8300,4,1585
15898,1224249,edge,1,0.8300,4,1586
15899,1224308,edge,1,0.8400,4,1587
15900,1224400,edge,0,0.8300,4,1588
15901,1224504,edge,0,0.8200,4,1589
15902,1224560,edge,0,0.8100,4,1590
15903,1224651,edge,1,0.8100,4,1591
15904,1224735,edge,1,0.8100,4,1592
15905,1224854,edge,1,0.8100,4,1593
15906,1224929,edge,1,0.8100,4,1594
15907,1225013,edge,1,0.8200,4,1595
15908,1225071,edge,1,0.8200,4,1596
15909,1225130,edge,0,0.8100,4,1597
15910,1225230,edge,1,0.8100,4,1598
15911,1225306,edge,1,0.8100,4,1599
15912,1225386,edge,1,0.8100,4,1600
15913,1225459,edge,0,0.8000,4,1601
15914,1225594,edge,0,0.7900,4,1602
15915,1225692,edge,0,0.7800,4,1603
15916,1225745,edge,0,0.7700,4,1604
15917,1225822,edge,1,0.7700,4,1605
15918,1225897,edge,1,0.7700,4,1606
15919,1225972,edge,1,0.7800,4,1607
15920,1226055,edge,0,0.7700,4,1608
15921,1226136,edge,0,0.7600,4,1609
15922,1226232,edge,1,0.7600,4,1610
15923,1226292,edge,1,0.7600,4,1611
15924,1226376,edge,1,0.7600,4,1612
15925,1226456,edge,1,0.7700,4,1613
15926,1226526,edge,1,0.7800,4,1614
15927,1226597,edge,1,0.7800,4,1615
15928,1226668,edge,1,0.7800,4,1616
15929,1226735,edge,1,0.7800,4,1617
15930,1226818,edge,0,0.7700,4,1618
15931,1226879,edge,0,0.7600,4,1619
15932,1226949,edge,1,0.7600,4,1620
15933,1227033,edge,1,0.7600,4,1621
15934,1227141,edge,1,0.7600,4,1622
15935,1227212,edge,1,0.7700,4,1623
15936,1227308,edge,1,0.7800,4,1624
15937,1227382,edge,1,0.7800,4,1625
15938,1227476,edge,1,0.7900,4,1626
15939,1227533,edge,0,0.7800,4,1627
15940,1227615,edge,1,0.7800,4,1628
15941,1227674,edge,1,0.7800,4,1629
15942,1227723,edge,0,0.7700,4,1630
15943,1227791,edge,1,0.7800,4,1631
15944,1227899,edge,1,0.7800,4,1632
15945,1227972,edge,1,0.7800,4,1633
15946,1228044,edge,1,0.7800,4,1634
15947,1228129,edge,1,0.7800,4,1635
15948,1228210,edge,0,0.7700,4,1636
15949,1228280,edge,1,0.7700,4,1637
15950,1228328,edge,0,0.7600,4,1638
15951,1228409,edge,1,0.7600,4,1639
15952,1228476,edge,1,0.7600,4,1640
15953,1228558,edge,1,0.7600,4,1641
15954,1228639,edge,1,0.7600,4,1642
15955,1228709,edge,1,0.7700,4,1643
15956,1228776,edge,1,0.7700,4,1644
15957,1228842,edge,1,0.7700,4,1645
15958,1228911,edge,1,0.7700,4,1646
15959,1228984,edge,1,0.7700,4,1647
15960,1229137,edge,1,0.7700,4,1648
15961,1229246,edge,1,0.7700,4,1649
15962,1229330,edge,1,0.7700,4,1650
15963,1229381,edge,1,0.7700,4,1651
15964,1229445,edge,1,0.7700,4,1652
15965,1229518,edge,1,0.7700,4,1653
15966,1229594,edge,1,0.7700,4,1654
15967,1229677,edge,1,0.7700,4,1655
15968,1229744,edge,1,0.7700,4,1656
15969,1229809,edge,1,0.7800,4,1657
15970,1229878,edge,1,0.7800,4,1658
15971,1229951,edge,1,0.7900,4,1659
15972,1230034,edge,1,0.7900,4,1660
15973,1230100,edge,1,0.7900,4,1661
15974,1230174,edge,1,0.7900,4,1662
15975,1230234,edge,1,0.7900,4,1663
15976,1230279,edge,0,0.7800,4,1664
15977,1230332,edge,1,0.7800,4,1665
15978,1230390,edge,1,0.7800,4,1666
15979,1230471,edge,1,0.7900,4,1667
15980,1230541,edge,1,0.7900,4,1668
15981,1230641,edge,1,0.7900,4,1669
15982,1230719,edge,1,0.8000,4,1670
15983,1230800,edge,1,0.8000,4,1671
15984,1230864,edge,1,0.8000,4,1672
15985,1230935,edge,1,0.8000,4,1673
15986,1230987,edge,0,0.7900,4,1674
15987,1231065,edge,1,0.7900,4,1675
15988,1231132,edge,1,0.8000,4,1676
15989,1231220,edge,1,0.8000,4,1677
15990,1231294,edge,1,0.8000,4,1678
15991,1231379,edge,0,0.7900,4,1679
15992,1231546,edge,1,0.7900,4,1680
15993,1231622,edge,1,0.7900,4,1681
15994,1231670,edge,1,0.7900,4,1682
15995,1231745,edge,1,0.8000,4,1683
15996,1231816,edge,1,0.8100,4,1684
15997,1231888,edge,1,0.8100,4,1685
15998,1231954,edge,1,0.8100,4,1686
15999,1232028,edge,1,0.8100,4,1687
16000,1232081,edge,0,0.8100,4,1688
16001,1232152,edge,1,0.8200,4,1689
16002,1232421,edge,1,0.8300,4,1690
16003,1232503,edge,1,0.8300,4,1691
16004,1232554,edge,1,0.8300,4,1692
16005,1232617,edge,1,0.8300,4,1693
16006,1232698,edge,0,0.8200,4,1694
16007,1232748,edge,0,0.8100,4,1695
16008,1232841,edge,1,0.8100,4,1696
16009,1232894,edge,1,0.8200,4,1697
16010,1232975,edge,0,0.8100,4,1698
16011,1233044,edge,0,0.8000,4,1699
16012,1233125,edge,1,0.8000,4,1700
16013,1233204,edge,1,0.8100,4,1701
16014,1233296,edge,1,0.8200,4,1702
16015,1233364,edge,1,0.8300,4,1703
16016,1233431,edge,1,0.8400,4,1704
16017,1233491,edge,1,0.8400,4,1705
16018,1233543,edge,0,0.8300,4,1706
16019,1233630,edge,0,0.8200,4,1707
16020,1233710,edge,1,0.8300,4,1708
16021,1233771,edge,0,0.8300,4,1709
16022,1233853,edge,1,0.8300,4,1710
16023,1233955,edge,1,0.8300,4,1711
16024,1234037,edge,1,0.8300,4,1712
16025,1234123,edge,1,0.8300,4,1713
16026,1234187,edge,1,0.8300,4,1714
16027,1234255,edge,1,0.8300,4,1715
16028,1234314,edge,0,0.8200,4,1716
16029,1234415,edge,1,0.8200,4,1717
16030,1234506,edge,1,0.8300,4,1718
16031,1234569,edge,1,0.8400,4,1719
16032,1234620,edge,1,0.8400,4,1720
16033,1234675,edge,1,0.8400,4,1721
16034,1234748,edge,1,0.8400,4,1722
16035,1234825,edge,1,0.8400,4,1723
16036,1234903,edge,1,0.8400,4,1724
16037,1234976,edge,1,0.8400,4,1725
16038,1235044,edge,1,0.8400,4,1726
16039,1235098,edge,0,0.8400,4,1727
16040,1235175,edge,1,0.8400,4,1728
16041,1235270,edge,1,0.8400,4,1729
16042,1235344,edge,1,0.8500,4,1730
16043,1235401,edge,0,0.8400,4,1731
16044,1235477,edge,1,0.8400,4,1732
16045,1235558,edge,0,0.8300,4,1733
16046,1235613,edge,1,0.8300,4,1734
16047,1235702,edge,1,0.8300,4,1735
16048,1235771,edge,1,0.8400,4,1736
16049,1235823,edge,1,0.8400,4,1737
16050,1235890,edge,0,0.8400,4,1738
16051,1235954,edge,1,0.8400,4,1739
16052,1236039,edge,1,0.8400,4,1740
16053,1236087,edge,0,0.8300,4,1741
16054,1236139,edge,0,0.8200,4,1742
16055,1236203,edge,1,0.8200,4,1743
16056,1236284,edge,0,0.8100,4,1744
16057,1236359,edge,1,0.8100,4,1745
16058,1236426,edge,1,0.8100,4,1746
16059,1236512,edge,1,0.8100,4,1747
16060,1236598,edge,1,0.8100,4,1748
16061,1236663,edge,1,0.8100,4,1749
16062,1236745,edge,0,0.8000,4,1750
16063,1236805,edge,1,0.8000,4,1751
16064,1236881,edge,1,0.8000,4,1752
16065,1236978,edge,1,0.8000,4,1753
16066,1237026,edge,0,0.7900,4,1754
16067,1237127,edge,1,0.7900,4,1755
16068,1237219,edge,1,0.7900,4,1756
16069,1237311,edge,1,0.7900,4,1757
16070,1237373,edge,1,0.7900,4,1758
16071,1237444,edge,1,0.7900,4,1759
16072,1237535,edge,1,0.7900,4,1760
16073,1237615,edge,1,0.7900,4,1761
16074,1237712,edge,1,0.7900,4,1762
16075,1237767,edge,0,0.7800,4,1763
16076,1237850,edge,1,0.7900,4,1764
16077,1237929,edge,1,0.7900,4,1765
16078,1238003,edge,1,0.7900,4,1766
16079,1238089,edge,1,0.7900,4,1767
16080,1238140,edge,0,0.7800,4,1768
16081,1238221,edge,0,0.7700,4,1769
16082,1238289,edge,1,0.7700,4,1770
16083,1238338,edge,1,0.7700,4,1771
16084,1238423,edge,1,0.7700,4,1772
16085,1238512,edge,1,0.7700,4,1773
16086,1238585,edge,1,0.7800,4,1774
16087,1238647,edge,1,0.7800,4,1775
16088,1238700,edge,1,0.7800,4,1776
16089,1238772,edge,1,0.7800,4,1777
16090,1238903,edge,1,0.7800,4,1778
16091,1238971,edge,1,0.7900,4,1779
16092,1239029,edge,0,0.7800,4,1780
16093,1239078,edge,0,0.7700,4,1781
16094,1239170,edge,1,0.7700,4,1782
16095,1239228,edge,1,0.7700,4,1783
16096,1239287,edge,0,0.7600,4,1784
16097,1239370,edge,0,0.7500,4,1785
16098,1239439,edge,1,0.7500,4,1786
16099,1239511,edge,1,0.7500,4,1787
16100,1239577,edge,1,0.7600,4,1788
16101,1239627,edge,0,0.7500,4,1789
16102,1239684,edge,0,0.7400,4,1790
16103,1239740,edge,1,0.7400,4,1791
16104,1239795,edge,1,0.7400,4,1792
16105,1239878,edge,1,0.7400,4,1793
16106,1239960,edge,0,0.7400,4,1794
16107,1240009,edge,0,0.7400,4,1795
16108,1240079,edge,1,0.7400,4,1796
16109,1240123,edge,0,0.7300,4,1797
16110,1240193,edge,1,0.7400,4,1798
16111,1240253,edge,1,0.7500,4,1799
16112,1240319,edge,0,0.7400,4,1800
16113,1240399,edge,1,0.7400,4,1801
16114,1240465,edge,1,0.7400,4,1802
16115,1240514,edge,0,0.7300,4,1803
16116,1240597,edge,0,0.7200,4,1804
16117,1240664,edge,1,0.7200,4,1805
16118,1240723,edge,1,0.7300,4,1806
16119,1240811,edge,1,0.7400,4,1807
16120,1240864,edge,1,0.7400,4,1808
16121,1240923,edge,0,0.7400,4,1809
16122,1240996,edge,1,0.7400,4,1810
16123,1241088,edge,1,0.7400,4,1811
16124,1241161,edge,1,0.7400,4,1812
16125,1241215,edge,0,0.7300,4,1813
16126,1241260,edge,0,0.7200,4,1814
16127,1241342,edge,1,0.7200,4,1815
16128,1241395,edge,0,0.7200,4,1816
16129,1241477,edge,0,0.7100,4,1817
16130,1241541,edge,1,0.7100,4,1818
16131,1241589,edge,1,0.7100,4,1819
16132,1241694,edge,1,0.7100,4,1820
16133,1241794,edge,0,0.7000,4,1821
16134,1241858,edge,1,0.7000,4,1822
16135,1241908,edge,0,0.6900,4,1823
16136,1241971,edge,1,0.6900,4,1824
16137,1242045,edge,1,0.6900,4,1825
16138,1242131,edge,1,0.6900,4,1826
16139,1242194,edge,1,0.7000,4,1827
16140,1242254,edge,0,0.6900,4,1828
16141,1242335,edge,1,0.6900,4,1829
16142,1242409,edge,1,0.6900,4,1830
16143,1242481,edge,1,0.7000,4,1831
16144,1242550,edge,1,0.7000,4,1832
16145,1242631,edge,0,0.7000,4,1833
16146,1242688,edge,1,0.7000,4,1834
16147,1242769,edge,1,0.7000,4,1835
16148,1242858,edge,0,0.6900,4,1836
16149,1242903,edge,0,0.6800,4,1837
16150,1242963,edge,0,0.6800,4,1838
16151,1243047,edge,1,0.6800,4,1839
16152,1243103,edge,0,0.6700,4,1840
16153,1243167,edge,1,0.6800,4,1841
16154,1243248,edge,1,0.6900,4,1842
16155,1243333,edge,0,0.6800,4,1843
16156,1243393,edge,1,0.6900,4,1844
16157,1243467,edge,1,0.6900,4,1845
16158,1243531,edge,1,0.6900,4,1846
16159,1243612,edge,1,0.6900,4,1847
16160,1243657,edge,0,0.6800,4,1848
16161,1243768,edge,1,0.6800,4,1849
16162,1243827,edge,1,0.6900,4,1850
16163,1243916,edge,1,0.6900,4,1851
16164,1243971,edge,1,0.6900,4,1852
16165,1244027,edge,1,0.6900,4,1853
16166,1244079,edge,1,0.7000,4,1854
16167,1244158,edge,1,0.7000,4,1855
16168,1244218,edge,1,0.7000,4,1856
16169,1244287,edge,1,0.7000,4,1857
16170,1244370,edge,1,0.7000,4,1858
16171,1244432,edge,1,0.7000,4,1859
16172,1244518,edge,1,0.7000,4,1860
16173,1244599,edge,1,0.7000,4,1861
16174,1244654,edge,1,0.7000,4,1862
16175,1244730,edge,1,0.7100,4,1863
16176,1244818,edge,0,0.7000,4,1864
16177,1244878,edge,1,0.7000,4,1865
16178,1244947,edge,1,0.7000,4,1866
16179,1245006,edge,0,0.6900,4,1867
16180,1245101,edge,1,0.7000,4,1868
16181,1245154,edge,1,0.7100,4,1869
16182,1245217,edge,1,0.7100,4,1870
16183,1245267,edge,1,0.7100,4,1871
16184,1245317,edge,1,0.7100,4,1872
16185,1245402,edge,1,0.7100,4,1873
16186,1245455,edge,1,0.7100,4,1874
16187,1245525,edge,1,0.7100,4,1875
16188,1245592,edge,1,0.7100,4,1876
16189,1245679,edge,1,0.7100,4,1877
16190,1245754,edge,1,0.7100,4,1878
16191,1245823,edge,1,0.7100,4,1879
16192,1245898,edge,1,0.7200,4,1880
16193,1245947,edge,1,0.7300,4,1881
16194,1246005,edge,1,0.7300,4,1882
16195,1246068,edge,1,0.7300,4,1883
16196,1246118,edge,1,0.7400,4,1884
16197,1246176,edge,0,0.7400,4,1885
16198,1246252,edge,1,0.7400,4,1886
16199,1246305,edge,0,0.7300,4,1887
16200,1246350,edge,0,0.7200,4,1888
16201,1246466,edge,1,0.7300,4,1889
16202,1246526,edge,1,0.7400,4,1890
16203,1246585,edge,1,0.7400,4,1891
16204,1246633,edge,0,0.7300,4,1892
16205,1246697,edge,1,0.7300,4,1893
16206,1246765,edge,1,0.7400,4,1894
16207,1246846,edge,0,0.7400,4,1895
16208,1246971,edge,1,0.7400,4,1896
16209,1247054,edge,0,0.7400,4,1897
16210,1247120,edge,1,0.7400,4,1898
16211,1247190,edge,1,0.7400,4,1899
16212,1247285,edge,1,0.7500,4,1900
16213,1247370,edge,1,0.7500,4,1901
16214,1247461,edge,1,0.7500,4,1902
16215,1247531,edge,1,0.7600,4,1903
16216,1247580,edge,0,0.7600,4,1904
16217,1247674,edge,1,0.7600,4,1905
16218,1247751,edge,1,0.7600,4,1906
16219,1247876,edge,1,0.7600,4,1907
16220,1247975,edge,0,0.7500,4,1908
16221,1248030,edge,0,0.7500,4,1909
16222,1248082,edge,1,0.7500,4,1910
16223,1248134,edge,1,0.7500,4,1911
16224,1248221,edge,1,0.7500,4,1912
16225,1248296,edge,1,0.7600,4,1913
16226,1248407,edge,1,0.7700,4,1914
16227,1248493,edge,1,0.7700,4,1915
16228,1248563,edge,1,0.7800,4,1916
16229,1248667,edge,1,0.7900,4,1917
16230,1248745,edge,1,0.7900,4,1918
16231,1248803,edge,1,0.7900,4,1919
16232,1248869,edge,1,0.7900,4,1920
16233,1248934,edge,1,0.8000,4,1921
16234,1249001,edge,1,0.8000,4,1922
16235,1249076,edge,1,0.8100,4,1923
16236,1249138,edge,1,0.8100,4,1924
16237,1249227,edge,1,0.8100,4,1925
16238,1249308,edge,1,0.8100,4,1926
16239,1249406,edge,1,0.8100,4,1927
16240,1249474,edge,1,0.8200,4,1928
16241,1249541,edge,1,0.8200,4,1929
16242,1249625,edge,0,0.8100,4,1930
16243,1249695,edge,1,0.8100,4,1931
16244,1249747,edge,1,0.8100,4,1932
16245,1249797,edge,0,0.8100,4,1933
16246,1249875,edge,1,0.8100,4,1934
16247,1249935,edge,1,0.8100,4,1935
16248,1250021,edge,1,0.8200,4,1936
16249,1250085,edge,1,0.8300,4,1937
16250,1250141,edge,0,0.8300,4,1938
16251,1250246,edge,1,0.8300,4,1939
16252,1250313,edge,1,0.8400,4,1940
16253,1250393,edge,1,0.8400,4,1941
16254,1250455,edge,1,0.8400,4,1942
16255,1250534,edge,1,0.8500,4,1943
16256,1250628,edge,1,0.8500,4,1944
16257,1250694,edge,1,0.8500,4,1945
16258,1250769,edge,1,0.8500,4,1946
16259,1250827,edge,0,0.8400,4,1947
16260,1250911,edge,1,0.8500,4,1948
16261,1250962,edge,0,0.8400,4,1949
16262,1251014,edge,0,0.8300,4,1950
16263,1251100,edge,1,0.8300,4,1951
16264,1251272,edge,1,0.8300,4,1952
16265,1251326,edge,0,0.8200,4,1953
16266,1251380,edge,1,0.8200,4,1954
16267,1251454,edge,1,0.8200,4,1955
16268,1251527,edge,1,0.8200,4,1956
16269,1251634,edge,1,0.8200,4,1957
16270,1251693,edge,0,0.8100,4,1958
16271,1251744,edge,0,0.8000,4,1959
16272,1251818,edge,1,0.8000,4,1960
16273,1251980,edge,0,0.7900,4,1961
16274,1252043,edge,0,0.7800,4,1962
16275,1252119,edge,1,0.7800,4,1963
16276,1252218,edge,1,0.7900,4,1964
16277,1252297,edge,1,0.7900,4,1965
16278,1252361,edge,1,0.7900,4,1966
16279,1252443,edge,0,0.7900,4,1967
16280,1252497,edge,1,0.7900,4,1968
16281,1252583,edge,1,0.7900,4,1969
16282,1252652,edge,1,0.7900,4,1970
16283,1252718,edge,1,0.7900,4,1971
16284,1252785,edge,1,0.7900,4,1972
16285,1252847,edge,1,0.7900,4,1973
16286,1252960,edge,1,0.7900,4,1974
16287,1253040,edge,1,0.7900,4,1975
16288,1253110,edge,1,0.7900,4,1976
16289,1253196,edge,1,0.7900,4,1977
16290,1253255,edge,1,0.7900,4,1978
16291,1253331,edge,1,0.7900,4,1979
16292,1253395,edge,1,0.7900,4,1980
16293,1253487,edge,1,0.7900,4,1981
16294,1253558,edge,1,0.7900,4,1982
16295,1253665,edge,1,0.7900,4,1983
16296,1253727,edge,1,0.7900,4,1984
16297,1253780,edge,0,0.7900,4,1985
16298,1253840,edge,1,0.7900,4,1986
16299,1253906,edge,1,0.8000,4,1987
16300,1253955,edge,0,0.8000,4,1988
16301,1254004,edge,0,0.7900,4,1989
16302,1254077,edge,1,0.7900,4,1990
16303,1254125,edge,1,0.7900,4,1991
16304,1254178,edge,0,0.7900,4,1992
16305,1254261,edge,0,0.7800,4,1993
16306,1254358,edge,1,0.7800,4,1994
16307,1254438,edge,1,0.7900,4,1995
16308,1254650,edge,0,0.7800,4,1996
16309,1254698,edge,0,0.7800,4,1997
16310,1254754,edge,1,0.7800,4,1998
16311,1254808,edge,0,0.7700,4,1999
16312,1254871,edge,0,0.7600,4,2000
16313,1254963,edge,1,0.7600,4,2001
16314,1255017,edge,0,0.7500,4,2002
16315,1255085,edge,1,0.7500,4,2003
16316,1255154,edge,1,0.7600,4,2004
16317,1255229,edge,1,0.7600,4,2005
16318,1255293,edge,0,0.7500,4,2006
16319,1255390,edge,1,0.7500,4,2007
16320,1255449,edge,1,0.7600,4,2008
16321,1255506,edge,1,0.7700,4,2009
16322,1255594,edge,1,0.7700,4,2010
16323,1255655,edge,1,0.7700,4,2011
16324,1255801,edge,1,0.7700,4,2012
16325,1255876,edge,1,0.7700,4,2013
16326,1256033,edge,1,0.7700,4,2014
16327,1256109,edge,1,0.7700,4,2015
16328,1256168,edge,1,0.7700,4,2016
16329,1256219,edge,1,0.7700,4,2017
16330,1256287,edge,1,0.7700,4,2018
16331,1256357,edge,1,0.7700,4,2019
16332,1256431,edge,1,0.7700,4,2020
16333,1256507,edge,1,0.7700,4,2021
16334,1256581,edge,1,0.7700,4,2022
16335,1256648,edge,1,0.7700,4,2023
16336,1256741,edge,0,0.7600,4,2024
16337,1256837,edge,1,0.7600,4,2025
16338,1256923,edge,1,0.7600,4,2026
16339,1256988,edge,0,0.7500,4,2027
16340,1257053,edge,1,0.7500,4,2028
16341,1257134,edge,1,0.7500,4,2029
16342,1257196,edge,1,0.7600,4,2030
16343,1257247,edge,1,0.7600,4,2031
16344,1257312,edge,1,0.7600,4,2032
16345,1257393,edge,1,0.7700,4,2033
16346,1257477,edge,0,0.7600,4,2034
16347,1257540,edge,1,0.7600,4,2035
16348,1257619,edge,1,0.7600,4,2036
16349,1257692,edge,1,0.7600,4,2037
16350,1257751,edge,1,0.7700,4,2038
16351,1257802,edge,0,0.7600,4,2039
16352,1257872,edge,1,0.7600,4,2040
16353,1257950,edge,1,0.7600,4,2041
16354,1258005,edge,1,0.7600,4,2042
16355,1258103,edge,1,0.7600,4,2043
16356,1258157,edge,0,0.7500,4,2044
16357,1258235,edge,1,0.7500,4,2045
16358,1258386,edge,1,0.7500,4,2046
16359,1258452,edge,0,0.7500,4,2047
16360,1258527,edge,1,0.7500,4,2048
16361,1258589,edge,1,0.7600,4,2049
16362,1258668,edge,1,0.7700,4,2050
16363,1258726,edge,0,0.7600,4,2051
16364,1258772,edge,1,0.7600,4,2052
16365,1258830,edge,1,0.7700,4,2053
16366,1258898,edge,1,0.7700,4,2054
16367,1258970,edge,1,0.7700,4,2055
16368,1259054,edge,1,0.7700,4,2056
16369,1259214,edge,1,0.7700,4,2057
16370,1259314,edge,1,0.7800,4,2058
16371,1259375,edge,1,0.7900,4,2059
16372,1259461,edge,1,0.7900,4,2060
16373,1259537,edge,1,0.8000,4,2061
16374,1259597,edge,0,0.8000,4,2062
16375,1259679,edge,1,0.8000,4,2063
16376,1259744,edge,0,0.7900,4,2064
16377,1259834,edge,1,0.7900,4,2065
16378,1259885,edge,0,0.7800,4,2066
16379,1259953,edge,1,0.7900,4,2067
16380,1260024,edge,1,0.7900,4,2068
16381,1260088,edge,1,0.7900,4,2069
16382,1260150,edge,1,0.7900,4,2070
16383,1260217,edge,1,0.7900,4,2071
16384,1260291,edge,1,0.7900,4,2072
16385,1260381,edge,1,0.7900,4,2073
16386,1260511,edge,0,0.7800,4,2074
16387,1260567,edge,1,0.7800,4,2075
16388,1260653,edge,1,0.7800,4,2076
16389,1260736,edge,1,0.7800,4,2077
16390,1260798,edge,0,0.7700,4,2078
16391,1260967,edge,1,0.7700,4,2079
16392,1261020,edge,0,0.7600,4,2080
16393,1261090,edge,1,0.7600,4,2081
16394,1261151,edge,1,0.7600,4,2082
16395,1261228,edge,1,0.7600,4,2083
16396,1261308,edge,1,0.7600,4,2084
16397,1261398,edge,0,0.7600,4,2085
16398,1261471,edge,1,0.7600,4,2086
16399,1261616,edge,1,0.7600,4,2087
16400,1261710,edge,1,0.7700,4,2088
16401,1261806,edge,0,0.7700,4,2089
16402,1261879,edge,1,0.7700,4,2090
16403,1261941,edge,1,0.7700,4,2091
16404,1262015,edge,1,0.7800,4,2092
16405,1262094,edge,1,0.7900,4,2093
16406,1262139,edge,0,0.7800,4,2094
16407,1262183,edge,0,0.7700,4,2095
16408,1262346,edge,1,0.7800,4,2096
16409,1262396,edge,1,0.7900,4,2097
16410,1262488,edge,1,0.7900,4,2098
16411,1262574,edge,0,0.7900,4,2099
16412,1262709,edge,1,0.8000,4,2100
16413,1262789,edge,1,0.8000,4,2101
16414,1262873,edge,1,0.8100,4,2102
16415,1262941,edge,1,0.8100,4,2103
16416,1263003,edge,1,0.8100,4,2104
16417,1263057,edge,1,0.8100,4,2105
16418,1263130,edge,1,0.8200,4,2106
16419,1263183,edge,0,0.8100,4,2107
16420,1263270,edge,1,0.8100,4,2108
16421,1263330,edge,1,0.8100,4,2109
16422,1263426,edge,1,0.8100,4,2110
16423,1263506,edge,1,0.8100,4,2111
16424,1263580,edge,1,0.8100,4,2112
16425,1263645,edge,0,0.8000,4,2113
16426,1263700,edge,1,0.8000,4,2114
16427,1263760,edge,1,0.8000,4,2115
16428,1263804,edge,0,0.7900,4,2116
16429,1263893,edge,1,0.7900,4,2117
16430,1263972,edge,1,0.7900,4,2118
16431,1264021,edge,0,0.7800,4,2119
16432,1264072,edge,1,0.7800,4,2120
16433,1264148,edge,1,0.7800,4,2121
16434,1264219,edge,0,0.7700,4,2122
16435,1264292,edge,1,0.7700,4,2123
16436,1264377,edge,0,0.7700,4,2124
16437,1264483,edge,1,0.7700,4,2125
16438,1264559,edge,1,0.7700,4,2126
16439,1264652,edge,0,0.7700,4,2127
16440,1264749,edge,1,0.7700,4,2128
16441,1264888,edge,0,0.7600,4,2129
16442,1264981,edge,1,0.7600,4,2130
16443,1265039,edge,1,0.7600,4,2131
16444,1265095,edge,0,0.7500,4,2132
16445,1265178,edge,0,0.7400,4,2133
16446,1265227,edge,1,0.7500,4,2134
16447,1265300,edge,1,0.7500,4,2135
16448,1265388,edge,1,0.7500,4,2136
16449,1265497,edge,1,0.7500,4,2137
16450,1265587,edge,0,0.7400,4,2138
16451,1265655,edge,0,0.7400,4,2139
16452,1265745,edge,0,0.7300,4,2140
16453,1265837,edge,1,0.7300,4,2141
16454,1265919,edge,1,0.7300,4,2142
16455,1265977,edge,0,0.7200,4,2143
16456,1266048,edge,1,0.7300,4,2144
16457,1266108,edge,1,0.7300,4,2145
16458,1266183,edge,1,0.7300,4,2146
16459,1266271,edge,1,0.7400,4,2147
16460,1266347,edge,1,0.7400,4,2148
16461,1266411,edge,1,0.7400,4,2149
16462,1266472,edge,0,0.7300,4,2150
16463,1266518,edge,0,0.7300,4,2151
16464,1266582,edge,1,0.7300,4,2152
16465,1266638,edge,1,0.7300,4,2153
16466,1266718,edge,1,0.7300,4,2154
16467,1266849,edge,1,0.7300,4,2155
16468,1266940,edge,1,0.7300,4,2156
16469,1267000,edge,1,0.7300,4,2157
16470,1267052,edge,0,0.7200,4,2158
16471,1267124,edge,1,0.7200,4,2159
16472,1267230,edge,1,0.7200,4,2160
16473,1267281,edge,0,0.7100,4,2161
16474,1267339,edge,1,0.7200,4,2162
16475,1267409,edge,1,0.7200,4,2163
16476,1267478,edge,1,0.7300,4,2164
16477,1267566,edge,1,0.7300,4,2165
16478,1267627,edge,1,0.7400,4,2166
16479,1267718,edge,0,0.7300,4,2167
16480,1267787,edge,1,0.7300,4,2168
16481,1267853,edge,1,0.7300,4,2169
16482,1267923,edge,1,0.7300,4,2170
16483,1268018,edge,1,0.7300,4,2171
16484,1268102,edge,0,0.7200,4,2172
16485,1268275,edge,0,0.7100,4,2173
16486,1268375,edge,1,0.7200,4,2174
16487,1268446,edge,0,0.7100,4,2175
16488,1268495,edge,1,0.7100,4,2176
16489,1268550,edge,0,0.7000,4,2177
16490,1268606,edge,0,0.7000,4,2178
16491,1268682,edge,1,0.7000,4,2179
16492,1268764,edge,0,0.7000,4,2180
16493,1268834,edge,1,0.7000,4,2181
16494,1268897,edge,1,0.7000,4,2182
16495,1268978,edge,0,0.6900,4,2183
16496,1269074,edge,1,0.6900,4,2184
16497,1269148,edge,1,0.7000,4,2185
16498,1269227,edge,1,0.7000,4,2186
16499,1269293,edge,0,0.6900,4,2187
16500,1269344,edge,0,0.6800,4,2188
16501,1269420,edge,1,0.6900,4,2189
16502,1269484,edge,0,0.6800,4,2190
16503,1269534,edge,0,0.6700,4,2191
16504,1269630,edge,1,0.6700,4,2192
16505,1269718,edge,1,0.6700,4,2193
16506,1269797,edge,0,0.6700,4,2194
16507,1269874,edge,1,0.6800,4,2195
16508,1269956,edge,1,0.6800,4,2196
16509,1270017,edge,1,0.6800,4,2197
16510,1270073,edge,0,0.6700,4,2198
16511,1270151,edge,1,0.6800,4,2199
16512,1270232,edge,0,0.6700,4,2200
16513,1270285,edge,1,0.6700,4,2201
16514,1270366,edge,1,0.6700,4,2202
16515,1270470,edge,1,0.6700,4,2203
16516,1270532,edge,1,0.6700,4,2204
16517,1270613,edge,1,0.6700,4,2205
16518,1270709,edge,1,0.6700,4,2206
16519,1270769,edge,1,0.6800,4,2207
16520,1270824,edge,1,0.6800,4,2208
16521,1270943,edge,1,0.6800,4,2209
16522,1271045,edge,1,0.6800,4,2210
16523,1271163,edge,1,0.6800,4,2211
16524,1271233,edge,1,0.6800,4,2212
16525,1271330,edge,1,0.6900,4,2213
16526,1271382,edge,1,0.6900,4,2214
16527,1271457,edge,1,0.6900,4,2215
16528,1271515,edge,0,0.6900,4,2216
16529,1271576,edge,0,0.6800,4,2217
16530,1271680,edge,1,0.6800,4,2218
16531,1271745,edge,0,0.6800,4,2219
16532,1271795,edge,1,0.6800,4,2220
16533,1271859,edge,1,0.6800,4,2221
16534,1271940,edge,0,0.6800,4,2222
16535,1272003,edge,1,0.6800,4,2223
16536,1272082,edge,1,0.6900,4,2224
16537,1272160,edge,1,0.6900,4,2225
16538,1272217,edge,1,0.6900,4,2226
16539,1272290,edge,1,0.7000,4,2227
16540,1272372,edge,1,0.7000,4,2228
16541,1272431,edge,1,0.7100,4,2229
16542,1272493,edge,1,0.7100,4,2230
16543,1272592,edge,1,0.7100,4,2231
16544,1272678,edge,0,0.7100,4,2232
16545,1272749,edge,1,0.7200,4,2233
16546,1272807,edge,1,0.7200,4,2234
16547,1272890,edge,0,0.7100,4,2235
16548,1272987,edge,1,0.7100,4,2236
16549,1273060,edge,1,0.7100,4,2237
16550,1273115,edge,0,0.7100,4,2238
16551,1273196,edge,1,0.7200,4,2239
16552,1273281,edge,1,0.7300,4,2240
16553,1273352,edge,1,0.7300,4,2241
16554,1273415,edge,1,0.7300,4,2242
16555,1273464,edge,1,0.7400,4,2243
16556,1273580,edge,1,0.7400,4,2244
16557,1273663,edge,0,0.7300,4,2245
16558,1273748,edge,0,0.7200,4,2246
16559,1273798,edge,0,0.7100,4,2247
16560,1273894,edge,1,0.7100,4,2248
16561,1273975,edge,1,0.7100,4,2249
16562,1274034,edge,1,0.7200,4,2250
16563,1274119,edge,1,0.7300,4,2251
16564,1274222,edge,1,0.7300,4,2252
16565,1274309,edge,1,0.7300,4,2253
16566,1274369,edge,1,0.7300,4,2254
16567,1274468,edge,1,0.7300,4,2255
16568,1274537,edge,1,0.7300,4,2256
16569,1274594,edge,0,0.7200,4,2257
16570,1274667,edge,1,0.7300,4,2258
16571,1274741,edge,1,0.7300,4,2259
16572,1274847,edge,1,0.7300,4,2260
16573,1274896,edge,0,0.7300,4,2261
16574,1274977,edge,0,0.7200,4,2262
16575,1275055,edge,1,0.7200,4,2263
16576,1275159,edge,1,0.7200,4,2264
16577,1275268,edge,0,0.7100,4,2265
16578,1275404,edge,1,0.7100,4,2266
16579,1275475,edge,1,0.7200,4,2267
16580,1275561,edge,1,0.7200,4,2268
16581,1275640,edge,1,0.7200,4,2269
16582,1275726,edge,1,0.7200,4,2270
16583,1275806,edge,1,0.7200,4,2271
16584,1275895,edge,1,0.7300,4,2272
16585,1275967,edge,1,0.7400,4,2273
16586,1276044,edge,1,0.7400,4,2274
16587,1276110,edge,0,0.7400,4,2275
16588,1276177,edge,1,0.7400,4,2276
16589,1276235,edge,0,0.7400,4,2277
16590,1276312,edge,1,0.7500,4,2278
16591,1276368,edge,1,0.7500,4,2279
16592,1276423,edge,1,0.7600,4,2280
16593,1276504,edge,0,0.7500,4,2281
16594,1276589,edge,1,0.7500,4,2282
16595,1276683,edge,1,0.7600,4,2283
16596,1276749,edge,1,0.7600,4,2284
16597,1276912,edge,1,0.7600,4,2285
16598,1276994,edge,0,0.7500,4,2286
16599,1277075,edge,0,0.7500,4,2287
16600,1277138,edge,1,0.7600,4,2288
16601,1277185,edge,0,0.7500,4,2289
16602,1277276,edge,1,0.7600,4,2290
16603,1277360,edge,1,0.7700,4,2291
16604,1277442,edge,0,0.7600,4,2292
16605,1277532,edge,1,0.7600,4,2293
16606,1277598,edge,1,0.7700,4,2294
16607,1277694,edge,1,0.7700,4,2295
16608,1277751,edge,1,0.7700,4,2296
16609,1277823,edge,1,0.7700,4,2297
16610,1277922,edge,1,0.7800,4,2298
16611,1277979,edge,1,0.7800,4,2299
16612,1278060,edge,0,0.7800,4,2300
16613,1278103,edge,0,0.7700,4,2301
16614,1278196,edge,1,0.7700,4,2302
16615,1278351,edge,1,0.7700,4,2303
16616,1278461,edge,1,0.7700,4,2304
16617,1278520,edge,1,0.7700,4,2305
16618,1278570,edge,1,0.7700,4,2306
16619,1278622,edge,0,0.7600,4,2307
16620,1278679,edge,1,0.7600,4,2308
16621,1278734,edge,1,0.7600,4,2309
16622,1278815,edge,0,0.7500,4,2310
16623,1278884,edge,1,0.7500,4,2311
16624,1278975,edge,1,0.7500,4,2312
16625,1279028,edge,0,0.7400,4,2313
16626,1279134,edge,1,0.7400,4,2314
16627,1279195,edge,0,0.7300,4,2315
16628,1279294,edge,1,0.7400,4,2316
16629,1279348,edge,1,0.7500,4,2317
16630,1279406,edge,1,0.7500,4,2318
16631,1279487,edge,1,0.7600,4,2319
16632,1279550,edge,1,0.7600,4,2320
16633,1279607,edge,1,0.7600,4,2321
16634,1279667,edge,0,0.7600,4,2322
16635,1279737,edge,1,0.7600,4,2323
16636,1279788,edge,0,0.7500,4,2324
16637,1279878,edge,1,0.7500,4,2325
16638,1279982,edge,1,0.7500,4,2326
16639,1280087,edge,1,0.7500,4,2327
16640,1280161,edge,0,0.7400,4,2328
16641,1280210,edge,1,0.7400,4,2329
16642,1280271,edge,1,0.7400,4,2330
16643,1280344,edge,1,0.7400,4,2331
16644,1280415,edge,1,0.7500,4,2332
16645,1280494,edge,1,0.7500,4,2333
16646,1280578,edge,1,0.7500,4,2334
16647,1280670,edge,1,0.7600,4,2335
16648,1280751,edge,1,0.7600,4,2336
16649,1280803,edge,1,0.7600,4,2337
16650,1280861,edge,0,0.7600,4,2338
16651,1280944,edge,0,0.7500,4,2339
16652,1280995,edge,0,0.7400,4,2340
16653,1281057,edge,1,0.7400,4,2341
16654,1281121,edge,1,0.7400,4,2342
16655,1281170,edge,1,0.7400,4,2343
16656,1281252,edge,0,0.7300,4,2344
16657,1281318,edge,1,0.7400,4,2345
16658,1281391,edge,1,0.7500,4,2346
16659,1281473,edge,1,0.7600,4,2347
16660,1281561,edge,1,0.7600,4,2348
16661,1281625,edge,1,0.7600,4,2349
16662,1281676,edge,0,0.7500,4,2350
16663,1281736,edge,0,0.7400,4,2351
16664,1281796,edge,1,0.7400,4,2352
16665,1281882,edge,1,0.7400,4,2353
16666,1281975,edge,0,0.7300,4,2354
16667,1282050,edge,1,0.7300,4,2355
16668,1282168,edge,1,0.7300,4,2356
16669,1282230,edge,0,0.7300,4,2357
16670,1282319,edge,1,0.7300,4,2358
16671,1282400,edge,1,0.7300,4,2359
16672,1282451,edge,0,0.7200,4,2360
16673,1282521,edge,1,0.7300,4,2361
16674,1282603,edge,0,0.7300,4,2362
16675,1282652,edge,0,0.7200,4,2363
16676,1282705,edge,0,0.7100,4,2364
16677,1282837,edge,1,0.7200,4,2365
16678,1282920,edge,1,0.7200,4,2366
16679,1282994,edge,1,0.7200,4,2367
16680,1283076,edge,0,0.7100,4,2368
16681,1283130,edge,0,0.7000,4,2369
16682,1283258,edge,1,0.7000,4,2370
16683,1283347,edge,1,0.7000,4,2371
16684,1283403,edge,1,0.7000,4,2372
16685,1283474,edge,1,0.7000,4,2373
16686,1283563,edge,1,0.7000,4,2374
16687,1283618,edge,1,0.7100,4,2375
16688,1283694,edge,1,0.7100,4,2376
16689,1283770,edge,1,0.7200,4,2377
16690,1283852,edge,0,0.7100,4,2378
16691,1283938,edge,1,0.7100,4,2379
16692,1284033,edge,0,0.7000,4,2380
16693,1284109,edge,1,0.7100,4,2381
16694,1284185,edge,1,0.7100,4,2382
16695,1284283,edge,1,0.7100,4,2383
16696,1284342,edge,1,0.7100,4,2384
16697,1284397,edge,1,0.7100,4,2385
16698,1284563,edge,0,0.7100,4,2386
16699,1284617,edge,0,0.7100,4,2387
16700,1284685,edge,1,0.7100,4,2388
16701,1284742,edge,0,0.7100,4,2389
16702,1284809,edge,1,0.7100,4,2390
16703,1284900,edge,1,0.7100,4,2391
16704,1284959,edge,1,0.7200,4,2392
16705,1285036,edge,1,0.7200,4,2393
16706,1285203,edge,0,0.7100,4,2394
16707,1285254,edge,1,0.7100,4,2395
16708,1285335,edge,0,0.7000,4,2396
16709,1285428,edge,1,0.7000,4,2397
16710,1285593,edge,0,0.6900,4,2398
16711,1285660,edge,1,0.6900,4,2399
16712,1285721,edge,1,0.7000,4,2400
16713,1285800,edge,1,0.7100,4,2401
16714,1285858,edge,1,0.7100,4,2402
16715,1285919,edge,1,0.7100,4,2403
16716,1285974,edge,0,0.7000,4,2404
16717,1286059,edge,1,0.7000,4,2405
16718,1286143,edge,1,0.7000,4,2406
16719,1286216,edge,1,0.7100,4,2407
16720,1286319,edge,1,0.7100,4,2408
16721,1286512,edge,1,0.7100,4,2409
16722,1286588,edge,1,0.7200,4,2410
16723,1286681,edge,1,0.7200,4,2411
16724,1286755,edge,1,0.7200,4,2412
16725,1286809,edge,0,0.7200,4,2413
16726,1286868,edge,1,0.7200,4,2414
16727,1286929,edge,0,0.7200,4,2415
16728,1287045,edge,1,0.7200,4,2416
16729,1287108,edge,1,0.7200,4,2417
16730,1287158,edge,1,0.7200,4,2418
16731,1287207,edge,0,0.7100,4,2419
16732,1287296,edge,0,0.7000,4,2420
16733,1287360,edge,1,0.7000,4,2421
16734,1287426,edge,1,0.7100,4,2422
16735,1287520,edge,1,0.7100,4,2423
16736,1287616,edge,1,0.7200,4,2424
16737,1287677,edge,0,0.7100,4,2425
16738,1287756,edge,1,0.7100,4,2426
16739,1287809,edge,0,0.7000,4,2427
16740,1287888,edge,1,0.7100,4,2428
16741,1287956,edge,1,0.7100,4,2429
16742,1288030,edge,1,0.7100,4,2430
16743,1288096,edge,1,0.7100,4,2431
16744,1288178,edge,0,0.7000,4,2432
16745,1288244,edge,1,0.7000,4,2433
16746,1288293,edge,0,0.6900,4,2434
16747,1288376,edge,0,0.6800,4,2435
16748,1288471,edge,1,0.6800,4,2436
16749,1288523,edge,0,0.6700,4,2437
16750,1288617,edge,1,0.6800,4,2438
16751,1288677,edge,0,0.6800,4,2439
16752,1288723,edge,0,0.6800,4,2440
16753,1288784,edge,1,0.6800,4,2441
16754,1288891,edge,1,0.6800,4,2442
16755,1288960,edge,1,0.6800,4,2443
16756,1289015,edge,1,0.6900,4,2444
16757,1289091,edge,1,0.6900,4,2445
16758,1289172,edge,0,0.6800,4,2446
16759,1289260,edge,1,0.6800,4,2447
16760,1289337,edge,1,0.6800,4,2448
16761,1289398,edge,1,0.6800,4,2449
16762,1289483,edge,0,0.6800,4,2450
16763,1289560,edge,0,0.6800,4,2451
16764,1289644,edge,1,0.6800,4,2452
16765,1289716,edge,1,0.6800,4,2453
16766,1289795,edge,1,0.6900,4,2454
16767,1289858,edge,0,0.6800,4,2455
16768,1289959,edge,1,0.6800,4,2456
16769,1290022,edge,1,0.6900,4,2457
16770,1290075,edge,0,0.6800,4,2458
16771,1290158,edge,1,0.6800,4,2459
16772,1290229,edge,1,0.6900,4,2460
16773,1290273,edge,0,0.6800,4,2461
16774,1290349,edge,1,0.6900,4,2462
16775,1290404,edge,0,0.6900,4,2463
16776,1290455,edge,0,0.6900,4,2464
16777,1290531,edge,1,0.6900,4,2465
16778,1290588,edge,1,0.6900,4,2466
16779,1290641,edge,0,0.6800,4,2467
16780,1290711,edge,1,0.6900,4,2468
16781,1290793,edge,1,0.7000,4,2469
16782,1290874,edge,0,0.6900,4,2470
16783,1290928,edge,1,0.6900,4,2471
16784,1290993,edge,1,0.6900,4,2472
16785,1291086,edge,1,0.6900,4,2473
16786,1291185,edge,1,0.6900,4,2474
16787,1291239,edge,0,0.6800,4,2475
16788,1291326,edge,0,0.6700,4,2476
16789,1291415,edge,1,0.6700,4,2477
16790,1291516,edge,1,0.6800,4,2478
16791,1291597,edge,0,0.6700,4,2479
16792,1291772,edge,1,0.6800,4,2480
16793,1291864,edge,0,0.6700,4,2481
16794,1291947,edge,1,0.6700,4,2482
16795,1292024,edge,1,0.6700,4,2483
16796,1292111,edge,1,0.6700,4,2484
16797,1292166,edge,1,0.6700,4,2485
16798,1292237,edge,1,0.6800,4,2486
16799,1292317,edge,1,0.6900,4,2487
16800,1292365,edge,0,0.6800,4,2488
16801,1292440,edge,1,0.6900,4,2489
16802,1292491,edge,0,0.6800,4,2490
16803,1292756,edge,1,0.6800,4,2491
16804,1292812,edge,1,0.6800,4,2492
16805,1292968,edge,1,0.6800,4,2493
16806,1293021,edge,1,0.6900,4,2494
16807,1293082,edge,0,0.6800,4,2495
16808,1293137,edge,0,0.6800,4,2496
16809,1293228,edge,1,0.6800,4,2497
16810,1293309,edge,0,0.6800,4,2498
16811,1293371,edge,0,0.6700,4,2499
16812,1293453,edge,0,0.6600,4,2500
16813,1293537,edge,1,0.6600,4,2501
16814,1293593,edge,1,0.6600,4,2502
16815,1293659,edge,1,0.6600,4,2503
16816,1293719,edge,0,0.6600,4,2504
16817,1293780,edge,0,0.6500,4,2505
16818,1293857,edge,1,0.6500,4,2506
16819,1293908,edge,0,0.6400,4,2507
16820,1293997,edge,1,0.6400,4,2508
16821,1294073,edge,1,0.6400,4,2509
16822,1294172,edge,1,0.6400,4,2510
16823,1294327,edge,1,0.6400,4,2511
16824,1294414,edge,1,0.6400,4,2512
16825,1294466,edge,1,0.6500,4,2513
16826,1294535,edge,1,0.6500,4,2514
16827,1294600,edge,1,0.6600,4,2515
16828,1294671,edge,1,0.6600,4,2516
16829,1294734,edge,1,0.6600,4,2517
16830,1294795,edge,1,0.6600,4,2518
16831,1294851,edge,1,0.6700,4,2519
16832,1294930,edge,1,0.6800,4,2520
16833,1295001,edge,1,0.6800,4,2521
16834,1295082,edge,1,0.6800,4,2522
16835,1295159,edge,1,0.6800,4,2523
16836,1295273,edge,1,0.6800,4,2524
16837,1295339,edge,1,0.6900,4,2525
16838,1295412,edge,1,0.6900,4,2526
16839,1295489,edge,1,0.7000,4,2527
16840,1295580,edge,1,0.7000,4,2528
16841,1295673,edge,1,0.7000,4,2529
16842,1295756,edge,1,0.7000,4,2530
16843,1295866,edge,1,0.7000,4,2531
16844,1295944,edge,1,0.7100,4,2532
16845,1296023,edge,1,0.7100,4,2533
16846,1296089,edge,1,0.7200,4,2534
16847,1296157,edge,1,0.7300,4,2535
16848,1296234,edge,1,0.7300,4,2536
16849,1296338,edge,1,0.7400,4,2537
16850,1296406,edge,1,0.7400,4,2538
16851,1296476,edge,1,0.7500,4,2539
16852,1296639,edge,1,0.7600,4,2540
16853,1296691,edge,0,0.7500,4,2541
16854,1296784,edge,1,0.7500,4,2542
16855,1296860,edge,1,0.7500,4,2543
16856,1296912,edge,1,0.7500,4,2544
16857,1297048,edge,0,0.7400,4,2545
16858,1297109,edge,0,0.7400,4,2546
16859,1297250,edge,1,0.7400,4,2547
16860,1297304,edge,0,0.7300,4,2548
16861,1297373,edge,1,0.7300,4,2549
16862,1297466,edge,0,0.7300,4,2550
16863,1297544,edge,1,0.7400,4,2551
16864,1297626,edge,1,0.7400,4,2552
16865,1297754,edge,1,0.7400,4,2553
16866,1297901,edge,1,0.7400,4,2554
16867,1298034,edge,1,0.7500,4,2555
16868,1298138,edge,1,0.7500,4,2556
16869,1298201,edge,1,0.7500,4,2557
16870,1298277,edge,1,0.7600,4,2558
16871,1298331,edge,1,0.7600,4,2559
16872,1298400,edge,1,0.7600,4,2560
16873,1298508,edge,0,0.7600,4,2561
16874,1298565,edge,1,0.7600,4,2562
16875,1298633,edge,1,0.7700,4,2563
16876,1298691,edge,1,0.7800,4,2564
16877,1298748,edge,1,0.7800,4,2565
16878,1298844,edge,1,0.7800,4,2566
16879,1298908,edge,1,0.7900,4,2567
16880,1298958,edge,1,0.7900,4,2568
16881,1299064,edge,1,0.7900,4,2569
16882,1299118,edge,1,0.8000,4,2570
16883,1299181,edge,1,0.8000,4,2571
16884,1299276,edge,1,0.8000,4,2572
16885,1299360,edge,0,0.7900,4,2573
16886,1299448,edge,1,0.7900,4,2574
16887,1299515,edge,1,0.8000,4,2575
16888,1299611,edge,1,0.8100,4,2576
16889,1299689,edge,1,0.8100,4,2577
16890,1299769,edge,1,0.8100,4,2578
16891,1299856,edge,0,0.8100,4,2579
16892,1299938,edge,0,0.8000,4,2580
16893,1300024,edge,1,0.8100,4,2581
16894,1300115,corner,1,0.8100,5,1
16895,1300211,corner,1,0.8100,5,2
16896,1300304,corner,0,0.8000,5,3
16897,1300352,corner,0,0.7900,5,4
16898,1300445,corner,1,0.7900,5,5
16899,1300522,corner,1,0.7900,5,6
16900,1300586,corner,1,0.8000,5,7
16901,1300666,corner,0,0.7900,5,8
16902,1300771,corner,0,0.7900,5,9
16903,1300888,corner,1,0.7900,5,10
16904,1300993,corner,0,0.7800,5,11
16905,1301055,corner,1,0.7800,5,12
16906,1301132,corner,1,0.7800,5,13
16907,1301202,corner,1,0.7900,5,14
16908,1301319,corner,0,0.7900,5,15
16909,1301397,corner,1,0.7900,5,16
16910,1301483,corner,1,0.8000,5,17
16911,1301542,corner,1,0.8100,5,18
16912,1301636,corner,0,0.8100,5,19
16913,1301711,corner,1,0.8100,5,20
16914,1301788,corner,1,0.8100,5,21
16915,1301852,corner,0,0.8000,5,22
16916,1301916,corner,1,0.8100,5,23
16917,1302017,corner,1,0.8200,5,24
16918,1302121,corner,0,0.8100,5,25
16919,1302207,corner,1,0.8200,5,26
16920,1302292,corner,1,0.8200,5,27
16921,1302396,corner,0,0.8100,5,28
16922,1302479,corner,1,0.8100,5,29
16923,1302533,corner,1,0.8100,5,30
16924,1302641,corner,1,0.8100,5,31
16925,1302709,corner,1,0.8100,5,32
16926,1302783,corner,1,0.8100,5,33
16927,1302862,corner,1,0.8100,5,34
16928,1302943,corner,1,0.8100,5,35
16929,1303022,corner,1,0.8100,5,36
16930,1303121,corner,1,0.8100,5,37
16931,1303315,corner,0,0.8000,5,38
16932,1303397,corner,0,0.7900,5,39
16933,1303474,corner,0,0.7800,5,40
16934,1303626,corner,1,0.7800,5,41
16935,1303711,corner,1,0.7800,5,42
16936,1303764,corner,0,0.7700,5,43
16937,1303841,corner,1,0.7700,5,44
16938,1303930,corner,1,0.7700,5,45
16939,1304061,corner,1,0.7700,5,46
16940,1304147,corner,0,0.7600,5,47
16941,1304238,corner,1,0.7600,5,48
16942,1304321,corner,1,0.7600,5,49
16943,1304409,corner,1,0.7600,5,50
16944,1304490,corner,0,0.7500,5,51
16945,1304620,corner,0,0.7400,5,52
16946,1304716,corner,1,0.7400,5,53
16947,1304810,corner,0,0.7300,5,54
16948,1304892,corner,0,0.7200,5,55
16949,1304963,corner,1,0.7200,5,56
16950,1305050,corner,1,0.7200,5,57
16951,1305146,corner,0,0.7100,5,58
16952,1305240,corner,1,0.7100,5,59
16953,1305310,corner,1,0.7200,5,60
16954,1305380,corner,1,0.7200,5,61
16955,1305479,corner,1,0.7200,5,62
16956,1305582,corner,0,0.7100,5,63
16957,1305672,corner,0,0.7100,5,64
16958,1305736,corner,1,0.7200,5,65
16959,1305824,corner,1,0.7200,5,66
16960,1305914,corner,1,0.7300,5,67
16961,1305996,corner,0,0.7200,5,68
16962,1306116,corner,1,0.7300,5,69
16963,1306192,corner,1,0.7300,5,70
16964,1306282,corner,1,0.7300,5,71
16965,1306372,corner,1,0.7300,5,72
16966,1306435,corner,1,0.7300,5,73
16967,1306514,corner,1,0.7300,5,74
16968,1306618,corner,1,0.7300,5,75
16969,1306712,corner,1,0.7300,5,76
16970,1306832,corner,1,0.7300,5,77
16971,1306913,corner,0,0.7200,5,78
16972,1307001,corner,1,0.7200,5,79
16973,1307085,corner,1,0.7300,5,80
16974,1307170,corner,0,0.7200,5,81
16975,1307306,corner,1,0.7200,5,82
16976,1307398,corner,0,0.7100,5,83
16977,1307493,corner,1,0.7100,5,84
16978,1307588,corner,1,0.7100,5,85
16979,1307662,corner,1,0.7100,5,86
16980,1307749,corner,1,0.7100,5,87
16981,1307858,corner,1,0.7100,5,88
16982,1307924,corner,1,0.7100,5,89
16983,1308015,corner,1,0.7100,5,90
16984,1308129,corner,1,0.7100,5,91
16985,1308229,corner,1,0.7200,5,92
16986,1308322,corner,1,0.7200,5,93
16987,1308410,corner,1,0.7200,5,94
16988,1308508,corner,0,0.7100,5,95
16989,1308596,corner,0,0.7000,5,96
16990,1308680,corner,1,0.7000,5,97
16991,1308769,corner,1,0.7100,5,98
16992,1308867,corner,1,0.7200,5,99
16993,1308943,corner,1,0.7200,5,100
16994,1309008,corner,1,0.7200,5,101
16995,1309095,corner,1,0.7200,5,102
16996,1309193,corner,1,0.7300,5,103
16997,1309265,corner,1,0.7400,5,104
16998,1309346,corner,1,0.7400,5,105
16999,1309438,corner,0,0.7300,5,106
17000,1309506,corner,1,0.7300,5,107
17001,1309582,corner,1,0.7400,5,108
17002,1309657,corner,1,0.7500,5,109
17003,1309755,corner,1,0.7500,5,110
17004,1309837,corner,1,0.7600,5,111
17005,1309948,corner,0,0.7500,5,112
17006,1310027,corner,1,0.7500,5,113
17007,1310119,corner,1,0.7500,5,114
17008,1310196,corner,1,0.7600,5,115
17009,1310270,corner,1,0.7600,5,116
17010,1310316,corner,1,0.7600,5,117
17011,1310397,corner,0,0.7500,5,118
17012,1310475,corner,1,0.7600,5,119
17013,1310561,corner,1,0.7600,5,120
17014,1310643,corner,1,0.7600,5,121
17015,1310719,corner,1,0.7700,5,122
17016,1310856,corner,1,0.7700,5,123
17017,1310931,corner,1,0.7700,5,124
17018,1311067,corner,1,0.7800,5,125
17019,1311143,corner,1,0.7800,5,126
17020,1311213,corner,1,0.7800,5,127
17021,1311289,corner,1,0.7900,5,128
17022,1311346,corner,1,0.7900,5,129
17023,1311442,corner,1,0.7900,5,130
17024,1311506,corner,1,0.7900,5,131
17025,1311607,corner,1,0.7900,5,132
17026,1311682,corner,1,0.7900,5,133
17027,1311761,corner,1,0.7900,5,134
17028,1311854,corner,1,0.7900,5,135
17029,1312096,corner,0,0.7800,5,136
17030,1312167,corner,1,0.7800,5,137
17031,1312266,corner,1,0.7900,5,138
17032,1312332,corner,1,0.8000,5,139
17033,1312401,corner,1,0.8100,5,140
17034,1312474,corner,1,0.8100,5,141
17035,1312572,corner,1,0.8100,5,142
17036,1312648,corner,1,0.8200,5,143
17037,1312746,corner,1,0.8200,5,144
17038,1312825,corner,1,0.8200,5,145
17039,1312896,corner,1,0.8200,5,146
17040,1312985,corner,1,0.8300,5,147
17041,1313064,corner,1,0.8300,5,148
17042,1313130,corner,1,0.8300,5,149
17043,1313281,corner,1,0.8300,5,150
17044,1313377,corner,1,0.8400,5,151
17045,1313465,corner,0,0.8400,5,152
17046,1313544,corner,1,0.8400,5,153
17047,1313614,corner,1,0.8500,5,154
17048,1313708,corner,0,0.8500,5,155
17049,1313831,corner,1,0.8500,5,156
17050,1313896,corner,1,0.8500,5,157
17051,1313967,corner,1,0.8600,5,158
17052,1314153,corner,1,0.8600,5,159
17053,1314215,corner,1,0.8600,5,160
17054,1314305,corner,1,0.8600,5,161
17055,1314391,corner,1,0.8600,5,162
17056,1314472,corner,0,0.8600,5,163
17057,1314576,corner,0,0.8600,5,164
17058,1314703,corner,0,0.8500,5,165
17059,1314784,corner,0,0.8400,5,166
17060,1314858,corner,1,0.8400,5,167
17061,1314930,corner,1,0.8500,5,168
17062,1315009,corner,1,0.8500,5,169
17063,1315090,corner,0,0.8400,5,170
17064,1315143,corner,0,0.8300,5,171
17065,1315192,corner,0,0.8200,5,172
17066,1315263,corner,1,0.8200,5,173
17067,1315325,corner,1,0.8200,5,174
17068,1315425,corner,1,0.8200,5,175
17069,1315518,corner,1,0.8200,5,176
17070,1315611,corner,1,0.8200,5,177
17071,1315692,corner,1,0.8300,5,178
17072,1315782,corner,0,0.8200,5,179
17073,1315838,corner,1,0.8200,5,180
17074,1315911,corner,1,0.8300,5,181
17075,1315996,corner,1,0.8300,5,182
17076,1316075,corner,1,0.8400,5,183
17077,1316130,corner,0,0.8300,5,184
17078,1316291,corner,1,0.8300,5,185
17079,1316387,corner,0,0.8200,5,186
17080,1316467,corner,1,0.8200,5,187
17081,1316536,corner,1,0.8200,5,188
17082,1316714,corner,1,0.8200,5,189
17083,1316813,corner,1,0.8200,5,190
17084,1316873,corner,0,0.8100,5,191
17085,1317020,corner,1,0.8100,5,192
17086,1317074,corner,1,0.8100,5,193
17087,1317155,corner,0,0.8000,5,194
17088,1317216,corner,0,0.8000,5,195
17089,1317278,corner,1,0.8100,5,196
17090,1317359,corner,0,0.8000,5,197
17091,1317496,corner,1,0.8000,5,198
17092,1317578,corner,0,0.7900,5,199
17093,1317681,corner,1,0.7900,5,200
17094,1317772,corner,1,0.7900,5,201
17095,1317853,corner,1,0.7900,5,202
17096,1317930,corner,1,0.7900,5,203
17097,1317990,corner,1,0.7900,5,204
17098,1318082,corner,1,0.7900,5,205
17099,1318164,corner,1,0.8000,5,206
17100,1318301,corner,0,0.7900,5,207
17101,1318356,corner,0,0.7800,5,208
17102,1318440,corner,0,0.7700,5,209
17103,1318534,corner,1,0.7700,5,210
17104,1318620,corner,1,0.7700,5,211
17105,1318719,corner,1,0.7800,5,212
17106,1318800,corner,1,0.7800,5,213
17107,1318878,corner,1,0.7800,5,214
17108,1318952,corner,1,0.7800,5,215
17109,1319027,corner,1,0.7800,5,216
17110,1319185,corner,1,0.7800,5,217
17111,1319272,corner,0,0.7800,5,218
17112,1319402,corner,1,0.7800,5,219
17113,1319484,corner,1,0.7800,5,220
17114,1319554,corner,1,0.7800,5,221
17115,1319635,corner,0,0.7700,5,222
17116,1319722,corner,0,0.7600,5,223
17117,1319835,corner,0,0.7500,5,224
17118,1319926,corner,1,0.7500,5,225
17119,1320001,corner,1,0.7500,5,226
17120,1320079,corner,1,0.7500,5,227
17121,1320148,corner,1,0.7500,5,228
17122,1320229,corner,0,0.7400,5,229
17123,1320284,corner,0,0.7300,5,230
17124,1320365,corner,1,0.7300,5,231
17125,1320427,corner,1,0.7300,5,232
17126,1320493,corner,1,0.7300,5,233
17127,1320562,corner,1,0.7300,5,234
17128,1320670,corner,0,0.7200,5,235
17129,1320738,corner,1,0.7300,5,236
17130,1320838,corner,1,0.7300,5,237
17131,1320920,corner,1,0.7300,5,238
17132,1321001,corner,1,0.7300,5,239
17133,1321096,corner,1,0.7300,5,240
17134,1321180,corner,1,0.7300,5,241
17135,1321233,corner,1,0.7300,5,242
17136,1321321,corner,1,0.7300,5,243
17137,1321406,corner,0,0.7200,5,244
17138,1321487,corner,0,0.7100,5,245
17139,1321540,corner,1,0.7100,5,246
17140,1321652,corner,1,0.7100,5,247
17141,1321743,corner,0,0.7000,5,248
17142,1321824,corner,0,0.6900,5,249
17143,1321893,corner,1,0.6900,5,250
17144,1321975,corner,1,0.6900,5,251
17145,1322052,corner,1,0.7000,5,252
17146,1322156,corner,1,0.7000,5,253
17147,1322206,corner,1,0.7000,5,254
17148,1322290,corner,1,0.7100,5,255
17149,1322369,corner,1,0.7100,5,256
17150,1322454,corner,1,0.7100,5,257
17151,1322553,corner,0,0.7000,5,258
17152,1322695,corner,1,0.7000,5,259
17153,1322768,corner,1,0.7000,5,260
17154,1322859,corner,1,0.7000,5,261
17155,1322942,corner,0,0.6900,5,262
17156,1323014,corner,1,0.7000,5,263
17157,1323077,corner,1,0.7100,5,264
17158,1323174,corner,1,0.7200,5,265
17159,1323238,corner,1,0.7300,5,266
17160,1323365,corner,1,0.7300,5,267
17161,1323429,corner,0,0.7200,5,268
17162,1323507,corner,1,0.7200,5,269
17163,1323589,corner,1,0.7300,5,270
17164,1323671,corner,0,0.7300,5,271
17165,1323755,corner,1,0.7400,5,272
17166,1323863,corner,1,0.7400,5,273
17167,1323946,corner,0,0.7300,5,274
17168,1324019,corner,1,0.7300,5,275
17169,1324090,corner,1,0.7300,5,276
17170,1324166,corner,1,0.7300,5,277
17171,1324247,corner,0,0.7200,5,278
17172,1324319,corner,1,0.7300,5,279
17173,1324407,corner,1,0.7300,5,280
17174,1324478,corner,1,0.7300,5,281
17175,1324619,corner,1,0.7300,5,282
17176,1324709,corner,1,0.7300,5,283
17177,1324783,corner,0,0.7300,5,284
17178,1324910,corner,1,0.7300,5,285
17179,1325016,corner,1,0.7400,5,286
17180,1325078,corner,0,0.7300,5,287
17181,1325163,corner,0,0.7200,5,288
17182,1325232,corner,1,0.7200,5,289
17183,1325322,corner,1,0.7200,5,290
17184,1325413,corner,1,0.7300,5,291
17185,1325498,corner,0,0.7200,5,292
17186,1325590,corner,1,0.7200,5,293
17187,1325669,corner,1,0.7300,5,294
17188,1325754,corner,0,0.7300,5,295
17189,1325837,corner,1,0.7300,5,296
17190,1325917,corner,1,0.7400,5,297
17191,1325969,corner,1,0.7400,5,298
17192,1326104,corner,1,0.7500,5,299
17193,1326193,corner,1,0.7500,5,300
17194,1326273,corner,1,0.7500,5,301
17195,1326355,corner,1,0.7500,5,302
17196,1326486,corner,0,0.7400,5,303
17197,1326580,corner,1,0.7400,5,304
17198,1326708,corner,1,0.7400,5,305
17199,1326820,corner,1,0.7400,5,306
17200,1326880,corner,1,0.7500,5,307
17201,1326941,corner,1,0.7600,5,308
17202,1327021,corner,1,0.7700,5,309
17203,1327084,corner,1,0.7700,5,310
17204,1327148,corner,1,0.7700,5,311
17205,1327233,corner,1,0.7700,5,312
17206,1327311,corner,1,0.7700,5,313
17207,1327372,corner,1,0.7700,5,314
17208,1327442,corner,1,0.7700,5,315
17209,1327515,corner,1,0.7700,5,316
17210,1327606,corner,0,0.7600,5,317
17211,1327692,corner,0,0.7600,5,318
17212,1327818,corner,1,0.7600,5,319
17213,1327878,corner,1,0.7600,5,320
17214,1328114,corner,1,0.7600,5,321
17215,1328195,corner,0,0.7600,5,322
17216,1328262,corner,1,0.7700,5,323
17217,1328343,corner,1,0.7800,5,324
17218,1328408,corner,1,0.7800,5,325
17219,1328489,corner,0,0.7700,5,326
17220,1328584,corner,1,0.7700,5,327
17221,1328702,corner,1,0.7700,5,328
17222,1328839,corner,1,0.7800,5,329
17223,1328893,corner,1,0.7900,5,330
17224,1328970,corner,1,0.7900,5,331
17225,1329031,corner,1,0.7900,5,332
17226,1329125,corner,1,0.7900,5,333
17227,1329240,corner,1,0.7900,5,334
17228,1329328,corner,1,0.8000,5,335
17229,1329401,corner,1,0.8000,5,336
17230,1329491,corner,0,0.7900,5,337
17231,1329569,corner,1,0.7900,5,338
17232,1329621,corner,1,0.7900,5,339
17233,1329697,corner,1,0.7900,5,340
17234,1329780,corner,1,0.7900,5,341
17235,1329864,corner,1,0.7900,5,342
17236,1329930,corner,0,0.7800,5,343
17237,1330019,corner,0,0.7800,5,344
17238,1330110,corner,1,0.7900,5,345
17239,1330173,corner,1,0.7900,5,346
17240,1330229,corner,1,0.7900,5,347
17241,1330318,corner,1,0.8000,5,348
17242,1330389,corner,1,0.8100,5,349
17243,1330481,corner,1,0.8100,5,350
17244,1330583,corner,1,0.8100,5,351
17245,1330668,corner,0,0.8000,5,352
17246,1330720,corner,1,0.8000,5,353
17247,1330791,corner,1,0.8000,5,354
17248,1330899,corner,0,0.7900,5,355
17249,1330971,corner,1,0.7900,5,356
17250,1331060,corner,1,0.7900,5,357
17251,1331134,corner,1,0.8000,5,358
17252,1331220,corner,1,0.8000,5,359
17253,1331287,corner,1,0.8000,5,360
17254,1331346,corner,1,0.8000,5,361
17255,1331456,corner,0,0.8000,5,362
17256,1331556,corner,1,0.8000,5,363
17257,1331639,corner,0,0.7900,5,364
17258,1331720,corner,0,0.7800,5,365
17259,1331805,corner,0,0.7700,5,366
17260,1331936,corner,1,0.7700,5,367
17261,1332024,corner,1,0.7800,5,368
17262,1332100,corner,1,0.7800,5,369
17263,1332197,corner,1,0.7800,5,370
17264,1332281,corner,0,0.7800,5,371
17265,1332389,corner,1,0.7800,5,372
17266,1332500,corner,1,0.7800,5,373
17267,1332552,corner,0,0.7800,5,374
17268,1332663,corner,1,0.7800,5,375
17269,1332734,corner,1,0.7800,5,376
17270,1332839,corner,0,0.7700,5,377
17271,1332922,corner,1,0.7800,5,378
17272,1333014,corner,1,0.7800,5,379
17273,1333070,corner,1,0.7800,5,380
17274,1333145,corner,1,0.7800,5,381
17275,1333228,corner,1,0.7800,5,382
17276,1333277,corner,0,0.7700,5,383
17277,1333351,corner,1,0.7800,5,384
17278,1333444,corner,1,0.7800,5,385
17279,1333540,corner,1,0.7800,5,386
17280,1333621,corner,0,0.7800,5,387
17281,1333710,corner,1,0.7900,5,388
17282,1333801,corner,1,0.7900,5,389
17283,1333908,corner,1,0.7900,5,390
17284,1334082,corner,1,0.7900,5,391
17285,1334155,corner,1,0.8000,5,392
17286,1334214,corner,0,0.7900,5,393
17287,1334320,corner,1,0.7900,5,394
17288,1334440,corner,0,0.7900,5,395
17289,1334502,corner,1,0.7900,5,396
17290,1334577,corner,1,0.7900,5,397
17291,1334642,corner,1,0.7900,5,398
17292,1334709,corner,1,0.7900,5,399
17293,1334758,corner,0,0.7800,5,400
17294,1334842,corner,0,0.7700,5,401
17295,1334925,corner,1,0.7700,5,402
17296,1334982,corner,1,0.7800,5,403
17297,1335070,corner,1,0.7800,5,404
17298,1335193,corner,1,0.7800,5,405
17299,1335293,corner,1,0.7800,5,406
17300,1335370,corner,1,0.7800,5,407
17301,1335414,corner,0,0.7700,5,408
17302,1335495,corner,1,0.7700,5,409
17303,1335579,corner,1,0.7700,5,410
17304,1335667,corner,1,0.7700,5,411
17305,1335753,corner,1,0.7700,5,412
17306,1335837,corner,1,0.7700,5,413
17307,1335904,corner,1,0.7700,5,414
17308,1335987,corner,0,0.7600,5,415
17309,1336102,corner,0,0.7500,5,416
17310,1336282,corner,1,0.7600,5,417
17311,1336364,corner,0,0.7600,5,418
17312,1336445,corner,0,0.7500,5,419
17313,1336561,corner,1,0.7500,5,420
17314,1336646,corner,0,0.7400,5,421
17315,1336721,corner,1,0.7500,5,422
17316,1336776,corner,1,0.7500,5,423
17317,1336853,corner,1,0.7500,5,424
17318,1336912,corner,0,0.7400,5,425
17319,1337015,corner,1,0.7500,5,426
17320,1337085,corner,1,0.7500,5,427
17321,1337171,corner,0,0.7400,5,428
17322,1337252,corner,0,0.7300,5,429
17323,1337401,corner,1,0.7300,5,430
17324,1337504,corner,1,0.7300,5,431
17325,1337579,corner,1,0.7300,5,432
17326,1337727,corner,1,0.7300,5,433
17327,1337808,corner,0,0.7200,5,434
17328,1337900,corner,1,0.7200,5,435
17329,1337998,corner,0,0.7100,5,436
17330,1338092,corner,1,0.7200,5,437
17331,1338167,corner,1,0.7200,5,438
17332,1338283,corner,1,0.7200,5,439
17333,1338357,corner,1,0.7200,5,440
17334,1338440,corner,1,0.7200,5,441
17335,1338523,corner,1,0.7200,5,442
17336,1338605,corner,1,0.7300,5,443
17337,1338663,corner,1,0.7400,5,444
17338,1338736,corner,1,0.7400,5,445
17339,1338841,corner,1,0.7400,5,446
17340,1338947,corner,1,0.7400,5,447
17341,1339116,corner,0,0.7300,5,448
17342,1339162,corner,0,0.7200,5,449
17343,1339254,corner,1,0.7200,5,450
17344,1339320,corner,0,0.7100,5,451
17345,1339374,corner,0,0.7100,5,452
17346,1339472,corner,1,0.7100,5,453
17347,1339555,corner,1,0.7100,5,454
17348,1339627,corner,1,0.7200,5,455
17349,1339755,corner,0,0.7100,5,456
17350,1339867,corner,1,0.7100,5,457
17351,1339965,corner,1,0.7100,5,458
17352,1340039,corner,1,0.7100,5,459
17353,1340121,corner,0,0.7000,5,460
17354,1340182,corner,0,0.6900,5,461
17355,1340282,corner,0,0.6900,5,462
17356,1340366,corner,1,0.6900,5,463
17357,1340456,corner,1,0.7000,5,464
17358,1340520,corner,1,0.7100,5,465
17359,1340593,corner,1,0.7200,5,466
17360,1340704,corner,0,0.7100,5,467
17361,1340803,corner,1,0.7100,5,468
17362,1340863,corner,1,0.7100,5,469
17363,1340949,corner,1,0.7100,5,470
17364,1341024,corner,1,0.7200,5,471
17365,1341106,corner,0,0.7100,5,472
17366,1341242,corner,1,0.7100,5,473
17367,1341315,corner,1,0.7200,5,474
17368,1341396,corner,1,0.7200,5,475
17369,1341463,corner,1,0.7200,5,476
17370,1341524,corner,0,0.7200,5,477
17371,1341610,corner,1,0.7200,5,478
17372,1341697,corner,0,0.7100,5,479
17373,1341787,corner,1,0.7100,5,480
17374,1341873,corner,1,0.7100,5,481
17375,1341966,corner,1,0.7100,5,482
17376,1342040,corner,1,0.7200,5,483
17377,1342196,corner,1,0.7200,5,484
17378,1342253,corner,0,0.7100,5,485
17379,1342374,corner,1,0.7100,5,486
17380,1342460,corner,0,0.7100,5,487
17381,1342557,corner,1,0.7100,5,488
17382,1342651,corner,1,0.7100,5,489
17383,1342711,corner,1,0.7100,5,490
17384,1342797,corner,0,0.7000,5,491
17385,1342931,corner,0,0.6900,5,492
17386,1343027,corner,1,0.7000,5,493
17387,1343116,corner,0,0.6900,5,494
17388,1343198,corner,0,0.6900,5,495
17389,1343289,corner,1,0.6900,5,496
17390,1343372,corner,1,0.6900,5,497
17391,1343501,corner,1,0.6900,5,498
17392,1343577,corner,1,0.6900,5,499
17393,1343665,corner,1,0.7000,5,500
17394,1343827,corner,1,0.7100,5,501
17395,1343906,corner,1,0.7100,5,502
17396,1343968,corner,1,0.7100,5,503
17397,1344054,corner,1,0.7100,5,504
17398,1344134,corner,1,0.7100,5,505
17399,1344187,corner,0,0.7000,5,506
17400,1344251,corner,0,0.6900,5,507
17401,1344318,corner,0,0.6900,5,508
17402,1344404,corner,1,0.6900,5,509
17403,1344488,corner,1,0.6900,5,510
17404,1344584,corner,1,0.6900,5,511
17405,1344654,corner,1,0.6900,5,512
17406,1344741,corner,1,0.6900,5,513
17407,1344804,corner,1,0.6900,5,514
17408,1344885,corner,1,0.7000,5,515
17409,1344956,corner,1,0.7100,5,516
17410,1345043,corner,1,0.7100,5,517
17411,1345133,corner,1,0.7200,5,518
17412,1345223,corner,1,0.7300,5,519
17413,1345269,corner,0,0.7200,5,520
17414,1345344,corner,1,0.7300,5,521
17415,1345427,corner,1,0.7300,5,522
17416,1345511,corner,1,0.7300,5,523
17417,1345598,corner,1,0.7300,5,524
17418,1345685,corner,1,0.7400,5,525
17419,1345777,corner,1,0.7400,5,526
17420,1345844,corner,1,0.7400,5,527
17421,1345925,corner,0,0.7400,5,528
17422,1346007,corner,0,0.7400,5,529
17423,1346108,corner,1,0.7400,5,530
17424,1346209,corner,1,0.7400,5,531
17425,1346265,corner,0,0.7300,5,532
17426,1346317,corner,1,0.7300,5,533
17427,1346411,corner,1,0.7400,5,534
17428,1346503,corner,1,0.7400,5,535
17429,1346595,corner,1,0.7500,5,536
17430,1346673,corner,1,0.7500,5,537
17431,1346768,corner,0,0.7400,5,538
17432,1346849,corner,0,0.7300,5,539
17433,1346936,corner,1,0.7300,5,540
17434,1347022,corner,1,0.7300,5,541
17435,1347100,corner,1,0.7300,5,542
17436,1347245,corner,1,0.7300,5,543
17437,1347314,corner,1,0.7300,5,544
17438,1347394,corner,1,0.7300,5,545
17439,1347474,corner,1,0.7300,5,546
17440,1347558,corner,1,0.7300,5,547
17441,1347674,corner,1,0.7400,5,548
17442,1347721,corner,0,0.7400,5,549
17443,1347819,corner,0,0.7300,5,550
17444,1347934,corner,1,0.7400,5,551
17445,1348003,corner,0,0.7400,5,552
17446,1348084,corner,1,0.7400,5,553
17447,1348158,corner,1,0.7400,5,554
17448,1348271,corner,1,0.7400,5,555
17449,1348357,corner,0,0.7400,5,556
17450,1348435,corner,1,0.7400,5,557
17451,1348503,corner,1,0.7400,5,558
17452,1348571,corner,0,0.7300,5,559
17453,1348714,corner,1,0.7400,5,560
17454,1348799,corner,1,0.7500,5,561
17455,1348882,corner,1,0.7600,5,562
17456,1348984,corner,1,0.7600,5,563
17457,1349056,corner,1,0.7600,5,564
17458,1349141,corner,1,0.7600,5,565
17459,1349212,corner,1,0.7600,5,566
17460,1349326,corner,1,0.7700,5,567
17461,1349407,corner,0,0.7600,5,568
17462,1349459,corner,0,0.7500,5,569
17463,1349552,corner,1,0.7500,5,570
17464,1349655,corner,1,0.7500,5,571
17465,1349744,corner,1,0.7600,5,572
17466,1349845,corner,1,0.7600,5,573
17467,1349922,corner,1,0.7600,5,574
17468,1350005,corner,1,0.7600,5,575
17469,1350089,corner,1,0.7600,5,576
17470,1350191,corner,1,0.7700,5,577
17471,1350272,corner,0,0.7600,5,578
17472,1350379,corner,1,0.7700,5,579
17473,1350456,corner,1,0.7700,5,580
17474,1350539,corner,1,0.7700,5,581
17475,1350680,corner,1,0.7700,5,582
17476,1350731,corner,0,0.7600,5,583
17477,1350811,corner,1,0.7600,5,584
17478,1350910,corner,1,0.7700,5,585
17479,1350980,corner,1,0.7700,5,586
17480,1351070,corner,1,0.7800,5,587
17481,1351152,corner,0,0.7700,5,588
17482,1351217,corner,1,0.7700,5,589
17483,1351298,corner,0,0.7600,5,590
17484,1351369,corner,1,0.7700,5,591
17485,1351451,corner,0,0.7700,5,592
17486,1351524,corner,1,0.7700,5,593
17487,1351652,corner,0,0.7700,5,594
17488,1351740,corner,1,0.7800,5,595
17489,1351806,corner,1,0.7800,5,596
17490,1351869,corner,1,0.7800,5,597
17491,1351971,corner,1,0.7800,5,598
17492,1352061,corner,1,0.7800,5,599
17493,1352145,corner,1,0.7800,5,600
17494,1352217,corner,1,0.7800,5,601
17495,1352286,corner,1,0.7800,5,602
17496,1352391,corner,0,0.7700,5,603
17497,1352472,corner,0,0.7600,5,604
17498,1352534,corner,1,0.7600,5,605
17499,1352756,corner,1,0.7700,5,606
17500,1352841,corner,1,0.7800,5,607
17501,1352911,corner,1,0.7900,5,608
17502,1352999,corner,1,0.7900,5,609
17503,1353130,corner,1,0.7900,5,610
17504,1353250,corner,0,0.7800,5,611
17505,1353300,corner,0,0.7700,5,612
17506,1353371,corner,0,0.7600,5,613
17507,1353499,corner,0,0.7500,5,614
17508,1353586,corner,0,0.7400,5,615
17509,1353698,corner,1,0.7400,5,616
17510,1353821,corner,1,0.7400,5,617
17511,1353917,corner,0,0.7300,5,618
17512,1354027,corner,1,0.7300,5,619
17513,1354108,corner,1,0.7400,5,620
17514,1354215,corner,1,0.7400,5,621
17515,1354306,corner,1,0.7400,5,622
17516,1354388,corner,1,0.7400,5,623
17517,1354474,corner,1,0.7400,5,624
17518,1354558,corner,1,0.7400,5,625
17519,1354628,corner,1,0.7400,5,626
17520,1354717,corner,1,0.7400,5,627
17521,1354795,corner,1,0.7500,5,628
17522,1354881,corner,1,0.7600,5,629
17523,1354969,corner,1,0.7600,5,630
17524,1355049,corner,1,0.7600,5,631
17525,1355191,corner,1,0.7700,5,632
17526,1355276,corner,0,0.7600,5,633
17527,1355327,corner,0,0.7500,5,634
17528,1355419,corner,1,0.7500,5,635
17529,1355515,corner,1,0.7500,5,636
17530,1355602,corner,0,0.7400,5,637
17531,1355671,corner,1,0.7500,5,638
17532,1355776,corner,0,0.7500,5,639
17533,1355848,corner,0,0.7400,5,640
17534,1355917,corner,1,0.7400,5,641
17535,1355998,corner,1,0.7400,5,642
17536,1356096,corner,1,0.7400,5,643
17537,1356200,corner,1,0.7400,5,644
17538,1356261,corner,1,0.7400,5,645
17539,1356311,corner,0,0.7300,5,646
17540,1356391,corner,1,0.7300,5,647
17541,1356461,corner,1,0.7300,5,648
17542,1356552,corner,0,0.7300,5,649
17543,1356658,corner,1,0.7400,5,650
17544,1356755,corner,1,0.7400,5,651
17545,1356857,corner,0,0.7400,5,652
17546,1356925,corner,0,0.7300,5,653
17547,1357110,corner,1,0.7300,5,654
17548,1357188,corner,1,0.7300,5,655
17549,1357261,corner,1,0.7400,5,656
17550,1357321,corner,1,0.7400,5,657
17551,1357402,corner,0,0.7300,5,658
17552,1357473,corner,1,0.7400,5,659
17553,1357552,corner,1,0.7400,5,660
17554,1357628,corner,1,0.7400,5,661
17555,1357694,corner,0,0.7300,5,662
17556,1357759,corner,0,0.7200,5,663
17557,1357886,corner,1,0.7200,5,664
17558,1358010,corner,1,0.7200,5,665
17559,1358102,corner,0,0.7100,5,666
17560,1358181,corner,1,0.7100,5,667
17561,1358262,corner,0,0.7100,5,668
17562,1358314,corner,0,0.7100,5,669
17563,1358381,corner,0,0.7000,5,670
17564,1358463,corner,0,0.6900,5,671
17565,1358542,corner,1,0.6900,5,672
17566,1358635,corner,0,0.6800,5,673
17567,1358702,corner,1,0.6800,5,674
17568,1358813,corner,1,0.6800,5,675
17569,1358890,corner,1,0.6800,5,676
17570,1358989,corner,1,0.6800,5,677
17571,1359067,corner,1,0.6900,5,678
17572,1359167,corner,0,0.6800,5,679
17573,1359240,corner,1,0.6800,5,680
17574,1359288,corner,0,0.6700,5,681
17575,1359369,corner,0,0.6600,5,682
17576,1359482,corner,1,0.6700,5,683
17577,1359564,corner,0,0.6600,5,684
17578,1359676,corner,1,0.6600,5,685
17579,1359768,corner,1,0.6600,5,686
17580,1359844,corner,1,0.6600,5,687
17581,1359919,corner,1,0.6700,5,688
17582,1360001,corner,0,0.6600,5,689
17583,1360078,corner,1,0.6700,5,690
17584,1360208,corner,1,0.6700,5,691
17585,1360313,corner,1,0.6800,5,692
17586,1360401,corner,1,0.6800,5,693
17587,1360461,corner,1,0.6900,5,694
17588,1360537,corner,1,0.6900,5,695
17589,1360601,corner,1,0.6900,5,696
17590,1360684,corner,1,0.6900,5,697
17591,1360780,corner,1,0.6900,5,698
17592,1360864,corner,1,0.6900,5,699
17593,1360951,corner,1,0.6900,5,700
17594,1361083,corner,0,0.6800,5,701
17595,1361153,corner,1,0.6800,5,702
17596,1361312,corner,1,0.6900,5,703
17597,1361401,corner,1,0.7000,5,704
17598,1361493,corner,1,0.7000,5,705
17599,1361548,corner,0,0.6900,5,706
17600,1361634,corner,1,0.6900,5,707
17601,1361729,corner,1,0.6900,5,708
17602,1361802,corner,1,0.6900,5,709
17603,1361894,corner,1,0.6900,5,710
17604,1361969,corner,1,0.7000,5,711
17605,1362047,corner,1,0.7100,5,712
17606,1362159,corner,1,0.7200,5,713
17607,1362242,corner,1,0.7300,5,714
17608,1362324,corner,1,0.7400,5,715
17609,1362425,corner,1,0.7400,5,716
17610,1362507,corner,0,0.7300,5,717
17611,1362575,corner,1,0.7400,5,718
17612,1362659,corner,1,0.7400,5,719
17613,1362729,corner,0,0.7300,5,720
17614,1363005,corner,0,0.7200,5,721
17615,1363126,corner,1,0.7200,5,722
17616,1363200,corner,1,0.7200,5,723
17617,1363283,corner,0,0.7100,5,724
17618,1363368,corner,1,0.7100,5,725
17619,1363457,corner,1,0.7100,5,726
17620,1363547,corner,1,0.7100,5,727
17621,1363666,corner,1,0.7100,5,728
17622,1363749,corner,1,0.7100,5,729
17623,1363822,corner,1,0.7100,5,730
17624,1363874,corner,1,0.7100,5,731
17625,1363966,corner,1,0.7100,5,732
17626,1364051,corner,0,0.7100,5,733
17627,1364152,corner,1,0.7200,5,734
17628,1364292,corner,1,0.7200,5,735
17629,1364385,corner,0,0.7100,5,736
17630,1364481,corner,1,0.7200,5,737
17631,1364655,corner,1,0.7200,5,738
17632,1364722,corner,1,0.7300,5,739
17633,1364806,corner,1,0.7400,5,740
17634,1364902,corner,1,0.7400,5,741
17635,1364988,corner,1,0.7400,5,742
17636,1365091,corner,1,0.7400,5,743
17637,1365209,corner,1,0.7400,5,744
17638,1365274,corner,0,0.7300,5,745
17639,1365478,corner,0,0.7300,5,746
17640,1365588,corner,1,0.7300,5,747
17641,1365754,corner,0,0.7200,5,748
17642,1365840,corner,1,0.7300,5,749
17643,1365945,corner,1,0.7300,5,750
17644,1366035,corner,0,0.7200,5,751
17645,1366124,corner,1,0.7300,5,752
17646,1366259,corner,0,0.7300,5,753
17647,1366310,corner,0,0.7200,5,754
17648,1366404,corner,1,0.7200,5,755
17649,1366484,corner,1,0.7200,5,756
17650,1366591,corner,0,0.7100,5,757
17651,1366668,corner,1,0.7200,5,758
17652,1366744,corner,1,0.7200,5,759
17653,1366838,corner,1,0.7200,5,760
17654,1366905,corner,1,0.7200,5,761
17655,1366988,corner,1,0.7300,5,762
17656,1367083,corner,0,0.7300,5,763
17657,1367176,corner,1,0.7300,5,764
17658,1367320,corner,1,0.7300,5,765
17659,1367405,corner,0,0.7300,5,766
17660,1367495,corner,1,0.7300,5,767
17661,1367659,corner,0,0.7300,5,768
17662,1367741,corner,0,0.7300,5,769
17663,1367828,corner,1,0.7400,5,770
17664,1367919,corner,1,0.7500,5,771
17665,1368002,corner,1,0.7500,5,772
17666,1368074,corner,1,0.7600,5,773
17667,1368142,corner,1,0.7600,5,774
17668,1368211,corner,1,0.7600,5,775
17669,1368278,corner,1,0.7600,5,776
17670,1368355,corner,1,0.7600,5,777
17671,1368457,corner,1,0.7600,5,778
17672,1368538,corner,0,0.7600,5,779
17673,1368659,corner,1,0.7600,5,780
17674,1368727,corner,1,0.7700,5,781
17675,1368818,corner,0,0.7700,5,782
17676,1368894,corner,1,0.7700,5,783
17677,1368990,corner,1,0.7800,5,784
17678,1369073,corner,1,0.7800,5,785
17679,1369183,corner,1,0.7800,5,786
17680,1369253,corner,1,0.7800,5,787
17681,1369319,corner,1,0.7800,5,788
17682,1369385,corner,1,0.7900,5,789
17683,1369445,corner,1,0.7900,5,790
17684,1369534,corner,1,0.7900,5,791
17685,1369615,corner,0,0.7800,5,792
17686,1369665,corner,0,0.7700,5,793
17687,1369758,corner,1,0.7700,5,794
17688,1369867,corner,1,0.7700,5,795
17689,1369932,corner,1,0.7700,5,796
17690,1370040,corner,1,0.7700,5,797
17691,1370144,corner,0,0.7600,5,798
17692,1370239,corner,1,0.7600,5,799
17693,1370326,corner,1,0.7600,5,800
17694,1370395,corner,1,0.7700,5,801
17695,1370466,corner,1,0.7700,5,802
17696,1370547,corner,0,0.7600,5,803
17697,1370595,corner,0,0.7500,5,804
17698,1370660,corner,1,0.7500,5,805
17699,1370742,corner,0,0.7500,5,806
17700,1370836,corner,1,0.7500,5,807
17701,1370987,corner,1,0.7500,5,808
17702,1371089,corner,1,0.7500,5,809
17703,1371242,corner,1,0.7500,5,810
17704,1371314,corner,1,0.7500,5,811
17705,1371374,corner,0,0.7400,5,812
17706,1371460,corner,1,0.7400,5,813
17707,1371541,corner,1,0.7400,5,814
17708,1371601,corner,0,0.7300,5,815
17709,1371682,corner,0,0.7200,5,816
17710,1371756,corner,1,0.7300,5,817
17711,1371836,corner,1,0.7300,5,818
17712,1371911,corner,1,0.7300,5,819
17713,1372146,corner,1,0.7400,5,820
17714,1372246,corner,1,0.7500,5,821
17715,1372312,corner,1,0.7500,5,822
17716,1372371,corner,1,0.7500,5,823
17717,1372559,corner,1,0.7600,5,824
17718,1372646,corner,1,0.7600,5,825
17719,1372709,corner,1,0.7600,5,826
17720,1372775,corner,1,0.7600,5,827
17721,1372869,corner,1,0.7600,5,828
17722,1372981,corner,1,0.7600,5,829
17723,1373049,corner,1,0.7600,5,830
17724,1373130,corner,1,0.7600,5,831
17725,1373243,corner,1,0.7600,5,832
17726,1373322,corner,1,0.7700,5,833
17727,1373387,corner,1,0.7700,5,834
17728,1373502,corner,1,0.7700,5,835
17729,1373600,corner,1,0.7800,5,836
17730,1373701,corner,1,0.7800,5,837
17731,1373780,corner,1,0.7800,5,838
17732,1373859,corner,1,0.7800,5,839
17733,1374026,corner,0,0.7700,5,840
17734,1374092,corner,1,0.7700,5,841
17735,1374182,corner,1,0.7700,5,842
17736,1374308,corner,1,0.7700,5,843
17737,1374389,corner,1,0.7700,5,844
17738,1374489,corner,1,0.7800,5,845
17739,1374580,corner,1,0.7900,5,846
17740,1374744,corner,1,0.7900,5,847
17741,1374814,corner,1,0.8000,5,848
17742,1374926,corner,1,0.8000,5,849
17743,1375007,corner,0,0.7900,5,850
17744,1375099,corner,0,0.7900,5,851
17745,1375186,corner,1,0.7900,5,852
17746,1375298,corner,0,0.7900,5,853
17747,1375399,corner,1,0.8000,5,854
17748,1375482,corner,1,0.8000,5,855
17749,1375576,corner,1,0.8000,5,856
17750,1375643,corner,1,0.8100,5,857
17751,1375724,corner,0,0.8000,5,858
17752,1375815,corner,1,0.8000,5,859
17753,1375899,corner,1,0.8000,5,860
17754,1375984,corner,1,0.8000,5,861
17755,1376060,corner,1,0.8000,5,862
17756,1376124,corner,0,0.8000,5,863
17757,1376214,corner,1,0.8000,5,864
17758,1376310,corner,1,0.8000,5,865
17759,1376383,corner,1,0.8100,5,866
17760,1376432,corner,1,0.8100,5,867
17761,1376511,corner,1,0.8200,5,868
17762,1376587,corner,1,0.8300,5,869
17763,1376697,corner,1,0.8300,5,870
17764,1376771,corner,1,0.8300,5,871
17765,1376837,corner,0,0.8200,5,872
17766,1376926,corner,1,0.8200,5,873
17767,1377021,corner,1,0.8200,5,874
17768,1377104,corner,0,0.8100,5,875
17769,1377186,corner,1,0.8100,5,876
17770,1377259,corner,1,0.8100,5,877
17771,1377341,corner,0,0.8000,5,878
17772,1377394,corner,1,0.8100,5,879
17773,1377448,corner,0,0.8000,5,880
17774,1377552,corner,1,0.8000,5,881
17775,1377623,corner,1,0.8100,5,882
17776,1377736,corner,1,0.8100,5,883
17777,1377808,corner,1,0.8100,5,884
17778,1377910,corner,1,0.8100,5,885
17779,1377984,corner,1,0.8100,5,886
17780,1378064,corner,1,0.8100,5,887
17781,1378122,corner,1,0.8100,5,888
17782,1378306,corner,1,0.8100,5,889
17783,1378370,corner,1,0.8100,5,890
17784,1378439,corner,1,0.8100,5,891
17785,1378551,corner,1,0.8200,5,892
17786,1378698,corner,1,0.8300,5,893
17787,1378788,corner,1,0.8300,5,894
17788,1378905,corner,1,0.8300,5,895
17789,1378997,corner,1,0.8300,5,896
17790,1379093,corner,1,0.8300,5,897
17791,1379175,corner,0,0.8300,5,898
17792,1379259,corner,0,0.8200,5,899
17793,1379340,corner,1,0.8200,5,900
17794,1379417,corner,0,0.8100,5,901
17795,1379518,corner,1,0.8100,5,902
17796,1379576,corner,0,0.8100,5,903
17797,1379688,corner,1,0.8200,5,904
17798,1379760,corner,1,0.8200,5,905
17799,1379821,corner,1,0.8300,5,906
17800,1379896,corner,1,0.8300,5,907
17801,1379972,corner,1,0.8300,5,908
17802,1380036,corner,0,0.8200,5,909
17803,1380187,corner,1,0.8200,5,910
17804,1380248,corner,1,0.8200,5,911
17805,1380353,corner,0,0.8200,5,912
17806,1380406,corner,0,0.8100,5,913
17807,1380491,corner,1,0.8100,5,914
17808,1380576,corner,1,0.8200,5,915
17809,1380671,corner,1,0.8300,5,916
17810,1380773,corner,1,0.8300,5,917
17811,1380865,corner,1,0.8300,5,918
17812,1380928,corner,0,0.8200,5,919
17813,1380990,corner,0,0.8100,5,920
17814,1381061,corner,1,0.8100,5,921
17815,1381151,corner,0,0.8000,5,922
17816,1381267,corner,1,0.8000,5,923
17817,1381356,corner,1,0.8000,5,924
17818,1381479,corner,1,0.8000,5,925
17819,1381532,corner,0,0.7900,5,926
17820,1381609,corner,1,0.7900,5,927
17821,1381692,corner,0,0.7800,5,928
17822,1381789,corner,0,0.7700,5,929
17823,1381895,corner,0,0.7600,5,930
17824,1381976,corner,0,0.7500,5,931
17825,1382077,corner,1,0.7500,5,932
17826,1382149,corner,1,0.7500,5,933
17827,1382230,corner,0,0.7400,5,934
17828,1382311,corner,0,0.7300,5,935
17829,1382422,corner,1,0.7300,5,936
17830,1382476,corner,0,0.7200,5,937
17831,1382567,corner,1,0.7200,5,938
17832,1382615,corner,0,0.7100,5,939
17833,1382718,corner,1,0.7200,5,940
17834,1382807,corner,0,0.7100,5,941
17835,1382897,corner,1,0.7100,5,942
17836,1382982,corner,1,0.7100,5,943
17837,1383065,corner,1,0.7100,5,944
17838,1383154,corner,1,0.7100,5,945
17839,1383236,corner,0,0.7000,5,946
17840,1383314,corner,1,0.7000,5,947
17841,1383410,corner,1,0.7000,5,948
17842,1383485,corner,1,0.7000,5,949
17843,1383580,corner,1,0.7100,5,950
17844,1383661,corner,1,0.7200,5,951
17845,1383741,corner,1,0.7200,5,952
17846,1383795,corner,0,0.7200,5,953
17847,1383872,corner,1,0.7200,5,954
17848,1383953,corner,0,0.7100,5,955
17849,1384055,corner,1,0.7100,5,956
17850,1384139,corner,1,0.7100,5,957
17851,1384192,corner,1,0.7200,5,958
17852,1384295,corner,1,0.7200,5,959
17853,1384419,corner,1,0.7200,5,960
17854,1384482,corner,1,0.7200,5,961
17855,1384561,corner,1,0.7200,5,962
17856,1384708,corner,1,0.7300,5,963
17857,1384782,corner,1,0.7300,5,964
17858,1384891,corner,1,0.7300,5,965
17859,1384987,corner,1,0.7300,5,966
17860,1385069,corner,1,0.7300,5,967
17861,1385155,corner,1,0.7300,5,968
17862,1385243,corner,1,0.7300,5,969
17863,1385362,corner,1,0.7300,5,970
17864,1385454,corner,1,0.7300,5,971
17865,1385535,corner,0,0.7300,5,972
17866,1385582,corner,0,0.7200,5,973
17867,1385678,corner,1,0.7200,5,974
17868,1385769,corner,1,0.7300,5,975
17869,1385843,corner,1,0.7300,5,976
17870,1385913,corner,0,0.7200,5,977
17871,1386098,corner,1,0.7300,5,978
17872,1386181,corner,1,0.7300,5,979
17873,1386230,corner,0,0.7300,5,980
17874,1386334,corner,1,0.7300,5,981
17875,1386448,corner,1,0.7300,5,982
17876,1386494,corner,0,0.7200,5,983
17877,1386576,corner,0,0.7100,5,984
17878,1386664,corner,0,0.7000,5,985
17879,1386751,corner,1,0.7000,5,986
17880,1386854,corner,1,0.7000,5,987
17881,1386915,corner,1,0.7000,5,988
17882,1387050,corner,1,0.7000,5,989
17883,1387121,corner,1,0.7000,5,990
17884,1387206,corner,1,0.7000,5,991
17885,1387314,corner,0,0.6900,5,992
17886,1387489,corner,1,0.6900,5,993
17887,1387583,corner,1,0.6900,5,994
17888,1387665,corner,0,0.6800,5,995
17889,1387747,corner,0,0.6700,5,996
17890,1387828,corner,1,0.6700,5,997
17891,1387926,corner,1,0.6800,5,998
17892,1388011,corner,1,0.6900,5,999
17893,1388102,corner,0,0.6800,5,1000
17894,1388170,corner,0,0.6800,5,1001
17895,1388220,corner,0,0.6700,5,1002
17896,1388301,corner,0,0.6700,5,1003
17897,1388403,corner,1,0.6700,5,1004
17898,1388498,corner,1,0.6700,5,1005
17899,1388575,corner,1,0.6700,5,1006
17900,1388676,corner,1,0.6700,5,1007
17901,1388755,corner,1,0.6700,5,1008
17902,1388808,corner,0,0.6700,5,1009
17903,1388889,corner,0,0.6600,5,1010
17904,1388970,corner,1,0.6600,5,1011
17905,1389055,corner,0,0.6600,5,1012
17906,1389104,corner,0,0.6600,5,1013
17907,1389191,corner,1,0.6600,5,1014
17908,1389273,corner,0,0.6500,5,1015
17909,1389355,corner,1,0.6500,5,1016
17910,1389405,corner,0,0.6400,5,1017
17911,1389469,corner,1,0.6400,5,1018
17912,1389615,corner,0,0.6400,5,1019
17913,1389697,corner,1,0.6500,5,1020
17914,1389783,corner,1,0.6500,5,1021
17915,1389884,corner,1,0.6600,5,1022
17916,1389993,corner,1,0.6600,5,1023
17917,1390069,corner,1,0.6600,5,1024
17918,1390150,corner,1,0.6600,5,1025
17919,1390222,corner,1,0.6700,5,1026
17920,1390313,corner,1,0.6700,5,1027
17921,1390405,corner,1,0.6800,5,1028
17922,1390485,corner,1,0.6900,5,1029
17923,1390568,corner,1,0.7000,5,1030
17924,1390655,corner,1,0.7100,5,1031
17925,1390750,corner,1,0.7100,5,1032
17926,1390857,corner,1,0.7100,5,1033
17927,1390947,corner,1,0.7200,5,1034
17928,1391047,corner,1,0.7300,5,1035
17929,1391093,corner,0,0.7200,5,1036
17930,1391243,corner,0,0.7200,5,1037
17931,1391324,corner,0,0.7100,5,1038
17932,1391417,corner,1,0.7200,5,1039
17933,1391492,corner,1,0.7200,5,1040
17934,1391555,corner,1,0.7300,5,1041
17935,1391625,corner,1,0.7300,5,1042
17936,1391719,corner,1,0.7300,5,1043
17937,1391780,corner,1,0.7300,5,1044
17938,1391832,corner,0,0.7200,5,1045
17939,1391932,corner,1,0.7300,5,1046
17940,1392018,corner,0,0.7200,5,1047
17941,1392074,corner,1,0.7200,5,1048
17942,1392121,corner,0,0.7100,5,1049
17943,1392223,corner,1,0.7100,5,1050
17944,1392302,corner,1,0.7100,5,1051
17945,1392384,corner,0,0.7000,5,1052
17946,1392487,corner,1,0.7100,5,1053
17947,1392563,corner,1,0.7100,5,1054
17948,1392655,corner,1,0.7200,5,1055
17949,1392746,corner,1,0.7200,5,1056
17950,1392901,corner,1,0.7200,5,1057
17951,1392983,corner,1,0.7200,5,1058
17952,1393193,corner,1,0.7200,5,1059
17953,1393259,corner,1,0.7200,5,1060
17954,1393376,corner,1,0.7200,5,1061
17955,1393453,corner,1,0.7200,5,1062
17956,1393557,corner,1,0.7200,5,1063
17957,1393645,corner,0,0.7100,5,1064
17958,1393739,corner,1,0.7100,5,1065
17959,1393844,corner,1,0.7100,5,1066
17960,1393923,corner,1,0.7100,5,1067
17961,1393990,corner,1,0.7100,5,1068
17962,1394114,corner,1,0.7100,5,1069
17963,1394191,corner,1,0.7100,5,1070
17964,1394241,corner,0,0.7000,5,1071
17965,1394443,corner,1,0.7100,5,1072
17966,1394536,corner,1,0.7200,5,1073
17967,1394662,corner,1,0.7200,5,1074
17968,1394736,corner,1,0.7200,5,1075
17969,1394833,corner,1,0.7200,5,1076
17970,1394914,corner,1,0.7300,5,1077
17971,1394984,corner,1,0.7300,5,1078
17972,1395076,corner,1,0.7300,5,1079
17973,1395148,corner,1,0.7400,5,1080
17974,1395197,corner,0,0.7300,5,1081
17975,1395268,corner,1,0.7300,5,1082
17976,1395371,corner,1,0.7400,5,1083
17977,1395450,corner,1,0.7500,5,1084
17978,1395540,corner,1,0.7600,5,1085
17979,1395637,corner,1,0.7600,5,1086
17980,1395685,corner,0,0.7500,5,1087
17981,1395787,corner,1,0.7500,5,1088
17982,1395928,corner,1,0.7500,5,1089
17983,1396029,corner,1,0.7500,5,1090
17984,1396128,corner,1,0.7500,5,1091
17985,1396233,corner,0,0.7500,5,1092
17986,1396332,corner,1,0.7500,5,1093
17987,1396427,corner,1,0.7500,5,1094
17988,1396501,corner,1,0.7600,5,1095
17989,1396558,corner,1,0.7700,5,1096
17990,1396607,corner,0,0.7600,5,1097
17991,1396735,corner,1,0.7600,5,1098
17992,1396859,corner,1,0.7600,5,1099
17993,1396944,corner,1,0.7700,5,1100
17994,1397035,corner,1,0.7800,5,1101
17995,1397122,corner,1,0.7900,5,1102
17996,1397207,corner,1,0.8000,5,1103
17997,1397278,corner,1,0.8000,5,1104
17998,1397341,corner,0,0.7900,5,1105
17999,1397419,corner,1,0.7900,5,1106
18000,1397496,corner,1,0.7900,5,1107
18001,1397579,corner,0,0.7800,5,1108
18002,1397634,corner,1,0.7900,5,1109
18003,1397729,corner,1,0.8000,5,1110
18004,1397815,corner,1,0.8000,5,1111
18005,1397878,corner,1,0.8100,5,1112
18006,1397960,corner,0,0.8100,5,1113
18007,1398034,corner,1,0.8100,5,1114
18008,1398127,corner,1,0.8200,5,1115
18009,1398223,corner,1,0.8200,5,1116
18010,1398322,corner,1,0.8300,5,1117
18011,1398394,corner,1,0.8300,5,1118
18012,1398491,corner,1,0.8400,5,1119
18013,1398591,corner,1,0.8400,5,1120
18014,1398672,corner,0,0.8300,5,1121
18015,1398738,corner,0,0.8200,5,1122
18016,1398810,corner,1,0.8200,5,1123
18017,1398858,corner,0,0.8100,5,1124
18018,1399182,corner,1,0.8100,5,1125
18019,1399250,corner,1,0.8100,5,1126
18020,1399410,corner,1,0.8100,5,1127
18021,1399476,corner,1,0.8100,5,1128
18022,1399552,corner,1,0.8100,5,1129
18023,1399634,corner,0,0.8000,5,1130
18024,1399706,corner,1,0.8000,5,1131
18025,1399809,corner,1,0.8000,5,1132
18026,1399906,corner,1,0.8000,5,1133
18027,1400006,corner,1,0.8000,5,1134
18028,1400059,corner,1,0.8000,5,1135
18029,1400125,corner,1,0.8100,5,1136
18030,1400200,corner,1,0.8200,5,1137
18031,1400295,corner,1,0.8300,5,1138
18032,1400383,corner,1,0.8300,5,1139
18033,1400473,corner,1,0.8300,5,1140
18034,1400582,corner,1,0.8300,5,1141
18035,1400698,corner,1,0.8300,5,1142
18036,1400778,corner,1,0.8300,5,1143
18037,1400847,corner,1,0.8300,5,1144
18038,1400917,corner,1,0.8400,5,1145
18039,1401009,corner,1,0.8400,5,1146
18040,1401093,corner,1,0.8500,5,1147
18041,1401161,corner,1,0.8500,5,1148
18042,1401211,corner,1,0.8600,5,1149
18043,1401287,corner,1,0.8600,5,1150
18044,1401355,corner,1,0.8600,5,1151
18045,1401489,corner,1,0.8700,5,1152
18046,1401540,corner,0,0.8600,5,1153
18047,1401672,corner,0,0.8500,5,1154
18048,1401781,corner,1,0.8500,5,1155
18049,1401915,corner,0,0.8400,5,1156
18050,1401974,corner,1,0.8400,5,1157
18051,1402059,corner,0,0.8300,5,1158
18052,1402140,corner,0,0.8200,5,1159
18053,1402221,corner,1,0.8200,5,1160
18054,1402322,corner,1,0.8200,5,1161
18055,1402385,corner,1,0.8200,5,1162
18056,1402434,corner,0,0.8100,5,1163
18057,1402530,corner,1,0.8200,5,1164
18058,1402610,corner,1,0.8200,5,1165
18059,1402672,corner,1,0.8200,5,1166
18060,1402754,corner,0,0.8100,5,1167
18061,1402836,corner,0,0.8000,5,1168
18062,1402907,corner,1,0.8000,5,1169
18063,1402997,corner,1,0.8000,5,1170
18064,1403069,corner,1,0.8100,5,1171
18065,1403153,corner,1,0.8100,5,1172
18066,1403234,corner,0,0.8000,5,1173
18067,1403332,corner,1,0.8000,5,1174
18068,1403480,corner,0,0.7900,5,1175
18069,1403592,corner,1,0.7900,5,1176
18070,1403687,corner,1,0.7900,5,1177
18071,1403770,corner,1,0.7900,5,1178
18072,1403846,corner,1,0.7900,5,1179
18073,1403912,corner,1,0.7900,5,1180
18074,1404014,corner,1,0.8000,5,1181
18075,1404130,corner,1,0.8000,5,1182
18076,1404203,corner,1,0.8000,5,1183
18077,1404261,corner,0,0.7900,5,1184
18078,1404342,corner,0,0.7800,5,1185
18079,1404450,corner,1,0.7800,5,1186
18080,1404514,corner,1,0.7900,5,1187
18081,1404598,corner,1,0.7900,5,1188
18082,1404682,corner,0,0.7800,5,1189
18083,1404826,corner,0,0.7700,5,1190
18084,1404904,corner,1,0.7700,5,1191
18085,1404986,corner,0,0.7700,5,1192
18086,1405079,corner,1,0.7700,5,1193
18087,1405165,corner,1,0.7700,5,1194
18088,1405261,corner,1,0.7700,5,1195
18089,1405370,corner,1,0.7700,5,1196
18090,1405448,corner,1,0.7800,5,1197
18091,1405557,corner,1,0.7800,5,1198
18092,1405823,corner,1,0.7800,5,1199
18093,1405877,corner,0,0.7700,5,1200
18094,1405988,corner,1,0.7700,5,1201
18095,1406065,corner,1,0.7700,5,1202
18096,1406121,corner,1,0.7700,5,1203
18097,1406178,corner,1,0.7700,5,1204
18098,1406246,corner,1,0.7800,5,1205
18099,1406331,corner,1,0.7800,5,1206
18100,1406412,corner,0,0.7700,5,1207
18101,1406493,corner,0,0.7700,5,1208
18102,1406598,corner,0,0.7600,5,1209
18103,1406673,corner,1,0.7600,5,1210
18104,1406833,corner,1,0.7600,5,1211
18105,1406902,corner,1,0.7600,5,1212
18106,1406983,corner,0,0.7600,5,1213
18107,1407081,corner,1,0.7600,5,1214
18108,1407188,corner,1,0.7600,5,1215
18109,1407238,corner,0,0.7500,5,1216
18110,1407308,corner,1,0.7500,5,1217
18111,1407359,corner,0,0.7400,5,1218
18112,1407430,corner,1,0.7400,5,1219
18113,1407563,corner,0,0.7300,5,1220
18114,1407646,corner,1,0.7400,5,1221
18115,1407722,corner,1,0.7500,5,1222
18116,1407794,corner,1,0.7500,5,1223
18117,1407868,corner,1,0.7600,5,1224
18118,1408039,corner,1,0.7600,5,1225
18119,1408170,corner,1,0.7600,5,1226
18120,1408229,corner,1,0.7600,5,1227
18121,1408312,corner,1,0.7600,5,1228
18122,1408368,corner,0,0.7500,5,1229
18123,1408501,corner,1,0.7600,5,1230
18124,1408599,corner,1,0.7600,5,1231
18125,1408668,corner,1,0.7600,5,1232
18126,1408745,corner,1,0.7600,5,1233
18127,1408861,corner,0,0.7500,5,1234
18128,1408977,corner,1,0.7500,5,1235
18129,1409066,corner,1,0.7500,5,1236
18130,1409149,corner,1,0.7500,5,1237
18131,1409249,corner,1,0.7500,5,1238
18132,1409329,corner,1,0.7500,5,1239
18133,1409388,corner,1,0.7500,5,1240
18134,1409448,corner,0,0.7400,5,1241
18135,1409501,corner,1,0.7400,5,1242
18136,1409556,corner,0,0.7300,5,1243
18137,1409640,corner,1,0.7300,5,1244
18138,1409756,corner,0,0.7200,5,1245
18139,1409829,corner,1,0.7200,5,1246
18140,1409892,corner,1,0.7200,5,1247
18141,1409988,corner,1,0.7200,5,1248
18142,1410036,corner,0,0.7100,5,1249
18143,1410131,corner,1,0.7100,5,1250
18144,1410252,corner,1,0.7100,5,1251
18145,1410401,corner,1,0.7100,5,1252
18146,1410448,corner,0,0.7100,5,1253
18147,1410503,corner,1,0.7200,5,1254
18148,1410581,corner,1,0.7200,5,1255
18149,1410640,corner,0,0.7200,5,1256
18150,1410772,corner,0,0.7100,5,1257
18151,1410834,corner,1,0.7200,5,1258
18152,1410913,corner,1,0.7300,5,1259
18153,1411000,corner,1,0.7300,5,1260
18154,1411116,corner,1,0.7300,5,1261
18155,1411204,corner,1,0.7300,5,1262
18156,1411299,corner,1,0.7400,5,1263
18157,1411419,corner,1,0.7400,5,1264
18158,1411507,corner,1,0.7400,5,1265
18159,1411619,corner,1,0.7400,5,1266
18160,1411673,corner,1,0.7500,5,1267
18161,1411736,corner,1,0.7600,5,1268
18162,1411858,corner,1,0.7600,5,1269
18163,1411942,corner,1,0.7600,5,1270
18164,1411996,corner,1,0.7600,5,1271
18165,1412087,corner,1,0.7600,5,1272
18166,1412200,corner,1,0.7700,5,1273
18167,1412280,corner,1,0.7700,5,1274
18168,1412411,corner,1,0.7800,5,1275
18169,1412492,corner,1,0.7800,5,1276
18170,1412571,corner,1,0.7800,5,1277
18171,1412618,corner,0,0.7700,5,1278
18172,1412740,corner,1,0.7700,5,1279
18173,1412797,corner,1,0.7700,5,1280
18174,1412878,corner,0,0.7600,5,1281
18175,1412963,corner,0,0.7500,5,1282
18176,1413056,corner,1,0.7500,5,1283
18177,1413145,corner,1,0.7600,5,1284
18178,1413219,corner,1,0.7700,5,1285
18179,1413315,corner,1,0.7700,5,1286
18180,1413373,corner,1,0.7700,5,1287
18181,1413432,corner,0,0.7600,5,1288
18182,1413482,corner,0,0.7600,5,1289
18183,1413612,corner,0,0.7600,5,1290
18184,1413818,corner,1,0.7600,5,1291
18185,1413906,corner,1,0.7700,5,1292
18186,1414037,corner,1,0.7700,5,1293
18187,1414094,corner,1,0.7700,5,1294
18188,1414192,corner,1,0.7700,5,1295
18189,1414292,corner,1,0.7700,5,1296
18190,1414385,corner,1,0.7700,5,1297
18191,1414466,corner,0,0.7600,5,1298
18192,1414630,corner,1,0.7600,5,1299
18193,1414697,corner,1,0.7700,5,1300
18194,1414827,corner,1,0.7700,5,1301
18195,1414948,corner,1,0.7700,5,1302
18196,1415027,corner,1,0.7700,5,1303
18197,1415106,corner,1,0.7700,5,1304
18198,1415209,corner,1,0.7700,5,1305
18199,1415291,corner,0,0.7600,5,1306
18200,1415389,corner,1,0.7700,5,1307
18201,1415476,corner,1,0.7800,5,1308
18202,1415529,corner,1,0.7900,5,1309
18203,1415649,corner,1,0.7900,5,1310
18204,1415831,corner,1,0.7900,5,1311
18205,1415918,corner,1,0.7900,5,1312
18206,1416037,corner,1,0.8000,5,1313
18207,1416090,corner,0,0.7900,5,1314
18208,1416200,corner,1,0.7900,5,1315
18209,1416265,corner,1,0.8000,5,1316
18210,1416328,corner,1,0.8000,5,1317
18211,1416423,corner,1,0.8100,5,1318
18212,1416528,corner,1,0.8100,5,1319
18213,1416609,corner,0,0.8100,5,1320
18214,1416689,corner,1,0.8100,5,1321
18215,1416767,corner,1,0.8100,5,1322
18216,1416934,corner,1,0.8100,5,1323
18217,1417035,corner,1,0.8100,5,1324
18218,1417113,corner,1,0.8100,5,1325
18219,1417214,corner,1,0.8100,5,1326
18220,1417295,corner,0,0.8000,5,1327
18221,1417369,corner,1,0.8000,5,1328
18222,1417432,corner,0,0.8000,5,1329
18223,1417485,corner,1,0.8000,5,1330
18224,1417570,corner,0,0.7900,5,1331
18225,1417662,corner,1,0.7900,5,1332
18226,1417742,corner,1,0.7900,5,1333
18227,1417804,corner,1,0.8000,5,1334
18228,1417885,corner,0,0.7900,5,1335
18229,1417996,corner,1,0.7900,5,1336
18230,1418042,corner,0,0.7800,5,1337
18231,1418123,corner,1,0.7800,5,1338
18232,1418219,corner,1,0.7800,5,1339
18233,1418314,corner,1,0.7800,5,1340
18234,1418457,corner,1,0.7900,5,1341
18235,1418537,corner,1,0.7900,5,1342
18236,1418613,corner,1,0.8000,5,1343
18237,1418699,corner,1,0.8000,5,1344
18238,1418755,corner,1,0.8100,5,1345
18239,1418838,corner,1,0.8100,5,1346
18240,1418936,corner,1,0.8100,5,1347
18241,1419032,corner,1,0.8100,5,1348
18242,1419099,corner,0,0.8100,5,1349
18243,1419235,corner,1,0.8100,5,1350
18244,1419299,corner,1,0.8100,5,1351
18245,1419408,corner,0,0.8000,5,1352
18246,1419522,corner,1,0.8100,5,1353
18247,1419607,corner,0,0.8000,5,1354
18248,1419691,corner,0,0.7900,5,1355
18249,1419776,corner,0,0.7900,5,1356
18250,1419896,corner,1,0.8000,5,1357
18251,1419980,corner,1,0.8000,5,1358
18252,1420073,corner,1,0.8000,5,1359
18253,1420153,corner,1,0.8000,5,1360
18254,1420222,corner,0,0.7900,5,1361
18255,1420294,corner,1,0.7900,5,1362
18256,1420363,corner,1,0.7900,5,1363
18257,1420450,corner,0,0.7800,5,1364
18258,1420505,corner,0,0.7700,5,1365
18259,1420586,corner,0,0.7600,5,1366
18260,1420670,corner,1,0.7600,5,1367
18261,1420786,corner,1,0.7600,5,1368
18262,1420872,corner,1,0.7600,5,1369
18263,1420983,corner,1,0.7600,5,1370
18264,1421064,corner,0,0.7500,5,1371
18265,1421168,corner,1,0.7500,5,1372
18266,1421233,corner,0,0.7400,5,1373
18267,1421314,corner,0,0.7300,5,1374
18268,1421368,corner,0,0.7200,5,1375
18269,1421421,corner,1,0.7200,5,1376
18270,1421589,corner,0,0.7100,5,1377
18271,1421694,corner,1,0.7200,5,1378
18272,1421750,corner,1,0.7200,5,1379
18273,1421832,corner,0,0.7100,5,1380
18274,1421914,corner,1,0.7200,5,1381
18275,1422000,corner,1,0.7300,5,1382
18276,1422090,corner,1,0.7300,5,1383
18277,1422199,corner,1,0.7300,5,1384
18278,1422284,corner,1,0.7300,5,1385
18279,1422361,corner,1,0.7300,5,1386
18280,1422432,corner,1,0.7300,5,1387
18281,1422490,corner,0,0.7300,5,1388
18282,1422538,corner,0,0.7300,5,1389
18283,1422630,corner,1,0.7400,5,1390
18284,1422754,corner,1,0.7400,5,1391
18285,1422888,corner,1,0.7400,5,1392
18286,1423000,corner,1,0.7400,5,1393
18287,1423151,corner,1,0.7400,5,1394
18288,1423201,corner,0,0.7300,5,1395
18289,1423309,corner,0,0.7200,5,1396
18290,1423391,corner,0,0.7100,5,1397
18291,1423472,corner,0,0.7100,5,1398
18292,1423718,corner,1,0.7100,5,1399
18293,1423778,corner,0,0.7000,5,1400
18294,1423972,corner,0,0.6900,5,1401
18295,1424063,corner,1,0.6900,5,1402
18296,1424113,corner,0,0.6800,5,1403
18297,1424160,corner,0,0.6700,5,1404
18298,1424249,corner,0,0.6600,5,1405
18299,1424392,corner,1,0.6700,5,1406
18300,1424481,corner,1,0.6700,5,1407
18301,1424583,corner,1,0.6700,5,1408
18302,1424658,corner,1,0.6700,5,1409
18303,1424793,corner,1,0.6700,5,1410
18304,1424902,corner,1,0.6700,5,1411
18305,1424996,corner,1,0.6700,5,1412
18306,1425080,corner,0,0.6600,5,1413
18307,1425166,corner,0,0.6600,5,1414
18308,1425261,corner,1,0.6600,5,1415
18309,1425355,corner,0,0.6500,5,1416
18310,1425445,corner,1,0.6500,5,1417
18311,1425573,corner,1,0.6500,5,1418
18312,1425629,corner,0,0.6400,5,1419
18313,1425711,corner,1,0.6500,5,1420
18314,1425836,corner,1,0.6500,5,1421
18315,1425917,corner,1,0.6500,5,1422
18316,1425996,corner,1,0.6500,5,1423
18317,1426108,corner,1,0.6500,5,1424
18318,1426159,corner,0,0.6400,5,1425
18319,1426207,corner,0,0.6300,5,1426
18320,1426309,corner,1,0.6400,5,1427
18321,1426460,corner,0,0.6300,5,1428
18322,1426541,corner,0,0.6300,5,1429
18323,1426642,corner,1,0.6300,5,1430
18324,1426717,corner,0,0.6300,5,1431
18325,1426819,corner,1,0.6300,5,1432
18326,1426920,corner,0,0.6200,5,1433
18327,1426972,corner,0,0.6100,5,1434
18328,1427045,corner,1,0.6200,5,1435
18329,1427133,corner,1,0.6200,5,1436
18330,1427214,corner,0,0.6200,5,1437
18331,1427309,corner,1,0.6200,5,1438
18332,1427362,corner,0,0.6100,5,1439
18333,1427413,corner,1,0.6100,5,1440
18334,1427496,corner,0,0.6000,5,1441
18335,1427578,corner,0,0.5900,5,1442
18336,1427676,corner,1,0.5900,5,1443
18337,1427765,corner,0,0.5800,5,1444
18338,1427866,corner,1,0.5800,5,1445
18339,1427966,corner,1,0.5800,5,1446
18340,1428048,corner,0,0.5700,5,1447
18341,1428119,corner,1,0.5700,5,1448
18342,1428183,corner,1,0.5800,5,1449
18343,1428272,corner,1,0.5800,5,1450
18344,1428324,corner,0,0.5700,5,1451
18345,1428414,corner,0,0.5700,5,1452
18346,1428505,corner,1,0.5700,5,1453
18347,1428585,corner,1,0.5800,5,1454
18348,1428677,corner,1,0.5900,5,1455
18349,1428755,corner,1,0.6000,5,1456
18350,1428896,corner,1,0.6000,5,1457
18351,1428988,corner,1,0.6000,5,1458
18352,1429081,corner,1,0.6000,5,1459
18353,1429158,corner,1,0.6000,5,1460
18354,1429254,corner,1,0.6100,5,1461
18355,1429305,corner,1,0.6100,5,1462
18356,1429395,corner,1,0.6100,5,1463
18357,1429510,corner,0,0.6100,5,1464
18358,1429591,corner,0,0.6100,5,1465
18359,1429696,corner,0,0.6100,5,1466
18360,1429783,corner,0,0.6000,5,1467
18361,1429867,corner,1,0.6000,5,1468
18362,1429944,corner,1,0.6000,5,1469
18363,1430030,corner,0,0.5900,5,1470
18364,1430113,corner,1,0.6000,5,1471
18365,1430174,corner,0,0.5900,5,1472
18366,1430236,corner,0,0.5900,5,1473
18367,1430349,corner,0,0.5900,5,1474
18368,1430401,corner,0,0.5900,5,1475
18369,1430488,corner,1,0.5900,5,1476
18370,1430555,corner,0,0.5900,5,1477
18371,1430706,corner,1,0.5900,5,1478
18372,1430750,corner,0,0.5800,5,1479
18373,1430849,corner,0,0.5800,5,1480
18374,1430926,corner,1,0.5800,5,1481
18375,1431013,corner,1,0.5800,5,1482
18376,1431070,corner,1,0.5800,5,1483
18377,1431121,corner,0,0.5700,5,1484
18378,1431189,corner,1,0.5700,5,1485
18379,1431271,corner,0,0.5600,5,1486
18380,1431364,corner,1,0.5600,5,1487
18381,1431453,corner,0,0.5600,5,1488
18382,1431549,corner,1,0.5700,5,1489
18383,1431642,corner,1,0.5700,5,1490
18384,1431741,corner,1,0.5700,5,1491
18385,1431830,corner,1,0.5700,5,1492
18386,1431889,corner,1,0.5700,5,1493
18387,1431966,corner,1,0.5700,5,1494
18388,1432026,corner,1,0.5800,5,1495
18389,1432097,corner,1,0.5900,5,1496
18390,1432190,corner,1,0.6000,5,1497
18391,1432277,corner,1,0.6100,5,1498
18392,1432369,corner,1,0.6100,5,1499
18393,1432467,corner,1,0.6200,5,1500
18394,1432579,corner,1,0.6300,5,1501
18395,1432725,corner,1,0.6300,5,1502
18396,1432847,corner,1,0.6400,5,1503
18397,1432930,corner,1,0.6500,5,1504
18398,1433012,corner,1,0.6600,5,1505
18399,1433100,corner,1,0.6600,5,1506
18400,1433185,corner,1,0.6600,5,1507
18401,1433239,corner,1,0.6600,5,1508
18402,1433377,corner,0,0.6500,5,1509
18403,1433433,corner,0,0.6400,5,1510
18404,1433514,corner,0,0.6300,5,1511
18405,1433568,corner,0,0.6200,5,1512
18406,1433685,corner,1,0.6300,5,1513
18407,1433776,corner,1,0.6400,5,1514
18408,1433858,corner,0,0.6300,5,1515
18409,1433954,corner,1,0.6400,5,1516
18410,1434061,corner,1,0.6400,5,1517
18411,1434143,corner,0,0.6300,5,1518
18412,1434238,corner,1,0.6400,5,1519
18413,1434344,corner,1,0.6400,5,1520
18414,1434413,corner,1,0.6400,5,1521
18415,1434467,corner,1,0.6400,5,1522
18416,1434579,corner,1,0.6400,5,1523
18417,1434693,corner,1,0.6400,5,1524
18418,1434841,corner,1,0.6500,5,1525
18419,1434944,corner,1,0.6600,5,1526
18420,1435036,corner,1,0.6600,5,1527
18421,1435127,corner,0,0.6600,5,1528
18422,1435200,corner,1,0.6700,5,1529
18423,1435275,corner,1,0.6700,5,1530
18424,1435363,corner,1,0.6800,5,1531
18425,1435447,corner,0,0.6700,5,1532
18426,1435498,corner,0,0.6700,5,1533
18427,1435593,corner,1,0.6800,5,1534
18428,1435677,corner,1,0.6800,5,1535
18429,1435734,corner,0,0.6700,5,1536
18430,1435800,corner,1,0.6800,5,1537
18431,1435881,corner,0,0.6700,5,1538
18432,1435978,corner,1,0.6800,5,1539
18433,1436042,corner,0,0.6700,5,1540
18434,1436157,corner,1,0.6800,5,1541
18435,1436227,corner,1,0.6900,5,1542
18436,1436275,corner,0,0.6800,5,1543
18437,1436366,corner,1,0.6900,5,1544
18438,1436460,corner,1,0.6900,5,1545
18439,1436545,corner,0,0.6800,5,1546
18440,1436646,corner,1,0.6900,5,1547
18441,1436715,corner,1,0.6900,5,1548
18442,1436774,corner,1,0.6900,5,1549
18443,1436897,corner,1,0.6900,5,1550
18444,1436975,corner,1,0.7000,5,1551
18445,1437058,corner,1,0.7100,5,1552
18446,1437111,corner,1,0.7100,5,1553
18447,1437204,corner,1,0.7100,5,1554
18448,1437275,corner,1,0.7100,5,1555
18449,1437377,corner,1,0.7100,5,1556
18450,1437473,corner,1,0.7100,5,1557
18451,1437564,corner,1,0.7100,5,1558
18452,1437722,corner,1,0.7100,5,1559
18453,1437800,corner,1,0.7100,5,1560
18454,1437901,corner,0,0.7000,5,1561
18455,1437987,corner,1,0.7000,5,1562
18456,1438065,corner,1,0.7000,5,1563
18457,1438152,corner,1,0.7100,5,1564
18458,1438211,corner,0,0.7100,5,1565
18459,1438319,corner,1,0.7200,5,1566
18460,1438417,corner,1,0.7300,5,1567
18461,1438508,corner,1,0.7300,5,1568
18462,1438592,corner,1,0.7300,5,1569
18463,1438698,corner,1,0.7400,5,1570
18464,1438825,corner,1,0.7400,5,1571
18465,1438919,corner,1,0.7500,5,1572
18466,1438974,corner,1,0.7600,5,1573
18467,1439063,corner,1,0.7700,5,1574
18468,1439146,corner,1,0.7800,5,1575
18469,1439286,corner,1,0.7800,5,1576
18470,1439341,corner,0,0.7800,5,1577
18471,1439440,corner,1,0.7800,5,1578
18472,1439607,corner,0,0.7800,5,1579
18473,1439705,corner,1,0.7900,5,1580
18474,1439811,corner,1,0.7900,5,1581
18475,1439894,corner,1,0.7900,5,1582
18476,1439975,corner,0,0.7800,5,1583
18477,1440057,corner,0,0.7800,5,1584
18478,1440230,corner,1,0.7800,5,1585
18479,1440308,corner,1,0.7900,5,1586
18480,1440398,corner,1,0.7900,5,1587
18481,1440481,corner,1,0.8000,5,1588
18482,1440568,corner,1,0.8000,5,1589
18483,1440634,corner,1,0.8000,5,1590
18484,1440736,corner,1,0.8000,5,1591
18485,1440802,corner,1,0.8000,5,1592
18486,1440899,corner,1,0.8000,5,1593
18487,1440982,corner,0,0.7900,5,1594
18488,1441089,corner,0,0.7800,5,1595
18489,1441167,corner,1,0.7800,5,1596
18490,1441262,corner,1,0.7800,5,1597
18491,1441358,corner,1,0.7800,5,1598
18492,1441441,corner,0,0.7700,5,1599
18493,1441545,corner,0,0.7600,5,1600
18494,1441621,corner,1,0.7600,5,1601
18495,1441690,corner,1,0.7600,5,1602
18496,1441793,corner,1,0.7600,5,1603
18497,1441892,corner,0,0.7500,5,1604
18498,1441965,corner,1,0.7500,5,1605
18499,1442075,corner,1,0.7500,5,1606
18500,1442176,corner,1,0.7500,5,1607
18501,1442260,corner,1,0.7500,5,1608
18502,1442316,corner,0,0.7500,5,1609
18503,1442425,corner,1,0.7600,5,1610
18504,1442496,corner,1,0.7700,5,1611
18505,1442622,corner,1,0.7800,5,1612
18506,1442693,corner,1,0.7800,5,1613
18507,1442791,corner,1,0.7800,5,1614
18508,1442877,corner,1,0.7900,5,1615
18509,1442971,corner,0,0.7800,5,1616
18510,1443049,corner,1,0.7800,5,1617
18511,1443136,corner,1,0.7900,5,1618
18512,1443202,corner,1,0.7900,5,1619
18513,1443271,corner,1,0.7900,5,1620
18514,1443365,corner,1,0.7900,5,1621
18515,1443464,corner,1,0.7900,5,1622
18516,1443551,corner,1,0.7900,5,1623
18517,1443601,corner,0,0.7800,5,1624
18518,1443682,corner,0,0.7700,5,1625
18519,1443760,corner,1,0.7700,5,1626
18520,1443853,corner,1,0.7700,5,1627
18521,1443945,corner,1,0.7800,5,1628
18522,1444041,corner,0,0.7700,5,1629
18523,1444117,corner,1,0.7700,5,1630
18524,1444213,corner,1,0.7700,5,1631
18525,1444304,corner,1,0.7800,5,1632
18526,1444401,corner,1,0.7900,5,1633
18527,1444482,corner,0,0.7800,5,1634
18528,1444600,corner,1,0.7800,5,1635
18529,1444672,corner,1,0.7900,5,1636
18530,1444765,corner,1,0.7900,5,1637
18531,1444841,corner,1,0.8000,5,1638
18532,1444936,corner,1,0.8000,5,1639
18533,1445017,corner,1,0.8100,5,1640
18534,1445084,corner,0,0.8000,5,1641
18535,1445136,corner,0,0.7900,5,1642
18536,1445217,corner,0,0.7900,5,1643
18537,1445308,corner,1,0.7900,5,1644
18538,1445389,corner,0,0.7800,5,1645
18539,1445484,corner,1,0.7900,5,1646
18540,1445630,corner,1,0.7900,5,1647
18541,1445709,corner,1,0.7900,5,1648
18542,1445804,corner,1,0.7900,5,1649
18543,1445933,corner,1,0.7900,5,1650
18544,1445991,corner,0,0.7800,5,1651
18545,1446075,corner,1,0.7800,5,1652
18546,1446156,corner,0,0.7700,5,1653
18547,1446228,corner,0,0.7600,5,1654
18548,1446315,corner,1,0.7600,5,1655
18549,1446405,corner,1,0.7600,5,1656
18550,1446463,corner,0,0.7500,5,1657
18551,1446554,corner,0,0.7400,5,1658
18552,1446651,corner,1,0.7400,5,1659
18553,1446723,corner,1,0.7400,5,1660
18554,1446779,corner,1,0.7500,5,1661
18555,1446863,corner,1,0.7500,5,1662
18556,1446937,corner,1,0.7500,5,1663
18557,1447086,corner,1,0.7500,5,1664
18558,1447167,corner,0,0.7500,5,1665
18559,1447228,corner,0,0.7400,5,1666
18560,1447299,corner,1,0.7400,5,1667
18561,1447380,corner,0,0.7300,5,1668
18562,1447473,corner,1,0.7300,5,1669
18563,1447543,corner,1,0.7300,5,1670
18564,1447632,corner,1,0.7300,5,1671
18565,1447682,corner,0,0.7200,5,1672
18566,1447759,corner,1,0.7200,5,1673
18567,1447808,corner,1,0.7200,5,1674
18568,1447902,corner,1,0.7200,5,1675
18569,1447991,corner,1,0.7200,5,1676
18570,1448075,corner,1,0.7300,5,1677
18571,1448134,corner,0,0.7200,5,1678
18572,1448191,corner,0,0.7200,5,1679
18573,1448274,corner,0,0.7100,5,1680
18574,1448327,corner,0,0.7000,5,1681
18575,1448397,corner,1,0.7000,5,1682
18576,1448503,corner,1,0.7100,5,1683
18577,1448617,corner,1,0.7200,5,1684
18578,1448695,corner,1,0.7200,5,1685
18579,1448742,corner,0,0.7100,5,1686
18580,1448823,corner,1,0.7100,5,1687
18581,1448907,corner,0,0.7000,5,1688
18582,1449007,corner,1,0.7000,5,1689
18583,1449072,corner,1,0.7000,5,1690
18584,1449170,corner,1,0.7000,5,1691
18585,1449307,corner,1,0.7000,5,1692
18586,1449464,corner,1,0.7000,5,1693
18587,1449553,corner,0,0.7000,5,1694
18588,1449629,corner,1,0.7100,5,1695
18589,1449691,corner,0,0.7000,5,1696
18590,1449790,corner,1,0.7000,5,1697
18591,1449895,corner,0,0.6900,5,1698
18592,1449977,corner,1,0.7000,5,1699
18593,1450068,corner,1,0.7100,5,1700
18594,1450152,corner,1,0.7100,5,1701
18595,1450242,corner,0,0.7000,5,1702
18596,1450314,corner,1,0.7000,5,1703
18597,1450372,corner,1,0.7100,5,1704
18598,1450426,corner,0,0.7000,5,1705
18599,1450485,corner,0,0.6900,5,1706
18600,1450577,corner,1,0.6900,5,1707
18601,1450668,corner,1,0.6900,5,1708
18602,1450718,corner,0,0.6900,5,1709
18603,1450772,corner,1,0.6900,5,1710
18604,1450853,corner,1,0.6900,5,1711
18605,1450912,corner,0,0.6800,5,1712
18606,1450989,corner,0,0.6700,5,1713
18607,1451080,corner,1,0.6700,5,1714
18608,1451143,corner,1,0.6700,5,1715
18609,1451205,corner,0,0.6700,5,1716
18610,1451271,corner,0,0.6600,5,1717
18611,1451347,corner,1,0.6600,5,1718
18612,1451446,corner,1,0.6600,5,1719
18613,1451554,corner,0,0.6500,5,1720
18614,1451641,corner,1,0.6500,5,1721
18615,1451713,corner,0,0.6400,5,1722
18616,1451851,corner,0,0.6300,5,1723
18617,1451941,corner,1,0.6400,5,1724
18618,1452042,corner,1,0.6500,5,1725
18619,1452196,corner,1,0.6500,5,1726
18620,1452326,corner,1,0.6500,5,1727
18621,1452427,corner,1,0.6500,5,1728
18622,1452516,corner,1,0.6600,5,1729
18623,1452576,corner,0,0.6500,5,1730
18624,1452661,corner,1,0.6500,5,1731
18625,1452746,corner,1,0.6500,5,1732
18626,1452829,corner,1,0.6500,5,1733
18627,1452926,corner,1,0.6600,5,1734
18628,1452978,corner,0,0.6500,5,1735
18629,1453068,corner,1,0.6500,5,1736
18630,1453161,corner,1,0.6500,5,1737
18631,1453219,corner,0,0.6400,5,1738
18632,1453299,corner,1,0.6400,5,1739
18633,1453380,corner,0,0.6300,5,1740
18634,1453452,corner,1,0.6400,5,1741
18635,1453533,corner,0,0.6400,5,1742
18636,1453607,corner,1,0.6500,5,1743
18637,1453665,corner,0,0.6400,5,1744
18638,1453746,corner,0,0.6400,5,1745
18639,1453828,corner,0,0.6300,5,1746
18640,1453888,corner,1,0.6300,5,1747
18641,1453975,corner,1,0.6300,5,1748
18642,1454056,corner,0,0.6200,5,1749
18643,1454169,corner,1,0.6200,5,1750
18644,1454217,corner,0,0.6200,5,1751
18645,1454374,corner,1,0.6200,5,1752
18646,1454463,corner,1,0.6300,5,1753
18647,1454542,corner,1,0.6400,5,1754
18648,1454636,corner,1,0.6400,5,1755
18649,1454742,corner,1,0.6400,5,1756
18650,1454855,corner,0,0.6400,5,1757
18651,1454947,corner,1,0.6500,5,1758
18652,1455036,corner,0,0.6400,5,1759
18653,1455111,corner,1,0.6400,5,1760
18654,1455184,corner,1,0.6400,5,1761
18655,1455235,corner,1,0.6400,5,1762
18656,1455305,corner,1,0.6400,5,1763
18657,1455397,corner,1,0.6400,5,1764
18658,1455462,corner,1,0.6500,5,1765
18659,1455534,corner,1,0.6600,5,1766
18660,1455611,corner,1,0.6600,5,1767
18661,1455701,corner,1,0.6700,5,1768
18662,1455808,corner,1,0.6700,5,1769
18663,1455911,corner,1,0.6700,5,1770
18664,1455993,corner,1,0.6700,5,1771
18665,1456097,corner,1,0.6800,5,1772
18666,1456152,corner,0,0.6700,5,1773
18667,1456243,corner,1,0.6700,5,1774
18668,1456326,corner,1,0.6700,5,1775
18669,1456379,corner,0,0.6600,5,1776
18670,1456463,corner,1,0.6600,5,1777
18671,1456518,corner,0,0.6600,5,1778
18672,1456621,corner,0,0.6600,5,1779
18673,1456678,corner,1,0.6700,5,1780
18674,1456777,corner,1,0.6800,5,1781
18675,1456871,corner,1,0.6800,5,1782
18676,1456938,corner,0,0.6700,5,1783
18677,1456997,corner,1,0.6700,5,1784
18678,1457145,corner,0,0.6600,5,1785
18679,1457202,corner,0,0.6600,5,1786
18680,1457262,corner,0,0.6500,5,1787
18681,1457352,corner,0,0.6500,5,1788
18682,1457429,corner,1,0.6500,5,1789
18683,1457612,corner,1,0.6500,5,1790
18684,1457677,corner,0,0.6400,5,1791
18685,1457750,corner,1,0.6400,5,1792
18686,1457816,corner,1,0.6400,5,1793
18687,1457880,corner,1,0.6500,5,1794
18688,1457969,corner,1,0.6500,5,1795
18689,1458020,corner,0,0.6500,5,1796
18690,1458109,corner,0,0.6400,5,1797
18691,1458168,corner,0,0.6400,5,1798
18692,1458301,corner,1,0.6400,5,1799
18693,1458398,corner,1,0.6400,5,1800
18694,1458474,corner,1,0.6400,5,1801
18695,1458561,corner,0,0.6400,5,1802
18696,1458644,corner,0,0.6300,5,1803
18697,1458738,corner,1,0.6300,5,1804
18698,1458811,corner,1,0.6400,5,1805
18699,1458911,corner,1,0.6500,5,1806
18700,1458997,corner,1,0.6500,5,1807
18701,1459060,corner,0,0.6400,5,1808
18702,1459144,corner,1,0.6500,5,1809
18703,1459227,corner,1,0.6500,5,1810
18704,1459330,corner,0,0.6400,5,1811
18705,1459392,corner,0,0.6400,5,1812
18706,1459447,corner,0,0.6400,5,1813
18707,1459495,corner,0,0.6300,5,1814
18708,1459560,corner,0,0.6200,5,1815
18709,1459616,corner,0,0.6200,5,1816
18710,1459714,corner,1,0.6300,5,1817
18711,1459807,corner,1,0.6300,5,1818
18712,1459880,corner,0,0.6200,5,1819
18713,1459987,corner,1,0.6300,5,1820
18714,1460118,corner,1,0.6300,5,1821
18715,1460213,corner,1,0.6400,5,1822
18716,1460309,corner,1,0.6500,5,1823
18717,1460393,corner,1,0.6500,5,1824
18718,1460459,corner,1,0.6500,5,1825
18719,1460526,corner,1,0.6500,5,1826
18720,1460627,corner,1,0.6500,5,1827
18721,1460725,corner,0,0.6400,5,1828
18722,1460778,corner,1,0.6400,5,1829
18723,1460878,corner,1,0.6500,5,1830
18724,1460959,corner,1,0.6500,5,1831
18725,1461048,corner,0,0.6400,5,1832
18726,1461163,corner,1,0.6400,5,1833
18727,1461248,corner,1,0.6400,5,1834
18728,1461326,corner,1,0.6500,5,1835
18729,1461451,corner,1,0.6500,5,1836
18730,1461523,corner,1,0.6500,5,1837
18731,1461574,corner,0,0.6500,5,1838
18732,1461676,corner,0,0.6400,5,1839
18733,1461840,corner,1,0.6500,5,1840
18734,1461899,corner,0,0.6400,5,1841
18735,1461994,corner,1,0.6500,5,1842
18736,1462050,corner,0,0.6400,5,1843
18737,1462149,corner,0,0.6400,5,1844
18738,1462213,corner,0,0.6400,5,1845
18739,1462304,corner,1,0.6500,5,1846
18740,1462413,corner,1,0.6500,5,1847
18741,1462477,corner,0,0.6400,5,1848
18742,1462538,corner,1,0.6500,5,1849
18743,1462620,corner,1,0.6500,5,1850
18744,1462701,corner,1,0.6600,5,1851
18745,1462774,corner,1,0.6600,5,1852
18746,1462863,corner,1,0.6600,5,1853
18747,1462935,corner,1,0.6600,5,1854
18748,1463009,corner,0,0.6500,5,1855
18749,1463098,corner,1,0.6500,5,1856
18750,1463177,corner,1,0.6600,5,1857
18751,1463260,corner,1,0.6600,5,1858
18752,1463336,corner,1,0.6700,5,1859
18753,1463423,corner,1,0.6700,5,1860
18754,1463499,corner,1,0.6700,5,1861
18755,1463569,corner,1,0.6700,5,1862
18756,1463661,corner,0,0.6600,5,1863
18757,1463739,corner,1,0.6600,5,1864
18758,1463821,corner,0,0.6500,5,1865
18759,1463894,corner,1,0.6500,5,1866
18760,1463996,corner,1,0.6500,5,1867
18761,1464088,corner,1,0.6500,5,1868
18762,1464148,corner,0,0.6400,5,1869
18763,1464229,corner,0,0.6300,5,1870
18764,1464285,corner,1,0.6300,5,1871
18765,1464363,corner,0,0.6200,5,1872
18766,1464463,corner,1,0.6300,5,1873
18767,1464535,corner,1,0.6300,5,1874
18768,1464616,corner,0,0.6200,5,1875
18769,1464671,corner,0,0.6200,5,1876
18770,1464739,corner,1,0.6200,5,1877
18771,1464812,corner,1,0.6300,5,1878
18772,1464897,corner,1,0.6400,5,1879
18773,1464974,corner,1,0.6400,5,1880
18774,1465021,corner,0,0.6300,5,1881
18775,1465100,corner,1,0.6300,5,1882
18776,1465200,corner,1,0.6400,5,1883
18777,1465280,corner,1,0.6400,5,1884
18778,1465346,corner,1,0.6500,5,1885
18779,1465419,corner,1,0.6600,5,1886
18780,1465498,corner,1,0.6700,5,1887
18781,1465556,corner,0,0.6700,5,1888
18782,1465639,corner,1,0.6700,5,1889
18783,1465744,corner,1,0.6700,5,1890
18784,1465825,corner,0,0.6700,5,1891
18785,1465929,corner,1,0.6700,5,1892
18786,1466013,corner,1,0.6700,5,1893
18787,1466142,corner,1,0.6700,5,1894
18788,1466223,corner,0,0.6600,5,1895
18789,1466321,corner,1,0.6700,5,1896
18790,1466398,corner,1,0.6800,5,1897
18791,1466449,corner,0,0.6800,5,1898
18792,1466516,corner,1,0.6800,5,1899
18793,1466606,corner,1,0.6800,5,1900
18794,1466663,corner,1,0.6800,5,1901
18795,1466746,corner,1,0.6900,5,1902
18796,1466823,corner,1,0.7000,5,1903
18797,1466885,corner,1,0.7000,5,1904
18798,1466992,corner,1,0.7000,5,1905
18799,1467068,corner,1,0.7000,5,1906
18800,1467156,corner,1,0.7000,5,1907
18801,1467237,corner,0,0.7000,5,1908
18802,1467314,corner,1,0.7000,5,1909
18803,1467377,corner,1,0.7000,5,1910
18804,1467455,corner,1,0.7100,5,1911
18805,1467537,corner,0,0.7100,5,1912
18806,1467613,corner,1,0.7200,5,1913
18807,1467691,corner,1,0.7300,5,1914
18808,1467797,corner,1,0.7400,5,1915
18809,1467854,corner,0,0.7400,5,1916
18810,1467998,corner,1,0.7400,5,1917
18811,1468056,corner,0,0.7300,5,1918
18812,1468111,corner,1,0.7400,5,1919
18813,1468191,corner,1,0.7400,5,1920
18814,1468335,corner,1,0.7400,5,1921
18815,1468415,corner,1,0.7400,5,1922
18816,1468514,corner,1,0.7400,5,1923
18817,1468582,corner,1,0.7400,5,1924
18818,1468654,corner,1,0.7400,5,1925
18819,1468834,corner,0,0.7300,5,1926
18820,1468924,corner,1,0.7300,5,1927
18821,1469005,corner,0,0.7300,5,1928
18822,1469092,corner,1,0.7300,5,1929
18823,1469158,corner,1,0.7300,5,1930
18824,1469240,corner,1,0.7300,5,1931
18825,1469314,corner,1,0.7400,5,1932
18826,1469478,corner,0,0.7300,5,1933
18827,1469551,corner,1,0.7300,5,1934
18828,1469602,corner,1,0.7300,5,1935
18829,1469686,corner,0,0.7200,5,1936
18830,1469779,corner,0,0.7100,5,1937
18831,1469830,corner,0,0.7100,5,1938
18832,1469886,corner,0,0.7100,5,1939
18833,1469994,corner,1,0.7100,5,1940
18834,1470156,corner,0,0.7100,5,1941
18835,1470253,corner,0,0.7000,5,1942
18836,1470308,corner,0,0.7000,5,1943
18837,1470390,corner,0,0.7000,5,1944
18838,1470479,corner,1,0.7100,5,1945
18839,1470622,corner,1,0.7100,5,1946
18840,1470728,corner,1,0.7100,5,1947
18841,1470799,corner,1,0.7200,5,1948
18842,1470874,corner,1,0.7200,5,1949
18843,1470924,corner,0,0.7100,5,1950
18844,1471000,corner,1,0.7100,5,1951
18845,1471045,corner,0,0.7000,5,1952
18846,1471100,corner,0,0.6900,5,1953
18847,1471146,corner,0,0.6800,5,1954
18848,1471252,corner,1,0.6900,5,1955
18849,1471360,corner,1,0.6900,5,1956
18850,1471456,corner,1,0.6900,5,1957
18851,1471543,corner,1,0.6900,5,1958
18852,1471591,corner,0,0.6800,5,1959
18853,1471642,corner,0,0.6700,5,1960
18854,1471706,corner,0,0.6600,5,1961
18855,1471776,corner,1,0.6600,5,1962
18856,1471823,corner,0,0.6600,5,1963
18857,1471903,corner,1,0.6600,5,1964
18858,1471979,corner,1,0.6700,5,1965
18859,1472060,corner,0,0.6600,5,1966
18860,1472141,corner,0,0.6500,5,1967
18861,1472220,corner,1,0.6500,5,1968
18862,1472279,corner,1,0.6600,5,1969
18863,1472373,corner,1,0.6700,5,1970
18864,1472465,corner,1,0.6700,5,1971
18865,1472577,corner,1,0.6800,5,1972
18866,1472655,corner,1,0.6800,5,1973
18867,1472720,corner,1,0.6800,5,1974
18868,1472786,corner,1,0.6900,5,1975
18869,1472866,corner,1,0.7000,5,1976
18870,1472947,corner,0,0.6900,5,1977
18871,1473037,corner,0,0.6800,5,1978
18872,1473117,corner,1,0.6800,5,1979
18873,1473171,corner,0,0.6700,5,1980
18874,1473250,corner,1,0.6800,5,1981
18875,1473320,corner,0,0.6700,5,1982
18876,1473373,corner,1,0.6700,5,1983
18877,1473476,corner,0,0.6600,5,1984
18878,1473558,corner,0,0.6500,5,1985
18879,1473657,corner,1,0.6500,5,1986
18880,1473702,corner,0,0.6400,5,1987
18881,1473789,corner,1,0.6500,5,1988
18882,1473864,corner,1,0.6500,5,1989
18883,1473931,corner,1,0.6500,5,1990
18884,1473995,corner,0,0.6500,5,1991
18885,1474088,corner,0,0.6400,5,1992
18886,1474173,corner,0,0.6300,5,1993
18887,1474277,corner,1,0.6300,5,1994
18888,1474429,corner,1,0.6400,5,1995
18889,1474566,corner,0,0.6300,5,1996
18890,1474652,corner,0,0.6200,5,1997
18891,1474706,corner,0,0.6200,5,1998
18892,1474792,corner,1,0.6200,5,1999
18893,1474874,corner,1,0.6200,5,2000
18894,1474937,corner,1,0.6200,5,2001
18895,1475004,corner,1,0.6200,5,2002
18896,1475115,corner,1,0.6200,5,2003
18897,1475190,corner,1,0.6200,5,2004
18898,1475269,corner,0,0.6100,5,2005
18899,1475354,corner,1,0.6100,5,2006
18900,1475483,corner,0,0.6000,5,2007
18901,1475588,corner,0,0.6000,5,2008
18902,1475682,corner,1,0.6000,5,2009
18903,1475746,corner,1,0.6000,5,2010
18904,1475836,corner,0,0.5900,5,2011
18905,1475908,corner,1,0.6000,5,2012
18906,1475984,corner,1,0.6000,5,2013
18907,1476066,corner,0,0.5900,5,2014
18908,1476144,corner,1,0.5900,5,2015
18909,1476233,corner,1,0.6000,5,2016
18910,1476316,corner,0,0.5900,5,2017
18911,1476415,corner,1,0.6000,5,2018
18912,1476473,corner,0,0.5900,5,2019
18913,1476565,corner,1,0.5900,5,2020
18914,1476648,corner,0,0.5800,5,2021
18915,1476785,corner,0,0.5700,5,2022
18916,1476911,corner,1,0.5700,5,2023
18917,1476989,corner,1,0.5700,5,2024
18918,1477055,corner,1,0.5700,5,2025
18919,1477149,corner,1,0.5800,5,2026
18920,1477240,corner,0,0.5700,5,2027
18921,1477294,corner,0,0.5700,5,2028
18922,1477426,corner,0,0.5600,5,2029
18923,1477512,corner,1,0.5600,5,2030
18924,1477578,corner,1,0.5600,5,2031
18925,1477628,corner,0,0.5500,5,2032
18926,1477709,corner,0,0.5500,5,2033
18927,1477794,corner,0,0.5400,5,2034
18928,1477881,corner,0,0.5300,5,2035
18929,1477929,corner,0,0.5300,5,2036
18930,1478008,corner,1,0.5400,5,2037
18931,1478116,corner,1,0.5500,5,2038
18932,1478169,corner,0,0.5500,5,2039
18933,1478272,corner,0,0.5400,5,2040
18934,1478350,corner,1,0.5500,5,2041
18935,1478407,corner,0,0.5500,5,2042
18936,1478489,corner,0,0.5500,5,2043
18937,1478574,corner,0,0.5500,5,2044
18938,1478624,corner,0,0.5400,5,2045
18939,1478721,corner,1,0.5400,5,2046
18940,1478830,corner,1,0.5400,5,2047
18941,1478935,corner,0,0.5300,5,2048
18942,1479023,corner,1,0.5300,5,2049
18943,1479112,corner,0,0.5300,5,2050
18944,1479173,corner,0,0.5200,5,2051
18945,1479260,corner,0,0.5200,5,2052
18946,1479361,corner,1,0.5300,5,2053
18947,1479453,corner,1,0.5400,5,2054
18948,1479582,corner,1,0.5400,5,2055
18949,1479665,corner,0,0.5300,5,2056
18950,1479784,corner,1,0.5300,5,2057
18951,1479871,corner,1,0.5300,5,2058
18952,1479932,corner,0,0.5300,5,2059
18953,1480015,corner,1,0.5400,5,2060
18954,1480082,corner,1,0.5500,5,2061
18955,1480152,corner,1,0.5500,5,2062
18956,1480200,corner,0,0.5500,5,2063
18957,1480268,corner,1,0.5500,5,2064
18958,1480320,corner,1,0.5500,5,2065
18959,1480437,corner,1,0.5600,5,2066
18960,1480525,corner,0,0.5600,5,2067
18961,1480608,corner,0,0.5500,5,2068
18962,1480681,corner,1,0.5500,5,2069
18963,1480774,corner,1,0.5500,5,2070
18964,1480846,corner,1,0.5500,5,2071
18965,1480941,corner,1,0.5500,5,2072
18966,1481042,corner,1,0.5500,5,2073
18967,1481112,corner,1,0.5500,5,2074
18968,1481205,corner,0,0.5400,5,2075
18969,1481287,corner,0,0.5300,5,2076
18970,1481333,corner,0,0.5300,5,2077
18971,1481477,corner,1,0.5400,5,2078
18972,1481576,corner,1,0.5400,5,2079
18973,1481643,corner,1,0.5500,5,2080
18974,1481734,corner,1,0.5500,5,2081
18975,1481815,corner,1,0.5600,5,2082
18976,1481880,corner,1,0.5600,5,2083
18977,1481966,corner,1,0.5700,5,2084
18978,1482024,corner,0,0.5700,5,2085
18979,1482070,corner,0,0.5600,5,2086
18980,1482136,corner,1,0.5700,5,2087
18981,1482187,corner,1,0.5700,5,2088
18982,1482268,corner,0,0.5600,5,2089
18983,1482343,corner,1,0.5600,5,2090
18984,1482426,corner,1,0.5700,5,2091
18985,1482525,corner,1,0.5800,5,2092
18986,1482589,corner,1,0.5900,5,2093
18987,1482658,corner,1,0.5900,5,2094
18988,1482741,corner,1,0.5900,5,2095
18989,1482832,corner,0,0.5900,5,2096
18990,1482932,corner,0,0.5900,5,2097
18991,1483029,corner,1,0.6000,5,2098
18992,1483110,corner,1,0.6000,5,2099
18993,1483161,corner,0,0.5900,5,2100
18994,1483236,corner,1,0.5900,5,2101
18995,1483324,corner,1,0.5900,5,2102
18996,1483433,corner,1,0.5900,5,2103
18997,1483514,corner,0,0.5800,5,2104
18998,1483597,corner,0,0.5800,5,2105
18999,1483698,corner,1,0.5800,5,2106
19000,1483795,corner,1,0.5900,5,2107
19001,1483887,corner,1,0.6000,5,2108
19002,1483967,corner,1,0.6000,5,2109
19003,1484056,corner,1,0.6000,5,2110
19004,1484129,corner,1,0.6100,5,2111
19005,1484222,corner,1,0.6100,5,2112
19006,1484311,corner,0,0.6000,5,2113
19007,1484387,corner,1,0.6100,5,2114
19008,1484456,corner,1,0.6100,5,2115
19009,1484511,corner,1,0.6100,5,2116
19010,1484571,corner,1,0.6200,5,2117
19011,1484657,corner,1,0.6200,5,2118
19012,1484746,corner,1,0.6300,5,2119
19013,1484883,corner,1,0.6300,5,2120
19014,1484964,corner,0,0.6300,5,2121
19015,1485060,corner,0,0.6300,5,2122
19016,1485139,corner,1,0.6300,5,2123
19017,1485223,corner,1,0.6300,5,2124
19018,1485280,corner,1,0.6300,5,2125
19019,1485368,corner,1,0.6300,5,2126
19020,1485442,corner,1,0.6400,5,2127
19021,1485539,corner,0,0.6400,5,2128
19022,1485598,corner,0,0.6400,5,2129
19023,1485687,corner,1,0.6400,5,2130
19024,1485747,corner,1,0.6400,5,2131
19025,1485829,corner,1,0.6500,5,2132
19026,1485926,corner,1,0.6600,5,2133
19027,1486002,corner,1,0.6700,5,2134
19028,1486096,corner,1,0.6800,5,2135
19029,1486154,corner,0,0.6800,5,2136
19030,1486273,corner,1,0.6800,5,2137
19031,1486322,corner,0,0.6700,5,2138
19032,1486443,corner,1,0.6800,5,2139
19033,1486539,corner,0,0.6800,5,2140
19034,1486627,corner,1,0.6800,5,2141
19035,1486676,corner,0,0.6800,5,2142
19036,1486744,corner,1,0.6900,5,2143
19037,1486820,corner,1,0.7000,5,2144
19038,1486876,corner,0,0.7000,5,2145
19039,1486983,corner,1,0.7000,5,2146
19040,1487140,corner,1,0.7000,5,2147
19041,1487209,corner,1,0.7100,5,2148
19042,1487291,corner,1,0.7100,5,2149
19043,1487387,corner,1,0.7200,5,2150
19044,1487469,corner,0,0.7200,5,2151
19045,1487552,corner,1,0.7300,5,2152
19046,1487608,corner,0,0.7200,5,2153
19047,1487740,corner,1,0.7200,5,2154
19048,1487851,corner,1,0.7200,5,2155
19049,1487910,corner,1,0.7300,5,2156
19050,1488016,corner,1,0.7300,5,2157
19051,1488108,corner,1,0.7300,5,2158
19052,1488191,corner,0,0.7300,5,2159
19053,1488273,corner,1,0.7300,5,2160
19054,1488328,corner,1,0.7300,5,2161
19055,1488406,corner,1,0.7300,5,2162
19056,1488502,corner,0,0.7300,5,2163
19057,1488569,corner,1,0.7300,5,2164
19058,1488664,corner,1,0.7300,5,2165
19059,1488798,corner,0,0.7200,5,2166
19060,1488879,corner,0,0.7200,5,2167
19061,1488974,corner,1,0.7300,5,2168
19062,1489085,corner,1,0.7300,5,2169
19063,1489136,corner,0,0.7200,5,2170
19064,1489213,corner,1,0.7200,5,2171
19065,1489295,corner,1,0.7200,5,2172
19066,1489367,corner,1,0.7200,5,2173
19067,1489436,corner,1,0.7200,5,2174
19068,1489522,corner,0,0.7200,5,2175
19069,1489570,corner,0,0.7200,5,2176
19070,1489659,corner,1,0.7300,5,2177
19071,1489743,corner,0,0.7200,5,2178
19072,1489807,corner,1,0.7200,5,2179
19073,1489886,corner,1,0.7200,5,2180
19074,1489972,corner,1,0.7200,5,2181
19075,1490045,corner,0,0.7100,5,2182
19076,1490128,corner,0,0.7000,5,2183
19077,1490213,corner,0,0.6900,5,2184
19078,1490296,corner,0,0.6900,5,2185
19079,1490497,corner,1,0.7000,5,2186
19080,1490572,corner,0,0.6900,5,2187
19081,1490678,corner,1,0.6900,5,2188
19082,1490759,corner,0,0.6900,5,2189
19083,1490855,corner,1,0.6900,5,2190
19084,1490945,corner,1,0.6900,5,2191
19085,1491030,corner,1,0.6900,5,2192
19086,1491101,corner,0,0.6800,5,2193
19087,1491259,corner,1,0.6800,5,2194
19088,1491320,corner,0,0.6700,5,2195
19089,1491375,corner,1,0.6800,5,2196
19090,1491505,corner,1,0.6900,5,2197
19091,1491598,corner,1,0.6900,5,2198
19092,1491666,corner,1,0.6900,5,2199
19093,1491749,corner,1,0.7000,5,2200
19094,1491816,corner,1,0.7000,5,2201
19095,1491897,corner,0,0.6900,5,2202
19096,1491956,corner,0,0.6800,5,2203
19097,1492047,corner,1,0.6900,5,2204
19098,1492094,corner,0,0.6900,5,2205
19099,1492268,corner,1,0.6900,5,2206
19100,1492362,corner,0,0.6800,5,2207
19101,1492445,corner,0,0.6700,5,2208
19102,1492492,corner,0,0.6600,5,2209
19103,1492555,corner,1,0.6600,5,2210
19104,1492637,corner,0,0.6500,5,2211
19105,1492715,corner,1,0.6500,5,2212
19106,1492779,corner,0,0.6500,5,2213
19107,1492842,corner,1,0.6500,5,2214
19108,1492973,corner,0,0.6400,5,2215
19109,1493056,corner,1,0.6400,5,2216
19110,1493111,corner,0,0.6300,5,2217
19111,1493199,corner,1,0.6300,5,2218
19112,1493266,corner,1,0.6300,5,2219
19113,1493347,corner,0,0.6200,5,2220
19114,1493429,corner,0,0.6200,5,2221
19115,1493517,corner,1,0.6300,5,2222
19116,1493653,corner,1,0.6300,5,2223
19117,1493749,corner,1,0.6300,5,2224
19118,1493824,corner,1,0.6300,5,2225
19119,1493875,corner,0,0.6200,5,2226
19120,1493966,corner,1,0.6200,5,2227
19121,1494047,corner,1,0.6300,5,2228
19122,1494136,corner,1,0.6400,5,2229
19123,1494194,corner,1,0.6400,5,2230
19124,1494343,corner,1,0.6400,5,2231
19125,1494395,corner,0,0.6300,5,2232
19126,1494445,corner,0,0.6200,5,2233
19127,1494526,corner,0,0.6100,5,2234
19128,1494632,corner,1,0.6100,5,2235
19129,1494718,corner,1,0.6200,5,2236
19130,1494814,corner,1,0.6200,5,2237
19131,1494978,corner,0,0.6200,5,2238
19132,1495048,corner,1,0.6200,5,2239
19133,1495122,corner,1,0.6300,5,2240
19134,1495180,corner,1,0.6300,5,2241
19135,1495246,corner,1,0.6400,5,2242
19136,1495311,corner,1,0.6400,5,2243
19137,1495393,corner,0,0.6300,5,2244
19138,1495486,corner,0,0.6300,5,2245
19139,1495601,corner,1,0.6300,5,2246
19140,1495687,corner,1,0.6300,5,2247
19141,1495751,corner,1,0.6300,5,2248
19142,1495827,corner,1,0.6300,5,2249
19143,1495897,corner,1,0.6300,5,2250
19144,1495978,corner,0,0.6300,5,2251
19145,1496064,corner,1,0.6300,5,2252
19146,1496144,corner,1,0.6400,5,2253
19147,1496225,corner,0,0.6300,5,2254
19148,1496300,corner,1,0.6300,5,2255
19149,1496390,corner,1,0.6300,5,2256
19150,1496473,corner,0,0.6200,5,2257
19151,1496565,corner,1,0.6200,5,2258
19152,1496631,corner,1,0.6300,5,2259
19153,1496707,corner,1,0.6300,5,2260
19154,1496771,corner,0,0.6200,5,2261
19155,1496879,corner,1,0.6200,5,2262
19156,1496995,corner,1,0.6300,5,2263
19157,1497077,corner,0,0.6200,5,2264
19158,1497159,corner,0,0.6100,5,2265
19159,1497249,corner,0,0.6100,5,2266
19160,1497330,corner,0,0.6100,5,2267
19161,1497413,corner,0,0.6000,5,2268
19162,1497468,corner,0,0.5900,5,2269
19163,1497549,corner,0,0.5900,5,2270
19164,1497616,corner,1,0.5900,5,2271
19165,1497699,corner,0,0.5800,5,2272
19166,1497864,corner,1,0.5800,5,2273
19167,1497924,corner,1,0.5800,5,2274
19168,1498009,corner,1,0.5900,5,2275
19169,1498080,corner,1,0.6000,5,2276
19170,1498215,corner,0,0.5900,5,2277
19171,1498336,corner,0,0.5900,5,2278
19172,1498383,corner,0,0.5800,5,2279
19173,1498430,corner,0,0.5700,5,2280
19174,1498511,corner,0,0.5600,5,2281
19175,1498650,corner,0,0.5600,5,2282
19176,1498722,corner,1,0.5700,5,2283
19177,1498814,corner,1,0.5800,5,2284
19178,1498895,corner,0,0.5800,5,2285
19179,1498950,corner,0,0.5700,5,2286
19180,1499038,corner,1,0.5800,5,2287
19181,1499135,corner,0,0.5700,5,2288
19182,1499219,corner,1,0.5800,5,2289
19183,1499275,corner,1,0.5800,5,2290
19184,1499370,corner,1,0.5800,5,2291
19185,1499444,corner,1,0.5800,5,2292
19186,1499512,corner,1,0.5900,5,2293
19187,1499607,corner,1,0.5900,5,2294
19188,1499667,corner,1,0.6000,5,2295
19189,1499745,corner,1,0.6000,5,2296
19190,1499998,corner,1,0.6000,5,2297
19191,1500077,corner,1,0.6000,5,2298
19192,1500145,edge,1,0.6000,6,1
19193,1500216,edge,1,0.6000,6,2
19194,1500304,edge,1,0.6000,6,3
19195,1500377,edge,1,0.6100,6,4
19196,1500539,edge,1,0.6200,6,5
19197,1500635,edge,1,0.6200,6,6
19198,1500701,edge,1,0.6300,6,7
19199,1500754,edge,1,0.6300,6,8
19200,1500824,edge,1,0.6400,6,9
19201,1500907,edge,1,0.6500,6,10
19202,1501000,edge,1,0.6600,6,11
19203,1501074,edge,1,0.6600,6,12
19204,1501146,edge,1,0.6700,6,13
19205,1501216,edge,1,0.6700,6,14
19206,1501292,edge,1,0.6800,6,15
19207,1501350,edge,1,0.6800,6,16
19208,1501431,edge,1,0.6900,6,17
19209,1501490,edge,1,0.6900,6,18
19210,1501568,edge,1,0.7000,6,19
19211,1501626,edge,1,0.7000,6,20
19212,1501679,edge,1,0.7000,6,21
19213,1501734,edge,1,0.7100,6,22
19214,1501782,edge,0,0.7100,6,23
19215,1501864,edge,1,0.7100,6,24
19216,1501923,edge,1,0.7100,6,25
19217,1501995,edge,1,0.7100,6,26
19218,1502057,edge,1,0.7100,6,27
19219,1502122,edge,1,0.7200,6,28
19220,1502183,edge,0,0.7100,6,29
19221,1502273,edge,1,0.7100,6,30
19222,1502345,edge,1,0.7100,6,31
19223,1502405,edge,0,0.7000,6,32
19224,1502474,edge,1,0.7000,6,33
19225,1502562,edge,1,0.7100,6,34
19226,1502614,edge,0,0.7100,6,35
19227,1502697,edge,0,0.7100,6,36
19228,1502783,edge,0,0.7000,6,37
19229,1502855,edge,1,0.7000,6,38
19230,1502951,edge,0,0.6900,6,39
19231,1503007,edge,0,0.6900,6,40
19232,1503055,edge,1,0.6900,6,41
19233,1503114,edge,1,0.6900,6,42
19234,1503194,edge,1,0.6900,6,43
19235,1503250,edge,1,0.6900,6,44
19236,1503389,edge,1,0.6900,6,45
19237,1503482,edge,1,0.7000,6,46
19238,1503557,edge,1,0.7100,6,47
19239,1503686,edge,1,0.7100,6,48
19240,1503767,edge,1,0.7100,6,49
19241,1503852,edge,1,0.7100,6,50
19242,1503913,edge,1,0.7100,6,51
19243,1503999,edge,0,0.7000,6,52
19244,1504094,edge,0,0.7000,6,53
19245,1504172,edge,1,0.7000,6,54
19246,1504228,edge,1,0.7000,6,55
19247,1504288,edge,1,0.7100,6,56
19248,1504355,edge,1,0.7100,6,57
19249,1504431,edge,1,0.7100,6,58
19250,1504525,edge,1,0.7200,6,59
19251,1504595,edge,1,0.7200,6,60
19252,1504660,edge,1,0.7200,6,61
19253,1504741,edge,0,0.7100,6,62
19254,1504819,edge,1,0.7200,6,63
19255,1504899,edge,1,0.7200,6,64
19256,1504985,edge,1,0.7200,6,65
19257,1505059,edge,1,0.7300,6,66
19258,1505143,edge,1,0.7400,6,67
19259,1505202,edge,1,0.7500,6,68
19260,1505275,edge,1,0.7600,6,69
19261,1505339,edge,1,0.7700,6,70
19262,1505416,edge,1,0.7800,6,71
19263,1505479,edge,1,0.7900,6,72
19264,1505542,edge,1,0.7900,6,73
19265,1505594,edge,0,0.7900,6,74
19266,1505667,edge,1,0.7900,6,75
19267,1505732,edge,1,0.7900,6,76
19268,1505802,edge,1,0.7900,6,77
19269,1505884,edge,1,0.7900,6,78
19270,1505950,edge,1,0.8000,6,79
19271,1506026,edge,1,0.8100,6,80
19272,1506095,edge,1,0.8200,6,81
19273,1506172,edge,1,0.8300,6,82
19274,1506241,edge,1,0.8400,6,83
19275,1506317,edge,1,0.8500,6,84
19276,1506406,edge,1,0.8500,6,85
19277,1506473,edge,0,0.8400,6,86
19278,1506568,edge,1,0.8500,6,87
19279,1506631,edge,1,0.8600,6,88
19280,1506700,edge,1,0.8600,6,89
19281,1506794,edge,1,0.8700,6,90
19282,1506937,edge,1,0.8700,6,91
19283,1506992,edge,1,0.8700,6,92
19284,1507062,edge,1,0.8700,6,93
19285,1507155,edge,1,0.8700,6,94
19286,1507246,edge,1,0.8700,6,95
19287,1507332,edge,1,0.8700,6,96
19288,1507425,edge,1,0.8700,6,97
19289,1507586,edge,0,0.8600,6,98
19290,1507728,edge,1,0.8600,6,99
19291,1507820,edge,1,0.8600,6,100
19292,1507881,edge,1,0.8600,6,101
19293,1507951,edge,1,0.8600,6,102
19294,1508037,edge,1,0.8600,6,103
19295,1508112,edge,1,0.8600,6,104
19296,1508179,edge,1,0.8600,6,105
19297,1508373,edge,1,0.8600,6,106
19298,1508457,edge,1,0.8600,6,107
19299,1508536,edge,1,0.8600,6,108
19300,1508604,edge,1,0.8600,6,109
19301,1508710,edge,1,0.8600,6,110
19302,1508783,edge,1,0.8600,6,111
19303,1508857,edge,1,0.8600,6,112
19304,1508915,edge,0,0.8500,6,113
19305,1508988,edge,1,0.8500,6,114
19306,1509082,edge,1,0.8500,6,115
19307,1509153,edge,1,0.8500,6,116
19308,1509237,edge,1,0.8500,6,117
19309,1509330,edge,1,0.8500,6,118
19310,1509388,edge,1,0.8500,6,119
19311,1509445,edge,1,0.8500,6,120
19312,1509524,edge,1,0.8500,6,121
19313,1509570,edge,0,0.8400,6,122
19314,1509669,edge,0,0.8400,6,123
19315,1509743,edge,1,0.8400,6,124
19316,1509936,edge,1,0.8400,6,125
19317,1510016,edge,1,0.8400,6,126
19318,1510099,edge,0,0.8300,6,127
19319,1510189,edge,1,0.8300,6,128
19320,1510288,edge,1,0.8400,6,129
19321,1510380,edge,1,0.8400,6,130
19322,1510475,edge,1,0.8400,6,131
19323,1510560,edge,1,0.8500,6,132
19324,1510633,edge,1,0.8500,6,133
19325,1510693,edge,1,0.8500,6,134
19326,1510766,edge,1,0.8600,6,135
19327,1510832,edge,1,0.8700,6,136
19328,1510905,edge,1,0.8800,6,137
19329,1510981,edge,1,0.8800,6,138
19330,1511040,edge,1,0.8900,6,139
19331,1511150,edge,1,0.9000,6,140
19332,1511243,edge,1,0.9000,6,141
19333,1511318,edge,1,0.9000,6,142
19334,1511389,edge,1,0.9000,6,143
19335,1511446,edge,1,0.9000,6,144
19336,1511527,edge,0,0.8900,6,145
19337,1511611,edge,1,0.8900,6,146
19338,1511694,edge,1,0.8900,6,147
19339,1511772,edge,1,0.8900,6,148
19340,1511865,edge,1,0.8900,6,149
19341,1512044,edge,1,0.8900,6,150
19342,1512111,edge,1,0.8900,6,151
19343,1512198,edge,1,0.9000,6,152
19344,1512291,edge,1,0.9100,6,153
19345,1512356,edge,1,0.9100,6,154
19346,1512454,edge,1,0.9100,6,155
19347,1512533,edge,1,0.9100,6,156
19348,1512600,edge,1,0.9100,6,157
19349,1512657,edge,1,0.9100,6,158
19350,1512737,edge,1,0.9100,6,159
19351,1512807,edge,1,0.9100,6,160
19352,1512935,edge,1,0.9100,6,161
19353,1513015,edge,1,0.9200,6,162
19354,1513083,edge,1,0.9200,6,163
19355,1513150,edge,1,0.9200,6,164
19356,1513214,edge,1,0.9200,6,165
19357,1513274,edge,0,0.9100,6,166
19358,1513330,edge,1,0.9100,6,167
19359,1513411,edge,1,0.9100,6,168
19360,1513496,edge,1,0.9100,6,169
19361,1513546,edge,0,0.9000,6,170
19362,1513632,edge,1,0.9000,6,171
19363,1513686,edge,1,0.9000,6,172
19364,1513776,edge,1,0.9000,6,173
19365,1513836,edge,1,0.9100,6,174
19366,1513900,edge,1,0.9100,6,175
19367,1513961,edge,1,0.9100,6,176
19368,1514029,edge,1,0.9100,6,177
19369,1514123,edge,1,0.9100,6,178
19370,1514219,edge,1,0.9100,6,179
19371,1514319,edge,1,0.9100,6,180
19372,1514404,edge,1,0.9100,6,181
19373,1514474,edge,1,0.9100,6,182
19374,1514564,edge,0,0.9000,6,183
19375,1514653,edge,1,0.9000,6,184
19376,1514736,edge,1,0.9000,6,185
19377,1514812,edge,1,0.9100,6,186
19378,1514888,edge,1,0.9100,6,187
19379,1514961,edge,1,0.9100,6,188
19380,1515039,edge,1,0.9100,6,189
19381,1515126,edge,1,0.9100,6,190
19382,1515177,edge,0,0.9000,6,191
19383,1515236,edge,1,0.9000,6,192
19384,1515337,edge,1,0.9000,6,193
19385,1515425,edge,1,0.9000,6,194
19386,1515506,edge,0,0.8900,6,195
19387,1515572,edge,1,0.8900,6,196
19388,1515655,edge,1,0.8900,6,197
19389,1515711,edge,1,0.9000,6,198
19390,1515812,edge,1,0.9000,6,199
19391,1515902,edge,1,0.9000,6,200
19392,1515979,edge,1,0.9000,6,201
19393,1516077,edge,1,0.9000,6,202
19394,1516155,edge,1,0.9000,6,203
19395,1516224,edge,1,0.9000,6,204
19396,1516290,edge,0,0.8900,6,205
19397,1516344,edge,0,0.8800,6,206
19398,1516394,edge,1,0.8800,6,207
19399,1516448,edge,1,0.8800,6,208
19400,1516611,edge,0,0.8700,6,209
19401,1516673,edge,1,0.8700,6,210
19402,1516745,edge,1,0.8700,6,211
19403,1516795,edge,0,0.8600,6,212
19404,1516848,edge,0,0.8600,6,213
19405,1516925,edge,1,0.8600,6,214
19406,1516993,edge,0,0.8500,6,215
19407,1517058,edge,0,0.8400,6,216
19408,1517127,edge,1,0.8400,6,217
19409,1517189,edge,1,0.8400,6,218
19410,1517257,edge,1,0.8400,6,219
19411,1517342,edge,1,0.8400,6,220
19412,1517419,edge,1,0.8400,6,221
19413,1517489,edge,1,0.8500,6,222
19414,1517547,edge,1,0.8600,6,223
19415,1517621,edge,1,0.8600,6,224
19416,1517671,edge,1,0.8600,6,225
19417,1517760,edge,1,0.8600,6,226
19418,1517810,edge,0,0.8600,6,227
19419,1517895,edge,1,0.8600,6,228
19420,1517976,edge,0,0.8500,6,229
19421,1518052,edge,1,0.8500,6,230
19422,1518113,edge,1,0.8500,6,231
19423,1518164,edge,1,0.8500,6,232
19424,1518249,edge,1,0.8500,6,233
19425,1518322,edge,1,0.8500,6,234
19426,1518394,edge,1,0.8500,6,235
19427,1518475,edge,1,0.8500,6,236
19428,1518532,edge,1,0.8500,6,237
19429,1518597,edge,1,0.8500,6,238
19430,1518677,edge,1,0.8500,6,239
19431,1518774,edge,1,0.8500,6,240
19432,1518863,edge,1,0.8500,6,241
19433,1518943,edge,1,0.8500,6,242
19434,1519095,edge,1,0.8500,6,243
19435,1519160,edge,1,0.8500,6,244
19436,1519259,edge,0,0.8500,6,245
19437,1519316,edge,0,0.8400,6,246
19438,1519371,edge,1,0.8400,6,247
19439,1519452,edge,0,0.8300,6,248
19440,1519526,edge,1,0.8300,6,249
19441,1519598,edge,1,0.8300,6,250
19442,1519666,edge,1,0.8300,6,251
19443,1519729,edge,0,0.8200,6,252
19444,1519790,edge,1,0.8200,6,253
19445,1519890,edge,0,0.8100,6,254
19446,1519957,edge,1,0.8100,6,255
19447,1520009,edge,0,0.8000,6,256
19448,1520087,edge,1,0.8000,6,257
19449,1520179,edge,1,0.8000,6,258
19450,1520241,edge,1,0.8000,6,259
19451,1520301,edge,1,0.8000,6,260
19452,1520354,edge,0,0.7900,6,261
19453,1520439,edge,1,0.7900,6,262
19454,1520505,edge,1,0.7900,6,263
19455,1520562,edge,1,0.7900,6,264
19456,1520644,edge,0,0.7800,6,265
19457,1520707,edge,1,0.7900,6,266
19458,1520779,edge,1,0.7900,6,267
19459,1520838,edge,0,0.7800,6,268
19460,1520895,edge,1,0.7800,6,269
19461,1520988,edge,0,0.7800,6,270
19462,1521126,edge,1,0.7800,6,271
19463,1521190,edge,1,0.7800,6,272
19464,1521248,edge,1,0.7800,6,273
19465,1521315,edge,1,0.7800,6,274
19466,1521367,edge,1,0.7800,6,275
19467,1521436,edge,1,0.7800,6,276
19468,1521517,edge,1,0.7800,6,277
19469,1521599,edge,0,0.7700,6,278
19470,1521653,edge,0,0.7600,6,279
19471,1521734,edge,0,0.7500,6,280
19472,1521796,edge,1,0.7500,6,281
19473,1521871,edge,1,0.7500,6,282
19474,1521971,edge,0,0.7500,6,283
19475,1522111,edge,1,0.7500,6,284
19476,1522184,edge,1,0.7500,6,285
19477,1522284,edge,0,0.7400,6,286
19478,1522359,edge,1,0.7400,6,287
19479,1522427,edge,1,0.7400,6,288
19480,1522519,edge,1,0.7400,6,289
19481,1522595,edge,1,0.7400,6,290
19482,1522681,edge,0,0.7400,6,291
19483,1522726,edge,0,0.7300,6,292
19484,1522807,edge,1,0.7300,6,293
19485,1522882,edge,1,0.7300,6,294
19486,1522936,edge,0,0.7300,6,295
19487,1523013,edge,1,0.7300,6,296
19488,1523060,edge,0,0.7200,6,297
19489,1523129,edge,1,0.7200,6,298
19490,1523207,edge,1,0.7200,6,299
19491,1523261,edge,0,0.7100,6,300
19492,1523352,edge,1,0.7100,6,301
19493,1523423,edge,1,0.7100,6,302
19494,1523494,edge,1,0.7100,6,303
19495,1523579,edge,0,0.7000,6,304
19496,1523660,edge,0,0.7000,6,305
19497,1523759,edge,1,0.7100,6,306
19498,1523813,edge,1,0.7100,6,307
19499,1523901,edge,1,0.7100,6,308
19500,1523960,edge,1,0.7200,6,309
19501,1524061,edge,1,0.7200,6,310
19502,1524137,edge,1,0.7200,6,311
19503,1524194,edge,0,0.7200,6,312
19504,1524252,edge,0,0.7200,6,313
19505,1524335,edge,1,0.7200,6,314
19506,1524407,edge,1,0.7300,6,315
19507,1524548,edge,1,0.7400,6,316
19508,1524607,edge,1,0.7400,6,317
19509,1524669,edge,0,0.7300,6,318
19510,1524727,edge,1,0.7300,6,319
19511,1524815,edge,1,0.7300,6,320
19512,1524895,edge,1,0.7300,6,321
19513,1524962,edge,1,0.7300,6,322
19514,1525068,edge,1,0.7300,6,323
19515,1525144,edge,1,0.7300,6,324
19516,1525255,edge,1,0.7300,6,325
19517,1525326,edge,1,0.7300,6,326
19518,1525417,edge,1,0.7400,6,327
19519,1525461,edge,0,0.7300,6,328
19520,1525538,edge,1,0.7400,6,329
19521,1525604,edge,1,0.7400,6,330
19522,1525668,edge,1,0.7400,6,331
19523,1525728,edge,1,0.7400,6,332
19524,1525813,edge,0,0.7300,6,333
19525,1525890,edge,1,0.7300,6,334
19526,1525983,edge,1,0.7300,6,335
19527,1526073,edge,1,0.7300,6,336
19528,1526135,edge,0,0.7200,6,337
19529,1526219,edge,0,0.7100,6,338
19530,1526303,edge,1,0.7100,6,339
19531,1526387,edge,1,0.7100,6,340
19532,1526468,edge,0,0.7000,6,341
19533,1526563,edge,0,0.6900,6,342
19534,1526627,edge,1,0.6900,6,343
19535,1526713,edge,0,0.6800,6,344
19536,1526790,edge,1,0.6900,6,345
19537,1526905,edge,1,0.7000,6,346
19538,1526975,edge,1,0.7000,6,347
19539,1527059,edge,0,0.7000,6,348
19540,1527135,edge,1,0.7000,6,349
19541,1527198,edge,1,0.7000,6,350
19542,1527279,edge,0,0.6900,6,351
19543,1527360,edge,0,0.6900,6,352
19544,1527443,edge,0,0.6800,6,353
19545,1527521,edge,1,0.6900,6,354
19546,1527602,edge,0,0.6800,6,355
19547,1527669,edge,1,0.6900,6,356
19548,1527730,edge,1,0.6900,6,357
19549,1527807,edge,1,0.6900,6,358
19550,1527867,edge,1,0.6900,6,359
19551,1527932,edge,1,0.6900,6,360
19552,1528032,edge,1,0.7000,6,361
19553,1528111,edge,1,0.7000,6,362
19554,1528170,edge,1,0.7000,6,363
19555,1528231,edge,1,0.7000,6,364
19556,1528284,edge,1,0.7100,6,365
19557,1528360,edge,1,0.7100,6,366
19558,1528442,edge,1,0.7100,6,367
19559,1528509,edge,0,0.7100,6,368
19560,1528626,edge,1,0.7100,6,369
19561,1528708,edge,0,0.7100,6,370
19562,1528931,edge,0,0.7000,6,371
19563,1528993,edge,1,0.7000,6,372
19564,1529041,edge,0,0.6900,6,373
19565,1529106,edge,1,0.6900,6,374
19566,1529182,edge,1,0.6900,6,375
19567,1529246,edge,0,0.6800,6,376
19568,1529307,edge,1,0.6800,6,377
19569,1529415,edge,1,0.6900,6,378
19570,1529518,edge,0,0.6900,6,379
19571,1529587,edge,1,0.7000,6,380
19572,1529667,edge,1,0.7000,6,381
19573,1529727,edge,1,0.7000,6,382
19574,1529795,edge,1,0.7100,6,383
19575,1529870,edge,1,0.7100,6,384
19576,1529919,edge,1,0.7100,6,385
19577,1529979,edge,1,0.7200,6,386
19578,1530068,edge,1,0.7200,6,387
19579,1530126,edge,0,0.7100,6,388
19580,1530190,edge,1,0.7100,6,389
19581,1530327,edge,0,0.7000,6,390
19582,1530385,edge,0,0.7000,6,391
19583,1530473,edge,1,0.7100,6,392
19584,1530539,edge,1,0.7100,6,393
19585,1530639,edge,1,0.7100,6,394
19586,1530717,edge,1,0.7200,6,395
19587,1530792,edge,1,0.7200,6,396
19588,1530846,edge,1,0.7300,6,397
19589,1530916,edge,1,0.7300,6,398
19590,1531007,edge,1,0.7300,6,399
19591,1531077,edge,1,0.7400,6,400
19592,1531151,edge,1,0.7400,6,401
19593,1531251,edge,1,0.7400,6,402
19594,1531347,edge,1,0.7400,6,403
19595,1531430,edge,0,0.7400,6,404
19596,1531500,edge,1,0.7500,6,405
19597,1531601,edge,1,0.7500,6,406
19598,1531652,edge,0,0.7400,6,407
19599,1531711,edge,0,0.7300,6,408
19600,1531768,edge,0,0.7200,6,409
19601,1531839,edge,1,0.7200,6,410
19602,1531901,edge,1,0.7200,6,411
19603,1531984,edge,1,0.7300,6,412
19604,1532056,edge,0,0.7300,6,413
19605,1532108,edge,0,0.7200,6,414
19606,1532158,edge,1,0.7200,6,415
19607,1532224,edge,1,0.7200,6,416
19608,1532269,edge,0,0.7100,6,417
19609,1532364,edge,1,0.7200,6,418
19610,1532454,edge,1,0.7200,6,419
19611,1532535,edge,0,0.7100,6,420
19612,1532592,edge,1,0.7100,6,421
19613,1532698,edge,1,0.7100,6,422
19614,1532755,edge,1,0.7100,6,423
19615,1532874,edge,1,0.7100,6,424
19616,1532965,edge,0,0.7000,6,425
19617,1533026,edge,0,0.6900,6,426
19618,1533114,edge,1,0.6900,6,427
19619,1533195,edge,0,0.6900,6,428
19620,1533260,edge,1,0.6900,6,429
19621,1533341,edge,1,0.6900,6,430
19622,1533400,edge,0,0.6800,6,431
19623,1533454,edge,0,0.6700,6,432
19624,1533525,edge,1,0.6800,6,433
19625,1533647,edge,0,0.6700,6,434
19626,1533698,edge,0,0.6600,6,435
19627,1533774,edge,1,0.6600,6,436
19628,1533856,edge,0,0.6600,6,437
19629,1533958,edge,1,0.6700,6,438
19630,1534054,edge,1,0.6700,6,439
19631,1534150,edge,1,0.6700,6,440
19632,1534203,edge,0,0.6700,6,441
19633,1534285,edge,1,0.6800,6,442
19634,1534377,edge,1,0.6800,6,443
19635,1534459,edge,0,0.6800,6,444
19636,1534503,edge,0,0.6700,6,445
19637,1534601,edge,1,0.6700,6,446
19638,1534675,edge,1,0.6700,6,447
19639,1534827,edge,0,0.6700,6,448
19640,1534908,edge,0,0.6600,6,449
19641,1534981,edge,1,0.6600,6,450
19642,1535060,edge,1,0.6700,6,451
19643,1535131,edge,1,0.6800,6,452
19644,1535210,edge,1,0.6900,6,453
19645,1535267,edge,0,0.6800,6,454
19646,1535390,edge,1,0.6900,6,455
19647,1535443,edge,1,0.6900,6,456
19648,1535504,edge,1,0.6900,6,457
19649,1535587,edge,0,0.6800,6,458
19650,1535681,edge,1,0.6800,6,459
19651,1535752,edge,1,0.6800,6,460
19652,1535805,edge,0,0.6700,6,461
19653,1535869,edge,1,0.6700,6,462
19654,1535955,edge,0,0.6600,6,463
19655,1536015,edge,1,0.6600,6,464
19656,1536069,edge,1,0.6600,6,465
19657,1536167,edge,0,0.6500,6,466
19658,1536253,edge,0,0.6400,6,467
19659,1536307,edge,0,0.6400,6,468
19660,1536410,edge,1,0.6400,6,469
19661,1536475,edge,1,0.6500,6,470
19662,1536582,edge,1,0.6600,6,471
19663,1536668,edge,1,0.6600,6,472
19664,1536740,edge,1,0.6700,6,473
19665,1536794,edge,0,0.6600,6,474
19666,1536878,edge,1,0.6600,6,475
19667,1536930,edge,0,0.6600,6,476
19668,1536988,edge,0,0.6500,6,477
19669,1537053,edge,0,0.6400,6,478
19670,1537107,edge,0,0.6400,6,479
19671,1537190,edge,0,0.6300,6,480
19672,1537273,edge,0,0.6200,6,481
19673,1537350,edge,1,0.6200,6,482
19674,1537417,edge,1,0.6200,6,483
19675,1537498,edge,1,0.6200,6,484
19676,1537630,edge,1,0.6200,6,485
19677,1537690,edge,1,0.6200,6,486
19678,1537794,edge,1,0.6200,6,487
19679,1537865,edge,1,0.6300,6,488
19680,1537917,edge,1,0.6300,6,489
19681,1537987,edge,1,0.6400,6,490
19682,1538040,edge,0,0.6400,6,491
19683,1538161,edge,1,0.6400,6,492
19684,1538219,edge,1,0.6400,6,493
19685,1538345,edge,1,0.6400,6,494
19686,1538423,edge,1,0.6400,6,495
19687,1538492,edge,1,0.6400,6,496
19688,1538556,edge,0,0.6300,6,497
19689,1538652,edge,1,0.6300,6,498
19690,1538722,edge,1,0.6300,6,499
19691,1538779,edge,1,0.6300,6,500
19692,1538847,edge,0,0.6200,6,501
19693,1538948,edge,1,0.6200,6,502
19694,1539058,edge,0,0.6100,6,503
19695,1539139,edge,0,0.6100,6,504
19696,1539213,edge,1,0.6100,6,505
19697,1539283,edge,1,0.6100,6,506
19698,1539364,edge,0,0.6100,6,507
19699,1539414,edge,0,0.6100,6,508
19700,1539498,edge,0,0.6100,6,509
19701,1539579,edge,0,0.6000,6,510
19702,1539672,edge,1,0.6000,6,511
19703,1539736,edge,1,0.6000,6,512
19704,1539819,edge,1,0.6100,6,513
19705,1539902,edge,1,0.6200,6,514
19706,1539960,edge,1,0.6200,6,515
19707,1540008,edge,0,0.6100,6,516
19708,1540066,edge,1,0.6200,6,517
19709,1540147,edge,0,0.6100,6,518
19710,1540211,edge,1,0.6100,6,519
19711,1540279,edge,0,0.6100,6,520
19712,1540437,edge,1,0.6100,6,521
19713,1540506,edge,1,0.6100,6,522
19714,1540586,edge,1,0.6100,6,523
19715,1540685,edge,1,0.6100,6,524
19716,1540745,edge,1,0.6200,6,525
19717,1540819,edge,1,0.6300,6,526
19718,1540908,edge,0,0.6200,6,527
19719,1541014,edge,1,0.6300,6,528
19720,1541066,edge,0,0.6200,6,529
19721,1541137,edge,1,0.6200,6,530
19722,1541210,edge,1,0.6300,6,531
19723,1541268,edge,0,0.6300,6,532
19724,1541473,edge,1,0.6300,6,533
19725,1541528,edge,0,0.6300,6,534
19726,1541613,edge,1,0.6400,6,535
19727,1541730,edge,1,0.6400,6,536
19728,1541796,edge,0,0.6400,6,537
19729,1541852,edge,1,0.6400,6,538
19730,1541992,edge,1,0.6400,6,539
19731,1542078,edge,1,0.6400,6,540
19732,1542139,edge,0,0.6400,6,541
19733,1542204,edge,1,0.6400,6,542
19734,1542286,edge,0,0.6300,6,543
19735,1542344,edge,0,0.6300,6,544
19736,1542430,edge,1,0.6400,6,545
19737,1542496,edge,1,0.6400,6,546
19738,1542602,edge,1,0.6400,6,547
19739,1542666,edge,1,0.6500,6,548
19740,1542749,edge,1,0.6600,6,549
19741,1542834,edge,0,0.6500,6,550
19742,1542908,edge,1,0.6500,6,551
19743,1543085,edge,1,0.6500,6,552
19744,1543201,edge,1,0.6500,6,553
19745,1543268,edge,0,0.6500,6,554
19746,1543344,edge,1,0.6500,6,555
19747,1543413,edge,1,0.6500,6,556
19748,1543505,edge,1,0.6500,6,557
19749,1543565,edge,1,0.6600,6,558
19750,1543669,edge,0,0.6500,6,559
19751,1543732,edge,1,0.6500,6,560
19752,1543817,edge,1,0.6600,6,561
19753,1543884,edge,1,0.6600,6,562
19754,1543967,edge,1,0.6700,6,563
19755,1544056,edge,0,0.6600,6,564
19756,1544125,edge,1,0.6600,6,565
19757,1544192,edge,0,0.6600,6,566
19758,1544256,edge,1,0.6700,6,567
19759,1544324,edge,1,0.6800,6,568
19760,1544399,edge,1,0.6800,6,569
19761,1544491,edge,1,0.6800,6,570
19762,1544537,edge,0,0.6700,6,571
19763,1544607,edge,1,0.6700,6,572
19764,1544661,edge,0,0.6600,6,573
19765,1544715,edge,1,0.6700,6,574
19766,1544778,edge,1,0.6700,6,575
19767,1544830,edge,0,0.6700,6,576
19768,1544887,edge,0,0.6700,6,577
19769,1544951,edge,1,0.6800,6,578
19770,1545033,edge,1,0.6900,6,579
19771,1545101,edge,0,0.6900,6,580
19772,1545161,edge,1,0.7000,6,581
19773,1545229,edge,1,0.7000,6,582
19774,1545370,edge,1,0.7000,6,583
19775,1545459,edge,1,0.7000,6,584
19776,1545560,edge,1,0.7000,6,585
19777,1545609,edge,1,0.7000,6,586
19778,1545683,edge,1,0.7000,6,587
19779,1545748,edge,0,0.6900,6,588
19780,1545825,edge,1,0.6900,6,589
19781,1545892,edge,1,0.6900,6,590
19782,1545971,edge,1,0.7000,6,591
19783,1546045,edge,1,0.7000,6,592
19784,1546134,edge,1,0.7000,6,593
19785,1546298,edge,0,0.6900,6,594
19786,1546361,edge,0,0.6800,6,595
19787,1546421,edge,1,0.6800,6,596
19788,1546478,edge,1,0.6900,6,597
19789,1546563,edge,1,0.6900,6,598
19790,1546618,edge,0,0.6800,6,599
19791,1546680,edge,0,0.6700,6,600
19792,1546754,edge,1,0.6800,6,601
19793,1546815,edge,1,0.6800,6,602
19794,1546864,edge,0,0.6800,6,603
19795,1546941,edge,1,0.6900,6,604
19796,1547012,edge,1,0.6900,6,605
19797,1547114,edge,1,0.6900,6,606
19798,1547197,edge,0,0.6900,6,607
19799,1547276,edge,1,0.7000,6,608
19800,1547328,edge,0,0.7000,6,609
19801,1547485,edge,0,0.7000,6,610
19802,1547559,edge,1,0.7000,6,611
19803,1547658,edge,1,0.7000,6,612
19804,1547712,edge,1,0.7000,6,613
19805,1547806,edge,1,0.7000,6,614
19806,1547851,edge,0,0.6900,6,615
19807,1547939,edge,1,0.7000,6,616
19808,1548023,edge,1,0.7000,6,617
19809,1548081,edge,1,0.7100,6,618
19810,1548137,edge,0,0.7000,6,619
19811,1548215,edge,1,0.7100,6,620
19812,1548299,edge,0,0.7000,6,621
19813,1548381,edge,0,0.6900,6,622
19814,1548460,edge,1,0.6900,6,623
19815,1548509,edge,0,0.6800,6,624
19816,1548601,edge,1,0.6800,6,625
19817,1548768,edge,0,0.6700,6,626
19818,1548839,edge,1,0.6800,6,627
19819,1548898,edge,0,0.6700,6,628
19820,1548956,edge,0,0.6700,6,629
19821,1549039,edge,1,0.6700,6,630
19822,1549117,edge,1,0.6700,6,631
19823,1549168,edge,1,0.6800,6,632
19824,1549258,edge,1,0.6800,6,633
19825,1549316,edge,1,0.6900,6,634
19826,1549372,edge,0,0.6800,6,635
19827,1549423,edge,0,0.6700,6,636
19828,1549512,edge,1,0.6800,6,637
19829,1549609,edge,1,0.6800,6,638
19830,1549690,edge,1,0.6800,6,639
19831,1549773,edge,1,0.6800,6,640
19832,1549854,edge,1,0.6900,6,641
19833,1549939,edge,0,0.6800,6,642
19834,1549989,edge,0,0.6800,6,643
19835,1550072,edge,0,0.6800,6,644
19836,1550122,edge,0,0.6700,6,645
19837,1550205,edge,1,0.6700,6,646
19838,1550277,edge,1,0.6700,6,647
19839,1550339,edge,1,0.6700,6,648
19840,1550420,edge,0,0.6600,6,649
19841,1550503,edge,0,0.6600,6,650
19842,1550550,edge,0,0.6500,6,651
19843,1550598,edge,0,0.6400,6,652
19844,1550676,edge,1,0.6400,6,653
19845,1550771,edge,1,0.6500,6,654
19846,1550848,edge,1,0.6500,6,655
19847,1551055,edge,0,0.6400,6,656
19848,1551142,edge,1,0.6400,6,657
19849,1551203,edge,0,0.6300,6,658
19850,1551278,edge,1,0.6400,6,659
19851,1551344,edge,1,0.6400,6,660
19852,1551415,edge,1,0.6400,6,661
19853,1551470,edge,0,0.6300,6,662
19854,1551549,edge,1,0.6300,6,663
19855,1551618,edge,1,0.6400,6,664
19856,1551673,edge,0,0.6300,6,665
19857,1551811,edge,0,0.6300,6,666
19858,1551877,edge,1,0.6300,6,667
19859,1551941,edge,1,0.6300,6,668
19860,1552022,edge,0,0.6200,6,669
19861,1552103,edge,1,0.6200,6,670
19862,1552176,edge,1,0.6300,6,671
19863,1552251,edge,1,0.6300,6,672
19864,1552326,edge,1,0.6400,6,673
19865,1552410,edge,1,0.6400,6,674
19866,1552486,edge,1,0.6400,6,675
19867,1552567,edge,0,0.6400,6,676
19868,1552647,edge,1,0.6500,6,677
19869,1552730,edge,0,0.6400,6,678
19870,1552864,edge,1,0.6400,6,679
19871,1552931,edge,1,0.6500,6,680
19872,1552982,edge,0,0.6400,6,681
19873,1553041,edge,0,0.6300,6,682
19874,1553140,edge,1,0.6300,6,683
19875,1553206,edge,1,0.6300,6,684
19876,1553270,edge,1,0.6300,6,685
19877,1553334,edge,1,0.6300,6,686
19878,1553487,edge,1,0.6300,6,687
19879,1553541,edge,1,0.6400,6,688
19880,1553618,edge,1,0.6400,6,689
19881,1553685,edge,1,0.6400,6,690
19882,1553777,edge,1,0.6400,6,691
19883,1553847,edge,0,0.6300,6,692
19884,1553898,edge,0,0.6200,6,693
19885,1554037,edge,1,0.6300,6,694
19886,1554106,edge,1,0.6400,6,695
19887,1554199,edge,1,0.6400,6,696
19888,1554257,edge,0,0.6300,6,697
19889,1554309,edge,0,0.6200,6,698
19890,1554407,edge,1,0.6300,6,699
19891,1554481,edge,1,0.6400,6,700
19892,1554578,edge,0,0.6300,6,701
19893,1554652,edge,1,0.6300,6,702
19894,1554734,edge,1,0.6400,6,703
19895,1554822,edge,1,0.6400,6,704
19896,1554924,edge,1,0.6400,6,705
19897,1555057,edge,1,0.6400,6,706
19898,1555133,edge,1,0.6500,6,707
19899,1555217,edge,1,0.6500,6,708
19900,1555294,edge,1,0.6600,6,709
19901,1555347,edge,1,0.6700,6,710
19902,1555430,edge,0,0.6600,6,711
19903,1555504,edge,1,0.6600,6,712
19904,1555556,edge,0,0.6500,6,713
19905,1555613,edge,1,0.6500,6,714
19906,1555697,edge,0,0.6500,6,715
19907,1555896,edge,1,0.6500,6,716
19908,1555958,edge,1,0.6500,6,717
19909,1556035,edge,1,0.6500,6,718
19910,1556109,edge,1,0.6600,6,719
19911,1556182,edge,1,0.6600,6,720
19912,1556254,edge,1,0.6700,6,721
19913,1556327,edge,1,0.6800,6,722
19914,1556448,edge,0,0.6700,6,723
19915,1556532,edge,0,0.6700,6,724
19916,1556605,edge,1,0.6700,6,725
19917,1556687,edge,0,0.6700,6,726
19918,1556770,edge,0,0.6600,6,727
19919,1556835,edge,1,0.6700,6,728
19920,1556919,edge,1,0.6800,6,729
19921,1556990,edge,1,0.6800,6,730
19922,1557041,edge,0,0.6700,6,731
19923,1557109,edge,1,0.6700,6,732
19924,1557183,edge,1,0.6700,6,733
19925,1557257,edge,1,0.6700,6,734
19926,1557339,edge,0,0.6700,6,735
19927,1557465,edge,1,0.6800,6,736
19928,1557562,edge,0,0.6700,6,737
19929,1557634,edge,0,0.6600,6,738
19930,1557684,edge,0,0.6500,6,739
19931,1557744,edge,1,0.6500,6,740
19932,1557825,edge,1,0.6500,6,741
19933,1557912,edge,1,0.6600,6,742
19934,1557966,edge,1,0.6700,6,743
19935,1558048,edge,0,0.6700,6,744
19936,1558177,edge,0,0.6700,6,745
19937,1558274,edge,1,0.6700,6,746
19938,1558345,edge,1,0.6700,6,747
19939,1558400,edge,0,0.6600,6,748
19940,1558475,edge,1,0.6700,6,749
19941,1558550,edge,1,0.6800,6,750
19942,1558598,edge,1,0.6900,6,751
19943,1558659,edge,1,0.7000,6,752
19944,1558727,edge,1,0.7000,6,753
19945,1558804,edge,1,0.7000,6,754
19946,1558888,edge,1,0.7000,6,755
19947,1558954,edge,0,0.7000,6,756
19948,1559047,edge,1,0.7000,6,757
19949,1559142,edge,0,0.7000,6,758
19950,1559200,edge,0,0.6900,6,759
19951,1559255,edge,1,0.6900,6,760
19952,1559307,edge,0,0.6800,6,761
19953,1559355,edge,0,0.6800,6,762
19954,1559425,edge,1,0.6800,6,763
19955,1559491,edge,1,0.6800,6,764
19956,1559548,edge,1,0.6900,6,765
19957,1559609,edge,1,0.7000,6,766
19958,1559700,edge,1,0.7000,6,767
19959,1559753,edge,1,0.7000,6,768
19960,1559864,edge,1,0.7100,6,769
19961,1559921,edge,0,0.7000,6,770
19962,1559998,edge,1,0.7000,6,771
19963,1560163,edge,1,0.7000,6,772
19964,1560238,edge,1,0.7000,6,773
19965,1560319,edge,1,0.7000,6,774
19966,1560408,edge,1,0.7000,6,775
19967,1560480,edge,1,0.7100,6,776
19968,1560553,edge,1,0.7100,6,777
19969,1560623,edge,1,0.7200,6,778
19970,1560685,edge,0,0.7100,6,779
19971,1560774,edge,1,0.7100,6,780
19972,1560829,edge,0,0.7100,6,781
19973,1560914,edge,1,0.7200,6,782
19974,1560977,edge,0,0.7100,6,783
19975,1561048,edge,1,0.7100,6,784
19976,1561129,edge,1,0.7100,6,785
19977,1561217,edge,1,0.7100,6,786
19978,1561315,edge,1,0.7100,6,787
19979,1561389,edge,1,0.7100,6,788
19980,1561473,edge,1,0.7100,6,789
19981,1561632,edge,1,0.7100,6,790
19982,1561722,edge,0,0.7000,6,791
19983,1561818,edge,0,0.7000,6,792
19984,1561891,edge,1,0.7100,6,793
19985,1561947,edge,1,0.7100,6,794
19986,1562012,edge,1,0.7100,6,795
19987,1562058,edge,0,0.7000,6,796
19988,1562114,edge,1,0.7100,6,797
19989,1562201,edge,1,0.7200,6,798
19990,1562273,edge,1,0.7200,6,799
19991,1562351,edge,1,0.7200,6,800
19992,1562433,edge,1,0.7300,6,801
19993,1562511,edge,1,0.7300,6,802
19994,1562573,edge,0,0.7200,6,803
19995,1562633,edge,1,0.7200,6,804
19996,1562698,edge,0,0.7100,6,805
19997,1562746,edge,0,0.7000,6,806
19998,1562810,edge,1,0.7000,6,807
19999,1562863,edge,0,0.6900,6,808
20000,1562924,edge,1,0.6900,6,809
20001,1562967,edge,0,0.6800,6,810
20002,1563047,edge,1,0.6900,6,811
20003,1563124,edge,1,0.6900,6,812
20004,1563206,edge,1,0.7000,6,813
20005,1563281,edge,1,0.7000,6,814
20006,1563359,edge,1,0.7100,6,815
20007,1563425,edge,1,0.7100,6,816
20008,1563504,edge,1,0.7100,6,817
20009,1563592,edge,0,0.7000,6,818
20010,1563683,edge,1,0.7000,6,819
20011,1563738,edge,1,0.7000,6,820
20012,1563828,edge,0,0.6900,6,821
20013,1563921,edge,1,0.6900,6,822
20014,1563965,edge,1,0.7000,6,823
20015,1564042,edge,1,0.7100,6,824
20016,1564095,edge,0,0.7000,6,825
20017,1564188,edge,0,0.7000,6,826
20018,1564283,edge,0,0.7000,6,827
20019,1564335,edge,0,0.6900,6,828
20020,1564383,edge,0,0.6800,6,829
20021,1564444,edge,1,0.6800,6,830
20022,1564528,edge,1,0.6900,6,831
20023,1564581,edge,0,0.6800,6,832
20024,1564650,edge,1,0.6800,6,833
20025,1564717,edge,1,0.6800,6,834
20026,1564780,edge,1,0.6900,6,835
20027,1564849,edge,1,0.6900,6,836
20028,1564916,edge,1,0.7000,6,837
20029,1565000,edge,0,0.7000,6,838
20030,1565100,edge,1,0.7100,6,839
20031,1565164,edge,1,0.7100,6,840
20032,1565249,edge,1,0.7100,6,841
20033,1565318,edge,1,0.7100,6,842
20034,1565394,edge,1,0.7100,6,843
20035,1565463,edge,1,0.7200,6,844
20036,1565528,edge,1,0.7300,6,845
20037,1565584,edge,1,0.7300,6,846
20038,1565660,edge,1,0.7300,6,847
20039,1565734,edge,1,0.7400,6,848
20040,1565805,edge,1,0.7400,6,849
20041,1565871,edge,1,0.7400,6,850
20042,1566003,edge,1,0.7400,6,851
20043,1566087,edge,0,0.7300,6,852
20044,1566147,edge,1,0.7300,6,853
20045,1566214,edge,1,0.7300,6,854
20046,1566276,edge,1,0.7300,6,855
20047,1566357,edge,1,0.7400,6,856
20048,1566457,edge,0,0.7300,6,857
20049,1566526,edge,1,0.7400,6,858
20050,1566608,edge,0,0.7400,6,859
20051,1566679,edge,1,0.7400,6,860
20052,1566747,edge,0,0.7400,6,861
20053,1566840,edge,1,0.7500,6,862
20054,1566902,edge,1,0.7500,6,863
20055,1566978,edge,1,0.7500,6,864
20056,1567044,edge,0,0.7400,6,865
20057,1567102,edge,1,0.7400,6,866
20058,1567196,edge,1,0.7400,6,867
20059,1567294,edge,0,0.7300,6,868
20060,1567393,edge,1,0.7300,6,869
20061,1567439,edge,0,0.7300,6,870
20062,1567510,edge,1,0.7300,6,871
20063,1567573,edge,1,0.7300,6,872
20064,1567633,edge,1,0.7300,6,873
20065,1567721,edge,1,0.7300,6,874
20066,1567790,edge,0,0.7200,6,875
20067,1567857,edge,0,0.7100,6,876
20068,1567957,edge,1,0.7100,6,877
20069,1568026,edge,1,0.7100,6,878
20070,1568084,edge,1,0.7200,6,879
20071,1568166,edge,1,0.7200,6,880
20072,1568245,edge,1,0.7300,6,881
20073,1568310,edge,1,0.7300,6,882
20074,1568378,edge,1,0.7400,6,883
20075,1568468,edge,1,0.7400,6,884
20076,1568546,edge,1,0.7400,6,885
20077,1568623,edge,1,0.7400,6,886
20078,1568695,edge,1,0.7400,6,887
20079,1568771,edge,1,0.7400,6,888
20080,1568821,edge,0,0.7300,6,889
20081,1568868,edge,1,0.7300,6,890
20082,1568947,edge,1,0.7400,6,891
20083,1569054,edge,1,0.7500,6,892
20084,1569106,edge,0,0.7400,6,893
20085,1569178,edge,1,0.7400,6,894
20086,1569242,edge,1,0.7400,6,895
20087,1569314,edge,1,0.7500,6,896
20088,1569394,edge,1,0.7500,6,897
20089,1569475,edge,1,0.7500,6,898
20090,1569535,edge,1,0.7500,6,899
20091,1569612,edge,1,0.7500,6,900
20092,1569693,edge,0,0.7400,6,901
20093,1569751,edge,0,0.7300,6,902
20094,1569812,edge,1,0.7400,6,903
20095,1569861,edge,0,0.7300,6,904
20096,1569940,edge,1,0.7400,6,905
20097,1570068,edge,0,0.7400,6,906
20098,1570140,edge,1,0.7400,6,907
20099,1570210,edge,1,0.7500,6,908
20100,1570265,edge,0,0.7400,6,909
20101,1570339,edge,1,0.7500,6,910
20102,1570423,edge,1,0.7500,6,911
20103,1570504,edge,1,0.7500,6,912
20104,1570549,edge,0,0.7400,6,913
20105,1570625,edge,1,0.7400,6,914
20106,1570704,edge,1,0.7400,6,915
20107,1570799,edge,1,0.7400,6,916
20108,1570848,edge,0,0.7300,6,917
20109,1570921,edge,1,0.7400,6,918
20110,1570975,edge,0,0.7300,6,919
20111,1571050,edge,1,0.7300,6,920
20112,1571122,edge,1,0.7400,6,921
20113,1571186,edge,0,0.7300,6,922
20114,1571266,edge,1,0.7300,6,923
20115,1571357,edge,0,0.7200,6,924
20116,1571431,edge,1,0.7300,6,925
20117,1571502,edge,1,0.7400,6,926
20118,1571553,edge,0,0.7400,6,927
20119,1571633,edge,1,0.7500,6,928
20120,1571703,edge,1,0.7600,6,929
20121,1571755,edge,0,0.7500,6,930
20122,1571812,edge,0,0.7400,6,931
20123,1571880,edge,1,0.7500,6,932
20124,1571961,edge,0,0.7400,6,933
20125,1572064,edge,0,0.7300,6,934
20126,1572137,edge,1,0.7300,6,935
20127,1572227,edge,0,0.7200,6,936
20128,1572287,edge,1,0.7200,6,937
20129,1572380,edge,1,0.7300,6,938
20130,1572557,edge,0,0.7200,6,939
20131,1572619,edge,1,0.7200,6,940
20132,1572684,edge,1,0.7200,6,941
20133,1572764,edge,1,0.7200,6,942
20134,1572849,edge,1,0.7200,6,943
20135,1572934,edge,1,0.7200,6,944
20136,1573018,edge,1,0.7200,6,945
20137,1573096,edge,1,0.7200,6,946
20138,1573177,edge,0,0.7100,6,947
20139,1573264,edge,0,0.7000,6,948
20140,1573318,edge,1,0.7000,6,949
20141,1573404,edge,0,0.6900,6,950
20142,1573483,edge,1,0.6900,6,951
20143,1573550,edge,1,0.7000,6,952
20144,1573625,edge,1,0.7000,6,953
20145,1573703,edge,1,0.7000,6,954
20146,1573785,edge,1,0.7000,6,955
20147,1573861,edge,1,0.7000,6,956
20148,1573916,edge,1,0.7100,6,957
20149,1573992,edge,1,0.7100,6,958
20150,1574044,edge,1,0.7200,6,959
20151,1574125,edge,1,0.7200,6,960
20152,1574182,edge,1,0.7300,6,961
20153,1574244,edge,1,0.7300,6,962
20154,1574327,edge,0,0.7200,6,963
20155,1574388,edge,1,0.7200,6,964
20156,1574458,edge,1,0.7300,6,965
20157,1574531,edge,1,0.7300,6,966
20158,1574585,edge,1,0.7300,6,967
20159,1574641,edge,1,0.7400,6,968
20160,1574722,edge,1,0.7400,6,969
20161,1574790,edge,1,0.7500,6,970
20162,1574878,edge,1,0.7500,6,971
20163,1575046,edge,1,0.7500,6,972
20164,1575129,edge,0,0.7400,6,973
20165,1575235,edge,1,0.7400,6,974
20166,1575318,edge,0,0.7400,6,975
20167,1575473,edge,1,0.7500,6,976
20168,1575529,edge,1,0.7500,6,977
20169,1575598,edge,1,0.7500,6,978
20170,1575767,edge,1,0.7500,6,979
20171,1575849,edge,1,0.7500,6,980
20172,1575894,edge,0,0.7400,6,981
20173,1575948,edge,1,0.7400,6,982
20174,1576028,edge,1,0.7400,6,983
20175,1576109,edge,0,0.7300,6,984
20176,1576207,edge,0,0.7200,6,985
20177,1576300,edge,1,0.7200,6,986
20178,1576383,edge,1,0.7200,6,987
20179,1576503,edge,1,0.7200,6,988
20180,1576565,edge,1,0.7300,6,989
20181,1576636,edge,1,0.7300,6,990
20182,1576697,edge,0,0.7200,6,991
20183,1576770,edge,1,0.7200,6,992
20184,1576851,edge,1,0.7300,6,993
20185,1576925,edge,1,0.7300,6,994
20186,1576987,edge,1,0.7300,6,995
20187,1577083,edge,1,0.7300,6,996
20188,1577143,edge,1,0.7300,6,997
20189,1577224,edge,0,0.7200,6,998
20190,1577307,edge,1,0.7200,6,999
20191,1577391,edge,1,0.7200,6,1000
20192,1577459,edge,1,0.7300,6,1001
20193,1577535,edge,1,0.7400,6,1002
20194,1577612,edge,1,0.7400,6,1003
20195,1577670,edge,1,0.7500,6,1004
20196,1577773,edge,1,0.7500,6,1005
20197,1577854,edge,0,0.7500,6,1006
20198,1577930,edge,1,0.7500,6,1007
20199,1578026,edge,0,0.7400,6,1008
20200,1578090,edge,1,0.7500,6,1009
20201,1578165,edge,1,0.7500,6,1010
20202,1578286,edge,1,0.7500,6,1011
20203,1578356,edge,1,0.7500,6,1012
20204,1578441,edge,1,0.7600,6,1013
20205,1578500,edge,1,0.7600,6,1014
20206,1578556,edge,0,0.7500,6,1015
20207,1578652,edge,1,0.7500,6,1016
20208,1578728,edge,1,0.7600,6,1017
20209,1578792,edge,1,0.7600,6,1018
20210,1578852,edge,0,0.7600,6,1019
20211,1578916,edge,1,0.7600,6,1020
20212,1579015,edge,1,0.7600,6,1021
20213,1579079,edge,1,0.7700,6,1022
20214,1579134,edge,1,0.7700,6,1023
20215,1579215,edge,0,0.7700,6,1024
20216,1579286,edge,1,0.7700,6,1025
20217,1579363,edge,1,0.7700,6,1026
20218,1579440,edge,1,0.7800,6,1027
20219,1579539,edge,1,0.7800,6,1028
20220,1579611,edge,1,0.7800,6,1029
20221,1579692,edge,1,0.7900,6,1030
20222,1579773,edge,0,0.7900,6,1031
20223,1579828,edge,1,0.7900,6,1032
20224,1579908,edge,1,0.8000,6,1033
20225,1579984,edge,1,0.8100,6,1034
20226,1580063,edge,1,0.8100,6,1035
20227,1580119,edge,1,0.8200,6,1036
20228,1580190,edge,1,0.8200,6,1037
20229,1580238,edge,0,0.8100,6,1038
20230,1580317,edge,1,0.8200,6,1039
20231,1580384,edge,1,0.8200,6,1040
20232,1580442,edge,1,0.8200,6,1041
20233,1580518,edge,1,0.8200,6,1042
20234,1580599,edge,1,0.8200,6,1043
20235,1580695,edge,1,0.8200,6,1044
20236,1580771,edge,1,0.8200,6,1045
20237,1580932,edge,1,0.8200,6,1046
20238,1581014,edge,0,0.8200,6,1047
20239,1581098,edge,0,0.8200,6,1048
20240,1581162,edge,1,0.8200,6,1049
20241,1581221,edge,1,0.8300,6,1050
20242,1581275,edge,1,0.8300,6,1051
20243,1581328,edge,0,0.8200,6,1052
20244,1581375,edge,0,0.8100,6,1053
20245,1581474,edge,1,0.8100,6,1054
20246,1581577,edge,0,0.8000,6,1055
20247,1581640,edge,1,0.8000,6,1056
20248,1581722,edge,1,0.8000,6,1057
20249,1581789,edge,1,0.8000,6,1058
20250,1581871,edge,0,0.7900,6,1059
20251,1581963,edge,1,0.7900,6,1060
20252,1582041,edge,1,0.7900,6,1061
20253,1582121,edge,1,0.7900,6,1062
20254,1582203,edge,1,0.8000,6,1063
20255,1582303,edge,1,0.8000,6,1064
20256,1582385,edge,0,0.7900,6,1065
20257,1582465,edge,1,0.7900,6,1066
20258,1582553,edge,0,0.7800,6,1067
20259,1582628,edge,1,0.7800,6,1068
20260,1582699,edge,1,0.7800,6,1069
20261,1582760,edge,1,0.7800,6,1070
20262,1582820,edge,1,0.7800,6,1071
20263,1582891,edge,1,0.7800,6,1072
20264,1582977,edge,0,0.7800,6,1073
20265,1583055,edge,1,0.7800,6,1074
20266,1583111,edge,1,0.7900,6,1075
20267,1583173,edge,1,0.7900,6,1076
20268,1583317,edge,0,0.7800,6,1077
20269,1583396,edge,1,0.7800,6,1078
20270,1583457,edge,0,0.7700,6,1079
20271,1583535,edge,1,0.7700,6,1080
20272,1583609,edge,1,0.7800,6,1081
20273,1583661,edge,0,0.7700,6,1082
20274,1583738,edge,1,0.7700,6,1083
20275,1583793,edge,1,0.7800,6,1084
20276,1583863,edge,1,0.7900,6,1085
20277,1583938,edge,1,0.7900,6,1086
20278,1584024,edge,0,0.7800,6,1087
20279,1584178,edge,1,0.7800,6,1088
20280,1584231,edge,0,0.7700,6,1089
20281,1584315,edge,0,0.7600,6,1090
20282,1584399,edge,1,0.7700,6,1091
20283,1584458,edge,1,0.7700,6,1092
20284,1584538,edge,1,0.7700,6,1093
20285,1584631,edge,1,0.7700,6,1094
20286,1584714,edge,0,0.7600,6,1095
20287,1584794,edge,1,0.7600,6,1096
20288,1584841,edge,0,0.7500,6,1097
20289,1584919,edge,1,0.7600,6,1098
20290,1584999,edge,1,0.7600,6,1099
20291,1585064,edge,1,0.7600,6,1100
20292,1585159,edge,1,0.7600,6,1101
20293,1585248,edge,1,0.7600,6,1102
20294,1585319,edge,1,0.7600,6,1103
20295,1585388,edge,1,0.7600,6,1104
20296,1585449,edge,0,0.7500,6,1105
20297,1585504,edge,1,0.7600,6,1106
20298,1585613,edge,0,0.7500,6,1107
20299,1585697,edge,0,0.7500,6,1108
20300,1585791,edge,0,0.7400,6,1109
20301,1585863,edge,1,0.7400,6,1110
20302,1585961,edge,0,0.7300,6,1111
20303,1586024,edge,1,0.7300,6,1112
20304,1586079,edge,1,0.7300,6,1113
20305,1586145,edge,0,0.7200,6,1114
20306,1586195,edge,0,0.7200,6,1115
20307,1586298,edge,1,0.7200,6,1116
20308,1586379,edge,0,0.7100,6,1117
20309,1586451,edge,1,0.7100,6,1118
20310,1586514,edge,1,0.7200,6,1119
20311,1586590,edge,1,0.7200,6,1120
20312,1586660,edge,1,0.7200,6,1121
20313,1586721,edge,1,0.7200,6,1122
20314,1586798,edge,1,0.7200,6,1123
20315,1586866,edge,0,0.7200,6,1124
20316,1586936,edge,1,0.7200,6,1125
20317,1587010,edge,1,0.7200,6,1126
20318,1587099,edge,1,0.7200,6,1127
20319,1587163,edge,1,0.7200,6,1128
20320,1587227,edge,1,0.7200,6,1129
20321,1587313,edge,1,0.7200,6,1130
20322,1587385,edge,1,0.7300,6,1131
20323,1587547,edge,0,0.7200,6,1132
20324,1587618,edge,1,0.7200,6,1133
20325,1587684,edge,0,0.7100,6,1134
20326,1587765,edge,0,0.7000,6,1135
20327,1587844,edge,1,0.7000,6,1136
20328,1587915,edge,1,0.7000,6,1137
20329,1588010,edge,1,0.7100,6,1138
20330,1588078,edge,1,0.7100,6,1139
20331,1588154,edge,1,0.7100,6,1140
20332,1588240,edge,1,0.7100,6,1141
20333,1588303,edge,1,0.7100,6,1142
20334,1588386,edge,1,0.7100,6,1143
20335,1588448,edge,1,0.7100,6,1144
20336,1588511,edge,1,0.7100,6,1145
20337,1588585,edge,1,0.7100,6,1146
20338,1588672,edge,0,0.7100,6,1147
20339,1588738,edge,1,0.7200,6,1148
20340,1588811,edge,1,0.7200,6,1149
20341,1588876,edge,1,0.7200,6,1150
20342,1588950,edge,1,0.7200,6,1151
20343,1589034,edge,0,0.7200,6,1152
20344,1589104,edge,1,0.7300,6,1153
20345,1589174,edge,1,0.7300,6,1154
20346,1589366,edge,1,0.7400,6,1155
20347,1589448,edge,0,0.7300,6,1156
20348,1589494,edge,0,0.7200,6,1157
20349,1589623,edge,1,0.7200,6,1158
20350,1589706,edge,0,0.7200,6,1159
20351,1589781,edge,1,0.7200,6,1160
20352,1589862,edge,1,0.7200,6,1161
20353,1589951,edge,1,0.7200,6,1162
20354,1590029,edge,1,0.7200,6,1163
20355,1590090,edge,1,0.7200,6,1164
20356,1590157,edge,1,0.7300,6,1165
20357,1590239,edge,1,0.7300,6,1166
20358,1590304,edge,1,0.7400,6,1167
20359,1590380,edge,1,0.7400,6,1168
20360,1590464,edge,1,0.7400,6,1169
20361,1590534,edge,1,0.7400,6,1170
20362,1590688,edge,1,0.7400,6,1171
20363,1590767,edge,1,0.7400,6,1172
20364,1590932,edge,1,0.7500,6,1173
20365,1591004,edge,1,0.7500,6,1174
20366,1591085,edge,0,0.7400,6,1175
20367,1591135,edge,0,0.7300,6,1176
20368,1591207,edge,1,0.7400,6,1177
20369,1591298,edge,1,0.7400,6,1178
20370,1591382,edge,0,0.7400,6,1179
20371,1591463,edge,1,0.7400,6,1180
20372,1591544,edge,1,0.7400,6,1181
20373,1591626,edge,1,0.7500,6,1182
20374,1591715,edge,1,0.7500,6,1183
20375,1591794,edge,1,0.7500,6,1184
20376,1591883,edge,0,0.7400,6,1185
20377,1591950,edge,1,0.7400,6,1186
20378,1592042,edge,1,0.7500,6,1187
20379,1592111,edge,1,0.7500,6,1188
20380,1592178,edge,1,0.7600,6,1189
20381,1592273,edge,1,0.7700,6,1190
20382,1592349,edge,1,0.7700,6,1191
20383,1592433,edge,0,0.7600,6,1192
20384,1592505,edge,1,0.7600,6,1193
20385,1592588,edge,0,0.7500,6,1194
20386,1592665,edge,1,0.7600,6,1195
20387,1592735,edge,1,0.7600,6,1196
20388,1592803,edge,1,0.7700,6,1197
20389,1592862,edge,1,0.7700,6,1198
20390,1592947,edge,1,0.7700,6,1199
20391,1593011,edge,1,0.7700,6,1200
20392,1593092,edge,0,0.7600,6,1201
20393,1593169,edge,1,0.7600,6,1202
20394,1593241,edge,1,0.7600,6,1203
20395,1593330,edge,0,0.7500,6,1204
20396,1593404,edge,1,0.7600,6,1205
20397,1593494,edge,1,0.7600,6,1206
20398,1593580,edge,1,0.7700,6,1207
20399,1593653,edge,1,0.7800,6,1208
20400,1593733,edge,1,0.7900,6,1209
20401,1593803,edge,1,0.7900,6,1210
20402,1593865,edge,1,0.8000,6,1211
20403,1593933,edge,1,0.8000,6,1212
20404,1594009,edge,1,0.8000,6,1213
20405,1594105,edge,1,0.8100,6,1214
20406,1594193,edge,1,0.8200,6,1215
20407,1594254,edge,1,0.8200,6,1216
20408,1594332,edge,1,0.8300,6,1217
20409,1594495,edge,1,0.8300,6,1218
20410,1594578,edge,1,0.8300,6,1219
20411,1594654,edge,1,0.8300,6,1220
20412,1594741,edge,0,0.8200,6,1221
20413,1594807,edge,1,0.8200,6,1222
20414,1594891,edge,0,0.8100,6,1223
20415,1594948,edge,1,0.8200,6,1224
20416,1595006,edge,1,0.8200,6,1225
20417,1595071,edge,0,0.8100,6,1226
20418,1595159,edge,0,0.8000,6,1227
20419,1595221,edge,1,0.8000,6,1228
20420,1595303,edge,0,0.7900,6,1229
20421,1595385,edge,1,0.7900,6,1230
20422,1595443,edge,1,0.7900,6,1231
20423,1595493,edge,0,0.7900,6,1232
20424,1595577,edge,1,0.7900,6,1233
20425,1595665,edge,1,0.8000,6,1234
20426,1595721,edge,1,0.8100,6,1235
20427,1595789,edge,1,0.8100,6,1236
20428,1595978,edge,1,0.8100,6,1237
20429,1596047,edge,1,0.8100,6,1238
20430,1596104,edge,1,0.8100,6,1239
20431,1596184,edge,1,0.8100,6,1240
20432,1596244,edge,0,0.8000,6,1241
20433,1596326,edge,1,0.8000,6,1242
20434,1596401,edge,1,0.8000,6,1243
20435,1596447,edge,1,0.8000,6,1244
20436,1596530,edge,0,0.7900,6,1245
20437,1596608,edge,1,0.7900,6,1246
20438,1596658,edge,0,0.7900,6,1247
20439,1596703,edge,0,0.7800,6,1248
20440,1596796,edge,1,0.7800,6,1249
20441,1596877,edge,1,0.7800,6,1250
20442,1596955,edge,1,0.7800,6,1251
20443,1597021,edge,1,0.7900,6,1252
20444,1597078,edge,1,0.7900,6,1253
20445,1597169,edge,0,0.7800,6,1254
20446,1597250,edge,0,0.7700,6,1255
20447,1597316,edge,1,0.7800,6,1256
20448,1597378,edge,1,0.7900,6,1257
20449,1597452,edge,1,0.7900,6,1258
20450,1597572,edge,0,0.7900,6,1259
20451,1597640,edge,1,0.7900,6,1260
20452,1597721,edge,0,0.7800,6,1261
20453,1597771,edge,0,0.7700,6,1262
20454,1597848,edge,1,0.7700,6,1263
20455,1597920,edge,1,0.7700,6,1264
20456,1597986,edge,1,0.7700,6,1265
20457,1598068,edge,0,0.7600,6,1266
20458,1598146,edge,1,0.7600,6,1267
20459,1598229,edge,1,0.7600,6,1268
20460,1598311,edge,1,0.7600,6,1269
20461,1598362,edge,1,0.7600,6,1270
20462,1598450,edge,1,0.7600,6,1271
20463,1598541,edge,1,0.7600,6,1272
20464,1598600,edge,1,0.7600,6,1273
20465,1598659,edge,0,0.7500,6,1274
20466,1598744,edge,1,0.7600,6,1275
20467,1598824,edge,1,0.7700,6,1276
20468,1598905,edge,0,0.7600,6,1277
20469,1598983,edge,1,0.7600,6,1278
20470,1599064,edge,0,0.7600,6,1279
20471,1599136,edge,1,0.7600,6,1280
20472,1599211,edge,1,0.7600,6,1281
20473,1599287,edge,1,0.7600,6,1282
20474,1599459,edge,0,0.7500,6,1283
20475,1599511,edge,1,0.7500,6,1284
20476,1599570,edge,1,0.7600,6,1285
20477,1599651,edge,0,0.7500,6,1286
20478,1599733,edge,1,0.7500,6,1287
20479,1599806,edge,1,0.7500,6,1288
20480,1599884,edge,1,0.7500,6,1289
20481,1599944,edge,1,0.7500,6,1290
20482,1600014,edge,1,0.7500,6,1291
20483,1600107,edge,0,0.7500,6,1292
20484,1600165,edge,1,0.7500,6,1293
20485,1600244,edge,1,0.7600,6,1294
20486,1600341,edge,1,0.7600,6,1295
20487,1600410,edge,1,0.7600,6,1296
20488,1600462,edge,0,0.7500,6,1297
20489,1600521,edge,1,0.7500,6,1298
20490,1600598,edge,1,0.7500,6,1299
20491,1600680,edge,1,0.7500,6,1300
20492,1600748,edge,0,0.7500,6,1301
20493,1600812,edge,0,0.7400,6,1302
20494,1600886,edge,1,0.7400,6,1303
20495,1601040,edge,1,0.7500,6,1304
20496,1601115,edge,1,0.7500,6,1305
20497,1601191,edge,1,0.7500,6,1306
20498,1601276,edge,0,0.7400,6,1307
20499,1601343,edge,1,0.7400,6,1308
20500,1601424,edge,1,0.7400,6,1309
20501,1601505,edge,0,0.7300,6,1310
20502,1601557,edge,1,0.7300,6,1311
20503,1601649,edge,0,0.7200,6,1312
20504,1601725,edge,1,0.7200,6,1313
20505,1601808,edge,1,0.7200,6,1314
20506,1601873,edge,1,0.7200,6,1315
20507,1601941,edge,1,0.7200,6,1316
20508,1602020,edge,1,0.7200,6,1317
20509,1602084,edge,1,0.7200,6,1318
20510,1602172,edge,1,0.7200,6,1319
20511,1602253,edge,0,0.7100,6,1320
20512,1602357,edge,0,0.7100,6,1321
20513,1602435,edge,1,0.7100,6,1322
20514,1602501,edge,1,0.7200,6,1323
20515,1602558,edge,1,0.7200,6,1324
20516,1602635,edge,1,0.7200,6,1325
20517,1602733,edge,1,0.7300,6,1326
20518,1602803,edge,1,0.7400,6,1327
20519,1602873,edge,1,0.7400,6,1328
20520,1602951,edge,1,0.7500,6,1329
20521,1603028,edge,1,0.7500,6,1330
20522,1603094,edge,1,0.7500,6,1331
20523,1603176,edge,0,0.7500,6,1332
20524,1603257,edge,1,0.7500,6,1333
20525,1603352,edge,1,0.7500,6,1334
20526,1603428,edge,1,0.7500,6,1335
20527,1603486,edge,1,0.7500,6,1336
20528,1603558,edge,1,0.7500,6,1337
20529,1603639,edge,1,0.7500,6,1338
20530,1603690,edge,0,0.7400,6,1339
20531,1603762,edge,1,0.7400,6,1340
20532,1603847,edge,1,0.7500,6,1341
20533,1603933,edge,1,0.7500,6,1342
20534,1604015,edge,0,0.7400,6,1343
20535,1604086,edge,1,0.7400,6,1344
20536,1604204,edge,1,0.7500,6,1345
20537,1604259,edge,0,0.7400,6,1346
20538,1604337,edge,1,0.7500,6,1347
20539,1604447,edge,1,0.7600,6,1348
20540,1604501,edge,0,0.7500,6,1349
20541,1604569,edge,1,0.7500,6,1350
20542,1604637,edge,1,0.7500,6,1351
20543,1604698,edge,1,0.7500,6,1352
20544,1604892,edge,1,0.7500,6,1353
20545,1604980,edge,1,0.7600,6,1354
20546,1605029,edge,0,0.7600,6,1355
20547,1605158,edge,0,0.7500,6,1356
20548,1605241,edge,1,0.7500,6,1357
20549,1605322,edge,0,0.7400,6,1358
20550,1605401,edge,1,0.7500,6,1359
20551,1605494,edge,1,0.7500,6,1360
20552,1605599,edge,1,0.7600,6,1361
20553,1605659,edge,0,0.7600,6,1362
20554,1605733,edge,1,0.7600,6,1363
20555,1605819,edge,1,0.7600,6,1364
20556,1605984,edge,0,0.7500,6,1365
20557,1606047,edge,1,0.7600,6,1366
20558,1606136,edge,1,0.7600,6,1367
20559,1606212,edge,1,0.7600,6,1368
20560,1606282,edge,1,0.7600,6,1369
20561,1606327,edge,0,0.7500,6,1370
20562,1606412,edge,1,0.7500,6,1371
20563,1606522,edge,1,0.7500,6,1372
20564,1606594,edge,1,0.7500,6,1373
20565,1606832,edge,1,0.7600,6,1374
20566,1606922,edge,1,0.7600,6,1375
20567,1606985,edge,1,0.7600,6,1376
20568,1607082,edge,0,0.7600,6,1377
20569,1607243,edge,1,0.7600,6,1378
20570,1607306,edge,1,0.7700,6,1379
20571,1607386,edge,1,0.7700,6,1380
20572,1607485,edge,1,0.7700,6,1381
20573,1607549,edge,1,0.7700,6,1382
20574,1607647,edge,1,0.7800,6,1383
20575,1607718,edge,1,0.7800,6,1384
20576,1607777,edge,1,0.7800,6,1385
20577,1607850,edge,1,0.7900,6,1386
20578,1607931,edge,0,0.7800,6,1387
20579,1608026,edge,1,0.7800,6,1388
20580,1608110,edge,1,0.7800,6,1389
20581,1608183,edge,1,0.7800,6,1390
20582,1608253,edge,1,0.7800,6,1391
20583,1608417,edge,1,0.7900,6,1392
20584,1608500,edge,0,0.7800,6,1393
20585,1608573,edge,1,0.7800,6,1394
20586,1608631,edge,1,0.7800,6,1395
20587,1608702,edge,1,0.7800,6,1396
20588,1608814,edge,0,0.7800,6,1397
20589,1608898,edge,0,0.7700,6,1398
20590,1608963,edge,1,0.7700,6,1399
20591,1609036,edge,1,0.7700,6,1400
20592,1609115,edge,1,0.7800,6,1401
20593,1609210,edge,0,0.7800,6,1402
20594,1609288,edge,1,0.7800,6,1403
20595,1609359,edge,1,0.7800,6,1404
20596,1609416,edge,1,0.7800,6,1405
20597,1609474,edge,1,0.7800,6,1406
20598,1609547,edge,1,0.7900,6,1407
20599,1609634,edge,1,0.7900,6,1408
20600,1609716,edge,0,0.7800,6,1409
20601,1609792,edge,1,0.7900,6,1410
20602,1609874,edge,0,0.7800,6,1411
20603,1609931,edge,1,0.7900,6,1412
20604,1610007,edge,1,0.7900,6,1413
20605,1610087,edge,1,0.7900,6,1414
20606,1610151,edge,1,0.7900,6,1415
20607,1610237,edge,0,0.7800,6,1416
20608,1610318,edge,0,0.7700,6,1417
20609,1610400,edge,1,0.7700,6,1418
20610,1610503,edge,0,0.7600,6,1419
20611,1610592,edge,1,0.7700,6,1420
20612,1610673,edge,0,0.7700,6,1421
20613,1610727,edge,1,0.7700,6,1422
20614,1610796,edge,0,0.7600,6,1423
20615,1610859,edge,1,0.7600,6,1424
20616,1610990,edge,0,0.7500,6,1425
20617,1611077,edge,1,0.7500,6,1426
20618,1611168,edge,1,0.7500,6,1427
20619,1611264,edge,1,0.7500,6,1428
20620,1611345,edge,1,0.7500,6,1429
20621,1611415,edge,1,0.7500,6,1430
20622,1611479,edge,1,0.7500,6,1431
20623,1611642,edge,1,0.7600,6,1432
20624,1611695,edge,1,0.7600,6,1433
20625,1611774,edge,1,0.7600,6,1434
20626,1611830,edge,1,0.7600,6,1435
20627,1611927,edge,1,0.7600,6,1436
20628,1612009,edge,1,0.7600,6,1437
20629,1612126,edge,1,0.7600,6,1438
20630,1612223,edge,0,0.7600,6,1439
20631,1612303,edge,1,0.7600,6,1440
20632,1612396,edge,1,0.7600,6,1441
20633,1612469,edge,1,0.7600,6,1442
20634,1612544,edge,1,0.7700,6,1443
20635,1612625,edge,0,0.7600,6,1444
20636,1612677,edge,0,0.7500,6,1445
20637,1612758,edge,1,0.7600,6,1446
20638,1612836,edge,1,0.7600,6,1447
20639,1612907,edge,1,0.7600,6,1448
20640,1612994,edge,1,0.7700,6,1449
20641,1613078,edge,1,0.7700,6,1450
20642,1613144,edge,1,0.7700,6,1451
20643,1613238,edge,1,0.7700,6,1452
20644,1613311,edge,1,0.7700,6,1453
20645,1613370,edge,1,0.7700,6,1454
20646,1613452,edge,0,0.7700,6,1455
20647,1613534,edge,1,0.7800,6,1456
20648,1613603,edge,1,0.7800,6,1457
20649,1613687,edge,0,0.7800,6,1458
20650,1613747,edge,1,0.7800,6,1459
20651,1613844,edge,1,0.7800,6,1460
20652,1613908,edge,1,0.7800,6,1461
20653,1613986,edge,1,0.7900,6,1462
20654,1614065,edge,1,0.7900,6,1463
20655,1614145,edge,1,0.7900,6,1464
20656,1614309,edge,1,0.8000,6,1465
20657,1614399,edge,1,0.8000,6,1466
20658,1614465,edge,1,0.8000,6,1467
20659,1614555,edge,1,0.8000,6,1468
20660,1614619,edge,1,0.8000,6,1469
20661,1614717,edge,1,0.8100,6,1470
20662,1614770,edge,1,0.8100,6,1471
20663,1614857,edge,0,0.8000,6,1472
20664,1614933,edge,1,0.8000,6,1473
20665,1615015,edge,1,0.8000,6,1474
20666,1615089,edge,1,0.8000,6,1475
20667,1615158,edge,1,0.8000,6,1476
20668,1615228,edge,1,0.8100,6,1477
20669,1615311,edge,1,0.8100,6,1478
20670,1615392,edge,1,0.8100,6,1479
20671,1615473,edge,0,0.8000,6,1480
20672,1615639,edge,1,0.8000,6,1481
20673,1615698,edge,1,0.8000,6,1482
20674,1615781,edge,1,0.8000,6,1483
20675,1615862,edge,1,0.8000,6,1484
20676,1615955,edge,0,0.7900,6,1485
20677,1616040,edge,1,0.7900,6,1486
20678,1616130,edge,1,0.8000,6,1487
20679,1616199,edge,1,0.8000,6,1488
20680,1616280,edge,0,0.7900,6,1489
20681,1616371,edge,1,0.7900,6,1490
20682,1616431,edge,1,0.7900,6,1491
20683,1616506,edge,1,0.7900,6,1492
20684,1616583,edge,1,0.8000,6,1493
20685,1616669,edge,1,0.8000,6,1494
20686,1616740,edge,1,0.8000,6,1495
20687,1616812,edge,1,0.8000,6,1496
20688,1616893,edge,0,0.8000,6,1497
20689,1616983,edge,1,0.8100,6,1498
20690,1617054,edge,1,0.8100,6,1499
20691,1617135,edge,1,0.8100,6,1500
20692,1617227,edge,1,0.8100,6,1501
20693,1617332,edge,0,0.8100,6,1502
20694,1617415,edge,1,0.8100,6,1503
20695,1617478,edge,1,0.8100,6,1504
20696,1617560,edge,0,0.8000,6,1505
20697,1617622,edge,0,0.7900,6,1506
20698,1617708,edge,0,0.7800,6,1507
20699,1617764,edge,1,0.7800,6,1508
20700,1617886,edge,1,0.7900,6,1509
20701,1617938,edge,0,0.7800,6,1510
20702,1618019,edge,0,0.7800,6,1511
20703,1618084,edge,1,0.7800,6,1512
20704,1618135,edge,0,0.7700,6,1513
20705,1618218,edge,0,0.7600,6,1514
20706,1618306,edge,1,0.7600,6,1515
20707,1618364,edge,0,0.7600,6,1516
20708,1618449,edge,1,0.7700,6,1517
20709,1618506,edge,1,0.7700,6,1518
20710,1618646,edge,0,0.7700,6,1519
20711,1618722,edge,1,0.7700,6,1520
20712,1618800,edge,1,0.7800,6,1521
20713,1618891,edge,1,0.7800,6,1522
20714,1619030,edge,0,0.7800,6,1523
20715,1619103,edge,1,0.7800,6,1524
20716,1619206,edge,1,0.7900,6,1525
20717,1619345,edge,1,0.7900,6,1526
20718,1619407,edge,1,0.7900,6,1527
20719,1619470,edge,1,0.7900,6,1528
20720,1619526,edge,1,0.7900,6,1529
20721,1619602,edge,1,0.7900,6,1530
20722,1619660,edge,1,0.7900,6,1531
20723,1619723,edge,1,0.7900,6,1532
20724,1619796,edge,1,0.7900,6,1533
20725,1619865,edge,1,0.7900,6,1534
20726,1619957,edge,1,0.7900,6,1535
20727,1620035,edge,1,0.7900,6,1536
20728,1620192,edge,1,0.7900,6,1537
20729,1620269,edge,1,0.7900,6,1538
20730,1620363,edge,1,0.8000,6,1539
20731,1620438,edge,1,0.8000,6,1540
20732,1620520,edge,1,0.8000,6,1541
20733,1620598,edge,1,0.8000,6,1542
20734,1620666,edge,1,0.8000,6,1543
20735,1620815,edge,1,0.8100,6,1544
20736,1620885,edge,1,0.8200,6,1545
20737,1620935,edge,0,0.8100,6,1546
20738,1621054,edge,1,0.8100,6,1547
20739,1621136,edge,0,0.8000,6,1548
20740,1621219,edge,1,0.8000,6,1549
20741,1621285,edge,1,0.8000,6,1550
20742,1621354,edge,1,0.8000,6,1551
20743,1621417,edge,1,0.8000,6,1552
20744,1621477,edge,0,0.7900,6,1553
20745,1621563,edge,0,0.7800,6,1554
20746,1621613,edge,1,0.7900,6,1555
20747,1621672,edge,0,0.7800,6,1556
20748,1621746,edge,1,0.7800,6,1557
20749,1621827,edge,0,0.7800,6,1558
20750,1621925,edge,1,0.7800,6,1559
20751,1622012,edge,1,0.7800,6,1560
20752,1622099,edge,0,0.7700,6,1561
20753,1622180,edge,1,0.7700,6,1562
20754,1622252,edge,1,0.7700,6,1563
20755,1622419,edge,0,0.7600,6,1564
20756,1622561,edge,1,0.7600,6,1565
20757,1622638,edge,1,0.7600,6,1566
20758,1622724,edge,1,0.7600,6,1567
20759,1622802,edge,1,0.7600,6,1568
20760,1622872,edge,1,0.7600,6,1569
20761,1622961,edge,1,0.7600,6,1570
20762,1623036,edge,1,0.7600,6,1571
20763,1623117,edge,0,0.7600,6,1572
20764,1623188,edge,1,0.7600,6,1573
20765,1623234,edge,0,0.7500,6,1574
20766,1623312,edge,1,0.7500,6,1575
20767,1623388,edge,1,0.7500,6,1576
20768,1623471,edge,0,0.7400,6,1577
20769,1623547,edge,1,0.7400,6,1578
20770,1623682,edge,1,0.7400,6,1579
20771,1623727,edge,0,0.7400,6,1580
20772,1623791,edge,1,0.7400,6,1581
20773,1623865,edge,1,0.7400,6,1582
20774,1623947,edge,0,0.7300,6,1583
20775,1624039,edge,1,0.7300,6,1584
20776,1624102,edge,1,0.7400,6,1585
20777,1624194,edge,1,0.7400,6,1586
20778,1624282,edge,1,0.7400,6,1587
20779,1624372,edge,1,0.7400,6,1588
20780,1624454,edge,1,0.7500,6,1589
20781,1624507,edge,1,0.7500,6,1590
20782,1624581,edge,1,0.7500,6,1591
20783,1624665,edge,1,0.7500,6,1592
20784,1624747,edge,0,0.7400,6,1593
20785,1624821,edge,1,0.7400,6,1594
20786,1624883,edge,1,0.7400,6,1595
20787,1624968,edge,1,0.7400,6,1596
20788,1625031,edge,1,0.7500,6,1597
20789,1625114,edge,1,0.7500,6,1598
20790,1625256,edge,1,0.7500,6,1599
20791,1625360,edge,1,0.7500,6,1600
20792,1625420,edge,1,0.7500,6,1601
20793,1625480,edge,1,0.7600,6,1602
20794,1625555,edge,1,0.7600,6,1603
20795,1625629,edge,1,0.7600,6,1604
20796,1625686,edge,1,0.7700,6,1605
20797,1625781,edge,1,0.7800,6,1606
20798,1625862,edge,0,0.7800,6,1607
20799,1625956,edge,1,0.7800,6,1608
20800,1626025,edge,1,0.7800,6,1609
20801,1626102,edge,1,0.7900,6,1610
20802,1626191,edge,1,0.8000,6,1611
20803,1626302,edge,0,0.7900,6,1612
20804,1626382,edge,1,0.8000,6,1613
20805,1626530,edge,1,0.8100,6,1614
20806,1626607,edge,1,0.8100,6,1615
20807,1626703,edge,1,0.8200,6,1616
20808,1626758,edge,1,0.8200,6,1617
20809,1626828,edge,1,0.8200,6,1618
20810,1626914,edge,1,0.8300,6,1619
20811,1626967,edge,0,0.8200,6,1620
20812,1627033,edge,1,0.8200,6,1621
20813,1627079,edge,1,0.8200,6,1622
20814,1627156,edge,1,0.8300,6,1623
20815,1627314,edge,1,0.8300,6,1624
20816,1627365,edge,0,0.8200,6,1625
20817,1627525,edge,1,0.8200,6,1626
20818,1627601,edge,1,0.8200,6,1627
20819,1627658,edge,0,0.8100,6,1628
20820,1627752,edge,0,0.8000,6,1629
20821,1627815,edge,1,0.8000,6,1630
20822,1627997,edge,1,0.8000,6,1631
20823,1628052,edge,1,0.8000,6,1632
20824,1628135,edge,0,0.7900,6,1633
20825,1628217,edge,0,0.7800,6,1634
20826,1628310,edge,1,0.7800,6,1635
20827,1628396,edge,1,0.7800,6,1636
20828,1628463,edge,1,0.7800,6,1637
20829,1628616,edge,1,0.7800,6,1638
20830,1628685,edge,1,0.7800,6,1639
20831,1628792,edge,1,0.7800,6,1640
20832,1628878,edge,1,0.7800,6,1641
20833,1628952,edge,1,0.7800,6,1642
20834,1629036,edge,0,0.7700,6,1643
20835,1629117,edge,0,0.7600,6,1644
20836,1629166,edge,1,0.7600,6,1645
20837,1629310,edge,1,0.7700,6,1646
20838,1629358,edge,0,0.7600,6,1647
20839,1629442,edge,0,0.7600,6,1648
20840,1629549,edge,1,0.7600,6,1649
20841,1629630,edge,0,0.7500,6,1650
20842,1629713,edge,1,0.7500,6,1651
20843,1629795,edge,0,0.7400,6,1652
20844,1629868,edge,1,0.7500,6,1653
20845,1629971,edge,1,0.7600,6,1654
20846,1630064,edge,0,0.7500,6,1655
20847,1630124,edge,0,0.7500,6,1656
20848,1630184,edge,1,0.7500,6,1657
20849,1630337,edge,1,0.7600,6,1658
20850,1630408,edge,1,0.7600,6,1659
20851,1630466,edge,0,0.7500,6,1660
20852,1630550,edge,1,0.7600,6,1661
20853,1630619,edge,1,0.7600,6,1662
20854,1630681,edge,1,0.7600,6,1663
20855,1630768,edge,1,0.7700,6,1664
20856,1630849,edge,0,0.7600,6,1665
20857,1630937,edge,1,0.7600,6,1666
20858,1631001,edge,1,0.7600,6,1667
20859,1631069,edge,1,0.7600,6,1668
20860,1631150,edge,1,0.7600,6,1669
20861,1631295,edge,1,0.7600,6,1670
20862,1631348,edge,1,0.7600,6,1671
20863,1631433,edge,0,0.7600,6,1672
20864,1631556,edge,0,0.7500,6,1673
20865,1631630,edge,1,0.7600,6,1674
20866,1631697,edge,1,0.7600,6,1675
20867,1631775,edge,1,0.7600,6,1676
20868,1631864,edge,1,0.7700,6,1677
20869,1631957,edge,0,0.7600,6,1678
20870,1632042,edge,0,0.7500,6,1679
20871,1632178,edge,0,0.7500,6,1680
20872,1632239,edge,1,0.7500,6,1681
20873,1632309,edge,1,0.7500,6,1682
20874,1632402,edge,1,0.7600,6,1683
20875,1632491,edge,1,0.7600,6,1684
20876,1632574,edge,0,0.7500,6,1685
20877,1632662,edge,0,0.7400,6,1686
20878,1632723,edge,1,0.7400,6,1687
20879,1632772,edge,0,0.7300,6,1688
20880,1632847,edge,1,0.7300,6,1689
20881,1632906,edge,1,0.7300,6,1690
20882,1632978,edge,1,0.7300,6,1691
20883,1633126,edge,1,0.7300,6,1692
20884,1633194,edge,1,0.7400,6,1693
20885,1633264,edge,1,0.7400,6,1694
20886,1633361,edge,1,0.7400,6,1695
20887,1633446,edge,0,0.7300,6,1696
20888,1633529,edge,0,0.7200,6,1697
20889,1633599,edge,1,0.7200,6,1698
20890,1633820,edge,1,0.7200,6,1699
20891,1633901,edge,0,0.7100,6,1700
20892,1633958,edge,1,0.7100,6,1701
20893,1634041,edge,0,0.7000,6,1702
20894,1634203,edge,0,0.6900,6,1703
20895,1634285,edge,1,0.6900,6,1704
20896,1634371,edge,1,0.6900,6,1705
20897,1634469,edge,0,0.6800,6,1706
20898,1634548,edge,1,0.6900,6,1707
20899,1634637,edge,0,0.6800,6,1708
20900,1634724,edge,1,0.6800,6,1709
20901,1634805,edge,0,0.6700,6,1710
20902,1634887,edge,1,0.6700,6,1711
20903,1634947,edge,1,0.6800,6,1712
20904,1634994,edge,0,0.6700,6,1713
20905,1635076,edge,1,0.6700,6,1714
20906,1635154,edge,1,0.6700,6,1715
20907,1635212,edge,1,0.6700,6,1716
20908,1635288,edge,1,0.6700,6,1717
20909,1635348,edge,0,0.6600,6,1718
20910,1635448,edge,1,0.6600,6,1719
20911,1635521,edge,1,0.6700,6,1720
20912,1635727,edge,1,0.6700,6,1721
20913,1635803,edge,1,0.6700,6,1722
20914,1635877,edge,1,0.6700,6,1723
20915,1635974,edge,1,0.6700,6,1724
20916,1636052,edge,1,0.6800,6,1725
20917,1636117,edge,1,0.6800,6,1726
20918,1636298,edge,1,0.6800,6,1727
20919,1636359,edge,0,0.6800,6,1728
20920,1636446,edge,1,0.6900,6,1729
20921,1636532,edge,1,0.6900,6,1730
20922,1636605,edge,1,0.6900,6,1731
20923,1636672,edge,1,0.6900,6,1732
20924,1636772,edge,0,0.6900,6,1733
20925,1636849,edge,1,0.7000,6,1734
20926,1636930,edge,0,0.6900,6,1735
20927,1636998,edge,1,0.6900,6,1736
20928,1637086,edge,1,0.6900,6,1737
20929,1637170,edge,1,0.6900,6,1738
20930,1637251,edge,0,0.6800,6,1739
20931,1637352,edge,1,0.6800,6,1740
20932,1637489,edge,0,0.6700,6,1741
20933,1637564,edge,1,0.6700,6,1742
20934,1637652,edge,1,0.6800,6,1743
20935,1637755,edge,1,0.6900,6,1744
20936,1637834,edge,1,0.6900,6,1745
20937,1637929,edge,1,0.6900,6,1746
20938,1638001,edge,1,0.7000,6,1747
20939,1638086,edge,1,0.7100,6,1748
20940,1638157,edge,1,0.7100,6,1749
20941,1638290,edge,1,0.7200,6,1750
20942,1638398,edge,1,0.7200,6,1751
20943,1638469,edge,1,0.7300,6,1752
20944,1638559,edge,0,0.7200,6,1753
20945,1638691,edge,1,0.7200,6,1754
20946,1638801,edge,1,0.7300,6,1755
20947,1638881,edge,1,0.7400,6,1756
20948,1638963,edge,1,0.7400,6,1757
20949,1639036,edge,1,0.7400,6,1758
20950,1639117,edge,0,0.7300,6,1759
20951,1639202,edge,1,0.7400,6,1760
20952,1639283,edge,1,0.7400,6,1761
20953,1639365,edge,1,0.7400,6,1762
20954,1639446,edge,0,0.7300,6,1763
20955,1639615,edge,1,0.7300,6,1764
20956,1639685,edge,1,0.7400,6,1765
20957,1639748,edge,1,0.7400,6,1766
20958,1639829,edge,1,0.7400,6,1767
20959,1639987,edge,1,0.7400,6,1768
20960,1640056,edge,1,0.7400,6,1769
20961,1640136,edge,1,0.7400,6,1770
20962,1640217,edge,0,0.7300,6,1771
20963,1640321,edge,1,0.7400,6,1772
20964,1640418,edge,1,0.7500,6,1773
20965,1640492,edge,1,0.7500,6,1774
20966,1640549,edge,1,0.7500,6,1775
20967,1640722,edge,0,0.7400,6,1776
20968,1640796,edge,1,0.7400,6,1777
20969,1640864,edge,1,0.7500,6,1778
20970,1640952,edge,1,0.7600,6,1779
20971,1641016,edge,1,0.7700,6,1780
20972,1641102,edge,1,0.7700,6,1781
20973,1641177,edge,1,0.7700,6,1782
20974,1641260,edge,1,0.7700,6,1783
20975,1641336,edge,1,0.7700,6,1784
20976,1641508,edge,1,0.7800,6,1785
20977,1641571,edge,1,0.7900,6,1786
20978,1641643,edge,1,0.7900,6,1787
20979,1641726,edge,1,0.8000,6,1788
20980,1641779,edge,1,0.8000,6,1789
20981,1641849,edge,1,0.8000,6,1790
20982,1641942,edge,0,0.7900,6,1791
20983,1641996,edge,1,0.7900,6,1792
20984,1642074,edge,1,0.7900,6,1793
20985,1642247,edge,1,0.7900,6,1794
20986,1642333,edge,0,0.7800,6,1795
20987,1642388,edge,1,0.7900,6,1796
20988,1642469,edge,0,0.7900,6,1797
20989,1642623,edge,1,0.7900,6,1798
20990,1642692,edge,1,0.7900,6,1799
20991,1642775,edge,1,0.8000,6,1800
20992,1642849,edge,1,0.8000,6,1801
20993,1642910,edge,1,0.8100,6,1802
20994,1642978,edge,1,0.8200,6,1803
20995,1643052,edge,1,0.8200,6,1804
20996,1643110,edge,1,0.8200,6,1805
20997,1643162,edge,1,0.8300,6,1806
20998,1643247,edge,0,0.8200,6,1807
20999,1643322,edge,1,0.8300,6,1808
21000,1643399,edge,1,0.8300,6,1809
21001,1643486,edge,1,0.8400,6,1810
21002,1643583,edge,1,0.8400,6,1811
21003,1643657,edge,1,0.8400,6,1812
21004,1643738,edge,1,0.8500,6,1813
21005,1643817,edge,1,0.8500,6,1814
21006,1643959,edge,0,0.8400,6,1815
21007,1644033,edge,1,0.8400,6,1816
21008,1644114,edge,1,0.8400,6,1817
21009,1644192,edge,0,0.8400,6,1818
21010,1644275,edge,0,0.8300,6,1819
21011,1644342,edge,1,0.8300,6,1820
21012,1644419,edge,1,0.8300,6,1821
21013,1644501,edge,0,0.8200,6,1822
21014,1644603,edge,1,0.8200,6,1823
21015,1644698,edge,1,0.8200,6,1824
21016,1644779,edge,1,0.8200,6,1825
21017,1644860,edge,0,0.8100,6,1826
21018,1644933,edge,1,0.8100,6,1827
21019,1645002,edge,1,0.8200,6,1828
21020,1645085,edge,1,0.8200,6,1829
21021,1645168,edge,0,0.8100,6,1830
21022,1645255,edge,1,0.8100,6,1831
21023,1645337,edge,1,0.8100,6,1832
21024,1645422,edge,1,0.8200,6,1833
21025,1645507,edge,0,0.8100,6,1834
21026,1645591,edge,0,0.8100,6,1835
21027,1645672,edge,1,0.8100,6,1836
21028,1645765,edge,1,0.8100,6,1837
21029,1645856,edge,1,0.8100,6,1838
21030,1646016,edge,1,0.8200,6,1839
21031,1646089,edge,1,0.8200,6,1840
21032,1646148,edge,1,0.8300,6,1841
21033,1646220,edge,1,0.8300,6,1842
21034,1646303,edge,1,0.8300,6,1843
21035,1646384,edge,0,0.8200,6,1844
21036,1646465,edge,0,0.8100,6,1845
21037,1646540,edge,1,0.8100,6,1846
21038,1646627,edge,1,0.8100,6,1847
21039,1646722,edge,1,0.8100,6,1848
21040,1646804,edge,0,0.8000,6,1849
21041,1646878,edge,1,0.8000,6,1850
21042,1646960,edge,1,0.8000,6,1851
21043,1647064,edge,1,0.8000,6,1852
21044,1647161,edge,1,0.8100,6,1853
21045,1647243,edge,1,0.8100,6,1854
21046,1647307,edge,1,0.8100,6,1855
21047,1647365,edge,1,0.8100,6,1856
21048,1647425,edge,1,0.8100,6,1857
21049,1647508,edge,1,0.8100,6,1858
21050,1647608,edge,1,0.8200,6,1859
21051,1647685,edge,1,0.8200,6,1860
21052,1647749,edge,1,0.8200,6,1861
21053,1647820,edge,1,0.8200,6,1862
21054,1647892,edge,1,0.8300,6,1863
21055,1647974,edge,0,0.8200,6,1864
21056,1648055,edge,1,0.8200,6,1865
21057,1648117,edge,1,0.8200,6,1866
21058,1648173,edge,1,0.8200,6,1867
21059,1648229,edge,1,0.8200,6,1868
21060,1648310,edge,1,0.8200,6,1869
21061,1648411,edge,1,0.8200,6,1870
21062,1648492,edge,1,0.8300,6,1871
21063,1648565,edge,1,0.8300,6,1872
21064,1648622,edge,1,0.8300,6,1873
21065,1648699,edge,1,0.8300,6,1874
21066,1648751,edge,1,0.8300,6,1875
21067,1648820,edge,1,0.8400,6,1876
21068,1648879,edge,1,0.8400,6,1877
21069,1649015,edge,1,0.8400,6,1878
21070,1649098,edge,1,0.8400,6,1879
21071,1649186,edge,1,0.8400,6,1880
21072,1649268,edge,1,0.8400,6,1881
21073,1649345,edge,1,0.8400,6,1882
21074,1649426,edge,1,0.8400,6,1883
21075,1649522,edge,1,0.8400,6,1884
21076,1649613,edge,1,0.8400,6,1885
21077,1649707,edge,1,0.8400,6,1886
21078,1649785,edge,1,0.8400,6,1887
21079,1649831,edge,0,0.8300,6,1888
21080,1649913,edge,1,0.8300,6,1889
21081,1649989,edge,1,0.8300,6,1890
21082,1650078,edge,1,0.8400,6,1891
21083,1650140,edge,1,0.8400,6,1892
21084,1650230,edge,1,0.8400,6,1893
21085,1650298,edge,1,0.8400,6,1894
21086,1650371,edge,1,0.8500,6,1895
21087,1650426,edge,1,0.8500,6,1896
21088,1650533,edge,1,0.8600,6,1897
21089,1650602,edge,1,0.8600,6,1898
21090,1650683,edge,0,0.8500,6,1899
21091,1650769,edge,1,0.8500,6,1900
21092,1650856,edge,0,0.8400,6,1901
21093,1650932,edge,1,0.8400,6,1902
21094,1651010,edge,1,0.8400,6,1903
21095,1651086,edge,1,0.8400,6,1904
21096,1651155,edge,1,0.8400,6,1905
21097,1651231,edge,1,0.8400,6,1906
21098,1651315,edge,1,0.8500,6,1907
21099,1651395,edge,1,0.8500,6,1908
21100,1651477,edge,1,0.8500,6,1909
21101,1651563,edge,1,0.8500,6,1910
21102,1651653,edge,1,0.8500,6,1911
21103,1651814,edge,1,0.8500,6,1912
21104,1651879,edge,1,0.8500,6,1913
21105,1651961,edge,0,0.8400,6,1914
21106,1652031,edge,1,0.8500,6,1915
21107,1652156,edge,1,0.8500,6,1916
21108,1652237,edge,1,0.8500,6,1917
21109,1652297,edge,1,0.8600,6,1918
21110,1652404,edge,1,0.8700,6,1919
21111,1652472,edge,0,0.8600,6,1920
21112,1652537,edge,1,0.8600,6,1921
21113,1652613,edge,1,0.8700,6,1922
21114,1652778,edge,1,0.8700,6,1923
21115,1652833,edge,0,0.8600,6,1924
21116,1652889,edge,1,0.8600,6,1925
21117,1653008,edge,0,0.8600,6,1926
21118,1653082,edge,1,0.8600,6,1927
21119,1653150,edge,1,0.8600,6,1928
21120,1653233,edge,1,0.8600,6,1929
21121,1653324,edge,1,0.8700,6,1930
21122,1653409,edge,0,0.8600,6,1931
21123,1653457,edge,0,0.8500,6,1932
21124,1653532,edge,1,0.8500,6,1933
21125,1653585,edge,0,0.8500,6,1934
21126,1653667,edge,0,0.8500,6,1935
21127,1653761,edge,1,0.8500,6,1936
21128,1653839,edge,1,0.8500,6,1937
21129,1653921,edge,0,0.8400,6,1938
21130,1653983,edge,1,0.8400,6,1939
21131,1654069,edge,1,0.8400,6,1940
21132,1654153,edge,1,0.8400,6,1941
21133,1654242,edge,0,0.8300,6,1942
21134,1654360,edge,1,0.8300,6,1943
21135,1654472,edge,1,0.8400,6,1944
21136,1654573,edge,1,0.8500,6,1945
21137,1654622,edge,0,0.8400,6,1946
21138,1654683,edge,1,0.8400,6,1947
21139,1654770,edge,1,0.8400,6,1948
21140,1654859,edge,1,0.8500,6,1949
21141,1654921,edge,1,0.8500,6,1950
21142,1655015,edge,1,0.8500,6,1951
21143,1655092,edge,1,0.8500,6,1952
21144,1655153,edge,1,0.8500,6,1953
21145,1655205,edge,1,0.8500,6,1954
21146,1655285,edge,1,0.8500,6,1955
21147,1655368,edge,0,0.8400,6,1956
21148,1655434,edge,1,0.8400,6,1957
21149,1655487,edge,0,0.8300,6,1958
21150,1655653,edge,0,0.8200,6,1959
21151,1655724,edge,1,0.8200,6,1960
21152,1655786,edge,1,0.8200,6,1961
21153,1655869,edge,0,0.8100,6,1962
21154,1655947,edge,1,0.8100,6,1963
21155,1656003,edge,1,0.8200,6,1964
21156,1656079,edge,1,0.8200,6,1965
21157,1656234,edge,1,0.8200,6,1966
21158,1656312,edge,1,0.8200,6,1967
21159,1656393,edge,1,0.8200,6,1968
21160,1656461,edge,1,0.8200,6,1969
21161,1656574,edge,1,0.8200,6,1970
21162,1656652,edge,1,0.8200,6,1971
21163,1656730,edge,1,0.8200,6,1972
21164,1656805,edge,1,0.8200,6,1973
21165,1656959,edge,1,0.8200,6,1974
21166,1657043,edge,1,0.8200,6,1975
21167,1657120,edge,1,0.8200,6,1976
21168,1657204,edge,0,0.8100,6,1977
21169,1657286,edge,1,0.8100,6,1978
21170,1657388,edge,1,0.8100,6,1979
21171,1657448,edge,1,0.8100,6,1980
21172,1657531,edge,1,0.8100,6,1981
21173,1657617,edge,1,0.8100,6,1982
21174,1657767,edge,1,0.8100,6,1983
21175,1657848,edge,1,0.8100,6,1984
21176,1657910,edge,1,0.8100,6,1985
21177,1657998,edge,0,0.8000,6,1986
21178,1658052,edge,1,0.8000,6,1987
21179,1658215,edge,1,0.8100,6,1988
21180,1658304,edge,1,0.8100,6,1989
21181,1658393,edge,1,0.8100,6,1990
21182,1658474,edge,0,0.8000,6,1991
21183,1658547,edge,1,0.8000,6,1992
21184,1658618,edge,1,0.8000,6,1993
21185,1658719,edge,1,0.8000,6,1994
21186,1658803,edge,1,0.8000,6,1995
21187,1658879,edge,1,0.8000,6,1996
21188,1658963,edge,0,0.7900,6,1997
21189,1659029,edge,1,0.7900,6,1998
21190,1659093,edge,1,0.8000,6,1999
21191,1659171,edge,1,0.8000,6,2000
21192,1659245,edge,1,0.8100,6,2001
21193,1659342,edge,0,0.8000,6,2002
21194,1659426,edge,1,0.8000,6,2003
21195,1659509,edge,1,0.8000,6,2004
21196,1659566,edge,1,0.8000,6,2005
21197,1659662,edge,1,0.8000,6,2006
21198,1659744,edge,0,0.7900,6,2007
21199,1659929,edge,1,0.7900,6,2008
21200,1660004,edge,1,0.7900,6,2009
21201,1660058,edge,0,0.7800,6,2010
21202,1660142,edge,1,0.7800,6,2011
21203,1660211,edge,1,0.7800,6,2012
21204,1660285,edge,1,0.7800,6,2013
21205,1660389,edge,0,0.7800,6,2014
21206,1660460,edge,1,0.7800,6,2015
21207,1660516,edge,1,0.7800,6,2016
21208,1660569,edge,1,0.7800,6,2017
21209,1660661,edge,1,0.7800,6,2018
21210,1660721,edge,1,0.7800,6,2019
21211,1660774,edge,0,0.7800,6,2020
21212,1660818,edge,0,0.7700,6,2021
21213,1660890,edge,1,0.7700,6,2022
21214,1660939,edge,0,0.7600,6,2023
21215,1661020,edge,1,0.7700,6,2024
21216,1661073,edge,1,0.7700,6,2025
21217,1661148,edge,1,0.7800,6,2026
21218,1661192,edge,0,0.7700,6,2027
21219,1661262,edge,1,0.7700,6,2028
21220,1661337,edge,1,0.7700,6,2029
21221,1661413,edge,1,0.7700,6,2030
21222,1661528,edge,1,0.7800,6,2031
21223,1661609,edge,0,0.7800,6,2032
21224,1661696,edge,1,0.7800,6,2033
21225,1661789,edge,0,0.7800,6,2034
21226,1661863,edge,1,0.7900,6,2035
21227,1662028,edge,1,0.7900,6,2036
21228,1662104,edge,1,0.7900,6,2037
21229,1662180,edge,1,0.8000,6,2038
21230,1662276,edge,1,0.8000,6,2039
21231,1662435,edge,1,0.8000,6,2040
21232,1662499,edge,1,0.8000,6,2041
21233,1662570,edge,1,0.8100,6,2042
21234,1662655,edge,0,0.8000,6,2043
21235,1662729,edge,1,0.8000,6,2044
21236,1662820,edge,1,0.8000,6,2045
21237,1662896,edge,1,0.8100,6,2046
21238,1662960,edge,1,0.8100,6,2047
21239,1663054,edge,1,0.8100,6,2048
21240,1663195,edge,0,0.8000,6,2049
21241,1663280,edge,1,0.8000,6,2050
21242,1663362,edge,0,0.7900,6,2051
21243,1663449,edge,1,0.7900,6,2052
21244,1663545,edge,1,0.7900,6,2053
21245,1663617,edge,1,0.7900,6,2054
21246,1663698,edge,1,0.7900,6,2055
21247,1663792,edge,0,0.7900,6,2056
21248,1663863,edge,1,0.7900,6,2057
21249,1663949,edge,1,0.8000,6,2058
21250,1664039,edge,0,0.8000,6,2059
21251,1664121,edge,1,0.8000,6,2060
21252,1664184,edge,1,0.8000,6,2061
21253,1664373,edge,1,0.8100,6,2062
21254,1664441,edge,1,0.8100,6,2063
21255,1664522,edge,0,0.8000,6,2064
21256,1664592,edge,1,0.8000,6,2065
21257,1664684,edge,1,0.8000,6,2066
21258,1664758,edge,1,0.8000,6,2067
21259,1664813,edge,1,0.8000,6,2068
21260,1664894,edge,0,0.7900,6,2069
21261,1664992,edge,1,0.7900,6,2070
21262,1665083,edge,1,0.7900,6,2071
21263,1665144,edge,1,0.7900,6,2072
21264,1665228,edge,1,0.7900,6,2073
21265,1665322,edge,1,0.7900,6,2074
21266,1665403,edge,1,0.7900,6,2075
21267,1665473,edge,1,0.7900,6,2076
21268,1665557,edge,0,0.7900,6,2077
21269,1665651,edge,1,0.7900,6,2078
21270,1665723,edge,1,0.7900,6,2079
21271,1665791,edge,1,0.7900,6,2080
21272,1665873,edge,1,0.7900,6,2081
21273,1665961,edge,1,0.7900,6,2082
21274,1666043,edge,0,0.7800,6,2083
21275,1666119,edge,1,0.7800,6,2084
21276,1666189,edge,1,0.7800,6,2085
21277,1666250,edge,1,0.7900,6,2086
21278,1666327,edge,1,0.7900,6,2087
21279,1666405,edge,1,0.7900,6,2088
21280,1666491,edge,1,0.7900,6,2089
21281,1666581,edge,1,0.7900,6,2090
21282,1666641,edge,1,0.8000,6,2091
21283,1666705,edge,0,0.7900,6,2092
21284,1666788,edge,1,0.7900,6,2093
21285,1666875,edge,0,0.7800,6,2094
21286,1666949,edge,1,0.7800,6,2095
21287,1667023,edge,1,0.7800,6,2096
21288,1667098,edge,1,0.7900,6,2097
21289,1667186,edge,1,0.7900,6,2098
21290,1667278,edge,1,0.7900,6,2099
21291,1667449,edge,1,0.7900,6,2100
21292,1667538,edge,1,0.7900,6,2101
21293,1667625,edge,1,0.8000,6,2102
21294,1667717,edge,0,0.7900,6,2103
21295,1667884,edge,1,0.7900,6,2104
21296,1667965,edge,1,0.7900,6,2105
21297,1668016,edge,1,0.7900,6,2106
21298,1668075,edge,1,0.8000,6,2107
21299,1668121,edge,0,0.7900,6,2108
21300,1668208,edge,1,0.7900,6,2109
21301,1668284,edge,1,0.8000,6,2110
21302,1668341,edge,0,0.7900,6,2111
21303,1668416,edge,1,0.7900,6,2112
21304,1668493,edge,1,0.7900,6,2113
21305,1668573,edge,1,0.8000,6,2114
21306,1668648,edge,1,0.8000,6,2115
21307,1668714,edge,1,0.8000,6,2116
21308,1668776,edge,1,0.8000,6,2117
21309,1668872,edge,1,0.8000,6,2118
21310,1668945,edge,1,0.8000,6,2119
21311,1669011,edge,1,0.8100,6,2120
21312,1669079,edge,1,0.8200,6,2121
21313,1669153,edge,1,0.8200,6,2122
21314,1669230,edge,1,0.8300,6,2123
21315,1669465,edge,1,0.8300,6,2124
21316,1669520,edge,1,0.8300,6,2125
21317,1669596,edge,1,0.8300,6,2126
21318,1669673,edge,1,0.8400,6,2127
21319,1669754,edge,1,0.8400,6,2128
21320,1669837,edge,1,0.8400,6,2129
21321,1669940,edge,0,0.8300,6,2130
21322,1670026,edge,1,0.8300,6,2131
21323,1670123,edge,1,0.8400,6,2132
21324,1670212,edge,0,0.8300,6,2133
21325,1670311,edge,1,0.8400,6,2134
21326,1670387,edge,1,0.8400,6,2135
21327,1670536,edge,1,0.8400,6,2136
21328,1670652,edge,1,0.8400,6,2137
21329,1670716,edge,1,0.8400,6,2138
21330,1670786,edge,1,0.8400,6,2139
21331,1670882,edge,1,0.8400,6,2140
21332,1670964,edge,0,0.8300,6,2141
21333,1671038,edge,1,0.8300,6,2142
21334,1671107,edge,1,0.8400,6,2143
21335,1671163,edge,1,0.8400,6,2144
21336,1671334,edge,1,0.8400,6,2145
21337,1671395,edge,1,0.8400,6,2146
21338,1671456,edge,1,0.8400,6,2147
21339,1671521,edge,1,0.8400,6,2148
21340,1671602,edge,1,0.8500,6,2149
21341,1671689,edge,1,0.8500,6,2150
21342,1671807,edge,1,0.8600,6,2151
21343,1671859,edge,1,0.8600,6,2152
21344,1671948,edge,0,0.8500,6,2153
21345,1671996,edge,0,0.8400,6,2154
21346,1672079,edge,1,0.8400,6,2155
21347,1672272,edge,0,0.8400,6,2156
21348,1672353,edge,0,0.8300,6,2157
21349,1672409,edge,1,0.8300,6,2158
21350,1672504,edge,1,0.8400,6,2159
21351,1672560,edge,1,0.8400,6,2160
21352,1672618,edge,1,0.8400,6,2161
21353,1672684,edge,1,0.8400,6,2162
21354,1672765,edge,0,0.8300,6,2163
21355,1672832,edge,1,0.8400,6,2164
21356,1672903,edge,1,0.8400,6,2165
21357,1672975,edge,1,0.8400,6,2166
21358,1673062,edge,0,0.8300,6,2167
21359,1673145,edge,0,0.8200,6,2168
21360,1673235,edge,0,0.8200,6,2169
21361,1673324,edge,1,0.8200,6,2170
21362,1673529,edge,1,0.8200,6,2171
21363,1673698,edge,1,0.8200,6,2172
21364,1673760,edge,1,0.8200,6,2173
21365,1673832,edge,1,0.8200,6,2174
21366,1673905,edge,1,0.8200,6,2175
21367,1673989,edge,1,0.8200,6,2176
21368,1674044,edge,1,0.8300,6,2177
21369,1674110,edge,1,0.8300,6,2178
21370,1674172,edge,1,0.8300,6,2179
21371,1674242,edge,1,0.8300,6,2180
21372,1674343,edge,1,0.8300,6,2181
21373,1674437,edge,0,0.8200,6,2182
21374,1674519,edge,0,0.8200,6,2183
21375,1674572,edge,1,0.8200,6,2184
21376,1674659,edge,1,0.8200,6,2185
21377,1674732,edge,1,0.8200,6,2186
21378,1674799,edge,1,0.8200,6,2187
21379,1674887,edge,1,0.8200,6,2188
21380,1674941,edge,0,0.8100,6,2189
21381,1675101,edge,1,0.8100,6,2190
21382,1675191,edge,1,0.8100,6,2191
21383,1675248,edge,0,0.8100,6,2192
21384,1675341,edge,1,0.8100,6,2193
21385,1675412,edge,1,0.8200,6,2194
21386,1675468,edge,0,0.8100,6,2195
21387,1675554,edge,1,0.8100,6,2196
21388,1675622,edge,1,0.8100,6,2197
21389,1675700,edge,1,0.8100,6,2198
21390,1675770,edge,1,0.8100,6,2199
21391,1675926,edge,1,0.8100,6,2200
21392,1676006,edge,1,0.8100,6,2201
21393,1676084,edge,1,0.8100,6,2202
21394,1676163,edge,1,0.8200,6,2203
21395,1676262,edge,1,0.8200,6,2204
21396,1676320,edge,1,0.8200,6,2205
21397,1676383,edge,1,0.8200,6,2206
21398,1676460,edge,1,0.8200,6,2207
21399,1676533,edge,1,0.8300,6,2208
21400,1676577,edge,0,0.8200,6,2209
21401,1676663,edge,1,0.8200,6,2210
21402,1676751,edge,1,0.8300,6,2211
21403,1676836,edge,0,0.8200,6,2212
21404,1676905,edge,1,0.8200,6,2213
21405,1676995,edge,1,0.8200,6,2214
21406,1677166,edge,1,0.8200,6,2215
21407,1677240,edge,1,0.8200,6,2216
21408,1677316,edge,1,0.8200,6,2217
21409,1677388,edge,1,0.8200,6,2218
21410,1677458,edge,1,0.8200,6,2219
21411,1677519,edge,1,0.8200,6,2220
21412,1677576,edge,1,0.8200,6,2221
21413,1677628,edge,0,0.8100,6,2222
21414,1677709,edge,0,0.8000,6,2223
21415,1677863,edge,1,0.8000,6,2224
21416,1677962,edge,1,0.8000,6,2225
21417,1678045,edge,0,0.7900,6,2226
21418,1678130,edge,1,0.7900,6,2227
21419,1678240,edge,1,0.7900,6,2228
21420,1678322,edge,0,0.7800,6,2229
21421,1678426,edge,0,0.7800,6,2230
21422,1678525,edge,1,0.7800,6,2231
21423,1678609,edge,1,0.7800,6,2232
21424,1678705,edge,1,0.7900,6,2233
21425,1678789,edge,1,0.7900,6,2234
21426,1678931,edge,0,0.7800,6,2235
21427,1678989,edge,1,0.7800,6,2236
21428,1679040,edge,1,0.7800,6,2237
21429,1679110,edge,1,0.7800,6,2238
21430,1679165,edge,0,0.7700,6,2239
21431,1679244,edge,1,0.7700,6,2240
21432,1679336,edge,1,0.7800,6,2241
21433,1679417,edge,0,0.7700,6,2242
21434,1679491,edge,1,0.7700,6,2243
21435,1679551,edge,1,0.7700,6,2244
21436,1679659,edge,1,0.7700,6,2245
21437,1679727,edge,1,0.7700,6,2246
21438,1679803,edge,1,0.7700,6,2247
21439,1679889,edge,1,0.7700,6,2248
21440,1679964,edge,1,0.7700,6,2249
21441,1680026,edge,1,0.7700,6,2250
21442,1680091,edge,1,0.7700,6,2251
21443,1680169,edge,1,0.7700,6,2252
21444,1680237,edge,1,0.7800,6,2253
21445,1680312,edge,1,0.7900,6,2254
21446,1680395,edge,1,0.7900,6,2255
21447,1680473,edge,1,0.8000,6,2256
21448,1680550,edge,1,0.8100,6,2257
21449,1680629,edge,1,0.8100,6,2258
21450,1680711,edge,1,0.8100,6,2259
21451,1680766,edge,0,0.8000,6,2260
21452,1680952,edge,0,0.7900,6,2261
21453,1681049,edge,0,0.7800,6,2262
21454,1681136,edge,1,0.7900,6,2263
21455,1681201,edge,1,0.7900,6,2264
21456,1681376,edge,1,0.7900,6,2265
21457,1681433,edge,0,0.7800,6,2266
21458,1681529,edge,1,0.7900,6,2267
21459,1681591,edge,1,0.8000,6,2268
21460,1681669,edge,1,0.8100,6,2269
21461,1681762,edge,1,0.8100,6,2270
21462,1681815,edge,0,0.8000,6,2271
21463,1682094,edge,1,0.8000,6,2272
21464,1682146,edge,1,0.8000,6,2273
21465,1682223,edge,1,0.8000,6,2274
21466,1682384,edge,1,0.8000,6,2275
21467,1682484,edge,1,0.8000,6,2276
21468,1682560,edge,1,0.8000,6,2277
21469,1682624,edge,1,0.8000,6,2278
21470,1682815,edge,1,0.8000,6,2279
21471,1682890,edge,1,0.8000,6,2280
21472,1682968,edge,1,0.8000,6,2281
21473,1683042,edge,1,0.8100,6,2282
21474,1683097,edge,1,0.8200,6,2283
21475,1683188,edge,1,0.8200,6,2284
21476,1683270,edge,0,0.8100,6,2285
21477,1683366,edge,1,0.8100,6,2286
21478,1683426,edge,1,0.8100,6,2287
21479,1683481,edge,1,0.8100,6,2288
21480,1683562,edge,0,0.8100,6,2289
21481,1683645,edge,1,0.8100,6,2290
21482,1683878,edge,1,0.8100,6,2291
21483,1683959,edge,0,0.8100,6,2292
21484,1684036,edge,1,0.8100,6,2293
21485,1684104,edge,1,0.8100,6,2294
21486,1684185,edge,0,0.8100,6,2295
21487,1684238,edge,1,0.8100,6,2296
21488,1684302,edge,1,0.8100,6,2297
21489,1684370,edge,1,0.8100,6,2298
21490,1684604,edge,1,0.8100,6,2299
21491,1684655,edge,1,0.8100,6,2300
21492,1684713,edge,1,0.8100,6,2301
21493,1684795,edge,1,0.8100,6,2302
21494,1684885,edge,0,0.8000,6,2303
21495,1684945,edge,1,0.8000,6,2304
21496,1685037,edge,1,0.8000,6,2305
21497,1685118,edge,0,0.7900,6,2306
21498,1685189,edge,1,0.7900,6,2307
21499,1685427,edge,1,0.7900,6,2308
21500,1685512,edge,1,0.8000,6,2309
21501,1685559,edge,0,0.7900,6,2310
21502,1685621,edge,1,0.7900,6,2311
21503,1685683,edge,1,0.8000,6,2312
21504,1685755,edge,1,0.8000,6,2313
21505,1685829,edge,0,0.7900,6,2314
21506,1685989,edge,1,0.7900,6,2315
21507,1686064,edge,1,0.7900,6,2316
21508,1686153,edge,0,0.7800,6,2317
21509,1686227,edge,1,0.7800,6,2318
21510,1686308,edge,0,0.7700,6,2319
21511,1686460,edge,1,0.7700,6,2320
21512,1686686,edge,1,0.7700,6,2321
21513,1686764,edge,1,0.7800,6,2322
21514,1686835,edge,1,0.7900,6,2323
21515,1686916,edge,1,0.7900,6,2324
21516,1686973,edge,1,0.7900,6,2325
21517,1687043,edge,1,0.8000,6,2326
21518,1687125,edge,1,0.8000,6,2327
21519,1687270,edge,1,0.8000,6,2328
21520,1687389,edge,1,0.8100,6,2329
21521,1687468,edge,1,0.8200,6,2330
21522,1687520,edge,0,0.8100,6,2331
21523,1687613,edge,1,0.8100,6,2332
21524,1687681,edge,1,0.8100,6,2333
21525,1687738,edge,1,0.8100,6,2334
21526,1687810,edge,1,0.8200,6,2335
21527,1687884,edge,1,0.8200,6,2336
21528,1687967,edge,0,0.8100,6,2337
21529,1688025,edge,1,0.8100,6,2338
21530,1688120,edge,0,0.8100,6,2339
21531,1688208,edge,1,0.8100,6,2340
21532,1688306,edge,1,0.8100,6,2341
21533,1688385,edge,1,0.8200,6,2342
21534,1688477,edge,1,0.8200,6,2343
21535,1688560,edge,0,0.8100,6,2344
21536,1688624,edge,1,0.8100,6,2345
21537,1688696,edge,1,0.8100,6,2346
21538,1688782,edge,1,0.8100,6,2347
21539,1688837,edge,1,0.8100,6,2348
21540,1688918,edge,0,0.8000,6,2349
21541,1688963,edge,0,0.7900,6,2350
21542,1689039,edge,1,0.7900,6,2351
21543,1689125,edge,1,0.7900,6,2352
21544,1689249,edge,1,0.7900,6,2353
21545,1689346,edge,0,0.7800,6,2354
21546,1689403,edge,1,0.7800,6,2355
21547,1689497,edge,1,0.7800,6,2356
21548,1689654,edge,1,0.7800,6,2357
21549,1689740,edge,1,0.7800,6,2358
21550,1689831,edge,1,0.7800,6,2359
21551,1689903,edge,1,0.7900,6,2360
21552,1689965,edge,1,0.8000,6,2361
21553,1690059,edge,1,0.8100,6,2362
21554,1690118,edge,0,0.8000,6,2363
21555,1690177,edge,1,0.8000,6,2364
21556,1690230,edge,0,0.7900,6,2365
21557,1690314,edge,0,0.7900,6,2366
21558,1690403,edge,1,0.7900,6,2367
21559,1690485,edge,0,0.7800,6,2368
21560,1690545,edge,1,0.7800,6,2369
21561,1690617,edge,1,0.7800,6,2370
21562,1690704,edge,1,0.7900,6,2371
21563,1690825,edge,1,0.7900,6,2372
21564,1690899,edge,1,0.7900,6,2373
21565,1690954,edge,1,0.7900,6,2374
21566,1691030,edge,1,0.7900,6,2375
21567,1691099,edge,1,0.7900,6,2376
21568,1691142,edge,0,0.7800,6,2377
21569,1691227,edge,1,0.7800,6,2378
21570,1691286,edge,1,0.7800,6,2379
21571,1691350,edge,1,0.7800,6,2380
21572,1691515,edge,1,0.7800,6,2381
21573,1691561,edge,1,0.7800,6,2382
21574,1691649,edge,1,0.7800,6,2383
21575,1691731,edge,0,0.7700,6,2384
21576,1691835,edge,0,0.7700,6,2385
21577,1691897,edge,0,0.7600,6,2386
21578,1691952,edge,1,0.7600,6,2387
21579,1692031,edge,1,0.7600,6,2388
21580,1692106,edge,1,0.7700,6,2389
21581,1692165,edge,1,0.7700,6,2390
21582,1692240,edge,1,0.7700,6,2391
21583,1692291,edge,0,0.7700,6,2392
21584,1692389,edge,1,0.7700,6,2393
21585,1692445,edge,1,0.7700,6,2394
21586,1692493,edge,0,0.7700,6,2395
21587,1692576,edge,1,0.7700,6,2396
21588,1692664,edge,1,0.7700,6,2397
21589,1692747,edge,1,0.7700,6,2398
21590,1692828,edge,0,0.7600,6,2399
21591,1692911,edge,1,0.7600,6,2400
21592,1693120,edge,0,0.7500,6,2401
21593,1693279,edge,1,0.7500,6,2402
21594,1693375,edge,1,0.7600,6,2403
21595,1693457,edge,0,0.7500,6,2404
21596,1693518,edge,1,0.7500,6,2405
21597,1693570,edge,1,0.7600,6,2406
21598,1693657,edge,1,0.7600,6,2407
21599,1693729,edge,1,0.7600,6,2408
21600,1693805,edge,1,0.7600,6,2409
21601,1693867,edge,1,0.7700,6,2410
21602,1693962,edge,1,0.7700,6,2411
21603,1694013,edge,1,0.7700,6,2412
21604,1694073,edge,1,0.7700,6,2413
21605,1694143,edge,1,0.7800,6,2414
21606,1694210,edge,1,0.7800,6,2415
21607,1694260,edge,0,0.7700,6,2416
21608,1694330,edge,1,0.7800,6,2417
21609,1694411,edge,0,0.7700,6,2418
21610,1694487,edge,1,0.7800,6,2419
21611,1694541,edge,1,0.7800,6,2420
21612,1694607,edge,1,0.7800,6,2421
21613,1694704,edge,1,0.7800,6,2422
21614,1694883,edge,1,0.7800,6,2423
21615,1694977,edge,1,0.7800,6,2424
21616,1695052,edge,1,0.7800,6,2425
21617,1695123,edge,1,0.7800,6,2426
21618,1695177,edge,1,0.7800,6,2427
21619,1695273,edge,1,0.7800,6,2428
21620,1695321,edge,0,0.7700,6,2429
21621,1695386,edge,1,0.7700,6,2430
21622,1695467,edge,1,0.7800,6,2431
21623,1695543,edge,1,0.7800,6,2432
21624,1695605,edge,0,0.7700,6,2433
21625,1695686,edge,0,0.7600,6,2434
21626,1695735,edge,0,0.7500,6,2435
21627,1695817,edge,0,0.7400,6,2436
21628,1695870,edge,1,0.7500,6,2437
21629,1695964,edge,0,0.7400,6,2438
21630,1696035,edge,1,0.7500,6,2439
21631,1696105,edge,1,0.7500,6,2440
21632,1696156,edge,0,0.7400,6,2441
21633,1696205,edge,1,0.7400,6,2442
21634,1696293,edge,0,0.7300,6,2443
21635,1696381,edge,0,0.7300,6,2444
21636,1696457,edge,1,0.7300,6,2445
21637,1696541,edge,1,0.7300,6,2446
21638,1696626,edge,1,0.7300,6,2447
21639,1696775,edge,1,0.7300,6,2448
21640,1696932,edge,1,0.7400,6,2449
21641,1696987,edge,1,0.7500,6,2450
21642,1697071,edge,1,0.7500,6,2451
21643,1697153,edge,0,0.7400,6,2452
21644,1697324,edge,1,0.7400,6,2453
21645,1697385,edge,1,0.7500,6,2454
21646,1697455,edge,1,0.7500,6,2455
21647,1697523,edge,1,0.7500,6,2456
21648,1697586,edge,1,0.7500,6,2457
21649,1697636,edge,1,0.7500,6,2458
21650,1697692,edge,0,0.7400,6,2459
21651,1697776,edge,1,0.7400,6,2460
21652,1697832,edge,0,0.7300,6,2461
21653,1697906,edge,1,0.7300,6,2462
21654,1697960,edge,1,0.7400,6,2463
21655,1698113,edge,1,0.7400,6,2464
21656,1698197,edge,0,0.7400,6,2465
21657,1698463,edge,1,0.7500,6,2466
21658,1698531,edge,1,0.7500,6,2467
21659,1698595,edge,1,0.7600,6,2468
21660,1698679,edge,0,0.7500,6,2469
21661,1698762,edge,0,0.7400,6,2470
21662,1698845,edge,0,0.7300,6,2471
21663,1698909,edge,1,0.7300,6,2472
21664,1698992,edge,1,0.7300,6,2473
21665,1699064,edge,1,0.7300,6,2474
21666,1699138,edge,1,0.7300,6,2475
21667,1699189,edge,1,0.7300,6,2476
21668,1699259,edge,1,0.7400,6,2477
21669,1699367,edge,1,0.7400,6,2478
21670,1699453,edge,1,0.7400,6,2479
21671,1699554,edge,1,0.7400,6,2480
21672,1699646,edge,1,0.7400,6,2481
21673,1699726,edge,1,0.7400,6,2482
21674,1699809,edge,1,0.7400,6,2483
21675,1699872,edge,1,0.7500,6,2484
21676,1699929,edge,1,0.7600,6,2485
21677,1699993,edge,1,0.7700,6,2486
21678,1700087,edge,1,0.7700,6,2487
21679,1700152,corner,1,0.7700,7,1
21680,1700227,corner,1,0.7700,7,2
21681,1700317,corner,1,0.7700,7,3
21682,1700387,corner,1,0.7700,7,4
21683,1700455,corner,0,0.7700,7,5
21684,1700606,corner,0,0.7600,7,6
21685,1700686,corner,1,0.7600,7,7
21686,1700755,corner,1,0.7700,7,8
21687,1700871,corner,1,0.7700,7,9
21688,1700935,corner,1,0.7700,7,10
21689,1701017,corner,0,0.7600,7,11
21690,1701177,corner,1,0.7700,7,12
21691,1701255,corner,1,0.7700,7,13
21692,1701345,corner,1,0.7800,7,14
21693,1701425,corner,1,0.7800,7,15
21694,1701562,corner,0,0.7700,7,16
21695,1701647,corner,1,0.7800,7,17
21696,1701754,corner,1,0.7800,7,18
21697,1701828,corner,1,0.7800,7,19
21698,1701891,corner,0,0.7700,7,20
21699,1702036,corner,0,0.7600,7,21
21700,1702122,corner,1,0.7600,7,22
21701,1702288,corner,1,0.7600,7,23
21702,1702377,corner,1,0.7600,7,24
21703,1702425,corner,0,0.7500,7,25
21704,1702496,corner,1,0.7500,7,26
21705,1702545,corner,0,0.7400,7,27
21706,1702705,corner,1,0.7400,7,28
21707,1702892,corner,1,0.7500,7,29
21708,1702973,corner,0,0.7400,7,30
21709,1703053,corner,1,0.7500,7,31
21710,1703137,corner,1,0.7500,7,32
21711,1703219,corner,0,0.7400,7,33
21712,1703310,corner,1,0.7400,7,34
21713,1703363,corner,1,0.7400,7,35
21714,1703452,corner,1,0.7400,7,36
21715,1703502,corner,0,0.7300,7,37
21716,1703547,corner,0,0.7200,7,38
21717,1703846,corner,1,0.7200,7,39
21718,1703920,corner,1,0.7200,7,40
21719,1704001,corner,0,0.7100,7,41
21720,1704076,corner,1,0.7200,7,42
21721,1704250,corner,0,0.7100,7,43
21722,1704342,corner,1,0.7100,7,44
21723,1704422,corner,1,0.7100,7,45
21724,1704498,corner,1,0.7200,7,46
21725,1704543,corner,0,0.7200,7,47
21726,1704637,corner,1,0.7300,7,48
21727,1704840,corner,0,0.7300,7,49
21728,1704923,corner,0,0.7200,7,50
21729,1704985,corner,1,0.7300,7,51
21730,1705079,corner,1,0.7300,7,52
21731,1705147,corner,1,0.7300,7,53
21732,1705216,corner,0,0.7300,7,54
21733,1705298,corner,0,0.7200,7,55
21734,1705358,corner,0,0.7200,7,56
21735,1705431,corner,1,0.7300,7,57
21736,1705485,corner,0,0.7200,7,58
21737,1705537,corner,0,0.7100,7,59
21738,1705618,corner,0,0.7000,7,60
21739,1705710,corner,1,0.7000,7,61
21740,1705830,corner,1,0.7000,7,62
21741,1705912,corner,0,0.6900,7,63
21742,1705969,corner,0,0.6800,7,64
21743,1706064,corner,1,0.6900,7,65
21744,1706150,corner,1,0.6900,7,66
21745,1706252,corner,1,0.6900,7,67
21746,1706411,corner,1,0.6900,7,68
21747,1706505,corner,1,0.6900,7,69
21748,1706586,corner,1,0.6900,7,70
21749,1706664,corner,1,0.6900,7,71
21750,1706753,corner,1,0.7000,7,72
21751,1706805,corner,0,0.6900,7,73
21752,1706878,corner,1,0.7000,7,74
21753,1707113,corner,1,0.7000,7,75
21754,1707245,corner,0,0.6900,7,76
21755,1707327,corner,0,0.6800,7,77
21756,1707411,corner,1,0.6900,7,78
21757,1707516,corner,0,0.6800,7,79
21758,1707559,corner,0,0.6700,7,80
21759,1707650,corner,0,0.6600,7,81
21760,1707746,corner,1,0.6700,7,82
21761,1707820,corner,1,0.6800,7,83
21762,1707869,corner,0,0.6800,7,84
21763,1707923,corner,0,0.6700,7,85
21764,1708006,corner,1,0.6700,7,86
21765,1708087,corner,0,0.6600,7,87
21766,1708231,corner,1,0.6600,7,88
21767,1708281,corner,0,0.6500,7,89
21768,1708330,corner,0,0.6400,7,90
21769,1708404,corner,1,0.6400,7,91
21770,1708479,corner,1,0.6400,7,92
21771,1708569,corner,1,0.6400,7,93
21772,1708634,corner,0,0.6300,7,94
21773,1708718,corner,1,0.6300,7,95
21774,1708835,corner,1,0.6300,7,96
21775,1708916,corner,0,0.6200,7,97
21776,1709072,corner,0,0.6100,7,98
21777,1709120,corner,0,0.6000,7,99
21778,1709170,corner,0,0.5900,7,100
21779,1709252,corner,1,0.5900,7,101
21780,1709341,corner,1,0.5900,7,102
21781,1709425,corner,1,0.5900,7,103
21782,1709498,corner,1,0.5900,7,104
21783,1709545,corner,0,0.5900,7,105
21784,1709652,corner,0,0.5900,7,106
21785,1709736,corner,1,0.5900,7,107
21786,1709781,corner,0,0.5800,7,108
21787,1709857,corner,1,0.5800,7,109
21788,1709998,corner,0,0.5700,7,110
21789,1710085,corner,0,0.5700,7,111
21790,1710186,corner,1,0.5700,7,112
21791,1710265,corner,1,0.5700,7,113
21792,1710337,corner,1,0.5700,7,114
21793,1710400,corner,1,0.5700,7,115
21794,1710480,corner,1,0.5800,7,116
21795,1710556,corner,1,0.5800,7,117
21796,1710614,corner,1,0.5800,7,118
21797,1710711,corner,1,0.5800,7,119
21798,1710796,corner,1,0.5900,7,120
21799,1710892,corner,1,0.6000,7,121
21800,1710978,corner,1,0.6000,7,122
21801,1711082,corner,1,0.6000,7,123
21802,1711171,corner,1,0.6000,7,124
21803,1711217,corner,0,0.6000,7,125
21804,1711333,corner,1,0.6000,7,126
21805,1711411,corner,1,0.6100,7,127
21806,1711507,corner,1,0.6100,7,128
21807,1711551,corner,0,0.6000,7,129
21808,1711648,corner,0,0.6000,7,130
21809,1711699,corner,0,0.5900,7,131
21810,1711787,corner,1,0.5900,7,132
21811,1711849,corner,0,0.5900,7,133
21812,1711933,corner,0,0.5800,7,134
21813,1712077,corner,0,0.5700,7,135
21814,1712190,corner,1,0.5700,7,136
21815,1712241,corner,0,0.5700,7,137
21816,1712371,corner,0,0.5700,7,138
21817,1712454,corner,1,0.5700,7,139
21818,1712519,corner,0,0.5600,7,140
21819,1712600,corner,0,0.5600,7,141
21820,1712682,corner,0,0.5500,7,142
21821,1712767,corner,1,0.5600,7,143
21822,1712815,corner,0,0.5500,7,144
21823,1712887,corner,1,0.5500,7,145
21824,1713024,corner,1,0.5500,7,146
21825,1713134,corner,1,0.5600,7,147
21826,1713312,corner,1,0.5600,7,148
21827,1713358,corner,0,0.5600,7,149
21828,1713424,corner,1,0.5700,7,150
21829,1713554,corner,1,0.5700,7,151
21830,1713618,corner,1,0.5700,7,152
21831,1713687,corner,1,0.5700,7,153
21832,1713775,corner,1,0.5800,7,154
21833,1713860,corner,0,0.5800,7,155
21834,1713950,corner,1,0.5900,7,156
21835,1714021,corner,1,0.5900,7,157
21836,1714076,corner,0,0.5900,7,158
21837,1714134,corner,0,0.5900,7,159
21838,1714224,corner,0,0.5900,7,160
21839,1714302,corner,1,0.5900,7,161
21840,1714436,corner,0,0.5800,7,162
21841,1714600,corner,1,0.5900,7,163
21842,1714679,corner,1,0.6000,7,164
21843,1714773,corner,1,0.6000,7,165
21844,1714924,corner,1,0.6000,7,166
21845,1714980,corner,1,0.6000,7,167
21846,1715182,corner,1,0.6000,7,168
21847,1715265,corner,1,0.6000,7,169
21848,1715397,corner,1,0.6000,7,170
21849,1715467,corner,1,0.6000,7,171
21850,1715556,corner,0,0.5900,7,172
21851,1715657,corner,1,0.6000,7,173
21852,1715743,corner,0,0.5900,7,174
21853,1715854,corner,1,0.5900,7,175
21854,1715955,corner,1,0.6000,7,176
21855,1716071,corner,0,0.6000,7,177
21856,1716153,corner,0,0.5900,7,178
21857,1716279,corner,1,0.6000,7,179
21858,1716362,corner,1,0.6100,7,180
21859,1716472,corner,1,0.6200,7,181
21860,1716557,corner,0,0.6100,7,182
21861,1716652,corner,1,0.6100,7,183
21862,1716738,corner,1,0.6200,7,184
21863,1717027,corner,0,0.6200,7,185
21864,1717101,corner,1,0.6200,7,186
21865,1717180,corner,1,0.6300,7,187
21866,1717284,corner,1,0.6300,7,188
21867,1717329,corner,0,0.6300,7,189
21868,1717509,corner,1,0.6400,7,190
21869,1717663,corner,1,0.6400,7,191
21870,1717748,corner,0,0.6300,7,192
21871,1717835,corner,1,0.6300,7,193
21872,1717919,corner,1,0.6400,7,194
21873,1718001,corner,1,0.6400,7,195
21874,1718111,corner,1,0.6400,7,196
21875,1718209,corner,1,0.6500,7,197
21876,1718325,corner,1,0.6600,7,198
21877,1718376,corner,0,0.6600,7,199
21878,1718598,corner,1,0.6700,7,200
21879,1718683,corner,1,0.6700,7,201
21880,1718767,corner,1,0.6700,7,202
21881,1718848,corner,0,0.6600,7,203
21882,1718928,corner,1,0.6600,7,204
21883,1718978,corner,0,0.6600,7,205
21884,1719062,corner,1,0.6700,7,206
21885,1719140,corner,1,0.6700,7,207
21886,1719215,corner,1,0.6800,7,208
21887,1719311,corner,0,0.6700,7,209
21888,1719392,corner,0,0.6700,7,210
21889,1719458,corner,1,0.6800,7,211
21890,1719542,corner,0,0.6700,7,212
21891,1719659,corner,1,0.6700,7,213
21892,1719737,corner,1,0.6700,7,214
21893,1719794,corner,1,0.6700,7,215
21894,1719989,corner,0,0.6600,7,216
21895,1720071,corner,1,0.6600,7,217
21896,1720162,corner,1,0.6600,7,218
21897,1720246,corner,1,0.6600,7,219
21898,1720404,corner,1,0.6600,7,220
21899,1720488,corner,1,0.6600,7,221
21900,1720583,corner,1,0.6600,7,222
21901,1720630,corner,0,0.6500,7,223
21902,1720907,corner,0,0.6400,7,224
21903,1720978,corner,1,0.6500,7,225
21904,1721188,corner,1,0.6500,7,226
21905,1721295,corner,1,0.6500,7,227
21906,1721404,corner,0,0.6400,7,228
21907,1721637,corner,1,0.6500,7,229
21908,1721718,corner,0,0.6500,7,230
21909,1721801,corner,0,0.6500,7,231
21910,1721891,corner,0,0.6400,7,232
21911,1721940,corner,0,0.6400,7,233
21912,1722033,corner,1,0.6500,7,234
21913,1722106,corner,1,0.6600,7,235
21914,1722183,corner,1,0.6600,7,236
21915,1722244,corner,1,0.6700,7,237
21916,1722365,corner,1,0.6800,7,238
21917,1722415,corner,0,0.6700,7,239
21918,1722512,corner,1,0.6800,7,240
21919,1722609,corner,1,0.6900,7,241
21920,1722701,corner,1,0.7000,7,242
21921,1722782,corner,0,0.6900,7,243
21922,1722903,corner,0,0.6900,7,244
21923,1723071,corner,0,0.6800,7,245
21924,1723157,corner,1,0.6800,7,246
21925,1723229,corner,1,0.6800,7,247
21926,1723389,corner,1,0.6800,7,248
21927,1723470,corner,0,0.6800,7,249
21928,1723560,corner,1,0.6800,7,250
21929,1723670,corner,1,0.6800,7,251
21930,1723752,corner,1,0.6800,7,252
21931,1723842,corner,1,0.6800,7,253
21932,1723924,corner,1,0.6800,7,254
21933,1724012,corner,1,0.6900,7,255
21934,1724120,corner,1,0.6900,7,256
21935,1724215,corner,1,0.6900,7,257
21936,1724319,corner,1,0.7000,7,258
21937,1724438,corner,1,0.7100,7,259
21938,1724506,corner,1,0.7200,7,260
21939,1724549,corner,0,0.7100,7,261
21940,1724658,corner,1,0.7200,7,262
21941,1724887,corner,1,0.7200,7,263
21942,1724969,corner,0,0.7100,7,264
21943,1725061,corner,1,0.7100,7,265
21944,1725289,corner,1,0.7100,7,266
21945,1725336,corner,0,0.7000,7,267
21946,1725427,corner,1,0.7000,7,268
21947,1725499,corner,0,0.6900,7,269
21948,1725583,corner,0,0.6800,7,270
21949,1725687,corner,0,0.6700,7,271
21950,1725794,corner,1,0.6800,7,272
21951,1725898,corner,1,0.6800,7,273
21952,1726024,corner,1,0.6900,7,274
21953,1726176,corner,1,0.6900,7,275
21954,1726284,corner,1,0.6900,7,276
21955,1726338,corner,0,0.6900,7,277
21956,1726419,corner,0,0.6900,7,278
21957,1726520,corner,1,0.6900,7,279
21958,1726604,corner,1,0.6900,7,280
21959,1726668,corner,1,0.6900,7,281
21960,1726717,corner,0,0.6900,7,282
21961,1726803,corner,1,0.6900,7,283
21962,1726885,corner,0,0.6800,7,284
21963,1726954,corner,1,0.6900,7,285
21964,1727039,corner,0,0.6800,7,286
21965,1727138,corner,0,0.6700,7,287
21966,1727223,corner,1,0.6700,7,288
21967,1727310,corner,1,0.6800,7,289
21968,1727392,corner,0,0.6700,7,290
21969,1727475,corner,1,0.6700,7,291
21970,1727602,corner,1,0.6800,7,292
21971,1727652,corner,0,0.6700,7,293
21972,1727730,corner,1,0.6700,7,294
21973,1727813,corner,1,0.6700,7,295
21974,1727906,corner,1,0.6700,7,296
21975,1728036,corner,1,0.6700,7,297
21976,1728112,corner,1,0.6700,7,298
21977,1728243,corner,1,0.6800,7,299
21978,1728327,corner,1,0.6800,7,300
21979,1728373,corner,0,0.6700,7,301
21980,1728452,corner,1,0.6700,7,302
21981,1728556,corner,1,0.6800,7,303
21982,1728650,corner,1,0.6800,7,304
21983,1728736,corner,1,0.6900,7,305
21984,1728811,corner,1,0.6900,7,306
21985,1728859,corner,0,0.6800,7,307
21986,1728941,corner,0,0.6700,7,308
21987,1729039,corner,1,0.6800,7,309
21988,1729112,corner,1,0.6900,7,310
21989,1729155,corner,0,0.6800,7,311
21990,1729256,corner,1,0.6900,7,312
21991,1729358,corner,1,0.6900,7,313
21992,1729436,corner,1,0.6900,7,314
21993,1729574,corner,0,0.6800,7,315
21994,1729664,corner,1,0.6900,7,316
21995,1729712,corner,0,0.6800,7,317
21996,1729783,corner,1,0.6800,7,318
21997,1729836,corner,0,0.6700,7,319
21998,1729945,corner,1,0.6700,7,320
21999,1730029,corner,1,0.6700,7,321
22000,1730141,corner,0,0.6600,7,322
22001,1730258,corner,1,0.6700,7,323
22002,1730334,corner,1,0.6800,7,324
22003,1730439,corner,1,0.6800,7,325
22004,1730511,corner,1,0.6800,7,326
22005,1730574,corner,1,0.6800,7,327
22006,1730646,corner,1,0.6900,7,328
22007,1730699,corner,0,0.6800,7,329
22008,1730743,corner,0,0.6800,7,330
22009,1730818,corner,1,0.6900,7,331
22010,1730901,corner,1,0.7000,7,332
22011,1730969,corner,1,0.7100,7,333
22012,1731045,corner,1,0.7100,7,334
22013,1731130,corner,1,0.7100,7,335
22014,1731264,corner,1,0.7100,7,336
22015,1731349,corner,1,0.7100,7,337
22016,1731420,corner,1,0.7100,7,338
22017,1731502,corner,0,0.7100,7,339
22018,1731549,corner,0,0.7000,7,340
22019,1731660,corner,1,0.7000,7,341
22020,1731749,corner,1,0.7000,7,342
22021,1731860,corner,1,0.7100,7,343
22022,1731971,corner,1,0.7200,7,344
22023,1732060,corner,1,0.7300,7,345
22024,1732230,corner,0,0.7200,7,346
22025,1732342,corner,1,0.7200,7,347
22026,1732518,corner,1,0.7200,7,348
22027,1732608,corner,0,0.7200,7,349
22028,1732682,corner,1,0.7200,7,350
22029,1732758,corner,1,0.7200,7,351
22030,1732862,corner,1,0.7200,7,352
22031,1732929,corner,1,0.7200,7,353
22032,1733032,corner,1,0.7200,7,354
22033,1733147,corner,1,0.7200,7,355
22034,1733218,corner,1,0.7200,7,356
22035,1733404,corner,0,0.7100,7,357
22036,1733477,corner,1,0.7100,7,358
22037,1733596,corner,0,0.7000,7,359
22038,1733641,corner,0,0.6900,7,360
22039,1733743,corner,0,0.6900,7,361
22040,1733812,corner,1,0.6900,7,362
22041,1733894,corner,0,0.6800,7,363
22042,1733965,corner,1,0.6900,7,364
22043,1734055,corner,1,0.6900,7,365
22044,1734100,corner,0,0.6800,7,366
22045,1734182,corner,0,0.6800,7,367
22046,1734275,corner,1,0.6800,7,368
22047,1734355,corner,1,0.6900,7,369
22048,1734458,corner,1,0.7000,7,370
22049,1734502,corner,0,0.7000,7,371
22050,1734598,corner,1,0.7000,7,372
22051,1734670,corner,1,0.7000,7,373
22052,1734748,corner,1,0.7000,7,374
22053,1734866,corner,1,0.7000,7,375
22054,1734935,corner,1,0.7000,7,376
22055,1735038,corner,0,0.7000,7,377
22056,1735121,corner,1,0.7100,7,378
22057,1735200,corner,1,0.7100,7,379
22058,1735312,corner,0,0.7000,7,380
22059,1735367,corner,0,0.6900,7,381
22060,1735434,corner,1,0.7000,7,382
22061,1735515,corner,1,0.7000,7,383
22062,1735596,corner,0,0.7000,7,384
22063,1735696,corner,1,0.7000,7,385
22064,1735755,corner,0,0.7000,7,386
22065,1735841,corner,0,0.7000,7,387
22066,1735923,corner,0,0.6900,7,388
22067,1735993,corner,1,0.6900,7,389
22068,1736048,corner,0,0.6900,7,390
22069,1736212,corner,0,0.6800,7,391
22070,1736335,corner,1,0.6800,7,392
22071,1736415,corner,1,0.6900,7,393
22072,1736462,corner,0,0.6800,7,394
22073,1736553,corner,1,0.6800,7,395
22074,1736601,corner,0,0.6700,7,396
22075,1736666,corner,1,0.6700,7,397
22076,1736711,corner,0,0.6600,7,398
22077,1736835,corner,0,0.6500,7,399
22078,1736910,corner,1,0.6500,7,400
22079,1737036,corner,0,0.6500,7,401
22080,1737127,corner,1,0.6500,7,402
22081,1737201,corner,1,0.6500,7,403
22082,1737320,corner,0,0.6400,7,404
22083,1737418,corner,1,0.6400,7,405
22084,1737495,corner,1,0.6400,7,406
22085,1737571,corner,1,0.6500,7,407
22086,1737654,corner,0,0.6500,7,408
22087,1737700,corner,0,0.6400,7,409
22088,1737781,corner,0,0.6300,7,410
22089,1737884,corner,1,0.6400,7,411
22090,1737963,corner,1,0.6400,7,412
22091,1738044,corner,1,0.6400,7,413
22092,1738136,corner,0,0.6300,7,414
22093,1738209,corner,1,0.6400,7,415
22094,1738284,corner,1,0.6400,7,416
22095,1738360,corner,1,0.6500,7,417
22096,1738441,corner,0,0.6400,7,418
22097,1738518,corner,1,0.6500,7,419
22098,1738619,corner,1,0.6500,7,420
22099,1738704,corner,0,0.6400,7,421
22100,1738792,corner,1,0.6500,7,422
22101,1738878,corner,0,0.6400,7,423
22102,1738959,corner,0,0.6300,7,424
22103,1739006,corner,0,0.6200,7,425
22104,1739080,corner,1,0.6200,7,426
22105,1739158,corner,1,0.6200,7,427
22106,1739233,corner,1,0.6200,7,428
22107,1739303,corner,1,0.6300,7,429
22108,1739350,corner,0,0.6300,7,430
22109,1739446,corner,1,0.6300,7,431
22110,1739527,corner,0,0.6200,7,432
22111,1739688,corner,1,0.6200,7,433
22112,1739779,corner,0,0.6100,7,434
22113,1739861,corner,1,0.6100,7,435
22114,1739945,corner,1,0.6100,7,436
22115,1740076,corner,0,0.6000,7,437
22116,1740126,corner,0,0.5900,7,438
22117,1740274,corner,0,0.5900,7,439
22118,1740362,corner,1,0.6000,7,440
22119,1740440,corner,1,0.6000,7,441
22120,1740543,corner,1,0.6000,7,442
22121,1740614,corner,1,0.6000,7,443
22122,1740752,corner,0,0.5900,7,444
22123,1740836,corner,0,0.5800,7,445
22124,1740921,corner,1,0.5900,7,446
22125,1741015,corner,1,0.5900,7,447
22126,1741096,corner,1,0.5900,7,448
22127,1741176,corner,1,0.6000,7,449
22128,1741259,corner,1,0.6000,7,450
22129,1741345,corner,1,0.6000,7,451
22130,1741421,corner,1,0.6000,7,452
22131,1741590,corner,0,0.5900,7,453
22132,1741687,corner,1,0.5900,7,454
22133,1741781,corner,1,0.5900,7,455
22134,1741827,corner,0,0.5800,7,456
22135,1741877,corner,0,0.5800,7,457
22136,1742063,corner,1,0.5800,7,458
22137,1742121,corner,0,0.5800,7,459
22138,1742201,corner,1,0.5900,7,460
22139,1742289,corner,1,0.6000,7,461
22140,1742377,corner,1,0.6000,7,462
22141,1742460,corner,1,0.6100,7,463
22142,1742542,corner,1,0.6100,7,464
22143,1742598,corner,1,0.6100,7,465
22144,1742695,corner,1,0.6200,7,466
22145,1742774,corner,1,0.6300,7,467
22146,1742829,corner,0,0.6200,7,468
22147,1742905,corner,1,0.6200,7,469
22148,1742985,corner,1,0.6200,7,470
22149,1743035,corner,0,0.6200,7,471
22150,1743126,corner,1,0.6200,7,472
22151,1743171,corner,0,0.6100,7,473
22152,1743215,corner,0,0.6000,7,474
22153,1743259,corner,0,0.5900,7,475
22154,1743416,corner,1,0.5900,7,476
22155,1743498,corner,0,0.5900,7,477
22156,1743562,corner,1,0.5900,7,478
22157,1743645,corner,1,0.5900,7,479
22158,1743707,corner,1,0.6000,7,480
22159,1743794,corner,0,0.6000,7,481
22160,1743875,corner,0,0.5900,7,482
22161,1743958,corner,0,0.5800,7,483
22162,1744051,corner,0,0.5800,7,484
22163,1744136,corner,0,0.5700,7,485
22164,1744236,corner,1,0.5800,7,486
22165,1744319,corner,1,0.5900,7,487
22166,1744389,corner,1,0.6000,7,488
22167,1744470,corner,0,0.5900,7,489
22168,1744517,corner,0,0.5900,7,490
22169,1744627,corner,0,0.5900,7,491
22170,1744788,corner,1,0.5900,7,492
22171,1744962,corner,0,0.5800,7,493
22172,1745059,corner,1,0.5900,7,494
22173,1745150,corner,1,0.5900,7,495
22174,1745222,corner,1,0.6000,7,496
22175,1745301,corner,1,0.6000,7,497
22176,1745439,corner,0,0.6000,7,498
22177,1745520,corner,0,0.6000,7,499
22178,1745603,corner,0,0.5900,7,500
22179,1745714,corner,1,0.6000,7,501
22180,1745797,corner,1,0.6000,7,502
22181,1745872,corner,1,0.6000,7,503
22182,1745958,corner,1,0.6100,7,504
22183,1746037,corner,1,0.6100,7,505
22184,1746115,corner,1,0.6100,7,506
22185,1746275,corner,1,0.6100,7,507
22186,1746404,corner,1,0.6200,7,508
22187,1746451,corner,0,0.6200,7,509
22188,1746530,corner,1,0.6300,7,510
22189,1746594,corner,0,0.6200,7,511
22190,1746676,corner,1,0.6200,7,512
22191,1746758,corner,0,0.6100,7,513
22192,1746912,corner,1,0.6200,7,514
22193,1746987,corner,1,0.6200,7,515
22194,1747163,corner,1,0.6200,7,516
22195,1747322,corner,0,0.6100,7,517
22196,1747413,corner,1,0.6200,7,518
22197,1747461,corner,0,0.6100,7,519
22198,1747610,corner,1,0.6100,7,520
22199,1747663,corner,0,0.6100,7,521
22200,1747771,corner,1,0.6100,7,522
22201,1747843,corner,1,0.6200,7,523
22202,1747965,corner,1,0.6300,7,524
22203,1748064,corner,1,0.6400,7,525
22204,1748145,corner,0,0.6300,7,526
22205,1748228,corner,0,0.6200,7,527
22206,1748283,corner,0,0.6100,7,528
22207,1748364,corner,0,0.6000,7,529
22208,1748459,corner,1,0.6100,7,530
22209,1748533,corner,1,0.6100,7,531
22210,1748608,corner,1,0.6200,7,532
22211,1748719,corner,1,0.6200,7,533
22212,1748802,corner,0,0.6200,7,534
22213,1748886,corner,0,0.6100,7,535
22214,1748967,corner,0,0.6000,7,536
22215,1749100,corner,0,0.6000,7,537
22216,1749162,corner,1,0.6100,7,538
22217,1749272,corner,1,0.6200,7,539
22218,1749355,corner,1,0.6200,7,540
22219,1749479,corner,0,0.6100,7,541
22220,1749563,corner,1,0.6100,7,542
22221,1749658,corner,1,0.6100,7,543
22222,1749705,corner,0,0.6100,7,544
22223,1749778,corner,1,0.6200,7,545
22224,1749854,corner,1,0.6200,7,546
22225,1749940,corner,0,0.6100,7,547
22226,1750014,corner,1,0.6100,7,548
22227,1750320,corner,1,0.6100,7,549
22228,1750402,corner,0,0.6000,7,550
22229,1750608,corner,1,0.6000,7,551
22230,1750663,corner,0,0.5900,7,552
22231,1750750,corner,1,0.6000,7,553
22232,1750802,corner,0,0.5900,7,554
22233,1750882,corner,1,0.5900,7,555
22234,1750999,corner,1,0.6000,7,556
22235,1751069,corner,0,0.6000,7,557
22236,1751134,corner,1,0.6000,7,558
22237,1751188,corner,1,0.6100,7,559
22238,1751245,corner,0,0.6000,7,560
22239,1751326,corner,1,0.6000,7,561
22240,1751407,corner,1,0.6000,7,562
22241,1751468,corner,1,0.6000,7,563
22242,1751549,corner,1,0.6000,7,564
22243,1751632,corner,0,0.5900,7,565
22244,1751726,corner,1,0.5900,7,566
22245,1751819,corner,1,0.5900,7,567
22246,1751964,corner,1,0.6000,7,568
22247,1752033,corner,1,0.6000,7,569
22248,1752117,corner,1,0.6000,7,570
22249,1752201,corner,0,0.6000,7,571
22250,1752282,corner,0,0.5900,7,572
22251,1752383,corner,1,0.6000,7,573
22252,1752458,corner,1,0.6100,7,574
22253,1752620,corner,1,0.6200,7,575
22254,1752672,corner,0,0.6100,7,576
22255,1752794,corner,0,0.6100,7,577
22256,1752873,corner,1,0.6100,7,578
22257,1753026,corner,1,0.6100,7,579
22258,1753094,corner,0,0.6000,7,580
22259,1753167,corner,1,0.6100,7,581
22260,1753234,corner,1,0.6200,7,582
22261,1753324,corner,1,0.6300,7,583
22262,1753400,corner,1,0.6400,7,584
22263,1753500,corner,1,0.6500,7,585
22264,1753549,corner,0,0.6400,7,586
22265,1753642,corner,1,0.6400,7,587
22266,1753724,corner,0,0.6300,7,588
22267,1753792,corner,1,0.6400,7,589
22268,1753906,corner,1,0.6500,7,590
22269,1754000,corner,0,0.6500,7,591
22270,1754056,corner,0,0.6400,7,592
22271,1754308,corner,1,0.6500,7,593
22272,1754389,corner,0,0.6400,7,594
22273,1754457,corner,1,0.6400,7,595
22274,1754510,corner,0,0.6300,7,596
22275,1754592,corner,0,0.6200,7,597
22276,1754682,corner,1,0.6300,7,598
22277,1754760,corner,1,0.6400,7,599
22278,1754908,corner,1,0.6500,7,600
22279,1754995,corner,1,0.6500,7,601
22280,1755076,corner,1,0.6500,7,602
22281,1755186,corner,1,0.6500,7,603
22282,1755273,corner,1,0.6500,7,604
22283,1755345,corner,1,0.6500,7,605
22284,1755499,corner,1,0.6500,7,606
22285,1755549,corner,0,0.6400,7,607
22286,1755632,corner,0,0.6300,7,608
22287,1755681,corner,0,0.6300,7,609
22288,1755779,corner,1,0.6300,7,610
22289,1755859,corner,1,0.6400,7,611
22290,1755960,corner,1,0.6400,7,612
22291,1756042,corner,0,0.6400,7,613
22292,1756124,corner,0,0.6300,7,614
22293,1756207,corner,0,0.6200,7,615
22294,1756328,corner,1,0.6200,7,616
22295,1756399,corner,1,0.6300,7,617
22296,1756508,corner,1,0.6300,7,618
22297,1756713,corner,1,0.6400,7,619
22298,1756794,corner,0,0.6300,7,620
22299,1756925,corner,0,0.6300,7,621
22300,1757006,corner,1,0.6300,7,622
22301,1757086,corner,1,0.6300,7,623
22302,1757174,corner,1,0.6300,7,624
22303,1757256,corner,1,0.6300,7,625
22304,1757342,corner,1,0.6400,7,626
22305,1757392,corner,0,0.6400,7,627
22306,1757524,corner,1,0.6500,7,628
22307,1757603,corner,1,0.6600,7,629
22308,1757707,corner,1,0.6600,7,630
22309,1757794,corner,1,0.6600,7,631
22310,1757850,corner,1,0.6600,7,632
22311,1757898,corner,0,0.6500,7,633
22312,1757942,corner,0,0.6500,7,634
22313,1757994,corner,0,0.6500,7,635
22314,1758073,corner,1,0.6600,7,636
22315,1758130,corner,0,0.6600,7,637
22316,1758207,corner,1,0.6600,7,638
22317,1758261,corner,0,0.6500,7,639
22318,1758311,corner,0,0.6400,7,640
22319,1758394,corner,1,0.6500,7,641
22320,1758498,corner,1,0.6500,7,642
22321,1758617,corner,1,0.6500,7,643
22322,1758742,corner,1,0.6600,7,644
22323,1758861,corner,1,0.6600,7,645
22324,1758919,corner,1,0.6600,7,646
22325,1759009,corner,0,0.6600,7,647
22326,1759088,corner,1,0.6600,7,648
22327,1759164,corner,1,0.6600,7,649
22328,1759232,corner,0,0.6600,7,650
22329,1759322,corner,1,0.6600,7,651
22330,1759402,corner,1,0.6700,7,652
22331,1759448,corner,0,0.6600,7,653
22332,1759626,corner,1,0.6700,7,654
22333,1759690,corner,0,0.6600,7,655
22334,1759745,corner,0,0.6500,7,656
22335,1759817,corner,1,0.6600,7,657
22336,1759910,corner,1,0.6600,7,658
22337,1759961,corner,0,0.6500,7,659
22338,1760045,corner,1,0.6600,7,660
22339,1760126,corner,0,0.6500,7,661
22340,1760280,corner,1,0.6500,7,662
22341,1760364,corner,1,0.6500,7,663
22342,1760432,corner,1,0.6500,7,664
22343,1760509,corner,1,0.6600,7,665
22344,1760566,corner,0,0.6500,7,666
22345,1760635,corner,1,0.6500,7,667
22346,1760718,corner,0,0.6400,7,668
22347,1760856,corner,0,0.6300,7,669
22348,1760938,corner,0,0.6200,7,670
22349,1761008,corner,1,0.6300,7,671
22350,1761059,corner,0,0.6300,7,672
22351,1761156,corner,0,0.6200,7,673
22352,1761248,corner,1,0.6200,7,674
22353,1761329,corner,0,0.6100,7,675
22354,1761375,corner,0,0.6100,7,676
22355,1761456,corner,0,0.6100,7,677
22356,1761501,corner,1,0.6100,7,678
22357,1761578,corner,1,0.6100,7,679
22358,1761660,corner,1,0.6200,7,680
22359,1761707,corner,0,0.6100,7,681
22360,1761751,corner,0,0.6000,7,682
22361,1761835,corner,0,0.5900,7,683
22362,1761941,corner,1,0.5900,7,684
22363,1762012,corner,1,0.5900,7,685
22364,1762094,corner,1,0.6000,7,686
22365,1762205,corner,1,0.6000,7,687
22366,1762313,corner,1,0.6100,7,688
22367,1762364,corner,0,0.6000,7,689
22368,1762515,corner,0,0.5900,7,690
22369,1762641,corner,0,0.5900,7,691
22370,1762722,corner,0,0.5900,7,692
22371,1762871,corner,1,0.5900,7,693
22372,1762957,corner,1,0.6000,7,694
22373,1763033,corner,1,0.6000,7,695
22374,1763086,corner,0,0.6000,7,696
22375,1763195,corner,1,0.6100,7,697
22376,1763273,corner,1,0.6100,7,698
22377,1763326,corner,0,0.6000,7,699
22378,1763406,corner,1,0.6000,7,700
22379,1763506,corner,1,0.6000,7,701
22380,1763683,corner,1,0.6000,7,702
22381,1763738,corner,0,0.5900,7,703
22382,1763816,corner,1,0.5900,7,704
22383,1763908,corner,1,0.5900,7,705
22384,1764012,corner,1,0.5900,7,706
22385,1764081,corner,1,0.6000,7,707
22386,1764201,corner,1,0.6100,7,708
22387,1764325,corner,1,0.6200,7,709
22388,1764406,corner,0,0.6100,7,710
22389,1764475,corner,1,0.6100,7,711
22390,1764556,corner,0,0.6000,7,712
22391,1764607,corner,0,0.6000,7,713
22392,1764690,corner,1,0.6100,7,714
22393,1764776,corner,1,0.6200,7,715
22394,1765088,corner,0,0.6100,7,716
22395,1765198,corner,1,0.6100,7,717
22396,1765255,corner,0,0.6000,7,718
22397,1765347,corner,1,0.6000,7,719
22398,1765429,corner,0,0.6000,7,720
22399,1765504,corner,1,0.6100,7,721
22400,1765578,corner,1,0.6100,7,722
22401,1765626,corner,0,0.6000,7,723
22402,1765716,corner,0,0.5900,7,724
22403,1765834,corner,1,0.5900,7,725
22404,1765916,corner,0,0.5800,7,726
22405,1766007,corner,1,0.5900,7,727
22406,1766178,corner,1,0.5900,7,728
22407,1766265,corner,1,0.5900,7,729
22408,1766386,corner,1,0.5900,7,730
22409,1766478,corner,1,0.5900,7,731
22410,1766531,corner,0,0.5800,7,732
22411,1766664,corner,1,0.5900,7,733
22412,1766770,corner,1,0.6000,7,734
22413,1766854,corner,0,0.6000,7,735
22414,1766922,corner,0,0.5900,7,736
22415,1766990,corner,0,0.5900,7,737
22416,1767071,corner,0,0.5800,7,738
22417,1767155,corner,1,0.5900,7,739
22418,1767243,corner,1,0.6000,7,740
22419,1767317,corner,1,0.6000,7,741
22420,1767396,corner,1,0.6000,7,742
22421,1767495,corner,1,0.6000,7,743
22422,1767588,corner,1,0.6000,7,744
22423,1767704,corner,1,0.6000,7,745
22424,1767811,corner,1,0.6000,7,746
22425,1767895,corner,1,0.6100,7,747
22426,1767945,corner,0,0.6000,7,748
22427,1768024,corner,1,0.6000,7,749
22428,1768108,corner,1,0.6100,7,750
22429,1768157,corner,0,0.6000,7,751
22430,1768206,corner,0,0.5900,7,752
22431,1768284,corner,1,0.6000,7,753
22432,1768368,corner,1,0.6000,7,754
22433,1768448,corner,1,0.6100,7,755
22434,1768493,corner,0,0.6100,7,756
22435,1768651,corner,1,0.6100,7,757
22436,1768724,corner,1,0.6100,7,758
22437,1768784,corner,0,0.6100,7,759
22438,1768840,corner,0,0.6000,7,760
22439,1768951,corner,1,0.6100,7,761
22440,1769055,corner,1,0.6100,7,762
22441,1769139,corner,1,0.6100,7,763
22442,1769207,corner,1,0.6100,7,764
22443,1769304,corner,1,0.6100,7,765
22444,1769385,corner,0,0.6100,7,766
22445,1769467,corner,0,0.6000,7,767
22446,1769513,corner,0,0.6000,7,768
22447,1769597,corner,0,0.6000,7,769
22448,1769679,corner,0,0.6000,7,770
22449,1769760,corner,0,0.5900,7,771
22450,1769842,corner,0,0.5900,7,772
22451,1769921,corner,1,0.6000,7,773
22452,1770000,corner,1,0.6000,7,774
22453,1770084,corner,0,0.6000,7,775
22454,1770178,corner,1,0.6100,7,776
22455,1770270,corner,1,0.6200,7,777
22456,1770351,corner,0,0.6100,7,778
22457,1770527,corner,1,0.6100,7,779
22458,1770645,corner,1,0.6100,7,780
22459,1770726,corner,0,0.6100,7,781
22460,1770807,corner,0,0.6100,7,782
22461,1770892,corner,1,0.6200,7,783
22462,1770977,corner,1,0.6200,7,784
22463,1771060,corner,0,0.6100,7,785
22464,1771147,corner,0,0.6000,7,786
22465,1771279,corner,1,0.6000,7,787
22466,1771430,corner,0,0.5900,7,788
22467,1771544,corner,1,0.6000,7,789
22468,1771625,corner,1,0.6100,7,790
22469,1771706,corner,0,0.6100,7,791
22470,1771787,corner,0,0.6100,7,792
22471,1771836,corner,0,0.6000,7,793
22472,1771940,corner,1,0.6000,7,794
22473,1772103,corner,1,0.6000,7,795
22474,1772212,corner,1,0.6100,7,796
22475,1772296,corner,1,0.6100,7,797
22476,1772377,corner,0,0.6000,7,798
22477,1772450,corner,1,0.6100,7,799
22478,1772573,corner,1,0.6100,7,800
22479,1772685,corner,1,0.6100,7,801
22480,1772766,corner,0,0.6000,7,802
22481,1772849,corner,1,0.6100,7,803
22482,1772950,corner,0,0.6000,7,804
22483,1773029,corner,1,0.6000,7,805
22484,1773078,corner,0,0.5900,7,806
22485,1773289,corner,1,0.5900,7,807
22486,1773381,corner,1,0.5900,7,808
22487,1773472,corner,1,0.5900,7,809
22488,1773519,corner,0,0.5900,7,810
22489,1773600,corner,0,0.5800,7,811
22490,1773691,corner,1,0.5900,7,812
22491,1773743,corner,0,0.5900,7,813
22492,1773790,corner,0,0.5800,7,814
22493,1774007,corner,0,0.5700,7,815
22494,1774055,corner,0,0.5700,7,816
22495,1774195,corner,0,0.5600,7,817
22496,1774276,corner,0,0.5600,7,818
22497,1774394,corner,1,0.5600,7,819
22498,1774471,corner,1,0.5700,7,820
22499,1774552,corner,0,0.5600,7,821
22500,1774630,corner,1,0.5600,7,822
22501,1774716,corner,1,0.5700,7,823
22502,1774785,corner,0,0.5700,7,824
22503,1774954,corner,1,0.5700,7,825
22504,1775047,corner,1,0.5800,7,826
22505,1775125,corner,1,0.5800,7,827
22506,1775233,corner,0,0.5700,7,828
22507,1775338,corner,1,0.5700,7,829
22508,1775469,corner,1,0.5700,7,830
22509,1775524,corner,0,0.5600,7,831
22510,1775606,corner,0,0.5600,7,832
22511,1775688,corner,0,0.5500,7,833
22512,1775802,corner,1,0.5500,7,834
22513,1775886,corner,0,0.5500,7,835
22514,1776019,corner,0,0.5500,7,836
22515,1776243,corner,1,0.5600,7,837
22516,1776383,corner,0,0.5600,7,838
22517,1776508,corner,1,0.5600,7,839
22518,1776607,corner,0,0.5500,7,840
22519,1776771,corner,1,0.5500,7,841
22520,1776909,corner,0,0.5400,7,842
22521,1776987,corner,1,0.5400,7,843
22522,1777041,corner,0,0.5300,7,844
22523,1777099,corner,1,0.5300,7,845
22524,1777172,corner,1,0.5300,7,846
22525,1777289,corner,1,0.5300,7,847
22526,1777337,corner,0,0.5300,7,848
22527,1777442,corner,1,0.5300,7,849
22528,1777526,corner,0,0.5200,7,850
22529,1777603,corner,1,0.5300,7,851
22530,1777685,corner,0,0.5300,7,852
22531,1777834,corner,1,0.5300,7,853
22532,1777904,corner,1,0.5300,7,854
22533,1777987,corner,1,0.5300,7,855
22534,1778056,corner,1,0.5400,7,856
22535,1778106,corner,0,0.5300,7,857
22536,1778235,corner,1,0.5300,7,858
22537,1778389,corner,1,0.5400,7,859
22538,1778474,corner,1,0.5500,7,860
22539,1778668,corner,1,0.5500,7,861
22540,1778836,corner,1,0.5500,7,862
22541,1778935,corner,1,0.5500,7,863
22542,1779017,corner,1,0.5500,7,864
22543,1779085,corner,0,0.5400,7,865
22544,1779166,corner,1,0.5500,7,866
22545,1779215,corner,0,0.5500,7,867
22546,1779299,corner,1,0.5600,7,868
22547,1779347,corner,0,0.5600,7,869
22548,1779431,corner,1,0.5700,7,870
22549,1779479,corner,0,0.5700,7,871
22550,1779746,corner,1,0.5800,7,872
22551,1779839,corner,1,0.5800,7,873
22552,1779903,corner,1,0.5800,7,874
22553,1780132,corner,1,0.5900,7,875
22554,1780189,corner,0,0.5800,7,876
22555,1780285,corner,1,0.5800,7,877
22556,1780330,corner,0,0.5800,7,878
22557,1780468,corner,0,0.5700,7,879
22558,1780658,corner,1,0.5700,7,880
22559,1780707,corner,0,0.5700,7,881
22560,1780788,corner,0,0.5700,7,882
22561,1780873,corner,1,0.5700,7,883
22562,1780959,corner,1,0.5700,7,884
22563,1781091,corner,1,0.5800,7,885
22564,1781182,corner,1,0.5900,7,886
22565,1781263,corner,0,0.5800,7,887
22566,1781423,corner,1,0.5900,7,888
22567,1781470,corner,0,0.5800,7,889
22568,1781542,corner,0,0.5700,7,890
22569,1781596,corner,1,0.5800,7,891
22570,1781688,corner,1,0.5900,7,892
22571,1781731,corner,0,0.5900,7,893
22572,1781805,corner,1,0.5900,7,894
22573,1781875,corner,0,0.5800,7,895
22574,1782029,corner,1,0.5800,7,896
22575,1782115,corner,0,0.5700,7,897
22576,1782198,corner,1,0.5800,7,898
22577,1782286,corner,1,0.5800,7,899
22578,1782346,corner,0,0.5700,7,900
22579,1782427,corner,0,0.5600,7,901
22580,1782481,corner,0,0.5600,7,902
22581,1782600,corner,0,0.5500,7,903
22582,1782680,corner,1,0.5600,7,904
22583,1782770,corner,1,0.5600,7,905
22584,1782855,corner,1,0.5700,7,906
22585,1782985,corner,0,0.5600,7,907
22586,1783139,corner,1,0.5600,7,908
22587,1783225,corner,1,0.5600,7,909
22588,1783404,corner,1,0.5700,7,910
22589,1783497,corner,1,0.5800,7,911
22590,1783582,corner,1,0.5800,7,912
22591,1783684,corner,1,0.5900,7,913
22592,1783762,corner,1,0.6000,7,914
22593,1783905,corner,1,0.6100,7,915
22594,1783983,corner,1,0.6200,7,916
22595,1784204,corner,0,0.6200,7,917
22596,1784295,corner,1,0.6300,7,918
22597,1784376,corner,1,0.6300,7,919
22598,1784506,corner,0,0.6200,7,920
22599,1784585,corner,1,0.6300,7,921
22600,1784634,corner,0,0.6200,7,922
22601,1784705,corner,0,0.6100,7,923
22602,1784802,corner,1,0.6200,7,924
22603,1784866,corner,1,0.6200,7,925
22604,1784980,corner,0,0.6100,7,926
22605,1785064,corner,1,0.6100,7,927
22606,1785114,corner,0,0.6100,7,928
22607,1785262,corner,0,0.6000,7,929
22608,1785416,corner,1,0.6000,7,930
22609,1785486,corner,1,0.6100,7,931
22610,1785573,corner,1,0.6200,7,932
22611,1785649,corner,1,0.6300,7,933
22612,1785730,corner,0,0.6200,7,934
22613,1785814,corner,1,0.6300,7,935
22614,1785887,corner,1,0.6400,7,936
22615,1785973,corner,1,0.6400,7,937
22616,1786165,corner,1,0.6500,7,938
22617,1786215,corner,1,0.6500,7,939
22618,1786333,corner,1,0.6600,7,940
22619,1786418,corner,1,0.6600,7,941
22620,1786625,corner,0,0.6600,7,942
22621,1786695,corner,1,0.6600,7,943
22622,1786786,corner,1,0.6700,7,944
22623,1786867,corner,1,0.6700,7,945
22624,1786945,corner,1,0.6700,7,946
22625,1786993,corner,0,0.6600,7,947
22626,1787040,corner,0,0.6600,7,948
22627,1787125,corner,1,0.6600,7,949
22628,1787176,corner,1,0.6700,7,950
22629,1787280,corner,1,0.6700,7,951
22630,1787367,corner,0,0.6700,7,952
22631,1787478,corner,0,0.6600,7,953
22632,1787610,corner,0,0.6500,7,954
22633,1787700,corner,1,0.6500,7,955
22634,1787949,corner,1,0.6500,7,956
22635,1788032,corner,0,0.6500,7,957
22636,1788119,corner,1,0.6500,7,958
22637,1788198,corner,1,0.6500,7,959
22638,1788243,corner,0,0.6400,7,960
22639,1788552,corner,1,0.6400,7,961
22640,1788599,corner,0,0.6300,7,962
22641,1788680,corner,0,0.6200,7,963
22642,1788729,corner,0,0.6100,7,964
22643,1788814,corner,1,0.6200,7,965
22644,1788896,corner,1,0.6200,7,966
22645,1788945,corner,0,0.6200,7,967
22646,1789017,corner,0,0.6100,7,968
22647,1789070,corner,0,0.6100,7,969
22648,1789151,corner,0,0.6000,7,970
22649,1789263,corner,1,0.6100,7,971
22650,1789442,corner,1,0.6100,7,972
22651,1789688,corner,1,0.6100,7,973
22652,1789733,corner,0,0.6000,7,974
22653,1789902,corner,1,0.6000,7,975
22654,1789992,corner,1,0.6100,7,976
22655,1790073,corner,0,0.6000,7,977
22656,1790150,corner,1,0.6100,7,978
22657,1790231,corner,0,0.6100,7,979
22658,1790312,corner,0,0.6000,7,980
22659,1790384,corner,1,0.6100,7,981
22660,1790455,corner,0,0.6100,7,982
22661,1790540,corner,1,0.6100,7,983
22662,1790636,corner,1,0.6100,7,984
22663,1790766,corner,0,0.6000,7,985
22664,1790847,corner,0,0.5900,7,986
22665,1790948,corner,0,0.5900,7,987
22666,1791036,corner,1,0.5900,7,988
22667,1791083,corner,0,0.5900,7,989
22668,1791171,corner,1,0.6000,7,990
22669,1791338,corner,1,0.6000,7,991
22670,1791389,corner,0,0.5900,7,992
22671,1791471,corner,0,0.5900,7,993
22672,1791518,corner,0,0.5800,7,994
22673,1791605,corner,1,0.5900,7,995
22674,1791686,corner,1,0.5900,7,996
22675,1791733,corner,0,0.5900,7,997
22676,1791794,corner,1,0.5900,7,998
22677,1791898,corner,1,0.5900,7,999
22678,1792005,corner,1,0.6000,7,1000
22679,1792152,corner,0,0.6000,7,1001
22680,1792239,corner,0,0.6000,7,1002
22681,1792322,corner,1,0.6100,7,1003
22682,1792408,corner,1,0.6100,7,1004
22683,1792570,corner,1,0.6100,7,1005
22684,1792756,corner,0,0.6000,7,1006
22685,1792810,corner,0,0.6000,7,1007
22686,1792924,corner,1,0.6000,7,1008
22687,1793097,corner,1,0.6000,7,1009
22688,1793178,corner,0,0.5900,7,1010
22689,1793226,corner,0,0.5800,7,1011
22690,1793309,corner,1,0.5800,7,1012
22691,1793380,corner,1,0.5800,7,1013
22692,1793446,corner,0,0.5700,7,1014
22693,1793496,corner,0,0.5600,7,1015
22694,1793577,corner,0,0.5500,7,1016
22695,1793626,corner,0,0.5500,7,1017
22696,1793707,corner,1,0.5500,7,1018
22697,1793760,corner,0,0.5400,7,1019
22698,1793843,corner,0,0.5400,7,1020
22699,1793911,corner,1,0.5400,7,1021
22700,1793991,corner,1,0.5500,7,1022
22701,1794038,corner,0,0.5500,7,1023
22702,1794119,corner,0,0.5400,7,1024
22703,1794195,corner,1,0.5400,7,1025
22704,1794280,corner,0,0.5400,7,1026
22705,1794338,corner,0,0.5300,7,1027
22706,1794421,corner,0,0.5300,7,1028
22707,1794615,corner,0,0.5300,7,1029
22708,1794723,corner,1,0.5300,7,1030
22709,1794792,corner,0,0.5200,7,1031
22710,1794870,corner,1,0.5200,7,1032
22711,1794917,corner,0,0.5100,7,1033
22712,1795022,corner,1,0.5200,7,1034
22713,1795168,corner,1,0.5200,7,1035
22714,1795250,corner,0,0.5100,7,1036
22715,1795297,corner,0,0.5000,7,1037
22716,1795393,corner,1,0.5000,7,1038
22717,1795439,corner,0,0.4900,7,1039
22718,1795564,corner,1,0.4900,7,1040
22719,1795609,corner,0,0.4800,7,1041
22720,1795654,corner,0,0.4800,7,1042
22721,1795728,corner,1,0.4800,7,1043
22722,1795810,corner,1,0.4800,7,1044
22723,1795887,corner,1,0.4800,7,1045
22724,1795968,corner,0,0.4700,7,1046
22725,1796050,corner,0,0.4700,7,1047
22726,1796131,corner,1,0.4800,7,1048
22727,1796260,corner,0,0.4700,7,1049
22728,1796312,corner,0,0.4600,7,1050
22729,1796357,corner,0,0.4500,7,1051
22730,1796418,corner,0,0.4500,7,1052
22731,1796516,corner,1,0.4600,7,1053
22732,1796641,corner,0,0.4600,7,1054
22733,1796713,corner,1,0.4600,7,1055
22734,1796784,corner,1,0.4600,7,1056
22735,1796871,corner,1,0.4700,7,1057
22736,1796944,corner,0,0.4600,7,1058
22737,1797046,corner,1,0.4600,7,1059
22738,1797142,corner,1,0.4700,7,1060
22739,1797233,corner,1,0.4700,7,1061
22740,1797329,corner,1,0.4800,7,1062
22741,1797511,corner,1,0.4900,7,1063
22742,1797558,corner,0,0.4900,7,1064
22743,1797651,corner,1,0.4900,7,1065
22744,1797755,corner,1,0.4900,7,1066
22745,1797869,corner,1,0.5000,7,1067
22746,1797953,corner,1,0.5100,7,1068
22747,1798091,corner,1,0.5200,7,1069
22748,1798174,corner,1,0.5300,7,1070
22749,1798297,corner,1,0.5300,7,1071
22750,1798373,corner,1,0.5300,7,1072
22751,1798428,corner,0,0.5200,7,1073
22752,1798476,corner,0,0.5200,7,1074
22753,1798595,corner,1,0.5200,7,1075
22754,1798676,corner,0,0.5100,7,1076
22755,1798772,corner,1,0.5200,7,1077
22756,1798823,corner,0,0.5100,7,1078
22757,1798871,corner,0,0.5100,7,1079
22758,1798963,corner,1,0.5200,7,1080
22759,1799077,corner,0,0.5100,7,1081
22760,1799129,corner,0,0.5100,7,1082
22761,1799186,corner,0,0.5000,7,1083
22762,1799278,corner,1,0.5000,7,1084
22763,1799331,corner,0,0.5000,7,1085
22764,1799411,corner,1,0.5100,7,1086
22765,1799495,corner,0,0.5100,7,1087
22766,1799583,corner,1,0.5100,7,1088
22767,1799661,corner,1,0.5200,7,1089
22768,1799796,corner,0,0.5100,7,1090
22769,1799846,corner,0,0.5000,7,1091
22770,1799927,corner,0,0.5000,7,1092
22771,1799990,corner,0,0.5000,7,1093
22772,1800071,corner,0,0.5000,7,1094
22773,1800119,corner,0,0.4900,7,1095
22774,1800287,corner,1,0.4900,7,1096
22775,1800348,corner,0,0.4900,7,1097
22776,1800432,corner,1,0.4900,7,1098
22777,1800517,corner,1,0.4900,7,1099
22778,1800582,corner,0,0.4800,7,1100
22779,1800664,corner,0,0.4800,7,1101
22780,1800746,corner,0,0.4800,7,1102
22781,1800833,corner,1,0.4800,7,1103
22782,1800914,corner,0,0.4700,7,1104
22783,1800959,corner,0,0.4600,7,1105
22784,1801071,corner,1,0.4700,7,1106
22785,1801172,corner,1,0.4800,7,1107
22786,1801255,corner,1,0.4800,7,1108
22787,1801302,corner,0,0.4700,7,1109
22788,1801383,corner,0,0.4700,7,1110
22789,1801471,corner,0,0.4700,7,1111
22790,1801559,corner,1,0.4700,7,1112
22791,1801631,corner,1,0.4700,7,1113
22792,1801754,corner,0,0.4700,7,1114
22793,1801839,corner,1,0.4800,7,1115
22794,1801938,corner,1,0.4900,7,1116
22795,1802013,corner,1,0.5000,7,1117
22796,1802068,corner,0,0.4900,7,1118
22797,1802157,corner,0,0.4900,7,1119
22798,1802227,corner,1,0.5000,7,1120
22799,1802314,corner,1,0.5000,7,1121
22800,1802401,corner,1,0.5000,7,1122
22801,1802463,corner,0,0.5000,7,1123
22802,1802542,corner,1,0.5100,7,1124
22803,1802626,corner,1,0.5100,7,1125
22804,1802713,corner,1,0.5200,7,1126
22805,1802819,corner,1,0.5300,7,1127
22806,1802903,corner,0,0.5300,7,1128
22807,1802998,corner,1,0.5400,7,1129
22808,1803074,corner,1,0.5400,7,1130
22809,1803157,corner,0,0.5400,7,1131
22810,1803238,corner,0,0.5300,7,1132
22811,1803388,corner,1,0.5400,7,1133
22812,1803465,corner,1,0.5400,7,1134
22813,1803615,corner,1,0.5400,7,1135
22814,1803718,corner,1,0.5500,7,1136
22815,1803799,corner,0,0.5500,7,1137
22816,1803891,corner,0,0.5400,7,1138
22817,1803964,corner,1,0.5500,7,1139
22818,1804046,corner,0,0.5400,7,1140
22819,1804111,corner,0,0.5400,7,1141
22820,1804160,corner,1,0.5500,7,1142
22821,1804243,corner,0,0.5400,7,1143
22822,1804419,corner,1,0.5400,7,1144
22823,1804575,corner,0,0.5300,7,1145
22824,1804626,corner,0,0.5300,7,1146
22825,1804711,corner,0,0.5300,7,1147
22826,1804798,corner,1,0.5300,7,1148
22827,1804888,corner,0,0.5300,7,1149
22828,1804994,corner,1,0.5400,7,1150
22829,1805109,corner,1,0.5500,7,1151
22830,1805190,corner,0,0.5500,7,1152
22831,1805317,corner,1,0.5500,7,1153
22832,1805515,corner,0,0.5500,7,1154
22833,1805598,corner,0,0.5400,7,1155
22834,1805760,corner,0,0.5300,7,1156
22835,1805894,corner,1,0.5300,7,1157
22836,1805982,corner,1,0.5400,7,1158
22837,1806040,corner,1,0.5400,7,1159
22838,1806124,corner,1,0.5400,7,1160
22839,1806220,corner,0,0.5300,7,1161
22840,1806295,corner,1,0.5300,7,1162
22841,1806376,corner,0,0.5200,7,1163
22842,1806425,corner,0,0.5200,7,1164
22843,1806538,corner,1,0.5200,7,1165
22844,1806596,corner,0,0.5100,7,1166
22845,1806678,corner,0,0.5000,7,1167
22846,1806769,corner,1,0.5000,7,1168
22847,1806869,corner,1,0.5000,7,1169
22848,1806951,corner,0,0.4900,7,1170
22849,1806997,corner,0,0.4800,7,1171
22850,1807143,corner,0,0.4700,7,1172
22851,1807224,corner,0,0.4700,7,1173
22852,1807274,corner,0,0.4700,7,1174
22853,1807368,corner,1,0.4700,7,1175
22854,1807434,corner,0,0.4700,7,1176
22855,1807482,corner,0,0.4600,7,1177
22856,1807560,corner,1,0.4700,7,1178
22857,1807641,corner,0,0.4700,7,1179
22858,1807696,corner,0,0.4600,7,1180
22859,1807755,corner,0,0.4600,7,1181
22860,1807832,corner,1,0.4700,7,1182
22861,1807911,corner,1,0.4800,7,1183
22862,1807986,corner,1,0.4800,7,1184
22863,1808077,corner,1,0.4900,7,1185
22864,1808168,corner,1,0.4900,7,1186
22865,1808245,corner,1,0.5000,7,1187
22866,1808292,corner,0,0.4900,7,1188
22867,1808396,corner,1,0.4900,7,1189
22868,1808478,corner,1,0.5000,7,1190
22869,1808741,corner,1,0.5100,7,1191
22870,1808791,corner,0,0.5100,7,1192
22871,1808874,corner,0,0.5100,7,1193
22872,1808931,corner,0,0.5100,7,1194
22873,1808987,corner,0,0.5100,7,1195
22874,1809080,corner,1,0.5100,7,1196
22875,1809178,corner,1,0.5200,7,1197
22876,1809263,corner,0,0.5100,7,1198
22877,1809310,corner,0,0.5000,7,1199
22878,1809458,corner,1,0.5100,7,1200
22879,1809558,corner,1,0.5200,7,1201
22880,1809652,corner,1,0.5300,7,1202
22881,1809739,corner,1,0.5300,7,1203
22882,1809964,corner,0,0.5300,7,1204
22883,1810098,corner,1,0.5400,7,1205
22884,1810159,corner,0,0.5300,7,1206
22885,1810239,corner,1,0.5300,7,1207
22886,1810289,corner,0,0.5200,7,1208
22887,1810371,corner,0,0.5200,7,1209
22888,1810452,corner,0,0.5200,7,1210
22889,1810503,corner,0,0.5200,7,1211
22890,1810593,corner,0,0.5100,7,1212
22891,1810640,corner,0,0.5000,7,1213
22892,1810704,corner,0,0.5000,7,1214
22893,1810753,corner,0,0.4900,7,1215
22894,1810839,corner,0,0.4800,7,1216
22895,1810922,corner,0,0.4700,7,1217
22896,1811017,corner,1,0.4800,7,1218
22897,1811100,corner,0,0.4800,7,1219
22898,1811146,corner,0,0.4700,7,1220
22899,1811192,corner,0,0.4600,7,1221
22900,1811237,corner,0,0.4500,7,1222
22901,1811402,corner,1,0.4600,7,1223
22902,1811495,corner,0,0.4500,7,1224
22903,1811578,corner,0,0.4400,7,1225
22904,1811673,corner,0,0.4300,7,1226
22905,1811720,corner,0,0.4200,7,1227
22906,1811801,corner,0,0.4200,7,1228
22907,1811853,corner,0,0.4100,7,1229
22908,1811947,corner,1,0.4100,7,1230
22909,1812068,corner,1,0.4200,7,1231
22910,1812149,corner,0,0.4200,7,1232
22911,1812228,corner,1,0.4200,7,1233
22912,1812310,corner,0,0.4100,7,1234
22913,1812391,corner,0,0.4000,7,1235
22914,1812679,corner,1,0.4000,7,1236
22915,1812761,corner,0,0.4000,7,1237
22916,1812869,corner,1,0.4100,7,1238
22917,1812919,corner,0,0.4000,7,1239
22918,1813082,corner,1,0.4100,7,1240
22919,1813165,corner,0,0.4100,7,1241
22920,1813247,corner,0,0.4000,7,1242
22921,1813331,corner,1,0.4100,7,1243
22922,1813412,corner,0,0.4000,7,1244
22923,1813489,corner,1,0.4100,7,1245
22924,1813570,corner,0,0.4100,7,1246
22925,1813653,corner,0,0.4100,7,1247
22926,1813865,corner,0,0.4000,7,1248
22927,1813915,corner,0,0.4000,7,1249
22928,1814019,corner,1,0.4000,7,1250
22929,1814155,corner,0,0.3900,7,1251
22930,1814359,corner,0,0.3900,7,1252
22931,1814443,corner,0,0.3800,7,1253
22932,1814526,corner,0,0.3800,7,1254
22933,1814691,corner,0,0.3800,7,1255
22934,1814773,corner,0,0.3800,7,1256
22935,1814824,corner,0,0.3700,7,1257
22936,1815113,corner,1,0.3700,7,1258
22937,1815173,corner,0,0.3600,7,1259
22938,1815253,corner,1,0.3600,7,1260
22939,1815301,corner,0,0.3600,7,1261
22940,1815353,corner,0,0.3500,7,1262
22941,1815400,corner,0,0.3500,7,1263
22942,1815521,corner,1,0.3600,7,1264
22943,1815570,corner,0,0.3500,7,1265
22944,1815662,corner,1,0.3600,7,1266
22945,1815743,corner,0,0.3600,7,1267
22946,1815824,corner,0,0.3500,7,1268
22947,1815906,corner,0,0.3400,7,1269
22948,1815957,corner,0,0.3400,7,1270
22949,1816120,corner,0,0.3400,7,1271
22950,1816169,corner,0,0.3400,7,1272
22951,1816216,corner,0,0.3400,7,1273
22952,1816293,corner,1,0.3500,7,1274
22953,1816455,corner,1,0.3500,7,1275
22954,1816506,corner,0,0.3500,7,1276
22955,1816605,corner,1,0.3600,7,1277
22956,1816693,corner,0,0.3500,7,1278
22957,1816749,corner,0,0.3500,7,1279
22958,1816821,corner,1,0.3600,7,1280
22959,1816925,corner,1,0.3700,7,1281
22960,1816976,corner,1,0.3700,7,1282
22961,1817023,corner,0,0.3600,7,1283
22962,1817093,corner,0,0.3500,7,1284
22963,1817202,corner,0,0.3400,7,1285
22964,1817287,corner,1,0.3400,7,1286
22965,1817343,corner,0,0.3300,7,1287
22966,1817422,corner,1,0.3400,7,1288
22967,1817517,corner,1,0.3400,7,1289
22968,1817576,corner,0,0.3300,7,1290
22969,1817634,corner,0,0.3200,7,1291
22970,1817723,corner,1,0.3300,7,1292
22971,1817850,corner,1,0.3400,7,1293
22972,1817947,corner,0,0.3400,7,1294
22973,1818028,corner,0,0.3400,7,1295
22974,1818110,corner,0,0.3300,7,1296
22975,1818157,corner,0,0.3200,7,1297
22976,1818269,corner,1,0.3300,7,1298
22977,1818335,corner,0,0.3300,7,1299
22978,1818463,corner,0,0.3200,7,1300
22979,1818517,corner,0,0.3100,7,1301
22980,1818598,corner,1,0.3100,7,1302
22981,1818699,corner,1,0.3100,7,1303
22982,1818754,corner,0,0.3100,7,1304
22983,1818863,corner,1,0.3100,7,1305
22984,1818944,corner,0,0.3100,7,1306
22985,1819085,corner,0,0.3000,7,1307
22986,1819162,corner,1,0.3100,7,1308
22987,1819243,corner,1,0.3200,7,1309
22988,1819290,corner,0,0.3200,7,1310
22989,1819371,corner,0,0.3200,7,1311
22990,1819499,corner,0,0.3200,7,1312
22991,1819576,corner,1,0.3300,7,1313
22992,1819645,corner,1,0.3400,7,1314
22993,1819735,corner,1,0.3500,7,1315
22994,1819783,corner,0,0.3500,7,1316
22995,1819856,corner,0,0.3500,7,1317
22996,1819937,corner,0,0.3400,7,1318
22997,1820032,corner,1,0.3500,7,1319
22998,1820175,corner,1,0.3600,7,1320
22999,1820256,corner,0,0.3600,7,1321
23000,1820301,corner,0,0.3600,7,1322
23001,1820384,corner,1,0.3600,7,1323
23002,1820472,corner,0,0.3600,7,1324
23003,1820551,corner,1,0.3700,7,1325
23004,1820641,corner,1,0.3800,7,1326
23005,1820797,corner,1,0.3900,7,1327
23006,1820892,corner,1,0.4000,7,1328
23007,1820973,corner,0,0.4000,7,1329
23008,1821059,corner,0,0.3900,7,1330
23009,1821134,corner,1,0.3900,7,1331
23010,1821184,corner,0,0.3900,7,1332
23011,1821235,corner,0,0.3800,7,1333
23012,1821311,corner,1,0.3900,7,1334
23013,1821366,corner,0,0.3900,7,1335
23014,1821447,corner,0,0.3800,7,1336
23015,1821509,corner,0,0.3800,7,1337
23016,1821688,corner,1,0.3800,7,1338
23017,1821782,corner,1,0.3900,7,1339
23018,1821863,corner,0,0.3800,7,1340
23019,1821919,corner,0,0.3800,7,1341
23020,1821964,corner,0,0.3800,7,1342
23021,1822025,corner,0,0.3700,7,1343
23022,1822100,corner,1,0.3800,7,1344
23023,1822204,corner,1,0.3800,7,1345
23024,1822306,corner,1,0.3900,7,1346
23025,1822353,corner,0,0.3900,7,1347
23026,1822451,corner,1,0.4000,7,1348
23027,1822553,corner,1,0.4100,7,1349
23028,1822637,corner,0,0.4000,7,1350
23029,1822722,corner,1,0.4100,7,1351
23030,1822804,corner,0,0.4100,7,1352
23031,1822970,corner,1,0.4200,7,1353
23032,1823025,corner,0,0.4200,7,1354
23033,1823107,corner,0,0.4200,7,1355
23034,1823188,corner,0,0.4200,7,1356
23035,1823245,corner,0,0.4200,7,1357
23036,1823412,corner,1,0.4200,7,1358
23037,1823527,corner,1,0.4300,7,1359
23038,1823612,corner,0,0.4200,7,1360
23039,1823714,corner,1,0.4300,7,1361
23040,1823812,corner,0,0.4300,7,1362
23041,1824040,corner,0,0.4300,7,1363
23042,1824159,corner,1,0.4300,7,1364
23043,1824208,corner,0,0.4300,7,1365
23044,1824297,corner,1,0.4300,7,1366
23045,1824345,corner,0,0.4300,7,1367
23046,1824429,corner,0,0.4300,7,1368
23047,1824511,corner,0,0.4300,7,1369
23048,1824604,corner,1,0.4400,7,1370
23049,1824666,corner,1,0.4500,7,1371
23050,1824747,corner,0,0.4500,7,1372
23051,1824853,corner,1,0.4600,7,1373
23052,1825011,corner,1,0.4600,7,1374
23053,1825093,corner,0,0.4500,7,1375
23054,1825221,corner,1,0.4600,7,1376
23055,1825424,corner,0,0.4500,7,1377
23056,1825483,corner,0,0.4500,7,1378
23057,1825697,corner,0,0.4500,7,1379
23058,1825777,corner,1,0.4500,7,1380
23059,1825854,corner,1,0.4500,7,1381
23060,1825930,corner,1,0.4500,7,1382
23061,1826034,corner,1,0.4600,7,1383
23062,1826186,corner,0,0.4600,7,1384
23063,1826313,corner,0,0.4600,7,1385
23064,1826375,corner,0,0.4500,7,1386
23065,1826433,corner,0,0.4500,7,1387
23066,1826488,corner,0,0.4400,7,1388
23067,1826567,corner,1,0.4400,7,1389
23068,1826650,corner,1,0.4500,7,1390
23069,1826732,corner,0,0.4500,7,1391
23070,1826892,corner,1,0.4500,7,1392
23071,1826974,corner,0,0.4400,7,1393
23072,1827076,corner,1,0.4500,7,1394
23073,1827128,corner,0,0.4500,7,1395
23074,1827236,corner,1,0.4600,7,1396
23075,1827318,corner,1,0.4700,7,1397
23076,1827398,corner,1,0.4700,7,1398
23077,1827449,corner,0,0.4700,7,1399
23078,1827554,corner,1,0.4800,7,1400
23079,1827646,corner,1,0.4900,7,1401
23080,1827728,corner,1,0.4900,7,1402
23081,1827788,corner,0,0.4800,7,1403
23082,1828119,corner,1,0.4900,7,1404
23083,1828247,corner,1,0.4900,7,1405
23084,1828305,corner,0,0.4900,7,1406
23085,1828387,corner,1,0.5000,7,1407
23086,1828560,corner,1,0.5000,7,1408
23087,1828650,corner,1,0.5000,7,1409
23088,1828735,corner,1,0.5100,7,1410
23089,1828816,corner,0,0.5100,7,1411
23090,1829013,corner,1,0.5200,7,1412
23091,1829162,corner,0,0.5100,7,1413
23092,1829243,corner,0,0.5000,7,1414
23093,1829325,corner,0,0.4900,7,1415
23094,1829456,corner,0,0.4900,7,1416
23095,1829542,corner,1,0.5000,7,1417
23096,1829623,corner,0,0.5000,7,1418
23097,1829672,corner,0,0.4900,7,1419
23098,1829753,corner,1,0.4900,7,1420
23099,1829818,corner,0,0.4900,7,1421
23100,1829913,corner,1,0.5000,7,1422
23101,1830000,corner,1,0.5000,7,1423
23102,1830081,corner,1,0.5100,7,1424
23103,1830147,corner,0,0.5000,7,1425
23104,1830225,corner,1,0.5000,7,1426
23105,1830308,corner,1,0.5000,7,1427
23106,1830390,corner,0,0.4900,7,1428
23107,1830442,corner,0,0.4900,7,1429
23108,1830523,corner,0,0.4900,7,1430
23109,1830626,corner,1,0.4900,7,1431
23110,1830714,corner,1,0.5000,7,1432
23111,1830872,corner,1,0.5100,7,1433
23112,1830953,corner,0,0.5000,7,1434
23113,1831019,corner,1,0.5100,7,1435
23114,1831100,corner,0,0.5100,7,1436
23115,1831234,corner,0,0.5100,7,1437
23116,1831316,corner,0,0.5000,7,1438
23117,1831442,corner,0,0.4900,7,1439
23118,1831535,corner,1,0.5000,7,1440
23119,1831607,corner,1,0.5100,7,1441
23120,1831688,corner,0,0.5100,7,1442
23121,1831790,corner,1,0.5200,7,1443
23122,1831869,corner,1,0.5200,7,1444
23123,1831921,corner,0,0.5100,7,1445
23124,1832019,corner,1,0.5100,7,1446
23125,1832095,corner,1,0.5200,7,1447
23126,1832177,corner,0,0.5100,7,1448
23127,1832267,corner,1,0.5100,7,1449
23128,1832321,corner,0,0.5100,7,1450
23129,1832425,corner,1,0.5100,7,1451
23130,1832563,corner,1,0.5200,7,1452
23131,1832647,corner,0,0.5100,7,1453
23132,1832751,corner,1,0.5200,7,1454
23133,1832847,corner,1,0.5300,7,1455
23134,1832939,corner,1,0.5400,7,1456
23135,1833030,corner,1,0.5500,7,1457
23136,1833111,corner,1,0.5500,7,1458
23137,1833253,corner,1,0.5500,7,1459
23138,1833302,corner,0,0.5500,7,1460
23139,1833382,corner,1,0.5500,7,1461
23140,1833443,corner,0,0.5500,7,1462
23141,1833530,corner,1,0.5600,7,1463
23142,1833699,corner,1,0.5600,7,1464
23143,1833784,corner,1,0.5700,7,1465
23144,1833884,corner,1,0.5700,7,1466
23145,1833985,corner,1,0.5800,7,1467
23146,1834029,corner,0,0.5800,7,1468
23147,1834110,corner,0,0.5800,7,1469
23148,1834164,corner,0,0.5700,7,1470
23149,1834255,corner,1,0.5700,7,1471
23150,1834338,corner,0,0.5700,7,1472
23151,1834391,corner,0,0.5600,7,1473
23152,1834492,corner,0,0.5500,7,1474
23153,1834595,corner,0,0.5500,7,1475
23154,1834644,corner,0,0.5400,7,1476
23155,1834721,corner,1,0.5500,7,1477
23156,1834782,corner,0,0.5500,7,1478
23157,1834948,corner,0,0.5500,7,1479
23158,1835037,corner,0,0.5400,7,1480
23159,1835139,corner,0,0.5300,7,1481
23160,1835185,corner,0,0.5200,7,1482
23161,1835367,corner,1,0.5200,7,1483
23162,1835415,corner,0,0.5200,7,1484
23163,1835527,corner,1,0.5300,7,1485
23164,1835592,corner,0,0.5300,7,1486
23165,1835694,corner,1,0.5400,7,1487
23166,1835756,corner,0,0.5400,7,1488
23167,1835887,corner,1,0.5400,7,1489
23168,1835965,corner,1,0.5400,7,1490
23169,1836045,corner,1,0.5500,7,1491
23170,1836107,corner,0,0.5400,7,1492
23171,1836193,corner,0,0.5400,7,1493
23172,1836241,corner,0,0.5300,7,1494
23173,1836328,corner,1,0.5400,7,1495
23174,1836380,corner,0,0.5300,7,1496
23175,1836570,corner,0,0.5200,7,1497
23176,1836643,corner,1,0.5200,7,1498
23177,1836743,corner,1,0.5300,7,1499
23178,1836917,corner,1,0.5300,7,1500
23179,1836964,corner,0,0.5200,7,1501
23180,1837053,corner,1,0.5200,7,1502
23181,1837134,corner,0,0.5200,7,1503
23182,1837322,corner,0,0.5100,7,1504
23183,1837428,corner,1,0.5100,7,1505
23184,1837509,corner,0,0.5100,7,1506
23185,1837590,corner,0,0.5000,7,1507
23186,1837673,corner,0,0.4900,7,1508
23187,1837782,corner,1,0.4900,7,1509
23188,1837875,corner,0,0.4800,7,1510
23189,1837940,corner,1,0.4900,7,1511
23190,1838005,corner,0,0.4800,7,1512
23191,1838086,corner,0,0.4800,7,1513
23192,1838141,corner,1,0.4900,7,1514
23193,1838272,corner,0,0.4900,7,1515
23194,1838356,corner,1,0.5000,7,1516
23195,1838462,corner,1,0.5000,7,1517
23196,1838621,corner,1,0.5100,7,1518
23197,1838704,corner,0,0.5100,7,1519
23198,1838775,corner,1,0.5100,7,1520
23199,1838822,corner,0,0.5100,7,1521
23200,1838924,corner,1,0.5100,7,1522
23201,1838978,corner,0,0.5000,7,1523
23202,1839053,corner,1,0.5000,7,1524
23203,1839134,corner,0,0.5000,7,1525
23204,1839184,corner,0,0.4900,7,1526
23205,1839273,corner,1,0.4900,7,1527
23206,1839355,corner,0,0.4900,7,1528
23207,1839594,corner,1,0.5000,7,1529
23208,1839644,corner,0,0.5000,7,1530
23209,1839701,corner,1,0.5000,7,1531
23210,1839782,corner,0,0.4900,7,1532
23211,1839836,corner,0,0.4800,7,1533
23212,1840065,corner,1,0.4900,7,1534
23213,1840207,corner,0,0.4800,7,1535
23214,1840340,corner,1,0.4900,7,1536
23215,1840510,corner,1,0.5000,7,1537
23216,1840591,corner,0,0.5000,7,1538
23217,1840677,corner,1,0.5100,7,1539
23218,1840730,corner,0,0.5000,7,1540
23219,1840781,corner,0,0.4900,7,1541
23220,1840832,corner,0,0.4900,7,1542
23221,1840905,corner,1,0.4900,7,1543
23222,1841004,corner,0,0.4800,7,1544
23223,1841087,corner,0,0.4800,7,1545
23224,1841173,corner,1,0.4800,7,1546
23225,1841265,corner,1,0.4800,7,1547
23226,1841346,corner,0,0.4800,7,1548
23227,1841429,corner,0,0.4700,7,1549
23228,1841510,corner,0,0.4700,7,1550
23229,1841626,corner,1,0.4700,7,1551
23230,1841673,corner,0,0.4600,7,1552
23231,1841793,corner,1,0.4700,7,1553
23232,1841879,corner,1,0.4700,7,1554
23233,1841924,corner,0,0.4600,7,1555
23234,1842022,corner,1,0.4600,7,1556
23235,1842126,corner,1,0.4600,7,1557
23236,1842176,corner,0,0.4500,7,1558
23237,1842257,corner,0,0.4400,7,1559
23238,1842315,corner,0,0.4400,7,1560
23239,1842373,corner,0,0.4300,7,1561
23240,1842454,corner,0,0.4300,7,1562
23241,1842550,corner,1,0.4300,7,1563
23242,1842607,corner,0,0.4200,7,1564
23243,1842729,corner,1,0.4200,7,1565
23244,1842811,corner,0,0.4100,7,1566
23245,1842904,corner,1,0.4100,7,1567
23246,1842979,corner,1,0.4200,7,1568
23247,1843028,corner,0,0.4200,7,1569
23248,1843109,corner,0,0.4200,7,1570
23249,1843226,corner,1,0.4200,7,1571
23250,1843276,corner,0,0.4200,7,1572
23251,1843357,corner,0,0.4200,7,1573
23252,1843456,corner,0,0.4200,7,1574
23253,1843541,corner,1,0.4300,7,1575
23254,1843631,corner,1,0.4400,7,1576
23255,1843693,corner,0,0.4300,7,1577
23256,1843766,corner,1,0.4400,7,1578
23257,1843909,corner,1,0.4500,7,1579
23258,1843990,corner,0,0.4500,7,1580
23259,1844071,corner,0,0.4500,7,1581
23260,1844144,corner,1,0.4600,7,1582
23261,1844216,corner,1,0.4600,7,1583
23262,1844374,corner,1,0.4700,7,1584
23263,1844455,corner,0,0.4600,7,1585
23264,1844536,corner,0,0.4600,7,1586
23265,1844592,corner,0,0.4500,7,1587
23266,1844689,corner,1,0.4600,7,1588
23267,1844770,corner,0,0.4500,7,1589
23268,1845038,corner,0,0.4400,7,1590
23269,1845095,corner,0,0.4300,7,1591
23270,1845185,corner,1,0.4400,7,1592
23271,1845266,corner,0,0.4400,7,1593
23272,1845355,corner,1,0.4500,7,1594
23273,1845437,corner,0,0.4400,7,1595
23274,1845501,corner,1,0.4500,7,1596
23275,1845550,corner,0,0.4500,7,1597
23276,1845690,corner,1,0.4500,7,1598
23277,1845817,corner,0,0.4400,7,1599
23278,1845898,corner,0,0.4300,7,1600
23279,1845941,corner,0,0.4300,7,1601
23280,1845988,corner,0,0.4200,7,1602
23281,1846034,corner,0,0.4200,7,1603
23282,1846188,corner,1,0.4300,7,1604
23283,1846270,corner,0,0.4200,7,1605
23284,1846317,corner,0,0.4200,7,1606
23285,1846382,corner,0,0.4200,7,1607
23286,1846472,corner,1,0.4300,7,1608
23287,1846553,corner,0,0.4200,7,1609
23288,1846635,corner,1,0.4300,7,1610
23289,1846678,corner,0,0.4200,7,1611
23290,1846727,corner,0,0.4200,7,1612
23291,1846774,corner,0,0.4200,7,1613
23292,1846855,corner,0,0.4100,7,1614
23293,1846902,corner,0,0.4100,7,1615
23294,1846977,corner,1,0.4100,7,1616
23295,1847059,corner,0,0.4000,7,1617
23296,1847140,corner,1,0.4000,7,1618
23297,1847251,corner,1,0.4100,7,1619
23298,1847314,corner,0,0.4000,7,1620
23299,1847397,corner,0,0.4000,7,1621
23300,1847478,corner,0,0.3900,7,1622
23301,1847573,corner,0,0.3900,7,1623
23302,1847621,corner,0,0.3800,7,1624
23303,1847682,corner,0,0.3800,7,1625
23304,1847770,corner,0,0.3800,7,1626
23305,1847853,corner,1,0.3800,7,1627
23306,1847952,corner,0,0.3800,7,1628
23307,1848020,corner,1,0.3800,7,1629
23308,1848102,corner,0,0.3800,7,1630
23309,1848202,corner,1,0.3800,7,1631
23310,1848250,corner,0,0.3800,7,1632
23311,1848375,corner,0,0.3800,7,1633
23312,1848425,corner,0,0.3700,7,1634
23313,1848507,corner,1,0.3800,7,1635
23314,1848675,corner,0,0.3700,7,1636
23315,1849013,corner,1,0.3700,7,1637
23316,1849065,corner,0,0.3700,7,1638
23317,1849148,corner,1,0.3700,7,1639
23318,1849229,corner,0,0.3700,7,1640
23319,1849310,corner,0,0.3700,7,1641
23320,1849394,corner,0,0.3700,7,1642
23321,1849440,corner,0,0.3600,7,1643
23322,1849532,corner,1,0.3700,7,1644
23323,1849676,corner,1,0.3800,7,1645
23324,1849759,corner,0,0.3700,7,1646
23325,1849916,corner,1,0.3700,7,1647
23326,1850062,corner,1,0.3800,7,1648
23327,1850224,corner,1,0.3900,7,1649
23328,1850276,corner,0,0.3900,7,1650
23329,1850370,corner,1,0.3900,7,1651
23330,1850420,corner,0,0.3900,7,1652
23331,1850524,corner,1,0.3900,7,1653
23332,1850628,corner,1,0.3900,7,1654
23333,1850682,corner,0,0.3900,7,1655
23334,1850740,corner,0,0.3800,7,1656
23335,1850819,corner,1,0.3800,7,1657
23336,1850865,corner,0,0.3800,7,1658
23337,1850946,corner,0,0.3800,7,1659
23338,1851054,corner,1,0.3900,7,1660
23339,1851117,corner,0,0.3900,7,1661
23340,1851215,corner,0,0.3900,7,1662
23341,1851297,corner,0,0.3800,7,1663
23342,1851382,corner,1,0.3900,7,1664
23343,1851478,corner,1,0.3900,7,1665
23344,1851528,corner,0,0.3900,7,1666
23345,1851609,corner,0,0.3800,7,1667
23346,1851664,corner,0,0.3700,7,1668
23347,1851733,corner,1,0.3800,7,1669
23348,1851870,corner,0,0.3800,7,1670
23349,1851951,corner,0,0.3700,7,1671
23350,1852028,corner,1,0.3800,7,1672
23351,1852104,corner,1,0.3900,7,1673
23352,1852265,corner,1,0.4000,7,1674
23353,1852394,corner,1,0.4000,7,1675
23354,1852491,corner,1,0.4000,7,1676
23355,1852571,corner,1,0.4100,7,1677
23356,1852627,corner,0,0.4000,7,1678
23357,1852702,corner,1,0.4000,7,1679
23358,1852785,corner,1,0.4100,7,1680
23359,1852867,corner,0,0.4100,7,1681
23360,1852916,corner,0,0.4000,7,1682
23361,1852978,corner,0,0.3900,7,1683
23362,1853048,corner,1,0.3900,7,1684
23363,1853126,corner,1,0.4000,7,1685
23364,1853213,corner,1,0.4100,7,1686
23365,1853298,corner,1,0.4200,7,1687
23366,1853405,corner,1,0.4200,7,1688
23367,1853489,corner,0,0.4200,7,1689
23368,1853542,corner,0,0.4200,7,1690
23369,1853662,corner,1,0.4300,7,1691
23370,1853746,corner,0,0.4200,7,1692
23371,1853794,corner,0,0.4200,7,1693
23372,1853869,corner,1,0.4200,7,1694
23373,1853953,corner,1,0.4300,7,1695
23374,1854009,corner,0,0.4200,7,1696
23375,1854083,corner,0,0.4200,7,1697
23376,1854167,corner,0,0.4100,7,1698
23377,1854248,corner,0,0.4100,7,1699
23378,1854403,corner,1,0.4200,7,1700
23379,1854449,corner,0,0.4200,7,1701
23380,1854538,corner,1,0.4300,7,1702
23381,1854620,corner,0,0.4300,7,1703
23382,1854682,corner,0,0.4200,7,1704
23383,1854762,corner,1,0.4300,7,1705
23384,1854809,corner,0,0.4300,7,1706
23385,1854899,corner,1,0.4400,7,1707
23386,1854985,corner,0,0.4300,7,1708
23387,1855066,corner,0,0.4300,7,1709
23388,1855205,corner,0,0.4200,7,1710
23389,1855286,corner,0,0.4200,7,1711
23390,1855355,corner,1,0.4300,7,1712
23391,1855425,corner,1,0.4400,7,1713
23392,1855479,corner,1,0.4500,7,1714
23393,1855567,corner,1,0.4600,7,1715
23394,1855626,corner,0,0.4500,7,1716
23395,1855708,corner,0,0.4500,7,1717
23396,1855789,corner,0,0.4400,7,1718
23397,1855884,corner,1,0.4400,7,1719
23398,1855965,corner,0,0.4400,7,1720
23399,1856046,corner,1,0.4500,7,1721
23400,1856128,corner,0,0.4500,7,1722
23401,1856215,corner,1,0.4600,7,1723
23402,1856296,corner,0,0.4600,7,1724
23403,1856354,corner,0,0.4600,7,1725
23404,1856435,corner,0,0.4600,7,1726
23405,1856518,corner,1,0.4600,7,1727
23406,1856688,corner,1,0.4700,7,1728
23407,1856764,corner,1,0.4700,7,1729
23408,1856829,corner,1,0.4800,7,1730
23409,1856877,corner,0,0.4700,7,1731
23410,1856924,corner,0,0.4700,7,1732
23411,1856973,corner,0,0.4700,7,1733
23412,1857061,corner,1,0.4800,7,1734
23413,1857112,corner,0,0.4700,7,1735
23414,1857194,corner,1,0.4800,7,1736
23415,1857276,corner,0,0.4700,7,1737
23416,1857357,corner,0,0.4700,7,1738
23417,1857443,corner,0,0.4600,7,1739
23418,1857540,corner,1,0.4700,7,1740
23419,1857628,corner,0,0.4700,7,1741
23420,1857684,corner,0,0.4700,7,1742
23421,1857777,corner,1,0.4800,7,1743
23422,1857826,corner,0,0.4700,7,1744
23423,1857907,corner,0,0.4600,7,1745
23424,1858007,corner,1,0.4700,7,1746
23425,1858159,corner,1,0.4700,7,1747
23426,1858209,corner,0,0.4600,7,1748
23427,1858436,corner,1,0.4600,7,1749
23428,1858504,corner,0,0.4600,7,1750
23429,1858633,corner,0,0.4500,7,1751
23430,1858715,corner,0,0.4500,7,1752
23431,1858805,corner,1,0.4500,7,1753
23432,1858852,corner,0,0.4400,7,1754
23433,1858940,corner,1,0.4500,7,1755
23434,1859025,corner,0,0.4500,7,1756
23435,1859187,corner,0,0.4400,7,1757
23436,1859269,corner,0,0.4400,7,1758
23437,1859357,corner,1,0.4500,7,1759
23438,1859531,corner,1,0.4500,7,1760
23439,1859660,corner,0,0.4500,7,1761
23440,1859718,corner,0,0.4500,7,1762
23441,1859802,corner,0,0.4500,7,1763
23442,1859857,corner,0,0.4400,7,1764
23443,1859939,corner,1,0.4400,7,1765
23444,1859983,corner,0,0.4400,7,1766
23445,1860036,corner,0,0.4400,7,1767
23446,1860091,corner,0,0.4400,7,1768
23447,1860172,corner,0,0.4300,7,1769
23448,1860240,corner,1,0.4400,7,1770
23449,1860283,corner,0,0.4400,7,1771
23450,1860365,corner,0,0.4300,7,1772
23451,1860481,corner,1,0.4300,7,1773
23452,1860563,corner,0,0.4200,7,1774
23453,1860755,corner,1,0.4200,7,1775
23454,1860804,corner,0,0.4100,7,1776
23455,1860968,corner,0,0.4000,7,1777
23456,1861059,corner,1,0.4100,7,1778
23457,1861123,corner,0,0.4000,7,1779
23458,1861248,corner,0,0.3900,7,1780
23459,1861333,corner,1,0.4000,7,1781
23460,1861380,corner,0,0.4000,7,1782
23461,1861444,corner,1,0.4100,7,1783
23462,1861530,corner,1,0.4100,7,1784
23463,1861610,corner,1,0.4100,7,1785
23464,1861658,corner,0,0.4000,7,1786
23465,1861763,corner,1,0.4000,7,1787
23466,1861867,corner,1,0.4000,7,1788
23467,1861922,corner,0,0.4000,7,1789
23468,1862012,corner,1,0.4100,7,1790
23469,1862061,corner,0,0.4000,7,1791
23470,1862116,corner,0,0.4000,7,1792
23471,1862176,corner,0,0.4000,7,1793
23472,1862222,corner,0,0.3900,7,1794
23473,1862305,corner,0,0.3800,7,1795
23474,1862359,corner,0,0.3800,7,1796
23475,1862455,corner,0,0.3800,7,1797
23476,1862537,corner,0,0.3800,7,1798
23477,1862618,corner,0,0.3800,7,1799
23478,1862700,corner,0,0.3700,7,1800
23479,1862781,corner,0,0.3700,7,1801
23480,1862863,corner,0,0.3600,7,1802
23481,1862913,corner,0,0.3600,7,1803
23482,1862967,corner,0,0.3600,7,1804
23483,1863034,corner,1,0.3600,7,1805
23484,1863118,corner,0,0.3600,7,1806
23485,1863211,corner,1,0.3600,7,1807
23486,1863256,corner,0,0.3600,7,1808
23487,1863391,corner,0,0.3600,7,1809
23488,1863448,corner,0,0.3600,7,1810
23489,1863498,corner,0,0.3600,7,1811
23490,1863570,corner,1,0.3600,7,1812
23491,1863660,corner,1,0.3600,7,1813
23492,1863822,corner,0,0.3500,7,1814
23493,1863868,corner,0,0.3400,7,1815
23494,1863950,corner,0,0.3400,7,1816
23495,1864031,corner,0,0.3400,7,1817
23496,1864112,corner,0,0.3400,7,1818
23497,1864165,corner,0,0.3300,7,1819
23498,1864216,corner,0,0.3300,7,1820
23499,1864330,corner,1,0.3300,7,1821
23500,1864411,corner,0,0.3300,7,1822
23501,1864460,corner,0,0.3200,7,1823
23502,1864543,corner,0,0.3200,7,1824
23503,1864596,corner,0,0.3200,7,1825
23504,1864733,corner,0,0.3200,7,1826
23505,1864780,corner,0,0.3100,7,1827
23506,1864873,corner,1,0.3100,7,1828
23507,1864954,corner,0,0.3000,7,1829
23508,1865009,corner,0,0.2900,7,1830
23509,1865162,corner,0,0.2900,7,1831
23510,1865241,corner,1,0.3000,7,1832
23511,1865290,corner,0,0.3000,7,1833
23512,1865374,corner,1,0.3000,7,1834
23513,1865485,corner,0,0.3000,7,1835
23514,1865534,corner,0,0.2900,7,1836
23515,1865593,corner,0,0.2900,7,1837
23516,1865751,corner,0,0.2900,7,1838
23517,1865834,corner,0,0.2900,7,1839
23518,1865883,corner,0,0.2800,7,1840
23519,1866040,corner,1,0.2900,7,1841
23520,1866120,corner,1,0.3000,7,1842
23521,1866225,corner,0,0.2900,7,1843
23522,1866306,corner,0,0.2900,7,1844
23523,1866352,corner,0,0.2900,7,1845
23524,1866418,corner,0,0.2800,7,1846
23525,1866499,corner,0,0.2700,7,1847
23526,1866547,corner,0,0.2700,7,1848
23527,1866593,corner,0,0.2600,7,1849
23528,1866651,corner,0,0.2600,7,1850
23529,1866705,corner,0,0.2600,7,1851
23530,1866753,corner,0,0.2600,7,1852
23531,1866826,corner,1,0.2600,7,1853
23532,1866932,corner,1,0.2700,7,1854
23533,1866978,corner,0,0.2600,7,1855
23534,1867079,corner,1,0.2700,7,1856
23535,1867164,corner,1,0.2800,7,1857
23536,1867247,corner,0,0.2800,7,1858
23537,1867300,corner,0,0.2700,7,1859
23538,1867374,corner,1,0.2700,7,1860
23539,1867457,corner,0,0.2700,7,1861
23540,1867540,corner,0,0.2700,7,1862
23541,1867606,corner,0,0.2700,7,1863
23542,1867736,corner,0,0.2700,7,1864
23543,1867785,corner,0,0.2600,7,1865
23544,1867866,corner,0,0.2600,7,1866
23545,1867998,corner,0,0.2600,7,1867
23546,1868060,corner,1,0.2700,7,1868
23547,1868116,corner,0,0.2700,7,1869
23548,1868199,corner,0,0.2600,7,1870
23549,1868377,corner,1,0.2700,7,1871
23550,1868434,corner,0,0.2700,7,1872
23551,1868669,corner,1,0.2700,7,1873
23552,1868741,corner,0,0.2700,7,1874
23553,1868828,corner,0,0.2600,7,1875
23554,1868888,corner,0,0.2600,7,1876
23555,1868933,corner,0,0.2600,7,1877
23556,1869011,corner,1,0.2600,7,1878
23557,1869116,corner,0,0.2600,7,1879
23558,1869164,corner,0,0.2600,7,1880
23559,1869407,corner,0,0.2500,7,1881
23560,1869456,corner,0,0.2500,7,1882
23561,1869584,corner,0,0.2400,7,1883
23562,1869636,corner,0,0.2300,7,1884
23563,1869759,corner,1,0.2300,7,1885
23564,1869809,corner,0,0.2300,7,1886
23565,1869918,corner,1,0.2300,7,1887
23566,1870013,corner,1,0.2300,7,1888
23567,1870094,corner,0,0.2300,7,1889
23568,1870148,corner,0,0.2200,7,1890
23569,1870199,corner,0,0.2200,7,1891
23570,1870248,corner,0,0.2200,7,1892
23571,1870325,corner,1,0.2300,7,1893
23572,1870381,corner,0,0.2300,7,1894
23573,1870484,corner,1,0.2400,7,1895
23574,1870569,corner,0,0.2400,7,1896
23575,1870665,corner,1,0.2500,7,1897
23576,1870728,corner,0,0.2500,7,1898
23577,1870820,corner,1,0.2600,7,1899
23578,1870943,corner,1,0.2700,7,1900
23579,1871076,corner,0,0.2700,7,1901
23580,1871173,corner,1,0.2800,7,1902
23581,1871302,corner,0,0.2800,7,1903
23582,1871405,corner,1,0.2900,7,1904
23583,1871452,corner,0,0.2800,7,1905
23584,1871587,corner,0,0.2800,7,1906
23585,1871638,corner,1,0.2800,7,1907
23586,1871687,corner,1,0.2900,7,1908
23587,1871815,corner,0,0.2900,7,1909
23588,1871896,corner,0,0.2900,7,1910
23589,1871985,corner,1,0.3000,7,1911
23590,1872035,corner,0,0.2900,7,1912
23591,1872116,corner,0,0.2800,7,1913
23592,1872192,corner,1,0.2900,7,1914
23593,1872321,corner,1,0.3000,7,1915
23594,1872406,corner,1,0.3100,7,1916
23595,1872489,corner,1,0.3200,7,1917
23596,1872572,corner,0,0.3200,7,1918
23597,1872802,corner,1,0.3300,7,1919
23598,1872882,corner,1,0.3400,7,1920
23599,1872963,corner,0,0.3300,7,1921
23600,1873017,corner,0,0.3300,7,1922
23601,1873077,corner,0,0.3300,7,1923
23602,1873131,corner,0,0.3300,7,1924
23603,1873217,corner,0,0.3300,7,1925
23604,1873303,corner,0,0.3300,7,1926
23605,1873358,corner,0,0.3300,7,1927
23606,1873407,corner,0,0.3200,7,1928
23607,1873493,corner,1,0.3300,7,1929
23608,1873605,corner,1,0.3400,7,1930
23609,1873660,corner,0,0.3400,7,1931
23610,1873712,corner,1,0.3400,7,1932
23611,1873840,corner,0,0.3400,7,1933
23612,1873965,corner,0,0.3300,7,1934
23613,1874050,corner,0,0.3300,7,1935
23614,1874103,corner,0,0.3300,7,1936
23615,1874279,corner,0,0.3300,7,1937
23616,1874375,corner,1,0.3400,7,1938
23617,1874428,corner,0,0.3400,7,1939
23618,1874482,corner,0,0.3400,7,1940
23619,1874668,corner,1,0.3400,7,1941
23620,1874719,corner,0,0.3300,7,1942
23621,1874908,corner,0,0.3300,7,1943
23622,1875024,corner,1,0.3400,7,1944
23623,1875106,corner,0,0.3400,7,1945
23624,1875187,corner,0,0.3400,7,1946
23625,1875239,corner,0,0.3400,7,1947
23626,1875410,corner,1,0.3500,7,1948
23627,1875484,corner,1,0.3600,7,1949
23628,1875565,corner,0,0.3600,7,1950
23629,1875615,corner,0,0.3600,7,1951
23630,1875663,corner,0,0.3600,7,1952
23631,1875744,corner,0,0.3500,7,1953
23632,1875820,corner,1,0.3500,7,1954
23633,1875870,corner,0,0.3500,7,1955
23634,1875956,corner,1,0.3500,7,1956
23635,1876056,corner,1,0.3500,7,1957
23636,1876150,corner,1,0.3600,7,1958
23637,1876230,corner,1,0.3700,7,1959
23638,1876308,corner,1,0.3700,7,1960
23639,1876391,corner,0,0.3700,7,1961
23640,1876444,corner,0,0.3700,7,1962
23641,1876496,corner,0,0.3700,7,1963
23642,1876627,corner,0,0.3700,7,1964
23643,1876771,corner,0,0.3700,7,1965
23644,1876840,corner,1,0.3800,7,1966
23645,1876913,corner,1,0.3900,7,1967
23646,1876974,corner,0,0.3800,7,1968
23647,1877023,corner,0,0.3800,7,1969
23648,1877142,corner,1,0.3900,7,1970
23649,1877199,corner,0,0.3800,7,1971
23650,1877270,corner,1,0.3900,7,1972
23651,1877351,corner,0,0.3800,7,1973
23652,1877433,corner,1,0.3900,7,1974
23653,1877517,corner,1,0.4000,7,1975
23654,1877607,corner,0,0.4000,7,1976
23655,1877654,corner,0,0.4000,7,1977
23656,1877757,corner,1,0.4000,7,1978
23657,1877850,corner,1,0.4100,7,1979
23658,1877941,corner,1,0.4200,7,1980
23659,1878026,corner,0,0.4200,7,1981
23660,1878162,corner,0,0.4200,7,1982
23661,1878243,corner,0,0.4200,7,1983
23662,1878369,corner,0,0.4200,7,1984
23663,1878420,corner,0,0.4100,7,1985
23664,1878496,corner,1,0.4200,7,1986
23665,1878663,corner,1,0.4200,7,1987
23666,1878723,corner,0,0.4100,7,1988
23667,1878768,corner,0,0.4100,7,1989
23668,1878849,corner,0,0.4100,7,1990
23669,1878935,corner,1,0.4200,7,1991
23670,1878986,corner,0,0.4200,7,1992
23671,1879090,corner,1,0.4200,7,1993
23672,1879171,corner,0,0.4200,7,1994
23673,1879236,corner,0,0.4100,7,1995
23674,1879283,corner,0,0.4100,7,1996
23675,1879386,corner,1,0.4100,7,1997
23676,1879491,corner,1,0.4200,7,1998
23677,1879561,corner,1,0.4200,7,1999
23678,1879651,corner,1,0.4200,7,2000
23679,1879776,corner,0,0.4200,7,2001
23680,1879833,corner,0,0.4100,7,2002
23681,1879985,corner,0,0.4100,7,2003
23682,1880095,corner,1,0.4100,7,2004
23683,1880151,corner,0,0.4100,7,2005
23684,1880233,corner,0,0.4100,7,2006
23685,1880318,corner,1,0.4100,7,2007
23686,1880363,corner,0,0.4000,7,2008
23687,1880503,corner,1,0.4100,7,2009
23688,1880576,corner,1,0.4200,7,2010
23689,1880657,corner,0,0.4100,7,2011
23690,1880738,corner,0,0.4100,7,2012
23691,1880790,corner,0,0.4100,7,2013
23692,1880873,corner,0,0.4000,7,2014
23693,1881016,corner,0,0.3900,7,2015
23694,1881091,corner,1,0.3900,7,2016
23695,1881188,corner,0,0.3800,7,2017
23696,1881242,corner,0,0.3800,7,2018
23697,1881292,corner,0,0.3700,7,2019
23698,1881447,corner,0,0.3600,7,2020
23699,1881528,corner,0,0.3600,7,2021
23700,1881689,corner,1,0.3700,7,2022
23701,1881769,corner,1,0.3800,7,2023
23702,1881826,corner,0,0.3800,7,2024
23703,1881874,corner,0,0.3800,7,2025
23704,1881983,corner,0,0.3800,7,2026
23705,1882037,corner,0,0.3800,7,2027
23706,1882089,corner,0,0.3800,7,2028
23707,1882149,corner,0,0.3700,7,2029
23708,1882231,corner,0,0.3600,7,2030
23709,1882300,corner,1,0.3700,7,2031
23710,1882381,corner,0,0.3600,7,2032
23711,1882496,corner,0,0.3600,7,2033
23712,1882549,corner,0,0.3600,7,2034
23713,1882646,corner,1,0.3700,7,2035
23714,1882752,corner,1,0.3800,7,2036
23715,1882871,corner,1,0.3900,7,2037
23716,1883001,corner,0,0.3800,7,2038
23717,1883049,corner,0,0.3800,7,2039
23718,1883121,corner,1,0.3900,7,2040
23719,1883233,corner,0,0.3800,7,2041
23720,1883314,corner,1,0.3900,7,2042
23721,1883363,corner,0,0.3900,7,2043
23722,1883437,corner,1,0.3900,7,2044
23723,1883494,corner,0,0.3900,7,2045
23724,1883555,corner,0,0.3900,7,2046
23725,1883636,corner,0,0.3900,7,2047
23726,1883687,corner,0,0.3800,7,2048
23727,1883836,corner,1,0.3800,7,2049
23728,1883903,corner,0,0.3800,7,2050
23729,1883987,corner,0,0.3800,7,2051
23730,1884055,corner,1,0.3900,7,2052
23731,1884139,corner,0,0.3900,7,2053
23732,1884225,corner,1,0.3900,7,2054
23733,1884323,corner,1,0.4000,7,2055
23734,1884401,corner,1,0.4000,7,2056
23735,1884446,corner,0,0.3900,7,2057
23736,1884523,corner,1,0.3900,7,2058
23737,1884576,corner,0,0.3800,7,2059
23738,1884650,corner,1,0.3800,7,2060
23739,1884712,corner,0,0.3800,7,2061
23740,1884795,corner,0,0.3800,7,2062
23741,1884842,corner,1,0.3900,7,2063
23742,1884958,corner,1,0.4000,7,2064
23743,1885003,corner,0,0.4000,7,2065
23744,1885170,corner,1,0.4000,7,2066
23745,1885235,corner,0,0.3900,7,2067
23746,1885328,corner,1,0.4000,7,2068
23747,1885427,corner,1,0.4100,7,2069
23748,1885558,corner,0,0.4000,7,2070
23749,1885736,corner,0,0.4000,7,2071
23750,1885819,corner,0,0.3900,7,2072
23751,1885936,corner,1,0.4000,7,2073
23752,1885996,corner,0,0.3900,7,2074
23753,1886087,corner,1,0.3900,7,2075
23754,1886131,corner,0,0.3900,7,2076
23755,1886180,corner,0,0.3900,7,2077
23756,1886239,corner,0,0.3800,7,2078
23757,1886324,corner,0,0.3700,7,2079
23758,1886371,corner,0,0.3600,7,2080
23759,1886457,corner,1,0.3700,7,2081
23760,1886545,corner,0,0.3700,7,2082
23761,1886679,corner,1,0.3800,7,2083
23762,1886732,corner,0,0.3800,7,2084
23763,1886793,corner,0,0.3800,7,2085
23764,1886877,corner,1,0.3800,7,2086
23765,1886958,corner,0,0.3700,7,2087
23766,1887056,corner,1,0.3800,7,2088
23767,1887137,corner,0,0.3800,7,2089
23768,1887219,corner,1,0.3900,7,2090
23769,1887268,corner,0,0.3800,7,2091
23770,1887337,corner,1,0.3900,7,2092
23771,1887435,corner,1,0.3900,7,2093
23772,1887520,corner,1,0.4000,7,2094
23773,1887586,corner,0,0.4000,7,2095
23774,1887667,corner,0,0.4000,7,2096
23775,1887740,corner,0,0.3900,7,2097
23776,1887794,corner,0,0.3800,7,2098
23777,1887842,corner,0,0.3700,7,2099
23778,1887922,corner,1,0.3700,7,2100
23779,1888003,corner,0,0.3700,7,2101
23780,1888091,corner,1,0.3800,7,2102
23781,1888192,corner,1,0.3900,7,2103
23782,1888291,corner,1,0.3900,7,2104
23783,1888372,corner,0,0.3900,7,2105
23784,1888491,corner,1,0.4000,7,2106
23785,1888573,corner,0,0.3900,7,2107
23786,1888663,corner,1,0.4000,7,2108
23787,1888742,corner,1,0.4000,7,2109
23788,1888832,corner,1,0.4000,7,2110
23789,1888886,corner,0,0.4000,7,2111
23790,1888947,corner,0,0.4000,7,2112
23791,1889098,corner,1,0.4100,7,2113
23792,1889180,corner,1,0.4200,7,2114
23793,1889317,corner,0,0.4200,7,2115
23794,1889401,corner,0,0.4100,7,2116
23795,1889449,corner,0,0.4100,7,2117
23796,1889594,corner,1,0.4200,7,2118
23797,1889699,corner,1,0.4300,7,2119
23798,1889780,corner,0,0.4300,7,2120
23799,1889841,corner,0,0.4300,7,2121
23800,1889950,corner,0,0.4200,7,2122
23801,1889995,corner,0,0.4100,7,2123
23802,1890043,corner,0,0.4100,7,2124
23803,1890117,corner,1,0.4200,7,2125
23804,1890179,corner,0,0.4200,7,2126
23805,1890335,corner,1,0.4300,7,2127
23806,1890412,corner,1,0.4400,7,2128
23807,1890503,corner,1,0.4500,7,2129
23808,1890545,corner,0,0.4500,7,2130
23809,1890717,corner,1,0.4500,7,2131
23810,1890806,corner,1,0.4600,7,2132
23811,1890889,corner,0,0.4600,7,2133
23812,1890977,corner,1,0.4700,7,2134
23813,1891043,corner,0,0.4600,7,2135
23814,1891149,corner,1,0.4600,7,2136
23815,1891222,corner,1,0.4600,7,2137
23816,1891347,corner,1,0.4700,7,2138
23817,1891401,corner,0,0.4700,7,2139
23818,1891525,corner,0,0.4600,7,2140
23819,1891584,corner,0,0.4600,7,2141
23820,1891630,corner,0,0.4500,7,2142
23821,1891712,corner,1,0.4600,7,2143
23822,1891792,corner,1,0.4600,7,2144
23823,1891879,corner,1,0.4700,7,2145
23824,1891933,corner,0,0.4700,7,2146
23825,1891979,corner,0,0.4700,7,2147
23826,1892065,corner,0,0.4700,7,2148
23827,1892148,corner,0,0.4600,7,2149
23828,1892200,corner,0,0.4600,7,2150
23829,1892286,corner,0,0.4600,7,2151
23830,1892332,corner,0,0.4500,7,2152
23831,1892376,corner,0,0.4500,7,2153
23832,1892479,corner,1,0.4500,7,2154
23833,1892527,corner,0,0.4400,7,2155
23834,1892608,corner,1,0.4400,7,2156
23835,1892683,corner,1,0.4500,7,2157
23836,1892747,corner,0,0.4400,7,2158
23837,1892828,corner,0,0.4400,7,2159
23838,1892895,corner,1,0.4400,7,2160
23839,1893134,corner,1,0.4500,7,2161
23840,1893331,corner,1,0.4600,7,2162
23841,1893420,corner,1,0.4600,7,2163
23842,1893508,corner,1,0.4600,7,2164
23843,1893672,corner,1,0.4700,7,2165
23844,1893732,corner,0,0.4600,7,2166
23845,1893897,corner,1,0.4700,7,2167
23846,1893956,corner,0,0.4600,7,2168
23847,1894049,corner,1,0.4600,7,2169
23848,1894132,corner,0,0.4600,7,2170
23849,1894310,corner,0,0.4600,7,2171
23850,1894393,corner,0,0.4600,7,2172
23851,1894482,corner,0,0.4500,7,2173
23852,1894531,corner,1,0.4600,7,2174
23853,1894642,corner,1,0.4600,7,2175
23854,1894723,corner,0,0.4600,7,2176
23855,1894768,corner,0,0.4600,7,2177
23856,1894946,corner,1,0.4700,7,2178
23857,1895027,corner,0,0.4700,7,2179
23858,1895109,corner,0,0.4700,7,2180
23859,1895190,corner,1,0.4700,7,2181
23860,1895303,corner,1,0.4800,7,2182
23861,1895397,corner,1,0.4800,7,2183
23862,1895444,corner,0,0.4800,7,2184
23863,1895577,corner,0,0.4800,7,2185
23864,1895640,corner,0,0.4700,7,2186
23865,1895813,corner,1,0.4800,7,2187
23866,1895878,corner,1,0.4800,7,2188
23867,1895969,corner,1,0.4900,7,2189
23868,1896050,corner,0,0.4800,7,2190
23869,1896132,corner,1,0.4900,7,2191
23870,1896267,corner,0,0.4800,7,2192
23871,1896363,corner,1,0.4800,7,2193
23872,1896533,corner,1,0.4800,7,2194
23873,1896618,corner,1,0.4900,7,2195
23874,1896676,corner,0,0.4900,7,2196
23875,1896748,corner,1,0.5000,7,2197
23876,1896828,corner,1,0.5100,7,2198
23877,1896872,corner,0,0.5100,7,2199
23878,1896958,corner,1,0.5100,7,2200
23879,1897134,corner,1,0.5200,7,2201
23880,1897210,corner,1,0.5200,7,2202
23881,1897263,corner,0,0.5100,7,2203
23882,1897328,corner,0,0.5000,7,2204
23883,1897433,corner,1,0.5100,7,2205
23884,1897518,corner,0,0.5000,7,2206
23885,1897599,corner,0,0.5000,7,2207
23886,1897662,corner,0,0.4900,7,2208
23887,1897807,corner,0,0.4800,7,2209
23888,1897901,corner,1,0.4800,7,2210
23889,1897985,corner,1,0.4900,7,2211
23890,1898074,corner,1,0.5000,7,2212
23891,1898169,corner,1,0.5000,7,2213
23892,1898221,corner,0,0.4900,7,2214
23893,1898348,corner,1,0.5000,7,2215
23894,1898429,corner,1,0.5100,7,2216
23895,1898493,corner,0,0.5100,7,2217
23896,1898574,corner,0,0.5000,7,2218
23897,1898702,corner,0,0.4900,7,2219
23898,1898800,corner,1,0.5000,7,2220
23899,1898850,corner,0,0.5000,7,2221
23900,1898944,corner,1,0.5100,7,2222
23901,1899067,corner,1,0.5200,7,2223
23902,1899150,corner,0,0.5200,7,2224
23903,1899310,corner,0,0.5100,7,2225
23904,1899407,corner,1,0.5200,7,2226
23905,1899489,corner,1,0.5200,7,2227
23906,1899581,corner,1,0.5200,7,2228
23907,1899634,corner,0,0.5100,7,2229
23908,1899758,corner,0,0.5100,7,2230
23909,1899988,corner,0,0.5000,7,2231
23910,1900046,corner,0,0.4900,7,2232
23911,1900130,edge,1,0.5000,8,1
23912,1900211,edge,0,0.4900,8,2
23913,1900328,edge,0,0.4900,8,3
23914,1900483,edge,1,0.4900,8,4
23915,1900573,edge,1,0.4900,8,5
23916,1900657,edge,1,0.4900,8,6
23917,1900744,edge,1,0.5000,8,7
23918,1900820,edge,0,0.5000,8,8
23919,1900958,edge,0,0.5000,8,9
23920,1901045,edge,0,0.5000,8,10
23921,1901232,edge,1,0.5000,8,11
23922,1901324,edge,1,0.5000,8,12
23923,1901375,edge,0,0.4900,8,13
23924,1901454,edge,1,0.5000,8,14
23925,1901534,edge,1,0.5100,8,15
23926,1901619,edge,0,0.5100,8,16
23927,1901721,edge,1,0.5200,8,17
23928,1901828,edge,0,0.5200,8,18
23929,1901909,edge,0,0.5200,8,19
23930,1901993,edge,0,0.5200,8,20
23931,1902086,edge,1,0.5300,8,21
23932,1902233,edge,1,0.5300,8,22
23933,1902393,edge,1,0.5400,8,23
23934,1902474,edge,0,0.5300,8,24
23935,1902555,edge,0,0.5200,8,25
23936,1902663,edge,0,0.5200,8,26
23937,1902759,edge,1,0.5300,8,27
23938,1902858,edge,1,0.5300,8,28
23939,1902954,edge,1,0.5300,8,29
23940,1903060,edge,1,0.5300,8,30
23941,1903145,edge,0,0.5200,8,31
23942,1903311,edge,0,0.5100,8,32
23943,1903392,edge,0,0.5000,8,33
23944,1903471,edge,1,0.5100,8,34
23945,1903554,edge,0,0.5000,8,35
23946,1903627,edge,1,0.5100,8,36
23947,1903715,edge,0,0.5000,8,37
23948,1903777,edge,0,0.5000,8,38
23949,1903832,edge,0,0.5000,8,39
23950,1903906,edge,1,0.5100,8,40
23951,1903991,edge,1,0.5200,8,41
23952,1904089,edge,0,0.5100,8,42
23953,1904170,edge,0,0.5000,8,43
23954,1904267,edge,1,0.5100,8,44
23955,1904348,edge,0,0.5100,8,45
23956,1904419,edge,1,0.5100,8,46
23957,1904503,edge,0,0.5100,8,47
23958,1904669,edge,1,0.5200,8,48
23959,1904729,edge,0,0.5100,8,49
23960,1904812,edge,0,0.5000,8,50
23961,1904969,edge,1,0.5000,8,51
23962,1905063,edge,1,0.5100,8,52
23963,1905125,edge,1,0.5200,8,53
23964,1905292,edge,0,0.5200,8,54
23965,1905374,edge,1,0.5200,8,55
23966,1905483,edge,1,0.5200,8,56
23967,1905626,edge,1,0.5200,8,57
23968,1905799,edge,1,0.5300,8,58
23969,1905887,edge,1,0.5300,8,59
23970,1906020,edge,1,0.5400,8,60
23971,1906101,edge,1,0.5400,8,61
23972,1906185,edge,0,0.5300,8,62
23973,1906230,edge,0,0.5200,8,63
23974,1906372,edge,0,0.5200,8,64
23975,1906453,edge,0,0.5100,8,65
23976,1906563,edge,1,0.5100,8,66
23977,1906659,edge,1,0.5200,8,67
23978,1906742,edge,0,0.5100,8,68
23979,1906839,edge,1,0.5100,8,69
23980,1906922,edge,1,0.5100,8,70
23981,1906980,edge,1,0.5200,8,71
23982,1907063,edge,0,0.5200,8,72
23983,1907166,edge,0,0.5100,8,73
23984,1907313,edge,1,0.5200,8,74
23985,1907555,edge,0,0.5200,8,75
23986,1907636,edge,0,0.5200,8,76
23987,1907722,edge,1,0.5300,8,77
23988,1907893,edge,1,0.5300,8,78
23989,1908060,edge,1,0.5300,8,79
23990,1908149,edge,1,0.5300,8,80
23991,1908230,edge,1,0.5300,8,81
23992,1908388,edge,1,0.5400,8,82
23993,1908475,edge,0,0.5300,8,83
23994,1908556,edge,0,0.5200,8,84
23995,1908625,edge,1,0.5300,8,85
23996,1908706,edge,0,0.5300,8,86
23997,1908800,edge,1,0.5400,8,87
23998,1908901,edge,1,0.5400,8,88
23999,1909002,edge,1,0.5500,8,89
24000,1909087,edge,1,0.5500,8,90
24001,1909177,edge,1,0.5500,8,91
24002,1909261,edge,0,0.5500,8,92
24003,1909333,edge,1,0.5600,8,93
24004,1909429,edge,1,0.5600,8,94
24005,1909520,edge,1,0.5600,8,95
24006,1909620,edge,1,0.5600,8,96
24007,1909703,edge,1,0.5700,8,97
24008,1909784,edge,0,0.5700,8,98
24009,1909841,edge,0,0.5700,8,99
24010,1909933,edge,1,0.5800,8,100
24011,1910014,edge,1,0.5800,8,101
24012,1910099,edge,0,0.5800,8,102
24013,1910171,edge,1,0.5900,8,103
24014,1910232,edge,1,0.5900,8,104
24015,1910314,edge,1,0.5900,8,105
24016,1910413,edge,1,0.5900,8,106
24017,1910468,edge,1,0.5900,8,107
24018,1910528,edge,1,0.6000,8,108
24019,1910718,edge,1,0.6100,8,109
24020,1910805,edge,1,0.6200,8,110
24021,1911015,edge,1,0.6200,8,111
24022,1911087,edge,1,0.6200,8,112
24023,1911173,edge,0,0.6200,8,113
24024,1911262,edge,1,0.6200,8,114
24025,1911347,edge,1,0.6200,8,115
24026,1911510,edge,1,0.6300,8,116
24027,1911677,edge,0,0.6200,8,117
24028,1911750,edge,1,0.6300,8,118
24029,1911912,edge,1,0.6400,8,119
24030,1911994,edge,1,0.6500,8,120
24031,1912065,edge,1,0.6500,8,121
24032,1912177,edge,1,0.6500,8,122
24033,1912313,edge,1,0.6500,8,123
24034,1912406,edge,1,0.6600,8,124
24035,1912487,edge,0,0.6600,8,125
24036,1912568,edge,1,0.6700,8,126
24037,1912730,edge,1,0.6700,8,127
24038,1912812,edge,0,0.6600,8,128
24039,1912893,edge,0,0.6500,8,129
24040,1912991,edge,1,0.6500,8,130
24041,1913073,edge,0,0.6500,8,131
24042,1913147,edge,1,0.6600,8,132
24043,1913208,edge,1,0.6700,8,133
24044,1913285,edge,1,0.6700,8,134
24045,1913344,edge,1,0.6800,8,135
24046,1913413,edge,0,0.6700,8,136
24047,1913492,edge,1,0.6800,8,137
24048,1913665,edge,1,0.6900,8,138
24049,1913724,edge,0,0.6900,8,139
24050,1913804,edge,1,0.6900,8,140
24051,1913910,edge,1,0.6900,8,141
24052,1913990,edge,1,0.7000,8,142
24053,1914098,edge,1,0.7100,8,143
24054,1914179,edge,0,0.7000,8,144
24055,1914323,edge,0,0.7000,8,145
24056,1914413,edge,1,0.7000,8,146
24057,1914489,edge,1,0.7100,8,147
24058,1914562,edge,1,0.7100,8,148
24059,1914643,edge,0,0.7100,8,149
24060,1914724,edge,0,0.7100,8,150
24061,1914824,edge,1,0.7100,8,151
24062,1914884,edge,1,0.7100,8,152
24063,1914965,edge,0,0.7000,8,153
24064,1915058,edge,1,0.7100,8,154
24065,1915140,edge,0,0.7000,8,155
24066,1915334,edge,1,0.7000,8,156
24067,1915417,edge,0,0.6900,8,157
24068,1915506,edge,0,0.6800,8,158
24069,1915595,edge,0,0.6700,8,159
24070,1915683,edge,1,0.6700,8,160
24071,1915772,edge,1,0.6700,8,161
24072,1915905,edge,0,0.6700,8,162
24073,1915955,edge,0,0.6700,8,163
24074,1916064,edge,1,0.6800,8,164
24075,1916119,edge,1,0.6900,8,165
24076,1916213,edge,1,0.6900,8,166
24077,1916285,edge,1,0.6900,8,167
24078,1916351,edge,1,0.7000,8,168
24079,1916441,edge,1,0.7000,8,169
24080,1916611,edge,1,0.7000,8,170
24081,1916774,edge,1,0.7000,8,171
24082,1916866,edge,1,0.7100,8,172
24083,1917039,edge,1,0.7200,8,173
24084,1917200,edge,1,0.7200,8,174
24085,1917284,edge,1,0.7300,8,175
24086,1917367,edge,1,0.7400,8,176
24087,1917460,edge,1,0.7400,8,177
24088,1917534,edge,1,0.7400,8,178
24089,1917629,edge,1,0.7400,8,179
24090,1917719,edge,1,0.7400,8,180
24091,1917804,edge,1,0.7400,8,181
24092,1917886,edge,0,0.7300,8,182
24093,1917971,edge,0,0.7300,8,183
24094,1918058,edge,0,0.7300,8,184
24095,1918155,edge,1,0.7300,8,185
24096,1918236,edge,0,0.7300,8,186
24097,1918307,edge,1,0.7300,8,187
24098,1918372,edge,1,0.7300,8,188
24099,1918453,edge,0,0.7200,8,189
24100,1918531,edge,1,0.7200,8,190
24101,1918613,edge,0,0.7100,8,191
24102,1918671,edge,0,0.7100,8,192
24103,1918878,edge,1,0.7100,8,193
24104,1918956,edge,1,0.7100,8,194
24105,1919112,edge,1,0.7100,8,195
24106,1919188,edge,1,0.7100,8,196
24107,1919375,edge,1,0.7100,8,197
24108,1919456,edge,0,0.7100,8,198
24109,1919621,edge,1,0.7200,8,199
24110,1919755,edge,0,0.7100,8,200
24111,1919846,edge,1,0.7100,8,201
24112,1919947,edge,1,0.7200,8,202
24113,1920105,edge,1,0.7200,8,203
24114,1920186,edge,0,0.7100,8,204
24115,1920252,edge,1,0.7100,8,205
24116,1920346,edge,0,0.7000,8,206
24117,1920432,edge,1,0.7000,8,207
24118,1920573,edge,1,0.7000,8,208
24119,1920750,edge,1,0.7000,8,209
24120,1920833,edge,0,0.6900,8,210
24121,1920943,edge,0,0.6800,8,211
24122,1921039,edge,1,0.6800,8,212
24123,1921209,edge,1,0.6900,8,213
24124,1921381,edge,1,0.6900,8,214
24125,1921476,edge,1,0.6900,8,215
24126,1921651,edge,1,0.6900,8,216
24127,1921738,edge,1,0.7000,8,217
24128,1921895,edge,0,0.6900,8,218
24129,1921976,edge,0,0.6800,8,219
24130,1922067,edge,1,0.6800,8,220
24131,1922228,edge,1,0.6800,8,221
24132,1922329,edge,0,0.6700,8,222
24133,1922411,edge,1,0.6700,8,223
24134,1922471,edge,1,0.6700,8,224
24135,1922558,edge,1,0.6800,8,225
24136,1922641,edge,1,0.6800,8,226
24137,1922722,edge,0,0.6700,8,227
24138,1922810,edge,1,0.6800,8,228
24139,1922885,edge,1,0.6900,8,229
24140,1922976,edge,1,0.6900,8,230
24141,1923071,edge,1,0.7000,8,231
24142,1923154,edge,1,0.7000,8,232
24143,1923246,edge,1,0.7000,8,233
24144,1923293,edge,0,0.6900,8,234
24145,1923383,edge,1,0.6900,8,235
24146,1923466,edge,0,0.6900,8,236
24147,1923620,edge,1,0.6900,8,237
24148,1923668,edge,0,0.6800,8,238
24149,1923836,edge,1,0.6900,8,239
24150,1923918,edge,1,0.6900,8,240
24151,1923999,edge,1,0.6900,8,241
24152,1924172,edge,1,0.6900,8,242
24153,1924259,edge,1,0.6900,8,243
24154,1924336,edge,1,0.7000,8,244
24155,1924465,edge,1,0.7100,8,245
24156,1924541,edge,1,0.7100,8,246
24157,1924621,edge,1,0.7100,8,247
24158,1924696,edge,1,0.7100,8,248
24159,1924779,edge,1,0.7200,8,249
24160,1924857,edge,1,0.7300,8,250
24161,1924985,edge,1,0.7300,8,251
24162,1925140,edge,1,0.7300,8,252
24163,1925218,edge,1,0.7400,8,253
24164,1925299,edge,0,0.7300,8,254
24165,1925366,edge,1,0.7400,8,255
24166,1925453,edge,0,0.7300,8,256
24167,1925535,edge,0,0.7300,8,257
24168,1925634,edge,0,0.7300,8,258
24169,1925726,edge,1,0.7400,8,259
24170,1925807,edge,0,0.7300,8,260
24171,1925888,edge,1,0.7300,8,261
24172,1925944,edge,0,0.7300,8,262
24173,1926027,edge,1,0.7400,8,263
24174,1926105,edge,1,0.7400,8,264
24175,1926161,edge,0,0.7300,8,265
24176,1926242,edge,1,0.7300,8,266
24177,1926289,edge,0,0.7200,8,267
24178,1926379,edge,1,0.7200,8,268
24179,1926461,edge,0,0.7100,8,269
24180,1926625,edge,1,0.7100,8,270
24181,1926681,edge,1,0.7100,8,271
24182,1926780,edge,1,0.7100,8,272
24183,1926843,edge,1,0.7100,8,273
24184,1926930,edge,1,0.7100,8,274
24185,1926999,edge,1,0.7100,8,275
24186,1927087,edge,1,0.7100,8,276
24187,1927224,edge,1,0.7100,8,277
24188,1927321,edge,1,0.7100,8,278
24189,1927404,edge,1,0.7100,8,279
24190,1927506,edge,0,0.7000,8,280
24191,1927579,edge,1,0.7000,8,281
24192,1927646,edge,0,0.7000,8,282
24193,1927910,edge,1,0.7100,8,283
24194,1927990,edge,1,0.7200,8,284
24195,1928074,edge,1,0.7200,8,285
24196,1928152,edge,1,0.7300,8,286
24197,1928229,edge,1,0.7300,8,287
24198,1928310,edge,1,0.7300,8,288
24199,1928393,edge,1,0.7400,8,289
24200,1928480,edge,0,0.7300,8,290
24201,1928582,edge,1,0.7400,8,291
24202,1928670,edge,0,0.7400,8,292
24203,1928772,edge,1,0.7400,8,293
24204,1928856,edge,1,0.7400,8,294
24205,1928992,edge,0,0.7300,8,295
24206,1929068,edge,1,0.7300,8,296
24207,1929144,edge,1,0.7300,8,297
24208,1929210,edge,0,0.7300,8,298
24209,1929304,edge,1,0.7300,8,299
24210,1929363,edge,1,0.7400,8,300
24211,1929431,edge,1,0.7400,8,301
24212,1929533,edge,1,0.7400,8,302
24213,1929687,edge,1,0.7400,8,303
24214,1929836,edge,1,0.7500,8,304
24215,1929895,edge,1,0.7500,8,305
24216,1929986,edge,1,0.7600,8,306
24217,1930067,edge,0,0.7500,8,307
24218,1930140,edge,1,0.7500,8,308
24219,1930228,edge,1,0.7500,8,309
24220,1930313,edge,1,0.7600,8,310
24221,1930386,edge,1,0.7700,8,311
24222,1930487,edge,1,0.7700,8,312
24223,1930543,edge,1,0.7700,8,313
24224,1930601,edge,0,0.7600,8,314
24225,1930653,edge,0,0.7500,8,315
24226,1930814,edge,1,0.7500,8,316
24227,1930879,edge,1,0.7500,8,317
24228,1930959,edge,1,0.7600,8,318
24229,1931102,edge,1,0.7700,8,319
24230,1931201,edge,1,0.7700,8,320
24231,1931290,edge,0,0.7600,8,321
24232,1931440,edge,1,0.7700,8,322
24233,1931538,edge,1,0.7700,8,323
24234,1931619,edge,0,0.7600,8,324
24235,1931832,edge,1,0.7600,8,325
24236,1931929,edge,1,0.7600,8,326
24237,1932010,edge,0,0.7600,8,327
24238,1932114,edge,1,0.7600,8,328
24239,1932198,edge,1,0.7600,8,329
24240,1932260,edge,0,0.7500,8,330
24241,1932308,edge,1,0.7500,8,331
24242,1932410,edge,1,0.7500,8,332
24243,1932562,edge,1,0.7500,8,333
24244,1932650,edge,1,0.7600,8,334
24245,1932738,edge,1,0.7600,8,335
24246,1932832,edge,1,0.7700,8,336
24247,1932913,edge,0,0.7600,8,337
24248,1933012,edge,0,0.7600,8,338
24249,1933096,edge,1,0.7600,8,339
24250,1933274,edge,1,0.7600,8,340
24251,1933355,edge,0,0.7500,8,341
24252,1933436,edge,0,0.7400,8,342
24253,1933538,edge,1,0.7400,8,343
24254,1933620,edge,1,0.7400,8,344
24255,1933868,edge,1,0.7400,8,345
24256,1933961,edge,0,0.7300,8,346
24257,1934042,edge,1,0.7300,8,347
24258,1934206,edge,1,0.7300,8,348
24259,1934286,edge,1,0.7300,8,349
24260,1934367,edge,1,0.7300,8,350
24261,1934448,edge,0,0.7200,8,351
24262,1934525,edge,1,0.7200,8,352
24263,1934695,edge,1,0.7200,8,353
24264,1934764,edge,1,0.7300,8,354
24265,1934845,edge,0,0.7200,8,355
24266,1934947,edge,1,0.7300,8,356
24267,1935048,edge,1,0.7400,8,357
24268,1935126,edge,1,0.7500,8,358
24269,1935211,edge,0,0.7400,8,359
24270,1935297,edge,0,0.7400,8,360
24271,1935393,edge,0,0.7300,8,361
24272,1935456,edge,1,0.7400,8,362
24273,1935546,edge,1,0.7400,8,363
24274,1935637,edge,0,0.7300,8,364
24275,1935727,edge,1,0.7400,8,365
24276,1935881,edge,1,0.7400,8,366
24277,1935952,edge,1,0.7500,8,367
24278,1936042,edge,1,0.7500,8,368
24279,1936135,edge,1,0.7600,8,369
24280,1936285,edge,0,0.7500,8,370
24281,1936486,edge,0,0.7400,8,371
24282,1936564,edge,1,0.7400,8,372
24283,1936679,edge,0,0.7300,8,373
24284,1936904,edge,1,0.7300,8,374
24285,1937055,edge,1,0.7300,8,375
24286,1937117,edge,0,0.7200,8,376
24287,1937194,edge,1,0.7200,8,377
24288,1937268,edge,1,0.7200,8,378
24289,1937319,edge,1,0.7200,8,379
24290,1937401,edge,0,0.7200,8,380
24291,1937531,edge,1,0.7200,8,381
24292,1937618,edge,0,0.7200,8,382
24293,1937695,edge,1,0.7200,8,383
24294,1937783,edge,1,0.7200,8,384
24295,1937858,edge,1,0.7200,8,385
24296,1937942,edge,0,0.7100,8,386
24297,1938004,edge,1,0.7100,8,387
24298,1938059,edge,1,0.7100,8,388
24299,1938111,edge,1,0.7100,8,389
24300,1938196,edge,0,0.7100,8,390
24301,1938353,edge,1,0.7100,8,391
24302,1938415,edge,1,0.7200,8,392
24303,1938493,edge,1,0.7200,8,393
24304,1938570,edge,1,0.7200,8,394
24305,1938660,edge,1,0.7300,8,395
24306,1938741,edge,0,0.7200,8,396
24307,1938825,edge,1,0.7200,8,397
24308,1938906,edge,0,0.7200,8,398
24309,1939002,edge,0,0.7100,8,399
24310,1939085,edge,0,0.7000,8,400
24311,1939166,edge,1,0.7000,8,401
24312,1939247,edge,0,0.6900,8,402
24313,1939328,edge,0,0.6800,8,403
24314,1939409,edge,1,0.6800,8,404
24315,1939491,edge,0,0.6700,8,405
24316,1939609,edge,1,0.6700,8,406
24317,1939756,edge,1,0.6800,8,407
24318,1939840,edge,0,0.6700,8,408
24319,1939998,edge,1,0.6700,8,409
24320,1940082,edge,0,0.6600,8,410
24321,1940152,edge,1,0.6600,8,411
24322,1940241,edge,1,0.6600,8,412
24323,1940323,edge,0,0.6500,8,413
24324,1940391,edge,1,0.6600,8,414
24325,1940488,edge,1,0.6700,8,415
24326,1940580,edge,1,0.6700,8,416
24327,1940669,edge,1,0.6700,8,417
24328,1940733,edge,1,0.6700,8,418
24329,1940819,edge,1,0.6700,8,419
24330,1940900,edge,0,0.6600,8,420
24331,1941004,edge,1,0.6700,8,421
24332,1941074,edge,1,0.6700,8,422
24333,1941157,edge,0,0.6600,8,423
24334,1941208,edge,0,0.6600,8,424
24335,1941274,edge,1,0.6600,8,425
24336,1941364,edge,1,0.6600,8,426
24337,1941532,edge,0,0.6600,8,427
24338,1941597,edge,1,0.6600,8,428
24339,1941655,edge,1,0.6600,8,429
24340,1941703,edge,0,0.6600,8,430
24341,1941775,edge,1,0.6600,8,431
24342,1941849,edge,1,0.6600,8,432
24343,1941933,edge,0,0.6500,8,433
24344,1942074,edge,1,0.6500,8,434
24345,1942155,edge,1,0.6500,8,435
24346,1942280,edge,1,0.6500,8,436
24347,1942354,edge,1,0.6600,8,437
24348,1942436,edge,0,0.6600,8,438
24349,1942517,edge,0,0.6500,8,439
24350,1942601,edge,1,0.6500,8,440
24351,1942698,edge,0,0.6500,8,441
24352,1942779,edge,0,0.6500,8,442
24353,1942862,edge,1,0.6500,8,443
24354,1942929,edge,1,0.6500,8,444
24355,1942992,edge,0,0.6400,8,445
24356,1943068,edge,1,0.6500,8,446
24357,1943129,edge,1,0.6500,8,447
24358,1943198,edge,1,0.6500,8,448
24359,1943371,edge,1,0.6500,8,449
24360,1943428,edge,0,0.6400,8,450
24361,1943506,edge,1,0.6500,8,451
24362,1943561,edge,1,0.6500,8,452
24363,1943656,edge,1,0.6500,8,453
24364,1943705,edge,0,0.6400,8,454
24365,1943789,edge,1,0.6500,8,455
24366,1943873,edge,0,0.6400,8,456
24367,1943943,edge,1,0.6400,8,457
24368,1943995,edge,0,0.6300,8,458
24369,1944110,edge,0,0.6300,8,459
24370,1944189,edge,1,0.6400,8,460
24371,1944352,edge,1,0.6500,8,461
24372,1944435,edge,0,0.6400,8,462
24373,1944516,edge,0,0.6300,8,463
24374,1944617,edge,1,0.6400,8,464
24375,1944683,edge,1,0.6400,8,465
24376,1944780,edge,1,0.6400,8,466
24377,1944856,edge,1,0.6400,8,467
24378,1944941,edge,0,0.6300,8,468
24379,1945014,edge,1,0.6300,8,469
24380,1945129,edge,1,0.6400,8,470
24381,1945203,edge,1,0.6500,8,471
24382,1945284,edge,0,0.6400,8,472
24383,1945407,edge,1,0.6500,8,473
24384,1945547,edge,1,0.6500,8,474
24385,1945650,edge,1,0.6500,8,475
24386,1945723,edge,0,0.6500,8,476
24387,1945810,edge,1,0.6500,8,477
24388,1945885,edge,1,0.6500,8,478
24389,1945964,edge,1,0.6500,8,479
24390,1946019,edge,1,0.6600,8,480
24391,1946068,edge,0,0.6500,8,481
24392,1946151,edge,1,0.6600,8,482
24393,1946208,edge,0,0.6500,8,483
24394,1946262,edge,0,0.6400,8,484
24395,1946343,edge,0,0.6300,8,485
24396,1946395,edge,0,0.6300,8,486
24397,1946498,edge,0,0.6200,8,487
24398,1946721,edge,0,0.6100,8,488
24399,1946806,edge,1,0.6100,8,489
24400,1946880,edge,1,0.6200,8,490
24401,1946962,edge,1,0.6200,8,491
24402,1947047,edge,1,0.6200,8,492
24403,1947135,edge,1,0.6200,8,493
24404,1947206,edge,1,0.6200,8,494
24405,1947259,edge,1,0.6200,8,495
24406,1947331,edge,1,0.6300,8,496
24407,1947423,edge,1,0.6300,8,497
24408,1947504,edge,0,0.6300,8,498
24409,1947737,edge,1,0.6400,8,499
24410,1947899,edge,1,0.6500,8,500
24411,1948151,edge,1,0.6500,8,501
24412,1948212,edge,1,0.6600,8,502
24413,1948293,edge,1,0.6700,8,503
24414,1948462,edge,1,0.6700,8,504
24415,1948533,edge,1,0.6800,8,505
24416,1948643,edge,1,0.6800,8,506
24417,1948722,edge,1,0.6800,8,507
24418,1948795,edge,1,0.6900,8,508
24419,1948879,edge,1,0.6900,8,509
24420,1948927,edge,0,0.6900,8,510
24421,1949015,edge,1,0.6900,8,511
24422,1949096,edge,1,0.6900,8,512
24423,1949176,edge,1,0.7000,8,513
24424,1949258,edge,0,0.6900,8,514
24425,1949343,edge,1,0.6900,8,515
24426,1949522,edge,0,0.6800,8,516
24427,1949603,edge,0,0.6700,8,517
24428,1949695,edge,1,0.6700,8,518
24429,1949802,edge,1,0.6700,8,519
24430,1949880,edge,1,0.6800,8,520
24431,1949967,edge,1,0.6800,8,521
24432,1950141,edge,1,0.6800,8,522
24433,1950242,edge,1,0.6900,8,523
24434,1950317,edge,1,0.7000,8,524
24435,1950397,edge,1,0.7000,8,525
24436,1950496,edge,1,0.7000,8,526
24437,1950621,edge,0,0.7000,8,527
24438,1950712,edge,1,0.7000,8,528
24439,1950764,edge,0,0.6900,8,529
24440,1950855,edge,1,0.7000,8,530
24441,1950907,edge,0,0.6900,8,531
24442,1950992,edge,0,0.6800,8,532
24443,1951050,edge,0,0.6800,8,533
24444,1951181,edge,0,0.6700,8,534
24445,1951260,edge,1,0.6700,8,535
24446,1951352,edge,1,0.6700,8,536
24447,1951412,edge,1,0.6700,8,537
24448,1951491,edge,1,0.6800,8,538
24449,1951580,edge,1,0.6900,8,539
24450,1951657,edge,1,0.6900,8,540
24451,1951704,edge,0,0.6900,8,541
24452,1951758,edge,1,0.7000,8,542
24453,1951851,edge,1,0.7000,8,543
24454,1951929,edge,1,0.7000,8,544
24455,1951984,edge,0,0.7000,8,545
24456,1952061,edge,1,0.7000,8,546
24457,1952132,edge,1,0.7000,8,547
24458,1952302,edge,1,0.7000,8,548
24459,1952367,edge,0,0.6900,8,549
24460,1952448,edge,1,0.7000,8,550
24461,1952532,edge,1,0.7000,8,551
24462,1952643,edge,1,0.7000,8,552
24463,1952724,edge,0,0.6900,8,553
24464,1952805,edge,1,0.7000,8,554
24465,1952957,edge,1,0.7000,8,555
24466,1953028,edge,1,0.7100,8,556
24467,1953099,edge,1,0.7100,8,557
24468,1953174,edge,1,0.7200,8,558
24469,1953324,edge,1,0.7300,8,559
24470,1953381,edge,1,0.7300,8,560
24471,1953451,edge,1,0.7300,8,561
24472,1953543,edge,1,0.7400,8,562
24473,1953620,edge,1,0.7500,8,563
24474,1953707,edge,1,0.7500,8,564
24475,1953781,edge,1,0.7500,8,565
24476,1953887,edge,1,0.7500,8,566
24477,1953942,edge,0,0.7400,8,567
24478,1953995,edge,1,0.7500,8,568
24479,1954079,edge,0,0.7400,8,569
24480,1954206,edge,0,0.7300,8,570
24481,1954275,edge,1,0.7300,8,571
24482,1954356,edge,0,0.7300,8,572
24483,1954459,edge,1,0.7300,8,573
24484,1954542,edge,1,0.7300,8,574
24485,1954615,edge,1,0.7300,8,575
24486,1954693,edge,1,0.7400,8,576
24487,1954785,edge,0,0.7300,8,577
24488,1954964,edge,1,0.7300,8,578
24489,1955044,edge,1,0.7300,8,579
24490,1955138,edge,0,0.7200,8,580
24491,1955321,edge,0,0.7200,8,581
24492,1955397,edge,1,0.7200,8,582
24493,1955469,edge,1,0.7300,8,583
24494,1955535,edge,1,0.7400,8,584
24495,1955628,edge,1,0.7500,8,585
24496,1955803,edge,1,0.7600,8,586
24497,1955868,edge,0,0.7600,8,587
24498,1955940,edge,1,0.7700,8,588
24499,1956020,edge,1,0.7700,8,589
24500,1956170,edge,1,0.7700,8,590
24501,1956218,edge,0,0.7600,8,591
24502,1956278,edge,1,0.7600,8,592
24503,1956362,edge,1,0.7600,8,593
24504,1956465,edge,1,0.7600,8,594
24505,1956546,edge,1,0.7600,8,595
24506,1956633,edge,1,0.7600,8,596
24507,1956711,edge,1,0.7600,8,597
24508,1956791,edge,1,0.7700,8,598
24509,1956957,edge,1,0.7700,8,599
24510,1957022,edge,1,0.7700,8,600
24511,1957115,edge,1,0.7700,8,601
24512,1957281,edge,0,0.7600,8,602
24513,1957356,edge,1,0.7600,8,603
24514,1957441,edge,0,0.7500,8,604
24515,1957537,edge,1,0.7500,8,605
24516,1957623,edge,1,0.7500,8,606
24517,1957703,edge,1,0.7500,8,607
24518,1957791,edge,1,0.7500,8,608
24519,1957868,edge,1,0.7500,8,609
24520,1957938,edge,1,0.7600,8,610
24521,1958089,edge,1,0.7600,8,611
24522,1958174,edge,1,0.7600,8,612
24523,1958245,edge,1,0.7600,8,613
24524,1958321,edge,1,0.7700,8,614
24525,1958381,edge,1,0.7700,8,615
24526,1958438,edge,1,0.7800,8,616
24527,1958530,edge,1,0.7900,8,617
24528,1958610,edge,1,0.7900,8,618
24529,1958687,edge,1,0.7900,8,619
24530,1958767,edge,1,0.7900,8,620
24531,1958858,edge,1,0.7900,8,621
24532,1958927,edge,1,0.7900,8,622
24533,1959008,edge,0,0.7800,8,623
24534,1959092,edge,1,0.7800,8,624
24535,1959174,edge,1,0.7800,8,625
24536,1959243,edge,1,0.7800,8,626
24537,1959311,edge,1,0.7900,8,627
24538,1959368,edge,1,0.7900,8,628
24539,1959437,edge,1,0.8000,8,629
24540,1959611,edge,1,0.8000,8,630
24541,1959666,edge,0,0.8000,8,631
24542,1959748,edge,0,0.8000,8,632
24543,1959843,edge,0,0.8000,8,633
24544,1959938,edge,0,0.8000,8,634
24545,1960014,edge,1,0.8000,8,635
24546,1960108,edge,1,0.8000,8,636
24547,1960194,edge,1,0.8000,8,637
24548,1960275,edge,0,0.7900,8,638
24549,1960328,edge,0,0.7800,8,639
24550,1960418,edge,1,0.7800,8,640
24551,1960526,edge,1,0.7900,8,641
24552,1960773,edge,1,0.7900,8,642
24553,1960848,edge,1,0.7900,8,643
24554,1960916,edge,1,0.7900,8,644
24555,1961004,edge,1,0.8000,8,645
24556,1961093,edge,1,0.8000,8,646
24557,1961181,edge,1,0.8000,8,647
24558,1961254,edge,1,0.8000,8,648
24559,1961521,edge,1,0.8100,8,649
24560,1961614,edge,1,0.8100,8,650
24561,1961701,edge,1,0.8100,8,651
24562,1961800,edge,1,0.8100,8,652
24563,1961854,edge,0,0.8100,8,653
24564,1961907,edge,0,0.8000,8,654
24565,1961963,edge,1,0.8000,8,655
24566,1962054,edge,1,0.8000,8,656
24567,1962152,edge,1,0.8000,8,657
24568,1962250,edge,1,0.8000,8,658
24569,1962333,edge,0,0.7900,8,659
24570,1962411,edge,1,0.7900,8,660
24571,1962478,edge,1,0.7900,8,661
24572,1962558,edge,1,0.7900,8,662
24573,1962626,edge,1,0.7900,8,663
24574,1962709,edge,0,0.7800,8,664
24575,1962792,edge,0,0.7700,8,665
24576,1962859,edge,1,0.7700,8,666
24577,1963023,edge,1,0.7800,8,667
24578,1963110,edge,1,0.7800,8,668
24579,1963170,edge,1,0.7900,8,669
24580,1963307,edge,0,0.7900,8,670
24581,1963475,edge,1,0.7900,8,671
24582,1963541,edge,0,0.7900,8,672
24583,1963614,edge,1,0.7900,8,673
24584,1963685,edge,1,0.7900,8,674
24585,1963766,edge,1,0.7900,8,675
24586,1963848,edge,1,0.7900,8,676
24587,1963931,edge,1,0.8000,8,677
24588,1964017,edge,1,0.8000,8,678
24589,1964085,edge,1,0.8000,8,679
24590,1964160,edge,1,0.8100,8,680
24591,1964241,edge,0,0.8100,8,681
24592,1964323,edge,1,0.8100,8,682
24593,1964394,edge,1,0.8100,8,683
24594,1964489,edge,0,0.8000,8,684
24595,1964576,edge,1,0.8000,8,685
24596,1964663,edge,1,0.8000,8,686
24597,1964752,edge,0,0.8000,8,687
24598,1964835,edge,0,0.7900,8,688
24599,1964926,edge,1,0.7900,8,689
24600,1965027,edge,1,0.7900,8,690
24601,1965080,edge,0,0.7900,8,691
24602,1965142,edge,1,0.7900,8,692
24603,1965198,edge,1,0.7900,8,693
24604,1965275,edge,1,0.7900,8,694
24605,1965352,edge,1,0.7900,8,695
24606,1965448,edge,1,0.7900,8,696
24607,1965538,edge,1,0.7900,8,697
24608,1965705,edge,1,0.7900,8,698
24609,1965788,edge,1,0.7900,8,699
24610,1965881,edge,1,0.7900,8,700
24611,1965933,edge,0,0.7800,8,701
24612,1966014,edge,0,0.7800,8,702
24613,1966162,edge,1,0.7800,8,703
24614,1966212,edge,0,0.7800,8,704
24615,1966299,edge,1,0.7800,8,705
24616,1966366,edge,1,0.7800,8,706
24617,1966444,edge,1,0.7800,8,707
24618,1966508,edge,1,0.7800,8,708
24619,1966634,edge,0,0.7700,8,709
24620,1966725,edge,1,0.7700,8,710
24621,1966808,edge,1,0.7700,8,711
24622,1966889,edge,1,0.7700,8,712
24623,1966963,edge,1,0.7700,8,713
24624,1967044,edge,0,0.7600,8,714
24625,1967121,edge,1,0.7600,8,715
24626,1967198,edge,1,0.7600,8,716
24627,1967286,edge,0,0.7500,8,717
24628,1967433,edge,1,0.7500,8,718
24629,1967478,edge,0,0.7400,8,719
24630,1967575,edge,1,0.7400,8,720
24631,1967653,edge,1,0.7400,8,721
24632,1967742,edge,1,0.7400,8,722
24633,1967940,edge,1,0.7500,8,723
24634,1968036,edge,1,0.7500,8,724
24635,1968095,edge,1,0.7500,8,725
24636,1968159,edge,1,0.7500,8,726
24637,1968217,edge,0,0.7400,8,727
24638,1968277,edge,1,0.7400,8,728
24639,1968324,edge,0,0.7300,8,729
24640,1968428,edge,1,0.7300,8,730
24641,1968484,edge,1,0.7400,8,731
24642,1968539,edge,0,0.7400,8,732
24643,1968619,edge,1,0.7500,8,733
24644,1968706,edge,0,0.7500,8,734
24645,1968787,edge,0,0.7400,8,735
24646,1968860,edge,1,0.7400,8,736
24647,1968950,edge,1,0.7400,8,737
24648,1969056,edge,1,0.7500,8,738
24649,1969153,edge,1,0.7600,8,739
24650,1969205,edge,0,0.7500,8,740
24651,1969293,edge,1,0.7500,8,741
24652,1969369,edge,1,0.7500,8,742
24653,1969440,edge,1,0.7500,8,743
24654,1969517,edge,1,0.7500,8,744
24655,1969626,edge,1,0.7500,8,745
24656,1969699,edge,1,0.7500,8,746
24657,1969774,edge,1,0.7500,8,747
24658,1969882,edge,1,0.7500,8,748
24659,1969995,edge,1,0.7500,8,749
24660,1970079,edge,1,0.7500,8,750
24661,1970163,edge,0,0.7400,8,751
24662,1970232,edge,1,0.7400,8,752
24663,1970319,edge,0,0.7400,8,753
24664,1970397,edge,1,0.7500,8,754
24665,1970451,edge,1,0.7500,8,755
24666,1970510,edge,1,0.7500,8,756
24667,1970567,edge,1,0.7500,8,757
24668,1970633,edge,1,0.7500,8,758
24669,1970716,edge,1,0.7600,8,759
24670,1970797,edge,1,0.7600,8,760
24671,1970936,edge,1,0.7600,8,761
24672,1971014,edge,1,0.7600,8,762
24673,1971096,edge,0,0.7500,8,763
24674,1971202,edge,1,0.7600,8,764
24675,1971353,edge,1,0.7700,8,765
24676,1971419,edge,1,0.7700,8,766
24677,1971533,edge,1,0.7700,8,767
24678,1971743,edge,1,0.7700,8,768
24679,1971798,edge,0,0.7600,8,769
24680,1971894,edge,1,0.7700,8,770
24681,1971953,edge,1,0.7700,8,771
24682,1972003,edge,0,0.7700,8,772
24683,1972056,edge,0,0.7600,8,773
24684,1972139,edge,1,0.7600,8,774
24685,1972221,edge,1,0.7600,8,775
24686,1972344,edge,1,0.7600,8,776
24687,1972425,edge,1,0.7600,8,777
24688,1972482,edge,1,0.7600,8,778
24689,1972556,edge,1,0.7600,8,779
24690,1972633,edge,1,0.7600,8,780
24691,1972709,edge,1,0.7700,8,781
24692,1972783,edge,1,0.7700,8,782
24693,1972879,edge,1,0.7700,8,783
24694,1972983,edge,0,0.7700,8,784
24695,1973066,edge,1,0.7700,8,785
24696,1973156,edge,1,0.7700,8,786
24697,1973325,edge,1,0.7800,8,787
24698,1973404,edge,1,0.7900,8,788
24699,1973501,edge,1,0.7900,8,789
24700,1973571,edge,1,0.7900,8,790
24701,1973654,edge,1,0.8000,8,791
24702,1973737,edge,0,0.7900,8,792
24703,1973818,edge,1,0.7900,8,793
24704,1973917,edge,1,0.7900,8,794
24705,1974019,edge,1,0.7900,8,795
24706,1974077,edge,1,0.7900,8,796
24707,1974131,edge,1,0.7900,8,797
24708,1974215,edge,0,0.7800,8,798
24709,1974297,edge,1,0.7800,8,799
24710,1974367,edge,1,0.7800,8,800
24711,1974413,edge,0,0.7800,8,801
24712,1974492,edge,1,0.7900,8,802
24713,1974591,edge,0,0.7800,8,803
24714,1974700,edge,1,0.7900,8,804
24715,1974873,edge,0,0.7800,8,805
24716,1974970,edge,1,0.7800,8,806
24717,1975034,edge,1,0.7800,8,807
24718,1975184,edge,1,0.7800,8,808
24719,1975292,edge,0,0.7800,8,809
24720,1975374,edge,1,0.7800,8,810
24721,1975454,edge,1,0.7800,8,811
24722,1975548,edge,0,0.7700,8,812
24723,1975615,edge,1,0.7700,8,813
24724,1975729,edge,1,0.7800,8,814
24725,1975818,edge,1,0.7800,8,815
24726,1975901,edge,0,0.7700,8,816
24727,1975974,edge,1,0.7800,8,817
24728,1976099,edge,1,0.7800,8,818
24729,1976233,edge,1,0.7900,8,819
24730,1976378,edge,1,0.7900,8,820
24731,1976463,edge,0,0.7800,8,821
24732,1976511,edge,0,0.7700,8,822
24733,1976579,edge,1,0.7700,8,823
24734,1976642,edge,1,0.7700,8,824
24735,1976720,edge,1,0.7700,8,825
24736,1976777,edge,1,0.7700,8,826
24737,1976835,edge,0,0.7700,8,827
24738,1976889,edge,1,0.7700,8,828
24739,1976979,edge,1,0.7800,8,829
24740,1977052,edge,1,0.7800,8,830
24741,1977141,edge,1,0.7800,8,831
24742,1977217,edge,1,0.7900,8,832
24743,1977306,edge,0,0.7800,8,833
24744,1977477,edge,0,0.7800,8,834
24745,1977574,edge,1,0.7900,8,835
24746,1977673,edge,1,0.7900,8,836
24747,1977736,edge,1,0.7900,8,837
24748,1977837,edge,0,0.7800,8,838
24749,1977907,edge,1,0.7800,8,839
24750,1978095,edge,0,0.7800,8,840
24751,1978228,edge,1,0.7800,8,841
24752,1978309,edge,0,0.7700,8,842
24753,1978412,edge,1,0.7700,8,843
24754,1978493,edge,1,0.7700,8,844
24755,1978576,edge,1,0.7700,8,845
24756,1978662,edge,1,0.7700,8,846
24757,1978746,edge,1,0.7700,8,847
24758,1978831,edge,1,0.7700,8,848
24759,1978903,edge,1,0.7700,8,849
24760,1978986,edge,1,0.7700,8,850
24761,1979032,edge,0,0.7700,8,851
24762,1979112,edge,1,0.7700,8,852
24763,1979173,edge,0,0.7700,8,853
24764,1979252,edge,1,0.7700,8,854
24765,1979323,edge,1,0.7700,8,855
24766,1979409,edge,1,0.7700,8,856
24767,1979492,edge,0,0.7600,8,857
24768,1979562,edge,1,0.7600,8,858
24769,1979654,edge,1,0.7600,8,859
24770,1979735,edge,0,0.7500,8,860
24771,1979821,edge,1,0.7500,8,861
24772,1979892,edge,1,0.7500,8,862
24773,1979943,edge,0,0.7500,8,863
24774,1980034,edge,1,0.7500,8,864
24775,1980109,edge,1,0.7500,8,865
24776,1980192,edge,0,0.7400,8,866
24777,1980383,edge,1,0.7400,8,867
24778,1980475,edge,1,0.7400,8,868
24779,1980548,edge,1,0.7500,8,869
24780,1980608,edge,1,0.7500,8,870
24781,1980690,edge,0,0.7400,8,871
24782,1980780,edge,1,0.7500,8,872
24783,1980847,edge,1,0.7600,8,873
24784,1980935,edge,1,0.7600,8,874
24785,1981000,edge,1,0.7600,8,875
24786,1981058,edge,1,0.7600,8,876
24787,1981123,edge,1,0.7600,8,877
24788,1981195,edge,1,0.7600,8,878
24789,1981254,edge,0,0.7500,8,879
24790,1981336,edge,1,0.7500,8,880
24791,1981422,edge,1,0.7500,8,881
24792,1981519,edge,1,0.7500,8,882
24793,1981604,edge,1,0.7500,8,883
24794,1981675,edge,0,0.7500,8,884
24795,1981775,edge,1,0.7500,8,885
24796,1981885,edge,1,0.7500,8,886
24797,1981963,edge,1,0.7500,8,887
24798,1982037,edge,1,0.7500,8,888
24799,1982082,edge,0,0.7400,8,889
24800,1982159,edge,1,0.7400,8,890
24801,1982347,edge,0,0.7300,8,891
24802,1982433,edge,0,0.7300,8,892
24803,1982517,edge,0,0.7200,8,893
24804,1982597,edge,1,0.7200,8,894
24805,1982649,edge,0,0.7100,8,895
24806,1982733,edge,0,0.7000,8,896
24807,1982810,edge,1,0.7000,8,897
24808,1982875,edge,1,0.7100,8,898
24809,1982964,edge,1,0.7100,8,899
24810,1983056,edge,0,0.7000,8,900
24811,1983142,edge,1,0.7100,8,901
24812,1983209,edge,1,0.7100,8,902
24813,1983280,edge,1,0.7200,8,903
24814,1983412,edge,0,0.7100,8,904
24815,1983488,edge,1,0.7200,8,905
24816,1983562,edge,1,0.7200,8,906
24817,1983638,edge,1,0.7200,8,907
24818,1983725,edge,1,0.7200,8,908
24819,1983819,edge,1,0.7300,8,909
24820,1983900,edge,0,0.7200,8,910
24821,1983963,edge,0,0.7100,8,911
24822,1984041,edge,1,0.7200,8,912
24823,1984117,edge,1,0.7200,8,913
24824,1984274,edge,1,0.7200,8,914
24825,1984324,edge,0,0.7100,8,915
24826,1984435,edge,1,0.7200,8,916
24827,1984517,edge,1,0.7200,8,917
24828,1984595,edge,1,0.7200,8,918
24829,1984679,edge,1,0.7200,8,919
24830,1984768,edge,1,0.7200,8,920
24831,1984843,edge,1,0.7300,8,921
24832,1984989,edge,0,0.7300,8,922
24833,1985061,edge,1,0.7300,8,923
24834,1985122,edge,0,0.7200,8,924
24835,1985210,edge,1,0.7200,8,925
24836,1985260,edge,0,0.7100,8,926
24837,1985328,edge,1,0.7200,8,927
24838,1985411,edge,1,0.7200,8,928
24839,1985496,edge,1,0.7200,8,929
24840,1985548,edge,1,0.7200,8,930
24841,1985601,edge,0,0.7100,8,931
24842,1985687,edge,1,0.7100,8,932
24843,1985834,edge,1,0.7200,8,933
24844,1985926,edge,1,0.7300,8,934
24845,1985986,edge,1,0.7300,8,935
24846,1986068,edge,1,0.7300,8,936
24847,1986154,edge,1,0.7300,8,937
24848,1986244,edge,0,0.7300,8,938
24849,1986315,edge,1,0.7300,8,939
24850,1986404,edge,1,0.7400,8,940
24851,1986482,edge,1,0.7400,8,941
24852,1986556,edge,1,0.7500,8,942
24853,1986742,edge,0,0.7400,8,943
24854,1986835,edge,1,0.7400,8,944
24855,1986899,edge,1,0.7400,8,945
24856,1986977,edge,1,0.7400,8,946
24857,1987053,edge,1,0.7400,8,947
24858,1987127,edge,1,0.7400,8,948
24859,1987208,edge,1,0.7400,8,949
24860,1987291,edge,1,0.7400,8,950
24861,1987377,edge,1,0.7500,8,951
24862,1987480,edge,1,0.7500,8,952
24863,1987534,edge,1,0.7600,8,953
24864,1987615,edge,0,0.7500,8,954
24865,1987700,edge,1,0.7500,8,955
24866,1987774,edge,1,0.7500,8,956
24867,1987860,edge,1,0.7600,8,957
24868,1988014,edge,1,0.7600,8,958
24869,1988090,edge,1,0.7600,8,959
24870,1988147,edge,0,0.7600,8,960
24871,1988228,edge,0,0.7500,8,961
24872,1988319,edge,1,0.7500,8,962
24873,1988407,edge,1,0.7600,8,963
24874,1988489,edge,1,0.7600,8,964
24875,1988563,edge,1,0.7600,8,965
24876,1988657,edge,1,0.7700,8,966
24877,1988727,edge,1,0.7700,8,967
24878,1988809,edge,1,0.7700,8,968
24879,1988903,edge,1,0.7700,8,969
24880,1988977,edge,1,0.7700,8,970
24881,1989065,edge,1,0.7800,8,971
24882,1989124,edge,1,0.7800,8,972
24883,1989208,edge,1,0.7800,8,973
24884,1989287,edge,1,0.7800,8,974
24885,1989387,edge,1,0.7800,8,975
24886,1989464,edge,1,0.7800,8,976
24887,1989547,edge,1,0.7800,8,977
24888,1989633,edge,0,0.7700,8,978
24889,1989712,edge,1,0.7800,8,979
24890,1989775,edge,1,0.7800,8,980
24891,1989844,edge,1,0.7800,8,981
24892,1989920,edge,1,0.7800,8,982
24893,1989998,edge,1,0.7800,8,983
24894,1990088,edge,0,0.7800,8,984
24895,1990163,edge,1,0.7800,8,985
24896,1990233,edge,1,0.7800,8,986
24897,1990314,edge,0,0.7700,8,987
24898,1990405,edge,1,0.7700,8,988
24899,1990481,edge,1,0.7800,8,989
24900,1990574,edge,1,0.7800,8,990
24901,1990634,edge,0,0.7800,8,991
24902,1990698,edge,0,0.7800,8,992
24903,1990754,edge,0,0.7800,8,993
24904,1990838,edge,1,0.7800,8,994
24905,1990919,edge,0,0.7800,8,995
24906,1991008,edge,1,0.7900,8,996
24907,1991078,edge,1,0.7900,8,997
24908,1991143,edge,1,0.7900,8,998
24909,1991216,edge,1,0.7900,8,999
24910,1991294,edge,1,0.8000,8,1000
24911,1991392,edge,1,0.8000,8,1001
24912,1991450,edge,0,0.7900,8,1002
24913,1991537,edge,1,0.7900,8,1003
24914,1991613,edge,1,0.8000,8,1004
24915,1991695,edge,1,0.8000,8,1005
24916,1991770,edge,1,0.8000,8,1006
24917,1991851,edge,0,0.7900,8,1007
24918,1991929,edge,1,0.7900,8,1008
24919,1991996,edge,1,0.7900,8,1009
24920,1992081,edge,0,0.7900,8,1010
24921,1992186,edge,1,0.8000,8,1011
24922,1992247,edge,1,0.8000,8,1012
24923,1992352,edge,1,0.8000,8,1013
24924,1992413,edge,1,0.8000,8,1014
24925,1992512,edge,1,0.8100,8,1015
24926,1992573,edge,1,0.8100,8,1016
24927,1992648,edge,1,0.8100,8,1017
24928,1992798,edge,1,0.8100,8,1018
24929,1992884,edge,1,0.8100,8,1019
24930,1992968,edge,1,0.8100,8,1020
24931,1993025,edge,0,0.8000,8,1021
24932,1993113,edge,1,0.8100,8,1022
24933,1993202,edge,1,0.8100,8,1023
24934,1993281,edge,1,0.8200,8,1024
24935,1993338,edge,1,0.8200,8,1025
24936,1993405,edge,1,0.8300,8,1026
24937,1993571,edge,0,0.8200,8,1027
24938,1993652,edge,0,0.8100,8,1028
24939,1993744,edge,1,0.8100,8,1029
24940,1993843,edge,1,0.8100,8,1030
24941,1993928,edge,1,0.8200,8,1031
24942,1993998,edge,1,0.8200,8,1032
24943,1994082,edge,1,0.8200,8,1033
24944,1994169,edge,1,0.8200,8,1034
24945,1994307,edge,1,0.8200,8,1035
24946,1994389,edge,0,0.8100,8,1036
24947,1994471,edge,0,0.8000,8,1037
24948,1994544,edge,1,0.8100,8,1038
24949,1994626,edge,1,0.8100,8,1039
24950,1994720,edge,1,0.8100,8,1040
24951,1994788,edge,1,0.8100,8,1041
24952,1994854,edge,1,0.8100,8,1042
24953,1994925,edge,1,0.8200,8,1043
24954,1994976,edge,0,0.8100,8,1044
24955,1995041,edge,1,0.8100,8,1045
24956,1995103,edge,1,0.8100,8,1046
24957,1995183,edge,1,0.8100,8,1047
24958,1995246,edge,1,0.8100,8,1048
24959,1995365,edge,1,0.8100,8,1049
24960,1995448,edge,1,0.8100,8,1050
24961,1995527,edge,1,0.8100,8,1051
24962,1995604,edge,1,0.8100,8,1052
24963,1995701,edge,1,0.8100,8,1053
24964,1995785,edge,1,0.8200,8,1054
24965,1995881,edge,1,0.8200,8,1055
24966,1995960,edge,1,0.8200,8,1056
24967,1996055,edge,0,0.8100,8,1057
24968,1996142,edge,0,0.8000,8,1058
24969,1996238,edge,1,0.8000,8,1059
24970,1996330,edge,1,0.8100,8,1060
24971,1996412,edge,1,0.8200,8,1061
24972,1996461,edge,1,0.8200,8,1062
24973,1996547,edge,1,0.8200,8,1063
24974,1996635,edge,1,0.8200,8,1064
24975,1996728,edge,1,0.8200,8,1065
24976,1996816,edge,0,0.8100,8,1066
24977,1997003,edge,1,0.8100,8,1067
24978,1997089,edge,1,0.8100,8,1068
24979,1997151,edge,1,0.8100,8,1069
24980,1997252,edge,1,0.8100,8,1070
24981,1997311,edge,1,0.8100,8,1071
24982,1997380,edge,1,0.8100,8,1072
24983,1997441,edge,1,0.8100,8,1073
24984,1997506,edge,1,0.8100,8,1074
24985,1997584,edge,1,0.8100,8,1075
24986,1997666,edge,1,0.8100,8,1076
24987,1997731,edge,1,0.8100,8,1077
24988,1997816,edge,1,0.8200,8,1078
24989,1997923,edge,1,0.8200,8,1079
24990,1998003,edge,1,0.8200,8,1080
24991,1998083,edge,1,0.8200,8,1081
24992,1998148,edge,1,0.8200,8,1082
24993,1998232,edge,1,0.8200,8,1083
24994,1998343,edge,1,0.8300,8,1084
24995,1998427,edge,1,0.8300,8,1085
24996,1998508,edge,0,0.8200,8,1086
24997,1998561,edge,0,0.8200,8,1087
24998,1998668,edge,1,0.8200,8,1088
24999,1998712,edge,1,0.8200,8,1089
25000,1998804,edge,1,0.8200,8,1090
25001,1998894,edge,1,0.8300,8,1091
25002,1998993,edge,0,0.8300,8,1092
25003,1999082,edge,0,0.8300,8,1093
25004,1999171,edge,1,0.8300,8,1094
25005,1999253,edge,0,0.8300,8,1095
25006,1999342,edge,1,0.8300,8,1096
25007,1999422,edge,1,0.8300,8,1097
25008,1999503,edge,0,0.8200,8,1098
25009,1999585,edge,0,0.8100,8,1099
25010,1999644,edge,1,0.8100,8,1100
25011,1999720,edge,1,0.8100,8,1101
25012,1999811,edge,0,0.8100,8,1102
25013,1999894,edge,0,0.8000,8,1103
25014,1999999,edge,1,0.8000,8,1104
25015,2000106,edge,1,0.8000,8,1105
25016,2000203,edge,1,0.8000,8,1106
25017,2000283,edge,1,0.8100,8,1107
25018,2000443,edge,1,0.8100,8,1108
25019,2000546,edge,1,0.8100,8,1109
25020,2000624,edge,1,0.8200,8,1110
25021,2000669,edge,0,0.8100,8,1111
25022,2000756,edge,0,0.8000,8,1112
25023,2000839,edge,1,0.8000,8,1113
25024,2000953,edge,1,0.8000,8,1114
25025,2001030,edge,1,0.8000,8,1115
25026,2001108,edge,1,0.8000,8,1116
25027,2001184,edge,1,0.8000,8,1117
25028,2001235,edge,1,0.8000,8,1118
25029,2001316,edge,1,0.8000,8,1119
25030,2001371,edge,0,0.7900,8,1120
25031,2001459,edge,1,0.8000,8,1121
25032,2001568,edge,1,0.8000,8,1122
25033,2001657,edge,1,0.8000,8,1123
25034,2001712,edge,1,0.8000,8,1124
25035,2001797,edge,1,0.8000,8,1125
25036,2001876,edge,1,0.8000,8,1126
25037,2001981,edge,1,0.8100,8,1127
25038,2002064,edge,1,0.8200,8,1128
25039,2002150,edge,0,0.8100,8,1129
25040,2002226,edge,1,0.8100,8,1130
25041,2002308,edge,0,0.8000,8,1131
25042,2002402,edge,1,0.8000,8,1132
25043,2002485,edge,1,0.8000,8,1133
25044,2002557,edge,1,0.8000,8,1134
25045,2002666,edge,1,0.8000,8,1135
25046,2002754,edge,0,0.8000,8,1136
25047,2002837,edge,1,0.8100,8,1137
25048,2002909,edge,1,0.8100,8,1138
25049,2002979,edge,1,0.8100,8,1139
25050,2003036,edge,1,0.8100,8,1140
25051,2003119,edge,1,0.8100,8,1141
25052,2003195,edge,1,0.8100,8,1142
25053,2003239,edge,0,0.8000,8,1143
25054,2003303,edge,1,0.8100,8,1144
25055,2003384,edge,1,0.8100,8,1145
25056,2003452,edge,1,0.8100,8,1146
25057,2003525,edge,1,0.8100,8,1147
25058,2003730,edge,1,0.8100,8,1148
25059,2003820,edge,1,0.8100,8,1149
25060,2003927,edge,1,0.8100,8,1150
25061,2004005,edge,1,0.8100,8,1151
25062,2004086,edge,0,0.8000,8,1152
25063,2004150,edge,1,0.8000,8,1153
25064,2004233,edge,0,0.7900,8,1154
25065,2004315,edge,0,0.7800,8,1155
25066,2004464,edge,1,0.7800,8,1156
25067,2004586,edge,1,0.7900,8,1157
25068,2004667,edge,0,0.7900,8,1158
25069,2004741,edge,1,0.7900,8,1159
25070,2004795,edge,1,0.7900,8,1160
25071,2004873,edge,1,0.7900,8,1161
25072,2004951,edge,1,0.7900,8,1162
25073,2005029,edge,1,0.7900,8,1163
25074,2005096,edge,1,0.7900,8,1164
25075,2005209,edge,1,0.7900,8,1165
25076,2005296,edge,1,0.8000,8,1166
25077,2005388,edge,1,0.8000,8,1167
25078,2005464,edge,1,0.8000,8,1168
25079,2005526,edge,0,0.7900,8,1169
25080,2005617,edge,1,0.7900,8,1170
25081,2005698,edge,1,0.7900,8,1171
25082,2005781,edge,1,0.7900,8,1172
25083,2005871,edge,0,0.7800,8,1173
25084,2005944,edge,1,0.7800,8,1174
25085,2006011,edge,1,0.7800,8,1175
25086,2006055,edge,0,0.7700,8,1176
25087,2006141,edge,0,0.7600,8,1177
25088,2006235,edge,1,0.7600,8,1178
25089,2006288,edge,0,0.7500,8,1179
25090,2006401,edge,1,0.7500,8,1180
25091,2006465,edge,1,0.7500,8,1181
25092,2006536,edge,1,0.7500,8,1182
25093,2006653,edge,1,0.7500,8,1183
25094,2006736,edge,0,0.7400,8,1184
25095,2006822,edge,1,0.7400,8,1185
25096,2006872,edge,0,0.7400,8,1186
25097,2006954,edge,1,0.7500,8,1187
25098,2007066,edge,1,0.7500,8,1188
25099,2007127,edge,0,0.7400,8,1189
25100,2007199,edge,1,0.7400,8,1190
25101,2007275,edge,1,0.7400,8,1191
25102,2007357,edge,0,0.7400,8,1192
25103,2007440,edge,1,0.7500,8,1193
25104,2007524,edge,1,0.7500,8,1194
25105,2007580,edge,1,0.7600,8,1195
25106,2007665,edge,1,0.7600,8,1196
25107,2007773,edge,1,0.7600,8,1197
25108,2007849,edge,1,0.7700,8,1198
25109,2007902,edge,1,0.7800,8,1199
25110,2007987,edge,1,0.7800,8,1200
25111,2008041,edge,0,0.7700,8,1201
25112,2008131,edge,1,0.7800,8,1202
25113,2008212,edge,0,0.7800,8,1203
25114,2008284,edge,1,0.7800,8,1204
25115,2008372,edge,1,0.7800,8,1205
25116,2008518,edge,1,0.7800,8,1206
25117,2008605,edge,0,0.7700,8,1207
25118,2008690,edge,0,0.7600,8,1208
25119,2008740,edge,1,0.7600,8,1209
25120,2008819,edge,1,0.7600,8,1210
25121,2008910,edge,1,0.7700,8,1211
25122,2009019,edge,1,0.7800,8,1212
25123,2009090,edge,1,0.7800,8,1213
25124,2009179,edge,1,0.7800,8,1214
25125,2009274,edge,1,0.7800,8,1215
25126,2009351,edge,1,0.7800,8,1216
25127,2009417,edge,1,0.7800,8,1217
25128,2009494,edge,1,0.7800,8,1218
25129,2009595,edge,1,0.7800,8,1219
25130,2009691,edge,1,0.7900,8,1220
25131,2009756,edge,1,0.7900,8,1221
25132,2009937,edge,1,0.7900,8,1222
25133,2010010,edge,1,0.7900,8,1223
25134,2010092,edge,0,0.7800,8,1224
25135,2010145,edge,0,0.7700,8,1225
25136,2010204,edge,1,0.7700,8,1226
25137,2010262,edge,0,0.7600,8,1227
25138,2010345,edge,1,0.7600,8,1228
25139,2010396,edge,1,0.7700,8,1229
25140,2010492,edge,1,0.7700,8,1230
25141,2010691,edge,1,0.7800,8,1231
25142,2010769,edge,1,0.7800,8,1232
25143,2010841,edge,1,0.7800,8,1233
25144,2010906,edge,1,0.7800,8,1234
25145,2010988,edge,0,0.7700,8,1235
25146,2011075,edge,1,0.7800,8,1236
25147,2011216,edge,0,0.7700,8,1237
25148,2011281,edge,1,0.7700,8,1238
25149,2011388,edge,1,0.7700,8,1239
25150,2011438,edge,0,0.7600,8,1240
25151,2011517,edge,1,0.7600,8,1241
25152,2011598,edge,1,0.7600,8,1242
25153,2011677,edge,1,0.7700,8,1243
25154,2011753,edge,1,0.7700,8,1244
25155,2011857,edge,1,0.7700,8,1245
25156,2011938,edge,0,0.7600,8,1246
25157,2012105,edge,0,0.7500,8,1247
25158,2012171,edge,1,0.7500,8,1248
25159,2012245,edge,1,0.7500,8,1249
25160,2012351,edge,1,0.7500,8,1250
25161,2012409,edge,1,0.7500,8,1251
25162,2012500,edge,1,0.7600,8,1252
25163,2012587,edge,1,0.7600,8,1253
25164,2012717,edge,0,0.7600,8,1254
25165,2012798,edge,1,0.7700,8,1255
25166,2012879,edge,1,0.7700,8,1256
25167,2012960,edge,0,0.7600,8,1257
25168,2013027,edge,1,0.7700,8,1258
25169,2013109,edge,1,0.7700,8,1259
25170,2013192,edge,1,0.7700,8,1260
25171,2013243,edge,0,0.7600,8,1261
25172,2013405,edge,1,0.7600,8,1262
25173,2013475,edge,1,0.7600,8,1263
25174,2013556,edge,1,0.7600,8,1264
25175,2013629,edge,1,0.7600,8,1265
25176,2013710,edge,0,0.7500,8,1266
25177,2013776,edge,1,0.7500,8,1267
25178,2013835,edge,1,0.7500,8,1268
25179,2013886,edge,0,0.7500,8,1269
25180,2013953,edge,0,0.7400,8,1270
25181,2014032,edge,1,0.7400,8,1271
25182,2014128,edge,1,0.7400,8,1272
25183,2014184,edge,1,0.7500,8,1273
25184,2014299,edge,1,0.7500,8,1274
25185,2014382,edge,1,0.7500,8,1275
25186,2014484,edge,1,0.7600,8,1276
25187,2014566,edge,0,0.7600,8,1277
25188,2014642,edge,1,0.7600,8,1278
25189,2014699,edge,1,0.7700,8,1279
25190,2014756,edge,1,0.7700,8,1280
25191,2014852,edge,1,0.7700,8,1281
25192,2014928,edge,1,0.7700,8,1282
25193,2015005,edge,1,0.7700,8,1283
25194,2015094,edge,1,0.7800,8,1284
25195,2015274,edge,1,0.7800,8,1285
25196,2015353,edge,1,0.7900,8,1286
25197,2015427,edge,1,0.7900,8,1287
25198,2015492,edge,1,0.7900,8,1288
25199,2015571,edge,1,0.8000,8,1289
25200,2015652,edge,1,0.8000,8,1290
25201,2015731,edge,1,0.8000,8,1291
25202,2015810,edge,1,0.8100,8,1292
25203,2015879,edge,1,0.8100,8,1293
25204,2015963,edge,0,0.8000,8,1294
25205,2016049,edge,1,0.8000,8,1295
25206,2016141,edge,1,0.8000,8,1296
25207,2016218,edge,1,0.8000,8,1297
25208,2016272,edge,0,0.7900,8,1298
25209,2016349,edge,1,0.7900,8,1299
25210,2016439,edge,1,0.7900,8,1300
25211,2016521,edge,1,0.8000,8,1301
25212,2016586,edge,1,0.8000,8,1302
25213,2016678,edge,1,0.8100,8,1303
25214,2016783,edge,1,0.8100,8,1304
25215,2016837,edge,1,0.8100,8,1305
25216,2016920,edge,0,0.8000,8,1306
25217,2016996,edge,1,0.8100,8,1307
25218,2017187,edge,1,0.8200,8,1308
25219,2017261,edge,1,0.8200,8,1309
25220,2017348,edge,1,0.8200,8,1310
25221,2017418,edge,1,0.8200,8,1311
25222,2017484,edge,1,0.8200,8,1312
25223,2017546,edge,1,0.8200,8,1313
25224,2017606,edge,1,0.8200,8,1314
25225,2017695,edge,1,0.8200,8,1315
25226,2017760,edge,1,0.8200,8,1316
25227,2017921,edge,1,0.8200,8,1317
25228,2018009,edge,1,0.8200,8,1318
25229,2018097,edge,0,0.8100,8,1319
25230,2018171,edge,1,0.8100,8,1320
25231,2018255,edge,1,0.8100,8,1321
25232,2018341,edge,1,0.8100,8,1322
25233,2018424,edge,1,0.8100,8,1323
25234,2018512,edge,1,0.8200,8,1324
25235,2018587,edge,1,0.8300,8,1325
25236,2018657,edge,1,0.8300,8,1326
25237,2018731,edge,1,0.8400,8,1327
25238,2018816,edge,1,0.8400,8,1328
25239,2018896,edge,1,0.8400,8,1329
25240,2018986,edge,1,0.8400,8,1330
25241,2019055,edge,1,0.8400,8,1331
25242,2019123,edge,1,0.8400,8,1332
25243,2019221,edge,1,0.8400,8,1333
25244,2019296,edge,1,0.8400,8,1334
25245,2019367,edge,1,0.8500,8,1335
25246,2019447,edge,1,0.8500,8,1336
25247,2019532,edge,1,0.8600,8,1337
25248,2019599,edge,1,0.8600,8,1338
25249,2019667,edge,1,0.8600,8,1339
25250,2019749,edge,0,0.8600,8,1340
25251,2019837,edge,1,0.8600,8,1341
25252,2019943,edge,1,0.8600,8,1342
25253,2020022,edge,1,0.8600,8,1343
25254,2020105,edge,1,0.8600,8,1344
25255,2020161,edge,1,0.8600,8,1345
25256,2020294,edge,1,0.8700,8,1346
25257,2020337,edge,0,0.8700,8,1347
25258,2020399,edge,1,0.8700,8,1348
25259,2020469,edge,1,0.8700,8,1349
25260,2020577,edge,1,0.8700,8,1350
25261,2020634,edge,1,0.8700,8,1351
25262,2020700,edge,1,0.8700,8,1352
25263,2020781,edge,0,0.8600,8,1353
25264,2020863,edge,1,0.8700,8,1354
25265,2020949,edge,1,0.8700,8,1355
25266,2021031,edge,0,0.8600,8,1356
25267,2021113,edge,1,0.8700,8,1357
25268,2021182,edge,1,0.8700,8,1358
25269,2021237,edge,1,0.8700,8,1359
25270,2021292,edge,1,0.8700,8,1360
25271,2021432,edge,0,0.8700,8,1361
25272,2021528,edge,1,0.8700,8,1362
25273,2021624,edge,1,0.8700,8,1363
25274,2021711,edge,1,0.8700,8,1364
25275,2021785,edge,1,0.8700,8,1365
25276,2021856,edge,1,0.8800,8,1366
25277,2021939,edge,0,0.8700,8,1367
25278,2022050,edge,1,0.8700,8,1368
25279,2022131,edge,0,0.8700,8,1369
25280,2022222,edge,1,0.8800,8,1370
25281,2022289,edge,1,0.8800,8,1371
25282,2022357,edge,1,0.8800,8,1372
25283,2022524,edge,0,0.8700,8,1373
25284,2022598,edge,1,0.8700,8,1374
25285,2022662,edge,1,0.8700,8,1375
25286,2022736,edge,1,0.8700,8,1376
25287,2022830,edge,1,0.8800,8,1377
25288,2022897,edge,1,0.8800,8,1378
25289,2022990,edge,1,0.8800,8,1379
25290,2023075,edge,1,0.8800,8,1380
25291,2023250,edge,1,0.8800,8,1381
25292,2023301,edge,1,0.8800,8,1382
25293,2023379,edge,1,0.8800,8,1383
25294,2023428,edge,1,0.8800,8,1384
25295,2023577,edge,1,0.8800,8,1385
25296,2023651,edge,0,0.8700,8,1386
25297,2023739,edge,1,0.8700,8,1387
25298,2023791,edge,1,0.8700,8,1388
25299,2023963,edge,1,0.8700,8,1389
25300,2024027,edge,1,0.8700,8,1390
25301,2024110,edge,0,0.8600,8,1391
25302,2024196,edge,1,0.8600,8,1392
25303,2024277,edge,0,0.8500,8,1393
25304,2024363,edge,1,0.8600,8,1394
25305,2024447,edge,1,0.8600,8,1395
25306,2024533,edge,1,0.8600,8,1396
25307,2024598,edge,1,0.8600,8,1397
25308,2024676,edge,1,0.8700,8,1398
25309,2024756,edge,1,0.8700,8,1399
25310,2024832,edge,1,0.8700,8,1400
25311,2024887,edge,0,0.8600,8,1401
25312,2024958,edge,1,0.8600,8,1402
25313,2025044,edge,1,0.8600,8,1403
25314,2025116,edge,1,0.8600,8,1404
25315,2025201,edge,1,0.8600,8,1405
25316,2025279,edge,1,0.8700,8,1406
25317,2025358,edge,1,0.8700,8,1407
25318,2025415,edge,1,0.8700,8,1408
25319,2025492,edge,1,0.8700,8,1409
25320,2025586,edge,1,0.8700,8,1410
25321,2025683,edge,0,0.8600,8,1411
25322,2025764,edge,1,0.8600,8,1412
25323,2025868,edge,0,0.8500,8,1413
25324,2025927,edge,1,0.8500,8,1414
25325,2025995,edge,1,0.8500,8,1415
25326,2026171,edge,0,0.8400,8,1416
25327,2026257,edge,0,0.8300,8,1417
25328,2026353,edge,1,0.8300,8,1418
25329,2026422,edge,1,0.8400,8,1419
25330,2026495,edge,1,0.8400,8,1420
25331,2026554,edge,1,0.8400,8,1421
25332,2026621,edge,1,0.8400,8,1422
25333,2026680,edge,1,0.8400,8,1423
25334,2026753,edge,1,0.8400,8,1424
25335,2026817,edge,1,0.8400,8,1425
25336,2026969,edge,1,0.8400,8,1426
25337,2027142,edge,0,0.8300,8,1427
25338,2027234,edge,0,0.8200,8,1428
25339,2027318,edge,1,0.8200,8,1429
25340,2027478,edge,1,0.8200,8,1430
25341,2027530,edge,0,0.8100,8,1431
25342,2027613,edge,1,0.8100,8,1432
25343,2027666,edge,1,0.8100,8,1433
25344,2027736,edge,1,0.8100,8,1434
25345,2027802,edge,1,0.8100,8,1435
25346,2027860,edge,1,0.8100,8,1436
25347,2027921,edge,0,0.8000,8,1437
25348,2028102,edge,1,0.8000,8,1438
25349,2028150,edge,1,0.8000,8,1439
25350,2028240,edge,1,0.8100,8,1440
25351,2028331,edge,1,0.8100,8,1441
25352,2028417,edge,1,0.8100,8,1442
25353,2028488,edge,1,0.8100,8,1443
25354,2028602,edge,1,0.8100,8,1444
25355,2028665,edge,1,0.8100,8,1445
25356,2028748,edge,1,0.8100,8,1446
25357,2028837,edge,1,0.8200,8,1447
25358,2028931,edge,1,0.8200,8,1448
25359,2029016,edge,0,0.8100,8,1449
25360,2029091,edge,1,0.8100,8,1450
25361,2029170,edge,1,0.8100,8,1451
25362,2029248,edge,1,0.8100,8,1452
25363,2029323,edge,1,0.8200,8,1453
25364,2029415,edge,1,0.8200,8,1454
25365,2029485,edge,1,0.8200,8,1455
25366,2029561,edge,1,0.8300,8,1456
25367,2029642,edge,0,0.8200,8,1457
25368,2029728,edge,1,0.8200,8,1458
25369,2029814,edge,1,0.8200,8,1459
25370,2029891,edge,1,0.8200,8,1460
25371,2029977,edge,1,0.8300,8,1461
25372,2030147,edge,1,0.8300,8,1462
25373,2030207,edge,1,0.8300,8,1463
25374,2030269,edge,1,0.8300,8,1464
25375,2030335,edge,1,0.8300,8,1465
25376,2030419,edge,1,0.8300,8,1466
25377,2030489,edge,1,0.8400,8,1467
25378,2030539,edge,0,0.8300,8,1468
25379,2030632,edge,0,0.8300,8,1469
25380,2030688,edge,1,0.8300,8,1470
25381,2030751,edge,1,0.8300,8,1471
25382,2030892,edge,0,0.8200,8,1472
25383,2030965,edge,1,0.8300,8,1473
25384,2031054,edge,1,0.8300,8,1474
25385,2031129,edge,1,0.8300,8,1475
25386,2031220,edge,1,0.8300,8,1476
25387,2031292,edge,1,0.8300,8,1477
25388,2031385,edge,1,0.8300,8,1478
25389,2031468,edge,0,0.8200,8,1479
25390,2031552,edge,1,0.8200,8,1480
25391,2031634,edge,1,0.8200,8,1481
25392,2031705,edge,1,0.8200,8,1482
25393,2031774,edge,1,0.8200,8,1483
25394,2031846,edge,1,0.8200,8,1484
25395,2031928,edge,0,0.8100,8,1485
25396,2032010,edge,1,0.8200,8,1486
25397,2032088,edge,1,0.8200,8,1487
25398,2032141,edge,1,0.8200,8,1488
25399,2032217,edge,1,0.8200,8,1489
25400,2032311,edge,1,0.8200,8,1490
25401,2032405,edge,1,0.8300,8,1491
25402,2032502,edge,1,0.8300,8,1492
25403,2032557,edge,0,0.8300,8,1493
25404,2032619,edge,1,0.8300,8,1494
25405,2032693,edge,1,0.8300,8,1495
25406,2032739,edge,1,0.8300,8,1496
25407,2032813,edge,1,0.8300,8,1497
25408,2032944,edge,1,0.8300,8,1498
25409,2033034,edge,1,0.8300,8,1499
25410,2033112,edge,1,0.8300,8,1500
25411,2033197,edge,1,0.8400,8,1501
25412,2033263,edge,1,0.8400,8,1502
25413,2033319,edge,1,0.8400,8,1503
25414,2033392,edge,1,0.8400,8,1504
25415,2033473,edge,1,0.8400,8,1505
25416,2033553,edge,1,0.8400,8,1506
25417,2033612,edge,1,0.8400,8,1507
25418,2033673,edge,1,0.8400,8,1508
25419,2033762,edge,1,0.8400,8,1509
25420,2033933,edge,0,0.8300,8,1510
25421,2034014,edge,1,0.8400,8,1511
25422,2034077,edge,1,0.8400,8,1512
25423,2034170,edge,1,0.8500,8,1513
25424,2034243,edge,1,0.8500,8,1514
25425,2034336,edge,0,0.8400,8,1515
25426,2034395,edge,0,0.8400,8,1516
25427,2034470,edge,1,0.8500,8,1517
25428,2034586,edge,1,0.8500,8,1518
25429,2034689,edge,1,0.8500,8,1519
25430,2034763,edge,1,0.8500,8,1520
25431,2034824,edge,1,0.8500,8,1521
25432,2034927,edge,1,0.8500,8,1522
25433,2034984,edge,1,0.8500,8,1523
25434,2035058,edge,1,0.8500,8,1524
25435,2035105,edge,0,0.8400,8,1525
25436,2035223,edge,0,0.8300,8,1526
25437,2035277,edge,0,0.8300,8,1527
25438,2035331,edge,1,0.8400,8,1528
25439,2035428,edge,1,0.8400,8,1529
25440,2035499,edge,1,0.8400,8,1530
25441,2035577,edge,1,0.8500,8,1531
25442,2035740,edge,1,0.8500,8,1532
25443,2035816,edge,1,0.8500,8,1533
25444,2035897,edge,0,0.8400,8,1534
25445,2035988,edge,1,0.8400,8,1535
25446,2036035,edge,1,0.8400,8,1536
25447,2036105,edge,0,0.8400,8,1537
25448,2036162,edge,1,0.8400,8,1538
25449,2036239,edge,1,0.8400,8,1539
25450,2036320,edge,1,0.8400,8,1540
25451,2036397,edge,1,0.8400,8,1541
25452,2036478,edge,0,0.8300,8,1542
25453,2036577,edge,1,0.8300,8,1543
25454,2036643,edge,1,0.8300,8,1544
25455,2036792,edge,1,0.8300,8,1545
25456,2036864,edge,1,0.8300,8,1546
25457,2036941,edge,1,0.8300,8,1547
25458,2037005,edge,1,0.8300,8,1548
25459,2037053,edge,1,0.8400,8,1549
25460,2037110,edge,1,0.8400,8,1550
25461,2037186,edge,1,0.8400,8,1551
25462,2037268,edge,0,0.8300,8,1552
25463,2037364,edge,1,0.8300,8,1553
25464,2037509,edge,1,0.8300,8,1554
25465,2037594,edge,1,0.8300,8,1555
25466,2037673,edge,1,0.8300,8,1556
25467,2037747,edge,1,0.8400,8,1557
25468,2037847,edge,1,0.8400,8,1558
25469,2037926,edge,1,0.8400,8,1559
25470,2038020,edge,1,0.8400,8,1560
25471,2038101,edge,0,0.8300,8,1561
25472,2038184,edge,1,0.8300,8,1562
25473,2038234,edge,0,0.8200,8,1563
25474,2038322,edge,1,0.8200,8,1564
25475,2038378,edge,1,0.8200,8,1565
25476,2038468,edge,1,0.8200,8,1566
25477,2038531,edge,1,0.8200,8,1567
25478,2038618,edge,1,0.8300,8,1568
25479,2038710,edge,1,0.8400,8,1569
25480,2038777,edge,1,0.8400,8,1570
25481,2038929,edge,1,0.8400,8,1571
25482,2038978,edge,0,0.8400,8,1572
25483,2039038,edge,1,0.8400,8,1573
25484,2039111,edge,1,0.8400,8,1574
25485,2039196,edge,1,0.8400,8,1575
25486,2039268,edge,1,0.8400,8,1576
25487,2039355,edge,0,0.8300,8,1577
25488,2039422,edge,1,0.8300,8,1578
25489,2039539,edge,1,0.8400,8,1579
25490,2039616,edge,1,0.8400,8,1580
25491,2039725,edge,1,0.8400,8,1581
25492,2039817,edge,1,0.8400,8,1582
25493,2039916,edge,1,0.8400,8,1583
25494,2039988,edge,1,0.8400,8,1584
25495,2040068,edge,1,0.8500,8,1585
25496,2040147,edge,1,0.8500,8,1586
25497,2040223,edge,1,0.8500,8,1587
25498,2040281,edge,1,0.8500,8,1588
25499,2040363,edge,1,0.8500,8,1589
25500,2040427,edge,1,0.8500,8,1590
25501,2040518,edge,1,0.8500,8,1591
25502,2040597,edge,1,0.8500,8,1592
25503,2040688,edge,0,0.8500,8,1593
25504,2040770,edge,0,0.8400,8,1594
25505,2040841,edge,1,0.8400,8,1595
25506,2040920,edge,1,0.8400,8,1596
25507,2041004,edge,0,0.8300,8,1597
25508,2041072,edge,1,0.8300,8,1598
25509,2041151,edge,1,0.8300,8,1599
25510,2041219,edge,1,0.8300,8,1600
25511,2041293,edge,1,0.8300,8,1601
25512,2041366,edge,1,0.8300,8,1602
25513,2041433,edge,0,0.8200,8,1603
25514,2041506,edge,1,0.8200,8,1604
25515,2041624,edge,1,0.8200,8,1605
25516,2041715,edge,1,0.8200,8,1606
25517,2041768,edge,1,0.8200,8,1607
25518,2041827,edge,1,0.8200,8,1608
25519,2041906,edge,1,0.8200,8,1609
25520,2041987,edge,0,0.8200,8,1610
25521,2042068,edge,1,0.8200,8,1611
25522,2042138,edge,1,0.8200,8,1612
25523,2042200,edge,1,0.8200,8,1613
25524,2042282,edge,0,0.8100,8,1614
25525,2042349,edge,1,0.8200,8,1615
25526,2042436,edge,1,0.8300,8,1616
25527,2042506,edge,0,0.8200,8,1617
25528,2042575,edge,1,0.8200,8,1618
25529,2042638,edge,1,0.8200,8,1619
25530,2042704,edge,1,0.8200,8,1620
25531,2042793,edge,1,0.8200,8,1621
25532,2042870,edge,1,0.8200,8,1622
25533,2042948,edge,1,0.8200,8,1623
25534,2043044,edge,1,0.8200,8,1624
25535,2043121,edge,1,0.8300,8,1625
25536,2043196,edge,1,0.8400,8,1626
25537,2043268,edge,1,0.8500,8,1627
25538,2043320,edge,0,0.8400,8,1628
25539,2043408,edge,1,0.8400,8,1629
25540,2043454,edge,0,0.8300,8,1630
25541,2043608,edge,1,0.8300,8,1631
25542,2043692,edge,1,0.8300,8,1632
25543,2043786,edge,1,0.8300,8,1633
25544,2043839,edge,0,0.8300,8,1634
25545,2043916,edge,1,0.8300,8,1635
25546,2043998,edge,1,0.8300,8,1636
25547,2044117,edge,1,0.8400,8,1637
25548,2044197,edge,1,0.8400,8,1638
25549,2044254,edge,0,0.8300,8,1639
25550,2044355,edge,0,0.8200,8,1640
25551,2044448,edge,1,0.8200,8,1641
25552,2044507,edge,1,0.8300,8,1642
25553,2044586,edge,1,0.8300,8,1643
25554,2044647,edge,1,0.8300,8,1644
25555,2044724,edge,1,0.8300,8,1645
25556,2044791,edge,1,0.8300,8,1646
25557,2044875,edge,0,0.8200,8,1647
25558,2044956,edge,0,0.8100,8,1648
25559,2045013,edge,1,0.8100,8,1649
25560,2045071,edge,1,0.8100,8,1650
25561,2045225,edge,1,0.8100,8,1651
25562,2045300,edge,1,0.8200,8,1652
25563,2045374,edge,1,0.8200,8,1653
25564,2045532,edge,1,0.8200,8,1654
25565,2045594,edge,1,0.8200,8,1655
25566,2045687,edge,1,0.8200,8,1656
25567,2045779,edge,1,0.8200,8,1657
25568,2045868,edge,1,0.8200,8,1658
25569,2045930,edge,0,0.8100,8,1659
25570,2045984,edge,0,0.8000,8,1660
25571,2046031,edge,0,0.8000,8,1661
25572,2046097,edge,0,0.7900,8,1662
25573,2046177,edge,1,0.8000,8,1663
25574,2046270,edge,1,0.8000,8,1664
25575,2046457,edge,1,0.8000,8,1665
25576,2046525,edge,1,0.8000,8,1666
25577,2046602,edge,1,0.8000,8,1667
25578,2046659,edge,1,0.8000,8,1668
25579,2046757,edge,1,0.8000,8,1669
25580,2046852,edge,1,0.8000,8,1670
25581,2046941,edge,1,0.8000,8,1671
25582,2047003,edge,1,0.8100,8,1672
25583,2047190,edge,1,0.8100,8,1673
25584,2047297,edge,0,0.8000,8,1674
25585,2047367,edge,1,0.8000,8,1675
25586,2047429,edge,0,0.7900,8,1676
25587,2047524,edge,1,0.8000,8,1677
25588,2047702,edge,0,0.7900,8,1678
25589,2047771,edge,0,0.7800,8,1679
25590,2047843,edge,1,0.7800,8,1680
25591,2047895,edge,1,0.7800,8,1681
25592,2047998,edge,1,0.7800,8,1682
25593,2048062,edge,1,0.7800,8,1683
25594,2048129,edge,1,0.7800,8,1684
25595,2048228,edge,1,0.7800,8,1685
25596,2048297,edge,1,0.7800,8,1686
25597,2048439,edge,1,0.7800,8,1687
25598,2048506,edge,1,0.7800,8,1688
25599,2048592,edge,1,0.7800,8,1689
25600,2048659,edge,1,0.7800,8,1690
25601,2048710,edge,1,0.7800,8,1691
25602,2048754,edge,0,0.7700,8,1692
25603,2048815,edge,1,0.7800,8,1693
25604,2048871,edge,0,0.7800,8,1694
25605,2048925,edge,0,0.7700,8,1695
25606,2049002,edge,1,0.7700,8,1696
25607,2049074,edge,1,0.7800,8,1697
25608,2049148,edge,1,0.7800,8,1698
25609,2049218,edge,1,0.7800,8,1699
25610,2049285,edge,1,0.7800,8,1700
25611,2049370,edge,1,0.7800,8,1701
25612,2049467,edge,1,0.7800,8,1702
25613,2049582,edge,1,0.7900,8,1703
25614,2049682,edge,1,0.7900,8,1704
25615,2049782,edge,1,0.7900,8,1705
25616,2049884,edge,1,0.7900,8,1706
25617,2049966,edge,1,0.7900,8,1707
25618,2050065,edge,1,0.7900,8,1708
25619,2050129,edge,1,0.7900,8,1709
25620,2050209,edge,1,0.8000,8,1710
25621,2050270,edge,1,0.8000,8,1711
25622,2050370,edge,0,0.7900,8,1712
25623,2050414,edge,0,0.7800,8,1713
25624,2050509,edge,1,0.7900,8,1714
25625,2050582,edge,1,0.7900,8,1715
25626,2050656,edge,1,0.7900,8,1716
25627,2050723,edge,0,0.7900,8,1717
25628,2050789,edge,1,0.7900,8,1718
25629,2050862,edge,1,0.7900,8,1719
25630,2050940,edge,1,0.7900,8,1720
25631,2051011,edge,1,0.7900,8,1721
25632,2051095,edge,1,0.7900,8,1722
25633,2051190,edge,1,0.7900,8,1723
25634,2051267,edge,1,0.7900,8,1724
25635,2051336,edge,1,0.7900,8,1725
25636,2051405,edge,1,0.7900,8,1726
25637,2051479,edge,1,0.7900,8,1727
25638,2051539,edge,1,0.8000,8,1728
25639,2051628,edge,1,0.8000,8,1729
25640,2051705,edge,1,0.8100,8,1730
25641,2051786,edge,1,0.8100,8,1731
25642,2051898,edge,1,0.8100,8,1732
25643,2051977,edge,1,0.8100,8,1733
25644,2052041,edge,1,0.8200,8,1734
25645,2052112,edge,1,0.8200,8,1735
25646,2052177,edge,1,0.8200,8,1736
25647,2052265,edge,1,0.8200,8,1737
25648,2052316,edge,1,0.8200,8,1738
25649,2052401,edge,1,0.8300,8,1739
25650,2052464,edge,1,0.8400,8,1740
25651,2052523,edge,1,0.8400,8,1741
25652,2052618,edge,1,0.8400,8,1742
25653,2052696,edge,1,0.8400,8,1743
25654,2052768,edge,1,0.8400,8,1744
25655,2052851,edge,0,0.8300,8,1745
25656,2052922,edge,1,0.8300,8,1746
25657,2053008,edge,1,0.8400,8,1747
25658,2053074,edge,1,0.8500,8,1748
25659,2053166,edge,1,0.8500,8,1749
25660,2053250,edge,1,0.8500,8,1750
25661,2053308,edge,1,0.8500,8,1751
25662,2053386,edge,1,0.8500,8,1752
25663,2053483,edge,1,0.8500,8,1753
25664,2053544,edge,1,0.8500,8,1754
25665,2053589,edge,0,0.8400,8,1755
25666,2053651,edge,0,0.8300,8,1756
25667,2053733,edge,1,0.8300,8,1757
25668,2053816,edge,1,0.8300,8,1758
25669,2053864,edge,1,0.8400,8,1759
25670,2053955,edge,1,0.8500,8,1760
25671,2054039,edge,1,0.8600,8,1761
25672,2054116,edge,1,0.8700,8,1762
25673,2054188,edge,1,0.8700,8,1763
25674,2054344,edge,1,0.8700,8,1764
25675,2054437,edge,1,0.8700,8,1765
25676,2054544,edge,1,0.8700,8,1766
25677,2054616,edge,1,0.8700,8,1767
25678,2054687,edge,1,0.8700,8,1768
25679,2054761,edge,1,0.8700,8,1769
25680,2054843,edge,1,0.8700,8,1770
25681,2055007,edge,1,0.8700,8,1771
25682,2055088,edge,0,0.8600,8,1772
25683,2055138,edge,1,0.8600,8,1773
25684,2055212,edge,1,0.8700,8,1774
25685,2055352,edge,1,0.8700,8,1775
25686,2055433,edge,0,0.8700,8,1776
25687,2055512,edge,1,0.8700,8,1777
25688,2055617,edge,1,0.8800,8,1778
25689,2055680,edge,0,0.8800,8,1779
25690,2055777,edge,1,0.8800,8,1780
25691,2055838,edge,1,0.8800,8,1781
25692,2055935,edge,1,0.8800,8,1782
25693,2056022,edge,1,0.8800,8,1783
25694,2056096,edge,1,0.8800,8,1784
25695,2056177,edge,0,0.8700,8,1785
25696,2056241,edge,1,0.8700,8,1786
25697,2056295,edge,1,0.8700,8,1787
25698,2056390,edge,1,0.8700,8,1788
25699,2056476,edge,1,0.8700,8,1789
25700,2056559,edge,0,0.8600,8,1790
25701,2056616,edge,1,0.8600,8,1791
25702,2056665,edge,1,0.8700,8,1792
25703,2056771,edge,1,0.8700,8,1793
25704,2056852,edge,0,0.8700,8,1794
25705,2056938,edge,1,0.8800,8,1795
25706,2056995,edge,1,0.8800,8,1796
25707,2057057,edge,1,0.8800,8,1797
25708,2057151,edge,1,0.8800,8,1798
25709,2057202,edge,0,0.8700,8,1799
25710,2057263,edge,1,0.8700,8,1800
25711,2057346,edge,0,0.8600,8,1801
25712,2057429,edge,1,0.8600,8,1802
25713,2057510,edge,1,0.8600,8,1803
25714,2057592,edge,0,0.8500,8,1804
25715,2057680,edge,1,0.8500,8,1805
25716,2057769,edge,1,0.8500,8,1806
25717,2057830,edge,1,0.8500,8,1807
25718,2057897,edge,1,0.8500,8,1808
25719,2057973,edge,1,0.8500,8,1809
25720,2058129,edge,1,0.8500,8,1810
25721,2058201,edge,1,0.8500,8,1811
25722,2058272,edge,1,0.8600,8,1812
25723,2058352,edge,1,0.8700,8,1813
25724,2058433,edge,0,0.8600,8,1814
25725,2058683,edge,0,0.8500,8,1815
25726,2058792,edge,0,0.8400,8,1816
25727,2058869,edge,1,0.8500,8,1817
25728,2058935,edge,1,0.8500,8,1818
25729,2059020,edge,0,0.8400,8,1819
25730,2059102,edge,1,0.8400,8,1820
25731,2059156,edge,0,0.8300,8,1821
25732,2059236,edge,1,0.8300,8,1822
25733,2059317,edge,1,0.8300,8,1823
25734,2059396,edge,1,0.8300,8,1824
25735,2059465,edge,1,0.8300,8,1825
25736,2059542,edge,1,0.8300,8,1826
25737,2059602,edge,1,0.8300,8,1827
25738,2059686,edge,1,0.8300,8,1828
25739,2059828,edge,0,0.8200,8,1829
25740,2059907,edge,1,0.8200,8,1830
25741,2060006,edge,1,0.8200,8,1831
25742,2060073,edge,1,0.8200,8,1832
25743,2060154,edge,0,0.8100,8,1833
25744,2060235,edge,0,0.8000,8,1834
25745,2060294,edge,1,0.8000,8,1835
25746,2060384,edge,1,0.8000,8,1836
25747,2060449,edge,1,0.8000,8,1837
25748,2060545,edge,1,0.8000,8,1838
25749,2060647,edge,1,0.8000,8,1839
25750,2060733,edge,1,0.8000,8,1840
25751,2060899,edge,1,0.8000,8,1841
25752,2060986,edge,1,0.8000,8,1842
25753,2061073,edge,1,0.8000,8,1843
25754,2061140,edge,1,0.8000,8,1844
25755,2061225,edge,1,0.8100,8,1845
25756,2061302,edge,1,0.8100,8,1846
25757,2061387,edge,1,0.8100,8,1847
25758,2061475,edge,1,0.8100,8,1848
25759,2061545,edge,1,0.8100,8,1849
25760,2061651,edge,1,0.8100,8,1850
25761,2061721,edge,1,0.8100,8,1851
25762,2061792,edge,1,0.8100,8,1852
25763,2061866,edge,1,0.8100,8,1853
25764,2061958,edge,0,0.8000,8,1854
25765,2062039,edge,0,0.8000,8,1855
25766,2062147,edge,1,0.8100,8,1856
25767,2062209,edge,1,0.8100,8,1857
25768,2062295,edge,0,0.8000,8,1858
25769,2062373,edge,1,0.8000,8,1859
25770,2062429,edge,0,0.7900,8,1860
25771,2062510,edge,0,0.7800,8,1861
25772,2062595,edge,0,0.7700,8,1862
25773,2062663,edge,1,0.7700,8,1863
25774,2062808,edge,1,0.7700,8,1864
25775,2062886,edge,1,0.7700,8,1865
25776,2062981,edge,1,0.7700,8,1866
25777,2063072,edge,1,0.7700,8,1867
25778,2063154,edge,0,0.7600,8,1868
25779,2063208,edge,0,0.7500,8,1869
25780,2063308,edge,1,0.7500,8,1870
25781,2063410,edge,1,0.7500,8,1871
25782,2063499,edge,1,0.7600,8,1872
25783,2063646,edge,1,0.7600,8,1873
25784,2063715,edge,1,0.7600,8,1874
25785,2063786,edge,1,0.7600,8,1875
25786,2063859,edge,1,0.7700,8,1876
25787,2063921,edge,0,0.7600,8,1877
25788,2064008,edge,1,0.7600,8,1878
25789,2064072,edge,0,0.7600,8,1879
25790,2064144,edge,1,0.7600,8,1880
25791,2064218,edge,1,0.7600,8,1881
25792,2064297,edge,1,0.7600,8,1882
25793,2064359,edge,1,0.7600,8,1883
25794,2064423,edge,0,0.7500,8,1884
25795,2064571,edge,1,0.7600,8,1885
25796,2064674,edge,1,0.7600,8,1886
25797,2064755,edge,0,0.7500,8,1887
25798,2064840,edge,0,0.7400,8,1888
25799,2064926,edge,1,0.7400,8,1889
25800,2065030,edge,0,0.7400,8,1890
25801,2065120,edge,1,0.7400,8,1891
25802,2065170,edge,0,0.7300,8,1892
25803,2065245,edge,1,0.7300,8,1893
25804,2065316,edge,1,0.7400,8,1894
25805,2065393,edge,1,0.7400,8,1895
25806,2065470,edge,1,0.7400,8,1896
25807,2065562,edge,1,0.7400,8,1897
25808,2065643,edge,1,0.7400,8,1898
25809,2065762,edge,1,0.7500,8,1899
25810,2065844,edge,0,0.7400,8,1900
25811,2065920,edge,1,0.7500,8,1901
25812,2065990,edge,1,0.7500,8,1902
25813,2066060,edge,1,0.7500,8,1903
25814,2066142,edge,0,0.7500,8,1904
25815,2066216,edge,1,0.7500,8,1905
25816,2066296,edge,1,0.7500,8,1906
25817,2066378,edge,0,0.7400,8,1907
25818,2066462,edge,1,0.7400,8,1908
25819,2066533,edge,1,0.7400,8,1909
25820,2066613,edge,1,0.7400,8,1910
25821,2066688,edge,1,0.7400,8,1911
25822,2066758,edge,1,0.7400,8,1912
25823,2066810,edge,1,0.7400,8,1913
25824,2066895,edge,1,0.7500,8,1914
25825,2067043,edge,1,0.7600,8,1915
25826,2067125,edge,0,0.7600,8,1916
25827,2067230,edge,1,0.7600,8,1917
25828,2067309,edge,1,0.7600,8,1918
25829,2067357,edge,1,0.7700,8,1919
25830,2067433,edge,1,0.7700,8,1920
25831,2067520,edge,1,0.7800,8,1921
25832,2067603,edge,0,0.7700,8,1922
25833,2067707,edge,1,0.7700,8,1923
25834,2067787,edge,1,0.7700,8,1924
25835,2067869,edge,0,0.7600,8,1925
25836,2067923,edge,0,0.7500,8,1926
25837,2068002,edge,1,0.7500,8,1927
25838,2068096,edge,1,0.7500,8,1928
25839,2068171,edge,1,0.7600,8,1929
25840,2068236,edge,1,0.7600,8,1930
25841,2068303,edge,1,0.7600,8,1931
25842,2068520,edge,1,0.7600,8,1932
25843,2068594,edge,1,0.7700,8,1933
25844,2068663,edge,1,0.7800,8,1934
25845,2068741,edge,1,0.7800,8,1935
25846,2068822,edge,0,0.7700,8,1936
25847,2068898,edge,1,0.7700,8,1937
25848,2068987,edge,0,0.7600,8,1938
25849,2069066,edge,1,0.7600,8,1939
25850,2069140,edge,1,0.7600,8,1940
25851,2069209,edge,1,0.7600,8,1941
25852,2069387,edge,0,0.7500,8,1942
25853,2069474,edge,1,0.7500,8,1943
25854,2069539,edge,1,0.7500,8,1944
25855,2069631,edge,1,0.7500,8,1945
25856,2069715,edge,1,0.7500,8,1946
25857,2069789,edge,1,0.7500,8,1947
25858,2069928,edge,1,0.7500,8,1948
25859,2070013,edge,1,0.7500,8,1949
25860,2070099,edge,1,0.7500,8,1950
25861,2070198,edge,1,0.7500,8,1951
25862,2070286,edge,1,0.7500,8,1952
25863,2070356,edge,1,0.7500,8,1953
25864,2070443,edge,1,0.7600,8,1954
25865,2070528,edge,1,0.7700,8,1955
25866,2070608,edge,1,0.7700,8,1956
25867,2070664,edge,1,0.7700,8,1957
25868,2070738,edge,1,0.7800,8,1958
25869,2070794,edge,1,0.7800,8,1959
25870,2070877,edge,1,0.7900,8,1960
25871,2070935,edge,0,0.7900,8,1961
25872,2071037,edge,1,0.8000,8,1962
25873,2071122,edge,0,0.7900,8,1963
25874,2071212,edge,1,0.7900,8,1964
25875,2071286,edge,1,0.7900,8,1965
25876,2071367,edge,0,0.7800,8,1966
25877,2071445,edge,1,0.7800,8,1967
25878,2071515,edge,1,0.7900,8,1968
25879,2071592,edge,1,0.8000,8,1969
25880,2071719,edge,1,0.8000,8,1970
25881,2071777,edge,1,0.8000,8,1971
25882,2071861,edge,1,0.8000,8,1972
25883,2071936,edge,1,0.8000,8,1973
25884,2071989,edge,0,0.7900,8,1974
25885,2072070,edge,1,0.7900,8,1975
25886,2072151,edge,1,0.7900,8,1976
25887,2072225,edge,1,0.8000,8,1977
25888,2072317,edge,1,0.8000,8,1978
25889,2072387,edge,1,0.8100,8,1979
25890,2072456,edge,1,0.8100,8,1980
25891,2072522,edge,1,0.8100,8,1981
25892,2072606,edge,0,0.8000,8,1982
25893,2072673,edge,1,0.8000,8,1983
25894,2072727,edge,0,0.8000,8,1984
25895,2072799,edge,1,0.8000,8,1985
25896,2072881,edge,0,0.7900,8,1986
25897,2072936,edge,1,0.8000,8,1987
25898,2073048,edge,1,0.8100,8,1988
25899,2073118,edge,1,0.8100,8,1989
25900,2073200,edge,1,0.8200,8,1990
25901,2073259,edge,1,0.8200,8,1991
25902,2073329,edge,1,0.8300,8,1992
25903,2073452,edge,1,0.8300,8,1993
25904,2073521,edge,1,0.8300,8,1994
25905,2073602,edge,1,0.8300,8,1995
25906,2073687,edge,0,0.8200,8,1996
25907,2073765,edge,1,0.8200,8,1997
25908,2073849,edge,0,0.8100,8,1998
25909,2073933,edge,0,0.8000,8,1999
25910,2074028,edge,0,0.8000,8,2000
25911,2074100,edge,1,0.8000,8,2001
25912,2074154,edge,0,0.7900,8,2002
25913,2074221,edge,1,0.7900,8,2003
25914,2074309,edge,1,0.8000,8,2004
25915,2074374,edge,1,0.8000,8,2005
25916,2074435,edge,1,0.8000,8,2006
25917,2074530,edge,1,0.8100,8,2007
25918,2074612,edge,1,0.8100,8,2008
25919,2074693,edge,1,0.8100,8,2009
25920,2074814,edge,1,0.8100,8,2010
25921,2074925,edge,0,0.8000,8,2011
25922,2075007,edge,0,0.7900,8,2012
25923,2075174,edge,1,0.7900,8,2013
25924,2075351,edge,1,0.7900,8,2014
25925,2075420,edge,1,0.7900,8,2015
25926,2075522,edge,1,0.8000,8,2016
25927,2075602,edge,1,0.8000,8,2017
25928,2075652,edge,0,0.7900,8,2018
25929,2075748,edge,1,0.7900,8,2019
25930,2075834,edge,1,0.7900,8,2020
25931,2075988,edge,1,0.7900,8,2021
25932,2076069,edge,1,0.8000,8,2022
25933,2076140,edge,1,0.8000,8,2023
25934,2076255,edge,1,0.8000,8,2024
25935,2076332,edge,1,0.8100,8,2025
25936,2076413,edge,1,0.8200,8,2026
25937,2076494,edge,0,0.8100,8,2027
25938,2076574,edge,1,0.8100,8,2028
25939,2076654,edge,1,0.8100,8,2029
25940,2076732,edge,1,0.8100,8,2030
25941,2076807,edge,1,0.8100,8,2031
25942,2076898,edge,1,0.8100,8,2032
25943,2077072,edge,1,0.8100,8,2033
25944,2077147,edge,1,0.8100,8,2034
25945,2077229,edge,0,0.8000,8,2035
25946,2077284,edge,0,0.8000,8,2036
25947,2077349,edge,1,0.8000,8,2037
25948,2077512,edge,1,0.8100,8,2038
25949,2077555,edge,0,0.8000,8,2039
25950,2077647,edge,1,0.8000,8,2040
25951,2077713,edge,1,0.8000,8,2041
25952,2077797,edge,1,0.8100,8,2042
25953,2077899,edge,1,0.8100,8,2043
25954,2077990,edge,1,0.8100,8,2044
25955,2078071,edge,1,0.8100,8,2045
25956,2078159,edge,0,0.8000,8,2046
25957,2078326,edge,1,0.8000,8,2047
25958,2078385,edge,0,0.7900,8,2048
25959,2078466,edge,0,0.7800,8,2049
25960,2078554,edge,1,0.7800,8,2050
25961,2078728,edge,1,0.7800,8,2051
25962,2078801,edge,1,0.7800,8,2052
25963,2078898,edge,1,0.7800,8,2053
25964,2078969,edge,1,0.7800,8,2054
25965,2079043,edge,1,0.7800,8,2055
25966,2079089,edge,1,0.7800,8,2056
25967,2079179,edge,1,0.7800,8,2057
25968,2079264,edge,1,0.7800,8,2058
25969,2079359,edge,1,0.7800,8,2059
25970,2079459,edge,0,0.7700,8,2060
25971,2079544,edge,0,0.7700,8,2061
25972,2079617,edge,1,0.7700,8,2062
25973,2079710,edge,1,0.7800,8,2063
25974,2079799,edge,1,0.7800,8,2064
25975,2079881,edge,1,0.7800,8,2065
25976,2079952,edge,1,0.7900,8,2066
25977,2080037,edge,1,0.7900,8,2067
25978,2080105,edge,1,0.7900,8,2068
25979,2080187,edge,1,0.7900,8,2069
25980,2080293,edge,1,0.7900,8,2070
25981,2080377,edge,1,0.7900,8,2071
25982,2080429,edge,0,0.7800,8,2072
25983,2080487,edge,1,0.7800,8,2073
25984,2080554,edge,1,0.7900,8,2074
25985,2080615,edge,1,0.7900,8,2075
25986,2080708,edge,1,0.7900,8,2076
25987,2080772,edge,0,0.7800,8,2077
25988,2080845,edge,1,0.7800,8,2078
25989,2080897,edge,0,0.7700,8,2079
25990,2080980,edge,0,0.7600,8,2080
25991,2081074,edge,1,0.7600,8,2081
25992,2081140,edge,1,0.7700,8,2082
25993,2081239,edge,1,0.7700,8,2083
25994,2081310,edge,1,0.7800,8,2084
25995,2081555,edge,1,0.7800,8,2085
25996,2081645,edge,1,0.7900,8,2086
25997,2081758,edge,1,0.7900,8,2087
25998,2081855,edge,1,0.7900,8,2088
25999,2081936,edge,0,0.7800,8,2089
26000,2082018,edge,0,0.7700,8,2090
26001,2082121,edge,1,0.7700,8,2091
26002,2082225,edge,1,0.7700,8,2092
26003,2082281,edge,1,0.7700,8,2093
26004,2082356,edge,1,0.7700,8,2094
26005,2082447,edge,1,0.7700,8,2095
26006,2082497,edge,0,0.7700,8,2096
26007,2082586,edge,1,0.7700,8,2097
26008,2082720,edge,1,0.7800,8,2098
26009,2082799,edge,1,0.7900,8,2099
26010,2082878,edge,1,0.8000,8,2100
26011,2082964,edge,1,0.8000,8,2101
26012,2083048,edge,1,0.8100,8,2102
26013,2083130,edge,1,0.8100,8,2103
26014,2083186,edge,1,0.8100,8,2104
26015,2083255,edge,1,0.8100,8,2105
26016,2083345,edge,1,0.8100,8,2106
26017,2083423,edge,1,0.8100,8,2107
26018,2083513,edge,1,0.8100,8,2108
26019,2083575,edge,1,0.8100,8,2109
26020,2083661,edge,0,0.8000,8,2110
26021,2083824,edge,0,0.8000,8,2111
26022,2083912,edge,1,0.8100,8,2112
26023,2083999,edge,1,0.8100,8,2113
26024,2084074,edge,1,0.8100,8,2114
26025,2084176,edge,1,0.8100,8,2115
26026,2084241,edge,1,0.8100,8,2116
26027,2084322,edge,1,0.8100,8,2117
26028,2084401,edge,1,0.8200,8,2118
26029,2084482,edge,1,0.8200,8,2119
26030,2084553,edge,1,0.8200,8,2120
26031,2084670,edge,1,0.8200,8,2121
26032,2084739,edge,1,0.8200,8,2122
26033,2084823,edge,1,0.8200,8,2123
26034,2084908,edge,1,0.8200,8,2124
26035,2084995,edge,0,0.8100,8,2125
26036,2085089,edge,1,0.8100,8,2126
26037,2085191,edge,1,0.8200,8,2127
26038,2085286,edge,0,0.8100,8,2128
26039,2085370,edge,1,0.8100,8,2129
26040,2085427,edge,0,0.8000,8,2130
26041,2085484,edge,0,0.7900,8,2131
26042,2085535,edge,0,0.7800,8,2132
26043,2085614,edge,1,0.7800,8,2133
26044,2085701,edge,1,0.7800,8,2134
26045,2085795,edge,1,0.7900,8,2135
26046,2086003,edge,1,0.8000,8,2136
26047,2086107,edge,1,0.8000,8,2137
26048,2086188,edge,0,0.7900,8,2138
26049,2086256,edge,1,0.8000,8,2139
26050,2086344,edge,1,0.8000,8,2140
26051,2086402,edge,0,0.7900,8,2141
26052,2086519,edge,1,0.7900,8,2142
26053,2086593,edge,1,0.7900,8,2143
26054,2086681,edge,1,0.7900,8,2144
26055,2086775,edge,1,0.7900,8,2145
26056,2086863,edge,1,0.8000,8,2146
26057,2086939,edge,1,0.8000,8,2147
26058,2087007,edge,1,0.8100,8,2148
26059,2087091,edge,1,0.8200,8,2149
26060,2087161,edge,1,0.8200,8,2150
26061,2087236,edge,1,0.8200,8,2151
26062,2087290,edge,1,0.8200,8,2152
26063,2087372,edge,0,0.8100,8,2153
26064,2087468,edge,1,0.8100,8,2154
26065,2087559,edge,0,0.8000,8,2155
26066,2087636,edge,1,0.8000,8,2156
26067,2087704,edge,1,0.8000,8,2157
26068,2087782,edge,1,0.8000,8,2158
26069,2087839,edge,0,0.7900,8,2159
26070,2087914,edge,1,0.8000,8,2160
26071,2087980,edge,1,0.8100,8,2161
26072,2088075,edge,1,0.8100,8,2162
26073,2088155,edge,1,0.8100,8,2163
26074,2088208,edge,0,0.8000,8,2164
26075,2088356,edge,1,0.8000,8,2165
26076,2088417,edge,0,0.7900,8,2166
26077,2088508,edge,1,0.7900,8,2167
26078,2088600,edge,1,0.7900,8,2168
26079,2088670,edge,1,0.7900,8,2169
26080,2088715,edge,1,0.7900,8,2170
26081,2088877,edge,0,0.7800,8,2171
26082,2089013,edge,0,0.7800,8,2172
26083,2089094,edge,1,0.7800,8,2173
26084,2089194,edge,1,0.7800,8,2174
26085,2089258,edge,1,0.7800,8,2175
26086,2089325,edge,1,0.7800,8,2176
26087,2089416,edge,1,0.7900,8,2177
26088,2089498,edge,1,0.7900,8,2178
26089,2089591,edge,1,0.8000,8,2179
26090,2089681,edge,1,0.8100,8,2180
26091,2089743,edge,1,0.8100,8,2181
26092,2089818,edge,1,0.8100,8,2182
26093,2089915,edge,1,0.8100,8,2183
26094,2089997,edge,0,0.8000,8,2184
26095,2090075,edge,1,0.8000,8,2185
26096,2090179,edge,0,0.7900,8,2186
26097,2090301,edge,1,0.7900,8,2187
26098,2090381,edge,1,0.7900,8,2188
26099,2090459,edge,1,0.8000,8,2189
26100,2090542,edge,1,0.8100,8,2190
26101,2090623,edge,0,0.8000,8,2191
26102,2090673,edge,0,0.7900,8,2192
26103,2090754,edge,1,0.7900,8,2193
26104,2090834,edge,1,0.7900,8,2194
26105,2090890,edge,1,0.7900,8,2195
26106,2090953,edge,1,0.8000,8,2196
26107,2091035,edge,0,0.7900,8,2197
26108,2091132,edge,1,0.7900,8,2198
26109,2091225,edge,1,0.7900,8,2199
26110,2091279,edge,1,0.7900,8,2200
26111,2091363,edge,0,0.7800,8,2201
26112,2091445,edge,1,0.7800,8,2202
26113,2091503,edge,0,0.7700,8,2203
26114,2091618,edge,1,0.7700,8,2204
26115,2091707,edge,0,0.7600,8,2205
26116,2091773,edge,1,0.7600,8,2206
26117,2091909,edge,1,0.7600,8,2207
26118,2091982,edge,1,0.7600,8,2208
26119,2092051,edge,1,0.7600,8,2209
26120,2092134,edge,0,0.7600,8,2210
26121,2092216,edge,1,0.7700,8,2211
26122,2092261,edge,0,0.7600,8,2212
26123,2092340,edge,1,0.7600,8,2213
26124,2092446,edge,1,0.7600,8,2214
26125,2092532,edge,0,0.7500,8,2215
26126,2092611,edge,1,0.7500,8,2216
26127,2092670,edge,1,0.7500,8,2217
26128,2092772,edge,1,0.7500,8,2218
26129,2092843,edge,1,0.7500,8,2219
26130,2092920,edge,1,0.7500,8,2220
26131,2092998,edge,1,0.7500,8,2221
26132,2093061,edge,0,0.7400,8,2222
26133,2093149,edge,1,0.7400,8,2223
26134,2093237,edge,1,0.7400,8,2224
26135,2093308,edge,1,0.7500,8,2225
26136,2093367,edge,1,0.7500,8,2226
26137,2093456,edge,0,0.7400,8,2227
26138,2093509,edge,0,0.7400,8,2228
26139,2093604,edge,1,0.7400,8,2229
26140,2093684,edge,1,0.7500,8,2230
26141,2093766,edge,0,0.7500,8,2231
26142,2093835,edge,1,0.7600,8,2232
26143,2093913,edge,1,0.7600,8,2233
26144,2093982,edge,1,0.7600,8,2234
26145,2094039,edge,1,0.7600,8,2235
26146,2094123,edge,0,0.7500,8,2236
26147,2094211,edge,1,0.7500,8,2237
26148,2094403,edge,1,0.7600,8,2238
26149,2094483,edge,1,0.7600,8,2239
26150,2094546,edge,1,0.7600,8,2240
26151,2094636,edge,0,0.7600,8,2241
26152,2094716,edge,1,0.7600,8,2242
26153,2094771,edge,0,0.7500,8,2243
26154,2094862,edge,1,0.7500,8,2244
26155,2094908,edge,0,0.7400,8,2245
26156,2094968,edge,0,0.7300,8,2246
26157,2095051,edge,1,0.7300,8,2247
26158,2095222,edge,1,0.7300,8,2248
26159,2095322,edge,1,0.7300,8,2249
26160,2095475,edge,1,0.7300,8,2250
26161,2095557,edge,1,0.7300,8,2251
26162,2095629,edge,1,0.7300,8,2252
26163,2095710,edge,0,0.7300,8,2253
26164,2095792,edge,1,0.7300,8,2254
26165,2095881,edge,1,0.7400,8,2255
26166,2095958,edge,1,0.7400,8,2256
26167,2096054,edge,0,0.7300,8,2257
26168,2096159,edge,1,0.7300,8,2258
26169,2096230,edge,1,0.7400,8,2259
26170,2096292,edge,0,0.7300,8,2260
26171,2096356,edge,1,0.7300,8,2261
26172,2096426,edge,1,0.7300,8,2262
26173,2096490,edge,1,0.7300,8,2263
26174,2096548,edge,1,0.7400,8,2264
26175,2096632,edge,1,0.7400,8,2265
26176,2096802,edge,1,0.7500,8,2266
26177,2096883,edge,0,0.7400,8,2267
26178,2096965,edge,1,0.7400,8,2268
26179,2097035,edge,1,0.7400,8,2269
26180,2097199,edge,1,0.7400,8,2270
26181,2097274,edge,1,0.7500,8,2271
26182,2097320,edge,1,0.7600,8,2272
26183,2097424,edge,1,0.7600,8,2273
26184,2097499,edge,1,0.7600,8,2274
26185,2097600,edge,1,0.7600,8,2275
26186,2097701,edge,1,0.7600,8,2276
26187,2097778,edge,1,0.7600,8,2277
26188,2097867,edge,1,0.7600,8,2278
26189,2097982,edge,1,0.7600,8,2279
26190,2098052,edge,1,0.7600,8,2280
26191,2098133,edge,0,0.7500,8,2281
26192,2098205,edge,1,0.7500,8,2282
26193,2098260,edge,1,0.7500,8,2283
26194,2098339,edge,1,0.7600,8,2284
26195,2098405,edge,1,0.7600,8,2285
26196,2098511,edge,0,0.7600,8,2286
26197,2098642,edge,0,0.7500,8,2287
26198,2098723,edge,1,0.7500,8,2288
26199,2098826,edge,1,0.7500,8,2289
26200,2098905,edge,1,0.7500,8,2290
26201,2098957,edge,0,0.7500,8,2291
26202,2099129,edge,1,0.7600,8,2292
26203,2099206,edge,1,0.7600,8,2293
26204,2099275,edge,1,0.7600,8,2294
26205,2099341,edge,1,0.7600,8,2295
26206,2099422,edge,1,0.7600,8,2296
26207,2099508,edge,1,0.7700,8,2297
26208,2099593,edge,0,0.7600,8,2298
26209,2099665,edge,1,0.7600,8,2299
26210,2099755,edge,1,0.7600,8,2300
26211,2099830,edge,1,0.7700,8,2301
26212,2099913,edge,1,0.7700,8,2302
26213,2099960,edge,1,0.7800,8,2303
26214,2100030,edge,1,0.7800,8,2304
26215,2100112,corner,0,0.7800,9,1
26216,2100160,corner,0,0.7700,9,2
26217,2100246,corner,1,0.7700,9,3
26218,2100316,corner,1,0.7700,9,4
26219,2100395,corner,1,0.7700,9,5
26220,2100489,corner,1,0.7800,9,6
26221,2100535,corner,0,0.7700,9,7
26222,2100685,corner,1,0.7800,9,8
26223,2100734,corner,0,0.7700,9,9
26224,2100796,corner,0,0.7600,9,10
26225,2100899,corner,1,0.7700,9,11
26226,2100964,corner,1,0.7700,9,12
26227,2101041,corner,1,0.7700,9,13
26228,2101138,corner,1,0.7700,9,14
26229,2101461,corner,0,0.7600,9,15
26230,2101555,corner,1,0.7600,9,16
26231,2101631,corner,1,0.7600,9,17
26232,2101699,corner,0,0.7600,9,18
26233,2101761,corner,0,0.7500,9,19
26234,2101901,corner,0,0.7400,9,20
26235,2101982,corner,0,0.7300,9,21
26236,2102099,corner,1,0.7300,9,22
26237,2102266,corner,1,0.7400,9,23
26238,2102317,corner,0,0.7400,9,24
26239,2102465,corner,0,0.7300,9,25
26240,2102516,corner,0,0.7200,9,26
26241,2102676,corner,1,0.7300,9,27
26242,2102741,corner,0,0.7200,9,28
26243,2102844,corner,1,0.7200,9,29
26244,2102919,corner,1,0.7200,9,30
26245,2103012,corner,0,0.7100,9,31
26246,2103070,corner,0,0.7100,9,32
26247,2103199,corner,0,0.7000,9,33
26248,2103247,corner,0,0.6900,9,34
26249,2103296,corner,0,0.6800,9,35
26250,2103399,corner,1,0.6800,9,36
26251,2103513,corner,1,0.6900,9,37
26252,2103606,corner,1,0.6900,9,38
26253,2103695,corner,1,0.7000,9,39
26254,2103740,corner,0,0.6900,9,40
26255,2103842,corner,1,0.7000,9,41
26256,2103913,corner,1,0.7100,9,42
26257,2104077,corner,1,0.7100,9,43
26258,2104120,corner,0,0.7000,9,44
26259,2104212,corner,1,0.7000,9,45
26260,2104301,corner,1,0.7000,9,46
26261,2104474,corner,0,0.6900,9,47
26262,2104556,corner,0,0.6800,9,48
26263,2104638,corner,1,0.6900,9,49
26264,2104725,corner,1,0.6900,9,50
26265,2104778,corner,1,0.6900,9,51
26266,2104876,corner,1,0.6900,9,52
26267,2104951,corner,1,0.7000,9,53
26268,2105108,corner,1,0.7000,9,54
26269,2105189,corner,0,0.6900,9,55
26270,2105356,corner,1,0.7000,9,56
26271,2105414,corner,0,0.6900,9,57
26272,2105465,corner,0,0.6800,9,58
26273,2105514,corner,0,0.6700,9,59
26274,2105620,corner,1,0.6700,9,60
26275,2105667,corner,0,0.6600,9,61
26276,2105726,corner,0,0.6500,9,62
26277,2105774,corner,0,0.6500,9,63
26278,2105856,corner,0,0.6400,9,64
26279,2105938,corner,0,0.6300,9,65
26280,2106020,corner,1,0.6300,9,66
26281,2106110,corner,1,0.6300,9,67
26282,2106190,corner,1,0.6300,9,68
26283,2106270,corner,1,0.6300,9,69
26284,2106329,corner,1,0.6300,9,70
26285,2106425,corner,1,0.6300,9,71
26286,2106514,corner,0,0.6200,9,72
26287,2106595,corner,0,0.6100,9,73
26288,2106667,corner,1,0.6100,9,74
26289,2106722,corner,1,0.6100,9,75
26290,2106786,corner,1,0.6100,9,76
26291,2106980,corner,1,0.6200,9,77
26292,2107138,corner,1,0.6200,9,78
26293,2107205,corner,1,0.6200,9,79
26294,2107286,corner,0,0.6100,9,80
26295,2107367,corner,1,0.6100,9,81
26296,2107415,corner,0,0.6100,9,82
26297,2107498,corner,0,0.6100,9,83
26298,2107671,corner,1,0.6100,9,84
26299,2107751,corner,1,0.6100,9,85
26300,2107832,corner,0,0.6000,9,86
26301,2107913,corner,0,0.6000,9,87
26302,2107994,corner,0,0.5900,9,88
26303,2108076,corner,0,0.5800,9,89
26304,2108162,corner,1,0.5800,9,90
26305,2108205,corner,0,0.5700,9,91
26306,2108311,corner,1,0.5700,9,92
26307,2108386,corner,1,0.5700,9,93
26308,2108429,corner,0,0.5700,9,94
26309,2108685,corner,1,0.5700,9,95
26310,2108766,corner,0,0.5600,9,96
26311,2108827,corner,0,0.5500,9,97
26312,2108996,corner,1,0.5500,9,98
26313,2109171,corner,1,0.5500,9,99
26314,2109357,corner,1,0.5500,9,100
26315,2109543,corner,1,0.5600,9,101
26316,2109624,corner,1,0.5700,9,102
26317,2109703,corner,1,0.5700,9,103
26318,2109753,corner,0,0.5600,9,104
26319,2109811,corner,0,0.5500,9,105
26320,2109906,corner,0,0.5400,9,106
26321,2110004,corner,1,0.5500,9,107
26322,2110093,corner,1,0.5500,9,108
26323,2110165,corner,1,0.5600,9,109
26324,2110383,corner,1,0.5700,9,110
26325,2110512,corner,1,0.5700,9,111
26326,2110597,corner,0,0.5600,9,112
26327,2110670,corner,1,0.5600,9,113
26328,2110751,corner,0,0.5500,9,114
26329,2110840,corner,1,0.5600,9,115
26330,2110908,corner,1,0.5600,9,116
26331,2111037,corner,0,0.5500,9,117
26332,2111089,corner,0,0.5500,9,118
26333,2111161,corner,1,0.5600,9,119
26334,2111211,corner,0,0.5600,9,120
26335,2111389,corner,1,0.5700,9,121
26336,2111547,corner,1,0.5700,9,122
26337,2111629,corner,0,0.5600,9,123
26338,2111794,corner,0,0.5600,9,124
26339,2111942,corner,1,0.5700,9,125
26340,2112024,corner,0,0.5700,9,126
26341,2112073,corner,0,0.5600,9,127
26342,2112150,corner,1,0.5700,9,128
26343,2112211,corner,0,0.5600,9,129
26344,2112370,corner,1,0.5600,9,130
26345,2112504,corner,1,0.5700,9,131
26346,2112578,corner,1,0.5800,9,132
26347,2112743,corner,1,0.5900,9,133
26348,2112902,corner,1,0.6000,9,134
26349,2112974,corner,1,0.6100,9,135
26350,2113018,corner,0,0.6000,9,136
26351,2113079,corner,1,0.6000,9,137
26352,2113126,corner,0,0.5900,9,138
26353,2113219,corner,1,0.5900,9,139
26354,2113305,corner,1,0.6000,9,140
26355,2113435,corner,0,0.5900,9,141
26356,2113597,corner,0,0.5800,9,142
26357,2113678,corner,0,0.5700,9,143
26358,2113746,corner,0,0.5700,9,144
26359,2113827,corner,0,0.5600,9,145
26360,2113921,corner,1,0.5600,9,146
26361,2114099,corner,1,0.5700,9,147
26362,2114437,corner,1,0.5800,9,148
26363,2114486,corner,0,0.5700,9,149
26364,2114610,corner,0,0.5600,9,150
26365,2114771,corner,1,0.5600,9,151
26366,2114828,corner,0,0.5500,9,152
26367,2115036,corner,1,0.5500,9,153
26368,2115250,corner,0,0.5400,9,154
26369,2115331,corner,0,0.5400,9,155
26370,2115379,corner,0,0.5300,9,156
26371,2115429,corner,0,0.5300,9,157
26372,2115482,corner,0,0.5300,9,158
26373,2115643,corner,0,0.5300,9,159
26374,2115885,corner,1,0.5300,9,160
26375,2115992,corner,0,0.5300,9,161
26376,2116134,corner,1,0.5400,9,162
26377,2116215,corner,0,0.5400,9,163
26378,2116307,corner,1,0.5500,9,164
26379,2116389,corner,0,0.5500,9,165
26380,2116443,corner,1,0.5500,9,166
26381,2116639,corner,1,0.5500,9,167
26382,2116712,corner,1,0.5500,9,168
26383,2116788,corner,0,0.5400,9,169
26384,2116871,corner,0,0.5300,9,170
26385,2116977,corner,1,0.5300,9,171
26386,2117115,corner,0,0.5300,9,172
26387,2117263,corner,0,0.5300,9,173
26388,2117387,corner,1,0.5300,9,174
26389,2117635,corner,0,0.5200,9,175
26390,2117716,corner,0,0.5100,9,176
26391,2117878,corner,1,0.5100,9,177
26392,2118096,corner,0,0.5000,9,178
26393,2118259,corner,1,0.5000,9,179
26394,2118349,corner,1,0.5100,9,180
26395,2118431,corner,1,0.5100,9,181
26396,2118561,corner,0,0.5100,9,182
26397,2118643,corner,0,0.5100,9,183
26398,2118749,corner,1,0.5100,9,184
26399,2118794,corner,0,0.5000,9,185
26400,2118875,corner,0,0.5000,9,186
26401,2119070,corner,1,0.5100,9,187
26402,2119116,corner,0,0.5100,9,188
26403,2119383,corner,1,0.5200,9,189
26404,2119466,corner,0,0.5100,9,190
26405,2119528,corner,1,0.5200,9,191
26406,2119610,corner,0,0.5100,9,192
26407,2119693,corner,0,0.5000,9,193
26408,2119917,corner,1,0.5100,9,194
26409,2119998,corner,0,0.5000,9,195
26410,2120083,corner,1,0.5100,9,196
26411,2120328,corner,1,0.5200,9,197
26412,2120421,corner,1,0.5200,9,198
26413,2120668,corner,1,0.5200,9,199
26414,2120758,corner,1,0.5200,9,200
26415,2120844,corner,1,0.5200,9,201
26416,2120891,corner,0,0.5100,9,202
26417,2120977,corner,0,0.5000,9,203
26418,2121059,corner,0,0.5000,9,204
26419,2121222,corner,1,0.5100,9,205
26420,2121309,corner,1,0.5200,9,206
26421,2121356,corner,0,0.5100,9,207
26422,2121472,corner,1,0.5100,9,208
26423,2121583,corner,1,0.5100,9,209
26424,2121665,corner,1,0.5100,9,210
26425,2121716,corner,0,0.5000,9,211
26426,2121792,corner,1,0.5100,9,212
26427,2122059,corner,1,0.5100,9,213
26428,2122129,corner,1,0.5200,9,214
26429,2122236,corner,1,0.5200,9,215
26430,2122372,corner,0,0.5100,9,216
26431,2122535,corner,0,0.5100,9,217
26432,2122585,corner,0,0.5100,9,218
26433,2122641,corner,0,0.5000,9,219
26434,2122762,corner,1,0.5100,9,220
26435,2123002,corner,1,0.5100,9,221
26436,2123265,corner,1,0.5100,9,222
26437,2123352,corner,1,0.5200,9,223
26438,2123504,corner,1,0.5300,9,224
26439,2123751,corner,0,0.5200,9,225
26440,2123889,corner,0,0.5200,9,226
26441,2123959,corner,1,0.5300,9,227
26442,2124030,corner,1,0.5300,9,228
26443,2124111,corner,0,0.5300,9,229
26444,2124192,corner,0,0.5200,9,230
26445,2124334,corner,0,0.5100,9,231
26446,2124417,corner,1,0.5100,9,232
26447,2124509,corner,1,0.5100,9,233
26448,2124625,corner,1,0.5100,9,234
26449,2124706,corner,0,0.5000,9,235
26450,2124819,corner,1,0.5100,9,236
26451,2124970,corner,1,0.5100,9,237
26452,2125051,corner,0,0.5100,9,238
26453,2125160,corner,1,0.5100,9,239
26454,2125241,corner,0,0.5000,9,240
26455,2125328,corner,1,0.5100,9,241
26456,2125411,corner,1,0.5200,9,242
26457,2125508,corner,0,0.5200,9,243
26458,2125663,corner,1,0.5300,9,244
26459,2125804,corner,0,0.5300,9,245
26460,2125962,corner,1,0.5300,9,246
26461,2126091,corner,0,0.5200,9,247
26462,2126176,corner,0,0.5100,9,248
26463,2126260,corner,1,0.5200,9,249
26464,2126440,corner,1,0.5300,9,250
26465,2126687,corner,1,0.5300,9,251
26466,2126729,corner,0,0.5300,9,252
26467,2126789,corner,1,0.5300,9,253
26468,2126953,corner,1,0.5400,9,254
26469,2127034,corner,0,0.5400,9,255
26470,2127139,corner,0,0.5400,9,256
26471,2127236,corner,1,0.5500,9,257
26472,2127320,corner,1,0.5600,9,258
26473,2127412,corner,1,0.5700,9,259
26474,2127495,corner,0,0.5600,9,260
26475,2127578,corner,0,0.5600,9,261
26476,2127717,corner,0,0.5500,9,262
26477,2127772,corner,0,0.5500,9,263
26478,2127845,corner,1,0.5500,9,264
26479,2128058,corner,1,0.5600,9,265
26480,2128226,corner,1,0.5600,9,266
26481,2128340,corner,1,0.5600,9,267
26482,2128476,corner,1,0.5600,9,268
26483,2128557,corner,0,0.5600,9,269
26484,2128700,corner,1,0.5700,9,270
26485,2128783,corner,0,0.5600,9,271
26486,2128934,corner,1,0.5700,9,272
26487,2129090,corner,1,0.5800,9,273
26488,2129182,corner,1,0.5800,9,274
26489,2129234,corner,0,0.5800,9,275
26490,2129314,corner,1,0.5900,9,276
26491,2129396,corner,1,0.5900,9,277
26492,2129551,corner,1,0.6000,9,278
26493,2129686,corner,0,0.5900,9,279
26494,2129777,corner,1,0.5900,9,280
26495,2130002,corner,1,0.5900,9,281
26496,2130062,corner,1,0.6000,9,282
26497,2130234,corner,0,0.6000,9,283
26498,2130426,corner,1,0.6000,9,284
26499,2130823,corner,0,0.6000,9,285
26500,2130942,corner,1,0.6100,9,286
26501,2131031,corner,0,0.6000,9,287
26502,2131203,corner,1,0.6100,9,288
26503,2131386,corner,0,0.6000,9,289
26504,2131550,corner,1,0.6100,9,290
26505,2131597,corner,0,0.6000,9,291
26506,2131838,corner,1,0.6100,9,292
26507,2132015,corner,1,0.6200,9,293
26508,2132121,corner,1,0.6200,9,294
26509,2132254,corner,0,0.6200,9,295
26510,2132437,corner,1,0.6200,9,296
26511,2132540,corner,1,0.6200,9,297
26512,2132711,corner,1,0.6200,9,298
26513,2132969,corner,1,0.6200,9,299
26514,2133173,corner,0,0.6100,9,300
26515,2133234,corner,0,0.6000,9,301
26516,2133336,corner,1,0.6100,9,302
26517,2133478,corner,0,0.6100,9,303
26518,2133611,corner,0,0.6100,9,304
26519,2133749,corner,0,0.6000,9,305
26520,2133858,corner,0,0.5900,9,306
26521,2133939,corner,0,0.5900,9,307
26522,2134037,corner,1,0.5900,9,308
26523,2134082,corner,0,0.5800,9,309
26524,2134165,corner,1,0.5800,9,310
26525,2134351,corner,1,0.5900,9,311
26526,2134425,corner,1,0.5900,9,312
26527,2134506,corner,0,0.5800,9,313
26528,2134680,corner,1,0.5800,9,314
26529,2134767,corner,1,0.5800,9,315
26530,2134833,corner,1,0.5900,9,316
26531,2134916,corner,1,0.6000,9,317
26532,2135092,corner,1,0.6100,9,318
26533,2135218,corner,0,0.6100,9,319
26534,2135346,corner,0,0.6000,9,320
26535,2135449,corner,1,0.6000,9,321
26536,2135523,corner,1,0.6000,9,322
26537,2135684,corner,1,0.6000,9,323
26538,2135842,corner,1,0.6000,9,324
26539,2136028,corner,1,0.6100,9,325
26540,2136121,corner,1,0.6200,9,326
26541,2136413,corner,0,0.6100,9,327
26542,2136496,corner,0,0.6000,9,328
26543,2136580,corner,1,0.6100,9,329
26544,2136683,corner,1,0.6200,9,330
26545,2136939,corner,0,0.6200,9,331
26546,2137023,corner,0,0.6100,9,332
26547,2137097,corner,1,0.6100,9,333
26548,2137192,corner,1,0.6100,9,334
26549,2137274,corner,0,0.6100,9,335
26550,2137366,corner,1,0.6100,9,336
26551,2137597,corner,0,0.6000,9,337
26552,2137738,corner,1,0.6100,9,338
26553,2137899,corner,1,0.6100,9,339
26554,2138046,corner,0,0.6100,9,340
26555,2138127,corner,0,0.6000,9,341
26556,2138225,corner,1,0.6000,9,342
26557,2138322,corner,1,0.6100,9,343
26558,2138403,corner,0,0.6000,9,344
26559,2138498,corner,1,0.6100,9,345
26560,2138582,corner,1,0.6100,9,346
26561,2138668,corner,1,0.6200,9,347
26562,2138803,corner,0,0.6200,9,348
26563,2138852,corner,0,0.6100,9,349
26564,2138915,corner,0,0.6000,9,350
26565,2139029,corner,1,0.6000,9,351
26566,2139111,corner,1,0.6100,9,352
26567,2139198,corner,0,0.6000,9,353
26568,2139476,corner,1,0.6000,9,354
26569,2139611,corner,0,0.6000,9,355
26570,2139722,corner,1,0.6100,9,356
26571,2139803,corner,0,0.6000,9,357
26572,2140300,corner,1,0.6000,9,358
26573,2140412,corner,0,0.5900,9,359
26574,2140641,corner,1,0.6000,9,360
26575,2140816,corner,0,0.6000,9,361
26576,2140967,corner,1,0.6100,9,362
26577,2141060,corner,1,0.6200,9,363
26578,2141160,corner,1,0.6200,9,364
26579,2141243,corner,1,0.6200,9,365
26580,2141382,corner,1,0.6200,9,366
26581,2141547,corner,1,0.6200,9,367
26582,2141709,corner,0,0.6100,9,368
26583,2141790,corner,0,0.6100,9,369
26584,2141873,corner,1,0.6100,9,370
26585,2142007,corner,0,0.6100,9,371
26586,2142442,corner,1,0.6100,9,372
26587,2142498,corner,0,0.6000,9,373
26588,2142633,corner,0,0.5900,9,374
26589,2142757,corner,0,0.5900,9,375
26590,2142848,corner,1,0.5900,9,376
26591,2142981,corner,0,0.5800,9,377
26592,2143154,corner,1,0.5800,9,378
26593,2143363,corner,0,0.5800,9,379
26594,2143405,corner,0,0.5700,9,380
26595,2143612,corner,0,0.5600,9,381
26596,2143864,corner,1,0.5600,9,382
26597,2144053,corner,1,0.5700,9,383
26598,2144141,corner,0,0.5600,9,384
26599,2144217,corner,1,0.5700,9,385
26600,2144282,corner,1,0.5700,9,386
26601,2144364,corner,0,0.5700,9,387
26602,2144478,corner,1,0.5700,9,388
26603,2144753,corner,0,0.5700,9,389
26604,2144978,corner,1,0.5700,9,390
26605,2145179,corner,1,0.5800,9,391
26606,2145289,corner,1,0.5800,9,392
26607,2145375,corner,0,0.5700,9,393
26608,2145559,corner,0,0.5600,9,394
26609,2145690,corner,0,0.5600,9,395
26610,2145773,corner,0,0.5500,9,396
26611,2145847,corner,1,0.5500,9,397
26612,2146008,corner,0,0.5400,9,398
26613,2146272,corner,1,0.5400,9,399
26614,2146432,corner,1,0.5500,9,400
26615,2146588,corner,1,0.5600,9,401
26616,2146806,corner,0,0.5500,9,402
26617,2147104,corner,1,0.5600,9,403
26618,2147274,corner,1,0.5700,9,404
26619,2147352,corner,1,0.5800,9,405
26620,2147439,corner,0,0.5800,9,406
26621,2147520,corner,0,0.5800,9,407
26622,2147691,corner,1,0.5800,9,408
26623,2147843,corner,0,0.5800,9,409
26624,2148086,corner,0,0.5700,9,410
26625,2148167,corner,0,0.5600,9,411
26626,2148266,corner,1,0.5600,9,412
26627,2148433,corner,1,0.5700,9,413
26628,2148589,corner,1,0.5700,9,414
26629,2148684,corner,1,0.5700,9,415
26630,2148789,corner,1,0.5700,9,416
26631,2148870,corner,0,0.5600,9,417
26632,2148995,corner,0,0.5500,9,418
26633,2149485,corner,0,0.5500,9,419
26634,2149662,corner,1,0.5600,9,420
26635,2149837,corner,1,0.5600,9,421
26636,2150014,corner,0,0.5500,9,422
26637,2150064,corner,0,0.5400,9,423
26638,2150202,corner,0,0.5300,9,424
26639,2150285,corner,0,0.5200,9,425
26640,2150457,corner,1,0.5200,9,426
26641,2150543,corner,0,0.5200,9,427
26642,2150741,corner,1,0.5300,9,428
26643,2150905,corner,0,0.5200,9,429
26644,2150957,corner,1,0.5200,9,430
26645,2151015,corner,0,0.5200,9,431
26646,2151097,corner,0,0.5200,9,432
26647,2151269,corner,1,0.5200,9,433
26648,2151482,corner,0,0.5100,9,434
26649,2151572,corner,1,0.5200,9,435
26650,2151735,corner,0,0.5100,9,436
26651,2151902,corner,0,0.5100,9,437
26652,2152026,corner,0,0.5000,9,438
26653,2152224,corner,1,0.5000,9,439
26654,2152305,corner,0,0.5000,9,440
26655,2152413,corner,1,0.5100,9,441
26656,2152466,corner,0,0.5000,9,442
26657,2152547,corner,0,0.4900,9,443
26658,2152788,corner,1,0.5000,9,444
26659,2152879,corner,0,0.4900,9,445
26660,2153016,corner,1,0.4900,9,446
26661,2153099,corner,0,0.4800,9,447
26662,2153287,corner,1,0.4900,9,448
26663,2153539,corner,1,0.5000,9,449
26664,2153620,corner,0,0.5000,9,450
26665,2153776,corner,1,0.5000,9,451
26666,2153943,corner,1,0.5000,9,452
26667,2154176,corner,1,0.5100,9,453
26668,2154259,corner,1,0.5100,9,454
26669,2154426,corner,1,0.5200,9,455
26670,2154686,corner,1,0.5200,9,456
26671,2154959,corner,1,0.5300,9,457
26672,2155133,corner,1,0.5300,9,458
26673,2155274,corner,1,0.5400,9,459
26674,2155355,corner,0,0.5300,9,460
26675,2155569,corner,0,0.5300,9,461
26676,2155615,corner,0,0.5200,9,462
26677,2155852,corner,1,0.5200,9,463
26678,2155950,corner,1,0.5200,9,464
26679,2156215,corner,1,0.5200,9,465
26680,2156432,corner,0,0.5100,9,466
26681,2157052,corner,1,0.5100,9,467
26682,2157104,corner,0,0.5100,9,468
26683,2157193,corner,1,0.5200,9,469
26684,2157276,corner,0,0.5100,9,470
26685,2157457,corner,1,0.5200,9,471
26686,2157619,corner,0,0.5100,9,472
26687,2157749,corner,0,0.5100,9,473
26688,2158025,corner,1,0.5200,9,474
26689,2158107,corner,0,0.5200,9,475
26690,2158287,corner,1,0.5200,9,476
26691,2158394,corner,1,0.5300,9,477
26692,2158520,corner,0,0.5200,9,478
26693,2158601,corner,0,0.5200,9,479
26694,2158683,corner,0,0.5200,9,480
26695,2158779,corner,1,0.5300,9,481
26696,2158834,corner,0,0.5200,9,482
26697,2158887,corner,0,0.5100,9,483
26698,2159122,corner,1,0.5200,9,484
26699,2159282,corner,1,0.5200,9,485
26700,2159412,corner,0,0.5100,9,486
26701,2159580,corner,1,0.5200,9,487
26702,2159748,corner,0,0.5100,9,488
26703,2159843,corner,0,0.5100,9,489
26704,2159935,corner,1,0.5100,9,490
26705,2160064,corner,0,0.5000,9,491
26706,2160147,corner,0,0.4900,9,492
26707,2160317,corner,1,0.5000,9,493
26708,2160400,corner,0,0.5000,9,494
26709,2160450,corner,0,0.5000,9,495
26710,2160617,corner,1,0.5100,9,496
26711,2160699,corner,0,0.5000,9,497
26712,2160864,corner,1,0.5100,9,498
26713,2160924,corner,0,0.5000,9,499
26714,2161072,corner,1,0.5000,9,500
26715,2161202,corner,0,0.4900,9,501
26716,2161415,corner,1,0.5000,9,502
26717,2161557,corner,0,0.4900,9,503
26718,2161692,corner,0,0.4800,9,504
26719,2161950,corner,1,0.4800,9,505
26720,2162247,corner,0,0.4800,9,506
26721,2162594,corner,0,0.4800,9,507
26722,2162677,corner,0,0.4700,9,508
26723,2163079,corner,1,0.4800,9,509
26724,2163238,corner,1,0.4900,9,510
26725,2163525,corner,1,0.5000,9,511
26726,2163696,corner,1,0.5000,9,512
26727,2163770,corner,1,0.5000,9,513
26728,2164049,corner,1,0.5000,9,514
26729,2164209,corner,1,0.5000,9,515
26730,2164301,corner,1,0.5000,9,516
26731,2164462,corner,1,0.5100,9,517
26732,2164543,corner,0,0.5100,9,518
26733,2164676,corner,0,0.5100,9,519
26734,2164853,corner,1,0.5100,9,520
26735,2164903,corner,0,0.5000,9,521
26736,2165033,corner,0,0.5000,9,522
26737,2165114,corner,0,0.5000,9,523
26738,2165161,corner,0,0.5000,9,524
26739,2165296,corner,0,0.5000,9,525
26740,2165461,corner,1,0.5000,9,526
26741,2165810,corner,0,0.5000,9,527
26742,2165938,corner,0,0.4900,9,528
26743,2166099,corner,0,0.4900,9,529
26744,2166338,corner,1,0.4900,9,530
26745,2166499,corner,0,0.4900,9,531
26746,2166655,corner,1,0.5000,9,532
26747,2166819,corner,1,0.5000,9,533
26748,2166915,corner,1,0.5100,9,534
26749,2166989,corner,1,0.5100,9,535
26750,2167318,corner,1,0.5200,9,536
26751,2167585,corner,1,0.5300,9,537
26752,2167671,corner,0,0.5300,9,538
26753,2167752,corner,0,0.5200,9,539
26754,2167915,corner,1,0.5300,9,540
26755,2168043,corner,0,0.5200,9,541
26756,2168255,corner,1,0.5300,9,542
26757,2168417,corner,0,0.5300,9,543
26758,2168581,corner,0,0.5200,9,544
26759,2168833,corner,1,0.5300,9,545
26760,2168916,corner,0,0.5200,9,546
26761,2168975,corner,1,0.5300,9,547
26762,2169056,corner,0,0.5200,9,548
26763,2169315,corner,1,0.5200,9,549
26764,2169396,corner,0,0.5200,9,550
26765,2169480,corner,1,0.5200,9,551
26766,2169739,corner,1,0.5200,9,552
26767,2169987,corner,0,0.5100,9,553
26768,2170038,corner,0,0.5000,9,554
26769,2170225,corner,1,0.5000,9,555
26770,2170309,corner,1,0.5000,9,556
26771,2170619,corner,0,0.4900,9,557
26772,2170794,corner,1,0.4900,9,558
26773,2171114,corner,1,0.4900,9,559
26774,2171196,corner,0,0.4900,9,560
26775,2171347,corner,0,0.4900,9,561
26776,2171474,corner,0,0.4900,9,562
26777,2171787,corner,1,0.4900,9,563
26778,2171868,corner,0,0.4800,9,564
26779,2172149,corner,1,0.4800,9,565
26780,2172550,corner,0,0.4800,9,566
26781,2172703,corner,1,0.4800,9,567
26782,2173012,corner,1,0.4900,9,568
26783,2173097,corner,0,0.4800,9,569
26784,2173649,corner,1,0.4900,9,570
26785,2173731,corner,0,0.4800,9,571
26786,2173894,corner,1,0.4900,9,572
26787,2173985,corner,1,0.5000,9,573
26788,2174136,corner,1,0.5000,9,574
26789,2174266,corner,0,0.5000,9,575
26790,2174436,corner,1,0.5000,9,576
26791,2174618,corner,1,0.5000,9,577
26792,2174826,corner,0,0.5000,9,578
26793,2175157,corner,1,0.5100,9,579
26794,2175305,corner,1,0.5200,9,580
26795,2175431,corner,0,0.5100,9,581
26796,2175639,corner,1,0.5200,9,582
26797,2175720,corner,0,0.5200,9,583
26798,2175968,corner,1,0.5200,9,584
26799,2176244,corner,1,0.5200,9,585
26800,2176326,corner,0,0.5200,9,586
26801,2176439,corner,1,0.5200,9,587
26802,2176545,corner,1,0.5300,9,588
26803,2176970,corner,1,0.5400,9,589
26804,2177141,corner,1,0.5400,9,590
26805,2177470,corner,1,0.5500,9,591
26806,2177551,corner,0,0.5500,9,592
26807,2177639,corner,1,0.5500,9,593
26808,2177726,corner,0,0.5500,9,594
26809,2177886,corner,1,0.5600,9,595
26810,2178042,corner,1,0.5600,9,596
26811,2178093,corner,1,0.5700,9,597
26812,2178187,corner,1,0.5700,9,598
26813,2178360,corner,1,0.5800,9,599
26814,2178446,corner,0,0.5700,9,600
26815,2178543,corner,1,0.5800,9,601
26816,2178710,corner,1,0.5800,9,602
26817,2178792,corner,0,0.5800,9,603
26818,2178958,corner,1,0.5900,9,604
26819,2179181,corner,1,0.5900,9,605
26820,2179263,corner,0,0.5900,9,606
26821,2179438,corner,1,0.6000,9,607
26822,2179569,corner,0,0.6000,9,608
26823,2179628,corner,0,0.5900,9,609
26824,2179721,corner,1,0.5900,9,610
26825,2179936,corner,1,0.5900,9,611
26826,2180025,corner,1,0.5900,9,612
26827,2180080,corner,0,0.5800,9,613
26828,2180178,corner,1,0.5800,9,614
26829,2180340,corner,1,0.5800,9,615
26830,2180467,corner,0,0.5700,9,616
26831,2180551,corner,1,0.5700,9,617
26832,2180910,corner,1,0.5800,9,618
26833,2181202,corner,0,0.5800,9,619
26834,2181332,corner,0,0.5700,9,620
26835,2181410,corner,1,0.5800,9,621
26836,2181554,corner,0,0.5800,9,622
26837,2181821,corner,0,0.5800,9,623
26838,2181988,corner,1,0.5900,9,624
26839,2182201,corner,0,0.5900,9,625
26840,2182396,corner,0,0.5800,9,626
26841,2182665,corner,1,0.5900,9,627
26842,2182865,corner,1,0.6000,9,628
26843,2182989,corner,0,0.6000,9,629
26844,2183112,corner,0,0.5900,9,630
26845,2183288,corner,1,0.6000,9,631
26846,2183463,corner,1,0.6000,9,632
26847,2183742,corner,1,0.6000,9,633
26848,2183835,corner,1,0.6000,9,634
26849,2183968,corner,0,0.5900,9,635
26850,2184616,corner,0,0.5800,9,636
26851,2184685,corner,0,0.5700,9,637
26852,2184859,corner,1,0.5800,9,638
26853,2184940,corner,0,0.5800,9,639
26854,2185085,corner,0,0.5700,9,640
26855,2185166,corner,0,0.5700,9,641
26856,2185251,corner,0,0.5600,9,642
26857,2185347,corner,1,0.5700,9,643
26858,2185433,corner,0,0.5700,9,644
26859,2185559,corner,0,0.5600,9,645
26860,2185886,corner,0,0.5600,9,646
26861,2186138,corner,1,0.5600,9,647
26862,2186274,corner,0,0.5600,9,648
26863,2186370,corner,1,0.5600,9,649
26864,2186634,corner,1,0.5700,9,650
26865,2186890,corner,1,0.5700,9,651
26866,2187190,corner,1,0.5700,9,652
26867,2187321,corner,1,0.5800,9,653
26868,2187412,corner,1,0.5900,9,654
26869,2187498,corner,0,0.5800,9,655
26870,2187581,corner,0,0.5700,9,656
26871,2187965,corner,1,0.5800,9,657
26872,2188319,corner,1,0.5800,9,658
26873,2188447,corner,0,0.5700,9,659
26874,2188717,corner,1,0.5800,9,660
26875,2188799,corner,0,0.5800,9,661
26876,2188842,corner,0,0.5800,9,662
26877,2188996,corner,1,0.5800,9,663
26878,2189302,corner,1,0.5900,9,664
26879,2189635,corner,1,0.5900,9,665
26880,2189764,corner,0,0.5900,9,666
26881,2189871,corner,1,0.5900,9,667
26882,2189969,corner,1,0.5900,9,668
26883,2190097,corner,0,0.5900,9,669
26884,2190507,corner,1,0.5900,9,670
26885,2190817,corner,0,0.5900,9,671
26886,2190917,corner,1,0.5900,9,672
26887,2190998,corner,0,0.5800,9,673
26888,2191226,corner,1,0.5800,9,674
26889,2191630,corner,1,0.5900,9,675
26890,2191823,corner,1,0.5900,9,676
26891,2192029,corner,0,0.5800,9,677
26892,2192477,corner,1,0.5900,9,678
26893,2192561,corner,0,0.5800,9,679
26894,2192716,corner,1,0.5800,9,680
26895,2192939,corner,1,0.5900,9,681
26896,2193153,corner,0,0.5800,9,682
26897,2193289,corner,1,0.5900,9,683
26898,2193450,corner,1,0.5900,9,684
26899,2193718,corner,1,0.5900,9,685
26900,2193799,corner,0,0.5900,9,686
26901,2193984,corner,1,0.5900,9,687
26902,2194067,corner,0,0.5800,9,688
26903,2194148,corner,0,0.5700,9,689
26904,2194424,corner,1,0.5700,9,690
26905,2194480,corner,0,0.5600,9,691
26906,2194749,corner,1,0.5700,9,692
26907,2194970,corner,1,0.5700,9,693
26908,2195238,corner,1,0.5800,9,694
26909,2195364,corner,0,0.5700,9,695
26910,2195637,corner,0,0.5600,9,696
26911,2195764,corner,0,0.5500,9,697
26912,2195938,corner,1,0.5500,9,698
26913,2196311,corner,1,0.5500,9,699
26914,2196396,corner,0,0.5500,9,700
26915,2196490,corner,1,0.5500,9,701
26916,2196621,corner,0,0.5400,9,702
26917,2196866,corner,0,0.5400,9,703
26918,2196947,corner,0,0.5300,9,704
26919,2197115,corner,1,0.5300,9,705
26920,2197331,corner,1,0.5400,9,706
26921,2197563,corner,1,0.5400,9,707
26922,2197693,corner,0,0.5400,9,708
26923,2197790,corner,1,0.5500,9,709
26924,2197873,corner,0,0.5400,9,710
26925,2198061,corner,1,0.5400,9,711
26926,2198145,corner,0,0.5300,9,712
26927,2198244,corner,1,0.5400,9,713
26928,2198396,corner,1,0.5400,9,714
26929,2198525,corner,0,0.5300,9,715
26930,2198709,corner,1,0.5400,9,716
26931,2198815,corner,0,0.5300,9,717
26932,2199418,corner,1,0.5300,9,718
26933,2199498,corner,1,0.5400,9,719
26934,2199761,corner,1,0.5500,9,720
26935,2199990,corner,1,0.5500,9,721
26936,2200279,corner,0,0.5500,9,722
26937,2200845,corner,1,0.5600,9,723
26938,2200924,corner,1,0.5600,9,724
26939,2201258,corner,1,0.5700,9,725
26940,2201422,corner,1,0.5800,9,726
26941,2201764,corner,1,0.5800,9,727
26942,2201845,corner,0,0.5700,9,728
26943,2201976,corner,1,0.5800,9,729
26944,2202139,corner,0,0.5800,9,730
26945,2202489,corner,1,0.5800,9,731
26946,2202809,corner,1,0.5800,9,732
26947,2202975,corner,1,0.5800,9,733
26948,2203182,corner,0,0.5700,9,734
26949,2203277,corner,1,0.5800,9,735
26950,2203736,corner,1,0.5900,9,736
26951,2203820,corner,0,0.5900,9,737
26952,2203902,corner,0,0.5800,9,738
26953,2203985,corner,0,0.5800,9,739
26954,2204039,corner,0,0.5800,9,740
26955,2204257,corner,0,0.5800,9,741
26956,2204415,corner,1,0.5900,9,742
26957,2204691,corner,1,0.5900,9,743
26958,2204746,corner,0,0.5900,9,744
26959,2204925,corner,0,0.5900,9,745
26960,2205011,corner,1,0.6000,9,746
26961,2205190,corner,1,0.6000,9,747
26962,2205469,corner,1,0.6100,9,748
26963,2205672,corner,1,0.6100,9,749
26964,2205857,corner,1,0.6100,9,750
26965,2206043,corner,1,0.6100,9,751
26966,2206098,corner,0,0.6000,9,752
26967,2206333,corner,1,0.6000,9,753
26968,2206440,corner,1,0.6000,9,754
26969,2206692,corner,1,0.6100,9,755
26970,2206897,corner,1,0.6200,9,756
26971,2207082,corner,1,0.6200,9,757
26972,2207242,corner,1,0.6200,9,758
26973,2207415,corner,0,0.6200,9,759
26974,2207549,corner,0,0.6100,9,760
26975,2207784,corner,1,0.6200,9,761
26976,2208044,corner,1,0.6300,9,762
26977,2208230,corner,1,0.6300,9,763
26978,2208648,corner,1,0.6300,9,764
26979,2208897,corner,1,0.6300,9,765
26980,2209254,corner,0,0.6300,9,766
26981,2209336,corner,0,0.6200,9,767
26982,2209457,corner,1,0.6200,9,768
26983,2209765,corner,1,0.6300,9,769
26984,2209910,corner,0,0.6200,9,770
26985,2210168,corner,1,0.6300,9,771
26986,2210443,corner,0,0.6200,9,772
26987,2210675,corner,0,0.6200,9,773
26988,2211018,corner,1,0.6200,9,774
26989,2211309,corner,1,0.6200,9,775
26990,2211511,corner,1,0.6200,9,776
26991,2212102,corner,0,0.6200,9,777
26992,2212189,corner,1,0.6200,9,778
26993,2212351,corner,0,0.6200,9,779
26994,2212525,corner,1,0.6200,9,780
26995,2212627,corner,1,0.6200,9,781
26996,2212731,corner,1,0.6300,9,782
26997,2213107,corner,1,0.6300,9,783
26998,2213460,corner,1,0.6300,9,784
26999,2213780,corner,1,0.6300,9,785
27000,2214198,corner,1,0.6400,9,786
27001,2214529,corner,0,0.6300,9,787
27002,2214701,corner,1,0.6400,9,788
27003,2214832,corner,0,0.6400,9,789
27004,2214964,corner,0,0.6300,9,790
27005,2215242,corner,1,0.6400,9,791
27006,2215427,corner,1,0.6400,9,792
27007,2215596,corner,1,0.6400,9,793
27008,2215770,corner,1,0.6400,9,794
27009,2215852,corner,0,0.6400,9,795
27010,2216105,corner,0,0.6400,9,796
27011,2216277,corner,0,0.6400,9,797
27012,2216454,corner,1,0.6400,9,798
27013,2216623,corner,1,0.6400,9,799
27014,2217025,corner,1,0.6500,9,800
27015,2217131,corner,1,0.6500,9,801
27016,2217181,corner,0,0.6500,9,802
27017,2217246,corner,1,0.6600,9,803
27018,2217417,corner,1,0.6700,9,804
27019,2218065,corner,0,0.6600,9,805
27020,2218313,corner,0,0.6500,9,806
27021,2218446,corner,0,0.6400,9,807
27022,2218809,corner,1,0.6500,9,808
27023,2218989,corner,1,0.6500,9,809
27024,2219074,corner,1,0.6600,9,810
27025,2219722,corner,0,0.6500,9,811
27026,2219910,corner,1,0.6600,9,812
27027,2219991,corner,0,0.6500,9,813
27028,2220072,corner,0,0.6400,9,814
27029,2220253,corner,1,0.6500,9,815
27030,2220561,corner,1,0.6500,9,816
27031,2220940,corner,1,0.6600,9,817
27032,2221588,corner,1,0.6600,9,818
27033,2222042,corner,1,0.6600,9,819
27034,2222152,corner,1,0.6600,9,820
27035,2222233,corner,0,0.6500,9,821
27036,2222477,corner,0,0.6500,9,822
27037,2222570,corner,1,0.6500,9,823
27038,2222983,corner,1,0.6500,9,824
27039,2223631,corner,1,0.6500,9,825
27040,2223793,corner,0,0.6400,9,826
27041,2223918,corner,1,0.6400,9,827
27042,2224566,corner,0,0.6400,9,828
27043,2224647,corner,0,0.6300,9,829
27044,2225295,corner,0,0.6300,9,830
27045,2225465,corner,1,0.6300,9,831
27046,2226113,corner,0,0.6200,9,832
27047,2226364,corner,1,0.6200,9,833
27048,2226415,corner,1,0.6300,9,834
27049,2226848,corner,0,0.6200,9,835
27050,2227041,corner,1,0.6200,9,836
27051,2227524,corner,0,0.6200,9,837
27052,2227655,corner,0,0.6200,9,838
27053,2227908,corner,1,0.6300,9,839
27054,2228077,corner,0,0.6300,9,840
27055,2228171,corner,1,0.6400,9,841
27056,2228454,corner,1,0.6400,9,842
27057,2228823,corner,1,0.6400,9,843
27058,2228910,corner,0,0.6400,9,844
27059,2228997,corner,0,0.6400,9,845
27060,2229080,corner,0,0.6300,9,846
27061,2229398,corner,1,0.6300,9,847
27062,2229841,corner,0,0.6200,9,848
27063,2229972,corner,0,0.6100,9,849
27064,2230571,corner,0,0.6000,9,850
27065,2230655,corner,0,0.5900,9,851
27066,2230818,corner,0,0.5900,9,852
27067,2231345,corner,1,0.5900,9,853
27068,2231513,corner,1,0.5900,9,854
27069,2231890,corner,0,0.5800,9,855
27070,2232036,corner,0,0.5700,9,856
27071,2232379,corner,1,0.5700,9,857
27072,2232468,corner,0,0.5600,9,858
27073,2232745,corner,1,0.5700,9,859
27074,2232827,corner,0,0.5700,9,860
27075,2232958,corner,0,0.5600,9,861
27076,2233048,corner,0,0.5500,9,862
27077,2233132,corner,0,0.5400,9,863
27078,2233215,corner,0,0.5300,9,864
27079,2233863,corner,1,0.5300,9,865
27080,2234511,corner,0,0.5300,9,866
27081,2234594,corner,0,0.5300,9,867
27082,2234721,corner,0,0.5200,9,868
27083,2235369,corner,0,0.5100,9,869
27084,2235646,corner,1,0.5200,9,870
27085,2236021,corner,0,0.5100,9,871
27086,2236354,corner,0,0.5100,9,872
27087,2236425,corner,0,0.5100,9,873
27088,2236507,corner,0,0.5000,9,874
27089,2236662,corner,1,0.5000,9,875
27090,2237077,corner,1,0.5000,9,876
27091,2237431,corner,1,0.5100,9,877
27092,2237524,corner,1,0.5100,9,878
27093,2237868,corner,0,0.5100,9,879
27094,2238107,corner,0,0.5000,9,880
27095,2238381,corner,0,0.4900,9,881
27096,2238548,corner,0,0.4800,9,882
27097,2238744,corner,1,0.4800,9,883
27098,2238825,corner,0,0.4700,9,884
27099,2238875,corner,0,0.4600,9,885
27100,2239376,corner,1,0.4600,9,886
27101,2240024,corner,1,0.4700,9,887
27102,2240092,corner,1,0.4700,9,888
27103,2240740,corner,0,0.4700,9,889
27104,2241388,corner,0,0.4700,9,890
27105,2241796,corner,0,0.4600,9,891
27106,2242205,corner,1,0.4600,9,892
27107,2242332,corner,0,0.4500,9,893
27108,2242420,corner,1,0.4500,9,894
27109,2242550,corner,0,0.4500,9,895
27110,2243065,corner,1,0.4600,9,896
27111,2243275,corner,0,0.4600,9,897
27112,2243553,corner,1,0.4600,9,898
27113,2243634,corner,0,0.4500,9,899
27114,2244086,corner,0,0.4400,9,900
27115,2244359,corner,1,0.4400,9,901
27116,2244486,corner,0,0.4400,9,902
27117,2244648,corner,0,0.4300,9,903
27118,2244818,corner,1,0.4300,9,904
27119,2245309,corner,1,0.4400,9,905
27120,2245586,corner,1,0.4500,9,906
27121,2245782,corner,1,0.4600,9,907
27122,2246256,corner,1,0.4600,9,908
27123,2246431,corner,1,0.4600,9,909
27124,2246926,corner,0,0.4500,9,910
27125,2247202,corner,1,0.4600,9,911
27126,2247445,corner,1,0.4600,9,912
27127,2248093,corner,0,0.4600,9,913
27128,2248438,corner,1,0.4700,9,914
27129,2248773,corner,1,0.4700,9,915
27130,2248856,corner,0,0.4600,9,916
27131,2248986,corner,1,0.4600,9,917
27132,2249164,corner,1,0.4600,9,918
27133,2249812,corner,0,0.4500,9,919
27134,2250109,corner,1,0.4500,9,920
27135,2250271,corner,0,0.4500,9,921
27136,2250919,corner,1,0.4600,9,922
27137,2251172,corner,1,0.4600,9,923
27138,2251596,corner,1,0.4600,9,924
27139,2251679,corner,0,0.4500,9,925
27140,2252005,corner,1,0.4600,9,926
27141,2252175,corner,1,0.4600,9,927
27142,2252381,corner,0,0.4600,9,928
27143,2252559,corner,1,0.4700,9,929
27144,2253207,corner,0,0.4700,9,930
27145,2253484,corner,1,0.4700,9,931
27146,2254132,corner,0,0.4700,9,932
27147,2254312,corner,1,0.4700,9,933
27148,2254960,corner,0,0.4600,9,934
27149,2255125,corner,0,0.4600,9,935
27150,2255287,corner,1,0.4600,9,936
27151,2255935,corner,0,0.4600,9,937
27152,2256036,corner,1,0.4700,9,938
27153,2256255,corner,0,0.4600,9,939
27154,2256641,corner,1,0.4700,9,940
27155,2256830,corner,1,0.4700,9,941
27156,2257180,corner,0,0.4600,9,942
27157,2257405,corner,0,0.4500,9,943
27158,2257521,corner,1,0.4600,9,944
27159,2257865,corner,1,0.4700,9,945
27160,2258030,corner,1,0.4800,9,946
27161,2258158,corner,0,0.4700,9,947
27162,2258578,corner,1,0.4800,9,948
27163,2259068,corner,0,0.4800,9,949
27164,2259237,corner,0,0.4800,9,950
27165,2259476,corner,1,0.4900,9,951
27166,2259968,corner,1,0.5000,9,952
27167,2260314,corner,1,0.5000,9,953
27168,2260787,corner,0,0.4900,9,954
27169,2261135,corner,1,0.5000,9,955
27170,2261302,corner,1,0.5100,9,956
27171,2261465,corner,0,0.5000,9,957
27172,2262032,corner,1,0.5100,9,958
27173,2262114,corner,0,0.5000,9,959
27174,2262205,corner,1,0.5100,9,960
27175,2262458,corner,1,0.5200,9,961
27176,2263106,corner,0,0.5200,9,962
27177,2263286,corner,0,0.5200,9,963
27178,2263419,corner,1,0.5300,9,964
27179,2263675,corner,0,0.5200,9,965
27180,2263728,corner,1,0.5300,9,966
27181,2264184,corner,1,0.5400,9,967
27182,2264273,corner,0,0.5400,9,968
27183,2264609,corner,1,0.5500,9,969
27184,2264879,corner,1,0.5500,9,970
27185,2265010,corner,0,0.5500,9,971
27186,2265262,corner,1,0.5600,9,972
27187,2265579,corner,1,0.5700,9,973
27188,2266227,corner,0,0.5700,9,974
27189,2266632,corner,0,0.5600,9,975
27190,2266679,corner,0,0.5500,9,976
27191,2266811,corner,0,0.5400,9,977
27192,2267218,corner,1,0.5400,9,978
27193,2267467,corner,1,0.5500,9,979
27194,2267560,corner,1,0.5600,9,980
27195,2267641,corner,0,0.5600,9,981
27196,2268289,corner,0,0.5600,9,982
27197,2268372,corner,0,0.5500,9,983
27198,2268560,corner,1,0.5600,9,984
27199,2268815,corner,1,0.5700,9,985
27200,2269058,corner,0,0.5600,9,986
27201,2269210,corner,1,0.5600,9,987
27202,2269635,corner,1,0.5600,9,988
27203,2270017,corner,1,0.5700,9,989
27204,2270149,corner,0,0.5700,9,990
27205,2270518,corner,1,0.5800,9,991
27206,2270681,corner,0,0.5700,9,992
27207,2270928,corner,1,0.5800,9,993
27208,2271286,corner,1,0.5800,9,994
27209,2271552,corner,0,0.5800,9,995
27210,2271808,corner,1,0.5800,9,996
27211,2271889,corner,0,0.5800,9,997
27212,2271942,corner,0,0.5700,9,998
27213,2272095,corner,1,0.5800,9,999
27214,2272177,corner,0,0.5800,9,1000
27215,2272344,corner,1,0.5800,9,1001
27216,2272593,corner,1,0.5900,9,1002
27217,2272842,corner,1,0.6000,9,1003
27218,2273014,corner,1,0.6000,9,1004
27219,2273619,corner,1,0.6000,9,1005
27220,2274106,corner,0,0.5900,9,1006
27221,2274261,corner,1,0.5900,9,1007
27222,2274388,corner,1,0.5900,9,1008
27223,2274489,corner,1,0.5900,9,1009
27224,2274571,corner,0,0.5900,9,1010
27225,2274683,corner,1,0.5900,9,1011
27226,2274853,corner,1,0.5900,9,1012
27227,2275062,corner,0,0.5900,9,1013
27228,2275322,corner,1,0.5900,9,1014
27229,2275970,corner,0,0.5800,9,1015
27230,2276283,corner,0,0.5800,9,1016
27231,2276365,corner,0,0.5700,9,1017
27232,2276476,corner,1,0.5700,9,1018
27233,2276736,corner,0,0.5700,9,1019
27234,2276848,corner,1,0.5700,9,1020
27235,2277143,corner,1,0.5800,9,1021
27236,2277351,corner,0,0.5700,9,1022
27237,2277535,corner,1,0.5700,9,1023
27238,2277978,corner,1,0.5700,9,1024
27239,2278166,corner,1,0.5800,9,1025
27240,2278400,corner,1,0.5800,9,1026
27241,2278755,corner,0,0.5700,9,1027
27242,2279403,corner,0,0.5700,9,1028
27243,2279454,corner,0,0.5600,9,1029
27244,2279743,corner,1,0.5700,9,1030
27245,2279923,corner,1,0.5700,9,1031
27246,2280196,corner,1,0.5800,9,1032
27247,2280447,corner,1,0.5800,9,1033
27248,2280616,corner,1,0.5900,9,1034
27249,2280722,corner,1,0.6000,9,1035
27250,2281115,corner,1,0.6000,9,1036
27251,2281310,corner,1,0.6100,9,1037
27252,2281576,corner,0,0.6000,9,1038
27253,2281760,corner,1,0.6100,9,1039
27254,2281928,corner,1,0.6100,9,1040
27255,2282408,corner,1,0.6100,9,1041
27256,2283056,corner,0,0.6100,9,1042
27257,2283390,corner,1,0.6200,9,1043
27258,2283628,corner,1,0.6200,9,1044
27259,2284276,corner,1,0.6200,9,1045
27260,2284548,corner,1,0.6200,9,1046
27261,2284732,corner,1,0.6300,9,1047
27262,2284900,corner,1,0.6300,9,1048
27263,2285371,corner,1,0.6400,9,1049
27264,2286019,corner,0,0.6400,9,1050
27265,2286244,corner,0,0.6300,9,1051
27266,2286355,corner,1,0.6300,9,1052
27267,2286724,corner,1,0.6300,9,1053
27268,2286857,corner,0,0.6300,9,1054
27269,2287203,corner,1,0.6300,9,1055
27270,2287738,corner,1,0.6300,9,1056
27271,2287891,corner,1,0.6400,9,1057
27272,2288168,corner,1,0.6400,9,1058
27273,2288816,corner,0,0.6400,9,1059
27274,2289012,corner,1,0.6400,9,1060
27275,2289237,corner,0,0.6300,9,1061
27276,2289403,corner,1,0.6400,9,1062
27277,2289484,corner,0,0.6400,9,1063
27278,2289694,corner,1,0.6400,9,1064
27279,2289884,corner,0,0.6400,9,1065
27280,2289968,corner,0,0.6300,9,1066
27281,2290099,corner,0,0.6200,9,1067
27282,2290698,corner,1,0.6300,9,1068
27283,2290749,corner,0,0.6200,9,1069
27284,2290874,corner,0,0.6100,9,1070
27285,2291130,corner,1,0.6200,9,1071
27286,2291642,corner,1,0.6200,9,1072
27287,2292003,corner,1,0.6200,9,1073
27288,2292089,corner,1,0.6300,9,1074
27289,2292385,corner,0,0.6300,9,1075
27290,2292981,corner,1,0.6400,9,1076
27291,2293110,corner,0,0.6400,9,1077
27292,2293279,corner,0,0.6300,9,1078
27293,2293861,corner,0,0.6200,9,1079
27294,2294043,corner,1,0.6200,9,1080
27295,2294485,corner,1,0.6300,9,1081
27296,2294928,corner,0,0.6300,9,1082
27297,2295174,corner,1,0.6400,9,1083
27298,2295638,corner,0,0.6300,9,1084
27299,2295718,corner,1,0.6300,9,1085
27300,2295820,corner,1,0.6400,9,1086
27301,2295915,corner,1,0.6400,9,1087
27302,2296079,corner,1,0.6400,9,1088
27303,2296258,corner,1,0.6400,9,1089
27304,2296906,corner,0,0.6400,9,1090
27305,2297156,corner,0,0.6300,9,1091
27306,2297317,corner,1,0.6400,9,1092
27307,2297938,corner,0,0.6300,9,1093
27308,2298533,corner,1,0.6300,9,1094
27309,2298690,corner,1,0.6400,9,1095
27310,2299043,corner,1,0.6400,9,1096
27311,2299289,corner,1,0.6500,9,1097
27312,2299894,corner,1,0.6600,9,1098
