game_idx,global_step,opponent,win,rolling,shift_idx,games_since_shift
1,582,corner,1,1.0000,-1,0
2,808,corner,1,1.0000,-1,0
3,1732,corner,1,1.0000,-1,0
4,2885,corner,1,1.0000,-1,0
5,3689,corner,1,1.0000,-1,0
6,4083,corner,1,1.0000,-1,0
7,4481,corner,1,1.0000,-1,0
8,5095,corner,0,0.8750,-1,0
9,5373,corner,0,0.7778,-1,0
10,6725,corner,0,0.7000,-1,0
11,6938,corner,1,0.7273,-1,0
12,8290,corner,0,0.6667,-1,0
13,8856,corner,1,0.6923,-1,0
14,10208,corner,1,0.7143,-1,0
15,10910,corner,1,0.7333,-1,0
16,11175,corner,1,0.7500,-1,0
17,11382,corner,1,0.7647,-1,0
18,11722,corner,0,0.7222,-1,0
19,11943,corner,1,0.7368,-1,0
20,13295,corner,0,0.7000,-1,0
21,14450,corner,1,0.7143,-1,0
22,14758,corner,0,0.6818,-1,0
23,15141,corner,1,0.6957,-1,0
24,15312,corner,0,0.6667,-1,0
25,16664,corner,1,0.6800,-1,0
26,17745,corner,1,0.6923,-1,0
27,18317,corner,1,0.7037,-1,0
28,18525,corner,1,0.7143,-1,0
29,18752,corner,1,0.7241,-1,0
30,19127,corner,1,0.7333,-1,0
31,20479,corner,1,0.7419,-1,0
32,20650,corner,0,0.7188,-1,0
33,20860,corner,1,0.7273,-1,0
34,21093,corner,1,0.7353,-1,0
35,21267,corner,0,0.7143,-1,0
36,21786,corner,0,0.6944,-1,0
37,22488,corner,0,0.6757,-1,0
38,23173,corner,1,0.6842,-1,0
39,24355,corner,1,0.6923,-1,0
40,25707,corner,0,0.6750,-1,0
41,26219,corner,1,0.6829,-1,0
42,27571,corner,0,0.6667,-1,0
43,27964,corner,1,0.6744,-1,0
44,28200,corner,1,0.6818,-1,0
45,28667,corner,1,0.6889,-1,0
46,29679,corner,1,0.6957,-1,0
47,29886,corner,1,0.7021,-1,0
48,30926,corner,1,0.7083,-1,0
49,31129,corner,1,0.7143,-1,0
50,31483,corner,0,0.7000,-1,0
51,32682,corner,1,0.7059,-1,0
52,33367,corner,0,0.6923,-1,0
53,33599,corner,1,0.6981,-1,0
54,34146,corner,1,0.7037,-1,0
55,35498,corner,0,0.6909,-1,0
56,36066,corner,0,0.6786,-1,0
57,36409,corner,0,0.6667,-1,0
58,37761,corner,0,0.6552,-1,0
59,38192,corner,1,0.6610,-1,0
60,38569,corner,0,0.6500,-1,0
61,39921,corner,0,0.6393,-1,0
62,40086,corner,1,0.6452,-1,0
63,40669,corner,1,0.6508,-1,0
64,41567,corner,0,0.6406,-1,0
65,42247,corner,0,0.6308,-1,0
66,42457,corner,1,0.6364,-1,0
67,42920,corner,0,0.6269,-1,0
68,43494,corner,1,0.6324,-1,0
69,44170,corner,0,0.6232,-1,0
70,45459,corner,0,0.6143,-1,0
71,46353,corner,0,0.6056,-1,0
72,47168,corner,1,0.6111,-1,0
73,48520,corner,0,0.6027,-1,0
74,48862,corner,0,0.5946,-1,0
75,50214,corner,0,0.5867,-1,0
76,50773,corner,1,0.5921,-1,0
77,52125,corner,1,0.5974,-1,0
78,52511,corner,1,0.6026,-1,0
79,53746,corner,1,0.6076,-1,0
80,54134,corner,1,0.6125,-1,0
81,55282,corner,1,0.6173,-1,0
82,56181,corner,0,0.6098,-1,0
83,57527,corner,0,0.6024,-1,0
84,58487,corner,0,0.5952,-1,0
85,58754,corner,1,0.6000,-1,0
86,58861,corner,0,0.5930,-1,0
87,60213,corner,0,0.5862,-1,0
88,60766,corner,1,0.5909,-1,0
89,61608,corner,1,0.5955,-1,0
90,62324,corner,0,0.5889,-1,0
91,62893,corner,1,0.5934,-1,0
92,63381,corner,0,0.5870,-1,0
93,63795,corner,1,0.5914,-1,0
94,64036,corner,1,0.5957,-1,0
95,64233,corner,1,0.6000,-1,0
96,65416,corner,1,0.6042,-1,0
97,65975,corner,1,0.6082,-1,0
98,66330,corner,1,0.6122,-1,0
99,66541,corner,1,0.6162,-1,0
100,67745,corner,1,0.6200,-1,0
101,67916,corner,0,0.6100,-1,0
102,68101,corner,0,0.6000,-1,0
103,69305,corner,1,0.6000,-1,0
104,70118,corner,1,0.6000,-1,0
105,71061,corner,0,0.5900,-1,0
106,71272,corner,1,0.5900,-1,0
107,72624,corner,0,0.5800,-1,0
108,73976,corner,1,0.5900,-1,0
109,74382,corner,1,0.6000,-1,0
110,75152,corner,1,0.6100,-1,0
111,75334,corner,0,0.6000,-1,0
112,76312,corner,0,0.6000,-1,0
113,77471,corner,1,0.6000,-1,0
114,78109,corner,1,0.6000,-1,0
115,78271,corner,1,0.6000,-1,0
116,79623,corner,0,0.5900,-1,0
117,80694,corner,1,0.5900,-1,0
118,81342,corner,1,0.6000,-1,0
119,81885,corner,0,0.5900,-1,0
120,82742,corner,0,0.5900,-1,0
121,83267,corner,1,0.5900,-1,0
122,83913,corner,1,0.6000,-1,0
123,84085,corner,0,0.5900,-1,0
124,84256,corner,0,0.5900,-1,0
125,84818,corner,1,0.5900,-1,0
126,84990,corner,0,0.5800,-1,0
127,85509,corner,0,0.5700,-1,0
128,86861,corner,0,0.5600,-1,0
129,87014,corner,1,0.5600,-1,0
130,87216,corner,1,0.5600,-1,0
131,87443,corner,1,0.5600,-1,0
132,87962,corner,0,0.5600,-1,0
133,88193,corner,1,0.5600,-1,0
134,88541,corner,0,0.5500,-1,0
135,89595,corner,1,0.5600,-1,0
136,90470,corner,0,0.5600,-1,0
137,90946,corner,1,0.5700,-1,0
138,91692,corner,1,0.5700,-1,0
139,91909,corner,1,0.5700,-1,0
140,92530,corner,0,0.5700,-1,0
141,93158,corner,1,0.5700,-1,0
142,93484,corner,0,0.5700,-1,0
143,94836,corner,0,0.5600,-1,0
144,95016,corner,0,0.5500,-1,0
145,96012,corner,1,0.5500,-1,0
146,97340,corner,0,0.5400,-1,0
147,97909,corner,0,0.5300,-1,0
148,98222,corner,0,0.5200,-1,0
149,98621,corner,0,0.5100,-1,0
150,99904,corner,0,0.5100,-1,0
151,101256,corner,0,0.5000,-1,0
152,101475,corner,1,0.5100,-1,0
153,102643,corner,1,0.5100,-1,0
154,102817,corner,0,0.5000,-1,0
155,103011,corner,1,0.5100,-1,0
156,103185,corner,0,0.5100,-1,0
157,103802,corner,0,0.5100,-1,0
158,105154,corner,1,0.5200,-1,0
159,105286,corner,1,0.5200,-1,0
160,105701,corner,1,0.5300,-1,0
161,105871,corner,0,0.5300,-1,0
162,107223,corner,0,0.5200,-1,0
163,107434,corner,1,0.5200,-1,0
164,108660,corner,1,0.5300,-1,0
165,109675,corner,0,0.5300,-1,0
166,111027,corner,1,0.5300,-1,0
167,112379,corner,0,0.5300,-1,0
168,113731,corner,1,0.5300,-1,0
169,114491,corner,1,0.5400,-1,0
170,115517,corner,0,0.5400,-1,0
171,116869,corner,0,0.5400,-1,0
172,118221,corner,0,0.5300,-1,0
173,119573,corner,0,0.5300,-1,0
174,119771,corner,1,0.5400,-1,0
175,119872,corner,0,0.5400,-1,0
176,120091,corner,1,0.5400,-1,0
177,120262,corner,0,0.5300,-1,0
178,120808,corner,1,0.5300,-1,0
179,121212,corner,0,0.5200,-1,0
180,122330,corner,1,0.5200,-1,0
181,123294,corner,1,0.5200,-1,0
182,124357,corner,1,0.5300,-1,0
183,124743,corner,1,0.5400,-1,0
184,124966,corner,1,0.5500,-1,0
185,125308,corner,0,0.5400,-1,0
186,126660,corner,1,0.5500,-1,0
187,128012,corner,1,0.5600,-1,0
188,129364,corner,0,0.5500,-1,0
189,130711,corner,1,0.5500,-1,0
190,132063,corner,0,0.5500,-1,0
191,132781,corner,1,0.5500,-1,0
192,133354,corner,1,0.5600,-1,0
193,134706,corner,0,0.5500,-1,0
194,135371,corner,0,0.5400,-1,0
195,135752,corner,0,0.5300,-1,0
196,135921,corner,0,0.5200,-1,0
197,137273,corner,1,0.5200,-1,0
198,138008,corner,0,0.5100,-1,0
199,139360,corner,0,0.5000,-1,0
200,140712,corner,0,0.4900,-1,0
201,141529,corner,0,0.4900,-1,0
202,141980,corner,1,0.5000,-1,0
203,142928,corner,1,0.5000,-1,0
204,143102,corner,0,0.4900,-1,0
205,144454,corner,0,0.4900,-1,0
206,145661,corner,0,0.4800,-1,0
207,145838,corner,0,0.4800,-1,0
208,146440,corner,0,0.4700,-1,0
209,147596,corner,0,0.4600,-1,0
210,148152,corner,0,0.4500,-1,0
211,149222,corner,0,0.4500,-1,0
212,150574,corner,1,0.4600,-1,0
213,151326,corner,0,0.4500,-1,0
214,152678,corner,1,0.4500,-1,0
215,153707,corner,1,0.4500,-1,0
216,154507,corner,0,0.4500,-1,0
217,155859,corner,0,0.4400,-1,0
218,156547,corner,1,0.4400,-1,0
219,157899,corner,1,0.4500,-1,0
220,158255,corner,0,0.4500,-1,0
221,158609,corner,1,0.4500,-1,0
222,159961,corner,0,0.4400,-1,0
223,161114,corner,1,0.4500,-1,0
224,161371,corner,0,0.4500,-1,0
225,162723,corner,0,0.4400,-1,0
226,163109,corner,1,0.4500,-1,0
227,163911,corner,1,0.4600,-1,0
228,164366,corner,1,0.4700,-1,0
229,165718,corner,0,0.4600,-1,0
230,166691,corner,0,0.4500,-1,0
231,166884,corner,1,0.4500,-1,0
232,167229,corner,0,0.4500,-1,0
233,167861,corner,1,0.4500,-1,0
234,168535,corner,0,0.4500,-1,0
235,169887,corner,0,0.4400,-1,0
236,170828,corner,1,0.4500,-1,0
237,172151,corner,1,0.4500,-1,0
238,173113,corner,1,0.4500,-1,0
239,174465,corner,0,0.4400,-1,0
240,174695,corner,1,0.4500,-1,0
241,176047,corner,0,0.4400,-1,0
242,177399,corner,1,0.4500,-1,0
243,178077,corner,1,0.4600,-1,0
244,179429,corner,1,0.4700,-1,0
245,179900,corner,1,0.4700,-1,0
246,181252,corner,0,0.4700,-1,0
247,181853,corner,0,0.4700,-1,0
248,182986,corner,1,0.4800,-1,0
249,183855,corner,1,0.4900,-1,0
250,184553,corner,1,0.5000,-1,0
251,184969,corner,1,0.5100,-1,0
252,185396,corner,1,0.5100,-1,0
253,185949,corner,1,0.5100,-1,0
254,186287,corner,1,0.5200,-1,0
255,186957,corner,1,0.5200,-1,0
256,188309,corner,1,0.5300,-1,0
257,189206,corner,0,0.5300,-1,0
258,190558,corner,0,0.5200,-1,0
259,190737,corner,0,0.5100,-1,0
260,192089,corner,0,0.5000,-1,0
261,193441,corner,0,0.5000,-1,0
262,194793,corner,0,0.5000,-1,0
263,195287,corner,1,0.5000,-1,0
264,196290,corner,1,0.5000,-1,0
265,196635,corner,0,0.5000,-1,0
266,197985,corner,0,0.4900,-1,0
267,199337,corner,0,0.4900,-1,0
268,199800,corner,1,0.4900,-1,0
269,200119,corner,0,0.4800,-1,0
270,201187,corner,1,0.4900,-1,0
271,202526,corner,0,0.4900,-1,0
272,203219,corner,0,0.4900,-1,0
273,204158,corner,1,0.5000,-1,0
274,204561,corner,1,0.5000,-1,0
275,205750,corner,0,0.5000,-1,0
276,207034,corner,0,0.4900,-1,0
277,207241,corner,1,0.5000,-1,0
278,208593,corner,1,0.5000,-1,0
279,209945,corner,0,0.5000,-1,0
280,210430,corner,0,0.4900,-1,0
281,211782,corner,0,0.4800,-1,0
282,211954,corner,0,0.4700,-1,0
283,212181,corner,1,0.4700,-1,0
284,213533,corner,0,0.4600,-1,0
285,214857,corner,0,0.4600,-1,0
286,215659,corner,0,0.4500,-1,0
287,216034,corner,1,0.4500,-1,0
288,216816,corner,1,0.4600,-1,0
289,217197,corner,0,0.4500,-1,0
290,217436,corner,0,0.4500,-1,0
291,218039,corner,0,0.4400,-1,0
292,218217,corner,0,0.4300,-1,0
293,218810,corner,1,0.4400,-1,0
294,219837,corner,0,0.4400,-1,0
295,220046,corner,1,0.4500,-1,0
296,220319,corner,0,0.4500,-1,0
297,220964,corner,0,0.4400,-1,0
298,222316,corner,0,0.4400,-1,0
299,223108,corner,1,0.4500,-1,0
300,223327,corner,1,0.4600,-1,0
301,224679,corner,0,0.4600,-1,0
302,225983,corner,1,0.4600,-1,0
303,226976,corner,0,0.4500,-1,0
304,227684,corner,1,0.4600,-1,0
305,229036,corner,1,0.4700,-1,0
306,230388,corner,0,0.4700,-1,0
307,231740,corner,0,0.4700,-1,0
308,232151,corner,1,0.4800,-1,0
309,233503,corner,0,0.4800,-1,0
310,234855,corner,0,0.4800,-1,0
311,236207,corner,0,0.4800,-1,0
312,237559,corner,0,0.4700,-1,0
313,237766,corner,1,0.4800,-1,0
314,239118,corner,0,0.4700,-1,0
315,240470,corner,0,0.4600,-1,0
316,240722,corner,1,0.4700,-1,0
317,241606,corner,1,0.4800,-1,0
318,242881,corner,0,0.4700,-1,0
319,244233,corner,0,0.4600,-1,0
320,245117,corner,1,0.4700,-1,0
321,246469,corner,0,0.4600,-1,0
322,246740,corner,1,0.4700,-1,0
323,246915,corner,0,0.4600,-1,0
324,247130,corner,1,0.4700,-1,0
325,247459,corner,1,0.4800,-1,0
326,248300,corner,0,0.4700,-1,0
327,248916,corner,1,0.4700,-1,0
328,249306,corner,1,0.4700,-1,0
329,249872,corner,1,0.4800,-1,0
330,250384,corner,0,0.4800,-1,0
331,251736,corner,0,0.4700,-1,0
332,252065,corner,0,0.4700,-1,0
333,252872,corner,0,0.4600,-1,0
334,253668,corner,0,0.4600,-1,0
335,253856,corner,1,0.4700,-1,0
336,254514,corner,1,0.4700,-1,0
337,254879,corner,1,0.4700,-1,0
338,256231,corner,0,0.4600,-1,0
339,257059,corner,1,0.4700,-1,0
340,258138,corner,0,0.4600,-1,0
341,259051,corner,1,0.4700,-1,0
342,259849,corner,1,0.4700,-1,0
343,261201,corner,0,0.4600,-1,0
344,261799,corner,1,0.4600,-1,0
345,261970,corner,0,0.4500,-1,0
346,263303,corner,1,0.4600,-1,0
347,263614,corner,0,0.4600,-1,0
348,264966,corner,0,0.4500,-1,0
349,265166,corner,1,0.4500,-1,0
350,266223,corner,0,0.4400,-1,0
351,266567,corner,0,0.4300,-1,0
352,267544,corner,0,0.4200,-1,0
353,268896,corner,1,0.4200,-1,0
354,269203,corner,1,0.4200,-1,0
355,270555,corner,0,0.4100,-1,0
356,271907,corner,0,0.4000,-1,0
357,272132,corner,1,0.4100,-1,0
358,273201,corner,0,0.4100,-1,0
359,274553,corner,0,0.4100,-1,0
360,275905,corner,1,0.4200,-1,0
361,277257,corner,0,0.4200,-1,0
362,277427,corner,0,0.4200,-1,0
363,277596,corner,0,0.4100,-1,0
364,278948,corner,0,0.4000,-1,0
365,279800,corner,0,0.4000,-1,0
366,280078,corner,0,0.4000,-1,0
367,281103,corner,1,0.4100,-1,0
368,281383,corner,0,0.4000,-1,0
369,281557,corner,0,0.4000,-1,0
370,281993,corner,1,0.4000,-1,0
371,282762,corner,1,0.4100,-1,0
372,282943,corner,0,0.4100,-1,0
373,284295,corner,0,0.4000,-1,0
374,285647,corner,1,0.4000,-1,0
375,286107,corner,1,0.4100,-1,0
376,286279,corner,0,0.4100,-1,0
377,287236,corner,1,0.4100,-1,0
378,287519,corner,1,0.4100,-1,0
379,288556,corner,1,0.4200,-1,0
380,288792,corner,1,0.4300,-1,0
381,289176,corner,1,0.4400,-1,0
382,289722,corner,1,0.4500,-1,0
383,290458,corner,1,0.4500,-1,0
384,291560,corner,0,0.4500,-1,0
385,292130,corner,1,0.4600,-1,0
386,292470,corner,0,0.4600,-1,0
387,292927,corner,1,0.4600,-1,0
388,293775,corner,0,0.4500,-1,0
389,294178,corner,0,0.4500,-1,0
390,294437,corner,1,0.4600,-1,0
391,294606,corner,0,0.4600,-1,0
392,295137,corner,1,0.4700,-1,0
393,295665,corner,1,0.4700,-1,0
394,295853,corner,0,0.4700,-1,0
395,297205,corner,0,0.4600,-1,0
396,298557,corner,1,0.4700,-1,0
397,299889,corner,0,0.4700,-1,0
398,301241,corner,0,0.4700,-1,0
399,302593,corner,0,0.4600,-1,0
400,302704,corner,0,0.4500,-1,0
401,303226,corner,0,0.4500,-1,0
402,304029,corner,1,0.4500,-1,0
403,304728,corner,1,0.4600,-1,0
404,306080,corner,1,0.4600,-1,0
405,307309,corner,1,0.4600,-1,0
406,308295,corner,0,0.4600,-1,0
407,309647,corner,0,0.4600,-1,0
408,310999,corner,0,0.4500,-1,0
409,312351,corner,0,0.4500,-1,0
410,313148,corner,0,0.4500,-1,0
411,313559,corner,1,0.4600,-1,0
412,313890,corner,0,0.4600,-1,0
413,314101,corner,1,0.4600,-1,0
414,315453,corner,0,0.4600,-1,0
415,316006,corner,0,0.4600,-1,0
416,316177,corner,0,0.4500,-1,0
417,317529,corner,1,0.4500,-1,0
418,318133,corner,0,0.4500,-1,0
419,318865,corner,1,0.4600,-1,0
420,320092,corner,1,0.4600,-1,0
421,320385,corner,1,0.4700,-1,0
422,321737,corner,0,0.4600,-1,0
423,322656,corner,1,0.4700,-1,0
424,323015,corner,1,0.4700,-1,0
425,324003,corner,0,0.4600,-1,0
426,324191,corner,0,0.4600,-1,0
427,325543,corner,0,0.4500,-1,0
428,326895,corner,0,0.4400,-1,0
429,328206,corner,0,0.4300,-1,0
430,328925,corner,1,0.4400,-1,0
431,330277,corner,1,0.4500,-1,0
432,330837,corner,1,0.4600,-1,0
433,331009,corner,0,0.4600,-1,0
434,331232,corner,1,0.4700,-1,0
435,331851,corner,1,0.4700,-1,0
436,332077,corner,1,0.4700,-1,0
437,332449,corner,1,0.4700,-1,0
438,332927,corner,0,0.4700,-1,0
439,334171,corner,1,0.4700,-1,0
440,334363,corner,1,0.4800,-1,0
441,335715,corner,0,0.4700,-1,0
442,337067,corner,0,0.4600,-1,0
443,338419,corner,0,0.4600,-1,0
444,338679,corner,1,0.4600,-1,0
445,339073,corner,1,0.4700,-1,0
446,339699,corner,1,0.4700,-1,0
447,341051,corner,0,0.4700,-1,0
448,342403,corner,0,0.4700,-1,0
449,343287,corner,1,0.4700,-1,0
450,344639,corner,0,0.4700,-1,0
451,344811,corner,0,0.4700,-1,0
452,344998,corner,1,0.4800,-1,0
453,345375,corner,1,0.4800,-1,0
454,346727,corner,0,0.4700,-1,0
455,346944,corner,1,0.4800,-1,0
456,347830,corner,0,0.4800,-1,0
457,349182,corner,0,0.4700,-1,0
458,349915,corner,1,0.4800,-1,0
459,351267,corner,1,0.4900,-1,0
460,352619,corner,1,0.4900,-1,0
461,352843,corner,1,0.5000,-1,0
462,353605,corner,1,0.5100,-1,0
463,354267,corner,1,0.5200,-1,0
464,354794,corner,1,0.5300,-1,0
465,356146,corner,0,0.5300,-1,0
466,357498,corner,0,0.5300,-1,0
467,358384,corner,0,0.5200,-1,0
468,359736,corner,0,0.5200,-1,0
469,359993,corner,1,0.5300,-1,0
470,360446,corner,1,0.5300,-1,0
471,361798,corner,1,0.5300,-1,0
472,363150,corner,0,0.5300,-1,0
473,363491,corner,1,0.5400,-1,0
474,363670,corner,0,0.5300,-1,0
475,363911,corner,1,0.5300,-1,0
476,364615,corner,0,0.5300,-1,0
477,365145,corner,0,0.5200,-1,0
478,365374,corner,1,0.5200,-1,0
479,365723,corner,0,0.5100,-1,0
480,366479,corner,1,0.5100,-1,0
481,366730,corner,1,0.5100,-1,0
482,367150,corner,1,0.5100,-1,0
483,367383,corner,1,0.5100,-1,0
484,367611,corner,1,0.5200,-1,0
485,368963,corner,1,0.5200,-1,0
486,369509,corner,1,0.5300,-1,0
487,370196,corner,1,0.5300,-1,0
488,370988,corner,1,0.5400,-1,0
489,372340,corner,1,0.5500,-1,0
490,372680,corner,1,0.5500,-1,0
491,372878,corner,1,0.5600,-1,0
492,373121,corner,1,0.5600,-1,0
493,374473,corner,0,0.5500,-1,0
494,375748,corner,0,0.5500,-1,0
495,376022,corner,0,0.5500,-1,0
496,377374,corner,0,0.5400,-1,0
497,377767,corner,1,0.5500,-1,0
498,378675,corner,1,0.5600,-1,0
499,378869,corner,1,0.5700,-1,0
500,379434,corner,1,0.5800,-1,0
501,380094,corner,1,0.5900,-1,0
502,380295,corner,1,0.5900,-1,0
503,380695,corner,1,0.5900,-1,0
504,381230,corner,1,0.5900,-1,0
505,381936,corner,0,0.5800,-1,0
506,382814,corner,0,0.5800,-1,0
507,383248,corner,1,0.5900,-1,0
508,384540,corner,0,0.5900,-1,0
509,385088,corner,0,0.5900,-1,0
510,386022,corner,1,0.6000,-1,0
511,387374,corner,1,0.6000,-1,0
512,387566,corner,1,0.6100,-1,0
513,388918,corner,0,0.6000,-1,0
514,389690,corner,1,0.6100,-1,0
515,390646,corner,1,0.6200,-1,0
516,391256,corner,0,0.6200,-1,0
517,392608,corner,0,0.6100,-1,0
518,393728,corner,0,0.6100,-1,0
519,394307,corner,0,0.6000,-1,0
520,394955,corner,0,0.5900,-1,0
521,396307,corner,0,0.5800,-1,0
522,396644,corner,0,0.5800,-1,0
523,397996,corner,1,0.5800,-1,0
524,398231,corner,1,0.5800,-1,0
525,399583,corner,0,0.5800,-1,0
526,399757,corner,1,0.5900,-1,0
527,400166,corner,1,0.6000,-1,0
528,400671,corner,1,0.6100,-1,0
529,400886,corner,1,0.6200,-1,0
530,402084,corner,1,0.6200,-1,0
531,402629,corner,1,0.6200,-1,0
532,403051,corner,1,0.6200,-1,0
533,403330,corner,1,0.6300,-1,0
534,404489,corner,1,0.6300,-1,0
535,405025,corner,1,0.6300,-1,0
536,406154,corner,1,0.6300,-1,0
537,406705,corner,1,0.6300,-1,0
538,407190,corner,1,0.6400,-1,0
539,408542,corner,0,0.6300,-1,0
540,409197,corner,1,0.6300,-1,0
541,410549,corner,0,0.6300,-1,0
542,411492,corner,0,0.6300,-1,0
543,412844,corner,0,0.6300,-1,0
544,413237,corner,1,0.6300,-1,0
545,413655,corner,1,0.6300,-1,0
546,414066,corner,1,0.6300,-1,0
547,415418,corner,1,0.6400,-1,0
548,416208,corner,1,0.6500,-1,0
549,417560,corner,0,0.6400,-1,0
550,418912,corner,0,0.6400,-1,0
551,419313,corner,1,0.6500,-1,0
552,420665,corner,0,0.6400,-1,0
553,420879,corner,1,0.6400,-1,0
554,421481,corner,1,0.6500,-1,0
555,422833,corner,0,0.6400,-1,0
556,424185,corner,0,0.6400,-1,0
557,425531,corner,1,0.6500,-1,0
558,426095,corner,1,0.6500,-1,0
559,426279,corner,1,0.6500,-1,0
560,427631,corner,0,0.6400,-1,0
561,428983,corner,0,0.6300,-1,0
562,429157,corner,0,0.6200,-1,0
563,429903,corner,0,0.6100,-1,0
564,430662,corner,1,0.6100,-1,0
565,431397,corner,0,0.6100,-1,0
566,432595,corner,1,0.6200,-1,0
567,432808,corner,1,0.6300,-1,0
568,434149,corner,1,0.6400,-1,0
569,435501,corner,1,0.6400,-1,0
570,436465,corner,1,0.6400,-1,0
571,437518,corner,0,0.6300,-1,0
572,437704,corner,0,0.6300,-1,0
573,439056,corner,1,0.6300,-1,0
574,439772,corner,0,0.6300,-1,0
575,440223,corner,0,0.6200,-1,0
576,441249,corner,0,0.6200,-1,0
577,442328,corner,1,0.6300,-1,0
578,442894,corner,1,0.6300,-1,0
579,443291,corner,1,0.6400,-1,0
580,444047,corner,1,0.6400,-1,0
581,445128,corner,1,0.6400,-1,0
582,445529,corner,1,0.6400,-1,0
583,445866,corner,0,0.6300,-1,0
584,446070,corner,1,0.6300,-1,0
585,447422,corner,0,0.6200,-1,0
586,448110,corner,1,0.6200,-1,0
587,448672,corner,1,0.6200,-1,0
588,448782,corner,0,0.6100,-1,0
589,449681,corner,1,0.6100,-1,0
590,451033,corner,0,0.6000,-1,0
591,452115,corner,1,0.6000,-1,0
592,452690,corner,0,0.5900,-1,0
593,454042,corner,0,0.5900,-1,0
594,454569,corner,1,0.6000,-1,0
595,455369,corner,1,0.6100,-1,0
596,456721,corner,1,0.6200,-1,0
597,457454,corner,1,0.6200,-1,0
598,458661,corner,0,0.6100,-1,0
599,459412,corner,0,0.6000,-1,0
600,460340,corner,1,0.6000,-1,0
601,461692,corner,0,0.5900,-1,0
602,463044,corner,0,0.5800,-1,0
603,463450,corner,1,0.5800,-1,0
604,464802,corner,0,0.5700,-1,0
605,466154,corner,1,0.5800,-1,0
606,466964,corner,1,0.5900,-1,0
607,468012,corner,1,0.5900,-1,0
608,469364,corner,0,0.5900,-1,0
609,470093,corner,1,0.6000,-1,0
610,470892,corner,1,0.6000,-1,0
611,471269,corner,1,0.6000,-1,0
612,471611,corner,0,0.5900,-1,0
613,472590,corner,1,0.6000,-1,0
614,473279,corner,1,0.6000,-1,0
615,473818,corner,1,0.6000,-1,0
616,474312,corner,0,0.6000,-1,0
617,474879,corner,1,0.6100,-1,0
618,476231,corner,0,0.6100,-1,0
619,477583,corner,0,0.6100,-1,0
620,478935,corner,0,0.6100,-1,0
621,479105,corner,0,0.6100,-1,0
622,480221,corner,1,0.6200,-1,0
623,481573,corner,0,0.6100,-1,0
624,482925,corner,0,0.6000,-1,0
625,483033,corner,0,0.6000,-1,0
626,484385,corner,1,0.6000,-1,0
627,484488,corner,0,0.5900,-1,0
628,484854,corner,1,0.5900,-1,0
629,486206,corner,0,0.5800,-1,0
630,486787,corner,0,0.5700,-1,0
631,487012,corner,1,0.5700,-1,0
632,487872,corner,1,0.5700,-1,0
633,488650,corner,0,0.5600,-1,0
634,488851,corner,0,0.5500,-1,0
635,490134,corner,0,0.5400,-1,0
636,491486,corner,1,0.5400,-1,0
637,491902,corner,1,0.5400,-1,0
638,492275,corner,1,0.5400,-1,0
639,493627,corner,0,0.5400,-1,0
640,494979,corner,0,0.5300,-1,0
641,496331,corner,0,0.5300,-1,0
642,496891,corner,0,0.5300,-1,0
643,498016,corner,0,0.5300,-1,0
644,498386,corner,0,0.5200,-1,0
645,498612,corner,1,0.5200,-1,0
646,499964,corner,0,0.5100,-1,0
647,500478,corner,0,0.5000,-1,0
648,501087,edge,0,0.4900,0,1
649,502439,edge,1,0.5000,0,2
650,502712,edge,0,0.5000,0,3
651,504064,edge,0,0.4900,0,4
652,504431,edge,0,0.4900,0,5
653,504920,edge,1,0.4900,0,6
654,506199,edge,1,0.4900,0,7
655,506386,edge,0,0.4900,0,8
656,506913,edge,0,0.4900,0,9
657,507553,edge,1,0.4900,0,10
658,508905,edge,0,0.4800,0,11
659,509259,edge,1,0.4800,0,12
660,509627,edge,0,0.4800,0,13
661,510140,edge,0,0.4800,0,14
662,510938,edge,1,0.4900,0,15
663,511616,edge,1,0.5000,0,16
664,512968,edge,0,0.4900,0,17
665,513686,edge,1,0.5000,0,18
666,513858,edge,0,0.4900,0,19
667,514313,edge,1,0.4900,0,20
668,514947,edge,1,0.4900,0,21
669,515334,edge,1,0.4900,0,22
670,515810,edge,0,0.4800,0,23
671,516022,edge,1,0.4900,0,24
672,516959,edge,1,0.5000,0,25
673,517146,edge,0,0.4900,0,26
674,517360,edge,1,0.5000,0,27
675,517738,edge,1,0.5100,0,28
676,519090,edge,0,0.5100,0,29
677,519986,edge,1,0.5100,0,30
678,520191,edge,1,0.5100,0,31
679,520913,edge,0,0.5000,0,32
680,521434,edge,1,0.5000,0,33
681,522061,edge,1,0.5000,0,34
682,522613,edge,1,0.5000,0,35
683,522968,edge,0,0.5000,0,36
684,523376,edge,0,0.4900,0,37
685,524294,edge,0,0.4900,0,38
686,524861,edge,1,0.4900,0,39
687,525067,edge,1,0.4900,0,40
688,525721,edge,0,0.4900,0,41
689,526284,edge,0,0.4800,0,42
690,527010,edge,0,0.4800,0,43
691,527180,edge,0,0.4700,0,44
692,527316,edge,1,0.4800,0,45
693,527774,edge,1,0.4900,0,46
694,528544,edge,0,0.4800,0,47
695,529561,edge,1,0.4800,0,48
696,530256,edge,0,0.4700,0,49
697,530402,edge,0,0.4600,0,50
698,530946,edge,1,0.4700,0,51
699,531652,edge,1,0.4800,0,52
700,532868,edge,1,0.4800,0,53
701,533104,edge,1,0.4900,0,54
702,533568,edge,1,0.5000,0,55
703,533810,edge,1,0.5000,0,56
704,534243,edge,1,0.5100,0,57
705,534609,edge,0,0.5000,0,58
706,535586,edge,1,0.5000,0,59
707,535973,edge,1,0.5000,0,60
708,536674,edge,1,0.5100,0,61
709,536833,edge,0,0.5000,0,62
710,537722,edge,1,0.5000,0,63
711,538870,edge,1,0.5000,0,64
712,539265,edge,1,0.5100,0,65
713,539434,edge,0,0.5000,0,66
714,540039,edge,1,0.5000,0,67
715,540588,edge,0,0.4900,0,68
716,541369,edge,1,0.5000,0,69
717,542418,edge,1,0.5000,0,70
718,542837,edge,1,0.5100,0,71
719,543269,edge,1,0.5200,0,72
720,543448,edge,0,0.5200,0,73
721,544247,edge,1,0.5300,0,74
722,545599,edge,1,0.5300,0,75
723,545827,edge,1,0.5400,0,76
724,546032,edge,1,0.5500,0,77
725,546249,edge,1,0.5600,0,78
726,547017,edge,1,0.5600,0,79
727,547781,edge,0,0.5600,0,80
728,548001,edge,1,0.5600,0,81
729,548517,edge,1,0.5700,0,82
730,549216,edge,0,0.5700,0,83
731,549506,edge,0,0.5600,0,84
732,549679,edge,1,0.5600,0,85
733,549849,edge,0,0.5600,0,86
734,550898,edge,0,0.5600,0,87
735,551054,edge,0,0.5600,0,88
736,551437,edge,1,0.5600,0,89
737,551683,edge,1,0.5600,0,90
738,551897,edge,1,0.5600,0,91
739,552040,edge,1,0.5700,0,92
740,553392,edge,0,0.5700,0,93
741,554642,edge,1,0.5800,0,94
742,554868,edge,1,0.5900,0,95
743,555049,edge,1,0.6000,0,96
744,556123,edge,1,0.6100,0,97
745,556306,edge,1,0.6100,0,98
746,556562,edge,1,0.6200,0,99
747,556735,edge,0,0.6200,0,100
748,556904,edge,0,0.6200,0,101
749,557198,edge,0,0.6100,0,102
750,557429,edge,1,0.6200,0,103
751,557604,edge,0,0.6200,0,104
752,557835,edge,1,0.6300,0,105
753,558018,edge,0,0.6200,0,106
754,558194,edge,1,0.6200,0,107
755,558686,edge,1,0.6300,0,108
756,558852,edge,0,0.6300,0,109
757,560204,edge,1,0.6300,0,110
758,560804,edge,1,0.6400,0,111
759,561344,edge,1,0.6400,0,112
760,562113,edge,1,0.6500,0,113
761,562736,edge,1,0.6600,0,114
762,563334,edge,1,0.6600,0,115
763,563952,edge,1,0.6600,0,116
764,564145,edge,1,0.6700,0,117
765,565280,edge,0,0.6600,0,118
766,565450,edge,0,0.6600,0,119
767,566044,edge,1,0.6600,0,120
768,566252,edge,1,0.6600,0,121
769,566654,edge,1,0.6600,0,122
770,566975,edge,0,0.6600,0,123
771,567374,edge,1,0.6600,0,124
772,567978,edge,1,0.6600,0,125
773,568151,edge,0,0.6600,0,126
774,568451,edge,0,0.6500,0,127
775,568617,edge,1,0.6500,0,128
776,568802,edge,1,0.6600,0,129
777,570154,edge,1,0.6600,0,130
778,570383,edge,1,0.6600,0,131
779,570860,edge,1,0.6700,0,132
780,571292,edge,1,0.6700,0,133
781,572644,edge,0,0.6600,0,134
782,573047,edge,1,0.6600,0,135
783,573485,edge,1,0.6700,0,136
784,573700,edge,1,0.6800,0,137
785,574085,edge,1,0.6900,0,138
786,574210,edge,0,0.6800,0,139
787,575519,edge,1,0.6800,0,140
788,575689,edge,0,0.6800,0,141
789,576025,edge,1,0.6900,0,142
790,576144,edge,0,0.6900,0,143
791,576727,edge,1,0.7000,0,144
792,577023,edge,0,0.6900,0,145
793,578375,edge,0,0.6800,0,146
794,578937,edge,1,0.6900,0,147
795,579309,edge,1,0.6900,0,148
796,580661,edge,1,0.7000,0,149
797,581024,edge,0,0.7000,0,150
798,581746,edge,0,0.6900,0,151
799,581915,edge,0,0.6800,0,152
800,582128,edge,1,0.6800,0,153
801,582305,edge,0,0.6700,0,154
802,582817,edge,1,0.6700,0,155
803,583045,edge,1,0.6700,0,156
804,583253,edge,1,0.6700,0,157
805,583806,edge,0,0.6700,0,158
806,584490,edge,1,0.6700,0,159
807,584706,edge,1,0.6700,0,160
808,584884,edge,0,0.6600,0,161
809,585790,edge,1,0.6700,0,162
810,585981,edge,1,0.6700,0,163
811,587131,edge,1,0.6700,0,164
812,587975,edge,1,0.6700,0,165
813,588557,edge,1,0.6800,0,166
814,589052,edge,1,0.6800,0,167
815,589600,edge,1,0.6900,0,168
816,590952,edge,1,0.6900,0,169
817,591731,edge,1,0.6900,0,170
818,593071,edge,1,0.6900,0,171
819,593442,edge,0,0.6800,0,172
820,593626,edge,0,0.6800,0,173
821,594020,edge,1,0.6800,0,174
822,595207,edge,1,0.6800,0,175
823,595425,edge,1,0.6800,0,176
824,595670,edge,1,0.6800,0,177
825,595868,edge,1,0.6800,0,178
826,596100,edge,1,0.6800,0,179
827,596524,edge,0,0.6800,0,180
828,596843,edge,0,0.6700,0,181
829,598023,edge,0,0.6600,0,182
830,598802,edge,1,0.6700,0,183
831,600154,edge,0,0.6700,0,184
832,601506,edge,0,0.6600,0,185
833,602373,edge,1,0.6700,0,186
834,602546,edge,0,0.6700,0,187
835,603096,edge,1,0.6800,0,188
836,603690,edge,1,0.6800,0,189
837,603897,edge,1,0.6800,0,190
838,604276,edge,1,0.6800,0,191
839,604452,edge,0,0.6700,0,192
840,605153,edge,1,0.6800,0,193
841,605495,edge,1,0.6800,0,194
842,606765,edge,0,0.6700,0,195
843,607156,edge,1,0.6700,0,196
844,608508,edge,1,0.6700,0,197
845,609182,edge,1,0.6700,0,198
846,609628,edge,1,0.6700,0,199
847,610980,edge,1,0.6800,0,200
848,612179,edge,1,0.6900,0,201
849,613026,edge,0,0.6900,0,202
850,613257,edge,1,0.6900,0,203
851,613635,edge,1,0.7000,0,204
852,613855,edge,1,0.7000,0,205
853,615207,edge,0,0.7000,0,206
854,615828,edge,1,0.7000,0,207
855,616225,edge,0,0.6900,0,208
856,617577,edge,1,0.7000,0,209
857,618413,edge,1,0.7000,0,210
858,618722,edge,1,0.7000,0,211
859,620074,edge,0,0.6900,0,212
860,620492,edge,1,0.6900,0,213
861,621844,edge,0,0.6800,0,214
862,622761,edge,1,0.6800,0,215
863,623160,edge,1,0.6800,0,216
864,624512,edge,0,0.6700,0,217
865,625686,edge,1,0.6800,0,218
866,625870,edge,0,0.6800,0,219
867,627222,edge,0,0.6700,0,220
868,627621,edge,1,0.6700,0,221
869,627745,edge,0,0.6600,0,222
870,628126,edge,1,0.6700,0,223
871,628760,edge,1,0.6700,0,224
872,630112,edge,0,0.6600,0,225
873,630292,edge,1,0.6700,0,226
874,630497,edge,1,0.6800,0,227
875,631849,edge,1,0.6800,0,228
876,633201,edge,1,0.6800,0,229
877,633583,edge,1,0.6800,0,230
878,634935,edge,0,0.6700,0,231
879,635156,edge,1,0.6700,0,232
880,635412,edge,1,0.6700,0,233
881,636501,edge,0,0.6700,0,234
882,637853,edge,0,0.6600,0,235
883,638413,edge,1,0.6600,0,236
884,638709,edge,0,0.6500,0,237
885,639487,edge,1,0.6500,0,238
886,639656,edge,0,0.6500,0,239
887,640034,edge,1,0.6500,0,240
888,640232,edge,1,0.6600,0,241
889,640568,edge,0,0.6500,0,242
890,641920,edge,1,0.6600,0,243
891,643272,edge,0,0.6500,0,244
892,644070,edge,1,0.6600,0,245
893,645422,edge,0,0.6600,0,246
894,645628,edge,1,0.6600,0,247
895,646037,edge,0,0.6500,0,248
896,647389,edge,0,0.6400,0,249
897,648683,edge,1,0.6500,0,250
898,648852,edge,0,0.6500,0,251
899,648997,edge,0,0.6500,0,252
900,650349,edge,0,0.6400,0,253
901,650529,edge,1,0.6500,0,254
902,650702,edge,0,0.6400,0,255
903,651055,edge,1,0.6400,0,256
904,652236,edge,1,0.6400,0,257
905,652423,edge,0,0.6400,0,258
906,653636,edge,0,0.6300,0,259
907,654988,edge,0,0.6200,0,260
908,655181,edge,0,0.6200,0,261
909,656444,edge,0,0.6100,0,262
910,657796,edge,0,0.6000,0,263
911,658480,edge,0,0.5900,0,264
912,659437,edge,0,0.5800,0,265
913,659838,edge,0,0.5700,0,266
914,660048,edge,1,0.5700,0,267
915,661400,edge,0,0.5600,0,268
916,661823,edge,1,0.5600,0,269
917,662646,edge,1,0.5600,0,270
918,663998,edge,0,0.5500,0,271
919,664126,edge,0,0.5500,0,272
920,664340,edge,1,0.5600,0,273
921,664520,edge,0,0.5500,0,274
922,664736,edge,1,0.5500,0,275
923,666088,edge,0,0.5400,0,276
924,667121,edge,1,0.5400,0,277
925,667339,edge,1,0.5400,0,278
926,668691,edge,1,0.5400,0,279
927,669434,edge,0,0.5400,0,280
928,669605,edge,0,0.5400,0,281
929,670365,edge,1,0.5500,0,282
930,670541,edge,0,0.5400,0,283
931,670922,edge,0,0.5400,0,284
932,672100,edge,1,0.5500,0,285
933,673452,edge,0,0.5400,0,286
934,674363,edge,0,0.5400,0,287
935,675715,edge,1,0.5400,0,288
936,675887,edge,0,0.5300,0,289
937,676098,edge,1,0.5300,0,290
938,676689,edge,1,0.5300,0,291
939,677695,edge,0,0.5300,0,292
940,677847,edge,0,0.5200,0,293
941,678473,edge,1,0.5200,0,294
942,678699,edge,1,0.5300,0,295
943,679056,edge,0,0.5200,0,296
944,679317,edge,0,0.5100,0,297
945,679794,edge,0,0.5000,0,298
946,680747,edge,1,0.5000,0,299
947,681049,edge,0,0.4900,0,300
948,681257,edge,1,0.4900,0,301
949,681472,edge,1,0.5000,0,302
950,681811,edge,0,0.4900,0,303
951,682839,edge,1,0.4900,0,304
952,683260,edge,1,0.4900,0,305
953,684185,edge,1,0.5000,0,306
954,684604,edge,1,0.5000,0,307
955,685956,edge,1,0.5100,0,308
956,686163,edge,1,0.5100,0,309
957,687515,edge,1,0.5100,0,310
958,688725,edge,0,0.5000,0,311
959,689947,edge,0,0.5000,0,312
960,690139,edge,1,0.5000,0,313
961,691491,edge,1,0.5100,0,314
962,692843,edge,1,0.5100,0,315
963,693734,edge,1,0.5100,0,316
964,694779,edge,1,0.5200,0,317
965,696131,edge,1,0.5200,0,318
966,697483,edge,0,0.5200,0,319
967,698631,edge,1,0.5300,0,320
968,699041,edge,1,0.5300,0,321
969,699412,edge,1,0.5400,0,322
970,699704,edge,1,0.5400,0,323
971,700542,edge,0,0.5300,0,324
972,701100,edge,0,0.5300,0,325
973,701228,edge,1,0.5300,0,326
974,701656,edge,1,0.5300,0,327
975,703008,edge,0,0.5200,0,328
976,703669,edge,0,0.5100,0,329
977,705021,edge,0,0.5000,0,330
978,705215,edge,1,0.5100,0,331
979,705407,edge,0,0.5000,0,332
980,706485,edge,1,0.5000,0,333
981,706875,edge,1,0.5100,0,334
982,707453,edge,0,0.5100,0,335
983,707940,edge,1,0.5100,0,336
984,708725,edge,0,0.5100,0,337
985,710077,edge,1,0.5100,0,338
986,711187,edge,1,0.5200,0,339
987,711748,edge,0,0.5100,0,340
988,711860,edge,0,0.5000,0,341
989,712073,edge,1,0.5100,0,342
990,713425,edge,1,0.5100,0,343
991,714777,edge,0,0.5100,0,344
992,714952,edge,0,0.5000,0,345
993,716304,edge,0,0.5000,0,346
994,716496,edge,1,0.5000,0,347
995,716897,edge,1,0.5100,0,348
996,718249,edge,0,0.5100,0,349
997,718449,edge,1,0.5100,0,350
998,719238,edge,1,0.5200,0,351
999,719912,edge,0,0.5200,0,352
1000,720539,edge,1,0.5300,0,353
1001,721486,edge,0,0.5200,0,354
1002,722435,edge,1,0.5300,0,355
1003,722580,edge,0,0.5200,0,356
1004,722942,edge,1,0.5200,0,357
1005,724294,edge,1,0.5300,0,358
1006,724609,edge,0,0.5300,0,359
1007,725309,edge,1,0.5400,0,360
1008,726552,edge,1,0.5500,0,361
1009,727452,edge,1,0.5600,0,362
1010,728682,edge,0,0.5600,0,363
1011,729238,edge,1,0.5700,0,364
1012,730179,edge,1,0.5800,0,365
1013,731015,edge,1,0.5900,0,366
1014,731404,edge,0,0.5800,0,367
1015,731587,edge,0,0.5800,0,368
1016,732014,edge,1,0.5800,0,369
1017,732474,edge,1,0.5800,0,370
1018,732915,edge,1,0.5900,0,371
1019,734267,edge,1,0.6000,0,372
1020,734715,edge,1,0.6000,0,373
1021,735124,edge,0,0.6000,0,374
1022,736476,edge,0,0.5900,0,375
1023,737427,edge,0,0.5900,0,376
1024,737627,edge,1,0.5900,0,377
1025,737826,edge,1,0.5900,0,378
1026,738183,edge,1,0.5900,0,379
1027,739535,edge,1,0.6000,0,380
1028,739938,edge,1,0.6100,0,381
1029,740798,edge,0,0.6000,0,382
1030,741212,edge,1,0.6100,0,383
1031,741694,edge,0,0.6100,0,384
1032,741931,edge,1,0.6100,0,385
1033,742717,edge,1,0.6200,0,386
1034,743044,edge,0,0.6200,0,387
1035,743433,edge,1,0.6200,0,388
1036,743935,edge,0,0.6200,0,389
1037,745287,edge,1,0.6200,0,390
1038,745908,edge,1,0.6200,0,391
1039,746754,edge,1,0.6300,0,392
1040,748106,edge,0,0.6300,0,393
1041,748721,edge,0,0.6200,0,394
1042,749476,edge,1,0.6200,0,395
1043,750046,edge,1,0.6300,0,396
1044,751398,edge,0,0.6300,0,397
1045,752356,edge,1,0.6400,0,398
1046,753399,edge,1,0.6400,0,399
1047,754751,edge,1,0.6500,0,400
1048,754861,edge,0,0.6400,0,401
1049,756213,edge,0,0.6300,0,402
1050,756384,edge,0,0.6300,0,403
1051,757736,edge,1,0.6300,0,404
1052,758086,edge,1,0.6300,0,405
1053,759438,edge,0,0.6200,0,406
1054,760790,edge,0,0.6100,0,407
1055,761134,edge,0,0.6000,0,408
1056,762072,edge,1,0.6000,0,409
1057,762292,edge,1,0.6000,0,410
1058,763466,edge,0,0.6000,0,411
1059,763659,edge,1,0.6100,0,412
1060,763839,edge,0,0.6000,0,413
1061,764008,edge,0,0.5900,0,414
1062,765360,edge,0,0.5800,0,415
1063,765591,edge,1,0.5800,0,416
1064,766943,edge,0,0.5700,0,417
1065,767299,edge,1,0.5700,0,418
1066,767697,edge,1,0.5800,0,419
1067,768265,edge,1,0.5800,0,420
1068,768447,edge,1,0.5800,0,421
1069,769040,edge,1,0.5800,0,422
1070,770392,edge,0,0.5700,0,423
1071,770799,edge,1,0.5800,0,424
1072,771966,edge,1,0.5900,0,425
1073,773153,edge,1,0.5900,0,426
1074,773913,edge,0,0.5800,0,427
1075,774754,edge,1,0.5900,0,428
1076,775162,edge,0,0.5900,0,429
1077,775455,edge,0,0.5900,0,430
1078,775859,edge,1,0.5900,0,431
1079,776586,edge,0,0.5900,0,432
1080,776806,edge,1,0.5900,0,433
1081,777778,edge,0,0.5800,0,434
1082,778625,edge,1,0.5900,0,435
1083,779961,edge,0,0.5800,0,436
1084,780394,edge,0,0.5800,0,437
1085,780957,edge,1,0.5800,0,438
1086,782309,edge,0,0.5700,0,439
1087,783105,edge,1,0.5800,0,440
1088,783953,edge,0,0.5800,0,441
1089,784986,edge,1,0.5800,0,442
1090,785436,edge,1,0.5800,0,443
1091,786077,edge,0,0.5800,0,444
1092,787265,edge,1,0.5900,0,445
1093,787471,edge,1,0.6000,0,446
1094,788823,edge,1,0.6000,0,447
1095,789577,edge,1,0.6000,0,448
1096,789988,edge,1,0.6100,0,449
1097,790807,edge,0,0.6000,0,450
1098,791331,edge,1,0.6000,0,451
1099,791729,edge,1,0.6100,0,452
1100,793081,edge,0,0.6000,0,453
1101,793275,edge,1,0.6100,0,454
1102,793509,edge,1,0.6100,0,455
1103,794542,edge,1,0.6200,0,456
1104,794763,edge,1,0.6200,0,457
1105,795250,edge,1,0.6200,0,458
1106,796254,edge,1,0.6300,0,459
1107,796838,edge,1,0.6300,0,460
1108,798190,edge,0,0.6200,0,461
1109,799053,edge,1,0.6200,0,462
1110,799627,edge,1,0.6300,0,463
1111,800053,edge,1,0.6300,0,464
1112,801405,edge,1,0.6300,0,465
1113,802039,edge,1,0.6300,0,466
1114,803391,edge,0,0.6300,0,467
1115,803567,edge,1,0.6400,0,468
1116,803736,edge,0,0.6300,0,469
1117,804881,edge,1,0.6300,0,470
1118,806233,edge,1,0.6300,0,471
1119,806364,edge,0,0.6200,0,472
1120,807716,edge,0,0.6100,0,473
1121,809068,edge,0,0.6100,0,474
1122,810420,edge,0,0.6100,0,475
1123,811013,edge,1,0.6200,0,476
1124,812365,edge,1,0.6200,0,477
1125,812582,edge,1,0.6200,0,478
1126,812996,edge,1,0.6200,0,479
1127,814348,edge,1,0.6200,0,480
1128,815672,edge,0,0.6100,0,481
1129,817024,edge,0,0.6100,0,482
1130,817226,edge,1,0.6100,0,483
1131,818192,edge,1,0.6200,0,484
1132,818611,edge,1,0.6200,0,485
1133,819425,edge,1,0.6200,0,486
1134,819994,edge,1,0.6300,0,487
1135,820199,edge,1,0.6300,0,488
1136,821018,edge,1,0.6400,0,489
1137,821209,edge,1,0.6400,0,490
1138,821414,edge,1,0.6400,0,491
1139,822670,edge,1,0.6400,0,492
1140,823196,edge,0,0.6400,0,493
1141,823786,edge,1,0.6500,0,494
1142,824169,edge,1,0.6500,0,495
1143,825513,edge,0,0.6400,0,496
1144,826098,edge,0,0.6400,0,497
1145,826796,edge,1,0.6400,0,498
1146,826992,edge,1,0.6400,0,499
1147,827742,edge,1,0.6400,0,500
1148,828319,edge,0,0.6400,0,501
1149,828492,edge,0,0.6400,0,502
1150,829474,edge,1,0.6500,0,503
1151,830423,edge,0,0.6400,0,504
1152,831185,edge,0,0.6300,0,505
1153,831381,edge,1,0.6400,0,506
1154,831557,edge,0,0.6400,0,507
1155,832909,edge,1,0.6500,0,508
1156,833132,edge,1,0.6500,0,509
1157,833475,edge,1,0.6500,0,510
1158,833835,edge,1,0.6600,0,511
1159,834304,edge,1,0.6600,0,512
1160,834718,edge,1,0.6700,0,513
1161,835121,edge,1,0.6800,0,514
1162,835329,edge,1,0.6900,0,515
1163,835900,edge,1,0.6900,0,516
1164,836543,edge,1,0.7000,0,517
1165,837122,edge,1,0.7000,0,518
1166,837847,edge,1,0.7000,0,519
1167,838289,edge,1,0.7000,0,520
1168,838522,edge,1,0.7000,0,521
1169,839680,edge,0,0.6900,0,522
1170,839857,edge,0,0.6900,0,523
1171,840540,edge,1,0.6900,0,524
1172,840928,edge,0,0.6800,0,525
1173,841123,edge,1,0.6800,0,526
1174,841490,edge,0,0.6800,0,527
1175,841704,edge,0,0.6700,0,528
1176,841912,edge,1,0.6800,0,529
1177,842090,edge,0,0.6800,0,530
1178,842491,edge,1,0.6800,0,531
1179,842719,edge,1,0.6900,0,532
1180,842933,edge,1,0.6900,0,533
1181,844285,edge,0,0.6900,0,534
1182,845637,edge,0,0.6800,0,535
1183,845862,edge,1,0.6900,0,536
1184,846859,edge,1,0.7000,0,537
1185,847563,edge,1,0.7000,0,538
1186,848915,edge,0,0.7000,0,539
1187,849194,edge,1,0.7000,0,540
1188,849370,edge,0,0.7000,0,541
1189,849977,edge,1,0.7000,0,542
1190,850167,edge,0,0.6900,0,543
1191,850341,edge,0,0.6900,0,544
1192,850527,edge,0,0.6800,0,545
1193,851501,edge,1,0.6800,0,546
1194,852006,edge,0,0.6700,0,547
1195,852226,edge,1,0.6700,0,548
1196,852647,edge,1,0.6700,0,549
1197,853214,edge,0,0.6700,0,550
1198,854340,edge,1,0.6700,0,551
1199,855090,edge,1,0.6700,0,552
1200,855286,edge,1,0.6800,0,553
1201,855638,edge,0,0.6700,0,554
1202,856301,edge,0,0.6600,0,555
1203,857086,edge,1,0.6600,0,556
1204,857469,edge,1,0.6600,0,557
1205,857870,edge,1,0.6600,0,558
1206,858447,edge,1,0.6600,0,559
1207,859674,edge,1,0.6600,0,560
1208,859930,edge,1,0.6700,0,561
1209,860443,edge,0,0.6600,0,562
1210,860996,edge,0,0.6500,0,563
1211,861223,edge,1,0.6500,0,564
1212,861556,edge,1,0.6500,0,565
1213,861816,edge,1,0.6500,0,566
1214,862005,edge,1,0.6600,0,567
1215,862381,edge,0,0.6500,0,568
1216,862872,edge,1,0.6600,0,569
1217,863410,edge,1,0.6600,0,570
1218,863613,edge,1,0.6600,0,571
1219,863832,edge,1,0.6700,0,572
1220,864003,edge,0,0.6700,0,573
1221,865355,edge,0,0.6700,0,574
1222,865908,edge,1,0.6800,0,575
1223,866120,edge,1,0.6800,0,576
1224,867209,edge,1,0.6800,0,577
1225,867554,edge,0,0.6700,0,578
1226,867884,edge,0,0.6600,0,579
1227,868152,edge,0,0.6500,0,580
1228,869504,edge,0,0.6500,0,581
1229,870375,edge,0,0.6500,0,582
1230,870917,edge,0,0.6400,0,583
1231,871258,edge,0,0.6300,0,584
1232,871447,edge,1,0.6300,0,585
1233,871641,edge,1,0.6300,0,586
1234,871996,edge,0,0.6200,0,587
1235,872220,edge,1,0.6200,0,588
1236,872859,edge,1,0.6200,0,589
1237,873068,edge,1,0.6200,0,590
1238,873270,edge,1,0.6200,0,591
1239,873453,edge,1,0.6200,0,592
1240,873690,edge,1,0.6300,0,593
1241,873891,edge,1,0.6300,0,594
1242,874380,edge,1,0.6300,0,595
1243,874580,edge,1,0.6400,0,596
1244,874775,edge,1,0.6500,0,597
1245,875119,edge,1,0.6500,0,598
1246,875337,edge,1,0.6500,0,599
1247,875524,edge,1,0.6500,0,600
1248,876876,edge,1,0.6600,0,601
1249,877844,edge,1,0.6700,0,602
1250,879196,edge,0,0.6600,0,603
1251,879647,edge,1,0.6700,0,604
1252,879987,edge,0,0.6700,0,605
1253,881016,edge,1,0.6700,0,606
1254,881554,edge,0,0.6700,0,607
1255,882349,edge,0,0.6600,0,608
1256,882798,edge,1,0.6600,0,609
1257,883622,edge,1,0.6600,0,610
1258,883969,edge,0,0.6500,0,611
1259,884852,edge,0,0.6400,0,612
1260,885048,edge,1,0.6400,0,613
1261,885248,edge,1,0.6400,0,614
1262,885361,edge,0,0.6300,0,615
1263,885727,edge,0,0.6200,0,616
1264,885896,edge,0,0.6100,0,617
1265,886300,edge,1,0.6100,0,618
1266,887306,edge,1,0.6100,0,619
1267,887687,edge,1,0.6100,0,620
1268,889039,edge,1,0.6100,0,621
1269,889176,edge,0,0.6100,0,622
1270,889515,edge,1,0.6200,0,623
1271,889734,edge,1,0.6200,0,624
1272,890103,edge,1,0.6300,0,625
1273,890521,edge,1,0.6300,0,626
1274,890903,edge,1,0.6400,0,627
1275,891629,edge,1,0.6500,0,628
1276,891836,edge,1,0.6500,0,629
1277,892366,edge,1,0.6600,0,630
1278,892542,edge,0,0.6500,0,631
1279,893173,edge,1,0.6500,0,632
1280,893915,edge,1,0.6500,0,633
1281,894151,edge,1,0.6600,0,634
1282,894355,edge,1,0.6700,0,635
1283,894965,edge,1,0.6700,0,636
1284,895191,edge,1,0.6700,0,637
1285,896200,edge,1,0.6700,0,638
1286,896539,edge,0,0.6700,0,639
1287,896727,edge,1,0.6700,0,640
1288,896937,edge,1,0.6800,0,641
1289,897135,edge,1,0.6800,0,642
1290,897535,edge,0,0.6800,0,643
1291,897721,edge,1,0.6900,0,644
1292,898115,edge,1,0.7000,0,645
1293,898472,edge,1,0.7000,0,646
1294,898669,edge,1,0.7100,0,647
1295,898840,edge,0,0.7000,0,648
1296,899043,edge,1,0.7000,0,649
1297,899353,edge,0,0.7000,0,650
1298,899886,edge,0,0.6900,0,651
1299,900257,edge,1,0.6900,0,652
1300,901609,edge,0,0.6800,0,653
1301,902161,edge,1,0.6900,0,654
1302,902460,edge,0,0.6900,0,655
1303,902645,edge,0,0.6800,0,656
1304,903035,edge,0,0.6700,0,657
1305,903422,edge,1,0.6700,0,658
1306,903802,edge,1,0.6700,0,659
1307,903992,edge,1,0.6700,0,660
1308,904768,edge,1,0.6700,0,661
1309,904966,edge,1,0.6800,0,662
1310,905162,edge,1,0.6900,0,663
1311,905693,edge,1,0.6900,0,664
1312,905912,edge,1,0.6900,0,665
1313,906661,edge,1,0.6900,0,666
1314,906878,edge,1,0.6900,0,667
1315,908230,edge,0,0.6900,0,668
1316,909440,edge,1,0.6900,0,669
1317,910223,edge,1,0.6900,0,670
1318,910634,edge,1,0.6900,0,671
1319,911055,edge,1,0.6900,0,672
1320,911289,edge,1,0.7000,0,673
1321,911712,edge,1,0.7100,0,674
1322,911951,edge,1,0.7100,0,675
1323,912289,edge,1,0.7100,0,676
1324,912471,edge,1,0.7100,0,677
1325,912819,edge,0,0.7100,0,678
1326,913867,edge,1,0.7200,0,679
1327,914037,edge,0,0.7200,0,680
1328,915389,edge,0,0.7200,0,681
1329,915963,edge,1,0.7300,0,682
1330,916491,edge,1,0.7400,0,683
1331,917283,edge,1,0.7500,0,684
1332,917710,edge,1,0.7500,0,685
1333,918122,edge,0,0.7400,0,686
1334,918322,edge,1,0.7500,0,687
1335,918902,edge,1,0.7500,0,688
1336,919445,edge,1,0.7500,0,689
1337,920708,edge,1,0.7500,0,690
1338,921235,edge,1,0.7500,0,691
1339,921952,edge,0,0.7400,0,692
1340,922163,edge,1,0.7400,0,693
1341,923515,edge,0,0.7300,0,694
1342,923913,edge,1,0.7300,0,695
1343,924146,edge,1,0.7300,0,696
1344,924693,edge,1,0.7300,0,697
1345,924865,edge,0,0.7200,0,698
1346,925075,edge,1,0.7200,0,699
1347,926427,edge,1,0.7200,0,700
1348,926836,edge,1,0.7200,0,701
1349,927007,edge,0,0.7100,0,702
1350,927143,edge,1,0.7200,0,703
1351,927320,edge,0,0.7100,0,704
1352,927530,edge,1,0.7200,0,705
1353,928087,edge,1,0.7200,0,706
1354,928289,edge,1,0.7300,0,707
1355,929641,edge,0,0.7300,0,708
1356,930164,edge,0,0.7200,0,709
1357,930556,edge,1,0.7200,0,710
1358,930759,edge,1,0.7300,0,711
1359,931399,edge,1,0.7400,0,712
1360,931849,edge,1,0.7400,0,713
1361,933201,edge,0,0.7300,0,714
1362,933437,edge,1,0.7400,0,715
1363,933782,edge,0,0.7400,0,716
1364,934220,edge,1,0.7500,0,717
1365,934774,edge,1,0.7500,0,718
1366,936126,edge,0,0.7400,0,719
1367,936327,edge,1,0.7400,0,720
1368,937520,edge,1,0.7400,0,721
1369,937767,edge,1,0.7500,0,722
1370,937980,edge,1,0.7500,0,723
1371,938093,edge,0,0.7400,0,724
1372,938406,edge,0,0.7300,0,725
1373,938589,edge,1,0.7300,0,726
1374,938825,edge,1,0.7300,0,727
1375,940044,edge,1,0.7300,0,728
1376,940233,edge,1,0.7300,0,729
1377,940965,edge,1,0.7300,0,730
1378,941324,edge,1,0.7400,0,731
1379,941835,edge,1,0.7400,0,732
1380,942042,edge,1,0.7400,0,733
1381,943394,edge,1,0.7400,0,734
1382,944402,edge,1,0.7400,0,735
1383,944840,edge,1,0.7400,0,736
1384,945232,edge,1,0.7400,0,737
1385,946584,edge,1,0.7400,0,738
1386,947209,edge,1,0.7500,0,739
1387,948148,edge,0,0.7400,0,740
1388,949008,edge,1,0.7400,0,741
1389,949915,edge,1,0.7400,0,742
1390,950885,edge,1,0.7500,0,743
1391,951494,edge,1,0.7500,0,744
1392,952071,edge,1,0.7500,0,745
1393,952485,edge,1,0.7500,0,746
1394,953214,edge,0,0.7400,0,747
1395,953409,edge,1,0.7500,0,748
1396,954378,edge,1,0.7500,0,749
1397,954739,edge,1,0.7600,0,750
1398,956091,edge,0,0.7600,0,751
1399,956306,edge,1,0.7600,0,752
1400,956733,edge,1,0.7700,0,753
1401,957637,edge,0,0.7600,0,754
1402,957885,edge,1,0.7700,0,755
1403,959064,edge,0,0.7700,0,756
1404,959450,edge,1,0.7800,0,757
1405,959846,edge,1,0.7800,0,758
1406,960428,edge,1,0.7800,0,759
1407,960651,edge,1,0.7800,0,760
1408,961916,edge,0,0.7700,0,761
1409,963268,edge,0,0.7600,0,762
1410,963822,edge,1,0.7600,0,763
1411,964172,edge,0,0.7500,0,764
1412,964344,edge,0,0.7400,0,765
1413,964456,edge,0,0.7300,0,766
1414,965808,edge,0,0.7200,0,767
1415,966242,edge,1,0.7300,0,768
1416,966429,edge,1,0.7300,0,769
1417,966644,edge,1,0.7300,0,770
1418,966756,edge,0,0.7200,0,771
1419,967494,edge,1,0.7200,0,772
1420,967693,edge,1,0.7200,0,773
1421,967905,edge,1,0.7200,0,774
1422,968657,edge,1,0.7200,0,775
1423,969756,edge,0,0.7100,0,776
1424,970004,edge,1,0.7100,0,777
1425,970528,edge,0,0.7100,0,778
1426,970680,edge,1,0.7100,0,779
1427,971063,edge,1,0.7200,0,780
1428,971703,edge,0,0.7200,0,781
1429,971898,edge,1,0.7200,0,782
1430,972654,edge,1,0.7200,0,783
1431,972963,edge,1,0.7200,0,784
1432,973165,edge,1,0.7200,0,785
1433,973732,edge,1,0.7300,0,786
1434,973908,edge,1,0.7300,0,787
1435,974113,edge,1,0.7300,0,788
1436,975232,edge,0,0.7200,0,789
1437,975462,edge,1,0.7200,0,790
1438,975820,edge,1,0.7200,0,791
1439,976013,edge,1,0.7300,0,792
1440,976242,edge,1,0.7300,0,793
1441,976443,edge,1,0.7400,0,794
1442,977795,edge,0,0.7300,0,795
1443,979147,edge,0,0.7200,0,796
1444,979514,edge,1,0.7200,0,797
1445,980025,edge,1,0.7300,0,798
1446,980552,edge,0,0.7200,0,799
1447,980870,edge,0,0.7100,0,800
1448,981678,edge,1,0.7100,0,801
1449,982708,edge,1,0.7200,0,802
1450,983104,edge,1,0.7200,0,803
1451,983502,edge,1,0.7300,0,804
1452,983766,edge,1,0.7300,0,805
1453,983937,edge,1,0.7300,0,806
1454,984779,edge,1,0.7300,0,807
1455,986131,edge,1,0.7400,0,808
1456,986257,edge,0,0.7400,0,809
1457,986852,edge,0,0.7300,0,810
1458,987302,edge,1,0.7300,0,811
1459,987525,edge,1,0.7300,0,812
1460,987842,edge,1,0.7300,0,813
1461,989194,edge,0,0.7300,0,814
1462,989732,edge,0,0.7200,0,815
1463,991084,edge,0,0.7200,0,816
1464,991419,edge,1,0.7200,0,817
1465,991867,edge,1,0.7200,0,818
1466,992063,edge,1,0.7300,0,819
1467,992642,edge,0,0.7200,0,820
1468,993188,edge,1,0.7200,0,821
1469,993616,edge,1,0.7200,0,822
1470,993827,edge,1,0.7200,0,823
1471,993999,edge,1,0.7300,0,824
1472,994119,edge,1,0.7400,0,825
1473,995115,edge,1,0.7400,0,826
1474,995492,edge,1,0.7400,0,827
1475,995614,edge,1,0.7400,0,828
1476,995865,edge,1,0.7400,0,829
1477,996022,edge,0,0.7300,0,830
1478,996985,edge,1,0.7300,0,831
1479,997964,edge,1,0.7300,0,832
1480,998382,edge,1,0.7300,0,833
1481,999457,edge,0,0.7200,0,834
1482,1000262,edge,1,0.7200,0,835
1483,1000468,edge,1,0.7200,0,836
1484,1001820,edge,0,0.7100,0,837
1485,1002825,edge,1,0.7100,0,838
1486,1003195,edge,1,0.7100,0,839
1487,1004547,edge,0,0.7100,0,840
1488,1005239,edge,1,0.7100,0,841
1489,1006444,edge,1,0.7100,0,842
1490,1006896,edge,1,0.7100,0,843
1491,1007375,edge,1,0.7100,0,844
1492,1007600,edge,1,0.7100,0,845
1493,1007828,edge,1,0.7100,0,846
1494,1008034,edge,1,0.7200,0,847
1495,1008321,edge,0,0.7100,0,848
1496,1009176,edge,1,0.7100,0,849
1497,1010013,edge,1,0.7100,0,850
1498,1010764,edge,1,0.7200,0,851
1499,1011187,edge,1,0.7200,0,852
1500,1012471,edge,1,0.7200,0,853
1501,1013129,edge,0,0.7200,0,854
1502,1014481,edge,0,0.7100,0,855
1503,1015037,edge,1,0.7200,0,856
1504,1015800,edge,0,0.7100,0,857
1505,1017152,edge,0,0.7000,0,858
1506,1017364,edge,1,0.7000,0,859
1507,1017749,edge,1,0.7000,0,860
1508,1017940,edge,1,0.7100,0,861
1509,1018171,edge,1,0.7200,0,862
1510,1019256,edge,1,0.7200,0,863
1511,1020032,edge,1,0.7300,0,864
1512,1020372,edge,0,0.7300,0,865
1513,1020587,edge,1,0.7400,0,866
1514,1020787,edge,1,0.7500,0,867
1515,1021601,edge,1,0.7500,0,868
1516,1022953,edge,0,0.7400,0,869
1517,1023188,edge,1,0.7400,0,870
1518,1024540,edge,0,0.7400,0,871
1519,1025117,edge,0,0.7300,0,872
1520,1025783,edge,0,0.7200,0,873
1521,1026421,edge,1,0.7200,0,874
1522,1026547,edge,1,0.7200,0,875
1523,1027899,edge,0,0.7200,0,876
1524,1028259,edge,1,0.7200,0,877
1525,1028555,edge,1,0.7300,0,878
1526,1028951,edge,0,0.7200,0,879
1527,1029163,edge,1,0.7200,0,880
1528,1029361,edge,1,0.7300,0,881
1529,1029563,edge,1,0.7300,0,882
1530,1030836,edge,0,0.7200,0,883
1531,1032038,edge,1,0.7200,0,884
1532,1033358,edge,1,0.7200,0,885
1533,1033734,edge,1,0.7200,0,886
1534,1034148,edge,0,0.7100,0,887
1535,1034340,edge,1,0.7100,0,888
1536,1034879,edge,0,0.7100,0,889
1537,1036231,edge,0,0.7000,0,890
1538,1037583,edge,0,0.6900,0,891
1539,1038180,edge,1,0.6900,0,892
1540,1038899,edge,1,0.6900,0,893
1541,1039307,edge,1,0.6900,0,894
1542,1040057,edge,1,0.7000,0,895
1543,1040666,edge,1,0.7100,0,896
1544,1041068,edge,1,0.7100,0,897
1545,1041502,edge,1,0.7100,0,898
1546,1042020,edge,1,0.7200,0,899
1547,1043372,edge,1,0.7300,0,900
1548,1043692,edge,1,0.7300,0,901
1549,1043903,edge,1,0.7300,0,902
1550,1044103,edge,1,0.7300,0,903
1551,1044511,edge,1,0.7300,0,904
1552,1044807,edge,0,0.7200,0,905
1553,1045171,edge,0,0.7100,0,906
1554,1046523,edge,1,0.7100,0,907
1555,1046867,edge,0,0.7000,0,908
1556,1048219,edge,0,0.7000,0,909
1557,1048614,edge,1,0.7100,0,910
1558,1049169,edge,1,0.7100,0,911
1559,1049573,edge,1,0.7100,0,912
1560,1049957,edge,0,0.7000,0,913
1561,1050353,edge,1,0.7100,0,914
1562,1051329,edge,1,0.7200,0,915
1563,1051701,edge,1,0.7300,0,916
1564,1052280,edge,1,0.7300,0,917
1565,1052865,edge,0,0.7200,0,918
1566,1053315,edge,1,0.7200,0,919
1567,1054667,edge,1,0.7300,0,920
1568,1054887,edge,1,0.7300,0,921
1569,1055472,edge,1,0.7300,0,922
1570,1055688,edge,1,0.7300,0,923
1571,1056097,edge,1,0.7300,0,924
1572,1056797,edge,1,0.7300,0,925
1573,1056969,edge,0,0.7200,0,926
1574,1057966,edge,1,0.7200,0,927
1575,1058803,edge,1,0.7200,0,928
1576,1059240,edge,1,0.7200,0,929
1577,1059971,edge,0,0.7200,0,930
1578,1061323,edge,0,0.7100,0,931
1579,1062376,edge,1,0.7100,0,932
1580,1063130,edge,1,0.7100,0,933
1581,1064096,edge,1,0.7200,0,934
1582,1064273,edge,1,0.7200,0,935
1583,1065071,edge,0,0.7100,0,936
1584,1066050,edge,0,0.7100,0,937
1585,1066645,edge,1,0.7100,0,938
1586,1067120,edge,1,0.7100,0,939
1587,1067293,edge,0,0.7100,0,940
1588,1067683,edge,1,0.7100,0,941
1589,1067883,edge,1,0.7100,0,942
1590,1068267,edge,1,0.7100,0,943
1591,1069619,edge,1,0.7100,0,944
1592,1070971,edge,0,0.7000,0,945
1593,1071281,edge,0,0.6900,0,946
1594,1071911,edge,1,0.6900,0,947
1595,1072284,edge,1,0.7000,0,948
1596,1072403,edge,0,0.6900,0,949
1597,1073755,edge,0,0.6800,0,950
1598,1074164,edge,1,0.6800,0,951
1599,1075250,edge,1,0.6800,0,952
1600,1076602,edge,0,0.6700,0,953
1601,1077954,edge,1,0.6800,0,954
1602,1078081,edge,1,0.6900,0,955
1603,1078682,edge,1,0.6900,0,956
1604,1078920,edge,1,0.7000,0,957
1605,1080088,edge,1,0.7100,0,958
1606,1080310,edge,1,0.7100,0,959
1607,1080662,edge,0,0.7000,0,960
1608,1081234,edge,0,0.6900,0,961
1609,1081468,edge,1,0.6900,0,962
1610,1081637,edge,1,0.6900,0,963
1611,1082776,edge,1,0.6900,0,964
1612,1083732,edge,1,0.7000,0,965
1613,1084113,edge,1,0.7000,0,966
1614,1084510,edge,1,0.7000,0,967
1615,1085862,edge,0,0.6900,0,968
1616,1087214,edge,1,0.7000,0,969
1617,1087623,edge,1,0.7000,0,970
1618,1087981,edge,1,0.7100,0,971
1619,1088865,edge,1,0.7200,0,972
1620,1090217,edge,1,0.7300,0,973
1621,1091569,edge,0,0.7200,0,974
1622,1092921,edge,0,0.7100,0,975
1623,1093297,edge,0,0.7100,0,976
1624,1093514,edge,1,0.7100,0,977
1625,1093921,edge,1,0.7100,0,978
1626,1094668,edge,1,0.7200,0,979
1627,1095090,edge,1,0.7200,0,980
1628,1095506,edge,1,0.7200,0,981
1629,1096657,edge,1,0.7200,0,982
1630,1097700,edge,0,0.7200,0,983
1631,1098239,edge,0,0.7100,0,984
1632,1098435,edge,1,0.7100,0,985
1633,1098685,edge,1,0.7100,0,986
1634,1099692,edge,1,0.7200,0,987
1635,1100349,edge,1,0.7200,0,988
1636,1100565,edge,1,0.7300,0,989
1637,1101304,edge,0,0.7300,0,990
1638,1101597,edge,0,0.7300,0,991
1639,1102234,edge,1,0.7300,0,992
1640,1103572,edge,1,0.7300,0,993
1641,1104924,edge,0,0.7200,0,994
1642,1105106,edge,0,0.7100,0,995
1643,1106458,edge,0,0.7000,0,996
1644,1107810,edge,0,0.6900,0,997
1645,1107920,edge,0,0.6800,0,998
1646,1108736,edge,1,0.6800,0,999
1647,1109241,edge,0,0.6700,0,1000
1648,1110593,edge,0,0.6600,0,1001
1649,1111199,edge,1,0.6600,0,1002
1650,1112127,edge,1,0.6600,0,1003
1651,1112384,edge,1,0.6600,0,1004
1652,1113707,edge,0,0.6600,0,1005
1653,1115059,edge,0,0.6600,0,1006
1654,1115276,edge,1,0.6600,0,1007
1655,1116201,edge,1,0.6700,0,1008
1656,1116711,edge,0,0.6700,0,1009
1657,1117039,edge,0,0.6600,0,1010
1658,1117231,edge,1,0.6600,0,1011
1659,1118583,edge,0,0.6500,0,1012
1660,1119935,edge,1,0.6600,0,1013
1661,1121287,edge,0,0.6500,0,1014
1662,1122461,edge,1,0.6500,0,1015
1663,1123144,edge,0,0.6400,0,1016
1664,1124133,edge,0,0.6300,0,1017
1665,1124641,edge,0,0.6300,0,1018
1666,1125993,edge,0,0.6200,0,1019
1667,1126126,edge,0,0.6100,0,1020
1668,1126663,edge,1,0.6100,0,1021
1669,1127005,edge,0,0.6000,0,1022
1670,1127776,edge,1,0.6000,0,1023
1671,1127982,edge,1,0.6000,0,1024
1672,1128201,edge,1,0.6000,0,1025
1673,1129553,edge,0,0.6000,0,1026
1674,1130905,edge,1,0.6000,0,1027
1675,1131125,edge,1,0.6000,0,1028
1676,1132477,edge,1,0.6000,0,1029
1677,1133829,edge,1,0.6100,0,1030
1678,1134450,edge,1,0.6200,0,1031
1679,1134770,edge,1,0.6200,0,1032
1680,1136122,edge,0,0.6100,0,1033
1681,1137474,edge,0,0.6000,0,1034
1682,1137897,edge,0,0.5900,0,1035
1683,1138112,edge,1,0.6000,0,1036
1684,1138705,edge,1,0.6100,0,1037
1685,1139130,edge,1,0.6100,0,1038
1686,1139325,edge,1,0.6100,0,1039
1687,1140158,edge,1,0.6200,0,1040
1688,1140282,edge,0,0.6100,0,1041
1689,1140514,edge,1,0.6100,0,1042
1690,1140692,edge,0,0.6000,0,1043
1691,1142044,edge,1,0.6000,0,1044
1692,1143133,edge,0,0.6000,0,1045
1693,1143718,edge,1,0.6100,0,1046
1694,1143895,edge,0,0.6000,0,1047
1695,1145247,edge,1,0.6000,0,1048
1696,1146313,edge,1,0.6100,0,1049
1697,1146812,edge,1,0.6200,0,1050
1698,1147180,edge,1,0.6200,0,1051
1699,1147427,edge,1,0.6200,0,1052
1700,1147835,edge,0,0.6200,0,1053
1701,1148542,edge,1,0.6200,0,1054
1702,1149319,edge,1,0.6200,0,1055
1703,1150671,edge,0,0.6100,0,1056
1704,1151843,edge,0,0.6000,0,1057
1705,1152022,edge,0,0.5900,0,1058
1706,1152440,edge,1,0.5900,0,1059
1707,1153792,edge,0,0.5900,0,1060
1708,1154150,edge,1,0.6000,0,1061
1709,1155502,edge,0,0.5900,0,1062
1710,1156854,edge,0,0.5800,0,1063
1711,1157215,edge,0,0.5700,0,1064
1712,1157432,edge,1,0.5700,0,1065
1713,1157640,edge,1,0.5700,0,1066
1714,1157825,edge,0,0.5600,0,1067
1715,1158782,edge,1,0.5700,0,1068
1716,1158913,edge,1,0.5700,0,1069
1717,1160265,edge,1,0.5700,0,1070
1718,1160891,edge,1,0.5700,0,1071
1719,1161139,edge,1,0.5700,0,1072
1720,1162491,edge,0,0.5600,0,1073
1721,1163843,edge,0,0.5600,0,1074
1722,1164748,edge,1,0.5700,0,1075
1723,1165143,edge,1,0.5800,0,1076
1724,1166209,edge,1,0.5800,0,1077
1725,1166390,edge,1,0.5800,0,1078
1726,1167742,edge,0,0.5700,0,1079
1727,1168506,edge,1,0.5700,0,1080
1728,1169492,edge,0,0.5600,0,1081
1729,1170844,edge,1,0.5600,0,1082
1730,1171444,edge,1,0.5700,0,1083
1731,1172796,edge,0,0.5700,0,1084
1732,1173147,edge,1,0.5700,0,1085
1733,1173353,edge,1,0.5700,0,1086
1734,1173552,edge,1,0.5700,0,1087
1735,1174904,edge,1,0.5700,0,1088
1736,1176256,edge,1,0.5700,0,1089
1737,1177229,edge,0,0.5700,0,1090
1738,1178194,edge,1,0.5800,0,1091
1739,1179546,edge,1,0.5800,0,1092
1740,1180408,edge,1,0.5800,0,1093
1741,1180603,edge,1,0.5900,0,1094
1742,1180804,edge,1,0.6000,0,1095
1743,1182070,edge,1,0.6100,0,1096
1744,1182804,edge,0,0.6100,0,1097
1745,1183467,edge,0,0.6100,0,1098
1746,1183676,edge,1,0.6100,0,1099
1747,1185028,edge,0,0.6100,0,1100
1748,1185140,edge,0,0.6100,0,1101
1749,1186492,edge,0,0.6000,0,1102
1750,1186769,edge,0,0.5900,0,1103
1751,1187418,edge,1,0.5900,0,1104
1752,1188383,edge,0,0.5900,0,1105
1753,1189735,edge,0,0.5900,0,1106
1754,1191087,edge,0,0.5800,0,1107
1755,1192439,edge,0,0.5700,0,1108
1756,1193138,edge,0,0.5700,0,1109
1757,1194490,edge,1,0.5800,0,1110
1758,1195210,edge,0,0.5700,0,1111
1759,1196275,edge,1,0.5800,0,1112
1760,1197291,edge,0,0.5700,0,1113
1761,1198643,edge,1,0.5800,0,1114
1762,1199995,edge,0,0.5700,0,1115
1763,1201347,edge,1,0.5800,0,1116
1764,1202585,edge,0,0.5800,0,1117
1765,1203937,edge,0,0.5800,0,1118
1766,1204551,edge,1,0.5900,0,1119
1767,1204739,edge,1,0.6000,0,1120
1768,1206091,edge,0,0.5900,0,1121
1769,1207443,edge,0,0.5900,0,1122
1770,1208795,edge,0,0.5800,0,1123
1771,1209881,edge,1,0.5800,0,1124
1772,1210051,edge,0,0.5700,0,1125
1773,1210624,edge,0,0.5700,0,1126
1774,1210766,edge,0,0.5600,0,1127
1775,1211375,edge,1,0.5600,0,1128
1776,1212727,edge,0,0.5500,0,1129
1777,1212831,edge,0,0.5400,0,1130
1778,1213385,edge,1,0.5400,0,1131
1779,1213696,edge,0,0.5300,0,1132
1780,1214073,edge,0,0.5300,0,1133
1781,1214455,edge,1,0.5400,0,1134
1782,1215596,edge,1,0.5500,0,1135
1783,1216192,edge,1,0.5500,0,1136
1784,1216350,edge,0,0.5400,0,1137
1785,1216565,edge,1,0.5400,0,1138
1786,1217917,edge,0,0.5300,0,1139
1787,1219269,edge,0,0.5200,0,1140
1788,1220621,edge,0,0.5200,0,1141
1789,1221973,edge,0,0.5100,0,1142
1790,1223325,edge,0,0.5100,0,1143
1791,1224076,edge,1,0.5100,0,1144
1792,1225068,edge,0,0.5100,0,1145
1793,1226420,edge,0,0.5000,0,1146
1794,1227048,edge,1,0.5100,0,1147
1795,1228400,edge,1,0.5100,0,1148
1796,1229452,edge,0,0.5000,0,1149
1797,1229654,edge,1,0.5000,0,1150
1798,1231006,edge,1,0.5000,0,1151
1799,1231476,edge,1,0.5000,0,1152
1800,1231617,edge,1,0.5100,0,1153
1801,1232563,edge,1,0.5100,0,1154
1802,1233623,edge,1,0.5100,0,1155
1803,1233825,edge,1,0.5200,0,1156
1804,1234016,edge,1,0.5300,0,1157
1805,1235368,edge,0,0.5300,0,1158
1806,1235662,edge,1,0.5300,0,1159
1807,1237014,edge,0,0.5300,0,1160
1808,1238316,edge,1,0.5300,0,1161
1809,1239668,edge,1,0.5400,0,1162
1810,1241020,edge,0,0.5400,0,1163
1811,1242372,edge,0,0.5400,0,1164
1812,1243019,edge,1,0.5400,0,1165
1813,1244365,edge,1,0.5400,0,1166
1814,1245717,edge,1,0.5500,0,1167
1815,1247069,edge,1,0.5500,0,1168
1816,1247397,edge,1,0.5500,0,1169
1817,1248493,edge,0,0.5400,0,1170
1818,1249596,edge,1,0.5400,0,1171
1819,1249800,edge,1,0.5400,0,1172
1820,1250142,edge,0,0.5400,0,1173
1821,1251494,edge,0,0.5400,0,1174
1822,1252846,edge,0,0.5300,0,1175
1823,1254198,edge,0,0.5200,0,1176
1824,1254833,edge,1,0.5200,0,1177
1825,1256185,edge,0,0.5100,0,1178
1826,1257537,edge,1,0.5200,0,1179
1827,1257660,edge,1,0.5200,0,1180
1828,1258023,edge,0,0.5200,0,1181
1829,1258232,edge,1,0.5200,0,1182
1830,1259584,edge,1,0.5200,0,1183
1831,1259882,edge,1,0.5300,0,1184
1832,1260474,edge,1,0.5300,0,1185
1833,1261826,edge,0,0.5200,0,1186
1834,1263178,edge,0,0.5100,0,1187
1835,1264365,edge,1,0.5100,0,1188
1836,1265302,edge,1,0.5100,0,1189
1837,1265962,edge,1,0.5200,0,1190
1838,1267314,edge,1,0.5200,0,1191
1839,1268666,edge,0,0.5100,0,1192
1840,1268863,edge,1,0.5100,0,1193
1841,1269470,edge,1,0.5100,0,1194
1842,1270822,edge,0,0.5000,0,1195
1843,1271600,edge,0,0.4900,0,1196
1844,1272952,edge,0,0.4900,0,1197
1845,1274139,edge,0,0.4900,0,1198
1846,1274895,edge,0,0.4800,0,1199
1847,1275295,edge,1,0.4900,0,1200
1848,1276189,edge,1,0.5000,0,1201
1849,1277541,edge,0,0.5000,0,1202
1850,1277975,edge,1,0.5100,0,1203
1851,1278359,edge,1,0.5100,0,1204
1852,1279315,edge,1,0.5200,0,1205
1853,1280399,edge,1,0.5300,0,1206
1854,1281157,edge,1,0.5400,0,1207
1855,1282509,edge,0,0.5400,0,1208
1856,1283861,edge,0,0.5400,0,1209
1857,1284465,edge,1,0.5400,0,1210
1858,1285817,edge,0,0.5400,0,1211
1859,1287169,edge,0,0.5300,0,1212
1860,1288453,edge,1,0.5400,0,1213
1861,1288651,edge,0,0.5300,0,1214
1862,1289056,edge,1,0.5400,0,1215
1863,1289634,edge,1,0.5400,0,1216
1864,1290397,edge,0,0.5400,0,1217
1865,1291749,edge,0,0.5400,0,1218
1866,1292729,edge,1,0.5400,0,1219
1867,1293329,edge,1,0.5400,0,1220
1868,1294112,edge,1,0.5500,0,1221
1869,1294667,edge,1,0.5600,0,1222
1870,1296019,edge,0,0.5600,0,1223
1871,1297371,edge,0,0.5500,0,1224
1872,1298134,edge,0,0.5500,0,1225
1873,1299486,edge,1,0.5600,0,1226
1874,1300467,edge,1,0.5700,0,1227
1875,1301819,edge,0,0.5600,0,1228
1876,1303171,edge,0,0.5600,0,1229
1877,1304134,edge,1,0.5700,0,1230
1878,1304869,edge,0,0.5600,0,1231
1879,1306160,edge,1,0.5700,0,1232
1880,1306361,edge,1,0.5800,0,1233
1881,1306724,edge,1,0.5800,0,1234
1882,1307148,edge,1,0.5800,0,1235
1883,1308381,edge,0,0.5700,0,1236
1884,1308739,edge,1,0.5800,0,1237
1885,1309309,edge,0,0.5700,0,1238
1886,1309752,edge,1,0.5800,0,1239
1887,1311104,edge,0,0.5800,0,1240
1888,1312274,edge,1,0.5900,0,1241
1889,1313166,edge,1,0.6000,0,1242
1890,1314518,edge,1,0.6100,0,1243
1891,1314894,edge,1,0.6100,0,1244
1892,1315110,edge,1,0.6200,0,1245
1893,1316462,edge,1,0.6300,0,1246
1894,1317213,edge,1,0.6300,0,1247
1895,1318565,edge,0,0.6200,0,1248
1896,1319917,edge,0,0.6200,0,1249
1897,1320899,edge,0,0.6100,0,1250
1898,1322251,edge,0,0.6000,0,1251
1899,1323603,edge,0,0.5900,0,1252
1900,1324955,edge,0,0.5800,0,1253
1901,1326307,edge,1,0.5800,0,1254
1902,1327037,edge,0,0.5700,0,1255
1903,1327582,edge,0,0.5600,0,1256
1904,1328934,edge,1,0.5600,0,1257
1905,1330286,edge,1,0.5700,0,1258
1906,1330510,edge,1,0.5700,0,1259
1907,1331862,edge,0,0.5700,0,1260
1908,1332623,edge,0,0.5600,0,1261
1909,1333975,edge,0,0.5500,0,1262
1910,1335327,edge,0,0.5500,0,1263
1911,1336606,edge,0,0.5500,0,1264
1912,1337344,edge,1,0.5500,0,1265
1913,1338696,edge,0,0.5400,0,1266
1914,1339334,edge,1,0.5400,0,1267
1915,1340091,edge,1,0.5400,0,1268
1916,1341443,edge,0,0.5300,0,1269
1917,1341818,edge,0,0.5300,0,1270
1918,1343170,edge,1,0.5300,0,1271
1919,1343354,edge,0,0.5200,0,1272
1920,1344706,edge,0,0.5200,0,1273
1921,1346058,edge,0,0.5200,0,1274
1922,1346647,edge,0,0.5200,0,1275
1923,1347999,edge,0,0.5200,0,1276
1924,1349351,edge,0,0.5100,0,1277
1925,1350703,edge,1,0.5200,0,1278
1926,1352055,edge,1,0.5200,0,1279
1927,1353407,edge,0,0.5100,0,1280
1928,1353634,edge,0,0.5100,0,1281
1929,1353811,edge,0,0.5000,0,1282
1930,1355163,edge,0,0.4900,0,1283
1931,1356515,edge,0,0.4800,0,1284
1932,1356727,edge,1,0.4800,0,1285
1933,1358079,edge,0,0.4800,0,1286
1934,1359431,edge,1,0.4900,0,1287
1935,1359812,edge,1,0.4900,0,1288
1936,1361164,edge,0,0.4800,0,1289
1937,1362516,edge,0,0.4700,0,1290
1938,1363070,edge,1,0.4700,0,1291
1939,1364422,edge,0,0.4700,0,1292
1940,1365774,edge,1,0.4700,0,1293
1941,1366085,edge,1,0.4700,0,1294
1942,1367437,edge,1,0.4800,0,1295
1943,1368789,edge,0,0.4800,0,1296
1944,1369437,edge,1,0.4900,0,1297
1945,1370005,edge,1,0.5000,0,1298
1946,1370757,edge,0,0.5000,0,1299
1947,1371502,edge,1,0.5000,0,1300
1948,1372854,edge,0,0.4900,0,1301
1949,1374206,edge,0,0.4900,0,1302
1950,1374582,edge,0,0.4800,0,1303
1951,1374730,edge,0,0.4700,0,1304
1952,1376082,edge,1,0.4700,0,1305
1953,1376443,edge,0,0.4600,0,1306
1954,1376668,edge,1,0.4600,0,1307
1955,1377174,edge,1,0.4700,0,1308
1956,1377597,edge,1,0.4800,0,1309
1957,1378949,edge,0,0.4700,0,1310
1958,1379547,edge,1,0.4800,0,1311
1959,1380405,edge,1,0.4900,0,1312
1960,1380796,edge,1,0.4900,0,1313
1961,1381014,edge,1,0.5000,0,1314
1962,1381195,edge,1,0.5000,0,1315
1963,1382547,edge,0,0.4900,0,1316
1964,1382913,edge,0,0.4900,0,1317
1965,1384105,edge,0,0.4900,0,1318
1966,1385457,edge,0,0.4800,0,1319
1967,1386809,edge,0,0.4700,0,1320
1968,1387021,edge,1,0.4700,0,1321
1969,1388373,edge,0,0.4600,0,1322
1970,1389725,edge,0,0.4600,0,1323
1971,1391077,edge,1,0.4700,0,1324
1972,1392178,edge,1,0.4800,0,1325
1973,1393530,edge,0,0.4700,0,1326
1974,1394554,edge,1,0.4700,0,1327
1975,1395906,edge,1,0.4800,0,1328
1976,1396077,edge,0,0.4800,0,1329
1977,1397429,edge,0,0.4700,0,1330
1978,1398781,edge,0,0.4700,0,1331
1979,1399536,edge,1,0.4700,0,1332
1980,1400199,edge,1,0.4700,0,1333
1981,1401551,edge,0,0.4600,0,1334
1982,1402903,edge,1,0.4600,0,1335
1983,1404255,edge,0,0.4600,0,1336
1984,1405607,edge,0,0.4500,0,1337
1985,1406165,edge,0,0.4500,0,1338
1986,1407517,edge,0,0.4400,0,1339
1987,1408869,edge,0,0.4400,0,1340
1988,1409725,edge,1,0.4400,0,1341
1989,1410793,edge,1,0.4400,0,1342
1990,1411963,edge,1,0.4400,0,1343
1991,1413315,edge,0,0.4300,0,1344
1992,1414018,edge,1,0.4300,0,1345
1993,1415370,edge,0,0.4200,0,1346
1994,1416722,edge,0,0.4100,0,1347
1995,1417140,edge,1,0.4200,0,1348
1996,1418492,edge,0,0.4200,0,1349
1997,1419067,edge,0,0.4200,0,1350
1998,1419412,edge,0,0.4200,0,1351
1999,1420362,edge,0,0.4200,0,1352
2000,1421714,edge,0,0.4200,0,1353
2001,1423066,edge,0,0.4100,0,1354
2002,1424236,edge,1,0.4200,0,1355
2003,1425588,edge,1,0.4300,0,1356
2004,1425969,edge,1,0.4300,0,1357
2005,1427321,edge,0,0.4200,0,1358
2006,1428340,edge,1,0.4200,0,1359
2007,1429692,edge,1,0.4300,0,1360
2008,1430884,edge,1,0.4400,0,1361
2009,1431619,edge,0,0.4400,0,1362
2010,1432943,edge,0,0.4400,0,1363
2011,1433253,edge,0,0.4400,0,1364
2012,1434605,edge,0,0.4300,0,1365
2013,1435957,edge,1,0.4400,0,1366
2014,1436129,edge,1,0.4400,0,1367
2015,1437481,edge,0,0.4300,0,1368
2016,1438833,edge,1,0.4400,0,1369
2017,1440185,edge,0,0.4400,0,1370
2018,1440622,edge,1,0.4400,0,1371
2019,1441974,edge,0,0.4400,0,1372
2020,1442936,edge,0,0.4400,0,1373
2021,1443774,edge,1,0.4500,0,1374
2022,1445005,edge,1,0.4600,0,1375
2023,1445977,edge,1,0.4700,0,1376
2024,1447329,edge,0,0.4700,0,1377
2025,1448673,edge,1,0.4700,0,1378
2026,1449421,edge,0,0.4600,0,1379
2027,1450773,edge,0,0.4600,0,1380
2028,1451128,edge,0,0.4600,0,1381
2029,1452322,edge,1,0.4700,0,1382
2030,1452943,edge,0,0.4700,0,1383
2031,1454295,edge,0,0.4700,0,1384
2032,1454942,edge,1,0.4700,0,1385
2033,1456294,edge,0,0.4700,0,1386
2034,1457453,edge,0,0.4600,0,1387
2035,1458101,edge,1,0.4600,0,1388
2036,1458590,edge,1,0.4700,0,1389
2037,1459942,edge,1,0.4800,0,1390
2038,1460479,edge,1,0.4800,0,1391
2039,1461831,edge,0,0.4800,0,1392
2040,1462708,edge,0,0.4700,0,1393
2041,1462913,edge,1,0.4700,0,1394
2042,1463120,edge,0,0.4600,0,1395
2043,1464472,edge,0,0.4600,0,1396
2044,1465824,edge,1,0.4600,0,1397
2045,1467176,edge,0,0.4500,0,1398
2046,1468528,edge,0,0.4500,0,1399
2047,1469880,edge,1,0.4500,0,1400
2048,1470823,edge,1,0.4600,0,1401
2049,1472175,edge,0,0.4600,0,1402
2050,1473527,edge,1,0.4700,0,1403
2051,1474879,edge,0,0.4700,0,1404
2052,1476231,edge,0,0.4600,0,1405
2053,1477583,edge,1,0.4700,0,1406
2054,1478352,edge,0,0.4600,0,1407
2055,1479704,edge,0,0.4500,0,1408
2056,1480526,edge,0,0.4400,0,1409
2057,1481878,edge,0,0.4400,0,1410
2058,1483051,edge,1,0.4400,0,1411
2059,1483579,edge,1,0.4400,0,1412
2060,1483780,edge,1,0.4400,0,1413
2061,1485132,edge,0,0.4300,0,1414
2062,1486484,edge,1,0.4300,0,1415
2063,1487836,edge,0,0.4300,0,1416
2064,1489188,edge,0,0.4300,0,1417
2065,1490442,edge,1,0.4400,0,1418
2066,1491794,edge,0,0.4400,0,1419
2067,1493146,edge,0,0.4400,0,1420
2068,1494498,edge,0,0.4300,0,1421
2069,1495850,edge,1,0.4400,0,1422
2070,1497202,edge,0,0.4400,0,1423
2071,1497405,edge,1,0.4400,0,1424
2072,1498757,edge,0,0.4300,0,1425
2073,1500109,edge,0,0.4300,0,1426
2074,1501461,edge,1,0.4300,0,1427
2075,1502813,edge,0,0.4200,0,1428
2076,1504165,edge,1,0.4300,0,1429
2077,1505517,edge,0,0.4300,0,1430
2078,1506869,edge,0,0.4300,0,1431
2079,1507083,edge,1,0.4300,0,1432
2080,1507672,edge,1,0.4300,0,1433
2081,1508284,edge,1,0.4400,0,1434
2082,1509053,edge,1,0.4400,0,1435
2083,1509273,edge,1,0.4500,0,1436
2084,1510625,edge,0,0.4500,0,1437
2085,1511977,edge,0,0.4500,0,1438
2086,1512158,edge,0,0.4500,0,1439
2087,1513510,edge,0,0.4500,0,1440
2088,1514862,edge,0,0.4400,0,1441
2089,1516214,edge,0,0.4300,0,1442
2090,1517566,edge,0,0.4200,0,1443
2091,1518918,edge,0,0.4200,0,1444
2092,1519776,edge,0,0.4100,0,1445
2093,1520323,edge,0,0.4100,0,1446
2094,1521012,edge,0,0.4100,0,1447
2095,1522364,edge,1,0.4100,0,1448
2096,1523683,edge,1,0.4200,0,1449
2097,1525035,edge,1,0.4300,0,1450
2098,1526387,edge,1,0.4400,0,1451
2099,1527739,edge,0,0.4400,0,1452
2100,1529091,edge,1,0.4500,0,1453
2101,1530443,edge,0,0.4500,0,1454
2102,1531795,edge,0,0.4400,0,1455
2103,1532356,edge,0,0.4300,0,1456
2104,1533708,edge,0,0.4200,0,1457
2105,1535060,edge,0,0.4200,0,1458
2106,1536412,edge,0,0.4100,0,1459
2107,1537764,edge,0,0.4000,0,1460
2108,1539116,edge,1,0.4000,0,1461
2109,1539517,edge,0,0.4000,0,1462
2110,1540869,edge,0,0.4000,0,1463
2111,1542221,edge,1,0.4100,0,1464
2112,1543573,edge,0,0.4100,0,1465
2113,1544925,edge,0,0.4000,0,1466
2114,1546277,edge,0,0.3900,0,1467
2115,1547629,edge,0,0.3900,0,1468
2116,1548981,edge,1,0.3900,0,1469
2117,1550333,edge,0,0.3900,0,1470
2118,1551127,edge,1,0.3900,0,1471
2119,1552479,edge,1,0.4000,0,1472
2120,1553831,edge,0,0.4000,0,1473
2121,1554028,edge,1,0.4000,0,1474
2122,1555380,edge,0,0.3900,0,1475
2123,1556732,edge,0,0.3800,0,1476
2124,1558084,edge,0,0.3800,0,1477
2125,1559436,edge,0,0.3700,0,1478
2126,1560788,edge,0,0.3700,0,1479
2127,1560910,edge,0,0.3700,0,1480
2128,1562262,edge,0,0.3700,0,1481
2129,1563614,edge,1,0.3700,0,1482
2130,1564966,edge,0,0.3700,0,1483
2131,1565162,edge,1,0.3800,0,1484
2132,1566514,edge,0,0.3700,0,1485
2133,1566697,edge,1,0.3800,0,1486
2134,1568049,edge,0,0.3800,0,1487
2135,1569401,edge,1,0.3800,0,1488
2136,1570753,edge,0,0.3700,0,1489
2137,1572105,edge,1,0.3700,0,1490
2138,1573457,edge,1,0.3700,0,1491
2139,1574809,edge,1,0.3800,0,1492
2140,1576161,edge,1,0.3900,0,1493
2141,1576547,edge,1,0.3900,0,1494
2142,1576729,edge,0,0.3900,0,1495
2143,1578081,edge,0,0.3900,0,1496
2144,1579433,edge,0,0.3800,0,1497
2145,1580781,edge,1,0.3900,0,1498
2146,1580963,edge,1,0.4000,0,1499
2147,1581521,edge,1,0.4000,0,1500
2148,1582753,edge,1,0.4000,0,1501
2149,1584105,edge,0,0.4000,0,1502
2150,1585457,edge,0,0.3900,0,1503
2151,1585645,edge,1,0.4000,0,1504
2152,1586997,edge,0,0.4000,0,1505
2153,1588349,edge,1,0.4000,0,1506
2154,1588939,edge,1,0.4100,0,1507
2155,1589650,edge,1,0.4200,0,1508
2156,1591002,edge,0,0.4200,0,1509
2157,1591555,edge,1,0.4300,0,1510
2158,1591727,edge,0,0.4200,0,1511
2159,1593079,edge,1,0.4200,0,1512
2160,1594039,edge,1,0.4200,0,1513
2161,1595107,edge,0,0.4200,0,1514
2162,1596459,edge,0,0.4100,0,1515
2163,1597811,edge,0,0.4100,0,1516
2164,1598339,edge,0,0.4100,0,1517
2165,1599691,edge,0,0.4000,0,1518
2166,1601043,edge,0,0.4000,0,1519
2167,1602395,edge,0,0.4000,0,1520
2168,1603747,edge,0,0.4000,0,1521
2169,1605099,edge,0,0.3900,0,1522
2170,1606084,edge,0,0.3900,0,1523
2171,1607436,edge,0,0.3800,0,1524
2172,1608788,edge,0,0.3800,0,1525
2173,1609381,edge,1,0.3900,0,1526
2174,1610733,edge,0,0.3800,0,1527
2175,1612085,edge,1,0.3900,0,1528
2176,1613437,edge,0,0.3800,0,1529
2177,1614581,edge,1,0.3900,0,1530
2178,1615422,edge,1,0.4000,0,1531
2179,1616369,edge,0,0.3900,0,1532
2180,1616820,edge,1,0.3900,0,1533
2181,1617184,edge,1,0.3900,0,1534
2182,1618536,edge,1,0.3900,0,1535
2183,1619888,edge,0,0.3800,0,1536
2184,1619993,edge,0,0.3800,0,1537
2185,1621345,edge,0,0.3800,0,1538
2186,1622697,edge,0,0.3800,0,1539
2187,1623073,edge,1,0.3900,0,1540
2188,1623182,edge,0,0.3900,0,1541
2189,1623708,edge,0,0.3900,0,1542
2190,1625060,edge,0,0.3900,0,1543
2191,1625835,edge,1,0.4000,0,1544
2192,1626967,edge,0,0.4000,0,1545
2193,1627151,edge,1,0.4100,0,1546
2194,1627784,edge,1,0.4200,0,1547
2195,1629136,edge,0,0.4100,0,1548
2196,1630114,edge,1,0.4100,0,1549
2197,1631466,edge,0,0.4000,0,1550
2198,1632818,edge,0,0.3900,0,1551
2199,1633814,edge,0,0.3900,0,1552
2200,1634003,edge,0,0.3800,0,1553
2201,1634553,edge,0,0.3800,0,1554
2202,1635905,edge,1,0.3900,0,1555
2203,1637257,edge,0,0.3900,0,1556
2204,1637779,edge,0,0.3900,0,1557
2205,1638394,edge,1,0.4000,0,1558
2206,1639746,edge,1,0.4100,0,1559
2207,1641098,edge,0,0.4100,0,1560
2208,1642450,edge,1,0.4100,0,1561
2209,1643802,edge,0,0.4100,0,1562
2210,1645154,edge,0,0.4100,0,1563
2211,1646506,edge,0,0.4000,0,1564
2212,1647858,edge,0,0.4000,0,1565
2213,1649210,edge,0,0.4000,0,1566
2214,1649394,edge,1,0.4100,0,1567
2215,1650746,edge,1,0.4200,0,1568
2216,1652098,edge,1,0.4200,0,1569
2217,1653450,edge,0,0.4200,0,1570
2218,1654802,edge,1,0.4200,0,1571
2219,1656154,edge,0,0.4100,0,1572
2220,1657506,edge,0,0.4100,0,1573
2221,1658540,edge,1,0.4100,0,1574
2222,1659892,edge,0,0.4100,0,1575
2223,1661244,edge,0,0.4100,0,1576
2224,1662596,edge,0,0.4100,0,1577
2225,1662770,edge,0,0.4100,0,1578
2226,1664122,edge,1,0.4200,0,1579
2227,1665318,edge,1,0.4300,0,1580
2228,1666670,edge,1,0.4400,0,1581
2229,1668022,edge,0,0.4300,0,1582
2230,1668251,edge,1,0.4400,0,1583
2231,1669603,edge,0,0.4300,0,1584
2232,1670955,edge,1,0.4400,0,1585
2233,1671165,edge,1,0.4400,0,1586
2234,1671740,edge,0,0.4400,0,1587
2235,1673092,edge,1,0.4400,0,1588
2236,1673514,edge,1,0.4500,0,1589
2237,1674866,edge,0,0.4400,0,1590
2238,1676218,edge,0,0.4300,0,1591
2239,1677570,edge,1,0.4300,0,1592
2240,1678922,edge,1,0.4300,0,1593
2241,1679357,edge,1,0.4300,0,1594
2242,1680709,edge,0,0.4300,0,1595
2243,1681675,edge,1,0.4400,0,1596
2244,1683027,edge,1,0.4500,0,1597
2245,1684379,edge,0,0.4400,0,1598
2246,1685731,edge,0,0.4300,0,1599
2247,1687083,edge,0,0.4200,0,1600
2248,1688435,edge,0,0.4100,0,1601
2249,1689787,edge,1,0.4200,0,1602
2250,1690612,edge,0,0.4200,0,1603
2251,1691964,edge,0,0.4100,0,1604
2252,1693316,edge,0,0.4100,0,1605
2253,1693499,edge,0,0.4000,0,1606
2254,1694851,edge,0,0.3900,0,1607
2255,1696203,edge,1,0.3900,0,1608
2256,1697555,edge,0,0.3900,0,1609
2257,1698524,edge,1,0.3900,0,1610
2258,1698892,edge,1,0.4000,0,1611
2259,1700042,edge,0,0.3900,0,1612
2260,1701394,edge,1,0.3900,0,1613
2261,1702746,edge,0,0.3900,0,1614
2262,1704098,edge,0,0.3900,0,1615
2263,1705057,edge,1,0.4000,0,1616
2264,1705247,edge,1,0.4100,0,1617
2265,1706599,edge,0,0.4100,0,1618
2266,1707951,edge,0,0.4100,0,1619
2267,1708161,edge,1,0.4200,0,1620
2268,1708568,edge,1,0.4300,0,1621
2269,1708985,edge,1,0.4400,0,1622
2270,1710182,edge,0,0.4400,0,1623
2271,1711534,edge,1,0.4500,0,1624
2272,1712886,edge,0,0.4500,0,1625
2273,1714238,edge,0,0.4400,0,1626
2274,1715291,edge,1,0.4500,0,1627
2275,1716643,edge,0,0.4400,0,1628
2276,1717995,edge,1,0.4500,0,1629
2277,1719347,edge,1,0.4500,0,1630
2278,1720699,edge,0,0.4400,0,1631
2279,1722051,edge,1,0.4500,0,1632
2280,1723403,edge,1,0.4500,0,1633
2281,1724755,edge,0,0.4400,0,1634
2282,1726107,edge,0,0.4300,0,1635
2283,1726484,edge,1,0.4400,0,1636
2284,1727583,edge,0,0.4400,0,1637
2285,1728935,edge,0,0.4400,0,1638
2286,1730287,edge,0,0.4400,0,1639
2287,1731639,edge,0,0.4300,0,1640
2288,1732991,edge,0,0.4300,0,1641
2289,1734343,edge,0,0.4300,0,1642
2290,1735695,edge,0,0.4300,0,1643
2291,1737047,edge,0,0.4200,0,1644
2292,1738399,edge,1,0.4300,0,1645
2293,1739209,edge,1,0.4300,0,1646
2294,1739418,edge,1,0.4300,0,1647
2295,1740770,edge,0,0.4300,0,1648
2296,1741101,edge,0,0.4200,0,1649
2297,1742453,edge,0,0.4200,0,1650
2298,1743805,edge,0,0.4200,0,1651
2299,1745157,edge,1,0.4300,0,1652
2300,1745330,edge,1,0.4400,0,1653
2301,1746246,edge,0,0.4400,0,1654
2302,1747598,edge,1,0.4400,0,1655
2303,1748950,edge,1,0.4500,0,1656
2304,1750302,edge,0,0.4500,0,1657
2305,1751339,edge,1,0.4500,0,1658
2306,1752350,edge,1,0.4500,0,1659
2307,1753702,edge,0,0.4500,0,1660
2308,1753922,edge,1,0.4500,0,1661
2309,1755274,edge,0,0.4500,0,1662
2310,1756121,edge,1,0.4600,0,1663
2311,1756453,edge,0,0.4600,0,1664
2312,1757663,edge,1,0.4700,0,1665
2313,1758005,edge,0,0.4700,0,1666
2314,1758586,edge,0,0.4600,0,1667
2315,1759938,edge,0,0.4500,0,1668
2316,1760852,edge,0,0.4400,0,1669
2317,1761041,edge,0,0.4400,0,1670
2318,1762393,edge,1,0.4400,0,1671
2319,1762943,edge,0,0.4400,0,1672
2320,1764295,edge,1,0.4500,0,1673
2321,1765647,edge,1,0.4500,0,1674
2322,1766893,edge,1,0.4600,0,1675
2323,1768245,edge,1,0.4700,0,1676
2324,1769597,edge,0,0.4700,0,1677
2325,1770949,edge,0,0.4700,0,1678
2326,1772301,edge,0,0.4600,0,1679
2327,1773653,edge,1,0.4600,0,1680
2328,1775005,edge,0,0.4500,0,1681
2329,1776357,edge,0,0.4500,0,1682
2330,1777709,edge,0,0.4400,0,1683
2331,1779061,edge,1,0.4500,0,1684
2332,1780413,edge,1,0.4500,0,1685
2333,1780660,edge,1,0.4500,0,1686
2334,1782012,edge,1,0.4600,0,1687
2335,1782194,edge,0,0.4500,0,1688
2336,1783546,edge,1,0.4500,0,1689
2337,1783928,edge,0,0.4500,0,1690
2338,1785280,edge,1,0.4600,0,1691
2339,1785640,edge,1,0.4600,0,1692
2340,1786992,edge,0,0.4500,0,1693
2341,1788344,edge,1,0.4500,0,1694
2342,1788746,edge,0,0.4500,0,1695
2343,1790098,edge,0,0.4400,0,1696
2344,1791391,edge,1,0.4400,0,1697
2345,1792743,edge,0,0.4400,0,1698
2346,1794095,edge,1,0.4500,0,1699
2347,1795319,edge,1,0.4600,0,1700
2348,1796671,edge,0,0.4600,0,1701
2349,1796859,edge,0,0.4500,0,1702
2350,1798211,edge,1,0.4600,0,1703
2351,1799563,edge,0,0.4600,0,1704
2352,1800915,edge,0,0.4600,0,1705
2353,1802267,edge,1,0.4700,0,1706
2354,1803619,edge,1,0.4800,0,1707
2355,1804386,edge,1,0.4800,0,1708
2356,1805738,edge,0,0.4800,0,1709
2357,1806751,edge,0,0.4700,0,1710
2358,1807150,edge,1,0.4700,0,1711
2359,1808301,edge,1,0.4800,0,1712
2360,1809653,edge,1,0.4800,0,1713
2361,1809880,edge,1,0.4900,0,1714
2362,1810630,edge,1,0.5000,0,1715
2363,1811982,edge,1,0.5000,0,1716
2364,1812951,edge,1,0.5000,0,1717
2365,1814303,edge,1,0.5100,0,1718
2366,1814640,edge,1,0.5200,0,1719
2367,1814869,edge,1,0.5200,0,1720
2368,1816221,edge,0,0.5100,0,1721
2369,1816969,edge,1,0.5100,0,1722
2370,1817602,edge,1,0.5200,0,1723
2371,1818497,edge,0,0.5100,0,1724
2372,1819459,edge,1,0.5200,0,1725
2373,1820811,edge,0,0.5200,0,1726
2374,1821594,edge,1,0.5200,0,1727
2375,1821820,edge,1,0.5300,0,1728
2376,1821990,edge,0,0.5200,0,1729
2377,1822788,edge,1,0.5200,0,1730
2378,1824140,edge,0,0.5200,0,1731
2379,1825492,edge,1,0.5200,0,1732
2380,1826844,edge,1,0.5200,0,1733
2381,1828196,edge,0,0.5200,0,1734
2382,1829112,edge,1,0.5300,0,1735
2383,1830037,edge,0,0.5200,0,1736
2384,1831115,edge,0,0.5200,0,1737
2385,1831526,edge,1,0.5300,0,1738
2386,1831735,edge,1,0.5400,0,1739
2387,1833087,edge,0,0.5400,0,1740
2388,1833256,edge,0,0.5400,0,1741
2389,1833771,edge,1,0.5500,0,1742
2390,1835123,edge,0,0.5500,0,1743
2391,1835319,edge,1,0.5600,0,1744
2392,1836671,edge,1,0.5600,0,1745
2393,1838023,edge,0,0.5500,0,1746
2394,1839326,edge,0,0.5400,0,1747
2395,1839762,edge,1,0.5500,0,1748
2396,1841114,edge,0,0.5500,0,1749
2397,1841916,edge,1,0.5600,0,1750
2398,1842112,edge,1,0.5700,0,1751
2399,1843464,edge,0,0.5600,0,1752
2400,1844479,edge,1,0.5600,0,1753
2401,1844692,edge,1,0.5700,0,1754
2402,1846044,edge,0,0.5600,0,1755
2403,1846206,edge,1,0.5600,0,1756
2404,1847558,edge,0,0.5600,0,1757
2405,1848910,edge,0,0.5500,0,1758
2406,1850262,edge,0,0.5400,0,1759
2407,1851614,edge,1,0.5500,0,1760
2408,1852037,edge,1,0.5500,0,1761
2409,1853389,edge,0,0.5500,0,1762
2410,1854741,edge,0,0.5400,0,1763
2411,1855367,edge,1,0.5500,0,1764
2412,1856719,edge,0,0.5400,0,1765
2413,1858071,edge,0,0.5400,0,1766
2414,1858863,edge,0,0.5400,0,1767
2415,1860031,edge,1,0.5500,0,1768
2416,1860733,edge,1,0.5600,0,1769
2417,1861120,edge,1,0.5700,0,1770
2418,1862472,edge,1,0.5700,0,1771
2419,1863824,edge,1,0.5800,0,1772
2420,1865176,edge,0,0.5700,0,1773
2421,1866528,edge,0,0.5600,0,1774
2422,1867880,edge,0,0.5500,0,1775
2423,1868787,edge,1,0.5500,0,1776
2424,1869211,edge,1,0.5600,0,1777
2425,1870563,edge,1,0.5700,0,1778
2426,1871915,edge,1,0.5800,0,1779
2427,1872527,edge,1,0.5800,0,1780
2428,1873879,edge,0,0.5800,0,1781
2429,1874081,edge,1,0.5900,0,1782
2430,1875433,edge,0,0.5900,0,1783
2431,1875639,edge,1,0.5900,0,1784
2432,1876252,edge,1,0.5900,0,1785
2433,1877438,edge,1,0.5900,0,1786
2434,1878220,edge,1,0.5900,0,1787
2435,1879177,edge,1,0.6000,0,1788
2436,1879362,edge,1,0.6000,0,1789
2437,1880147,edge,0,0.6000,0,1790
2438,1881386,edge,0,0.5900,0,1791
2439,1881798,edge,1,0.5900,0,1792
2440,1882394,edge,1,0.6000,0,1793
2441,1883699,edge,1,0.6000,0,1794
2442,1885051,edge,0,0.6000,0,1795
2443,1885261,edge,1,0.6100,0,1796
2444,1885630,edge,0,0.6000,0,1797
2445,1886982,edge,0,0.6000,0,1798
2446,1887760,edge,1,0.6000,0,1799
2447,1889112,edge,1,0.6000,0,1800
2448,1890464,edge,0,0.6000,0,1801
2449,1891816,edge,0,0.6000,0,1802
2450,1893168,edge,1,0.6000,0,1803
2451,1893905,edge,0,0.6000,0,1804
2452,1895257,edge,1,0.6100,0,1805
2453,1895471,edge,1,0.6100,0,1806
2454,1896732,edge,1,0.6100,0,1807
2455,1898084,edge,1,0.6100,0,1808
2456,1899436,edge,0,0.6100,0,1809
2457,1900788,edge,0,0.6100,0,1810
2458,1902011,edge,1,0.6100,0,1811
2459,1903363,edge,0,0.6000,0,1812
2460,1904715,edge,0,0.5900,0,1813
2461,1905706,edge,1,0.5900,0,1814
2462,1907058,edge,0,0.5800,0,1815
2463,1907262,edge,1,0.5800,0,1816
2464,1908118,edge,1,0.5800,0,1817
2465,1908886,edge,1,0.5800,0,1818
2466,1910238,edge,0,0.5700,0,1819
2467,1910770,edge,1,0.5700,0,1820
2468,1911584,edge,1,0.5800,0,1821
2469,1912936,edge,0,0.5700,0,1822
2470,1914288,edge,1,0.5700,0,1823
2471,1915346,edge,0,0.5700,0,1824
2472,1916698,edge,0,0.5600,0,1825
2473,1916893,edge,1,0.5700,0,1826
2474,1917124,edge,1,0.5700,0,1827
2475,1918476,edge,1,0.5700,0,1828
2476,1918862,edge,1,0.5800,0,1829
2477,1920214,edge,0,0.5700,0,1830
2478,1921566,edge,0,0.5700,0,1831
2479,1922424,edge,1,0.5700,0,1832
2480,1922826,edge,1,0.5700,0,1833
2481,1924178,edge,0,0.5700,0,1834
2482,1924347,edge,0,0.5600,0,1835
2483,1924564,edge,1,0.5700,0,1836
2484,1925916,edge,1,0.5800,0,1837
2485,1926535,edge,1,0.5800,0,1838
2486,1926781,edge,1,0.5800,0,1839
2487,1928104,edge,1,0.5900,0,1840
2488,1929456,edge,0,0.5900,0,1841
2489,1930436,edge,0,0.5800,0,1842
2490,1931788,edge,0,0.5800,0,1843
2491,1932001,edge,1,0.5800,0,1844
2492,1933353,edge,1,0.5800,0,1845
2493,1934107,edge,1,0.5900,0,1846
2494,1934807,edge,0,0.5900,0,1847
2495,1934998,edge,0,0.5800,0,1848
2496,1936350,edge,0,0.5800,0,1849
2497,1937539,edge,1,0.5800,0,1850
2498,1937772,edge,1,0.5800,0,1851
2499,1938398,edge,1,0.5900,0,1852
2500,1939750,edge,1,0.5900,0,1853
2501,1941102,edge,0,0.5800,0,1854
2502,1942454,edge,0,0.5800,0,1855
2503,1943806,edge,0,0.5700,0,1856
2504,1945158,edge,0,0.5700,0,1857
2505,1945532,edge,1,0.5800,0,1858
2506,1946519,edge,1,0.5900,0,1859
2507,1947088,edge,1,0.5900,0,1860
2508,1947316,edge,1,0.5900,0,1861
2509,1947689,edge,1,0.6000,0,1862
2510,1949041,edge,0,0.6000,0,1863
2511,1949683,edge,1,0.6000,0,1864
2512,1950040,edge,0,0.6000,0,1865
2513,1951392,edge,1,0.6100,0,1866
2514,1952634,edge,1,0.6200,0,1867
2515,1953986,edge,0,0.6100,0,1868
2516,1955338,edge,0,0.6000,0,1869
2517,1955873,edge,0,0.5900,0,1870
2518,1956303,edge,1,0.5900,0,1871
2519,1957655,edge,0,0.5800,0,1872
2520,1957857,edge,1,0.5900,0,1873
2521,1959209,edge,0,0.5900,0,1874
2522,1960133,edge,1,0.6000,0,1875
2523,1960485,edge,0,0.5900,0,1876
2524,1960926,edge,1,0.5900,0,1877
2525,1962117,edge,1,0.5900,0,1878
2526,1962428,edge,1,0.5900,0,1879
2527,1962806,edge,1,0.5900,0,1880
2528,1963628,edge,1,0.6000,0,1881
2529,1963754,edge,0,0.5900,0,1882
2530,1963953,edge,1,0.6000,0,1883
2531,1964682,edge,1,0.6000,0,1884
2532,1965081,edge,1,0.6000,0,1885
2533,1965252,edge,0,0.5900,0,1886
2534,1965477,edge,1,0.5900,0,1887
2535,1965650,edge,1,0.5900,0,1888
2536,1965828,edge,1,0.5900,0,1889
2537,1966043,edge,1,0.6000,0,1890
2538,1966644,edge,1,0.6100,0,1891
2539,1966837,edge,1,0.6100,0,1892
2540,1968189,edge,0,0.6000,0,1893
2541,1968860,edge,0,0.5900,0,1894
2542,1969653,edge,1,0.6000,0,1895
2543,1971005,edge,0,0.5900,0,1896
2544,1972357,edge,1,0.6000,0,1897
2545,1972903,edge,1,0.6100,0,1898
2546,1973121,edge,1,0.6100,0,1899
2547,1973851,edge,1,0.6100,0,1900
2548,1974770,edge,1,0.6200,0,1901
2549,1975523,edge,0,0.6200,0,1902
2550,1975731,edge,1,0.6200,0,1903
2551,1975929,edge,1,0.6300,0,1904
2552,1976348,edge,0,0.6200,0,1905
2553,1977347,edge,1,0.6200,0,1906
2554,1977713,edge,1,0.6200,0,1907
2555,1978265,edge,1,0.6200,0,1908
2556,1978669,edge,1,0.6300,0,1909
2557,1979911,edge,1,0.6400,0,1910
2558,1980112,edge,1,0.6400,0,1911
2559,1980324,edge,1,0.6500,0,1912
2560,1980895,edge,1,0.6600,0,1913
2561,1981524,edge,1,0.6600,0,1914
2562,1982118,edge,1,0.6700,0,1915
2563,1983102,edge,1,0.6700,0,1916
2564,1983896,edge,1,0.6700,0,1917
2565,1984488,edge,1,0.6700,0,1918
2566,1984881,edge,1,0.6800,0,1919
2567,1985409,edge,0,0.6700,0,1920
2568,1985990,edge,1,0.6700,0,1921
2569,1986783,edge,1,0.6800,0,1922
2570,1986984,edge,1,0.6800,0,1923
2571,1987137,edge,1,0.6900,0,1924
2572,1988218,edge,1,0.7000,0,1925
2573,1988584,edge,1,0.7000,0,1926
2574,1989669,edge,1,0.7000,0,1927
2575,1990078,edge,1,0.7000,0,1928
2576,1990292,edge,1,0.7000,0,1929
2577,1990583,edge,1,0.7100,0,1930
2578,1991290,edge,1,0.7200,0,1931
2579,1991871,edge,1,0.7200,0,1932
2580,1992232,edge,1,0.7200,0,1933
2581,1992823,edge,1,0.7300,0,1934
2582,1993045,edge,1,0.7400,0,1935
2583,1993643,edge,1,0.7400,0,1936
2584,1994006,edge,1,0.7400,0,1937
2585,1994210,edge,1,0.7400,0,1938
2586,1994733,edge,1,0.7400,0,1939
2587,1994990,edge,1,0.7400,0,1940
2588,1996137,edge,1,0.7500,0,1941
2589,1996745,edge,1,0.7600,0,1942
2590,1997284,edge,0,0.7600,0,1943
2591,1997529,edge,1,0.7600,0,1944
2592,1998297,edge,1,0.7600,0,1945
2593,1998490,edge,1,0.7600,0,1946
2594,1999248,edge,1,0.7700,0,1947
2595,2000187,edge,1,0.7800,0,1948
2596,2000830,edge,1,0.7900,0,1949
2597,2001021,edge,1,0.7900,0,1950
2598,2001552,edge,1,0.7900,0,1951
2599,2002869,edge,1,0.7900,0,1952
2600,2003089,edge,1,0.7900,0,1953
2601,2003286,edge,1,0.8000,0,1954
2602,2004033,edge,1,0.8100,0,1955
2603,2004239,edge,0,0.8100,0,1956
2604,2004460,edge,1,0.8200,0,1957
2605,2004827,edge,0,0.8100,0,1958
2606,2004992,edge,1,0.8100,0,1959
2607,2005928,edge,1,0.8100,0,1960
2608,2007280,edge,1,0.8100,0,1961
2609,2008632,edge,0,0.8000,0,1962
2610,2009093,edge,0,0.8000,0,1963
2611,2009984,edge,0,0.7900,0,1964
2612,2010183,edge,1,0.8000,0,1965
2613,2010543,edge,1,0.8000,0,1966
2614,2010775,edge,1,0.8000,0,1967
2615,2010991,edge,1,0.8100,0,1968
2616,2011203,edge,1,0.8200,0,1969
2617,2012145,edge,0,0.8200,0,1970
2618,2012523,edge,1,0.8200,0,1971
2619,2012934,edge,1,0.8300,0,1972
2620,2013829,edge,1,0.8300,0,1973
2621,2013944,edge,0,0.8300,0,1974
2622,2014476,edge,1,0.8300,0,1975
2623,2014706,edge,1,0.8400,0,1976
2624,2016058,edge,0,0.8300,0,1977
2625,2017410,edge,1,0.8300,0,1978
2626,2017788,edge,1,0.8300,0,1979
2627,2018361,edge,1,0.8300,0,1980
2628,2018739,edge,1,0.8300,0,1981
2629,2019820,edge,1,0.8400,0,1982
2630,2020230,edge,1,0.8400,0,1983
2631,2021084,edge,1,0.8400,0,1984
2632,2022436,edge,0,0.8300,0,1985
2633,2023174,edge,1,0.8400,0,1986
2634,2023349,edge,1,0.8400,0,1987
2635,2023753,edge,1,0.8400,0,1988
2636,2024491,edge,1,0.8400,0,1989
2637,2024713,edge,1,0.8400,0,1990
2638,2024930,edge,1,0.8400,0,1991
2639,2025483,edge,1,0.8400,0,1992
2640,2025703,edge,1,0.8500,0,1993
2641,2025963,edge,1,0.8600,0,1994
2642,2026171,edge,0,0.8500,0,1995
2643,2026479,edge,1,0.8600,0,1996
2644,2026912,edge,1,0.8600,0,1997
2645,2027893,edge,1,0.8600,0,1998
2646,2028456,edge,1,0.8600,0,1999
2647,2028887,edge,1,0.8600,0,2000
2648,2030239,edge,1,0.8600,0,2001
2649,2031284,edge,1,0.8700,0,2002
2650,2031653,edge,1,0.8700,0,2003
2651,2032293,edge,0,0.8600,0,2004
2652,2032659,edge,1,0.8700,0,2005
2653,2033008,edge,1,0.8700,0,2006
2654,2034150,edge,1,0.8700,0,2007
2655,2034341,edge,1,0.8700,0,2008
2656,2034558,edge,1,0.8700,0,2009
2657,2034741,edge,1,0.8700,0,2010
2658,2035108,edge,1,0.8700,0,2011
2659,2035702,edge,1,0.8700,0,2012
2660,2035883,edge,1,0.8700,0,2013
2661,2036421,edge,1,0.8700,0,2014
2662,2036773,edge,1,0.8700,0,2015
2663,2036961,edge,1,0.8700,0,2016
2664,2037164,edge,1,0.8700,0,2017
2665,2038074,edge,1,0.8700,0,2018
2666,2038281,edge,1,0.8700,0,2019
2667,2039235,edge,1,0.8800,0,2020
2668,2039631,edge,1,0.8800,0,2021
2669,2039875,edge,1,0.8800,0,2022
2670,2040218,edge,0,0.8700,0,2023
2671,2040767,edge,1,0.8700,0,2024
2672,2040986,edge,1,0.8700,0,2025
2673,2041286,edge,1,0.8700,0,2026
2674,2041821,edge,1,0.8700,0,2027
2675,2042024,edge,1,0.8700,0,2028
2676,2042228,edge,1,0.8700,0,2029
2677,2042400,edge,1,0.8700,0,2030
2678,2042613,edge,1,0.8700,0,2031
2679,2042852,edge,1,0.8700,0,2032
2680,2043061,edge,1,0.8700,0,2033
2681,2043234,edge,0,0.8600,0,2034
2682,2044390,edge,1,0.8600,0,2035
2683,2044860,edge,1,0.8600,0,2036
2684,2046212,edge,0,0.8500,0,2037
2685,2046413,edge,1,0.8500,0,2038
2686,2046633,edge,1,0.8500,0,2039
2687,2046849,edge,1,0.8500,0,2040
2688,2046991,edge,0,0.8400,0,2041
2689,2047210,edge,1,0.8400,0,2042
2690,2048190,edge,1,0.8500,0,2043
2691,2048556,edge,1,0.8500,0,2044
2692,2049017,edge,1,0.8500,0,2045
2693,2050369,edge,0,0.8400,0,2046
2694,2050777,edge,1,0.8400,0,2047
2695,2051394,edge,1,0.8400,0,2048
2696,2051598,edge,1,0.8400,0,2049
2697,2051877,edge,1,0.8400,0,2050
2698,2052438,edge,1,0.8400,0,2051
2699,2052658,edge,1,0.8400,0,2052
2700,2052855,edge,1,0.8400,0,2053
2701,2053043,edge,1,0.8400,0,2054
2702,2053372,edge,1,0.8400,0,2055
2703,2053571,edge,1,0.8500,0,2056
2704,2053726,edge,1,0.8500,0,2057
2705,2053904,edge,1,0.8600,0,2058
2706,2054070,edge,1,0.8600,0,2059
2707,2054502,edge,1,0.8600,0,2060
2708,2054717,edge,1,0.8600,0,2061
2709,2054946,edge,1,0.8700,0,2062
2710,2055907,edge,1,0.8800,0,2063
2711,2056290,edge,1,0.8900,0,2064
2712,2056472,edge,1,0.8900,0,2065
2713,2057396,edge,1,0.8900,0,2066
2714,2058674,edge,1,0.8900,0,2067
2715,2059270,edge,1,0.8900,0,2068
2716,2059458,edge,1,0.8900,0,2069
2717,2059817,edge,1,0.9000,0,2070
2718,2059984,edge,1,0.9000,0,2071
2719,2060179,edge,1,0.9000,0,2072
2720,2060417,edge,1,0.9000,0,2073
2721,2060654,edge,1,0.9100,0,2074
2722,2061290,edge,1,0.9100,0,2075
2723,2061485,edge,1,0.9100,0,2076
2724,2062066,edge,1,0.9200,0,2077
2725,2062237,edge,1,0.9200,0,2078
2726,2062946,edge,1,0.9200,0,2079
2727,2063832,edge,1,0.9200,0,2080
2728,2064030,edge,1,0.9200,0,2081
2729,2064552,edge,1,0.9200,0,2082
2730,2064764,edge,1,0.9200,0,2083
2731,2064974,edge,1,0.9200,0,2084
2732,2065460,edge,1,0.9300,0,2085
2733,2066181,edge,1,0.9300,0,2086
2734,2066399,edge,1,0.9300,0,2087
2735,2066654,edge,1,0.9300,0,2088
2736,2067082,edge,1,0.9300,0,2089
2737,2067644,edge,1,0.9300,0,2090
2738,2067822,edge,1,0.9300,0,2091
2739,2068346,edge,1,0.9300,0,2092
2740,2068849,edge,1,0.9300,0,2093
2741,2069027,edge,1,0.9300,0,2094
2742,2069389,edge,1,0.9400,0,2095
2743,2069824,edge,1,0.9400,0,2096
2744,2071037,edge,1,0.9400,0,2097
2745,2071238,edge,1,0.9400,0,2098
2746,2071644,edge,1,0.9400,0,2099
2747,2071868,edge,1,0.9400,0,2100
2748,2071995,edge,1,0.9400,0,2101
2749,2072187,edge,1,0.9400,0,2102
2750,2072394,edge,1,0.9400,0,2103
2751,2072590,edge,1,0.9500,0,2104
2752,2072801,edge,1,0.9500,0,2105
2753,2073092,edge,1,0.9500,0,2106
2754,2073502,edge,1,0.9500,0,2107
2755,2074558,edge,1,0.9500,0,2108
2756,2074797,edge,1,0.9500,0,2109
2757,2075013,edge,1,0.9500,0,2110
2758,2075204,edge,1,0.9500,0,2111
2759,2075409,edge,1,0.9500,0,2112
2760,2075624,edge,1,0.9500,0,2113
2761,2076745,edge,1,0.9500,0,2114
2762,2077147,edge,1,0.9500,0,2115
2763,2077740,edge,1,0.9500,0,2116
2764,2077922,edge,1,0.9500,0,2117
2765,2078119,edge,1,0.9500,0,2118
2766,2078317,edge,1,0.9500,0,2119
2767,2079051,edge,1,0.9500,0,2120
2768,2079220,edge,0,0.9400,0,2121
2769,2079350,edge,0,0.9300,0,2122
2770,2079514,edge,1,0.9400,0,2123
2771,2079875,edge,1,0.9400,0,2124
2772,2080407,edge,1,0.9400,0,2125
2773,2080626,edge,1,0.9400,0,2126
2774,2080815,edge,1,0.9400,0,2127
2775,2081291,edge,1,0.9400,0,2128
2776,2082196,edge,1,0.9400,0,2129
2777,2082403,edge,1,0.9400,0,2130
2778,2083755,edge,0,0.9300,0,2131
2779,2083955,edge,1,0.9300,0,2132
2780,2084771,edge,0,0.9200,0,2133
2781,2084872,edge,0,0.9200,0,2134
2782,2085071,edge,1,0.9200,0,2135
2783,2086304,edge,1,0.9200,0,2136
2784,2086512,edge,1,0.9300,0,2137
2785,2086708,edge,1,0.9300,0,2138
2786,2086910,edge,1,0.9300,0,2139
2787,2087128,edge,1,0.9300,0,2140
2788,2088061,edge,1,0.9400,0,2141
2789,2088305,edge,1,0.9400,0,2142
2790,2088531,edge,1,0.9400,0,2143
2791,2088720,edge,1,0.9400,0,2144
2792,2089877,edge,0,0.9300,0,2145
2793,2090052,edge,1,0.9400,0,2146
2794,2090754,edge,1,0.9400,0,2147
2795,2091055,edge,0,0.9300,0,2148
2796,2091509,edge,1,0.9300,0,2149
2797,2091704,edge,1,0.9300,0,2150
2798,2092062,edge,0,0.9200,0,2151
2799,2092664,edge,1,0.9200,0,2152
2800,2093036,edge,1,0.9200,0,2153
2801,2093360,edge,0,0.9100,0,2154
2802,2093952,edge,1,0.9100,0,2155
2803,2095241,edge,1,0.9100,0,2156
2804,2095378,edge,0,0.9000,0,2157
2805,2095951,edge,1,0.9000,0,2158
2806,2096638,edge,1,0.9000,0,2159
2807,2096836,edge,1,0.9000,0,2160
2808,2097047,edge,1,0.9000,0,2161
2809,2097289,edge,1,0.9000,0,2162
2810,2097555,edge,1,0.9000,0,2163
2811,2097745,edge,1,0.9000,0,2164
2812,2099075,edge,1,0.9000,0,2165
2813,2100072,edge,1,0.9000,0,2166
2814,2100616,edge,1,0.9000,0,2167
2815,2100737,edge,1,0.9000,0,2168
2816,2100921,edge,1,0.9000,0,2169
2817,2101290,edge,1,0.9000,0,2170
2818,2101492,edge,1,0.9000,0,2171
2819,2102247,edge,1,0.9000,0,2172
2820,2102371,edge,0,0.8900,0,2173
2821,2102482,edge,0,0.8800,0,2174
2822,2102701,edge,1,0.8800,0,2175
2823,2102904,edge,1,0.8800,0,2176
2824,2103997,edge,1,0.8800,0,2177
2825,2104181,edge,1,0.8800,0,2178
2826,2104403,edge,1,0.8800,0,2179
2827,2105046,edge,1,0.8800,0,2180
2828,2105269,edge,1,0.8800,0,2181
2829,2105505,edge,1,0.8800,0,2182
2830,2105731,edge,1,0.8800,0,2183
2831,2105846,edge,0,0.8700,0,2184
2832,2106075,edge,1,0.8700,0,2185
2833,2106322,edge,1,0.8700,0,2186
2834,2106957,edge,0,0.8600,0,2187
2835,2107308,edge,1,0.8600,0,2188
2836,2107615,edge,1,0.8600,0,2189
2837,2107826,edge,1,0.8600,0,2190
2838,2107988,edge,1,0.8600,0,2191
2839,2108163,edge,1,0.8600,0,2192
2840,2108339,edge,1,0.8600,0,2193
2841,2108892,edge,1,0.8600,0,2194
2842,2109253,edge,1,0.8600,0,2195
2843,2109605,edge,1,0.8600,0,2196
2844,2109963,edge,1,0.8600,0,2197
2845,2110153,edge,1,0.8600,0,2198
2846,2110342,edge,1,0.8600,0,2199
2847,2110716,edge,1,0.8600,0,2200
2848,2110849,edge,0,0.8500,0,2201
2849,2111328,edge,1,0.8500,0,2202
2850,2111968,edge,1,0.8500,0,2203
2851,2112362,edge,1,0.8500,0,2204
2852,2112744,edge,1,0.8500,0,2205
2853,2113697,edge,1,0.8500,0,2206
2854,2113954,edge,1,0.8500,0,2207
2855,2114129,edge,1,0.8500,0,2208
2856,2114236,edge,0,0.8400,0,2209
2857,2114477,edge,1,0.8400,0,2210
2858,2115045,edge,1,0.8400,0,2211
2859,2115370,edge,1,0.8400,0,2212
2860,2115585,edge,1,0.8400,0,2213
2861,2115784,edge,1,0.8400,0,2214
2862,2115938,edge,1,0.8400,0,2215
2863,2116351,edge,1,0.8400,0,2216
2864,2116747,edge,1,0.8400,0,2217
2865,2117184,edge,1,0.8400,0,2218
2866,2117361,edge,1,0.8400,0,2219
2867,2117561,edge,1,0.8400,0,2220
2868,2117679,edge,0,0.8400,0,2221
2869,2119031,edge,0,0.8400,0,2222
2870,2119226,edge,1,0.8400,0,2223
2871,2119897,edge,1,0.8400,0,2224
2872,2120695,edge,1,0.8400,0,2225
2873,2121876,edge,1,0.8400,0,2226
2874,2122623,edge,1,0.8400,0,2227
2875,2123155,edge,1,0.8400,0,2228
2876,2123742,edge,1,0.8400,0,2229
2877,2123974,edge,1,0.8400,0,2230
2878,2124139,edge,1,0.8500,0,2231
2879,2124335,edge,1,0.8500,0,2232
2880,2124610,edge,0,0.8500,0,2233
2881,2124836,edge,1,0.8600,0,2234
2882,2124986,edge,0,0.8500,0,2235
2883,2125442,edge,0,0.8400,0,2236
2884,2125800,edge,1,0.8400,0,2237
2885,2125996,edge,1,0.8400,0,2238
2886,2126288,edge,0,0.8300,0,2239
2887,2126512,edge,1,0.8300,0,2240
2888,2126710,edge,1,0.8300,0,2241
2889,2126889,edge,1,0.8300,0,2242
2890,2127036,edge,1,0.8300,0,2243
2891,2127418,edge,1,0.8300,0,2244
2892,2127856,edge,1,0.8400,0,2245
2893,2128145,edge,1,0.8400,0,2246
2894,2128482,edge,1,0.8400,0,2247
2895,2129280,edge,0,0.8400,0,2248
2896,2129390,edge,0,0.8300,0,2249
2897,2129895,edge,1,0.8300,0,2250
2898,2130228,edge,1,0.8400,0,2251
2899,2130451,edge,1,0.8400,0,2252
2900,2130594,edge,1,0.8400,0,2253
2901,2131488,edge,1,0.8500,0,2254
2902,2131596,edge,0,0.8400,0,2255
2903,2131706,edge,0,0.8300,0,2256
2904,2132088,edge,1,0.8400,0,2257
2905,2132654,edge,1,0.8400,0,2258
2906,2133013,edge,1,0.8400,0,2259
2907,2133148,edge,0,0.8300,0,2260
2908,2133324,edge,1,0.8300,0,2261
2909,2133548,edge,1,0.8300,0,2262
2910,2133840,edge,0,0.8200,0,2263
2911,2134010,edge,1,0.8200,0,2264
2912,2134375,edge,1,0.8200,0,2265
2913,2134748,edge,1,0.8200,0,2266
2914,2135112,edge,1,0.8200,0,2267
2915,2135251,edge,0,0.8100,0,2268
2916,2135807,edge,1,0.8100,0,2269
2917,2136339,edge,1,0.8100,0,2270
2918,2136817,edge,1,0.8100,0,2271
2919,2137222,edge,1,0.8100,0,2272
2920,2137598,edge,1,0.8200,0,2273
2921,2138763,edge,1,0.8300,0,2274
2922,2138976,edge,1,0.8300,0,2275
2923,2139761,edge,1,0.8300,0,2276
2924,2139868,edge,0,0.8200,0,2277
2925,2140234,edge,1,0.8200,0,2278
2926,2140433,edge,1,0.8200,0,2279
2927,2141121,edge,1,0.8200,0,2280
2928,2141689,edge,1,0.8200,0,2281
2929,2141885,edge,1,0.8200,0,2282
2930,2142400,edge,1,0.8200,0,2283
2931,2142637,edge,1,0.8300,0,2284
2932,2142881,edge,1,0.8300,0,2285
2933,2143946,edge,1,0.8300,0,2286
2934,2144827,edge,0,0.8300,0,2287
2935,2144923,edge,0,0.8200,0,2288
2936,2145506,edge,1,0.8200,0,2289
2937,2146046,edge,1,0.8200,0,2290
2938,2146278,edge,0,0.8100,0,2291
2939,2146422,edge,1,0.8100,0,2292
2940,2146856,edge,1,0.8100,0,2293
2941,2146970,edge,0,0.8000,0,2294
2942,2147264,edge,1,0.8000,0,2295
2943,2147446,edge,1,0.8000,0,2296
2944,2147553,edge,0,0.7900,0,2297
2945,2147720,edge,1,0.7900,0,2298
2946,2148051,edge,1,0.7900,0,2299
2947,2148325,edge,1,0.7900,0,2300
2948,2148543,edge,1,0.8000,0,2301
2949,2148890,edge,1,0.8000,0,2302
2950,2149581,edge,0,0.7900,0,2303
2951,2149828,edge,1,0.7900,0,2304
2952,2150211,edge,1,0.7900,0,2305
2953,2150488,edge,0,0.7800,0,2306
2954,2150782,edge,0,0.7700,0,2307
2955,2151575,edge,1,0.7700,0,2308
2956,2152174,edge,1,0.7800,0,2309
2957,2152390,edge,1,0.7800,0,2310
2958,2152565,edge,1,0.7800,0,2311
2959,2153072,edge,1,0.7800,0,2312
2960,2153256,edge,1,0.7800,0,2313
2961,2153440,edge,1,0.7800,0,2314
2962,2153636,edge,1,0.7800,0,2315
2963,2154549,edge,1,0.7800,0,2316
2964,2154922,edge,1,0.7800,0,2317
2965,2155119,edge,1,0.7800,0,2318
2966,2155842,edge,1,0.7800,0,2319
2967,2156734,edge,1,0.7800,0,2320
2968,2157121,edge,1,0.7900,0,2321
2969,2157400,edge,0,0.7900,0,2322
2970,2158352,edge,1,0.7900,0,2323
2971,2158874,edge,1,0.7900,0,2324
2972,2158993,edge,0,0.7800,0,2325
2973,2159316,edge,1,0.7800,0,2326
2974,2159978,edge,0,0.7700,0,2327
2975,2160134,edge,0,0.7600,0,2328
2976,2160841,edge,1,0.7600,0,2329
2977,2160982,edge,0,0.7500,0,2330
2978,2161114,edge,0,0.7400,0,2331
2979,2161236,edge,0,0.7300,0,2332
2980,2161345,edge,0,0.7300,0,2333
2981,2161637,edge,1,0.7300,0,2334
2982,2161776,edge,0,0.7300,0,2335
2983,2161997,edge,1,0.7400,0,2336
2984,2162114,edge,0,0.7300,0,2337
2985,2162543,edge,0,0.7200,0,2338
2986,2162656,edge,0,0.7200,0,2339
2987,2162830,edge,0,0.7100,0,2340
2988,2162942,edge,0,0.7000,0,2341
2989,2163320,edge,1,0.7000,0,2342
2990,2163431,edge,0,0.6900,0,2343
2991,2163692,edge,1,0.6900,0,2344
2992,2163994,edge,0,0.6800,0,2345
2993,2164504,edge,1,0.6800,0,2346
2994,2164888,edge,1,0.6800,0,2347
2995,2165419,edge,1,0.6900,0,2348
2996,2165640,edge,1,0.7000,0,2349
2997,2165961,edge,1,0.7000,0,2350
2998,2166314,edge,1,0.7000,0,2351
2999,2167111,edge,0,0.6900,0,2352
3000,2167501,edge,1,0.6900,0,2353
3001,2167628,edge,0,0.6800,0,2354
3002,2168171,edge,1,0.6900,0,2355
3003,2168908,edge,1,0.7000,0,2356
3004,2169017,edge,0,0.6900,0,2357
3005,2170236,edge,1,0.6900,0,2358
3006,2171562,edge,0,0.6800,0,2359
3007,2171758,edge,1,0.6900,0,2360
3008,2171961,edge,1,0.6900,0,2361
3009,2172163,edge,1,0.6900,0,2362
3010,2172532,edge,1,0.7000,0,2363
3011,2173884,edge,0,0.6900,0,2364
3012,2175236,edge,0,0.6800,0,2365
3013,2175843,edge,1,0.6800,0,2366
3014,2176730,edge,1,0.6800,0,2367
3015,2176856,edge,0,0.6800,0,2368
3016,2176965,edge,0,0.6700,0,2369
3017,2177300,edge,1,0.6700,0,2370
3018,2178481,edge,0,0.6600,0,2371
3019,2178885,edge,1,0.6600,0,2372
3020,2179269,edge,1,0.6600,0,2373
3021,2180017,edge,1,0.6600,0,2374
3022,2180884,edge,1,0.6600,0,2375
3023,2181073,edge,1,0.6600,0,2376
3024,2181268,edge,1,0.6700,0,2377
3025,2181592,edge,1,0.6700,0,2378
3026,2181998,edge,1,0.6700,0,2379
3027,2182194,edge,1,0.6700,0,2380
3028,2182766,edge,1,0.6700,0,2381
3029,2182968,edge,1,0.6700,0,2382
3030,2183199,edge,1,0.6700,0,2383
3031,2183512,edge,1,0.6700,0,2384
3032,2184375,edge,1,0.6700,0,2385
3033,2184504,edge,1,0.6700,0,2386
3034,2184677,edge,0,0.6700,0,2387
3035,2185388,edge,1,0.6800,0,2388
3036,2185577,edge,1,0.6800,0,2389
3037,2185798,edge,1,0.6800,0,2390
3038,2185969,edge,1,0.6900,0,2391
3039,2186191,edge,1,0.6900,0,2392
3040,2187085,edge,1,0.6900,0,2393
3041,2187840,edge,1,0.7000,0,2394
3042,2188044,edge,1,0.7000,0,2395
3043,2189396,edge,1,0.7000,0,2396
3044,2189608,edge,1,0.7100,0,2397
3045,2189722,edge,0,0.7000,0,2398
3046,2189956,edge,1,0.7000,0,2399
3047,2190435,edge,1,0.7000,0,2400
3048,2190636,edge,1,0.7000,0,2401
3049,2190922,edge,0,0.6900,0,2402
3050,2191892,edge,1,0.7000,0,2403
3051,2192268,edge,1,0.7000,0,2404
3052,2192635,edge,1,0.7000,0,2405
3053,2192792,edge,1,0.7100,0,2406
3054,2194144,edge,0,0.7100,0,2407
3055,2194339,edge,1,0.7100,0,2408
3056,2195224,edge,1,0.7100,0,2409
3057,2195640,edge,1,0.7100,0,2410
3058,2195810,edge,1,0.7100,0,2411
3059,2196065,edge,1,0.7100,0,2412
3060,2196610,edge,1,0.7100,0,2413
3061,2196888,edge,0,0.7000,0,2414
3062,2197260,edge,1,0.7000,0,2415
3063,2197430,edge,0,0.6900,0,2416
3064,2197973,edge,1,0.6900,0,2417
3065,2198339,edge,1,0.6900,0,2418
3066,2198834,edge,0,0.6800,0,2419
3067,2198990,edge,1,0.6800,0,2420
3068,2199270,edge,0,0.6700,0,2421
3069,2199550,edge,1,0.6800,0,2422
3070,2200034,edge,0,0.6700,0,2423
3071,2200194,edge,1,0.6700,0,2424
3072,2200603,edge,1,0.6800,0,2425
3073,2201806,edge,1,0.6800,0,2426
3074,2201992,edge,1,0.6900,0,2427
3075,2202341,edge,0,0.6900,0,2428
3076,2202509,edge,1,0.6900,0,2429
3077,2203553,edge,0,0.6900,0,2430
3078,2203712,edge,1,0.7000,0,2431
3079,2204245,edge,1,0.7100,0,2432
3080,2204882,edge,0,0.7100,0,2433
3081,2205217,edge,1,0.7100,0,2434
3082,2205514,edge,0,0.7100,0,2435
3083,2205863,edge,1,0.7100,0,2436
3084,2206201,edge,1,0.7200,0,2437
3085,2206536,edge,1,0.7300,0,2438
3086,2206919,edge,1,0.7400,0,2439
3087,2207571,edge,0,0.7400,0,2440
3088,2208167,edge,1,0.7500,0,2441
3089,2208335,edge,1,0.7500,0,2442
3090,2208543,edge,1,0.7600,0,2443
3091,2208887,edge,1,0.7600,0,2444
3092,2209459,edge,1,0.7700,0,2445
3093,2210132,edge,1,0.7700,0,2446
3094,2210516,edge,0,0.7600,0,2447
3095,2210641,edge,0,0.7500,0,2448
3096,2211019,edge,1,0.7500,0,2449
3097,2211262,edge,1,0.7500,0,2450
3098,2211401,edge,0,0.7400,0,2451
3099,2211612,edge,1,0.7500,0,2452
3100,2212218,edge,1,0.7500,0,2453
3101,2212466,edge,1,0.7600,0,2454
3102,2212703,edge,1,0.7600,0,2455
3103,2212813,edge,0,0.7500,0,2456
3104,2213184,edge,1,0.7600,0,2457
3105,2213318,edge,0,0.7500,0,2458
3106,2213989,edge,1,0.7600,0,2459
3107,2214333,edge,1,0.7600,0,2460
3108,2214669,edge,1,0.7600,0,2461
3109,2215178,edge,0,0.7500,0,2462
3110,2215495,edge,1,0.7500,0,2463
3111,2216245,edge,1,0.7600,0,2464
3112,2216433,edge,1,0.7700,0,2465
3113,2216616,edge,1,0.7700,0,2466
3114,2217024,edge,1,0.7700,0,2467
3115,2217316,edge,0,0.7700,0,2468
3116,2217430,edge,0,0.7700,0,2469
3117,2217573,edge,1,0.7700,0,2470
3118,2217694,edge,0,0.7700,0,2471
3119,2218235,edge,1,0.7700,0,2472
3120,2218780,edge,1,0.7700,0,2473
3121,2219672,edge,1,0.7700,0,2474
3122,2219784,edge,0,0.7600,0,2475
3123,2220626,edge,1,0.7600,0,2476
3124,2220861,edge,1,0.7600,0,2477
3125,2221241,edge,1,0.7600,0,2478
3126,2221477,edge,1,0.7600,0,2479
3127,2221707,edge,1,0.7600,0,2480
3128,2222087,edge,1,0.7600,0,2481
3129,2222265,edge,1,0.7600,0,2482
3130,2222913,edge,0,0.7500,0,2483
3131,2223127,edge,1,0.7500,0,2484
3132,2223238,edge,0,0.7400,0,2485
3133,2223710,edge,0,0.7300,0,2486
3134,2223910,edge,1,0.7400,0,2487
3135,2224290,edge,1,0.7400,0,2488
3136,2224605,edge,0,0.7300,0,2489
3137,2224777,edge,1,0.7300,0,2490
3138,2224977,edge,1,0.7300,0,2491
3139,2225217,edge,1,0.7300,0,2492
3140,2225418,edge,1,0.7300,0,2493
3141,2225531,edge,0,0.7200,0,2494
3142,2225675,edge,1,0.7200,0,2495
3143,2226128,edge,0,0.7100,0,2496
3144,2226251,edge,0,0.7000,0,2497
3145,2227472,edge,1,0.7100,0,2498
3146,2227677,edge,1,0.7100,0,2499
3147,2227899,edge,1,0.7100,0,2500
3148,2228078,edge,1,0.7100,0,2501
3149,2228697,edge,1,0.7200,0,2502
3150,2230034,edge,1,0.7200,0,2503
3151,2230941,edge,1,0.7200,0,2504
3152,2231130,edge,0,0.7100,0,2505
3153,2232330,edge,1,0.7100,0,2506
3154,2232500,edge,0,0.7100,0,2507
3155,2232885,edge,1,0.7100,0,2508
3156,2233128,edge,1,0.7100,0,2509
3157,2233234,edge,0,0.7000,0,2510
3158,2233328,edge,0,0.6900,0,2511
3159,2234542,edge,1,0.6900,0,2512
3160,2234710,edge,1,0.6900,0,2513
3161,2234821,edge,0,0.6900,0,2514
3162,2235230,edge,1,0.6900,0,2515
3163,2235447,edge,1,0.7000,0,2516
3164,2235919,edge,1,0.7000,0,2517
3165,2236315,edge,1,0.7000,0,2518
3166,2236439,edge,0,0.7000,0,2519
3167,2236592,edge,1,0.7000,0,2520
3168,2236918,edge,1,0.7100,0,2521
3169,2237164,edge,1,0.7100,0,2522
3170,2237449,edge,0,0.7100,0,2523
3171,2237832,edge,1,0.7100,0,2524
3172,2237960,edge,0,0.7000,0,2525
3173,2238157,edge,1,0.7000,0,2526
3174,2238773,edge,0,0.6900,0,2527
3175,2239219,edge,1,0.7000,0,2528
3176,2239344,edge,0,0.6900,0,2529
3177,2239644,edge,1,0.7000,0,2530
3178,2240290,edge,1,0.7000,0,2531
3179,2241117,edge,1,0.7000,0,2532
3180,2241345,edge,1,0.7100,0,2533
3181,2242052,edge,1,0.7100,0,2534
3182,2242423,edge,1,0.7200,0,2535
3183,2242575,edge,1,0.7200,0,2536
3184,2242878,edge,0,0.7100,0,2537
3185,2243114,edge,1,0.7100,0,2538
3186,2243217,edge,0,0.7000,0,2539
3187,2243402,edge,1,0.7100,0,2540
3188,2243646,edge,1,0.7100,0,2541
3189,2243881,edge,1,0.7100,0,2542
3190,2243989,edge,0,0.7000,0,2543
3191,2244110,edge,0,0.6900,0,2544
3192,2244805,edge,1,0.6900,0,2545
3193,2245513,edge,1,0.6900,0,2546
3194,2245874,edge,0,0.6900,0,2547
3195,2246283,edge,1,0.7000,0,2548
3196,2246402,edge,0,0.6900,0,2549
3197,2247108,edge,1,0.6900,0,2550
3198,2247500,edge,1,0.7000,0,2551
3199,2247888,edge,1,0.7000,0,2552
3200,2248017,edge,0,0.6900,0,2553
3201,2248318,edge,1,0.6900,0,2554
3202,2248621,edge,1,0.6900,0,2555
3203,2248792,edge,0,0.6900,0,2556
3204,2249380,edge,1,0.6900,0,2557
3205,2249508,edge,1,0.7000,0,2558
3206,2249694,edge,1,0.7000,0,2559
3207,2250229,edge,1,0.7000,0,2560
3208,2250582,edge,1,0.7000,0,2561
3209,2250992,edge,1,0.7100,0,2562
3210,2251147,edge,0,0.7000,0,2563
3211,2251562,edge,1,0.7000,0,2564
3212,2252021,edge,0,0.6900,0,2565
3213,2252549,edge,1,0.6900,0,2566
3214,2253183,edge,0,0.6800,0,2567
3215,2253337,edge,0,0.6800,0,2568
3216,2253731,edge,1,0.6900,0,2569
3217,2254030,edge,0,0.6800,0,2570
3218,2254596,edge,1,0.6900,0,2571
3219,2254816,edge,1,0.6900,0,2572
3220,2255041,edge,1,0.6900,0,2573
3221,2255497,edge,0,0.6800,0,2574
3222,2256030,edge,1,0.6900,0,2575
3223,2256224,edge,1,0.6900,0,2576
3224,2256827,edge,1,0.6900,0,2577
3225,2256955,edge,0,0.6800,0,2578
3226,2257327,edge,1,0.6800,0,2579
3227,2257813,edge,0,0.6700,0,2580
3228,2258062,edge,1,0.6700,0,2581
3229,2258260,edge,1,0.6700,0,2582
3230,2258738,edge,0,0.6700,0,2583
3231,2258855,edge,0,0.6600,0,2584
3232,2259169,edge,0,0.6600,0,2585
3233,2259912,edge,1,0.6700,0,2586
3234,2260536,edge,0,0.6600,0,2587
3235,2260654,edge,0,0.6500,0,2588
3236,2260943,edge,0,0.6500,0,2589
3237,2261170,edge,1,0.6500,0,2590
3238,2261545,edge,1,0.6500,0,2591
3239,2261792,edge,1,0.6500,0,2592
3240,2262668,edge,1,0.6500,0,2593
3241,2263374,edge,1,0.6600,0,2594
3242,2263615,edge,1,0.6600,0,2595
3243,2263903,edge,1,0.6700,0,2596
3244,2264197,edge,0,0.6700,0,2597
3245,2264469,edge,0,0.6600,0,2598
3246,2264808,edge,0,0.6500,0,2599
3247,2264982,edge,0,0.6400,0,2600
3248,2265635,edge,1,0.6400,0,2601
3249,2266285,edge,1,0.6400,0,2602
3250,2266674,edge,1,0.6400,0,2603
3251,2267000,edge,1,0.6400,0,2604
3252,2267369,edge,1,0.6500,0,2605
3253,2268354,edge,1,0.6500,0,2606
3254,2268487,edge,0,0.6500,0,2607
3255,2268718,edge,1,0.6500,0,2608
3256,2269599,edge,1,0.6500,0,2609
3257,2269957,edge,1,0.6600,0,2610
3258,2270230,edge,0,0.6600,0,2611
3259,2270757,edge,1,0.6600,0,2612
3260,2270871,edge,0,0.6500,0,2613
3261,2271069,edge,1,0.6600,0,2614
3262,2272209,edge,0,0.6500,0,2615
3263,2272719,edge,1,0.6500,0,2616
3264,2272842,edge,0,0.6400,0,2617
3265,2273384,edge,1,0.6400,0,2618
3266,2273856,edge,1,0.6500,0,2619
3267,2274705,edge,0,0.6400,0,2620
3268,2275262,edge,1,0.6400,0,2621
3269,2275567,edge,0,0.6300,0,2622
3270,2275989,edge,1,0.6400,0,2623
3271,2276974,edge,1,0.6400,0,2624
3272,2277214,edge,1,0.6500,0,2625
3273,2277399,edge,1,0.6500,0,2626
3274,2277568,edge,0,0.6500,0,2627
3275,2278099,edge,1,0.6500,0,2628
3276,2278659,edge,1,0.6600,0,2629
3277,2279672,edge,0,0.6500,0,2630
3278,2280032,edge,1,0.6500,0,2631
3279,2280392,edge,1,0.6500,0,2632
3280,2280771,edge,1,0.6500,0,2633
3281,2281175,edge,1,0.6500,0,2634
3282,2282271,edge,1,0.6500,0,2635
3283,2282615,edge,1,0.6500,0,2636
3284,2282957,edge,0,0.6500,0,2637
3285,2283126,edge,0,0.6400,0,2638
3286,2283925,edge,1,0.6500,0,2639
3287,2284108,edge,1,0.6500,0,2640
3288,2284486,edge,0,0.6400,0,2641
3289,2284609,edge,0,0.6300,0,2642
3290,2284960,edge,1,0.6400,0,2643
3291,2285199,edge,1,0.6500,0,2644
3292,2286403,edge,1,0.6500,0,2645
3293,2286749,edge,1,0.6500,0,2646
3294,2287402,edge,1,0.6600,0,2647
3295,2287531,edge,0,0.6500,0,2648
3296,2287784,edge,1,0.6600,0,2649
3297,2288428,edge,0,0.6500,0,2650
3298,2288790,edge,1,0.6500,0,2651
3299,2288950,edge,1,0.6500,0,2652
3300,2289407,edge,0,0.6500,0,2653
3301,2289807,edge,0,0.6400,0,2654
3302,2290224,edge,0,0.6300,0,2655
3303,2290415,edge,1,0.6400,0,2656
3304,2290859,edge,1,0.6400,0,2657
3305,2290981,edge,0,0.6300,0,2658
3306,2291195,edge,1,0.6300,0,2659
3307,2291470,edge,0,0.6200,0,2660
3308,2291650,edge,0,0.6100,0,2661
3309,2291956,edge,1,0.6100,0,2662
3310,2292408,edge,0,0.6100,0,2663
3311,2292526,edge,0,0.6000,0,2664
3312,2292819,edge,0,0.6000,0,2665
3313,2293091,edge,1,0.6000,0,2666
3314,2293212,edge,0,0.6000,0,2667
3315,2293501,edge,0,0.6000,0,2668
3316,2293913,edge,1,0.6000,0,2669
3317,2294211,edge,0,0.6000,0,2670
3318,2294689,edge,0,0.5900,0,2671
3319,2295222,edge,1,0.5900,0,2672
3320,2295629,edge,1,0.5900,0,2673
3321,2296472,edge,0,0.5900,0,2674
3322,2296924,edge,0,0.5800,0,2675
3323,2297323,edge,1,0.5800,0,2676
3324,2297542,edge,1,0.5800,0,2677
3325,2298669,edge,1,0.5900,0,2678
3326,2299199,edge,1,0.5900,0,2679
3327,2300394,edge,1,0.6000,0,2680
3328,2300576,edge,0,0.5900,0,2681
3329,2300849,edge,1,0.5900,0,2682
3330,2301651,edge,1,0.6000,0,2683
3331,2301900,edge,1,0.6100,0,2684
3332,2302243,edge,1,0.6200,0,2685
3333,2303002,edge,1,0.6200,0,2686
3334,2303205,edge,1,0.6300,0,2687
3335,2303843,edge,0,0.6300,0,2688
3336,2304027,edge,1,0.6400,0,2689
3337,2304313,edge,0,0.6300,0,2690
3338,2304651,edge,1,0.6300,0,2691
3339,2304834,edge,1,0.6300,0,2692
3340,2305106,edge,0,0.6200,0,2693
3341,2305656,edge,1,0.6200,0,2694
3342,2306052,edge,1,0.6200,0,2695
3343,2306254,edge,1,0.6200,0,2696
3344,2306424,edge,0,0.6200,0,2697
3345,2306763,edge,1,0.6300,0,2698
3346,2307103,edge,1,0.6400,0,2699
3347,2308002,edge,1,0.6500,0,2700
3348,2308147,edge,0,0.6400,0,2701
3349,2308357,edge,1,0.6400,0,2702
3350,2308902,edge,1,0.6400,0,2703
3351,2309033,edge,1,0.6400,0,2704
3352,2309392,edge,1,0.6400,0,2705
3353,2310744,edge,0,0.6300,0,2706
3354,2310904,edge,1,0.6400,0,2707
3355,2311108,edge,1,0.6400,0,2708
3356,2311317,edge,0,0.6300,0,2709
3357,2312669,edge,0,0.6200,0,2710
3358,2312893,edge,1,0.6300,0,2711
3359,2313792,edge,1,0.6300,0,2712
3360,2313930,edge,1,0.6400,0,2713
3361,2314111,edge,1,0.6400,0,2714
3362,2314449,edge,1,0.6500,0,2715
3363,2314642,edge,1,0.6500,0,2716
3364,2314800,edge,1,0.6600,0,2717
3365,2314994,edge,1,0.6600,0,2718
3366,2315160,edge,1,0.6600,0,2719
3367,2315337,edge,1,0.6700,0,2720
3368,2315665,edge,1,0.6700,0,2721
3369,2315991,edge,0,0.6700,0,2722
3370,2316735,edge,1,0.6700,0,2723
3371,2318087,edge,0,0.6600,0,2724
3372,2318788,edge,1,0.6600,0,2725
3373,2318947,edge,1,0.6600,0,2726
3374,2319149,edge,1,0.6700,0,2727
3375,2319383,edge,1,0.6700,0,2728
3376,2320505,edge,1,0.6700,0,2729
3377,2320690,edge,1,0.6800,0,2730
3378,2320861,edge,1,0.6800,0,2731
3379,2321218,edge,1,0.6800,0,2732
3380,2322570,edge,0,0.6700,0,2733
3381,2322905,edge,1,0.6700,0,2734
3382,2323974,edge,1,0.6700,0,2735
3383,2324188,edge,1,0.6700,0,2736
3384,2324437,edge,1,0.6800,0,2737
3385,2324638,edge,1,0.6900,0,2738
3386,2324805,edge,1,0.6900,0,2739
3387,2324976,edge,0,0.6800,0,2740
3388,2325679,edge,1,0.6900,0,2741
3389,2326197,edge,1,0.7000,0,2742
3390,2326378,edge,1,0.7000,0,2743
3391,2326607,edge,1,0.7000,0,2744
3392,2327119,edge,1,0.7000,0,2745
3393,2327319,edge,1,0.7000,0,2746
3394,2327450,edge,1,0.7000,0,2747
3395,2328057,edge,1,0.7100,0,2748
3396,2328437,edge,1,0.7100,0,2749
3397,2328653,edge,1,0.7200,0,2750
3398,2328872,edge,1,0.7200,0,2751
3399,2329068,edge,1,0.7200,0,2752
3400,2329247,edge,1,0.7300,0,2753
3401,2330410,edge,1,0.7400,0,2754
3402,2331233,edge,1,0.7500,0,2755
3403,2331421,edge,1,0.7500,0,2756
3404,2331784,edge,1,0.7500,0,2757
3405,2332165,edge,1,0.7600,0,2758
3406,2332319,edge,1,0.7600,0,2759
3407,2333508,edge,1,0.7700,0,2760
3408,2333641,edge,1,0.7800,0,2761
3409,2334205,edge,1,0.7800,0,2762
3410,2334566,edge,1,0.7900,0,2763
3411,2335771,edge,1,0.8000,0,2764
3412,2335973,edge,1,0.8100,0,2765
3413,2336213,edge,1,0.8100,0,2766
3414,2336757,edge,1,0.8200,0,2767
3415,2337136,edge,1,0.8300,0,2768
3416,2337370,edge,1,0.8300,0,2769
3417,2337906,edge,1,0.8400,0,2770
3418,2338076,edge,1,0.8500,0,2771
3419,2338608,edge,1,0.8500,0,2772
3420,2339960,edge,0,0.8400,0,2773
3421,2340148,edge,1,0.8500,0,2774
3422,2340455,edge,0,0.8500,0,2775
3423,2341646,edge,1,0.8500,0,2776
3424,2342258,edge,1,0.8500,0,2777
3425,2342610,edge,1,0.8500,0,2778
3426,2343167,edge,0,0.8400,0,2779
3427,2343652,edge,0,0.8300,0,2780
3428,2343784,edge,1,0.8400,0,2781
3429,2344349,edge,1,0.8400,0,2782
3430,2345137,edge,1,0.8400,0,2783
3431,2345560,edge,1,0.8400,0,2784
3432,2346106,edge,1,0.8400,0,2785
3433,2346311,edge,1,0.8400,0,2786
3434,2346747,edge,1,0.8400,0,2787
3435,2347639,edge,1,0.8500,0,2788
3436,2348379,edge,1,0.8500,0,2789
3437,2348571,edge,1,0.8600,0,2790
3438,2348776,edge,1,0.8600,0,2791
3439,2348991,edge,1,0.8600,0,2792
3440,2349330,edge,1,0.8700,0,2793
3441,2349679,edge,1,0.8700,0,2794
3442,2350034,edge,1,0.8700,0,2795
3443,2350281,edge,1,0.8700,0,2796
3444,2350505,edge,1,0.8800,0,2797
3445,2350702,edge,1,0.8800,0,2798
3446,2351551,edge,1,0.8800,0,2799
3447,2352795,edge,0,0.8700,0,2800
3448,2352976,edge,1,0.8800,0,2801
3449,2353749,edge,1,0.8800,0,2802
3450,2355101,edge,0,0.8700,0,2803
3451,2355448,edge,1,0.8700,0,2804
3452,2355866,edge,0,0.8600,0,2805
3453,2356211,edge,0,0.8600,0,2806
3454,2357206,edge,1,0.8600,0,2807
3455,2357995,edge,1,0.8600,0,2808
3456,2358377,edge,1,0.8700,0,2809
3457,2358683,edge,1,0.8800,0,2810
3458,2359088,edge,1,0.8800,0,2811
3459,2359650,edge,1,0.8800,0,2812
3460,2359989,edge,1,0.8800,0,2813
3461,2360304,edge,1,0.8800,0,2814
3462,2360501,edge,1,0.8800,0,2815
3463,2361078,edge,1,0.8800,0,2816
3464,2361273,edge,1,0.8800,0,2817
3465,2361447,edge,1,0.8800,0,2818
3466,2361625,edge,1,0.8800,0,2819
3467,2361796,edge,1,0.8800,0,2820
3468,2361993,edge,1,0.8800,0,2821
3469,2362353,edge,1,0.8900,0,2822
3470,2362891,edge,1,0.8900,0,2823
3471,2363842,edge,1,0.9000,0,2824
3472,2364699,edge,1,0.9000,0,2825
3473,2364850,edge,1,0.9000,0,2826
3474,2365571,edge,1,0.9000,0,2827
3475,2365965,edge,1,0.9000,0,2828
3476,2366614,edge,1,0.9000,0,2829
3477,2367936,edge,1,0.9000,0,2830
3478,2368114,edge,1,0.9000,0,2831
3479,2368259,edge,1,0.9000,0,2832
3480,2368581,edge,1,0.9100,0,2833
3481,2368759,edge,1,0.9100,0,2834
3482,2368994,edge,1,0.9100,0,2835
3483,2369165,edge,0,0.9000,0,2836
3484,2369357,edge,1,0.9000,0,2837
3485,2370040,edge,1,0.9000,0,2838
3486,2370400,edge,1,0.9000,0,2839
3487,2370828,edge,1,0.9100,0,2840
3488,2371421,edge,1,0.9100,0,2841
3489,2371614,edge,1,0.9100,0,2842
3490,2372526,edge,1,0.9100,0,2843
3491,2372878,edge,1,0.9100,0,2844
3492,2373975,edge,1,0.9100,0,2845
3493,2374157,edge,1,0.9100,0,2846
3494,2374356,edge,1,0.9100,0,2847
3495,2375066,edge,1,0.9100,0,2848
3496,2375235,edge,0,0.9000,0,2849
3497,2375572,edge,1,0.9000,0,2850
3498,2375712,edge,1,0.9000,0,2851
3499,2375905,edge,1,0.9000,0,2852
3500,2376297,edge,1,0.9000,0,2853
3501,2376505,edge,1,0.9000,0,2854
3502,2376868,edge,1,0.9000,0,2855
3503,2377569,edge,1,0.9000,0,2856
3504,2377773,edge,1,0.9000,0,2857
3505,2378001,edge,1,0.9000,0,2858
3506,2378518,edge,1,0.9000,0,2859
3507,2379221,edge,1,0.9000,0,2860
3508,2379926,edge,0,0.8900,0,2861
3509,2380272,edge,1,0.8900,0,2862
3510,2380481,edge,1,0.8900,0,2863
3511,2381152,edge,1,0.8900,0,2864
3512,2381827,edge,0,0.8800,0,2865
3513,2382120,edge,1,0.8800,0,2866
3514,2383024,edge,0,0.8700,0,2867
3515,2383201,edge,1,0.8700,0,2868
3516,2383773,edge,1,0.8700,0,2869
3517,2384003,edge,1,0.8700,0,2870
3518,2384610,edge,1,0.8700,0,2871
3519,2385156,edge,1,0.8700,0,2872
3520,2385890,edge,1,0.8800,0,2873
3521,2386099,edge,1,0.8800,0,2874
3522,2386623,edge,1,0.8900,0,2875
3523,2386746,edge,1,0.8900,0,2876
3524,2386938,edge,1,0.8900,0,2877
3525,2387330,edge,1,0.8900,0,2878
3526,2387654,edge,1,0.9000,0,2879
3527,2388047,edge,1,0.9100,0,2880
3528,2388229,edge,0,0.9000,0,2881
3529,2388448,edge,1,0.9000,0,2882
3530,2389800,edge,0,0.8900,0,2883
3531,2390187,edge,1,0.8900,0,2884
3532,2390308,edge,0,0.8800,0,2885
3533,2390478,edge,1,0.8800,0,2886
3534,2390649,edge,0,0.8700,0,2887
3535,2390864,edge,1,0.8700,0,2888
3536,2391078,edge,1,0.8700,0,2889
3537,2391261,edge,1,0.8700,0,2890
3538,2391438,edge,1,0.8700,0,2891
3539,2391788,edge,0,0.8600,0,2892
3540,2393140,edge,0,0.8500,0,2893
3541,2393324,edge,1,0.8500,0,2894
3542,2393734,edge,1,0.8500,0,2895
3543,2393884,edge,1,0.8500,0,2896
3544,2394069,edge,1,0.8500,0,2897
3545,2394416,edge,1,0.8500,0,2898
3546,2395501,edge,1,0.8500,0,2899
3547,2395903,edge,1,0.8600,0,2900
3548,2396119,edge,1,0.8600,0,2901
3549,2396458,edge,0,0.8500,0,2902
3550,2396649,edge,1,0.8600,0,2903
3551,2397540,edge,1,0.8600,0,2904
3552,2397720,edge,1,0.8700,0,2905
3553,2398366,edge,0,0.8700,0,2906
3554,2398763,edge,1,0.8700,0,2907
3555,2400115,edge,0,0.8600,0,2908
3556,2400287,edge,0,0.8500,0,2909
3557,2400468,edge,1,0.8500,0,2910
3558,2401714,edge,1,0.8500,0,2911
3559,2402340,edge,1,0.8500,0,2912
3560,2402870,edge,1,0.8500,0,2913
3561,2403095,edge,1,0.8500,0,2914
3562,2403671,edge,1,0.8500,0,2915
3563,2403880,edge,1,0.8500,0,2916
3564,2404088,edge,1,0.8500,0,2917
3565,2404304,edge,1,0.8500,0,2918
3566,2405082,edge,1,0.8500,0,2919
3567,2405301,edge,1,0.8500,0,2920
3568,2405939,edge,0,0.8400,0,2921
3569,2406257,edge,1,0.8400,0,2922
3570,2406439,edge,1,0.8400,0,2923
3571,2406975,edge,1,0.8400,0,2924
3572,2407159,edge,1,0.8400,0,2925
3573,2408047,edge,1,0.8400,0,2926
3574,2408735,edge,1,0.8400,0,2927
3575,2409281,edge,1,0.8400,0,2928
3576,2410633,edge,0,0.8300,0,2929
3577,2410839,edge,1,0.8300,0,2930
3578,2411484,edge,1,0.8300,0,2931
3579,2411866,edge,1,0.8300,0,2932
3580,2412400,edge,1,0.8300,0,2933
3581,2412586,edge,1,0.8300,0,2934
3582,2412763,edge,0,0.8200,0,2935
3583,2413140,edge,1,0.8300,0,2936
3584,2414492,edge,0,0.8200,0,2937
3585,2414656,edge,1,0.8200,0,2938
3586,2414880,edge,1,0.8200,0,2939
3587,2415425,edge,1,0.8200,0,2940
3588,2415628,edge,1,0.8200,0,2941
3589,2415802,edge,1,0.8200,0,2942
3590,2416415,edge,1,0.8200,0,2943
3591,2416800,edge,1,0.8200,0,2944
3592,2416971,edge,0,0.8100,0,2945
3593,2417189,edge,1,0.8100,0,2946
3594,2417718,edge,1,0.8100,0,2947
3595,2417917,edge,1,0.8100,0,2948
3596,2418259,edge,1,0.8200,0,2949
3597,2418471,edge,1,0.8200,0,2950
3598,2418642,edge,1,0.8200,0,2951
3599,2419024,edge,1,0.8200,0,2952
3600,2419216,edge,1,0.8200,0,2953
3601,2420110,edge,1,0.8200,0,2954
3602,2420292,edge,1,0.8200,0,2955
3603,2420435,edge,1,0.8200,0,2956
3604,2420813,edge,1,0.8200,0,2957
3605,2421013,edge,1,0.8200,0,2958
3606,2421206,edge,1,0.8200,0,2959
3607,2421363,edge,1,0.8200,0,2960
3608,2421737,edge,1,0.8300,0,2961
3609,2422041,edge,1,0.8300,0,2962
3610,2422248,edge,1,0.8300,0,2963
3611,2422437,edge,1,0.8300,0,2964
3612,2422623,edge,1,0.8400,0,2965
3613,2423539,edge,1,0.8400,0,2966
3614,2423966,edge,1,0.8500,0,2967
3615,2424220,edge,1,0.8500,0,2968
3616,2424506,edge,0,0.8400,0,2969
3617,2424857,edge,1,0.8400,0,2970
3618,2425290,edge,1,0.8400,0,2971
3619,2425497,edge,1,0.8400,0,2972
3620,2426183,edge,1,0.8400,0,2973
3621,2427535,edge,0,0.8300,0,2974
3622,2427733,edge,1,0.8300,0,2975
3623,2428592,edge,0,0.8200,0,2976
3624,2428712,edge,1,0.8200,0,2977
3625,2429061,edge,0,0.8100,0,2978
3626,2429230,edge,0,0.8000,0,2979
3627,2429615,edge,1,0.8000,0,2980
3628,2430356,edge,1,0.8100,0,2981
3629,2430502,edge,1,0.8100,0,2982
3630,2430714,edge,1,0.8200,0,2983
3631,2430885,edge,0,0.8100,0,2984
3632,2431099,edge,1,0.8200,0,2985
3633,2431618,edge,1,0.8200,0,2986
3634,2431800,edge,1,0.8300,0,2987
3635,2432272,edge,0,0.8200,0,2988
3636,2432603,edge,1,0.8200,0,2989
3637,2433005,edge,0,0.8100,0,2990
3638,2433142,edge,0,0.8000,0,2991
3639,2433439,edge,1,0.8100,0,2992
3640,2433612,edge,0,0.8100,0,2993
3641,2433814,edge,1,0.8100,0,2994
3642,2433967,edge,0,0.8000,0,2995
3643,2434072,edge,0,0.7900,0,2996
3644,2434434,edge,1,0.7900,0,2997
3645,2434618,edge,1,0.7900,0,2998
3646,2434841,edge,1,0.7900,0,2999
3647,2435022,edge,0,0.7800,0,3000
3648,2436151,edge,1,0.7800,0,3001
3649,2437160,edge,1,0.7900,0,3002
3650,2437865,edge,1,0.7900,0,3003
3651,2438437,edge,1,0.7900,0,3004
3652,2438554,edge,0,0.7800,0,3005
3653,2439122,edge,1,0.7900,0,3006
3654,2439230,edge,0,0.7800,0,3007
3655,2439456,edge,1,0.7900,0,3008
3656,2439626,edge,0,0.7900,0,3009
3657,2439830,edge,1,0.7900,0,3010
3658,2439947,edge,0,0.7800,0,3011
3659,2440244,edge,1,0.7800,0,3012
3660,2440614,edge,1,0.7800,0,3013
3661,2441016,edge,0,0.7700,0,3014
3662,2441189,edge,0,0.7600,0,3015
3663,2441584,edge,1,0.7600,0,3016
3664,2442613,edge,1,0.7600,0,3017
3665,2443884,edge,1,0.7600,0,3018
3666,2444078,edge,1,0.7600,0,3019
3667,2444759,edge,0,0.7500,0,3020
3668,2445116,edge,1,0.7600,0,3021
3669,2445325,edge,1,0.7600,0,3022
3670,2445550,edge,1,0.7600,0,3023
3671,2445756,edge,0,0.7500,0,3024
3672,2445893,edge,1,0.7500,0,3025
3673,2446119,edge,1,0.7500,0,3026
3674,2446289,edge,0,0.7400,0,3027
3675,2446879,edge,1,0.7400,0,3028
3676,2447246,edge,1,0.7500,0,3029
3677,2447638,edge,1,0.7500,0,3030
3678,2448190,edge,1,0.7500,0,3031
3679,2448764,edge,1,0.7500,0,3032
3680,2449103,edge,1,0.7500,0,3033
3681,2449700,edge,0,0.7400,0,3034
3682,2450109,edge,1,0.7500,0,3035
3683,2450527,edge,0,0.7400,0,3036
3684,2450853,edge,1,0.7500,0,3037
3685,2451236,edge,1,0.7500,0,3038
3686,2451395,edge,1,0.7500,0,3039
3687,2451541,edge,1,0.7500,0,3040
3688,2451739,edge,1,0.7500,0,3041
3689,2451958,edge,1,0.7500,0,3042
3690,2452323,edge,1,0.7500,0,3043
3691,2452509,edge,1,0.7500,0,3044
3692,2453034,edge,0,0.7500,0,3045
3693,2453228,edge,1,0.7500,0,3046
3694,2453567,edge,0,0.7400,0,3047
3695,2454278,edge,0,0.7300,0,3048
3696,2454720,edge,1,0.7300,0,3049
3697,2455493,edge,1,0.7300,0,3050
3698,2455775,edge,0,0.7200,0,3051
3699,2456134,edge,1,0.7200,0,3052
3700,2456477,edge,1,0.7200,0,3053
3701,2456808,edge,1,0.7200,0,3054
3702,2457187,edge,1,0.7200,0,3055
3703,2457585,edge,1,0.7200,0,3056
3704,2457799,edge,1,0.7200,0,3057
3705,2457995,edge,1,0.7200,0,3058
3706,2458115,edge,0,0.7100,0,3059
3707,2458217,edge,0,0.7000,0,3060
3708,2458785,edge,1,0.7000,0,3061
3709,2459085,edge,0,0.6900,0,3062
3710,2459288,edge,1,0.6900,0,3063
3711,2459647,edge,0,0.6800,0,3064
3712,2460663,edge,1,0.6800,0,3065
3713,2460838,edge,0,0.6700,0,3066
3714,2462190,edge,0,0.6600,0,3067
3715,2462332,edge,1,0.6600,0,3068
3716,2462922,edge,1,0.6700,0,3069
3717,2463452,edge,1,0.6700,0,3070
3718,2463685,edge,1,0.6700,0,3071
3719,2464026,edge,1,0.6700,0,3072
3720,2464199,edge,1,0.6700,0,3073
3721,2465455,edge,0,0.6700,0,3074
3722,2465997,edge,1,0.6700,0,3075
3723,2466355,edge,1,0.6800,0,3076
3724,2466527,edge,0,0.6700,0,3077
3725,2467218,edge,1,0.6800,0,3078
3726,2467814,edge,1,0.6900,0,3079
3727,2468180,edge,1,0.6900,0,3080
3728,2468527,edge,0,0.6800,0,3081
3729,2468709,edge,1,0.6800,0,3082
3730,2469127,edge,1,0.6800,0,3083
3731,2469509,edge,1,0.6900,0,3084
3732,2469702,edge,1,0.6900,0,3085
3733,2470022,edge,1,0.6900,0,3086
3734,2470158,edge,0,0.6800,0,3087
3735,2470321,edge,1,0.6900,0,3088
3736,2470590,edge,0,0.6800,0,3089
3737,2470760,edge,0,0.6800,0,3090
3738,2470958,edge,0,0.6800,0,3091
3739,2471708,edge,0,0.6700,0,3092
3740,2471895,edge,1,0.6800,0,3093
3741,2472015,edge,0,0.6700,0,3094
3742,2472186,edge,1,0.6800,0,3095
3743,2472293,edge,0,0.6800,0,3096
3744,2472523,edge,1,0.6800,0,3097
3745,2472757,edge,1,0.6800,0,3098
3746,2473130,edge,1,0.6800,0,3099
3747,2473693,edge,1,0.6900,0,3100
3748,2473881,edge,1,0.6900,0,3101
3749,2474098,edge,1,0.6900,0,3102
3750,2474290,edge,1,0.6900,0,3103
3751,2474837,edge,1,0.6900,0,3104
3752,2474984,edge,1,0.7000,0,3105
3753,2475746,edge,1,0.7000,0,3106
3754,2475915,edge,1,0.7100,0,3107
3755,2476290,edge,1,0.7100,0,3108
3756,2476498,edge,1,0.7200,0,3109
3757,2476676,edge,1,0.7200,0,3110
3758,2477259,edge,1,0.7300,0,3111
3759,2477581,edge,0,0.7200,0,3112
3760,2477703,edge,1,0.7200,0,3113
3761,2478400,edge,0,0.7200,0,3114
3762,2479141,edge,1,0.7300,0,3115
3763,2479422,edge,0,0.7200,0,3116
3764,2479891,edge,0,0.7100,0,3117
3765,2480260,edge,1,0.7100,0,3118
3766,2480743,edge,1,0.7100,0,3119
3767,2481090,edge,1,0.7200,0,3120
3768,2481362,edge,0,0.7100,0,3121
3769,2481553,edge,1,0.7100,0,3122
3770,2482156,edge,1,0.7100,0,3123
3771,2482396,edge,1,0.7200,0,3124
3772,2482911,edge,0,0.7100,0,3125
3773,2483106,edge,0,0.7000,0,3126
3774,2483381,edge,0,0.7000,0,3127
3775,2483584,edge,1,0.7000,0,3128
3776,2483764,edge,1,0.7000,0,3129
3777,2484154,edge,1,0.7000,0,3130
3778,2484369,edge,0,0.6900,0,3131
3779,2484746,edge,1,0.6900,0,3132
3780,2485133,edge,1,0.6900,0,3133
3781,2485381,edge,1,0.7000,0,3134
3782,2485706,edge,0,0.6900,0,3135
3783,2486739,edge,0,0.6900,0,3136
3784,2487124,edge,1,0.6900,0,3137
3785,2487537,edge,1,0.6900,0,3138
3786,2487702,edge,1,0.6900,0,3139
3787,2488245,edge,1,0.6900,0,3140
3788,2488458,edge,1,0.6900,0,3141
3789,2488667,edge,1,0.6900,0,3142
3790,2488812,edge,1,0.6900,0,3143
3791,2489139,edge,1,0.6900,0,3144
3792,2489316,edge,1,0.7000,0,3145
3793,2490382,edge,0,0.6900,0,3146
3794,2491428,edge,0,0.6900,0,3147
3795,2491657,edge,1,0.7000,0,3148
3796,2491844,edge,1,0.7000,0,3149
3797,2492016,edge,0,0.6900,0,3150
3798,2492203,edge,1,0.7000,0,3151
3799,2492582,edge,1,0.7000,0,3152
3800,2492784,edge,1,0.7000,0,3153
3801,2492987,edge,1,0.7000,0,3154
3802,2493866,edge,1,0.7000,0,3155
3803,2494232,edge,1,0.7000,0,3156
3804,2494420,edge,1,0.7000,0,3157
3805,2494955,edge,1,0.7000,0,3158
3806,2495138,edge,1,0.7100,0,3159
3807,2496151,edge,1,0.7200,0,3160
3808,2496686,edge,1,0.7200,0,3161
3809,2497028,edge,0,0.7200,0,3162
3810,2497450,edge,1,0.7200,0,3163
3811,2498194,edge,1,0.7300,0,3164
3812,2498752,edge,1,0.7300,0,3165
3813,2500104,edge,0,0.7300,0,3166
3814,2500471,edge,1,0.7400,0,3167
3815,2501183,edge,1,0.7400,0,3168
3816,2502241,edge,1,0.7400,0,3169
3817,2502631,edge,1,0.7400,0,3170
3818,2502848,edge,1,0.7400,0,3171
3819,2503406,edge,1,0.7400,0,3172
3820,2504198,edge,1,0.7400,0,3173
3821,2504401,edge,1,0.7500,0,3174
3822,2505228,edge,1,0.7500,0,3175
3823,2505506,edge,0,0.7400,0,3176
3824,2505611,edge,0,0.7400,0,3177
3825,2505841,edge,1,0.7400,0,3178
3826,2506040,edge,1,0.7400,0,3179
3827,2506537,edge,1,0.7400,0,3180
3828,2506744,edge,1,0.7500,0,3181
3829,2507186,edge,1,0.7500,0,3182
3830,2507393,edge,1,0.7500,0,3183
3831,2507883,edge,1,0.7500,0,3184
3832,2508259,edge,1,0.7500,0,3185
3833,2508651,edge,1,0.7500,0,3186
3834,2509163,edge,1,0.7600,0,3187
3835,2510061,edge,1,0.7600,0,3188
3836,2510191,edge,1,0.7700,0,3189
3837,2510572,edge,0,0.7700,0,3190
3838,2511056,edge,1,0.7800,0,3191
3839,2511506,edge,1,0.7900,0,3192
3840,2511847,edge,1,0.7900,0,3193
3841,2512017,edge,0,0.7900,0,3194
3842,2512288,edge,0,0.7800,0,3195
3843,2512698,edge,1,0.7900,0,3196
3844,2513227,edge,1,0.7900,0,3197
3845,2513365,edge,1,0.7900,0,3198
3846,2513523,edge,1,0.7900,0,3199
3847,2514469,edge,1,0.7900,0,3200
3848,2515398,edge,1,0.7900,0,3201
3849,2515816,edge,1,0.7900,0,3202
3850,2517069,edge,0,0.7800,0,3203
3851,2517275,edge,1,0.7800,0,3204
3852,2517879,edge,1,0.7800,0,3205
3853,2518052,edge,0,0.7700,0,3206
3854,2518259,edge,1,0.7700,0,3207
3855,2518474,edge,1,0.7700,0,3208
3856,2518629,edge,1,0.7700,0,3209
3857,2519007,edge,1,0.7700,0,3210
3858,2519721,edge,1,0.7700,0,3211
3859,2519900,edge,1,0.7800,0,3212
3860,2520280,edge,1,0.7800,0,3213
3861,2521240,edge,1,0.7900,0,3214
3862,2521358,edge,0,0.7800,0,3215
3863,2521472,edge,0,0.7800,0,3216
3864,2521843,edge,1,0.7900,0,3217
3865,2522154,edge,0,0.7800,0,3218
3866,2522848,edge,1,0.7800,0,3219
3867,2523065,edge,1,0.7800,0,3220
3868,2523275,edge,1,0.7900,0,3221
3869,2523507,edge,1,0.7900,0,3222
3870,2524240,edge,0,0.7800,0,3223
3871,2524458,edge,1,0.7800,0,3224
3872,2524673,edge,1,0.7900,0,3225
3873,2525177,edge,1,0.8000,0,3226
3874,2525355,edge,1,0.8100,0,3227
3875,2525554,edge,1,0.8100,0,3228
3876,2525669,edge,0,0.8000,0,3229
3877,2525785,edge,0,0.7900,0,3230
3878,2525897,edge,0,0.7900,0,3231
3879,2526262,edge,1,0.7900,0,3232
3880,2526543,edge,0,0.7800,0,3233
3881,2526823,edge,0,0.7700,0,3234
3882,2528175,edge,0,0.7700,0,3235
3883,2528526,edge,1,0.7800,0,3236
3884,2528651,edge,0,0.7700,0,3237
3885,2528768,edge,0,0.7600,0,3238
3886,2529075,edge,1,0.7600,0,3239
3887,2529415,edge,0,0.7500,0,3240
3888,2529573,edge,1,0.7500,0,3241
3889,2529762,edge,1,0.7500,0,3242
3890,2529983,edge,1,0.7500,0,3243
3891,2530541,edge,1,0.7500,0,3244
3892,2530658,edge,0,0.7400,0,3245
3893,2530828,edge,1,0.7500,0,3246
3894,2531205,edge,1,0.7600,0,3247
3895,2531539,edge,1,0.7600,0,3248
3896,2531756,edge,1,0.7600,0,3249
3897,2531915,edge,1,0.7700,0,3250
3898,2532528,edge,1,0.7700,0,3251
3899,2532730,edge,1,0.7700,0,3252
3900,2532945,edge,1,0.7700,0,3253
3901,2533322,edge,1,0.7700,0,3254
3902,2533513,edge,0,0.7600,0,3255
3903,2534196,edge,0,0.7500,0,3256
3904,2534430,edge,1,0.7500,0,3257
3905,2535200,edge,1,0.7500,0,3258
3906,2535431,edge,1,0.7500,0,3259
3907,2536783,edge,1,0.7500,0,3260
3908,2537168,edge,1,0.7500,0,3261
3909,2537727,edge,1,0.7600,0,3262
3910,2537845,edge,0,0.7500,0,3263
3911,2539113,edge,1,0.7500,0,3264
3912,2539527,edge,1,0.7500,0,3265
3913,2539729,edge,1,0.7600,0,3266
3914,2540123,edge,1,0.7600,0,3267
3915,2541475,edge,0,0.7500,0,3268
3916,2541588,edge,0,0.7400,0,3269
3917,2542112,edge,1,0.7400,0,3270
3918,2542811,edge,0,0.7300,0,3271
3919,2543141,edge,1,0.7300,0,3272
3920,2543887,edge,1,0.7300,0,3273
3921,2543995,edge,0,0.7200,0,3274
3922,2545054,edge,0,0.7100,0,3275
3923,2545251,edge,1,0.7200,0,3276
3924,2545759,edge,1,0.7300,0,3277
3925,2545954,edge,1,0.7300,0,3278
3926,2546431,edge,0,0.7200,0,3279
3927,2546633,edge,1,0.7200,0,3280
3928,2547194,edge,1,0.7200,0,3281
3929,2547747,edge,1,0.7200,0,3282
3930,2548845,edge,1,0.7200,0,3283
3931,2549015,edge,0,0.7100,0,3284
3932,2549580,edge,1,0.7100,0,3285
3933,2549832,edge,1,0.7100,0,3286
3934,2550215,edge,0,0.7000,0,3287
3935,2550376,edge,1,0.7000,0,3288
3936,2550583,edge,1,0.7000,0,3289
3937,2551663,edge,1,0.7100,0,3290
3938,2552192,edge,1,0.7100,0,3291
3939,2552576,edge,1,0.7100,0,3292
3940,2552778,edge,1,0.7100,0,3293
3941,2552959,edge,1,0.7200,0,3294
3942,2553167,edge,1,0.7300,0,3295
3943,2553336,edge,0,0.7200,0,3296
3944,2553679,edge,0,0.7100,0,3297
3945,2554447,edge,1,0.7100,0,3298
3946,2554866,edge,1,0.7100,0,3299
3947,2555631,edge,0,0.7000,0,3300
3948,2556983,edge,1,0.7000,0,3301
3949,2557777,edge,1,0.7000,0,3302
3950,2558133,edge,1,0.7100,0,3303
3951,2558887,edge,1,0.7100,0,3304
3952,2560022,edge,1,0.7100,0,3305
3953,2560229,edge,1,0.7200,0,3306
3954,2560428,edge,1,0.7200,0,3307
3955,2560626,edge,1,0.7200,0,3308
3956,2561214,edge,1,0.7200,0,3309
3957,2561434,edge,1,0.7200,0,3310
3958,2561580,edge,1,0.7200,0,3311
3959,2561710,edge,0,0.7100,0,3312
3960,2561914,edge,1,0.7100,0,3313
3961,2562317,edge,1,0.7100,0,3314
3962,2563047,edge,1,0.7200,0,3315
3963,2563252,edge,1,0.7300,0,3316
3964,2563466,edge,1,0.7300,0,3317
3965,2563713,edge,1,0.7400,0,3318
3966,2564108,edge,1,0.7400,0,3319
3967,2564815,edge,1,0.7400,0,3320
3968,2566073,edge,1,0.7400,0,3321
3969,2567425,edge,0,0.7300,0,3322
3970,2568146,edge,1,0.7400,0,3323
3971,2568534,edge,1,0.7400,0,3324
3972,2568831,edge,0,0.7300,0,3325
3973,2569052,edge,1,0.7300,0,3326
3974,2569225,edge,1,0.7300,0,3327
3975,2570079,edge,1,0.7300,0,3328
3976,2571431,edge,1,0.7400,0,3329
3977,2572783,edge,0,0.7400,0,3330
3978,2574135,edge,1,0.7500,0,3331
3979,2574566,edge,1,0.7500,0,3332
3980,2574970,edge,1,0.7600,0,3333
3981,2575343,edge,1,0.7700,0,3334
3982,2575566,edge,1,0.7800,0,3335
3983,2575933,edge,1,0.7800,0,3336
3984,2576351,edge,0,0.7800,0,3337
3985,2576953,edge,1,0.7900,0,3338
3986,2578305,edge,0,0.7800,0,3339
3987,2578480,edge,1,0.7900,0,3340
3988,2579368,edge,1,0.7900,0,3341
3989,2579583,edge,1,0.7900,0,3342
3990,2579991,edge,1,0.7900,0,3343
3991,2581003,edge,1,0.7900,0,3344
3992,2581393,edge,1,0.8000,0,3345
3993,2581846,edge,1,0.8000,0,3346
3994,2582791,edge,0,0.7900,0,3347
3995,2583134,edge,0,0.7800,0,3348
3996,2583523,edge,1,0.7800,0,3349
3997,2583732,edge,1,0.7800,0,3350
3998,2584319,edge,1,0.7800,0,3351
3999,2584494,edge,0,0.7700,0,3352
4000,2585362,edge,0,0.7600,0,3353
4001,2585686,edge,1,0.7600,0,3354
4002,2585883,edge,1,0.7700,0,3355
4003,2586052,edge,1,0.7800,0,3356
4004,2587289,edge,0,0.7700,0,3357
4005,2587469,edge,1,0.7700,0,3358
4006,2587606,edge,0,0.7600,0,3359
4007,2588606,edge,1,0.7600,0,3360
4008,2589166,edge,1,0.7600,0,3361
4009,2589349,edge,1,0.7600,0,3362
4010,2590663,edge,0,0.7600,0,3363
4011,2590861,edge,1,0.7600,0,3364
4012,2592213,edge,1,0.7600,0,3365
4013,2592606,edge,1,0.7600,0,3366
4014,2592974,edge,0,0.7500,0,3367
4015,2593507,edge,1,0.7600,0,3368
4016,2593727,edge,1,0.7700,0,3369
4017,2594268,edge,1,0.7700,0,3370
4018,2595378,edge,1,0.7800,0,3371
4019,2595944,edge,1,0.7800,0,3372
4020,2596693,edge,1,0.7800,0,3373
4021,2597078,edge,1,0.7900,0,3374
4022,2597612,edge,1,0.8000,0,3375
4023,2598385,edge,1,0.8000,0,3376
4024,2599147,edge,1,0.8000,0,3377
4025,2600477,edge,1,0.8000,0,3378
4026,2600658,edge,1,0.8100,0,3379
4027,2600789,edge,1,0.8100,0,3380
4028,2601005,edge,1,0.8100,0,3381
4029,2601200,edge,1,0.8100,0,3382
4030,2601454,edge,1,0.8100,0,3383
4031,2602005,edge,1,0.8200,0,3384
4032,2602401,edge,1,0.8200,0,3385
4033,2602948,edge,1,0.8200,0,3386
4034,2603630,edge,1,0.8300,0,3387
4035,2603805,edge,1,0.8300,0,3388
4036,2604184,edge,1,0.8300,0,3389
4037,2605536,edge,0,0.8200,0,3390
4038,2606867,edge,1,0.8200,0,3391
4039,2607044,edge,1,0.8200,0,3392
4040,2607722,edge,1,0.8200,0,3393
4041,2608264,edge,1,0.8200,0,3394
4042,2608836,edge,1,0.8200,0,3395
4043,2609013,edge,0,0.8200,0,3396
4044,2610365,edge,0,0.8200,0,3397
4045,2611717,edge,1,0.8200,0,3398
4046,2612113,edge,1,0.8200,0,3399
4047,2612331,edge,1,0.8300,0,3400
4048,2613683,edge,0,0.8200,0,3401
4049,2614308,edge,0,0.8100,0,3402
4050,2614768,edge,0,0.8000,0,3403
4051,2615454,edge,1,0.8000,0,3404
4052,2616806,edge,0,0.7900,0,3405
4053,2617183,edge,1,0.7900,0,3406
4054,2618144,edge,1,0.7900,0,3407
4055,2619201,edge,0,0.7800,0,3408
4056,2619398,edge,1,0.7800,0,3409
4057,2620620,edge,0,0.7700,0,3410
4058,2620799,edge,1,0.7700,0,3411
4059,2621966,edge,0,0.7700,0,3412
4060,2622315,edge,0,0.7600,0,3413
4061,2623316,edge,1,0.7600,0,3414
4062,2624653,edge,1,0.7600,0,3415
4063,2624827,edge,0,0.7500,0,3416
4064,2625402,edge,1,0.7500,0,3417
4065,2625815,edge,1,0.7500,0,3418
4066,2627167,edge,0,0.7400,0,3419
4067,2627355,edge,1,0.7400,0,3420
4068,2628081,edge,0,0.7300,0,3421
4069,2629433,edge,0,0.7300,0,3422
4070,2629650,edge,1,0.7300,0,3423
4071,2629953,edge,1,0.7300,0,3424
4072,2630163,edge,1,0.7400,0,3425
4073,2630878,edge,1,0.7400,0,3426
4074,2631302,edge,1,0.7400,0,3427
4075,2631545,edge,1,0.7400,0,3428
4076,2631774,edge,1,0.7400,0,3429
4077,2631964,edge,1,0.7500,0,3430
4078,2632165,edge,1,0.7500,0,3431
4079,2632580,edge,1,0.7500,0,3432
4080,2632761,edge,1,0.7500,0,3433
4081,2633004,edge,1,0.7500,0,3434
4082,2633196,edge,1,0.7500,0,3435
4083,2633999,edge,1,0.7500,0,3436
4084,2634231,edge,1,0.7600,0,3437
4085,2634806,edge,1,0.7600,0,3438
4086,2635017,edge,1,0.7700,0,3439
4087,2635173,edge,1,0.7700,0,3440
4088,2635571,edge,1,0.7700,0,3441
4089,2636723,edge,1,0.7700,0,3442
4090,2637310,edge,1,0.7700,0,3443
4091,2637654,edge,0,0.7600,0,3444
4092,2638224,edge,1,0.7600,0,3445
4093,2638443,edge,1,0.7600,0,3446
4094,2639158,edge,1,0.7700,0,3447
4095,2640483,edge,1,0.7800,0,3448
4096,2641767,edge,1,0.7800,0,3449
4097,2641981,edge,1,0.7800,0,3450
4098,2642326,edge,0,0.7700,0,3451
4099,2643238,edge,1,0.7800,0,3452
4100,2643529,edge,0,0.7800,0,3453
4101,2644258,edge,1,0.7800,0,3454
4102,2644379,edge,1,0.7800,0,3455
4103,2644781,edge,1,0.7800,0,3456
4104,2645317,edge,1,0.7900,0,3457
4105,2646669,edge,0,0.7800,0,3458
4106,2648015,edge,1,0.7900,0,3459
4107,2648395,edge,1,0.7900,0,3460
4108,2648750,edge,1,0.7900,0,3461
4109,2648920,edge,0,0.7800,0,3462
4110,2649149,edge,1,0.7900,0,3463
4111,2649351,edge,1,0.7900,0,3464
4112,2649527,edge,1,0.7900,0,3465
4113,2649646,edge,0,0.7800,0,3466
4114,2650017,edge,1,0.7900,0,3467
4115,2650776,edge,1,0.7900,0,3468
4116,2651151,edge,1,0.7900,0,3469
4117,2651265,edge,0,0.7800,0,3470
4118,2652201,edge,0,0.7700,0,3471
4119,2652634,edge,1,0.7700,0,3472
4120,2653587,edge,1,0.7700,0,3473
4121,2654557,edge,1,0.7700,0,3474
4122,2655514,edge,1,0.7700,0,3475
4123,2656322,edge,1,0.7700,0,3476
4124,2657674,edge,0,0.7600,0,3477
4125,2658288,edge,1,0.7600,0,3478
4126,2659388,edge,1,0.7600,0,3479
4127,2659897,edge,1,0.7600,0,3480
4128,2660401,edge,0,0.7500,0,3481
4129,2660986,edge,1,0.7500,0,3482
4130,2661188,edge,1,0.7500,0,3483
4131,2662183,edge,1,0.7500,0,3484
4132,2663352,edge,1,0.7500,0,3485
4133,2664704,edge,0,0.7400,0,3486
4134,2665185,edge,0,0.7300,0,3487
4135,2665414,edge,1,0.7300,0,3488
4136,2666766,edge,1,0.7300,0,3489
4137,2667486,edge,0,0.7300,0,3490
4138,2668838,edge,1,0.7300,0,3491
4139,2669220,edge,1,0.7300,0,3492
4140,2669754,edge,1,0.7300,0,3493
4141,2671106,edge,1,0.7300,0,3494
4142,2671319,edge,1,0.7300,0,3495
4143,2672671,edge,0,0.7300,0,3496
4144,2673073,edge,1,0.7400,0,3497
4145,2673869,edge,1,0.7400,0,3498
4146,2675221,edge,0,0.7300,0,3499
4147,2675401,edge,0,0.7200,0,3500
4148,2675767,edge,1,0.7300,0,3501
4149,2676548,edge,1,0.7400,0,3502
4150,2676739,edge,1,0.7500,0,3503
4151,2678003,edge,1,0.7500,0,3504
4152,2678559,edge,1,0.7600,0,3505
4153,2678829,edge,1,0.7600,0,3506
4154,2679010,edge,1,0.7600,0,3507
4155,2679766,edge,1,0.7700,0,3508
4156,2680538,edge,1,0.7700,0,3509
4157,2680944,edge,1,0.7800,0,3510
4158,2681477,edge,1,0.7800,0,3511
4159,2682326,edge,0,0.7800,0,3512
4160,2683510,edge,1,0.7900,0,3513
4161,2684313,edge,0,0.7800,0,3514
4162,2684508,edge,1,0.7800,0,3515
4163,2685602,edge,1,0.7900,0,3516
4164,2686032,edge,1,0.7900,0,3517
4165,2686730,edge,0,0.7800,0,3518
4166,2688082,edge,0,0.7800,0,3519
4167,2688267,edge,0,0.7700,0,3520
4168,2689413,edge,0,0.7700,0,3521
4169,2689984,edge,1,0.7800,0,3522
4170,2690327,edge,1,0.7800,0,3523
4171,2690762,edge,0,0.7700,0,3524
4172,2691156,edge,1,0.7700,0,3525
4173,2692508,edge,1,0.7700,0,3526
4174,2692799,edge,0,0.7600,0,3527
4175,2693172,edge,1,0.7600,0,3528
4176,2693551,edge,1,0.7600,0,3529
4177,2694044,edge,1,0.7600,0,3530
4178,2694248,edge,1,0.7600,0,3531
4179,2695600,edge,1,0.7600,0,3532
4180,2695806,edge,1,0.7600,0,3533
4181,2696252,edge,1,0.7600,0,3534
4182,2696432,edge,0,0.7500,0,3535
4183,2697431,edge,1,0.7500,0,3536
4184,2698554,edge,1,0.7500,0,3537
4185,2698786,edge,1,0.7500,0,3538
4186,2699006,edge,1,0.7500,0,3539
4187,2699389,edge,1,0.7500,0,3540
4188,2699784,edge,0,0.7400,0,3541
4189,2700344,edge,1,0.7400,0,3542
4190,2700935,edge,1,0.7400,0,3543
4191,2701285,edge,1,0.7500,0,3544
4192,2702096,edge,1,0.7500,0,3545
4193,2703448,edge,0,0.7400,0,3546
4194,2704800,edge,1,0.7400,0,3547
4195,2705919,edge,1,0.7400,0,3548
4196,2707088,edge,1,0.7400,0,3549
4197,2707272,edge,1,0.7400,0,3550
4198,2708624,edge,1,0.7500,0,3551
4199,2708961,edge,1,0.7500,0,3552
4200,2710313,edge,1,0.7600,0,3553
4201,2711294,edge,1,0.7600,0,3554
4202,2712440,edge,0,0.7500,0,3555
4203,2713062,edge,0,0.7400,0,3556
4204,2713387,edge,1,0.7400,0,3557
4205,2714739,edge,0,0.7400,0,3558
4206,2714922,edge,1,0.7400,0,3559
4207,2715066,edge,1,0.7400,0,3560
4208,2716418,edge,0,0.7300,0,3561
4209,2717392,edge,1,0.7400,0,3562
4210,2718538,edge,0,0.7300,0,3563
4211,2718920,edge,1,0.7300,0,3564
4212,2719291,edge,1,0.7300,0,3565
4213,2719423,edge,1,0.7400,0,3566
4214,2720097,edge,1,0.7400,0,3567
4215,2721006,edge,1,0.7400,0,3568
4216,2721995,edge,1,0.7400,0,3569
4217,2723347,edge,0,0.7400,0,3570
4218,2723524,edge,1,0.7500,0,3571
4219,2724195,edge,1,0.7500,0,3572
4220,2725352,edge,1,0.7500,0,3573
4221,2726523,edge,1,0.7500,0,3574
4222,2726728,edge,1,0.7500,0,3575
4223,2727652,edge,1,0.7500,0,3576
4224,2729004,edge,0,0.7500,0,3577
4225,2730149,edge,1,0.7500,0,3578
4226,2730259,edge,0,0.7400,0,3579
4227,2730474,edge,1,0.7400,0,3580
4228,2731569,edge,1,0.7500,0,3581
4229,2732418,edge,1,0.7500,0,3582
4230,2733010,edge,1,0.7500,0,3583
4231,2733572,edge,1,0.7500,0,3584
4232,2734924,edge,1,0.7500,0,3585
4233,2736276,edge,0,0.7500,0,3586
4234,2737628,edge,1,0.7600,0,3587
4235,2738980,edge,0,0.7500,0,3588
4236,2739546,edge,1,0.7500,0,3589
4237,2740898,edge,1,0.7600,0,3590
4238,2741179,edge,0,0.7500,0,3591
4239,2741422,edge,1,0.7500,0,3592
4240,2741641,edge,1,0.7500,0,3593
4241,2741814,edge,0,0.7400,0,3594
4242,2742058,edge,1,0.7400,0,3595
4243,2742633,edge,1,0.7500,0,3596
4244,2743114,edge,1,0.7500,0,3597
4245,2743479,edge,0,0.7400,0,3598
4246,2743659,edge,1,0.7500,0,3599
4247,2745011,edge,1,0.7600,0,3600
4248,2745260,edge,1,0.7600,0,3601
4249,2746612,edge,0,0.7500,0,3602
4250,2746720,edge,0,0.7400,0,3603
4251,2746908,edge,1,0.7400,0,3604
4252,2747107,edge,1,0.7400,0,3605
4253,2747644,edge,1,0.7400,0,3606
4254,2747839,edge,1,0.7400,0,3607
4255,2748800,edge,1,0.7400,0,3608
4256,2749956,edge,1,0.7400,0,3609
4257,2750155,edge,1,0.7400,0,3610
4258,2751507,edge,0,0.7300,0,3611
4259,2752859,edge,0,0.7300,0,3612
4260,2753968,edge,0,0.7200,0,3613
4261,2754148,edge,1,0.7300,0,3614
4262,2754458,edge,1,0.7300,0,3615
4263,2755810,edge,0,0.7200,0,3616
4264,2756560,edge,1,0.7200,0,3617
4265,2757794,edge,1,0.7300,0,3618
4266,2758018,edge,1,0.7400,0,3619
4267,2758962,edge,1,0.7500,0,3620
4268,2759554,edge,1,0.7600,0,3621
4269,2760823,edge,0,0.7500,0,3622
4270,2761049,edge,1,0.7500,0,3623
4271,2761851,edge,1,0.7600,0,3624
4272,2762299,edge,0,0.7500,0,3625
4273,2762498,edge,1,0.7500,0,3626
4274,2762732,edge,1,0.7600,0,3627
4275,2763716,edge,1,0.7600,0,3628
4276,2765068,edge,0,0.7500,0,3629
4277,2765292,edge,1,0.7500,0,3630
4278,2765677,edge,1,0.7500,0,3631
4279,2766621,edge,1,0.7500,0,3632
4280,2767973,edge,0,0.7400,0,3633
4281,2769047,edge,0,0.7300,0,3634
4282,2769949,edge,1,0.7400,0,3635
4283,2770161,edge,1,0.7400,0,3636
4284,2770403,edge,1,0.7400,0,3637
4285,2770707,edge,1,0.7400,0,3638
4286,2772059,edge,0,0.7300,0,3639
4287,2772836,edge,1,0.7300,0,3640
4288,2773750,edge,1,0.7400,0,3641
4289,2773932,edge,1,0.7400,0,3642
4290,2774280,edge,0,0.7300,0,3643
4291,2774680,edge,1,0.7300,0,3644
4292,2776032,edge,0,0.7200,0,3645
4293,2777384,edge,1,0.7300,0,3646
4294,2777602,edge,1,0.7300,0,3647
4295,2777992,edge,1,0.7300,0,3648
4296,2778741,edge,1,0.7300,0,3649
4297,2779524,edge,1,0.7300,0,3650
4298,2780724,edge,0,0.7200,0,3651
4299,2781089,edge,0,0.7100,0,3652
4300,2781511,edge,1,0.7100,0,3653
4301,2782067,edge,0,0.7000,0,3654
4302,2782411,edge,1,0.7100,0,3655
4303,2783698,edge,1,0.7200,0,3656
4304,2784100,edge,1,0.7200,0,3657
4305,2785452,edge,1,0.7300,0,3658
4306,2786804,edge,0,0.7200,0,3659
4307,2788156,edge,0,0.7100,0,3660
4308,2788806,edge,1,0.7200,0,3661
4309,2790158,edge,0,0.7100,0,3662
4310,2790706,edge,1,0.7200,0,3663
4311,2791617,edge,1,0.7200,0,3664
4312,2791716,edge,0,0.7100,0,3665
4313,2793068,edge,0,0.7000,0,3666
4314,2793244,edge,0,0.6900,0,3667
4315,2794596,edge,1,0.6900,0,3668
4316,2795645,edge,0,0.6800,0,3669
4317,2796741,edge,1,0.6900,0,3670
4318,2796945,edge,1,0.6900,0,3671
4319,2797310,edge,1,0.6900,0,3672
4320,2798590,edge,1,0.6900,0,3673
4321,2799508,edge,1,0.6900,0,3674
4322,2800234,edge,1,0.6900,0,3675
4323,2800831,edge,1,0.6900,0,3676
4324,2801229,edge,1,0.7000,0,3677
4325,2801405,edge,0,0.6900,0,3678
4326,2801625,edge,1,0.7000,0,3679
4327,2802498,edge,0,0.6900,0,3680
4328,2803837,edge,1,0.6900,0,3681
4329,2804050,edge,1,0.6900,0,3682
4330,2804679,edge,1,0.6900,0,3683
4331,2805967,edge,1,0.6900,0,3684
4332,2806139,edge,1,0.6900,0,3685
4333,2807491,edge,0,0.6900,0,3686
4334,2808843,edge,0,0.6800,0,3687
4335,2810195,edge,0,0.6800,0,3688
4336,2810782,edge,1,0.6800,0,3689
4337,2811354,edge,1,0.6800,0,3690
4338,2812104,edge,1,0.6900,0,3691
4339,2813456,edge,0,0.6800,0,3692
4340,2813625,edge,0,0.6700,0,3693
4341,2814175,edge,1,0.6800,0,3694
4342,2814549,edge,1,0.6800,0,3695
4343,2814772,edge,1,0.6800,0,3696
4344,2816124,edge,0,0.6700,0,3697
4345,2816480,edge,0,0.6700,0,3698
4346,2817146,edge,0,0.6600,0,3699
4347,2818498,edge,0,0.6500,0,3700
4348,2819555,edge,0,0.6400,0,3701
4349,2819746,edge,1,0.6500,0,3702
4350,2820114,edge,1,0.6600,0,3703
4351,2820530,edge,1,0.6600,0,3704
4352,2821460,edge,1,0.6600,0,3705
4353,2822072,edge,1,0.6600,0,3706
4354,2822259,edge,1,0.6600,0,3707
4355,2822892,edge,1,0.6600,0,3708
4356,2824012,edge,1,0.6600,0,3709
4357,2825090,edge,1,0.6600,0,3710
4358,2826302,edge,1,0.6700,0,3711
4359,2826507,edge,1,0.6800,0,3712
4360,2826887,edge,1,0.6900,0,3713
4361,2827782,edge,1,0.6900,0,3714
4362,2828874,edge,1,0.6900,0,3715
4363,2829220,edge,0,0.6900,0,3716
4364,2830269,edge,0,0.6800,0,3717
4365,2831160,edge,1,0.6800,0,3718
4366,2831700,edge,1,0.6800,0,3719
4367,2833052,edge,1,0.6800,0,3720
4368,2833783,edge,1,0.6800,0,3721
4369,2834153,edge,1,0.6900,0,3722
4370,2834323,edge,0,0.6800,0,3723
4371,2834717,edge,1,0.6800,0,3724
4372,2835448,edge,0,0.6800,0,3725
4373,2836193,edge,1,0.6800,0,3726
4374,2837545,edge,0,0.6700,0,3727
4375,2837757,edge,1,0.6700,0,3728
4376,2838286,edge,1,0.6800,0,3729
4377,2838977,edge,0,0.6700,0,3730
4378,2839485,edge,0,0.6600,0,3731
4379,2840058,edge,1,0.6600,0,3732
4380,2840580,edge,0,0.6600,0,3733
4381,2840965,edge,0,0.6600,0,3734
4382,2841188,edge,1,0.6600,0,3735
4383,2842540,edge,1,0.6600,0,3736
4384,2843289,edge,0,0.6500,0,3737
4385,2843654,edge,1,0.6500,0,3738
4386,2844039,edge,1,0.6600,0,3739
4387,2844235,edge,1,0.6600,0,3740
4388,2844407,edge,0,0.6500,0,3741
4389,2844873,edge,1,0.6500,0,3742
4390,2846225,edge,0,0.6500,0,3743
4391,2846800,edge,1,0.6500,0,3744
4392,2847806,edge,1,0.6600,0,3745
4393,2848013,edge,1,0.6600,0,3746
4394,2849365,edge,0,0.6500,0,3747
4395,2849896,edge,1,0.6500,0,3748
4396,2850285,edge,1,0.6500,0,3749
4397,2851318,edge,0,0.6400,0,3750
4398,2852352,edge,1,0.6500,0,3751
4399,2852955,edge,1,0.6600,0,3752
4400,2854108,edge,1,0.6600,0,3753
4401,2855460,edge,0,0.6600,0,3754
4402,2855971,edge,1,0.6600,0,3755
4403,2857055,edge,1,0.6600,0,3756
4404,2858365,edge,1,0.6600,0,3757
4405,2858537,edge,1,0.6600,0,3758
4406,2859081,edge,1,0.6700,0,3759
4407,2859464,edge,1,0.6800,0,3760
4408,2859641,edge,1,0.6800,0,3761
4409,2860846,edge,1,0.6900,0,3762
4410,2861825,edge,0,0.6800,0,3763
4411,2863177,edge,0,0.6700,0,3764
4412,2863799,edge,1,0.6800,0,3765
4413,2864355,edge,0,0.6800,0,3766
4414,2864778,edge,1,0.6900,0,3767
4415,2866130,edge,0,0.6800,0,3768
4416,2867038,edge,1,0.6900,0,3769
4417,2868390,edge,0,0.6800,0,3770
4418,2868913,edge,1,0.6800,0,3771
4419,2869200,edge,0,0.6700,0,3772
4420,2869911,edge,0,0.6600,0,3773
4421,2870091,edge,1,0.6600,0,3774
4422,2871443,edge,0,0.6500,0,3775
4423,2871801,edge,1,0.6500,0,3776
4424,2872726,edge,1,0.6500,0,3777
4425,2873121,edge,1,0.6600,0,3778
4426,2873510,edge,1,0.6600,0,3779
4427,2874104,edge,1,0.6700,0,3780
4428,2874289,edge,1,0.6700,0,3781
4429,2875153,edge,0,0.6600,0,3782
4430,2875717,edge,0,0.6500,0,3783
4431,2876272,edge,1,0.6500,0,3784
4432,2876500,edge,1,0.6500,0,3785
4433,2876697,edge,0,0.6500,0,3786
4434,2877947,edge,1,0.6600,0,3787
4435,2879036,edge,0,0.6600,0,3788
4436,2879611,edge,1,0.6600,0,3789
4437,2879861,edge,1,0.6600,0,3790
4438,2880323,edge,0,0.6500,0,3791
4439,2881675,edge,0,0.6500,0,3792
4440,2882210,edge,0,0.6500,0,3793
4441,2882414,edge,1,0.6500,0,3794
4442,2883134,edge,1,0.6500,0,3795
4443,2883374,edge,1,0.6500,0,3796
4444,2883727,edge,1,0.6600,0,3797
4445,2883927,edge,1,0.6700,0,3798
4446,2884836,edge,1,0.6800,0,3799
4447,2885572,edge,1,0.6900,0,3800
4448,2885789,edge,1,0.7000,0,3801
4449,2886892,edge,1,0.7000,0,3802
4450,2887246,edge,1,0.7000,0,3803
4451,2887445,edge,1,0.7000,0,3804
4452,2888018,edge,0,0.6900,0,3805
4453,2888775,edge,1,0.6900,0,3806
4454,2890127,edge,0,0.6800,0,3807
4455,2890870,edge,1,0.6800,0,3808
4456,2892080,edge,1,0.6800,0,3809
4457,2892249,edge,0,0.6700,0,3810
4458,2892923,edge,1,0.6700,0,3811
4459,2893370,edge,1,0.6700,0,3812
4460,2893589,edge,1,0.6700,0,3813
4461,2893785,edge,1,0.6700,0,3814
4462,2894316,edge,1,0.6700,0,3815
4463,2895668,edge,0,0.6700,0,3816
4464,2896434,edge,1,0.6800,0,3817
4465,2896793,edge,1,0.6800,0,3818
4466,2896967,edge,1,0.6800,0,3819
4467,2898319,edge,1,0.6800,0,3820
4468,2898522,edge,0,0.6700,0,3821
4469,2898969,edge,0,0.6600,0,3822
4470,2899175,edge,1,0.6700,0,3823
4471,2899381,edge,1,0.6700,0,3824
4472,2900636,edge,1,0.6800,0,3825
4473,2900820,edge,0,0.6700,0,3826
4474,2901948,edge,0,0.6700,0,3827
4475,2902828,edge,0,0.6600,0,3828
4476,2903103,edge,0,0.6500,0,3829
4477,2903275,edge,0,0.6500,0,3830
4478,2904324,edge,1,0.6600,0,3831
4479,2904896,edge,1,0.6600,0,3832
4480,2905095,edge,1,0.6700,0,3833
4481,2906447,edge,1,0.6800,0,3834
4482,2906650,edge,1,0.6800,0,3835
4483,2906854,edge,1,0.6800,0,3836
4484,2907395,edge,0,0.6800,0,3837
4485,2908537,edge,1,0.6800,0,3838
4486,2908753,edge,1,0.6800,0,3839
4487,2910077,edge,1,0.6800,0,3840
4488,2910916,edge,1,0.6900,0,3841
4489,2911090,edge,0,0.6800,0,3842
4490,2912314,edge,1,0.6900,0,3843
4491,2912895,edge,1,0.6900,0,3844
4492,2913094,edge,1,0.6900,0,3845
4493,2913662,edge,1,0.6900,0,3846
4494,2913850,edge,1,0.7000,0,3847
4495,2914400,edge,1,0.7000,0,3848
4496,2914792,edge,1,0.7000,0,3849
4497,2915027,edge,1,0.7100,0,3850
4498,2915218,edge,1,0.7100,0,3851
4499,2915459,edge,1,0.7100,0,3852
4500,2916647,edge,1,0.7100,0,3853
4501,2917205,edge,1,0.7200,0,3854
4502,2917480,edge,1,0.7200,0,3855
4503,2918020,edge,1,0.7200,0,3856
4504,2918246,edge,1,0.7200,0,3857
4505,2919598,edge,0,0.7100,0,3858
4506,2920330,edge,1,0.7100,0,3859
4507,2921682,edge,0,0.7000,0,3860
4508,2921986,edge,1,0.7000,0,3861
4509,2922197,edge,1,0.7000,0,3862
4510,2922580,edge,0,0.7000,0,3863
4511,2923932,edge,0,0.7000,0,3864
4512,2924699,edge,0,0.6900,0,3865
4513,2925282,edge,1,0.7000,0,3866
4514,2926402,edge,1,0.7000,0,3867
4515,2927745,edge,1,0.7100,0,3868
4516,2928955,edge,0,0.7000,0,3869
4517,2929143,edge,1,0.7100,0,3870
4518,2930495,edge,1,0.7100,0,3871
4519,2930614,edge,0,0.7100,0,3872
4520,2930810,edge,1,0.7200,0,3873
4521,2932162,edge,0,0.7100,0,3874
4522,2933186,edge,0,0.7100,0,3875
4523,2934477,edge,1,0.7100,0,3876
4524,2934712,edge,1,0.7100,0,3877
4525,2935714,edge,0,0.7000,0,3878
4526,2936075,edge,1,0.7000,0,3879
4527,2936461,edge,1,0.7000,0,3880
4528,2937813,edge,0,0.6900,0,3881
4529,2939165,edge,0,0.6900,0,3882
4530,2940070,edge,1,0.7000,0,3883
4531,2941161,edge,0,0.6900,0,3884
4532,2942513,edge,0,0.6800,0,3885
4533,2942699,edge,1,0.6900,0,3886
4534,2942890,edge,1,0.6900,0,3887
4535,2943069,edge,1,0.7000,0,3888
4536,2943699,edge,1,0.7000,0,3889
4537,2944341,edge,1,0.7000,0,3890
4538,2945693,edge,0,0.7000,0,3891
4539,2946715,edge,1,0.7100,0,3892
4540,2947118,edge,1,0.7200,0,3893
4541,2947247,edge,1,0.7200,0,3894
4542,2947428,edge,1,0.7200,0,3895
4543,2948506,edge,1,0.7200,0,3896
4544,2949738,edge,0,0.7100,0,3897
4545,2949914,edge,0,0.7000,0,3898
4546,2951266,edge,0,0.6900,0,3899
4547,2952280,edge,1,0.6900,0,3900
4548,2952473,edge,1,0.6900,0,3901
4549,2953010,edge,1,0.6900,0,3902
4550,2953514,edge,0,0.6800,0,3903
4551,2954075,edge,1,0.6800,0,3904
4552,2955427,edge,1,0.6900,0,3905
4553,2956029,edge,0,0.6800,0,3906
4554,2956421,edge,1,0.6900,0,3907
4555,2956843,edge,1,0.6900,0,3908
4556,2958195,edge,1,0.6900,0,3909
4557,2958906,edge,1,0.7000,0,3910
4558,2959653,edge,1,0.7000,0,3911
4559,2960215,edge,1,0.7000,0,3912
4560,2961116,edge,1,0.7000,0,3913
4561,2961516,edge,1,0.7000,0,3914
4562,2961700,edge,1,0.7000,0,3915
4563,2962352,edge,0,0.7000,0,3916
4564,2962755,edge,1,0.7000,0,3917
4565,2964050,edge,0,0.6900,0,3918
4566,2964649,edge,1,0.6900,0,3919
4567,2966001,edge,0,0.6800,0,3920
4568,2967353,edge,0,0.6800,0,3921
4569,2968002,edge,0,0.6800,0,3922
4570,2968804,edge,0,0.6700,0,3923
4571,2969275,edge,1,0.6700,0,3924
4572,2970166,edge,1,0.6700,0,3925
4573,2971518,edge,0,0.6700,0,3926
4574,2971691,edge,0,0.6700,0,3927
4575,2972336,edge,0,0.6700,0,3928
4576,2973688,edge,1,0.6800,0,3929
4577,2973892,edge,0,0.6800,0,3930
4578,2974680,edge,1,0.6800,0,3931
4579,2975822,edge,1,0.6800,0,3932
4580,2976152,edge,1,0.6800,0,3933
4581,2976312,edge,1,0.6800,0,3934
4582,2976437,edge,1,0.6800,0,3935
4583,2976612,edge,0,0.6700,0,3936
4584,2976988,edge,1,0.6800,0,3937
4585,2978340,edge,0,0.6700,0,3938
4586,2978684,edge,1,0.6700,0,3939
4587,2979371,edge,0,0.6600,0,3940
4588,2979545,edge,0,0.6500,0,3941
4589,2980624,edge,1,0.6600,0,3942
4590,2980972,edge,0,0.6500,0,3943
4591,2981148,edge,0,0.6400,0,3944
4592,2982500,edge,0,0.6300,0,3945
4593,2982825,edge,1,0.6300,0,3946
4594,2983215,edge,1,0.6300,0,3947
4595,2983612,edge,1,0.6300,0,3948
4596,2983810,edge,1,0.6300,0,3949
4597,2984371,edge,1,0.6300,0,3950
4598,2985542,edge,1,0.6300,0,3951
4599,2986894,edge,0,0.6200,0,3952
4600,2987687,edge,1,0.6200,0,3953
4601,2987858,edge,0,0.6100,0,3954
4602,2988246,edge,1,0.6100,0,3955
4603,2988422,edge,0,0.6000,0,3956
4604,2988774,edge,1,0.6000,0,3957
4605,2989365,edge,0,0.6000,0,3958
4606,2990717,edge,1,0.6000,0,3959
4607,2991059,edge,0,0.6000,0,3960
4608,2991648,edge,1,0.6000,0,3961
4609,2992021,edge,1,0.6000,0,3962
4610,2993035,edge,1,0.6100,0,3963
4611,2993606,edge,1,0.6200,0,3964
4612,2993967,edge,0,0.6200,0,3965
4613,2994520,edge,1,0.6200,0,3966
4614,2994639,edge,1,0.6200,0,3967
4615,2995991,edge,0,0.6100,0,3968
4616,2996679,edge,1,0.6200,0,3969
4617,2998031,edge,0,0.6100,0,3970
4618,2999015,edge,1,0.6100,0,3971
4619,3000367,edge,1,0.6200,0,3972
4620,3001719,edge,0,0.6100,0,3973
4621,3003071,edge,0,0.6100,0,3974
4622,3004304,edge,0,0.6100,0,3975
4623,3004443,edge,1,0.6100,0,3976
4624,3004629,edge,1,0.6100,0,3977
4625,3005552,edge,1,0.6200,0,3978
4626,3006421,edge,1,0.6200,0,3979
4627,3006791,edge,1,0.6200,0,3980
4628,3007261,edge,1,0.6300,0,3981
4629,3007804,edge,1,0.6400,0,3982
4630,3008032,edge,1,0.6400,0,3983
4631,3008563,edge,0,0.6400,0,3984
4632,3009915,edge,0,0.6400,0,3985
4633,3011267,edge,0,0.6300,0,3986
4634,3012619,edge,1,0.6300,0,3987
4635,3012789,edge,0,0.6200,0,3988
4636,3013194,edge,0,0.6100,0,3989
4637,3013648,edge,0,0.6000,0,3990
4638,3013808,edge,1,0.6100,0,3991
4639,3014004,edge,1,0.6100,0,3992
4640,3014543,edge,1,0.6100,0,3993
4641,3015087,edge,1,0.6100,0,3994
4642,3016075,edge,1,0.6100,0,3995
4643,3016875,edge,1,0.6100,0,3996
4644,3018227,edge,0,0.6100,0,3997
4645,3018572,edge,1,0.6200,0,3998
4646,3019924,edge,0,0.6200,0,3999
4647,3020492,edge,1,0.6200,0,4000
4648,3021844,edge,0,0.6100,0,4001
4649,3022373,edge,1,0.6100,0,4002
4650,3023725,edge,0,0.6100,0,4003
4651,3023890,edge,1,0.6100,0,4004
4652,3025242,edge,0,0.6000,0,4005
4653,3025526,edge,0,0.6000,0,4006
4654,3025723,edge,1,0.6000,0,4007
4655,3027075,edge,1,0.6000,0,4008
4656,3028427,edge,0,0.5900,0,4009
4657,3029282,edge,1,0.5900,0,4010
4658,3030106,edge,1,0.5900,0,4011
4659,3030845,edge,0,0.5800,0,4012
4660,3032116,edge,1,0.5800,0,4013
4661,3032484,edge,1,0.5800,0,4014
4662,3032617,edge,1,0.5800,0,4015
4663,3033535,edge,0,0.5800,0,4016
4664,3034103,edge,1,0.5800,0,4017
4665,3034284,edge,1,0.5900,0,4018
4666,3035005,edge,1,0.5900,0,4019
4667,3035935,edge,1,0.6000,0,4020
4668,3036171,edge,1,0.6100,0,4021
4669,3037523,edge,1,0.6200,0,4022
4670,3038875,edge,1,0.6300,0,4023
4671,3040227,edge,0,0.6200,0,4024
4672,3040615,edge,1,0.6200,0,4025
4673,3041633,edge,1,0.6300,0,4026
4674,3042567,edge,0,0.6300,0,4027
4675,3043100,edge,0,0.6300,0,4028
4676,3043648,edge,0,0.6200,0,4029
4677,3045000,edge,1,0.6300,0,4030
4678,3045751,edge,1,0.6300,0,4031
4679,3046294,edge,0,0.6200,0,4032
4680,3047646,edge,0,0.6100,0,4033
4681,3048279,edge,1,0.6100,0,4034
4682,3049631,edge,1,0.6100,0,4035
4683,3049824,edge,1,0.6200,0,4036
4684,3051009,edge,1,0.6200,0,4037
4685,3051325,edge,1,0.6300,0,4038
4686,3052653,edge,1,0.6300,0,4039
4687,3054005,edge,1,0.6400,0,4040
4688,3055357,edge,1,0.6500,0,4041
4689,3055580,edge,1,0.6500,0,4042
4690,3055762,edge,1,0.6600,0,4043
4691,3057114,edge,0,0.6600,0,4044
4692,3058466,edge,0,0.6600,0,4045
4693,3059818,edge,0,0.6500,0,4046
4694,3061170,edge,1,0.6500,0,4047
4695,3062522,edge,0,0.6400,0,4048
4696,3063294,edge,1,0.6400,0,4049
4697,3063464,edge,0,0.6300,0,4050
4698,3063814,edge,0,0.6200,0,4051
4699,3064546,edge,1,0.6300,0,4052
4700,3064792,edge,1,0.6300,0,4053
4701,3065744,edge,1,0.6400,0,4054
4702,3067096,edge,0,0.6300,0,4055
4703,3067211,edge,0,0.6300,0,4056
4704,3068563,edge,1,0.6300,0,4057
4705,3068934,edge,1,0.6400,0,4058
4706,3069157,edge,1,0.6400,0,4059
4707,3069906,edge,1,0.6500,0,4060
4708,3070808,edge,1,0.6500,0,4061
4709,3071184,edge,1,0.6500,0,4062
4710,3072536,edge,1,0.6500,0,4063
4711,3072739,edge,1,0.6500,0,4064
4712,3073597,edge,0,0.6500,0,4065
4713,3074170,edge,1,0.6500,0,4066
4714,3074360,edge,1,0.6500,0,4067
4715,3074558,edge,1,0.6600,0,4068
4716,3075910,edge,0,0.6500,0,4069
4717,3076501,edge,1,0.6600,0,4070
4718,3076916,edge,1,0.6600,0,4071
4719,3077589,edge,0,0.6500,0,4072
4720,3077964,edge,1,0.6600,0,4073
4721,3078148,edge,1,0.6700,0,4074
4722,3079500,edge,0,0.6700,0,4075
4723,3080301,edge,1,0.6700,0,4076
4724,3080885,edge,1,0.6700,0,4077
4725,3081018,edge,1,0.6700,0,4078
4726,3081389,edge,1,0.6700,0,4079
4727,3081982,edge,0,0.6600,0,4080
4728,3083320,edge,0,0.6500,0,4081
4729,3083826,edge,1,0.6500,0,4082
4730,3084938,edge,1,0.6500,0,4083
4731,3086100,edge,1,0.6600,0,4084
4732,3086873,edge,1,0.6700,0,4085
4733,3087371,edge,0,0.6700,0,4086
4734,3087755,edge,1,0.6700,0,4087
4735,3088961,edge,1,0.6800,0,4088
4736,3089326,edge,1,0.6900,0,4089
4737,3090481,edge,1,0.7000,0,4090
4738,3091226,edge,0,0.6900,0,4091
4739,3091412,edge,1,0.6900,0,4092
4740,3092764,edge,1,0.6900,0,4093
4741,3093321,edge,1,0.6900,0,4094
4742,3094369,edge,1,0.6900,0,4095
4743,3095520,edge,0,0.6800,0,4096
4744,3095735,edge,1,0.6900,0,4097
4745,3096313,edge,1,0.6900,0,4098
4746,3096482,edge,0,0.6900,0,4099
4747,3097360,edge,1,0.6900,0,4100
4748,3098513,edge,1,0.7000,0,4101
4749,3099865,edge,0,0.6900,0,4102
4750,3100246,edge,0,0.6900,0,4103
4751,3101598,edge,0,0.6800,0,4104
4752,3102944,edge,0,0.6800,0,4105
4753,3103744,edge,1,0.6900,0,4106
4754,3104450,edge,1,0.6900,0,4107
4755,3105802,edge,0,0.6800,0,4108
4756,3107121,edge,0,0.6800,0,4109
4757,3107478,edge,0,0.6700,0,4110
4758,3107825,edge,0,0.6600,0,4111
4759,3108019,edge,1,0.6700,0,4112
4760,3108634,edge,1,0.6700,0,4113
4761,3109167,edge,0,0.6600,0,4114
4762,3110519,edge,0,0.6500,0,4115
4763,3111871,edge,0,0.6500,0,4116
4764,3112811,edge,1,0.6500,0,4117
4765,3113469,edge,0,0.6400,0,4118
4766,3114379,edge,1,0.6400,0,4119
4767,3115731,edge,0,0.6300,0,4120
4768,3117083,edge,0,0.6200,0,4121
4769,3117280,edge,0,0.6100,0,4122
4770,3117485,edge,1,0.6100,0,4123
4771,3117674,edge,0,0.6100,0,4124
4772,3118070,edge,1,0.6100,0,4125
4773,3119364,edge,0,0.6000,0,4126
4774,3120716,edge,0,0.6000,0,4127
4775,3120885,edge,0,0.6000,0,4128
4776,3121080,edge,1,0.6100,0,4129
4777,3121275,edge,1,0.6100,0,4130
4778,3121500,edge,1,0.6100,0,4131
4779,3121747,edge,1,0.6200,0,4132
4780,3122117,edge,1,0.6300,0,4133
4781,3123216,edge,0,0.6200,0,4134
4782,3124568,edge,0,0.6100,0,4135
4783,3125920,edge,1,0.6100,0,4136
4784,3127272,edge,0,0.6000,0,4137
4785,3128299,edge,0,0.5900,0,4138
4786,3129651,edge,0,0.5800,0,4139
4787,3130393,edge,0,0.5700,0,4140
4788,3130584,edge,0,0.5600,0,4141
4789,3131642,edge,0,0.5500,0,4142
4790,3132765,edge,0,0.5400,0,4143
4791,3134117,edge,1,0.5500,0,4144
4792,3134221,edge,0,0.5500,0,4145
4793,3135108,edge,0,0.5500,0,4146
4794,3136460,edge,1,0.5500,0,4147
4795,3136796,edge,1,0.5600,0,4148
4796,3137317,edge,0,0.5500,0,4149
4797,3137875,edge,1,0.5600,0,4150
4798,3138443,edge,0,0.5600,0,4151
4799,3139795,edge,0,0.5500,0,4152
4800,3141147,edge,0,0.5400,0,4153
4801,3141688,edge,1,0.5400,0,4154
4802,3142147,edge,0,0.5400,0,4155
4803,3142496,edge,0,0.5400,0,4156
4804,3143848,edge,0,0.5300,0,4157
4805,3144183,edge,1,0.5300,0,4158
4806,3144597,edge,1,0.5300,0,4159
4807,3145383,edge,0,0.5200,0,4160
4808,3146069,edge,0,0.5100,0,4161
4809,3146465,edge,1,0.5100,0,4162
4810,3147817,edge,0,0.5000,0,4163
4811,3149032,edge,1,0.5000,0,4164
4812,3150159,edge,1,0.5100,0,4165
4813,3151511,edge,0,0.5000,0,4166
4814,3152018,edge,0,0.4900,0,4167
4815,3153370,edge,0,0.4800,0,4168
4816,3154722,edge,0,0.4800,0,4169
4817,3154898,edge,1,0.4800,0,4170
4818,3155472,edge,1,0.4800,0,4171
4819,3156824,edge,0,0.4800,0,4172
4820,3157799,edge,1,0.4800,0,4173
4821,3158230,edge,1,0.4800,0,4174
4822,3159582,edge,0,0.4800,0,4175
4823,3160934,edge,0,0.4700,0,4176
4824,3161086,edge,0,0.4600,0,4177
4825,3161630,edge,1,0.4600,0,4178
4826,3162759,edge,1,0.4600,0,4179
4827,3162994,edge,1,0.4700,0,4180
4828,3164346,edge,0,0.4700,0,4181
4829,3164570,edge,1,0.4700,0,4182
4830,3165922,edge,0,0.4600,0,4183
4831,3166274,edge,1,0.4600,0,4184
4832,3166473,edge,1,0.4600,0,4185
4833,3167825,edge,1,0.4700,0,4186
4834,3169177,edge,1,0.4700,0,4187
4835,3169383,edge,1,0.4700,0,4188
4836,3169961,edge,1,0.4700,0,4189
4837,3171313,edge,0,0.4600,0,4190
4838,3171814,edge,1,0.4700,0,4191
4839,3173166,edge,0,0.4600,0,4192
4840,3174047,edge,1,0.4600,0,4193
4841,3174642,edge,1,0.4600,0,4194
4842,3175994,edge,0,0.4500,0,4195
4843,3176631,edge,1,0.4600,0,4196
4844,3177983,edge,0,0.4500,0,4197
4845,3178197,edge,1,0.4500,0,4198
4846,3179019,edge,1,0.4600,0,4199
4847,3179388,edge,1,0.4600,0,4200
4848,3180740,edge,0,0.4500,0,4201
4849,3181274,edge,0,0.4500,0,4202
4850,3181477,edge,1,0.4600,0,4203
4851,3182263,edge,1,0.4700,0,4204
4852,3182445,edge,1,0.4800,0,4205
4853,3183797,edge,0,0.4700,0,4206
4854,3185149,edge,0,0.4600,0,4207
4855,3186314,edge,0,0.4600,0,4208
4856,3187666,edge,0,0.4600,0,4209
4857,3189018,edge,0,0.4600,0,4210
4858,3189398,edge,1,0.4700,0,4211
4859,3190563,edge,1,0.4700,0,4212
4860,3191504,edge,1,0.4700,0,4213
4861,3192856,edge,0,0.4700,0,4214
4862,3193235,edge,1,0.4800,0,4215
4863,3193758,edge,1,0.4900,0,4216
4864,3195110,edge,0,0.4800,0,4217
4865,3196237,edge,1,0.4900,0,4218
4866,3196987,edge,0,0.4800,0,4219
4867,3197535,edge,1,0.4900,0,4220
4868,3197827,edge,0,0.4900,0,4221
4869,3198382,edge,1,0.5000,0,4222
4870,3199017,edge,1,0.5000,0,4223
4871,3199731,edge,1,0.5100,0,4224
4872,3200078,edge,0,0.5000,0,4225
4873,3201430,corner,1,0.5100,1,1
4874,3202782,corner,1,0.5200,1,2
4875,3203115,corner,0,0.5200,1,3
4876,3203332,corner,1,0.5200,1,4
4877,3204328,corner,1,0.5200,1,5
4878,3205680,corner,0,0.5100,1,6
4879,3206092,corner,1,0.5100,1,7
4880,3206294,corner,1,0.5100,1,8
4881,3207646,corner,1,0.5200,1,9
4882,3208998,corner,0,0.5200,1,10
4883,3209283,corner,0,0.5100,1,11
4884,3210635,corner,0,0.5100,1,12
4885,3210843,corner,1,0.5200,1,13
4886,3211046,corner,1,0.5300,1,14
4887,3211492,corner,0,0.5300,1,15
4888,3212844,corner,0,0.5300,1,16
4889,3213659,corner,0,0.5300,1,17
4890,3215011,corner,1,0.5400,1,18
4891,3216000,corner,1,0.5400,1,19
4892,3217352,corner,0,0.5400,1,20
4893,3218239,corner,1,0.5500,1,21
4894,3218404,corner,1,0.5500,1,22
4895,3218604,corner,1,0.5500,1,23
4896,3219956,corner,0,0.5500,1,24
4897,3221308,corner,0,0.5400,1,25
4898,3221511,corner,1,0.5500,1,26
4899,3221713,corner,1,0.5600,1,27
4900,3222973,corner,1,0.5700,1,28
4901,3224325,corner,0,0.5600,1,29
4902,3224533,corner,1,0.5700,1,30
4903,3225317,corner,1,0.5800,1,31
4904,3226669,corner,0,0.5800,1,32
4905,3228021,corner,0,0.5700,1,33
4906,3229282,corner,1,0.5700,1,34
4907,3230634,corner,0,0.5700,1,35
4908,3230982,corner,1,0.5800,1,36
4909,3231703,corner,1,0.5800,1,37
4910,3232575,corner,1,0.5900,1,38
4911,3233927,corner,1,0.5900,1,39
4912,3234179,corner,0,0.5800,1,40
4913,3234700,corner,0,0.5800,1,41
4914,3235018,corner,1,0.5900,1,42
4915,3235128,corner,0,0.5900,1,43
4916,3235370,corner,1,0.6000,1,44
4917,3235582,corner,1,0.6000,1,45
4918,3236799,corner,1,0.6000,1,46
4919,3236996,corner,1,0.6100,1,47
4920,3237357,corner,1,0.6100,1,48
4921,3238709,corner,0,0.6000,1,49
4922,3239112,corner,1,0.6100,1,50
4923,3240464,corner,0,0.6100,1,51
4924,3241609,corner,0,0.6100,1,52
4925,3242179,corner,1,0.6100,1,53
4926,3242976,corner,1,0.6100,1,54
4927,3244328,corner,0,0.6000,1,55
4928,3245453,corner,0,0.6000,1,56
4929,3246607,corner,1,0.6000,1,57
4930,3247893,corner,1,0.6100,1,58
4931,3248881,corner,0,0.6000,1,59
4932,3249440,corner,0,0.5900,1,60
4933,3250346,corner,1,0.5900,1,61
4934,3251428,corner,1,0.5900,1,62
4935,3251638,corner,1,0.5900,1,63
4936,3252732,corner,1,0.5900,1,64
4937,3253145,corner,1,0.6000,1,65
4938,3253327,corner,1,0.6000,1,66
4939,3254207,corner,1,0.6100,1,67
4940,3254456,corner,0,0.6000,1,68
4941,3254809,corner,1,0.6000,1,69
4942,3255660,corner,1,0.6100,1,70
4943,3256263,corner,1,0.6100,1,71
4944,3257615,corner,1,0.6200,1,72
4945,3258380,corner,1,0.6200,1,73
4946,3259175,corner,1,0.6200,1,74
4947,3259283,corner,0,0.6100,1,75
4948,3260358,corner,1,0.6200,1,76
4949,3261710,corner,1,0.6300,1,77
4950,3263062,corner,0,0.6200,1,78
4951,3264145,corner,1,0.6200,1,79
4952,3264319,corner,0,0.6100,1,80
4953,3264550,corner,1,0.6200,1,81
4954,3264719,corner,0,0.6200,1,82
4955,3265554,corner,1,0.6300,1,83
4956,3265969,corner,1,0.6400,1,84
4957,3266172,corner,1,0.6500,1,85
4958,3266521,corner,0,0.6400,1,86
4959,3267280,corner,1,0.6400,1,87
4960,3268338,corner,1,0.6400,1,88
4961,3269305,corner,1,0.6500,1,89
4962,3270657,corner,0,0.6400,1,90
4963,3271065,corner,1,0.6400,1,91
4964,3272189,corner,1,0.6500,1,92
4965,3272412,corner,1,0.6500,1,93
4966,3272965,corner,1,0.6600,1,94
4967,3274083,corner,1,0.6600,1,95
4968,3274535,corner,1,0.6700,1,96
4969,3275100,corner,1,0.6700,1,97
4970,3275322,corner,1,0.6700,1,98
4971,3275878,corner,1,0.6700,1,99
4972,3276268,corner,0,0.6700,1,100
4973,3276441,corner,1,0.6700,1,101
4974,3276635,corner,1,0.6700,1,102
4975,3276948,corner,1,0.6800,1,103
4976,3278300,corner,1,0.6800,1,104
4977,3279652,corner,0,0.6700,1,105
4978,3280626,corner,1,0.6800,1,106
4979,3281006,corner,1,0.6800,1,107
4980,3282358,corner,0,0.6700,1,108
4981,3283009,corner,1,0.6700,1,109
4982,3283265,corner,1,0.6800,1,110
4983,3283651,corner,1,0.6900,1,111
4984,3284144,corner,1,0.7000,1,112
4985,3285496,corner,0,0.6900,1,113
4986,3285762,corner,0,0.6800,1,114
4987,3286157,corner,1,0.6900,1,115
4988,3287509,corner,1,0.7000,1,116
4989,3287713,corner,1,0.7100,1,117
4990,3288109,corner,1,0.7100,1,118
4991,3289141,corner,1,0.7100,1,119
4992,3290493,corner,0,0.7100,1,120
4993,3291410,corner,0,0.7000,1,121
4994,3292109,corner,0,0.6900,1,122
4995,3292780,corner,1,0.6900,1,123
4996,3294132,corner,1,0.7000,1,124
4997,3294975,corner,1,0.7100,1,125
4998,3295168,corner,1,0.7100,1,126
4999,3296452,corner,1,0.7100,1,127
5000,3297014,corner,1,0.7100,1,128
5001,3298306,corner,1,0.7200,1,129
5002,3298950,corner,1,0.7200,1,130
5003,3299287,corner,1,0.7200,1,131
5004,3300314,corner,1,0.7300,1,132
5005,3300694,corner,1,0.7400,1,133
5006,3300928,corner,1,0.7400,1,134
5007,3301347,corner,1,0.7500,1,135
5008,3301516,corner,0,0.7400,1,136
5009,3302868,corner,0,0.7300,1,137
5010,3303424,corner,0,0.7200,1,138
5011,3303611,corner,1,0.7200,1,139
5012,3304127,corner,1,0.7300,1,140
5013,3305467,corner,1,0.7400,1,141
5014,3305664,corner,1,0.7400,1,142
5015,3305858,corner,1,0.7500,1,143
5016,3306096,corner,1,0.7500,1,144
5017,3306304,corner,1,0.7500,1,145
5018,3306797,corner,1,0.7500,1,146
5019,3307011,corner,1,0.7500,1,147
5020,3307295,corner,0,0.7400,1,148
5021,3308647,corner,1,0.7500,1,149
5022,3308863,corner,1,0.7500,1,150
5023,3309479,corner,1,0.7600,1,151
5024,3309873,corner,1,0.7700,1,152
5025,3311225,corner,0,0.7600,1,153
5026,3311619,corner,1,0.7600,1,154
5027,3311810,corner,1,0.7700,1,155
5028,3312373,corner,1,0.7800,1,156
5029,3313042,corner,1,0.7800,1,157
5030,3313156,corner,0,0.7700,1,158
5031,3313555,corner,1,0.7800,1,159
5032,3313724,corner,1,0.7900,1,160
5033,3314020,corner,0,0.7800,1,161
5034,3314274,corner,1,0.7800,1,162
5035,3314484,corner,1,0.7800,1,163
5036,3314726,corner,1,0.7800,1,164
5037,3315156,corner,1,0.7800,1,165
5038,3315718,corner,1,0.7800,1,166
5039,3315822,corner,0,0.7700,1,167
5040,3316167,corner,0,0.7700,1,168
5041,3316919,corner,0,0.7600,1,169
5042,3317167,corner,0,0.7500,1,170
5043,3317284,corner,0,0.7400,1,171
5044,3317446,corner,1,0.7400,1,172
5045,3317799,corner,0,0.7300,1,173
5046,3318365,corner,1,0.7300,1,174
5047,3318580,corner,1,0.7400,1,175
5048,3319132,corner,1,0.7400,1,176
5049,3320074,corner,0,0.7300,1,177
5050,3320291,corner,1,0.7400,1,178
5051,3321631,corner,1,0.7400,1,179
5052,3322191,corner,1,0.7500,1,180
5053,3323392,corner,1,0.7500,1,181
5054,3323577,corner,1,0.7600,1,182
5055,3324929,corner,1,0.7600,1,183
5056,3325731,corner,1,0.7600,1,184
5057,3326141,corner,1,0.7600,1,185
5058,3326582,corner,1,0.7700,1,186
5059,3327618,corner,1,0.7700,1,187
5060,3327797,corner,0,0.7600,1,188
5061,3328114,corner,0,0.7500,1,189
5062,3329466,corner,0,0.7500,1,190
5063,3329564,corner,0,0.7400,1,191
5064,3330916,corner,0,0.7300,1,192
5065,3331015,corner,0,0.7200,1,193
5066,3332268,corner,1,0.7200,1,194
5067,3333047,corner,1,0.7200,1,195
5068,3333233,corner,1,0.7200,1,196
5069,3334585,corner,1,0.7200,1,197
5070,3335358,corner,1,0.7200,1,198
5071,3335529,corner,0,0.7100,1,199
5072,3336361,corner,1,0.7200,1,200
5073,3336540,corner,1,0.7200,1,201
5074,3337892,corner,1,0.7200,1,202
5075,3338101,corner,1,0.7200,1,203
5076,3338506,corner,1,0.7200,1,204
5077,3339099,corner,0,0.7200,1,205
5078,3339543,corner,1,0.7200,1,206
5079,3339756,corner,1,0.7200,1,207
5080,3339932,corner,1,0.7300,1,208
5081,3340522,corner,0,0.7200,1,209
5082,3341427,corner,1,0.7200,1,210
5083,3342215,corner,1,0.7200,1,211
5084,3342408,corner,1,0.7200,1,212
5085,3342598,corner,1,0.7300,1,213
5086,3342702,corner,0,0.7300,1,214
5087,3342873,corner,0,0.7200,1,215
5088,3343021,corner,1,0.7200,1,216
5089,3343119,corner,0,0.7100,1,217
5090,3343746,corner,1,0.7100,1,218
5091,3343905,corner,1,0.7100,1,219
5092,3344122,corner,1,0.7200,1,220
5093,3344511,corner,1,0.7300,1,221
5094,3345728,corner,1,0.7400,1,222
5095,3347080,corner,0,0.7300,1,223
5096,3347685,corner,1,0.7300,1,224
5097,3347873,corner,1,0.7300,1,225
5098,3348515,corner,1,0.7300,1,226
5099,3349000,corner,1,0.7300,1,227
5100,3350152,corner,0,0.7200,1,228
5101,3351504,corner,0,0.7100,1,229
5102,3351685,corner,1,0.7100,1,230
5103,3351860,corner,0,0.7000,1,231
5104,3352110,corner,1,0.7000,1,232
5105,3352268,corner,1,0.7000,1,233
5106,3352561,corner,0,0.6900,1,234
5107,3353079,corner,1,0.6900,1,235
5108,3353254,corner,1,0.7000,1,236
5109,3353972,corner,1,0.7100,1,237
5110,3354376,corner,1,0.7200,1,238
5111,3354731,corner,1,0.7200,1,239
5112,3354919,corner,1,0.7200,1,240
5113,3355200,corner,0,0.7100,1,241
5114,3355748,corner,1,0.7100,1,242
5115,3357100,corner,0,0.7000,1,243
5116,3357289,corner,1,0.7000,1,244
5117,3357494,corner,1,0.7000,1,245
5118,3358218,corner,1,0.7000,1,246
5119,3358783,corner,1,0.7000,1,247
5120,3359001,corner,1,0.7100,1,248
5121,3359248,corner,1,0.7100,1,249
5122,3359490,corner,0,0.7000,1,250
5123,3359655,corner,1,0.7000,1,251
5124,3360773,corner,0,0.6900,1,252
5125,3360959,corner,1,0.7000,1,253
5126,3362311,corner,0,0.6900,1,254
5127,3363663,corner,1,0.6900,1,255
5128,3363773,corner,0,0.6800,1,256
5129,3363963,corner,1,0.6800,1,257
5130,3364133,corner,0,0.6800,1,258
5131,3364529,corner,1,0.6800,1,259
5132,3364638,corner,0,0.6700,1,260
5133,3365990,corner,1,0.6800,1,261
5134,3366197,corner,1,0.6800,1,262
5135,3366659,corner,0,0.6700,1,263
5136,3366984,corner,0,0.6600,1,264
5137,3367527,corner,1,0.6600,1,265
5138,3367690,corner,1,0.6600,1,266
5139,3367912,corner,1,0.6700,1,267
5140,3368143,corner,1,0.6800,1,268
5141,3368602,corner,0,0.6800,1,269
5142,3368773,corner,0,0.6800,1,270
5143,3368934,corner,1,0.6900,1,271
5144,3369104,corner,0,0.6800,1,272
5145,3369294,corner,1,0.6900,1,273
5146,3369723,corner,1,0.6900,1,274
5147,3370011,corner,0,0.6800,1,275
5148,3370503,corner,1,0.6800,1,276
5149,3370808,corner,1,0.6900,1,277
5150,3371327,corner,0,0.6800,1,278
5151,3371724,corner,1,0.6800,1,279
5152,3372498,corner,1,0.6800,1,280
5153,3372701,corner,1,0.6800,1,281
5154,3373132,corner,1,0.6800,1,282
5155,3373255,corner,0,0.6700,1,283
5156,3374518,corner,0,0.6600,1,284
5157,3374690,corner,0,0.6500,1,285
5158,3375120,corner,0,0.6400,1,286
5159,3375464,corner,1,0.6400,1,287
5160,3375639,corner,0,0.6400,1,288
5161,3375807,corner,0,0.6400,1,289
5162,3375963,corner,1,0.6500,1,290
5163,3376310,corner,0,0.6500,1,291
5164,3376871,corner,1,0.6600,1,292
5165,3376996,corner,0,0.6600,1,293
5166,3377167,corner,0,0.6500,1,294
5167,3377687,corner,1,0.6500,1,295
5168,3377864,corner,1,0.6500,1,296
5169,3378851,corner,1,0.6500,1,297
5170,3379043,corner,1,0.6500,1,298
5171,3379218,corner,1,0.6600,1,299
5172,3379374,corner,1,0.6600,1,300
5173,3380126,corner,0,0.6500,1,301
5174,3380900,corner,1,0.6500,1,302
5175,3381107,corner,0,0.6400,1,303
5176,3381312,corner,1,0.6400,1,304
5177,3381491,corner,1,0.6500,1,305
5178,3382055,corner,1,0.6500,1,306
5179,3382267,corner,1,0.6500,1,307
5180,3382648,corner,1,0.6500,1,308
5181,3382902,corner,1,0.6600,1,309
5182,3383290,corner,1,0.6600,1,310
5183,3384642,corner,1,0.6600,1,311
5184,3384831,corner,1,0.6600,1,312
5185,3385489,corner,1,0.6600,1,313
5186,3385667,corner,1,0.6700,1,314
5187,3386704,corner,0,0.6700,1,315
5188,3386900,corner,1,0.6700,1,316
5189,3387006,corner,0,0.6700,1,317
5190,3387231,corner,1,0.6700,1,318
5191,3388105,corner,1,0.6700,1,319
5192,3388449,corner,0,0.6600,1,320
5193,3389376,corner,1,0.6600,1,321
5194,3389719,corner,0,0.6500,1,322
5195,3390269,corner,1,0.6600,1,323
5196,3390481,corner,1,0.6600,1,324
5197,3391605,corner,1,0.6600,1,325
5198,3391972,corner,1,0.6600,1,326
5199,3392539,corner,0,0.6500,1,327
5200,3392715,corner,0,0.6500,1,328
5201,3392936,corner,1,0.6600,1,329
5202,3393721,corner,1,0.6600,1,330
5203,3393939,corner,1,0.6700,1,331
5204,3394466,corner,1,0.6700,1,332
5205,3394919,corner,1,0.6700,1,333
5206,3395259,corner,0,0.6700,1,334
5207,3395473,corner,1,0.6700,1,335
5208,3396006,corner,1,0.6700,1,336
5209,3396176,corner,0,0.6600,1,337
5210,3396272,corner,0,0.6500,1,338
5211,3396484,corner,1,0.6500,1,339
5212,3396774,corner,0,0.6400,1,340
5213,3397831,corner,0,0.6400,1,341
5214,3398185,corner,0,0.6300,1,342
5215,3398359,corner,0,0.6300,1,343
5216,3398853,corner,1,0.6300,1,344
5217,3399094,corner,1,0.6300,1,345
5218,3399296,corner,1,0.6300,1,346
5219,3400021,corner,1,0.6300,1,347
5220,3400143,corner,0,0.6200,1,348
5221,3400264,corner,1,0.6200,1,349
5222,3400419,corner,1,0.6300,1,350
5223,3400600,corner,1,0.6300,1,351
5224,3400766,corner,1,0.6400,1,352
5225,3401057,corner,1,0.6400,1,353
5226,3401249,corner,1,0.6500,1,354
5227,3402028,corner,1,0.6500,1,355
5228,3402363,corner,0,0.6500,1,356
5229,3402651,corner,1,0.6500,1,357
5230,3402943,corner,0,0.6500,1,358
5231,3403306,corner,1,0.6500,1,359
5232,3403615,corner,0,0.6500,1,360
5233,3404586,corner,0,0.6400,1,361
5234,3404757,corner,0,0.6300,1,362
5235,3404858,corner,0,0.6300,1,363
5236,3405216,corner,1,0.6400,1,364
5237,3405840,corner,1,0.6400,1,365
5238,3406036,corner,1,0.6400,1,366
5239,3406211,corner,0,0.6300,1,367
5240,3406394,corner,0,0.6200,1,368
5241,3406829,corner,1,0.6300,1,369
5242,3407110,corner,0,0.6300,1,370
5243,3407810,corner,1,0.6300,1,371
5244,3408436,corner,1,0.6400,1,372
5245,3409567,corner,0,0.6300,1,373
5246,3410184,corner,1,0.6300,1,374
5247,3410403,corner,1,0.6400,1,375
5248,3410582,corner,1,0.6400,1,376
5249,3410825,corner,1,0.6400,1,377
5250,3411199,corner,1,0.6500,1,378
5251,3411374,corner,0,0.6400,1,379
5252,3411479,corner,0,0.6300,1,380
5253,3411659,corner,0,0.6200,1,381
5254,3411764,corner,0,0.6100,1,382
5255,3411936,corner,0,0.6100,1,383
5256,3412461,corner,1,0.6200,1,384
5257,3413297,corner,1,0.6300,1,385
5258,3413511,corner,1,0.6400,1,386
5259,3413618,corner,0,0.6300,1,387
5260,3413965,corner,1,0.6400,1,388
5261,3414156,corner,1,0.6500,1,389
5262,3414471,corner,1,0.6500,1,390
5263,3414589,corner,0,0.6500,1,391
5264,3414955,corner,1,0.6500,1,392
5265,3415125,corner,0,0.6500,1,393
5266,3415362,corner,1,0.6600,1,394
5267,3416208,corner,1,0.6600,1,395
5268,3416616,corner,1,0.6600,1,396
5269,3416906,corner,1,0.6600,1,397
5270,3417309,corner,1,0.6600,1,398
5271,3417493,corner,1,0.6600,1,399
5272,3417660,corner,1,0.6600,1,400
5273,3417833,corner,1,0.6700,1,401
5274,3418052,corner,1,0.6700,1,402
5275,3418407,corner,1,0.6800,1,403
5276,3418616,corner,1,0.6800,1,404
5277,3419071,corner,0,0.6700,1,405
5278,3419451,corner,1,0.6700,1,406
5279,3420224,corner,1,0.6700,1,407
5280,3420339,corner,0,0.6600,1,408
5281,3420587,corner,1,0.6600,1,409
5282,3421489,corner,1,0.6600,1,410
5283,3421661,corner,0,0.6500,1,411
5284,3421874,corner,1,0.6500,1,412
5285,3422103,corner,1,0.6500,1,413
5286,3422285,corner,1,0.6500,1,414
5287,3422491,corner,1,0.6600,1,415
5288,3422789,corner,0,0.6500,1,416
5289,3422920,corner,1,0.6600,1,417
5290,3423259,corner,1,0.6600,1,418
5291,3423818,corner,0,0.6500,1,419
5292,3424058,corner,0,0.6500,1,420
5293,3424937,corner,1,0.6500,1,421
5294,3425107,corner,0,0.6500,1,422
5295,3425314,corner,1,0.6500,1,423
5296,3425540,corner,1,0.6500,1,424
5297,3425792,corner,0,0.6400,1,425
5298,3426073,corner,1,0.6400,1,426
5299,3426249,corner,1,0.6500,1,427
5300,3426489,corner,1,0.6600,1,428
5301,3426584,corner,0,0.6500,1,429
5302,3426931,corner,0,0.6400,1,430
5303,3427483,corner,0,0.6300,1,431
5304,3428772,corner,1,0.6300,1,432
5305,3429117,corner,1,0.6300,1,433
5306,3429631,corner,1,0.6400,1,434
5307,3429801,corner,0,0.6300,1,435
5308,3429907,corner,0,0.6200,1,436
5309,3430355,corner,0,0.6200,1,437
5310,3430660,corner,1,0.6300,1,438
5311,3431000,corner,0,0.6200,1,439
5312,3431185,corner,1,0.6300,1,440
5313,3431452,corner,1,0.6400,1,441
5314,3431572,corner,0,0.6400,1,442
5315,3431800,corner,1,0.6500,1,443
5316,3432063,corner,1,0.6500,1,444
5317,3432604,corner,1,0.6500,1,445
5318,3432880,corner,0,0.6400,1,446
5319,3433280,corner,1,0.6400,1,447
5320,3433673,corner,1,0.6500,1,448
5321,3433839,corner,1,0.6500,1,449
5322,3434517,corner,0,0.6400,1,450
5323,3434627,corner,0,0.6300,1,451
5324,3434796,corner,1,0.6300,1,452
5325,3435033,corner,1,0.6300,1,453
5326,3435246,corner,1,0.6300,1,454
5327,3435459,corner,1,0.6300,1,455
5328,3436660,corner,1,0.6400,1,456
5329,3436844,corner,1,0.6400,1,457
5330,3437015,corner,1,0.6500,1,458
5331,3437537,corner,0,0.6400,1,459
5332,3437718,corner,1,0.6500,1,460
5333,3437971,corner,1,0.6600,1,461
5334,3438116,corner,1,0.6700,1,462
5335,3438523,corner,0,0.6700,1,463
5336,3438749,corner,1,0.6700,1,464
5337,3438966,corner,1,0.6700,1,465
5338,3439072,corner,0,0.6600,1,466
5339,3439278,corner,0,0.6600,1,467
5340,3439459,corner,1,0.6700,1,468
5341,3439628,corner,0,0.6600,1,469
5342,3439807,corner,1,0.6700,1,470
5343,3440183,corner,1,0.6700,1,471
5344,3440294,corner,0,0.6600,1,472
5345,3441091,corner,1,0.6700,1,473
5346,3441219,corner,0,0.6600,1,474
5347,3441402,corner,1,0.6600,1,475
5348,3441639,corner,0,0.6500,1,476
5349,3441777,corner,0,0.6400,1,477
5350,3442594,corner,1,0.6400,1,478
5351,3442700,corner,0,0.6400,1,479
5352,3442809,corner,0,0.6400,1,480
5353,3443194,corner,1,0.6500,1,481
5354,3443372,corner,1,0.6600,1,482
5355,3443548,corner,1,0.6700,1,483
5356,3443657,corner,0,0.6600,1,484
5357,3443867,corner,0,0.6500,1,485
5358,3444096,corner,1,0.6500,1,486
5359,3444536,corner,0,0.6500,1,487
5360,3444646,corner,0,0.6400,1,488
5361,3444859,corner,1,0.6400,1,489
5362,3445382,corner,1,0.6400,1,490
5363,3445781,corner,1,0.6500,1,491
5364,3446153,corner,1,0.6500,1,492
5365,3446794,corner,0,0.6500,1,493
5366,3447067,corner,1,0.6500,1,494
5367,3447252,corner,1,0.6500,1,495
5368,3447500,corner,1,0.6500,1,496
5369,3448022,corner,0,0.6400,1,497
5370,3448372,corner,1,0.6400,1,498
5371,3449151,corner,1,0.6400,1,499
5372,3449259,corner,0,0.6300,1,500
5373,3449464,corner,0,0.6200,1,501
5374,3449816,corner,1,0.6200,1,502
5375,3450110,corner,0,0.6100,1,503
5376,3450217,corner,0,0.6000,1,504
5377,3450337,corner,0,0.6000,1,505
5378,3450660,corner,1,0.6000,1,506
5379,3450764,corner,0,0.5900,1,507
5380,3451107,corner,0,0.5900,1,508
5381,3451214,corner,0,0.5800,1,509
5382,3451473,corner,1,0.5800,1,510
5383,3451643,corner,0,0.5800,1,511
5384,3451925,corner,1,0.5800,1,512
5385,3452207,corner,1,0.5800,1,513
5386,3452480,corner,1,0.5800,1,514
5387,3452885,corner,1,0.5800,1,515
5388,3453014,corner,0,0.5800,1,516
5389,3453199,corner,1,0.5800,1,517
5390,3453303,corner,0,0.5700,1,518
5391,3454528,corner,0,0.5700,1,519
5392,3455379,corner,1,0.5800,1,520
5393,3455623,corner,1,0.5800,1,521
5394,3456016,corner,1,0.5900,1,522
5395,3456403,corner,1,0.5900,1,523
5396,3456980,corner,0,0.5800,1,524
5397,3457408,corner,0,0.5800,1,525
5398,3457657,corner,1,0.5800,1,526
5399,3457915,corner,1,0.5800,1,527
5400,3458089,corner,0,0.5700,1,528
5401,3458361,corner,0,0.5700,1,529
5402,3458541,corner,1,0.5800,1,530
5403,3458919,corner,1,0.5900,1,531
5404,3459267,corner,0,0.5800,1,532
5405,3459463,corner,1,0.5800,1,533
5406,3459949,corner,1,0.5800,1,534
5407,3460382,corner,1,0.5900,1,535
5408,3460488,corner,0,0.5900,1,536
5409,3460677,corner,1,0.6000,1,537
5410,3460824,corner,1,0.6000,1,538
5411,3461058,corner,1,0.6100,1,539
5412,3461607,corner,1,0.6100,1,540
5413,3461807,corner,1,0.6100,1,541
5414,3461934,corner,0,0.6100,1,542
5415,3462056,corner,0,0.6000,1,543
5416,3462367,corner,0,0.5900,1,544
5417,3462601,corner,1,0.5900,1,545
5418,3462761,corner,1,0.6000,1,546
5419,3462887,corner,0,0.5900,1,547
5420,3463226,corner,0,0.5800,1,548
5421,3463697,corner,1,0.5800,1,549
5422,3464404,corner,1,0.5900,1,550
5423,3464844,corner,0,0.5900,1,551
5424,3464960,corner,0,0.5800,1,552
5425,3465059,corner,0,0.5700,1,553
5426,3465619,corner,0,0.5600,1,554
5427,3466105,corner,1,0.5600,1,555
5428,3466533,corner,0,0.5500,1,556
5429,3466641,corner,0,0.5400,1,557
5430,3467043,corner,1,0.5400,1,558
5431,3467312,corner,0,0.5400,1,559
5432,3467464,corner,0,0.5300,1,560
5433,3467830,corner,1,0.5300,1,561
5434,3468107,corner,1,0.5300,1,562
5435,3468326,corner,1,0.5400,1,563
5436,3468439,corner,0,0.5300,1,564
5437,3468610,corner,0,0.5200,1,565
5438,3468949,corner,1,0.5300,1,566
5439,3469492,corner,1,0.5400,1,567
5440,3469815,corner,0,0.5300,1,568
5441,3470274,corner,0,0.5300,1,569
5442,3470445,corner,0,0.5200,1,570
5443,3470643,corner,1,0.5200,1,571
5444,3470756,corner,0,0.5200,1,572
5445,3470865,corner,0,0.5100,1,573
5446,3471060,corner,1,0.5200,1,574
5447,3471514,corner,0,0.5100,1,575
5448,3472029,corner,0,0.5100,1,576
5449,3472206,corner,0,0.5100,1,577
5450,3472312,corner,0,0.5000,1,578
5451,3472564,corner,1,0.5100,1,579
5452,3472794,corner,1,0.5200,1,580
5453,3472982,corner,1,0.5200,1,581
5454,3473174,corner,1,0.5200,1,582
5455,3473275,corner,0,0.5100,1,583
5456,3473398,corner,0,0.5100,1,584
5457,3473607,corner,1,0.5200,1,585
5458,3473838,corner,0,0.5100,1,586
5459,3474020,corner,1,0.5200,1,587
5460,3474217,corner,1,0.5300,1,588
5461,3474442,corner,1,0.5300,1,589
5462,3474712,corner,0,0.5200,1,590
5463,3474929,corner,1,0.5200,1,591
5464,3475113,corner,1,0.5200,1,592
5465,3475239,corner,0,0.5200,1,593
5466,3475345,corner,0,0.5100,1,594
5467,3475524,corner,0,0.5000,1,595
5468,3475728,corner,1,0.5000,1,596
5469,3475903,corner,0,0.5000,1,597
5470,3476073,corner,0,0.4900,1,598
5471,3476273,corner,0,0.4800,1,599
5472,3476383,corner,0,0.4800,1,600
5473,3476542,corner,0,0.4800,1,601
5474,3476737,corner,0,0.4700,1,602
5475,3476907,corner,0,0.4700,1,603
5476,3477018,corner,0,0.4700,1,604
5477,3477371,corner,1,0.4800,1,605
5478,3478344,corner,1,0.4800,1,606
5479,3478521,corner,1,0.4900,1,607
5480,3478641,corner,0,0.4900,1,608
5481,3478832,corner,1,0.5000,1,609
5482,3479553,corner,0,0.4900,1,610
5483,3479654,corner,0,0.4900,1,611
5484,3479782,corner,0,0.4800,1,612
5485,3480270,corner,0,0.4700,1,613
5486,3480558,corner,0,0.4600,1,614
5487,3480666,corner,0,0.4500,1,615
5488,3480851,corner,1,0.4600,1,616
5489,3481020,corner,0,0.4500,1,617
5490,3481249,corner,1,0.4600,1,618
5491,3481350,corner,0,0.4600,1,619
5492,3481528,corner,1,0.4600,1,620
5493,3481939,corner,1,0.4600,1,621
5494,3482211,corner,0,0.4500,1,622
5495,3482332,corner,0,0.4400,1,623
5496,3482529,corner,1,0.4500,1,624
5497,3482709,corner,0,0.4500,1,625
5498,3482837,corner,0,0.4400,1,626
5499,3483023,corner,1,0.4400,1,627
5500,3483392,corner,1,0.4500,1,628
5501,3483561,corner,0,0.4500,1,629
5502,3483801,corner,1,0.4500,1,630
5503,3484306,corner,1,0.4500,1,631
5504,3484799,corner,0,0.4500,1,632
5505,3485133,corner,1,0.4500,1,633
5506,3485575,corner,0,0.4400,1,634
5507,3485687,corner,0,0.4300,1,635
5508,3486472,corner,0,0.4300,1,636
5509,3486888,corner,0,0.4200,1,637
5510,3487059,corner,0,0.4100,1,638
5511,3487651,corner,1,0.4100,1,639
5512,3487807,corner,0,0.4000,1,640
5513,3487985,corner,1,0.4000,1,641
5514,3488218,corner,1,0.4100,1,642
5515,3488324,corner,0,0.4100,1,643
5516,3488598,corner,0,0.4100,1,644
5517,3488769,corner,0,0.4000,1,645
5518,3488938,corner,1,0.4000,1,646
5519,3489153,corner,1,0.4100,1,647
5520,3489316,corner,1,0.4200,1,648
5521,3489485,corner,0,0.4100,1,649
5522,3489655,corner,0,0.4000,1,650
5523,3489813,corner,1,0.4100,1,651
5524,3489964,corner,0,0.4100,1,652
5525,3490143,corner,0,0.4100,1,653
5526,3490363,corner,1,0.4200,1,654
5527,3490475,corner,0,0.4100,1,655
5528,3491158,corner,1,0.4200,1,656
5529,3491338,corner,1,0.4300,1,657
5530,3491520,corner,0,0.4200,1,658
5531,3491626,corner,0,0.4200,1,659
5532,3491893,corner,1,0.4300,1,660
5533,3492070,corner,0,0.4200,1,661
5534,3492250,corner,1,0.4200,1,662
5535,3492391,corner,0,0.4100,1,663
5536,3492486,corner,0,0.4100,1,664
5537,3492656,corner,0,0.4100,1,665
5538,3493074,corner,1,0.4100,1,666
5539,3493365,corner,0,0.4000,1,667
5540,3493534,corner,0,0.4000,1,668
5541,3493717,corner,1,0.4100,1,669
5542,3493869,corner,0,0.4100,1,670
5543,3494051,corner,1,0.4100,1,671
5544,3494477,corner,0,0.4100,1,672
5545,3494668,corner,1,0.4200,1,673
5546,3494917,corner,1,0.4200,1,674
5547,3495607,corner,0,0.4200,1,675
5548,3495767,corner,1,0.4300,1,676
5549,3495882,corner,0,0.4300,1,677
5550,3496074,corner,1,0.4400,1,678
5551,3496252,corner,0,0.4300,1,679
5552,3496532,corner,0,0.4200,1,680
5553,3496709,corner,0,0.4100,1,681
5554,3496950,corner,1,0.4100,1,682
5555,3497058,corner,0,0.4100,1,683
5556,3497630,corner,1,0.4200,1,684
5557,3498108,corner,1,0.4200,1,685
5558,3498291,corner,1,0.4300,1,686
5559,3498840,corner,0,0.4200,1,687
5560,3499290,corner,0,0.4100,1,688
5561,3499554,corner,1,0.4100,1,689
5562,3499880,corner,0,0.4100,1,690
5563,3499995,corner,0,0.4000,1,691
5564,3500232,corner,1,0.4000,1,692
5565,3500647,corner,1,0.4100,1,693
5566,3501195,corner,1,0.4200,1,694
5567,3501366,corner,0,0.4200,1,695
5568,3501658,corner,0,0.4100,1,696
5569,3501844,corner,1,0.4200,1,697
5570,3502079,corner,1,0.4300,1,698
5571,3502266,corner,1,0.4400,1,699
5572,3502370,corner,0,0.4400,1,700
5573,3502639,corner,1,0.4500,1,701
5574,3502826,corner,1,0.4600,1,702
5575,3502930,corner,0,0.4600,1,703
5576,3503091,corner,1,0.4700,1,704
5577,3503207,corner,0,0.4600,1,705
5578,3503318,corner,0,0.4500,1,706
5579,3503601,corner,0,0.4400,1,707
5580,3503752,corner,0,0.4400,1,708
5581,3503980,corner,1,0.4400,1,709
5582,3504150,corner,0,0.4400,1,710
5583,3504403,corner,1,0.4500,1,711
5584,3504573,corner,0,0.4500,1,712
5585,3505057,corner,1,0.4600,1,713
5586,3505228,corner,0,0.4600,1,714
5587,3505399,corner,0,0.4600,1,715
5588,3505578,corner,1,0.4600,1,716
5589,3505754,corner,0,0.4600,1,717
5590,3506023,corner,1,0.4600,1,718
5591,3506584,corner,1,0.4700,1,719
5592,3506837,corner,1,0.4700,1,720
5593,3507063,corner,1,0.4700,1,721
5594,3507239,corner,0,0.4700,1,722
5595,3507417,corner,0,0.4700,1,723
5596,3507885,corner,1,0.4700,1,724
5597,3508497,corner,1,0.4800,1,725
5598,3508941,corner,0,0.4800,1,726
5599,3509562,corner,1,0.4800,1,727
5600,3509730,corner,1,0.4800,1,728
5601,3509955,corner,1,0.4900,1,729
5602,3510482,corner,0,0.4800,1,730
5603,3510772,corner,1,0.4800,1,731
5604,3510946,corner,0,0.4800,1,732
5605,3511090,corner,0,0.4700,1,733
5606,3511373,corner,0,0.4700,1,734
5607,3511599,corner,1,0.4800,1,735
5608,3511934,corner,0,0.4800,1,736
5609,3512045,corner,0,0.4800,1,737
5610,3512246,corner,1,0.4900,1,738
5611,3512494,corner,1,0.4900,1,739
5612,3513108,corner,0,0.4900,1,740
5613,3513316,corner,1,0.4900,1,741
5614,3513535,corner,1,0.4900,1,742
5615,3513993,corner,0,0.4900,1,743
5616,3514162,corner,0,0.4900,1,744
5617,3514370,corner,1,0.5000,1,745
5618,3514845,corner,1,0.5000,1,746
5619,3514951,corner,0,0.4900,1,747
5620,3515137,corner,1,0.4900,1,748
5621,3515309,corner,0,0.4900,1,749
5622,3515681,corner,1,0.5000,1,750
5623,3515790,corner,0,0.4900,1,751
5624,3516243,corner,0,0.4900,1,752
5625,3516450,corner,1,0.5000,1,753
5626,3516829,corner,1,0.5000,1,754
5627,3516950,corner,0,0.5000,1,755
5628,3517121,corner,0,0.4900,1,756
5629,3517306,corner,1,0.4900,1,757
5630,3517526,corner,1,0.5000,1,758
5631,3517643,corner,0,0.5000,1,759
5632,3517994,corner,1,0.5000,1,760
5633,3518223,corner,1,0.5100,1,761
5634,3518609,corner,1,0.5100,1,762
5635,3518953,corner,0,0.5100,1,763
5636,3519375,corner,0,0.5100,1,764
5637,3519782,corner,1,0.5200,1,765
5638,3520060,corner,0,0.5100,1,766
5639,3520240,corner,0,0.5100,1,767
5640,3520835,corner,0,0.5100,1,768
5641,3520929,corner,0,0.5000,1,769
5642,3521141,corner,1,0.5100,1,770
5643,3521500,corner,1,0.5100,1,771
5644,3521857,corner,0,0.5100,1,772
5645,3522039,corner,1,0.5100,1,773
5646,3522488,corner,0,0.5000,1,774
5647,3522598,corner,0,0.5000,1,775
5648,3522767,corner,0,0.4900,1,776
5649,3522936,corner,0,0.4900,1,777
5650,3523041,corner,0,0.4800,1,778
5651,3523147,corner,0,0.4800,1,779
5652,3523696,corner,1,0.4900,1,780
5653,3524091,corner,1,0.5000,1,781
5654,3524285,corner,1,0.5000,1,782
5655,3524469,corner,1,0.5100,1,783
5656,3524578,corner,0,0.5000,1,784
5657,3524745,corner,1,0.5000,1,785
5658,3525191,corner,0,0.4900,1,786
5659,3525362,corner,0,0.4900,1,787
5660,3525643,corner,1,0.5000,1,788
5661,3525835,corner,1,0.5000,1,789
5662,3525965,corner,0,0.5000,1,790
5663,3526208,corner,1,0.5100,1,791
5664,3526452,corner,1,0.5100,1,792
5665,3526572,corner,0,0.5000,1,793
5666,3526904,corner,1,0.5000,1,794
5667,3527312,corner,0,0.5000,1,795
5668,3527439,corner,0,0.5000,1,796
5669,3527640,corner,1,0.5000,1,797
5670,3528211,corner,0,0.4900,1,798
5671,3528320,corner,0,0.4800,1,799
5672,3528736,corner,1,0.4900,1,800
5673,3528934,corner,1,0.4900,1,801
5674,3529157,corner,1,0.4900,1,802
5675,3529546,corner,1,0.5000,1,803
5676,3529803,corner,1,0.5000,1,804
5677,3529917,corner,0,0.5000,1,805
5678,3530089,corner,0,0.5000,1,806
5679,3530286,corner,1,0.5100,1,807
5680,3530399,corner,0,0.5100,1,808
5681,3530849,corner,0,0.5000,1,809
5682,3531024,corner,1,0.5100,1,810
5683,3531146,corner,0,0.5000,1,811
5684,3531355,corner,1,0.5100,1,812
5685,3531525,corner,1,0.5100,1,813
5686,3531648,corner,0,0.5100,1,814
5687,3531759,corner,0,0.5100,1,815
5688,3531911,corner,0,0.5000,1,816
5689,3532085,corner,0,0.5000,1,817
5690,3532558,corner,1,0.5000,1,818
5691,3532830,corner,0,0.4900,1,819
5692,3533078,corner,1,0.4900,1,820
5693,3533355,corner,0,0.4800,1,821
5694,3533459,corner,0,0.4800,1,822
5695,3533736,corner,0,0.4800,1,823
5696,3533837,corner,0,0.4700,1,824
5697,3534205,corner,1,0.4700,1,825
5698,3534436,corner,1,0.4800,1,826
5699,3535158,corner,0,0.4700,1,827
5700,3535263,corner,0,0.4600,1,828
5701,3535447,corner,0,0.4500,1,829
5702,3535620,corner,1,0.4600,1,830
5703,3535827,corner,0,0.4500,1,831
5704,3536007,corner,1,0.4600,1,832
5705,3536176,corner,0,0.4600,1,833
5706,3536298,corner,0,0.4600,1,834
5707,3536680,corner,1,0.4600,1,835
5708,3536793,corner,0,0.4600,1,836
5709,3537352,corner,1,0.4700,1,837
5710,3537760,corner,1,0.4700,1,838
5711,3537879,corner,0,0.4600,1,839
5712,3538212,corner,1,0.4700,1,840
5713,3538387,corner,0,0.4600,1,841
5714,3538942,corner,1,0.4600,1,842
5715,3539228,corner,0,0.4600,1,843
5716,3539394,corner,1,0.4700,1,844
5717,3539507,corner,0,0.4600,1,845
5718,3539679,corner,0,0.4500,1,846
5719,3540098,corner,1,0.4600,1,847
5720,3540375,corner,0,0.4500,1,848
5721,3540665,corner,0,0.4500,1,849
5722,3540816,corner,0,0.4400,1,850
5723,3541013,corner,1,0.4500,1,851
5724,3541269,corner,0,0.4500,1,852
5725,3541367,corner,0,0.4400,1,853
5726,3541662,corner,1,0.4400,1,854
5727,3541879,corner,1,0.4500,1,855
5728,3542120,corner,1,0.4600,1,856
5729,3542238,corner,0,0.4500,1,857
5730,3542407,corner,0,0.4400,1,858
5731,3542659,corner,1,0.4500,1,859
5732,3542858,corner,1,0.4500,1,860
5733,3543235,corner,1,0.4500,1,861
5734,3543351,corner,0,0.4400,1,862
5735,3543583,corner,1,0.4500,1,863
5736,3543699,corner,0,0.4500,1,864
5737,3543804,corner,0,0.4400,1,865
5738,3543979,corner,0,0.4400,1,866
5739,3544104,corner,0,0.4400,1,867
5740,3544305,corner,1,0.4500,1,868
5741,3544420,corner,0,0.4500,1,869
5742,3544627,corner,1,0.4500,1,870
5743,3544735,corner,0,0.4400,1,871
5744,3545678,corner,0,0.4400,1,872
5745,3545856,corner,0,0.4300,1,873
5746,3546425,corner,1,0.4400,1,874
5747,3546825,corner,1,0.4500,1,875
5748,3547008,corner,1,0.4600,1,876
5749,3547178,corner,0,0.4600,1,877
5750,3547525,corner,0,0.4600,1,878
5751,3547724,corner,0,0.4600,1,879
5752,3547932,corner,1,0.4600,1,880
5753,3548109,corner,0,0.4500,1,881
5754,3548259,corner,0,0.4400,1,882
5755,3548494,corner,1,0.4400,1,883
5756,3548921,corner,1,0.4500,1,884
5757,3549116,corner,1,0.4500,1,885
5758,3549300,corner,1,0.4600,1,886
5759,3549416,corner,0,0.4600,1,887
5760,3549611,corner,0,0.4500,1,888
5761,3549856,corner,1,0.4500,1,889
5762,3549984,corner,0,0.4500,1,890
5763,3550256,corner,1,0.4500,1,891
5764,3550649,corner,1,0.4500,1,892
5765,3550821,corner,0,0.4500,1,893
5766,3550993,corner,1,0.4500,1,894
5767,3551257,corner,1,0.4600,1,895
5768,3551431,corner,1,0.4700,1,896
5769,3551604,corner,0,0.4600,1,897
5770,3551804,corner,1,0.4700,1,898
5771,3551918,corner,0,0.4700,1,899
5772,3552137,corner,1,0.4700,1,900
5773,3552331,corner,1,0.4700,1,901
5774,3552640,corner,1,0.4700,1,902
5775,3552845,corner,1,0.4700,1,903
5776,3553096,corner,1,0.4700,1,904
5777,3553291,corner,1,0.4800,1,905
5778,3553738,corner,0,0.4800,1,906
5779,3554127,corner,1,0.4800,1,907
5780,3554240,corner,0,0.4800,1,908
5781,3554613,corner,0,0.4800,1,909
5782,3554954,corner,0,0.4700,1,910
5783,3555151,corner,1,0.4800,1,911
5784,3555271,corner,0,0.4700,1,912
5785,3555445,corner,0,0.4600,1,913
5786,3555618,corner,0,0.4600,1,914
5787,3556130,corner,0,0.4600,1,915
5788,3556468,corner,0,0.4600,1,916
5789,3557194,corner,0,0.4600,1,917
5790,3557305,corner,0,0.4500,1,918
5791,3557414,corner,0,0.4500,1,919
5792,3557756,corner,0,0.4400,1,920
5793,3557931,corner,0,0.4400,1,921
5794,3558272,corner,1,0.4500,1,922
5795,3558455,corner,1,0.4600,1,923
5796,3559052,corner,1,0.4700,1,924
5797,3559322,corner,1,0.4700,1,925
5798,3559492,corner,0,0.4600,1,926
5799,3559828,corner,1,0.4700,1,927
5800,3560003,corner,0,0.4700,1,928
5801,3560147,corner,1,0.4800,1,929
5802,3560418,corner,0,0.4700,1,930
5803,3560616,corner,1,0.4800,1,931
5804,3560787,corner,0,0.4700,1,932
5805,3560906,corner,0,0.4700,1,933
5806,3561317,corner,1,0.4800,1,934
5807,3561835,corner,0,0.4700,1,935
5808,3562002,corner,0,0.4700,1,936
5809,3562181,corner,1,0.4700,1,937
5810,3562369,corner,0,0.4600,1,938
5811,3562568,corner,1,0.4700,1,939
5812,3562753,corner,1,0.4700,1,940
5813,3562983,corner,1,0.4800,1,941
5814,3563085,corner,0,0.4700,1,942
5815,3563579,corner,0,0.4700,1,943
5816,3563868,corner,0,0.4600,1,944
5817,3564238,corner,1,0.4700,1,945
5818,3564521,corner,0,0.4700,1,946
5819,3564879,corner,1,0.4700,1,947
5820,3565050,corner,0,0.4700,1,948
5821,3565223,corner,0,0.4700,1,949
5822,3565389,corner,1,0.4800,1,950
5823,3566017,corner,0,0.4700,1,951
5824,3566209,corner,1,0.4800,1,952
5825,3566326,corner,0,0.4800,1,953
5826,3566447,corner,0,0.4700,1,954
5827,3566742,corner,1,0.4700,1,955
5828,3566916,corner,0,0.4600,1,956
5829,3567126,corner,0,0.4600,1,957
5830,3567239,corner,0,0.4600,1,958
5831,3567477,corner,1,0.4600,1,959
5832,3567582,corner,0,0.4500,1,960
5833,3567757,corner,0,0.4400,1,961
5834,3568195,corner,1,0.4500,1,962
5835,3568313,corner,0,0.4400,1,963
5836,3568455,corner,0,0.4400,1,964
5837,3568564,corner,0,0.4400,1,965
5838,3568717,corner,1,0.4500,1,966
5839,3568817,corner,0,0.4500,1,967
5840,3569267,corner,1,0.4500,1,968
5841,3569508,corner,1,0.4600,1,969
5842,3569616,corner,0,0.4500,1,970
5843,3569798,corner,0,0.4500,1,971
5844,3569898,corner,0,0.4500,1,972
5845,3570129,corner,1,0.4600,1,973
5846,3570236,corner,0,0.4500,1,974
5847,3570347,corner,0,0.4400,1,975
5848,3570468,corner,0,0.4300,1,976
5849,3570715,corner,0,0.4300,1,977
5850,3570826,corner,0,0.4300,1,978
5851,3570997,corner,1,0.4400,1,979
5852,3571105,corner,0,0.4300,1,980
5853,3571493,corner,1,0.4400,1,981
5854,3571730,corner,1,0.4500,1,982
5855,3571899,corner,1,0.4500,1,983
5856,3572162,corner,1,0.4500,1,984
5857,3572478,corner,1,0.4500,1,985
5858,3572589,corner,0,0.4400,1,986
5859,3572708,corner,0,0.4400,1,987
5860,3572905,corner,1,0.4500,1,988
5861,3573285,corner,1,0.4500,1,989
5862,3573456,corner,0,0.4500,1,990
5863,3573626,corner,0,0.4400,1,991
5864,3574082,corner,1,0.4400,1,992
5865,3574620,corner,0,0.4400,1,993
5866,3574810,corner,1,0.4400,1,994
5867,3575023,corner,1,0.4400,1,995
5868,3575760,corner,1,0.4400,1,996
5869,3576235,corner,0,0.4400,1,997
5870,3576445,corner,1,0.4400,1,998
5871,3576684,corner,1,0.4500,1,999
5872,3576857,corner,0,0.4400,1,1000
5873,3577055,corner,1,0.4400,1,1001
5874,3577170,corner,0,0.4300,1,1002
5875,3577286,corner,0,0.4200,1,1003
5876,3577542,corner,0,0.4100,1,1004
5877,3577717,corner,1,0.4100,1,1005
5878,3577828,corner,0,0.4100,1,1006
5879,3578124,corner,1,0.4100,1,1007
5880,3578320,corner,1,0.4200,1,1008
5881,3578724,corner,1,0.4300,1,1009
5882,3578906,corner,1,0.4400,1,1010
5883,3579127,corner,1,0.4400,1,1011
5884,3579476,corner,1,0.4500,1,1012
5885,3579649,corner,0,0.4500,1,1013
5886,3579880,corner,1,0.4600,1,1014
5887,3580053,corner,0,0.4600,1,1015
5888,3580158,corner,0,0.4600,1,1016
5889,3580279,corner,0,0.4600,1,1017
5890,3580453,corner,0,0.4600,1,1018
5891,3580565,corner,0,0.4600,1,1019
5892,3580674,corner,0,0.4600,1,1020
5893,3580927,corner,1,0.4700,1,1021
5894,3581121,corner,1,0.4700,1,1022
5895,3581366,corner,1,0.4700,1,1023
5896,3581490,corner,0,0.4600,1,1024
5897,3581623,corner,0,0.4500,1,1025
5898,3581737,corner,0,0.4500,1,1026
5899,3581906,corner,0,0.4400,1,1027
5900,3582075,corner,0,0.4400,1,1028
5901,3582173,corner,0,0.4300,1,1029
5902,3582292,corner,0,0.4300,1,1030
5903,3582571,corner,0,0.4200,1,1031
5904,3582812,corner,1,0.4300,1,1032
5905,3583055,corner,0,0.4300,1,1033
5906,3583290,corner,1,0.4300,1,1034
5907,3583506,corner,1,0.4400,1,1035
5908,3583730,corner,1,0.4500,1,1036
5909,3584281,corner,0,0.4400,1,1037
5910,3584651,corner,1,0.4500,1,1038
5911,3584823,corner,0,0.4400,1,1039
5912,3584981,corner,0,0.4300,1,1040
5913,3585157,corner,1,0.4300,1,1041
5914,3585280,corner,0,0.4300,1,1042
5915,3585938,corner,0,0.4300,1,1043
5916,3586110,corner,1,0.4400,1,1044
5917,3586624,corner,0,0.4300,1,1045
5918,3586747,corner,0,0.4300,1,1046
5919,3586861,corner,0,0.4200,1,1047
5920,3587242,corner,1,0.4300,1,1048
5921,3587358,corner,0,0.4300,1,1049
5922,3587472,corner,0,0.4200,1,1050
5923,3587756,corner,0,0.4200,1,1051
5924,3587869,corner,0,0.4100,1,1052
5925,3587964,corner,0,0.4100,1,1053
5926,3588071,corner,0,0.4100,1,1054
5927,3588205,corner,0,0.4000,1,1055
5928,3588313,corner,0,0.4000,1,1056
5929,3588527,corner,1,0.4100,1,1057
5930,3588704,corner,1,0.4200,1,1058
5931,3588909,corner,1,0.4200,1,1059
5932,3589336,corner,0,0.4200,1,1060
5933,3589450,corner,0,0.4200,1,1061
5934,3590057,corner,1,0.4200,1,1062
5935,3590346,corner,0,0.4200,1,1063
5936,3590667,corner,1,0.4300,1,1064
5937,3590765,corner,0,0.4300,1,1065
5938,3591024,corner,1,0.4300,1,1066
5939,3591152,corner,0,0.4300,1,1067
5940,3591274,corner,0,0.4200,1,1068
5941,3591462,corner,1,0.4200,1,1069
5942,3591689,corner,1,0.4300,1,1070
5943,3591809,corner,0,0.4300,1,1071
5944,3592571,corner,1,0.4400,1,1072
5945,3592874,corner,0,0.4300,1,1073
5946,3593045,corner,0,0.4300,1,1074
5947,3593173,corner,1,0.4400,1,1075
5948,3593377,corner,1,0.4500,1,1076
5949,3593727,corner,1,0.4600,1,1077
5950,3593832,corner,0,0.4600,1,1078
5951,3593957,corner,0,0.4500,1,1079
5952,3594062,corner,0,0.4500,1,1080
5953,3594291,corner,1,0.4500,1,1081
5954,3594772,corner,0,0.4400,1,1082
5955,3595052,corner,1,0.4400,1,1083
5956,3595254,corner,1,0.4400,1,1084
5957,3595724,corner,0,0.4300,1,1085
5958,3596166,corner,0,0.4300,1,1086
5959,3596886,corner,1,0.4400,1,1087
5960,3597273,corner,0,0.4300,1,1088
5961,3597391,corner,0,0.4200,1,1089
5962,3597589,corner,1,0.4300,1,1090
5963,3597870,corner,0,0.4300,1,1091
5964,3598195,corner,0,0.4200,1,1092
5965,3598456,corner,1,0.4300,1,1093
5966,3598733,corner,0,0.4200,1,1094
5967,3598906,corner,0,0.4100,1,1095
5968,3599084,corner,0,0.4000,1,1096
5969,3599297,corner,1,0.4100,1,1097
5970,3599511,corner,1,0.4100,1,1098
5971,3599785,corner,0,0.4000,1,1099
5972,3600173,corner,0,0.4000,1,1100
5973,3600472,corner,1,0.4000,1,1101
5974,3600744,corner,0,0.4000,1,1102
5975,3600916,corner,0,0.4000,1,1103
5976,3601311,corner,1,0.4100,1,1104
5977,3601426,corner,0,0.4000,1,1105
5978,3601703,corner,1,0.4100,1,1106
5979,3601946,corner,1,0.4100,1,1107
5980,3602117,corner,1,0.4100,1,1108
5981,3602398,corner,0,0.4000,1,1109
5982,3602516,corner,0,0.3900,1,1110
5983,3602625,corner,0,0.3800,1,1111
5984,3602764,corner,1,0.3800,1,1112
5985,3602864,corner,0,0.3800,1,1113
5986,3603154,corner,0,0.3700,1,1114
5987,3603258,corner,0,0.3700,1,1115
5988,3603487,corner,0,0.3700,1,1116
5989,3603603,corner,0,0.3700,1,1117
5990,3603785,corner,1,0.3800,1,1118
5991,3603885,corner,0,0.3800,1,1119
5992,3604105,corner,1,0.3900,1,1120
5993,3604288,corner,1,0.3900,1,1121
5994,3605084,corner,0,0.3800,1,1122
5995,3605187,corner,0,0.3700,1,1123
5996,3605594,corner,1,0.3800,1,1124
5997,3605703,corner,0,0.3800,1,1125
5998,3606051,corner,1,0.3900,1,1126
5999,3606276,corner,1,0.4000,1,1127
6000,3606462,corner,1,0.4100,1,1128
6001,3606645,corner,1,0.4200,1,1129
6002,3606750,corner,0,0.4200,1,1130
6003,3606851,corner,0,0.4200,1,1131
6004,3606966,corner,0,0.4100,1,1132
6005,3607083,corner,0,0.4100,1,1133
6006,3607321,corner,0,0.4000,1,1134
6007,3607594,corner,1,0.4000,1,1135
6008,3607719,corner,0,0.3900,1,1136
6009,3607919,corner,1,0.4000,1,1137
6010,3608016,corner,0,0.3900,1,1138
6011,3608126,corner,0,0.3900,1,1139
6012,3608466,corner,0,0.3900,1,1140
6013,3608920,corner,0,0.3800,1,1141
6014,3609033,corner,0,0.3800,1,1142
6015,3609160,corner,0,0.3800,1,1143
6016,3609279,corner,0,0.3700,1,1144
6017,3609392,corner,0,0.3700,1,1145
6018,3609637,corner,1,0.3800,1,1146
6019,3609733,corner,0,0.3800,1,1147
6020,3609903,corner,0,0.3700,1,1148
6021,3610651,corner,0,0.3700,1,1149
6022,3611073,corner,1,0.3800,1,1150
6023,3611248,corner,0,0.3800,1,1151
6024,3611536,corner,0,0.3800,1,1152
6025,3611707,corner,0,0.3800,1,1153
6026,3611889,corner,0,0.3800,1,1154
6027,3612067,corner,1,0.3900,1,1155
6028,3612361,corner,0,0.3900,1,1156
6029,3612475,corner,0,0.3800,1,1157
6030,3612649,corner,0,0.3700,1,1158
6031,3612760,corner,0,0.3600,1,1159
6032,3612926,corner,1,0.3700,1,1160
6033,3613040,corner,0,0.3700,1,1161
6034,3613149,corner,0,0.3600,1,1162
6035,3613322,corner,1,0.3700,1,1163
6036,3613541,corner,0,0.3600,1,1164
6037,3613717,corner,0,0.3600,1,1165
6038,3614270,corner,1,0.3600,1,1166
6039,3614742,corner,0,0.3600,1,1167
6040,3615235,corner,0,0.3600,1,1168
6041,3616046,corner,1,0.3600,1,1169
6042,3616166,corner,0,0.3500,1,1170
6043,3616513,corner,1,0.3600,1,1171
6044,3616632,corner,0,0.3500,1,1172
6045,3616746,corner,0,0.3500,1,1173
6046,3616862,corner,0,0.3500,1,1174
6047,3616983,corner,0,0.3400,1,1175
6048,3617190,corner,1,0.3400,1,1176
6049,3617322,corner,0,0.3300,1,1177
6050,3617483,corner,1,0.3400,1,1178
6051,3617697,corner,1,0.3500,1,1179
6052,3617868,corner,0,0.3500,1,1180
6053,3618104,corner,1,0.3500,1,1181
6054,3618280,corner,0,0.3500,1,1182
6055,3618401,corner,0,0.3400,1,1183
6056,3618518,corner,0,0.3300,1,1184
6057,3618638,corner,0,0.3300,1,1185
6058,3618813,corner,0,0.3300,1,1186
6059,3618984,corner,0,0.3200,1,1187
6060,3619420,corner,0,0.3200,1,1188
6061,3619606,corner,1,0.3300,1,1189
6062,3619786,corner,1,0.3300,1,1190
6063,3619910,corner,0,0.3300,1,1191
6064,3620319,corner,0,0.3300,1,1192
6065,3620488,corner,0,0.3200,1,1193
6066,3620997,corner,0,0.3200,1,1194
6067,3621173,corner,1,0.3300,1,1195
6068,3621345,corner,1,0.3400,1,1196
6069,3621461,corner,0,0.3300,1,1197
6070,3621624,corner,1,0.3300,1,1198
6071,3621794,corner,0,0.3300,1,1199
6072,3621963,corner,0,0.3300,1,1200
6073,3622081,corner,0,0.3200,1,1201
6074,3622315,corner,1,0.3300,1,1202
6075,3622425,corner,0,0.3300,1,1203
6076,3622658,corner,1,0.3300,1,1204
6077,3622816,corner,1,0.3400,1,1205
6078,3623027,corner,1,0.3400,1,1206
6079,3623146,corner,0,0.3300,1,1207
6080,3623265,corner,0,0.3200,1,1208
6081,3623371,corner,0,0.3200,1,1209
6082,3623481,corner,0,0.3200,1,1210
6083,3623656,corner,0,0.3200,1,1211
6084,3623768,corner,0,0.3100,1,1212
6085,3623957,corner,0,0.3100,1,1213
6086,3624131,corner,0,0.3100,1,1214
6087,3624235,corner,0,0.3100,1,1215
6088,3624351,corner,0,0.3100,1,1216
6089,3624546,corner,1,0.3200,1,1217
6090,3624808,corner,1,0.3200,1,1218
6091,3625093,corner,0,0.3200,1,1219
6092,3625243,corner,0,0.3100,1,1220
6093,3625352,corner,0,0.3000,1,1221
6094,3625540,corner,1,0.3100,1,1222
6095,3625914,corner,1,0.3200,1,1223
6096,3626035,corner,0,0.3100,1,1224
6097,3626151,corner,0,0.3100,1,1225
6098,3626265,corner,0,0.3000,1,1226
6099,3626378,corner,0,0.2900,1,1227
6100,3626704,corner,1,0.2900,1,1228
6101,3626910,corner,1,0.2900,1,1229
6102,3627028,corner,0,0.2900,1,1230
6103,3627672,corner,0,0.2900,1,1231
6104,3627787,corner,0,0.2900,1,1232
6105,3627960,corner,0,0.2900,1,1233
6106,3628184,corner,1,0.3000,1,1234
6107,3628290,corner,0,0.2900,1,1235
6108,3628662,corner,1,0.3000,1,1236
6109,3628869,corner,1,0.3000,1,1237
6110,3629653,corner,0,0.3000,1,1238
6111,3629821,corner,1,0.3100,1,1239
6112,3629934,corner,0,0.3100,1,1240
6113,3630093,corner,1,0.3200,1,1241
6114,3630441,corner,1,0.3300,1,1242
6115,3630779,corner,0,0.3300,1,1243
6116,3630964,corner,0,0.3300,1,1244
6117,3631132,corner,1,0.3400,1,1245
6118,3631376,corner,1,0.3400,1,1246
6119,3631588,corner,1,0.3500,1,1247
6120,3631715,corner,0,0.3500,1,1248
6121,3631816,corner,0,0.3500,1,1249
6122,3631923,corner,0,0.3400,1,1250
6123,3632017,corner,0,0.3400,1,1251
6124,3632130,corner,1,0.3500,1,1252
6125,3632469,corner,0,0.3500,1,1253
6126,3632584,corner,0,0.3500,1,1254
6127,3632760,corner,0,0.3400,1,1255
6128,3632884,corner,0,0.3400,1,1256
6129,3633013,corner,0,0.3400,1,1257
6130,3633116,corner,0,0.3400,1,1258
6131,3633303,corner,1,0.3500,1,1259
6132,3633665,corner,0,0.3400,1,1260
6133,3634123,corner,0,0.3400,1,1261
6134,3634222,corner,0,0.3400,1,1262
6135,3634333,corner,0,0.3300,1,1263
6136,3634587,corner,1,0.3400,1,1264
6137,3634775,corner,1,0.3500,1,1265
6138,3634950,corner,0,0.3400,1,1266
6139,3635165,corner,1,0.3500,1,1267
6140,3635279,corner,0,0.3500,1,1268
6141,3635380,corner,0,0.3400,1,1269
6142,3635551,corner,1,0.3500,1,1270
6143,3635669,corner,0,0.3400,1,1271
6144,3635773,corner,0,0.3400,1,1272
6145,3635986,corner,1,0.3500,1,1273
6146,3636101,corner,0,0.3500,1,1274
6147,3636302,corner,1,0.3600,1,1275
6148,3636408,corner,0,0.3500,1,1276
6149,3636599,corner,1,0.3600,1,1277
6150,3636787,corner,1,0.3600,1,1278
6151,3636903,corner,0,0.3500,1,1279
6152,3637200,corner,0,0.3500,1,1280
6153,3637423,corner,1,0.3500,1,1281
6154,3637624,corner,1,0.3600,1,1282
6155,3638049,corner,0,0.3600,1,1283
6156,3638244,corner,1,0.3700,1,1284
6157,3638440,corner,1,0.3800,1,1285
6158,3638610,corner,0,0.3800,1,1286
6159,3638884,corner,0,0.3800,1,1287
6160,3639096,corner,1,0.3900,1,1288
6161,3639296,corner,0,0.3800,1,1289
6162,3639478,corner,0,0.3700,1,1290
6163,3639586,corner,0,0.3700,1,1291
6164,3639804,corner,0,0.3700,1,1292
6165,3640037,corner,0,0.3700,1,1293
6166,3640208,corner,0,0.3700,1,1294
6167,3641111,corner,1,0.3700,1,1295
6168,3641376,corner,1,0.3700,1,1296
6169,3641475,corner,0,0.3700,1,1297
6170,3641589,corner,0,0.3600,1,1298
6171,3641761,corner,1,0.3700,1,1299
6172,3642062,corner,1,0.3800,1,1300
6173,3642270,corner,0,0.3800,1,1301
6174,3642371,corner,0,0.3700,1,1302
6175,3642528,corner,1,0.3800,1,1303
6176,3642642,corner,0,0.3700,1,1304
6177,3642776,corner,0,0.3600,1,1305
6178,3642988,corner,0,0.3500,1,1306
6179,3643095,corner,0,0.3500,1,1307
6180,3643216,corner,0,0.3500,1,1308
6181,3643323,corner,0,0.3500,1,1309
6182,3643427,corner,0,0.3500,1,1310
6183,3643537,corner,0,0.3500,1,1311
6184,3643636,corner,0,0.3500,1,1312
6185,3643754,corner,0,0.3500,1,1313
6186,3643929,corner,1,0.3600,1,1314
6187,3644246,corner,1,0.3700,1,1315
6188,3644350,corner,0,0.3700,1,1316
6189,3644641,corner,0,0.3600,1,1317
6190,3644751,corner,0,0.3500,1,1318
6191,3644920,corner,0,0.3500,1,1319
6192,3645168,corner,1,0.3600,1,1320
6193,3645284,corner,0,0.3600,1,1321
6194,3645633,corner,1,0.3600,1,1322
6195,3645925,corner,0,0.3500,1,1323
6196,3646051,corner,0,0.3500,1,1324
6197,3646175,corner,0,0.3500,1,1325
6198,3646384,corner,1,0.3600,1,1326
6199,3646849,corner,0,0.3600,1,1327
6200,3647036,corner,1,0.3600,1,1328
6201,3647229,corner,1,0.3600,1,1329
6202,3647342,corner,0,0.3600,1,1330
6203,3647447,corner,0,0.3600,1,1331
6204,3647559,corner,0,0.3600,1,1332
6205,3647813,corner,0,0.3600,1,1333
6206,3647910,corner,0,0.3500,1,1334
6207,3648175,corner,1,0.3600,1,1335
6208,3648371,corner,1,0.3600,1,1336
6209,3648484,corner,0,0.3500,1,1337
6210,3648677,corner,1,0.3600,1,1338
6211,3648793,corner,0,0.3500,1,1339
6212,3649036,corner,1,0.3600,1,1340
6213,3649289,corner,1,0.3600,1,1341
6214,3649402,corner,0,0.3500,1,1342
6215,3649508,corner,0,0.3500,1,1343
6216,3649617,corner,0,0.3500,1,1344
6217,3649724,corner,0,0.3400,1,1345
6218,3649833,corner,0,0.3300,1,1346
6219,3650105,corner,1,0.3300,1,1347
6220,3650443,corner,1,0.3400,1,1348
6221,3650612,corner,1,0.3500,1,1349
6222,3650714,corner,0,0.3500,1,1350
6223,3650831,corner,0,0.3500,1,1351
6224,3650941,corner,0,0.3400,1,1352
6225,3651090,corner,1,0.3500,1,1353
6226,3651310,corner,1,0.3600,1,1354
6227,3651587,corner,0,0.3600,1,1355
6228,3651850,corner,1,0.3700,1,1356
6229,3652092,corner,1,0.3800,1,1357
6230,3652311,corner,1,0.3900,1,1358
6231,3652420,corner,0,0.3800,1,1359
6232,3652642,corner,1,0.3900,1,1360
6233,3652867,corner,1,0.4000,1,1361
6234,3652973,corner,0,0.4000,1,1362
6235,3653266,corner,0,0.4000,1,1363
6236,3653371,corner,0,0.3900,1,1364
6237,3653483,corner,0,0.3800,1,1365
6238,3653746,corner,0,0.3800,1,1366
6239,3654193,corner,0,0.3700,1,1367
6240,3654307,corner,0,0.3700,1,1368
6241,3654477,corner,0,0.3700,1,1369
6242,3654944,corner,1,0.3700,1,1370
6243,3655130,corner,1,0.3800,1,1371
6244,3655243,corner,0,0.3800,1,1372
6245,3655349,corner,0,0.3700,1,1373
6246,3655604,corner,1,0.3800,1,1374
6247,3655712,corner,0,0.3700,1,1375
6248,3655889,corner,0,0.3700,1,1376
6249,3656073,corner,1,0.3700,1,1377
6250,3656188,corner,0,0.3600,1,1378
6251,3656301,corner,0,0.3600,1,1379
6252,3656507,corner,1,0.3700,1,1380
6253,3656680,corner,0,0.3600,1,1381
6254,3656882,corner,1,0.3600,1,1382
6255,3657073,corner,1,0.3700,1,1383
6256,3657184,corner,0,0.3600,1,1384
6257,3657393,corner,1,0.3600,1,1385
6258,3657508,corner,0,0.3600,1,1386
6259,3657608,corner,0,0.3600,1,1387
6260,3657794,corner,1,0.3600,1,1388
6261,3657901,corner,0,0.3600,1,1389
6262,3658127,corner,1,0.3700,1,1390
6263,3658237,corner,0,0.3700,1,1391
6264,3658410,corner,0,0.3700,1,1392
6265,3658586,corner,1,0.3800,1,1393
6266,3658713,corner,0,0.3800,1,1394
6267,3658938,corner,1,0.3800,1,1395
6268,3659825,corner,0,0.3700,1,1396
6269,3659929,corner,0,0.3700,1,1397
6270,3660131,corner,1,0.3800,1,1398
6271,3660329,corner,1,0.3800,1,1399
6272,3660447,corner,0,0.3700,1,1400
6273,3660568,corner,0,0.3700,1,1401
6274,3660690,corner,0,0.3700,1,1402
6275,3660799,corner,0,0.3600,1,1403
6276,3660922,corner,0,0.3600,1,1404
6277,3661226,corner,1,0.3700,1,1405
6278,3661424,corner,1,0.3800,1,1406
6279,3661880,corner,1,0.3900,1,1407
6280,3662096,corner,1,0.4000,1,1408
6281,3662271,corner,0,0.4000,1,1409
6282,3662947,corner,1,0.4100,1,1410
6283,3663123,corner,0,0.4100,1,1411
6284,3663356,corner,1,0.4200,1,1412
6285,3663577,corner,1,0.4300,1,1413
6286,3663880,corner,0,0.4200,1,1414
6287,3664083,corner,1,0.4200,1,1415
6288,3664255,corner,0,0.4200,1,1416
6289,3664525,corner,1,0.4300,1,1417
6290,3664647,corner,0,0.4300,1,1418
6291,3664814,corner,1,0.4400,1,1419
6292,3664918,corner,0,0.4300,1,1420
6293,3665017,corner,0,0.4300,1,1421
6294,3665127,corner,0,0.4200,1,1422
6295,3665296,corner,0,0.4200,1,1423
6296,3665465,corner,0,0.4200,1,1424
6297,3665617,corner,1,0.4300,1,1425
6298,3665725,corner,0,0.4200,1,1426
6299,3665894,corner,0,0.4200,1,1427
6300,3666021,corner,0,0.4100,1,1428
6301,3666293,corner,1,0.4100,1,1429
6302,3666529,corner,1,0.4200,1,1430
6303,3666841,corner,1,0.4300,1,1431
6304,3667013,corner,0,0.4300,1,1432
6305,3667114,corner,0,0.4300,1,1433
6306,3667528,corner,1,0.4400,1,1434
6307,3667698,corner,0,0.4300,1,1435
6308,3667858,corner,1,0.4300,1,1436
6309,3667973,corner,0,0.4300,1,1437
6310,3668090,corner,0,0.4200,1,1438
6311,3668200,corner,0,0.4200,1,1439
6312,3668370,corner,0,0.4100,1,1440
6313,3668730,corner,0,0.4000,1,1441
6314,3668828,corner,0,0.4000,1,1442
6315,3669087,corner,1,0.4100,1,1443
6316,3669185,corner,0,0.4100,1,1444
6317,3669477,corner,0,0.4100,1,1445
6318,3669654,corner,1,0.4200,1,1446
6319,3669973,corner,1,0.4200,1,1447
6320,3670156,corner,1,0.4200,1,1448
6321,3670353,corner,1,0.4200,1,1449
6322,3670595,corner,1,0.4300,1,1450
6323,3670765,corner,1,0.4400,1,1451
6324,3670885,corner,0,0.4400,1,1452
6325,3670981,corner,0,0.4300,1,1453
6326,3671088,corner,0,0.4200,1,1454
6327,3671283,corner,0,0.4200,1,1455
6328,3671395,corner,0,0.4100,1,1456
6329,3671499,corner,0,0.4000,1,1457
6330,3671922,corner,1,0.4000,1,1458
6331,3672031,corner,0,0.4000,1,1459
6332,3672159,corner,0,0.3900,1,1460
6333,3672430,corner,0,0.3800,1,1461
6334,3672558,corner,0,0.3800,1,1462
6335,3672800,corner,1,0.3900,1,1463
6336,3672912,corner,0,0.3900,1,1464
6337,3673082,corner,0,0.3900,1,1465
6338,3673312,corner,1,0.4000,1,1466
6339,3673418,corner,0,0.4000,1,1467
6340,3673546,corner,0,0.4000,1,1468
6341,3673716,corner,1,0.4100,1,1469
6342,3673830,corner,0,0.4000,1,1470
6343,3673936,corner,0,0.3900,1,1471
6344,3674772,corner,1,0.4000,1,1472
6345,3674894,corner,0,0.4000,1,1473
6346,3675012,corner,0,0.3900,1,1474
6347,3675190,corner,1,0.4000,1,1475
6348,3675691,corner,1,0.4100,1,1476
6349,3675803,corner,0,0.4000,1,1477
6350,3675933,corner,0,0.4000,1,1478
6351,3676062,corner,0,0.4000,1,1479
6352,3676165,corner,0,0.3900,1,1480
6353,3676288,corner,0,0.3900,1,1481
6354,3676404,corner,0,0.3800,1,1482
6355,3676646,corner,1,0.3800,1,1483
6356,3676763,corner,0,0.3800,1,1484
6357,3676871,corner,0,0.3700,1,1485
6358,3676989,corner,0,0.3700,1,1486
6359,3677271,corner,0,0.3700,1,1487
6360,3677393,corner,0,0.3600,1,1488
6361,3677562,corner,0,0.3600,1,1489
6362,3677679,corner,0,0.3500,1,1490
6363,3677785,corner,0,0.3500,1,1491
6364,3678035,corner,1,0.3600,1,1492
6365,3678220,corner,1,0.3600,1,1493
6366,3678385,corner,1,0.3700,1,1494
6367,3678560,corner,1,0.3700,1,1495
6368,3678812,corner,1,0.3800,1,1496
6369,3678929,corner,0,0.3800,1,1497
6370,3679477,corner,0,0.3700,1,1498
6371,3679578,corner,0,0.3600,1,1499
6372,3679749,corner,0,0.3600,1,1500
6373,3679918,corner,0,0.3600,1,1501
6374,3680074,corner,1,0.3700,1,1502
6375,3680371,corner,0,0.3700,1,1503
6376,3680783,corner,1,0.3800,1,1504
6377,3680889,corner,0,0.3700,1,1505
6378,3680997,corner,0,0.3600,1,1506
6379,3681257,corner,0,0.3500,1,1507
6380,3681365,corner,0,0.3400,1,1508
6381,3681536,corner,0,0.3400,1,1509
6382,3681806,corner,1,0.3400,1,1510
6383,3681995,corner,0,0.3400,1,1511
6384,3682218,corner,0,0.3300,1,1512
6385,3682331,corner,0,0.3200,1,1513
6386,3683019,corner,1,0.3300,1,1514
6387,3683171,corner,0,0.3200,1,1515
6388,3683272,corner,0,0.3200,1,1516
6389,3683444,corner,1,0.3200,1,1517
6390,3683558,corner,0,0.3200,1,1518
6391,3683952,corner,1,0.3200,1,1519
6392,3684061,corner,0,0.3200,1,1520
6393,3684350,corner,1,0.3300,1,1521
6394,3684449,corner,0,0.3300,1,1522
6395,3684567,corner,0,0.3300,1,1523
6396,3684685,corner,0,0.3300,1,1524
6397,3684853,corner,1,0.3300,1,1525
6398,3684953,corner,0,0.3300,1,1526
6399,3685151,corner,1,0.3400,1,1527
6400,3685320,corner,1,0.3500,1,1528
6401,3685490,corner,0,0.3400,1,1529
6402,3685699,corner,1,0.3400,1,1530
6403,3685903,corner,0,0.3300,1,1531
6404,3686030,corner,0,0.3300,1,1532
6405,3686130,corner,0,0.3300,1,1533
6406,3686234,corner,0,0.3200,1,1534
6407,3686453,corner,1,0.3300,1,1535
6408,3686617,corner,1,0.3300,1,1536
6409,3686754,corner,1,0.3400,1,1537
6410,3686871,corner,0,0.3400,1,1538
6411,3686970,corner,1,0.3500,1,1539
6412,3687089,corner,0,0.3500,1,1540
6413,3687443,corner,1,0.3600,1,1541
6414,3687554,corner,0,0.3600,1,1542
6415,3687675,corner,0,0.3500,1,1543
6416,3687786,corner,0,0.3500,1,1544
6417,3687990,corner,1,0.3600,1,1545
6418,3688110,corner,0,0.3500,1,1546
6419,3688330,corner,1,0.3500,1,1547
6420,3688448,corner,0,0.3400,1,1548
6421,3688647,corner,0,0.3300,1,1549
6422,3688861,corner,1,0.3300,1,1550
6423,3688963,corner,0,0.3200,1,1551
6424,3689080,corner,0,0.3200,1,1552
6425,3689294,corner,1,0.3300,1,1553
6426,3689413,corner,0,0.3300,1,1554
6427,3689655,corner,1,0.3400,1,1555
6428,3689780,corner,0,0.3400,1,1556
6429,3690015,corner,0,0.3400,1,1557
6430,3690168,corner,0,0.3300,1,1558
6431,3690271,corner,0,0.3300,1,1559
6432,3690378,corner,0,0.3300,1,1560
6433,3690657,corner,0,0.3300,1,1561
6434,3690771,corner,0,0.3300,1,1562
6435,3690974,corner,1,0.3300,1,1563
6436,3691094,corner,0,0.3300,1,1564
6437,3691203,corner,0,0.3300,1,1565
6438,3691313,corner,0,0.3200,1,1566
6439,3691522,corner,1,0.3300,1,1567
6440,3691630,corner,0,0.3300,1,1568
6441,3691734,corner,0,0.3200,1,1569
6442,3691859,corner,0,0.3200,1,1570
6443,3691965,corner,0,0.3200,1,1571
6444,3692368,corner,1,0.3200,1,1572
6445,3692477,corner,0,0.3200,1,1573
6446,3692592,corner,0,0.3200,1,1574
6447,3692778,corner,1,0.3200,1,1575
6448,3692898,corner,0,0.3100,1,1576
6449,3693016,corner,0,0.3100,1,1577
6450,3693304,corner,1,0.3200,1,1578
6451,3693450,corner,1,0.3300,1,1579
6452,3693547,corner,0,0.3300,1,1580
6453,3693649,corner,0,0.3300,1,1581
6454,3693818,corner,0,0.3300,1,1582
6455,3693937,corner,0,0.3200,1,1583
6456,3694409,corner,1,0.3300,1,1584
6457,3694531,corner,0,0.3300,1,1585
6458,3694824,corner,0,0.3300,1,1586
6459,3695212,corner,1,0.3400,1,1587
6460,3695564,corner,1,0.3500,1,1588
6461,3695826,corner,1,0.3600,1,1589
6462,3696167,corner,0,0.3600,1,1590
6463,3696281,corner,0,0.3600,1,1591
6464,3696609,corner,0,0.3500,1,1592
6465,3696867,corner,0,0.3400,1,1593
6466,3697075,corner,1,0.3400,1,1594
6467,3697188,corner,0,0.3300,1,1595
6468,3697397,corner,1,0.3300,1,1596
6469,3697500,corner,0,0.3300,1,1597
6470,3697710,corner,1,0.3400,1,1598
6471,3697933,corner,1,0.3500,1,1599
6472,3698050,corner,0,0.3500,1,1600
6473,3698163,corner,0,0.3500,1,1601
6474,3698274,corner,0,0.3400,1,1602
6475,3698756,corner,0,0.3400,1,1603
6476,3699140,corner,0,0.3300,1,1604
6477,3699325,corner,1,0.3400,1,1605
6478,3699537,corner,1,0.3500,1,1606
6479,3699637,corner,0,0.3500,1,1607
6480,3699831,corner,1,0.3600,1,1608
6481,3700444,corner,0,0.3600,1,1609
6482,3700633,corner,1,0.3600,1,1610
6483,3700807,corner,0,0.3600,1,1611
6484,3700926,corner,0,0.3600,1,1612
6485,3701037,corner,0,0.3600,1,1613
6486,3701146,corner,0,0.3500,1,1614
6487,3701377,corner,0,0.3500,1,1615
6488,3701494,corner,0,0.3500,1,1616
6489,3701720,corner,1,0.3500,1,1617
6490,3701833,corner,0,0.3500,1,1618
6491,3702011,corner,1,0.3500,1,1619
6492,3702122,corner,0,0.3500,1,1620
6493,3702238,corner,0,0.3400,1,1621
6494,3702539,corner,1,0.3500,1,1622
6495,3702648,corner,0,0.3500,1,1623
6496,3702749,corner,0,0.3500,1,1624
6497,3702862,corner,0,0.3400,1,1625
6498,3702985,corner,0,0.3400,1,1626
6499,3703111,corner,0,0.3300,1,1627
6500,3703232,corner,0,0.3200,1,1628
6501,3703435,corner,0,0.3200,1,1629
6502,3703558,corner,0,0.3100,1,1630
6503,3703658,corner,0,0.3100,1,1631
6504,3703771,corner,0,0.3100,1,1632
6505,3703870,corner,0,0.3100,1,1633
6506,3703973,corner,0,0.3100,1,1634
6507,3704092,corner,0,0.3000,1,1635
6508,3704200,corner,0,0.2900,1,1636
6509,3704316,corner,0,0.2800,1,1637
6510,3704543,corner,1,0.2900,1,1638
6511,3704730,corner,1,0.2900,1,1639
6512,3704901,corner,1,0.3000,1,1640
6513,3705178,corner,0,0.2900,1,1641
6514,3705348,corner,1,0.3000,1,1642
6515,3705552,corner,1,0.3100,1,1643
6516,3705661,corner,0,0.3100,1,1644
6517,3705869,corner,1,0.3100,1,1645
6518,3705979,corner,0,0.3100,1,1646
6519,3706079,corner,0,0.3000,1,1647
6520,3706205,corner,0,0.3000,1,1648
6521,3706454,corner,1,0.3100,1,1649
6522,3706634,corner,0,0.3000,1,1650
6523,3706738,corner,0,0.3000,1,1651
6524,3706856,corner,0,0.3000,1,1652
6525,3706957,corner,0,0.2900,1,1653
6526,3707128,corner,0,0.2900,1,1654
6527,3707429,corner,0,0.2800,1,1655
6528,3707525,corner,0,0.2800,1,1656
6529,3707639,corner,0,0.2800,1,1657
6530,3707764,corner,0,0.2800,1,1658
6531,3707869,corner,0,0.2800,1,1659
6532,3708135,corner,1,0.2900,1,1660
6533,3708264,corner,0,0.2900,1,1661
6534,3708375,corner,0,0.2900,1,1662
6535,3708536,corner,1,0.2900,1,1663
6536,3708643,corner,0,0.2900,1,1664
6537,3708996,corner,1,0.3000,1,1665
6538,3709268,corner,1,0.3100,1,1666
6539,3709386,corner,0,0.3000,1,1667
6540,3709502,corner,0,0.3000,1,1668
6541,3709618,corner,0,0.3000,1,1669
6542,3709719,corner,0,0.3000,1,1670
6543,3709829,corner,0,0.3000,1,1671
6544,3709938,corner,0,0.2900,1,1672
6545,3710126,corner,1,0.3000,1,1673
6546,3710313,corner,0,0.3000,1,1674
6547,3710517,corner,1,0.3000,1,1675
6548,3710824,corner,0,0.3000,1,1676
6549,3710928,corner,0,0.3000,1,1677
6550,3711049,corner,0,0.2900,1,1678
6551,3711167,corner,0,0.2800,1,1679
6552,3711276,corner,0,0.2800,1,1680
6553,3711402,corner,0,0.2800,1,1681
6554,3711530,corner,0,0.2800,1,1682
6555,3711647,corner,0,0.2800,1,1683
6556,3711880,corner,1,0.2800,1,1684
6557,3711998,corner,0,0.2800,1,1685
6558,3712262,corner,1,0.2900,1,1686
6559,3712438,corner,1,0.2900,1,1687
6560,3712723,corner,0,0.2800,1,1688
6561,3712909,corner,0,0.2700,1,1689
6562,3713096,corner,1,0.2800,1,1690
6563,3713197,corner,0,0.2800,1,1691
6564,3713325,corner,0,0.2800,1,1692
6565,3713565,corner,1,0.2900,1,1693
6566,3713676,corner,0,0.2800,1,1694
6567,3714217,corner,0,0.2800,1,1695
6568,3714566,corner,1,0.2800,1,1696
6569,3714895,corner,1,0.2900,1,1697
6570,3715159,corner,0,0.2800,1,1698
6571,3715275,corner,0,0.2700,1,1699
6572,3715448,corner,0,0.2700,1,1700
6573,3715859,corner,0,0.2700,1,1701
6574,3716401,corner,1,0.2800,1,1702
6575,3716573,corner,0,0.2800,1,1703
6576,3716685,corner,0,0.2800,1,1704
6577,3716883,corner,1,0.2800,1,1705
6578,3717009,corner,0,0.2700,1,1706
6579,3717129,corner,0,0.2700,1,1707
6580,3717248,corner,0,0.2600,1,1708
6581,3717659,corner,1,0.2700,1,1709
6582,3717773,corner,0,0.2600,1,1710
6583,3717897,corner,0,0.2600,1,1711
6584,3718005,corner,0,0.2600,1,1712
6585,3718125,corner,1,0.2700,1,1713
6586,3718241,corner,0,0.2700,1,1714
6587,3718429,corner,1,0.2800,1,1715
6588,3718529,corner,0,0.2800,1,1716
6589,3718641,corner,0,0.2700,1,1717
6590,3718854,corner,0,0.2700,1,1718
6591,3718965,corner,0,0.2600,1,1719
6592,3719084,corner,0,0.2600,1,1720
6593,3719255,corner,0,0.2600,1,1721
6594,3719362,corner,0,0.2500,1,1722
6595,3719477,corner,0,0.2500,1,1723
6596,3719674,corner,0,0.2500,1,1724
6597,3719958,corner,0,0.2500,1,1725
6598,3720073,corner,0,0.2500,1,1726
6599,3720185,corner,0,0.2500,1,1727
6600,3720313,corner,0,0.2500,1,1728
6601,3720512,corner,1,0.2600,1,1729
6602,3720697,corner,1,0.2700,1,1730
6603,3720817,corner,0,0.2700,1,1731
6604,3720968,corner,1,0.2800,1,1732
6605,3721089,corner,0,0.2800,1,1733
6606,3721202,corner,0,0.2800,1,1734
6607,3721424,corner,1,0.2900,1,1735
6608,3721596,corner,0,0.2900,1,1736
6609,3721842,corner,1,0.3000,1,1737
6610,3722000,corner,0,0.2900,1,1738
6611,3722112,corner,0,0.2800,1,1739
6612,3722221,corner,0,0.2700,1,1740
6613,3722323,corner,0,0.2700,1,1741
6614,3722443,corner,0,0.2600,1,1742
6615,3722543,corner,0,0.2500,1,1743
6616,3722660,corner,0,0.2500,1,1744
6617,3723129,corner,1,0.2500,1,1745
6618,3723246,corner,0,0.2500,1,1746
6619,3723355,corner,0,0.2500,1,1747
6620,3723462,corner,0,0.2500,1,1748
6621,3723580,corner,0,0.2400,1,1749
6622,3723697,corner,0,0.2400,1,1750
6623,3724204,corner,1,0.2500,1,1751
6624,3724313,corner,0,0.2500,1,1752
6625,3724811,corner,1,0.2600,1,1753
6626,3725084,corner,0,0.2600,1,1754
6627,3725198,corner,0,0.2600,1,1755
6628,3725593,corner,0,0.2600,1,1756
6629,3725704,corner,0,0.2600,1,1757
6630,3725874,corner,0,0.2600,1,1758
6631,3726212,corner,1,0.2700,1,1759
6632,3726497,corner,1,0.2700,1,1760
6633,3726597,corner,0,0.2700,1,1761
6634,3726768,corner,0,0.2700,1,1762
6635,3726952,corner,1,0.2700,1,1763
6636,3727144,corner,1,0.2800,1,1764
6637,3727395,corner,1,0.2800,1,1765
6638,3727520,corner,0,0.2700,1,1766
6639,3727639,corner,0,0.2700,1,1767
6640,3727750,corner,0,0.2700,1,1768
6641,3727854,corner,0,0.2700,1,1769
6642,3728053,corner,1,0.2800,1,1770
6643,3728156,corner,0,0.2800,1,1771
6644,3728284,corner,0,0.2800,1,1772
6645,3728400,corner,0,0.2700,1,1773
6646,3728511,corner,0,0.2700,1,1774
6647,3728735,corner,0,0.2600,1,1775
6648,3728952,corner,1,0.2700,1,1776
6649,3729072,corner,0,0.2700,1,1777
6650,3729187,corner,0,0.2700,1,1778
6651,3729428,corner,1,0.2800,1,1779
6652,3729669,corner,1,0.2900,1,1780
6653,3729885,corner,1,0.3000,1,1781
6654,3730202,corner,1,0.3100,1,1782
6655,3730318,corner,0,0.3100,1,1783
6656,3730420,corner,0,0.3000,1,1784
6657,3730526,corner,0,0.3000,1,1785
6658,3730631,corner,0,0.2900,1,1786
6659,3730852,corner,1,0.2900,1,1787
6660,3731076,corner,0,0.2900,1,1788
6661,3731183,corner,0,0.2900,1,1789
6662,3731380,corner,0,0.2800,1,1790
6663,3731484,corner,0,0.2800,1,1791
6664,3731604,corner,0,0.2800,1,1792
6665,3731721,corner,0,0.2700,1,1793
6666,3731957,corner,0,0.2700,1,1794
6667,3732060,corner,0,0.2700,1,1795
6668,3732180,corner,0,0.2600,1,1796
6669,3732313,corner,0,0.2500,1,1797
6670,3732419,corner,0,0.2500,1,1798
6671,3732577,corner,1,0.2600,1,1799
6672,3732769,corner,1,0.2700,1,1800
6673,3732976,corner,1,0.2800,1,1801
6674,3733144,corner,1,0.2800,1,1802
6675,3733313,corner,1,0.2900,1,1803
6676,3733429,corner,0,0.2900,1,1804
6677,3733621,corner,1,0.2900,1,1805
6678,3734022,corner,0,0.2900,1,1806
6679,3734218,corner,1,0.3000,1,1807
6680,3734354,corner,0,0.3000,1,1808
6681,3734583,corner,0,0.2900,1,1809
6682,3734707,corner,0,0.2900,1,1810
6683,3734973,corner,1,0.3000,1,1811
6684,3735090,corner,0,0.3000,1,1812
6685,3735211,corner,0,0.2900,1,1813
6686,3735306,corner,0,0.2900,1,1814
6687,3735415,corner,0,0.2800,1,1815
6688,3735530,corner,0,0.2800,1,1816
6689,3735699,corner,0,0.2800,1,1817
6690,3735827,corner,0,0.2800,1,1818
6691,3735932,corner,0,0.2800,1,1819
6692,3736217,corner,0,0.2800,1,1820
6693,3736439,corner,1,0.2900,1,1821
6694,3736697,corner,1,0.3000,1,1822
6695,3736926,corner,1,0.3100,1,1823
6696,3737198,corner,0,0.3100,1,1824
6697,3737453,corner,1,0.3200,1,1825
6698,3737710,corner,0,0.3200,1,1826
6699,3737830,corner,0,0.3200,1,1827
6700,3737928,corner,0,0.3200,1,1828
6701,3738047,corner,0,0.3100,1,1829
6702,3738153,corner,0,0.3000,1,1830
6703,3738272,corner,0,0.3000,1,1831
6704,3738391,corner,0,0.2900,1,1832
6705,3738512,corner,0,0.2900,1,1833
6706,3738633,corner,0,0.2900,1,1834
6707,3738835,corner,1,0.2900,1,1835
6708,3738940,corner,0,0.2900,1,1836
6709,3739052,corner,0,0.2800,1,1837
6710,3739179,corner,0,0.2800,1,1838
6711,3739458,corner,0,0.2800,1,1839
6712,3739583,corner,0,0.2800,1,1840
6713,3739691,corner,0,0.2800,1,1841
6714,3739973,corner,0,0.2800,1,1842
6715,3740100,corner,0,0.2800,1,1843
6716,3740324,corner,1,0.2900,1,1844
6717,3740447,corner,0,0.2800,1,1845
6718,3740571,corner,0,0.2800,1,1846
6719,3740751,corner,0,0.2800,1,1847
6720,3741144,corner,1,0.2900,1,1848
6721,3741281,corner,0,0.2900,1,1849
6722,3741389,corner,0,0.2900,1,1850
6723,3741521,corner,0,0.2800,1,1851
6724,3741632,corner,0,0.2800,1,1852
6725,3741843,corner,0,0.2700,1,1853
6726,3742029,corner,0,0.2700,1,1854
6727,3742222,corner,1,0.2800,1,1855
6728,3742511,corner,0,0.2800,1,1856
6729,3742822,corner,0,0.2800,1,1857
6730,3743063,corner,1,0.2900,1,1858
6731,3743241,corner,1,0.2900,1,1859
6732,3743359,corner,0,0.2800,1,1860
6733,3743590,corner,1,0.2900,1,1861
6734,3743691,corner,0,0.2900,1,1862
6735,3743936,corner,1,0.2900,1,1863
6736,3744504,corner,0,0.2800,1,1864
6737,3744631,corner,0,0.2700,1,1865
6738,3744742,corner,0,0.2700,1,1866
6739,3744849,corner,0,0.2700,1,1867
6740,3745020,corner,1,0.2800,1,1868
6741,3745146,corner,0,0.2800,1,1869
6742,3745270,corner,0,0.2700,1,1870
6743,3745465,corner,1,0.2800,1,1871
6744,3745732,corner,1,0.2900,1,1872
6745,3746088,corner,1,0.3000,1,1873
6746,3746190,corner,0,0.3000,1,1874
6747,3746310,corner,0,0.3000,1,1875
6748,3746825,corner,1,0.3000,1,1876
6749,3747096,corner,1,0.3100,1,1877
6750,3747267,corner,1,0.3200,1,1878
6751,3747393,corner,0,0.3100,1,1879
6752,3747499,corner,0,0.3000,1,1880
6753,3747710,corner,1,0.3000,1,1881
6754,3747880,corner,1,0.3000,1,1882
6755,3747999,corner,0,0.3000,1,1883
6756,3748195,corner,0,0.3000,1,1884
6757,3748308,corner,0,0.3000,1,1885
6758,3748537,corner,1,0.3100,1,1886
6759,3748750,corner,0,0.3000,1,1887
6760,3748877,corner,0,0.3000,1,1888
6761,3749046,corner,0,0.3000,1,1889
6762,3749155,corner,0,0.3000,1,1890
6763,3749269,corner,0,0.3000,1,1891
6764,3749377,corner,0,0.3000,1,1892
6765,3749950,corner,1,0.3100,1,1893
6766,3750800,corner,1,0.3200,1,1894
6767,3750915,corner,0,0.3200,1,1895
6768,3751084,corner,0,0.3200,1,1896
6769,3751216,corner,0,0.3200,1,1897
6770,3751321,corner,0,0.3200,1,1898
6771,3751439,corner,0,0.3100,1,1899
6772,3751687,corner,1,0.3100,1,1900
6773,3751975,corner,1,0.3100,1,1901
6774,3752093,corner,0,0.3000,1,1902
6775,3752574,corner,1,0.3000,1,1903
6776,3752688,corner,0,0.3000,1,1904
6777,3752805,corner,0,0.2900,1,1905
6778,3752972,corner,1,0.3000,1,1906
6779,3753180,corner,1,0.3000,1,1907
6780,3753538,corner,0,0.3000,1,1908
6781,3753656,corner,0,0.3000,1,1909
6782,3753772,corner,0,0.3000,1,1910
6783,3753946,corner,0,0.2900,1,1911
6784,3754394,corner,1,0.3000,1,1912
6785,3754502,corner,0,0.3000,1,1913
6786,3754877,corner,1,0.3100,1,1914
6787,3755141,corner,1,0.3200,1,1915
6788,3755630,corner,1,0.3300,1,1916
6789,3755757,corner,0,0.3300,1,1917
6790,3755884,corner,0,0.3300,1,1918
6791,3756087,corner,1,0.3400,1,1919
6792,3756200,corner,0,0.3400,1,1920
6793,3756353,corner,1,0.3400,1,1921
6794,3756458,corner,0,0.3300,1,1922
6795,3756569,corner,0,0.3200,1,1923
6796,3756732,corner,1,0.3300,1,1924
6797,3756845,corner,0,0.3200,1,1925
6798,3756959,corner,0,0.3200,1,1926
6799,3757130,corner,0,0.3200,1,1927
6800,3757409,corner,0,0.3200,1,1928
6801,3757523,corner,0,0.3200,1,1929
6802,3757635,corner,0,0.3200,1,1930
6803,3757849,corner,1,0.3300,1,1931
6804,3757985,corner,0,0.3300,1,1932
6805,3758089,corner,0,0.3300,1,1933
6806,3758218,corner,0,0.3300,1,1934
6807,3758588,corner,1,0.3300,1,1935
6808,3758697,corner,0,0.3300,1,1936
6809,3758883,corner,1,0.3400,1,1937
6810,3759100,corner,1,0.3500,1,1938
6811,3759355,corner,1,0.3600,1,1939
6812,3759480,corner,0,0.3600,1,1940
6813,3759757,corner,0,0.3600,1,1941
6814,3759997,corner,0,0.3600,1,1942
6815,3760130,corner,0,0.3600,1,1943
6816,3760413,corner,0,0.3500,1,1944
6817,3760603,corner,1,0.3600,1,1945
6818,3760706,corner,0,0.3600,1,1946
6819,3760825,corner,0,0.3600,1,1947
6820,3761034,corner,1,0.3600,1,1948
6821,3761150,corner,0,0.3600,1,1949
6822,3761266,corner,0,0.3600,1,1950
6823,3761396,corner,0,0.3600,1,1951
6824,3761800,corner,1,0.3700,1,1952
6825,3761932,corner,0,0.3700,1,1953
6826,3762042,corner,0,0.3700,1,1954
6827,3762165,corner,0,0.3600,1,1955
6828,3762267,corner,0,0.3600,1,1956
6829,3762375,corner,0,0.3600,1,1957
6830,3762494,corner,0,0.3500,1,1958
6831,3763158,corner,0,0.3400,1,1959
6832,3763388,corner,0,0.3400,1,1960
6833,3763510,corner,0,0.3300,1,1961
6834,3763681,corner,0,0.3300,1,1962
6835,3763805,corner,0,0.3200,1,1963
6836,3763929,corner,0,0.3200,1,1964
6837,3764039,corner,0,0.3200,1,1965
6838,3764254,corner,1,0.3300,1,1966
6839,3764360,corner,0,0.3300,1,1967
6840,3764643,corner,0,0.3200,1,1968
6841,3764755,corner,0,0.3200,1,1969
6842,3765065,corner,0,0.3200,1,1970
6843,3765188,corner,0,0.3100,1,1971
6844,3765308,corner,0,0.3000,1,1972
6845,3765483,corner,0,0.2900,1,1973
6846,3765593,corner,0,0.2900,1,1974
6847,3765826,corner,1,0.3000,1,1975
6848,3765936,corner,0,0.2900,1,1976
6849,3766067,corner,0,0.2800,1,1977
6850,3766185,corner,0,0.2700,1,1978
6851,3766317,corner,0,0.2700,1,1979
6852,3766448,corner,0,0.2700,1,1980
6853,3766617,corner,0,0.2600,1,1981
6854,3766726,corner,0,0.2500,1,1982
6855,3767013,corner,0,0.2500,1,1983
6856,3767142,corner,0,0.2500,1,1984
6857,3767248,corner,0,0.2500,1,1985
6858,3767356,corner,0,0.2400,1,1986
6859,3767476,corner,0,0.2400,1,1987
6860,3767694,corner,0,0.2400,1,1988
6861,3768117,corner,1,0.2500,1,1989
6862,3768228,corner,0,0.2500,1,1990
6863,3768320,corner,0,0.2500,1,1991
6864,3768691,corner,0,0.2500,1,1992
6865,3768964,corner,0,0.2400,1,1993
6866,3769084,corner,0,0.2300,1,1994
6867,3769201,corner,0,0.2300,1,1995
6868,3769326,corner,0,0.2300,1,1996
6869,3769599,corner,1,0.2400,1,1997
6870,3769717,corner,0,0.2400,1,1998
6871,3769906,corner,1,0.2500,1,1999
6872,3770120,corner,1,0.2500,1,2000
6873,3770229,corner,0,0.2400,1,2001
6874,3770359,corner,0,0.2400,1,2002
6875,3770581,corner,0,0.2300,1,2003
6876,3770770,corner,1,0.2400,1,2004
6877,3770886,corner,0,0.2400,1,2005
6878,3771063,corner,1,0.2400,1,2006
6879,3771183,corner,0,0.2300,1,2007
6880,3771356,corner,0,0.2300,1,2008
6881,3771498,corner,0,0.2300,1,2009
6882,3771633,corner,0,0.2300,1,2010
6883,3771732,corner,0,0.2300,1,2011
6884,3771840,corner,0,0.2200,1,2012
6885,3772251,corner,0,0.2200,1,2013
6886,3772386,corner,0,0.2100,1,2014
6887,3772499,corner,0,0.2000,1,2015
6888,3772611,corner,0,0.1900,1,2016
6889,3772739,corner,0,0.1900,1,2017
6890,3773122,corner,0,0.1900,1,2018
6891,3773433,corner,1,0.1900,1,2019
6892,3773556,corner,0,0.1900,1,2020
6893,3773686,corner,0,0.1800,1,2021
6894,3773891,corner,1,0.1900,1,2022
6895,3774060,corner,0,0.1900,1,2023
6896,3774173,corner,0,0.1800,1,2024
6897,3774282,corner,0,0.1800,1,2025
6898,3774397,corner,0,0.1800,1,2026
6899,3774509,corner,0,0.1800,1,2027
6900,3774653,corner,0,0.1800,1,2028
6901,3774770,corner,0,0.1800,1,2029
6902,3775000,corner,0,0.1800,1,2030
6903,3775284,corner,0,0.1700,1,2031
6904,3775469,corner,1,0.1800,1,2032
6905,3775580,corner,0,0.1800,1,2033
6906,3775752,corner,1,0.1900,1,2034
6907,3775882,corner,0,0.1800,1,2035
6908,3776002,corner,0,0.1800,1,2036
6909,3776109,corner,0,0.1700,1,2037
6910,3776278,corner,0,0.1600,1,2038
6911,3776430,corner,1,0.1600,1,2039
6912,3776723,corner,0,0.1600,1,2040
6913,3776843,corner,0,0.1600,1,2041
6914,3777090,corner,1,0.1700,1,2042
6915,3777213,corner,0,0.1700,1,2043
6916,3777332,corner,0,0.1700,1,2044
6917,3777453,corner,0,0.1600,1,2045
6918,3777582,corner,0,0.1600,1,2046
6919,3777836,corner,1,0.1700,1,2047
6920,3777963,corner,0,0.1600,1,2048
6921,3778069,corner,0,0.1600,1,2049
6922,3778239,corner,0,0.1600,1,2050
6923,3778366,corner,0,0.1600,1,2051
6924,3778535,corner,0,0.1500,1,2052
6925,3778658,corner,0,0.1500,1,2053
6926,3778917,corner,0,0.1500,1,2054
6927,3779261,corner,1,0.1600,1,2055
6928,3779524,corner,0,0.1600,1,2056
6929,3779638,corner,0,0.1600,1,2057
6930,3779751,corner,0,0.1600,1,2058
6931,3779910,corner,0,0.1600,1,2059
6932,3780033,corner,0,0.1600,1,2060
6933,3780203,corner,0,0.1600,1,2061
6934,3780722,corner,0,0.1600,1,2062
6935,3780969,corner,1,0.1700,1,2063
6936,3781092,corner,0,0.1700,1,2064
6937,3781224,corner,0,0.1700,1,2065
6938,3781503,corner,0,0.1600,1,2066
6939,3781718,corner,1,0.1700,1,2067
6940,3781837,corner,0,0.1700,1,2068
6941,3782058,corner,0,0.1700,1,2069
6942,3782194,corner,0,0.1700,1,2070
6943,3782307,corner,0,0.1700,1,2071
6944,3782423,corner,0,0.1700,1,2072
6945,3782545,corner,0,0.1700,1,2073
6946,3782830,corner,1,0.1800,1,2074
6947,3783033,corner,0,0.1700,1,2075
6948,3783147,corner,0,0.1700,1,2076
6949,3783274,corner,0,0.1700,1,2077
6950,3783532,corner,0,0.1700,1,2078
6951,3783733,corner,0,0.1700,1,2079
6952,3784002,corner,1,0.1800,1,2080
6953,3784211,corner,1,0.1900,1,2081
6954,3784505,corner,0,0.1900,1,2082
6955,3784636,corner,0,0.1900,1,2083
6956,3784821,corner,1,0.2000,1,2084
6957,3784934,corner,0,0.2000,1,2085
6958,3785049,corner,0,0.2000,1,2086
6959,3785262,corner,1,0.2100,1,2087
6960,3785387,corner,0,0.2100,1,2088
6961,3785497,corner,0,0.2000,1,2089
6962,3785602,corner,0,0.2000,1,2090
6963,3785787,corner,1,0.2100,1,2091
6964,3785907,corner,0,0.2100,1,2092
6965,3786078,corner,0,0.2100,1,2093
6966,3786223,corner,0,0.2100,1,2094
6967,3786566,corner,0,0.2100,1,2095
6968,3787019,corner,0,0.2100,1,2096
6969,3787298,corner,0,0.2000,1,2097
6970,3787412,corner,0,0.2000,1,2098
6971,3787751,corner,1,0.2000,1,2099
6972,3787865,corner,0,0.1900,1,2100
6973,3788018,corner,0,0.1900,1,2101
6974,3788206,corner,1,0.2000,1,2102
6975,3788333,corner,0,0.2000,1,2103
6976,3788447,corner,0,0.1900,1,2104
6977,3788566,corner,0,0.1900,1,2105
6978,3788689,corner,0,0.1800,1,2106
6979,3788868,corner,1,0.1900,1,2107
6980,3788971,corner,0,0.1900,1,2108
6981,3789250,corner,0,0.1900,1,2109
6982,3789359,corner,0,0.1900,1,2110
6983,3789456,corner,0,0.1900,1,2111
6984,3789588,corner,0,0.1900,1,2112
6985,3789691,corner,0,0.1900,1,2113
6986,3789940,corner,0,0.1900,1,2114
6987,3790059,corner,0,0.1900,1,2115
6988,3790407,corner,1,0.2000,1,2116
6989,3790648,corner,1,0.2100,1,2117
6990,3790765,corner,0,0.2100,1,2118
6991,3790997,corner,0,0.2000,1,2119
6992,3791138,corner,0,0.2000,1,2120
6993,3791249,corner,0,0.2000,1,2121
6994,3791358,corner,0,0.1900,1,2122
6995,3791489,corner,0,0.1900,1,2123
6996,3791868,corner,1,0.2000,1,2124
6997,3791980,corner,0,0.2000,1,2125
6998,3792252,corner,1,0.2100,1,2126
6999,3792383,corner,0,0.2100,1,2127
7000,3792835,corner,0,0.2100,1,2128
7001,3793162,corner,1,0.2200,1,2129
7002,3793286,corner,0,0.2200,1,2130
7003,3793708,corner,0,0.2200,1,2131
7004,3793907,corner,1,0.2200,1,2132
7005,3794092,corner,1,0.2300,1,2133
7006,3794316,corner,0,0.2200,1,2134
7007,3794607,corner,0,0.2200,1,2135
7008,3794715,corner,0,0.2200,1,2136
7009,3794823,corner,0,0.2200,1,2137
7010,3794958,corner,0,0.2200,1,2138
7011,3795225,corner,0,0.2100,1,2139
7012,3795343,corner,0,0.2100,1,2140
7013,3795446,corner,0,0.2100,1,2141
7014,3795583,corner,0,0.2000,1,2142
7015,3795685,corner,0,0.2000,1,2143
7016,3795801,corner,0,0.2000,1,2144
7017,3795919,corner,0,0.2000,1,2145
7018,3796031,corner,0,0.2000,1,2146
7019,3796212,corner,1,0.2000,1,2147
7020,3796383,corner,0,0.2000,1,2148
7021,3796562,corner,0,0.2000,1,2149
7022,3796712,corner,1,0.2100,1,2150
7023,3796906,corner,1,0.2200,1,2151
7024,3797171,corner,0,0.2200,1,2152
7025,3797292,corner,0,0.2200,1,2153
7026,3797435,corner,0,0.2200,1,2154
7027,3797566,corner,0,0.2100,1,2155
7028,3797683,corner,0,0.2100,1,2156
7029,3797893,corner,1,0.2200,1,2157
7030,3798009,corner,0,0.2200,1,2158
7031,3798113,corner,0,0.2200,1,2159
7032,3798458,corner,0,0.2200,1,2160
7033,3798720,corner,0,0.2200,1,2161
7034,3798937,corner,0,0.2200,1,2162
7035,3799163,corner,1,0.2200,1,2163
7036,3799373,corner,0,0.2200,1,2164
7037,3799488,corner,0,0.2200,1,2165
7038,3799587,corner,0,0.2200,1,2166
7039,3799712,corner,0,0.2100,1,2167
7040,3800342,corner,1,0.2200,1,2168
7041,3800508,corner,1,0.2300,1,2169
7042,3800626,corner,0,0.2300,1,2170
7043,3800749,corner,0,0.2300,1,2171
7044,3800979,corner,1,0.2400,1,2172
7045,3801082,corner,0,0.2400,1,2173
7046,3801199,corner,0,0.2300,1,2174
7047,3801309,corner,0,0.2300,1,2175
7048,3801449,corner,0,0.2300,1,2176
7049,3801618,corner,0,0.2300,1,2177
7050,3801744,corner,0,0.2300,1,2178
7051,3801868,corner,0,0.2300,1,2179
7052,3801995,corner,0,0.2200,1,2180
7053,3802119,corner,0,0.2100,1,2181
7054,3802254,corner,0,0.2100,1,2182
7055,3802389,corner,0,0.2100,1,2183
7056,3802517,corner,0,0.2000,1,2184
7057,3802654,corner,0,0.2000,1,2185
7058,3802788,corner,0,0.2000,1,2186
7059,3802927,corner,0,0.1900,1,2187
7060,3803177,corner,1,0.2000,1,2188
7061,3803368,corner,0,0.2000,1,2189
7062,3803504,corner,0,0.2000,1,2190
7063,3803674,corner,0,0.1900,1,2191
7064,3804013,corner,1,0.2000,1,2192
7065,3804140,corner,0,0.2000,1,2193
7066,3804309,corner,0,0.2000,1,2194
7067,3804429,corner,0,0.2000,1,2195
7068,3804541,corner,0,0.2000,1,2196
7069,3804710,corner,0,0.2000,1,2197
7070,3804926,corner,1,0.2100,1,2198
7071,3805039,corner,0,0.2000,1,2199
7072,3805227,corner,1,0.2100,1,2200
7073,3805358,corner,0,0.2100,1,2201
7074,3805473,corner,0,0.2000,1,2202
7075,3805712,corner,1,0.2100,1,2203
7076,3805832,corner,0,0.2100,1,2204
7077,3805956,corner,0,0.2100,1,2205
7078,3806077,corner,0,0.2100,1,2206
7079,3806247,corner,0,0.2000,1,2207
7080,3806518,corner,0,0.2000,1,2208
7081,3806809,corner,0,0.2000,1,2209
7082,3806936,corner,0,0.2000,1,2210
7083,3807050,corner,0,0.2000,1,2211
7084,3807162,corner,0,0.2000,1,2212
7085,3807274,corner,0,0.2000,1,2213
7086,3807385,corner,0,0.2000,1,2214
7087,3807506,corner,0,0.2000,1,2215
7088,3807615,corner,0,0.1900,1,2216
7089,3807724,corner,0,0.1800,1,2217
7090,3807893,corner,1,0.1900,1,2218
7091,3808007,corner,0,0.1900,1,2219
7092,3808119,corner,0,0.1900,1,2220
7093,3808257,corner,0,0.1900,1,2221
7094,3808372,corner,0,0.1900,1,2222
7095,3808550,corner,1,0.2000,1,2223
7096,3808674,corner,0,0.1900,1,2224
7097,3808835,corner,0,0.1900,1,2225
7098,3809087,corner,1,0.1900,1,2226
7099,3809281,corner,0,0.1900,1,2227
7100,3809393,corner,0,0.1900,1,2228
7101,3809591,corner,1,0.1900,1,2229
7102,3809720,corner,0,0.1900,1,2230
7103,3809998,corner,0,0.1900,1,2231
7104,3810126,corner,0,0.1800,1,2232
7105,3810255,corner,0,0.1700,1,2233
7106,3810448,corner,0,0.1700,1,2234
7107,3810732,corner,0,0.1700,1,2235
7108,3810872,corner,0,0.1700,1,2236
7109,3810994,corner,0,0.1700,1,2237
7110,3811100,corner,0,0.1700,1,2238
7111,3811205,corner,0,0.1700,1,2239
7112,3811327,corner,0,0.1700,1,2240
7113,3811458,corner,1,0.1800,1,2241
7114,3811592,corner,0,0.1800,1,2242
7115,3811715,corner,0,0.1800,1,2243
7116,3811918,corner,1,0.1900,1,2244
7117,3812058,corner,0,0.1900,1,2245
7118,3812233,corner,1,0.2000,1,2246
7119,3812354,corner,0,0.1900,1,2247
7120,3812479,corner,0,0.1900,1,2248
7121,3812625,corner,0,0.1900,1,2249
7122,3812753,corner,0,0.1800,1,2250
7123,3812882,corner,0,0.1700,1,2251
7124,3812999,corner,0,0.1700,1,2252
7125,3813106,corner,0,0.1700,1,2253
7126,3813305,corner,1,0.1800,1,2254
7127,3813495,corner,0,0.1800,1,2255
7128,3813621,corner,0,0.1800,1,2256
7129,3813795,corner,0,0.1700,1,2257
7130,3814014,corner,1,0.1800,1,2258
7131,3814129,corner,0,0.1800,1,2259
7132,3814244,corner,0,0.1800,1,2260
7133,3814476,corner,0,0.1800,1,2261
7134,3814606,corner,0,0.1800,1,2262
7135,3814740,corner,0,0.1700,1,2263
7136,3814850,corner,0,0.1700,1,2264
7137,3815019,corner,0,0.1700,1,2265
7138,3815307,corner,0,0.1700,1,2266
7139,3815478,corner,0,0.1700,1,2267
7140,3815592,corner,0,0.1600,1,2268
7141,3815870,corner,0,0.1500,1,2269
7142,3815979,corner,0,0.1500,1,2270
7143,3816149,corner,0,0.1500,1,2271
7144,3816270,corner,0,0.1400,1,2272
7145,3816509,corner,1,0.1500,1,2273
7146,3816638,corner,0,0.1500,1,2274
7147,3816769,corner,0,0.1500,1,2275
7148,3816873,corner,0,0.1500,1,2276
7149,3816986,corner,0,0.1500,1,2277
7150,3817118,corner,0,0.1500,1,2278
7151,3817313,corner,0,0.1500,1,2279
7152,3817430,corner,0,0.1500,1,2280
7153,3817549,corner,0,0.1500,1,2281
7154,3817761,corner,1,0.1600,1,2282
7155,3817875,corner,0,0.1600,1,2283
7156,3818055,corner,0,0.1600,1,2284
7157,3818178,corner,0,0.1600,1,2285
7158,3818402,corner,0,0.1600,1,2286
7159,3818524,corner,0,0.1600,1,2287
7160,3818744,corner,1,0.1600,1,2288
7161,3818854,corner,0,0.1600,1,2289
7162,3818960,corner,0,0.1600,1,2290
7163,3819236,corner,0,0.1600,1,2291
7164,3819509,corner,0,0.1500,1,2292
7165,3819683,corner,0,0.1500,1,2293
7166,3820024,corner,1,0.1600,1,2294
7167,3820136,corner,0,0.1600,1,2295
7168,3820255,corner,0,0.1600,1,2296
7169,3820373,corner,0,0.1600,1,2297
7170,3820669,corner,0,0.1500,1,2298
7171,3820773,corner,0,0.1500,1,2299
7172,3820889,corner,0,0.1400,1,2300
7173,3820995,corner,0,0.1400,1,2301
7174,3821125,corner,0,0.1400,1,2302
7175,3821231,corner,0,0.1300,1,2303
7176,3821351,corner,0,0.1300,1,2304
7177,3821461,corner,0,0.1300,1,2305
7178,3821639,corner,0,0.1300,1,2306
7179,3821886,corner,1,0.1400,1,2307
7180,3822026,corner,0,0.1400,1,2308
7181,3822133,corner,0,0.1400,1,2309
7182,3822246,corner,0,0.1400,1,2310
7183,3822440,corner,1,0.1500,1,2311
7184,3822597,corner,1,0.1600,1,2312
7185,3822877,corner,0,0.1600,1,2313
7186,3822998,corner,0,0.1600,1,2314
7187,3823115,corner,0,0.1600,1,2315
7188,3823408,corner,0,0.1600,1,2316
7189,3823623,corner,1,0.1700,1,2317
7190,3823805,corner,1,0.1700,1,2318
7191,3823909,corner,0,0.1700,1,2319
7192,3824097,corner,1,0.1800,1,2320
7193,3824203,corner,0,0.1800,1,2321
7194,3824550,corner,1,0.1900,1,2322
7195,3824679,corner,0,0.1800,1,2323
7196,3824971,corner,0,0.1800,1,2324
7197,3825076,corner,0,0.1800,1,2325
7198,3825193,corner,0,0.1700,1,2326
7199,3825395,corner,0,0.1700,1,2327
7200,3825509,corner,0,0.1700,1,2328
7201,3825718,corner,1,0.1700,1,2329
7202,3826020,corner,1,0.1800,1,2330
7203,3826176,corner,1,0.1900,1,2331
7204,3826348,corner,0,0.1900,1,2332
7205,3826456,corner,0,0.1900,1,2333
7206,3826573,corner,0,0.1900,1,2334
7207,3826673,corner,0,0.1900,1,2335
7208,3826785,corner,0,0.1900,1,2336
7209,3826912,corner,0,0.1900,1,2337
7210,3827014,corner,0,0.1900,1,2338
7211,3827247,corner,1,0.2000,1,2339
7212,3827353,corner,0,0.2000,1,2340
7213,3827471,corner,0,0.1900,1,2341
7214,3827572,corner,0,0.1900,1,2342
7215,3827871,corner,1,0.2000,1,2343
7216,3827990,corner,0,0.1900,1,2344
7217,3828204,corner,0,0.1900,1,2345
7218,3828335,corner,0,0.1800,1,2346
7219,3828545,corner,0,0.1800,1,2347
7220,3828654,corner,0,0.1800,1,2348
7221,3828773,corner,0,0.1800,1,2349
7222,3829057,corner,0,0.1800,1,2350
7223,3829257,corner,0,0.1800,1,2351
7224,3829377,corner,0,0.1800,1,2352
7225,3829662,corner,0,0.1800,1,2353
7226,3829922,corner,1,0.1800,1,2354
7227,3830017,corner,0,0.1800,1,2355
7228,3830131,corner,0,0.1800,1,2356
7229,3830237,corner,0,0.1800,1,2357
7230,3830459,corner,1,0.1800,1,2358
7231,3830567,corner,0,0.1800,1,2359
7232,3830662,corner,0,0.1800,1,2360
7233,3830777,corner,0,0.1800,1,2361
7234,3830964,corner,0,0.1800,1,2362
7235,3831165,corner,0,0.1800,1,2363
7236,3831322,corner,1,0.1900,1,2364
7237,3831600,corner,0,0.1900,1,2365
7238,3831865,corner,0,0.1900,1,2366
7239,3831976,corner,0,0.1900,1,2367
7240,3832154,corner,1,0.2000,1,2368
7241,3832329,corner,1,0.2100,1,2369
7242,3832436,corner,0,0.2100,1,2370
7243,3832623,corner,1,0.2200,1,2371
7244,3832735,corner,0,0.2200,1,2372
7245,3832935,corner,0,0.2100,1,2373
7246,3833149,corner,1,0.2200,1,2374
7247,3833398,corner,1,0.2300,1,2375
7248,3833507,corner,0,0.2300,1,2376
7249,3833899,corner,0,0.2300,1,2377
7250,3834031,corner,0,0.2300,1,2378
7251,3834245,corner,1,0.2400,1,2379
7252,3834443,corner,1,0.2500,1,2380
7253,3834553,corner,0,0.2500,1,2381
7254,3834678,corner,0,0.2400,1,2382
7255,3834902,corner,1,0.2500,1,2383
7256,3835015,corner,0,0.2500,1,2384
7257,3835159,corner,0,0.2500,1,2385
7258,3835380,corner,1,0.2600,1,2386
7259,3835494,corner,0,0.2600,1,2387
7260,3835946,corner,0,0.2500,1,2388
7261,3836249,corner,0,0.2500,1,2389
7262,3836360,corner,0,0.2500,1,2390
7263,3836489,corner,0,0.2500,1,2391
7264,3836720,corner,0,0.2500,1,2392
7265,3836947,corner,0,0.2500,1,2393
7266,3837049,corner,0,0.2400,1,2394
7267,3837153,corner,0,0.2400,1,2395
7268,3837282,corner,0,0.2400,1,2396
7269,3837404,corner,0,0.2400,1,2397
7270,3837514,corner,0,0.2400,1,2398
7271,3837617,corner,0,0.2400,1,2399
7272,3837799,corner,1,0.2500,1,2400
7273,3837920,corner,0,0.2500,1,2401
7274,3838051,corner,0,0.2500,1,2402
7275,3838258,corner,0,0.2500,1,2403
7276,3838507,corner,1,0.2600,1,2404
7277,3838615,corner,0,0.2600,1,2405
7278,3838730,corner,0,0.2600,1,2406
7279,3838833,corner,0,0.2500,1,2407
7280,3839314,corner,1,0.2600,1,2408
7281,3839427,corner,0,0.2600,1,2409
7282,3839648,corner,1,0.2700,1,2410
7283,3840287,corner,1,0.2700,1,2411
7284,3840452,corner,1,0.2700,1,2412
7285,3840606,corner,1,0.2800,1,2413
7286,3840733,corner,0,0.2800,1,2414
7287,3840853,corner,0,0.2800,1,2415
7288,3841272,corner,1,0.2900,1,2416
7289,3841393,corner,0,0.2800,1,2417
7290,3841636,corner,1,0.2800,1,2418
7291,3841921,corner,0,0.2800,1,2419
7292,3842036,corner,0,0.2700,1,2420
7293,3842294,corner,1,0.2800,1,2421
7294,3842477,corner,1,0.2800,1,2422
7295,3842676,corner,1,0.2900,1,2423
7296,3842921,corner,1,0.3000,1,2424
7297,3843099,corner,1,0.3100,1,2425
7298,3843208,corner,0,0.3100,1,2426
7299,3843401,corner,1,0.3200,1,2427
7300,3843584,corner,1,0.3300,1,2428
7301,3843705,corner,0,0.3200,1,2429
7302,3843936,corner,0,0.3100,1,2430
7303,3844041,corner,0,0.3000,1,2431
7304,3844152,corner,0,0.3000,1,2432
7305,3844356,corner,0,0.3000,1,2433
7306,3844541,corner,0,0.3000,1,2434
7307,3844736,corner,0,0.3000,1,2435
7308,3844845,corner,0,0.3000,1,2436
7309,3845225,corner,1,0.3100,1,2437
7310,3845343,corner,0,0.3100,1,2438
7311,3845448,corner,0,0.3000,1,2439
7312,3845655,corner,1,0.3100,1,2440
7313,3845824,corner,0,0.3100,1,2441
7314,3845967,corner,0,0.3100,1,2442
7315,3846076,corner,0,0.3000,1,2443
7316,3846267,corner,1,0.3100,1,2444
7317,3846436,corner,0,0.3100,1,2445
7318,3846543,corner,0,0.3100,1,2446
7319,3846652,corner,0,0.3100,1,2447
7320,3846758,corner,0,0.3100,1,2448
7321,3846858,corner,0,0.3100,1,2449
7322,3846972,corner,0,0.3100,1,2450
7323,3847210,corner,1,0.3200,1,2451
7324,3847312,corner,0,0.3200,1,2452
7325,3847440,corner,0,0.3200,1,2453
7326,3847559,corner,0,0.3100,1,2454
7327,3847712,corner,1,0.3200,1,2455
7328,3847994,corner,0,0.3200,1,2456
7329,3848433,corner,0,0.3200,1,2457
7330,3848542,corner,0,0.3100,1,2458
7331,3848663,corner,0,0.3100,1,2459
7332,3848830,corner,1,0.3200,1,2460
7333,3849000,corner,0,0.3200,1,2461
7334,3849129,corner,0,0.3200,1,2462
7335,3849440,corner,1,0.3300,1,2463
7336,3849694,corner,1,0.3300,1,2464
7337,3849798,corner,0,0.3300,1,2465
7338,3849931,corner,0,0.3300,1,2466
7339,3850233,corner,0,0.3300,1,2467
7340,3850406,corner,0,0.3200,1,2468
7341,3850686,corner,0,0.3100,1,2469
7342,3850799,corner,0,0.3100,1,2470
7343,3850918,corner,0,0.3000,1,2471
7344,3851197,corner,1,0.3100,1,2472
7345,3851535,corner,0,0.3100,1,2473
7346,3851654,corner,0,0.3000,1,2474
7347,3851758,corner,0,0.2900,1,2475
7348,3852059,corner,0,0.2900,1,2476
7349,3852175,corner,0,0.2900,1,2477
7350,3852299,corner,0,0.2900,1,2478
7351,3852474,corner,1,0.2900,1,2479
7352,3852574,corner,0,0.2800,1,2480
7353,3852684,corner,0,0.2800,1,2481
7354,3852861,corner,0,0.2800,1,2482
7355,3852974,corner,0,0.2700,1,2483
7356,3853095,corner,0,0.2700,1,2484
7357,3853362,corner,0,0.2700,1,2485
7358,3853499,corner,0,0.2600,1,2486
7359,3853615,corner,0,0.2600,1,2487
7360,3853821,corner,1,0.2700,1,2488
7361,3853956,corner,0,0.2700,1,2489
7362,3854073,corner,0,0.2700,1,2490
7363,3854426,corner,1,0.2800,1,2491
7364,3854703,corner,0,0.2800,1,2492
7365,3854978,corner,0,0.2800,1,2493
7366,3855090,corner,0,0.2800,1,2494
7367,3855260,corner,0,0.2800,1,2495
7368,3855523,corner,0,0.2800,1,2496
7369,3855649,corner,0,0.2800,1,2497
7370,3855930,corner,1,0.2900,1,2498
7371,3856130,corner,1,0.3000,1,2499
7372,3856235,corner,0,0.2900,1,2500
7373,3856363,corner,0,0.2900,1,2501
7374,3856467,corner,0,0.2900,1,2502
7375,3856598,corner,0,0.2900,1,2503
7376,3856736,corner,0,0.2800,1,2504
7377,3856925,corner,1,0.2900,1,2505
7378,3857057,corner,0,0.2900,1,2506
7379,3857178,corner,0,0.2900,1,2507
7380,3857346,corner,1,0.2900,1,2508
7381,3857462,corner,0,0.2900,1,2509
7382,3857572,corner,0,0.2800,1,2510
7383,3857683,corner,0,0.2700,1,2511
7384,3857807,corner,0,0.2600,1,2512
7385,3857923,corner,0,0.2500,1,2513
7386,3858025,corner,0,0.2500,1,2514
7387,3858141,corner,0,0.2500,1,2515
7388,3858249,corner,0,0.2400,1,2516
7389,3858358,corner,0,0.2400,1,2517
7390,3858472,corner,0,0.2300,1,2518
7391,3859173,corner,1,0.2400,1,2519
7392,3859322,corner,0,0.2400,1,2520
7393,3859433,corner,0,0.2300,1,2521
7394,3859715,corner,0,0.2200,1,2522
7395,3859836,corner,0,0.2100,1,2523
7396,3859971,corner,0,0.2000,1,2524
7397,3860071,corner,0,0.1900,1,2525
7398,3860240,corner,0,0.1900,1,2526
7399,3860485,corner,0,0.1800,1,2527
7400,3860681,corner,0,0.1700,1,2528
7401,3861188,corner,0,0.1700,1,2529
7402,3861295,corner,0,0.1700,1,2530
7403,3861521,corner,1,0.1800,1,2531
7404,3861750,corner,0,0.1800,1,2532
7405,3861852,corner,0,0.1800,1,2533
7406,3862065,corner,1,0.1900,1,2534
7407,3862235,corner,0,0.1900,1,2535
7408,3862522,corner,1,0.2000,1,2536
7409,3862806,corner,0,0.1900,1,2537
7410,3863083,corner,0,0.1900,1,2538
7411,3863221,corner,0,0.1900,1,2539
7412,3863340,corner,0,0.1800,1,2540
7413,3863452,corner,0,0.1800,1,2541
7414,3863588,corner,0,0.1800,1,2542
7415,3863746,corner,0,0.1800,1,2543
7416,3864009,corner,1,0.1800,1,2544
7417,3864150,corner,0,0.1800,1,2545
7418,3864272,corner,0,0.1800,1,2546
7419,3864706,corner,0,0.1800,1,2547
7420,3864813,corner,0,0.1800,1,2548
7421,3864927,corner,0,0.1800,1,2549
7422,3865043,corner,0,0.1800,1,2550
7423,3865250,corner,0,0.1700,1,2551
7424,3865379,corner,0,0.1700,1,2552
7425,3865665,corner,0,0.1700,1,2553
7426,3865790,corner,0,0.1700,1,2554
7427,3865927,corner,0,0.1600,1,2555
7428,3866040,corner,0,0.1600,1,2556
7429,3866321,corner,0,0.1600,1,2557
7430,3866606,corner,1,0.1700,1,2558
7431,3866738,corner,0,0.1700,1,2559
7432,3866907,corner,0,0.1600,1,2560
7433,3867138,corner,1,0.1700,1,2561
7434,3867241,corner,0,0.1700,1,2562
7435,3867479,corner,1,0.1700,1,2563
7436,3867739,corner,1,0.1700,1,2564
7437,3867861,corner,0,0.1700,1,2565
7438,3867976,corner,0,0.1700,1,2566
7439,3868219,corner,1,0.1800,1,2567
7440,3868482,corner,1,0.1900,1,2568
7441,3868676,corner,1,0.2000,1,2569
7442,3868850,corner,1,0.2100,1,2570
7443,3869130,corner,0,0.2100,1,2571
7444,3869299,corner,0,0.2000,1,2572
7445,3869533,corner,0,0.2000,1,2573
7446,3869752,corner,0,0.2000,1,2574
7447,3869888,corner,0,0.2000,1,2575
7448,3870003,corner,0,0.2000,1,2576
7449,3870332,corner,1,0.2100,1,2577
7450,3870612,corner,0,0.2100,1,2578
7451,3870786,corner,1,0.2100,1,2579
7452,3870904,corner,0,0.2100,1,2580
7453,3871133,corner,1,0.2200,1,2581
7454,3871323,corner,1,0.2300,1,2582
7455,3871557,corner,1,0.2400,1,2583
7456,3871861,corner,0,0.2400,1,2584
7457,3872394,corner,1,0.2500,1,2585
7458,3872590,corner,1,0.2600,1,2586
7459,3872865,corner,1,0.2700,1,2587
7460,3873071,corner,1,0.2700,1,2588
7461,3873249,corner,1,0.2800,1,2589
7462,3873706,corner,1,0.2900,1,2590
7463,3873917,corner,1,0.2900,1,2591
7464,3874035,corner,0,0.2900,1,2592
7465,3874471,corner,0,0.2900,1,2593
7466,3874654,corner,0,0.2900,1,2594
7467,3874944,corner,1,0.3000,1,2595
7468,3875127,corner,1,0.3100,1,2596
7469,3875404,corner,1,0.3200,1,2597
7470,3875544,corner,0,0.3100,1,2598
7471,3875728,corner,1,0.3100,1,2599
7472,3876019,corner,1,0.3200,1,2600
7473,3876164,corner,0,0.3200,1,2601
7474,3876295,corner,0,0.3200,1,2602
7475,3876406,corner,0,0.3200,1,2603
7476,3876534,corner,0,0.3200,1,2604
7477,3876835,corner,1,0.3200,1,2605
7478,3877061,corner,0,0.3200,1,2606
7479,3877176,corner,0,0.3200,1,2607
7480,3877423,corner,1,0.3200,1,2608
7481,3877529,corner,0,0.3200,1,2609
7482,3877644,corner,0,0.3200,1,2610
7483,3877748,corner,0,0.3200,1,2611
7484,3877856,corner,0,0.3200,1,2612
7485,3878202,corner,1,0.3300,1,2613
7486,3878324,corner,0,0.3300,1,2614
7487,3878458,corner,0,0.3300,1,2615
7488,3878589,corner,0,0.3300,1,2616
7489,3878853,corner,0,0.3300,1,2617
7490,3878968,corner,0,0.3300,1,2618
7491,3879160,corner,1,0.3300,1,2619
7492,3879376,corner,1,0.3400,1,2620
7493,3879491,corner,0,0.3400,1,2621
7494,3879765,corner,1,0.3500,1,2622
7495,3880022,corner,0,0.3500,1,2623
7496,3880253,corner,1,0.3600,1,2624
7497,3880424,corner,1,0.3700,1,2625
7498,3880594,corner,0,0.3700,1,2626
7499,3880896,corner,1,0.3800,1,2627
7500,3881439,corner,1,0.3900,1,2628
7501,3881589,corner,0,0.3900,1,2629
7502,3881767,corner,1,0.4000,1,2630
7503,3881960,corner,1,0.4000,1,2631
7504,3882092,corner,0,0.4000,1,2632
7505,3882198,corner,0,0.4000,1,2633
7506,3882364,corner,1,0.4000,1,2634
7507,3882470,corner,0,0.4000,1,2635
7508,3882776,corner,0,0.3900,1,2636
7509,3882900,corner,0,0.3900,1,2637
7510,3883025,corner,0,0.3900,1,2638
7511,3883676,corner,1,0.4000,1,2639
7512,3884025,corner,0,0.4000,1,2640
7513,3884303,corner,1,0.4100,1,2641
7514,3884501,corner,1,0.4200,1,2642
7515,3884618,corner,0,0.4200,1,2643
7516,3884787,corner,0,0.4100,1,2644
7517,3885300,corner,1,0.4200,1,2645
7518,3885541,corner,1,0.4300,1,2646
7519,3885664,corner,0,0.4300,1,2647
7520,3885921,corner,1,0.4400,1,2648
7521,3886183,corner,1,0.4500,1,2649
7522,3886293,corner,0,0.4500,1,2650
7523,3886418,corner,0,0.4500,1,2651
7524,3886626,corner,1,0.4600,1,2652
7525,3886868,corner,0,0.4600,1,2653
7526,3887142,corner,1,0.4700,1,2654
7527,3887314,corner,1,0.4800,1,2655
7528,3887424,corner,0,0.4800,1,2656
7529,3887547,corner,0,0.4800,1,2657
7530,3887666,corner,0,0.4700,1,2658
7531,3887771,corner,0,0.4700,1,2659
7532,3888025,corner,0,0.4700,1,2660
7533,3888131,corner,0,0.4600,1,2661
7534,3888333,corner,1,0.4700,1,2662
7535,3888467,corner,0,0.4600,1,2663
7536,3888702,corner,1,0.4600,1,2664
7537,3888824,corner,0,0.4600,1,2665
7538,3889134,corner,1,0.4700,1,2666
7539,3889255,corner,0,0.4600,1,2667
7540,3889641,corner,1,0.4600,1,2668
7541,3889749,corner,0,0.4500,1,2669
7542,3889965,corner,1,0.4500,1,2670
7543,3890143,corner,0,0.4500,1,2671
7544,3890319,corner,1,0.4600,1,2672
7545,3890430,corner,0,0.4600,1,2673
7546,3891055,corner,1,0.4700,1,2674
7547,3891158,corner,0,0.4700,1,2675
7548,3891409,corner,1,0.4800,1,2676
7549,3891618,corner,0,0.4700,1,2677
7550,3891721,corner,0,0.4700,1,2678
7551,3891903,corner,0,0.4600,1,2679
7552,3892022,corner,0,0.4600,1,2680
7553,3892202,corner,0,0.4500,1,2681
7554,3892318,corner,0,0.4400,1,2682
7555,3892426,corner,0,0.4300,1,2683
7556,3892822,corner,1,0.4400,1,2684
7557,3893010,corner,1,0.4400,1,2685
7558,3893372,corner,1,0.4400,1,2686
7559,3893557,corner,1,0.4400,1,2687
7560,3893958,corner,0,0.4300,1,2688
7561,3894069,corner,0,0.4200,1,2689
7562,3894259,corner,1,0.4200,1,2690
7563,3894600,corner,1,0.4200,1,2691
7564,3894778,corner,1,0.4300,1,2692
7565,3894950,corner,1,0.4400,1,2693
7566,3895106,corner,1,0.4500,1,2694
7567,3895280,corner,0,0.4400,1,2695
7568,3895397,corner,0,0.4300,1,2696
7569,3895576,corner,1,0.4300,1,2697
7570,3895750,corner,1,0.4400,1,2698
7571,3896125,corner,1,0.4400,1,2699
7572,3896296,corner,0,0.4300,1,2700
7573,3896484,corner,1,0.4400,1,2701
7574,3896591,corner,0,0.4400,1,2702
7575,3896882,corner,0,0.4400,1,2703
7576,3897001,corner,0,0.4400,1,2704
7577,3897104,corner,0,0.4300,1,2705
7578,3897290,corner,1,0.4400,1,2706
7579,3897649,corner,1,0.4500,1,2707
7580,3897821,corner,1,0.4500,1,2708
7581,3898013,corner,1,0.4600,1,2709
7582,3898227,corner,1,0.4700,1,2710
7583,3898329,corner,0,0.4700,1,2711
7584,3898519,corner,1,0.4800,1,2712
7585,3898619,corner,0,0.4700,1,2713
7586,3898808,corner,1,0.4800,1,2714
7587,3898927,corner,0,0.4800,1,2715
7588,3899135,corner,1,0.4900,1,2716
7589,3899326,corner,1,0.5000,1,2717
7590,3899438,corner,0,0.5000,1,2718
7591,3899543,corner,0,0.4900,1,2719
7592,3899747,corner,1,0.4900,1,2720
7593,3899851,corner,0,0.4900,1,2721
7594,3899981,corner,0,0.4800,1,2722
7595,3900151,corner,1,0.4900,1,2723
7596,3900359,corner,1,0.4900,1,2724
7597,3900579,corner,1,0.4900,1,2725
7598,3900863,corner,1,0.5000,1,2726
7599,3901061,corner,0,0.4900,1,2727
7600,3901221,corner,1,0.4900,1,2728
7601,3901797,corner,1,0.5000,1,2729
7602,3901970,corner,1,0.5000,1,2730
7603,3902329,corner,1,0.5000,1,2731
7604,3902499,corner,0,0.5000,1,2732
7605,3902713,corner,1,0.5100,1,2733
7606,3902824,corner,0,0.5000,1,2734
7607,3903034,corner,1,0.5100,1,2735
7608,3903146,corner,0,0.5100,1,2736
7609,3903252,corner,0,0.5100,1,2737
7610,3903537,corner,1,0.5200,1,2738
7611,3903639,corner,0,0.5100,1,2739
7612,3903764,corner,0,0.5100,1,2740
7613,3904005,corner,1,0.5100,1,2741
7614,3904105,corner,0,0.5000,1,2742
7615,3904288,corner,1,0.5100,1,2743
7616,3904568,corner,1,0.5200,1,2744
7617,3904818,corner,1,0.5200,1,2745
7618,3904931,corner,0,0.5100,1,2746
7619,3905139,corner,1,0.5200,1,2747
7620,3905237,corner,0,0.5100,1,2748
7621,3905354,corner,0,0.5000,1,2749
7622,3905466,corner,0,0.5000,1,2750
7623,3905575,corner,0,0.5000,1,2751
7624,3905764,corner,0,0.4900,1,2752
7625,3905880,corner,0,0.4900,1,2753
7626,3906088,corner,1,0.4900,1,2754
7627,3906187,corner,0,0.4800,1,2755
7628,3906360,corner,0,0.4800,1,2756
7629,3906595,corner,1,0.4900,1,2757
7630,3906700,corner,0,0.4900,1,2758
7631,3906817,corner,0,0.4900,1,2759
7632,3906989,corner,1,0.5000,1,2760
7633,3907280,corner,1,0.5100,1,2761
7634,3907494,corner,1,0.5100,1,2762
7635,3907663,corner,1,0.5200,1,2763
7636,3907775,corner,0,0.5100,1,2764
7637,3907878,corner,0,0.5100,1,2765
7638,3907989,corner,0,0.5000,1,2766
7639,3908096,corner,0,0.5000,1,2767
7640,3908223,corner,0,0.4900,1,2768
7641,3908691,corner,1,0.5000,1,2769
7642,3908817,corner,0,0.4900,1,2770
7643,3909097,corner,0,0.4900,1,2771
7644,3909300,corner,1,0.4900,1,2772
7645,3909407,corner,0,0.4900,1,2773
7646,3909591,corner,1,0.4900,1,2774
7647,3909819,corner,1,0.5000,1,2775
7648,3909986,corner,1,0.5000,1,2776
7649,3910256,corner,1,0.5100,1,2777
7650,3910467,corner,1,0.5200,1,2778
7651,3910702,corner,1,0.5300,1,2779
7652,3910854,corner,1,0.5400,1,2780
7653,3910968,corner,0,0.5400,1,2781
7654,3911082,corner,0,0.5400,1,2782
7655,3911198,corner,0,0.5400,1,2783
7656,3911444,corner,1,0.5400,1,2784
7657,3911681,corner,1,0.5400,1,2785
7658,3911894,corner,0,0.5300,1,2786
7659,3911996,corner,0,0.5200,1,2787
7660,3912208,corner,0,0.5200,1,2788
7661,3912459,corner,1,0.5300,1,2789
7662,3912592,corner,0,0.5200,1,2790
7663,3912697,corner,0,0.5100,1,2791
7664,3912930,corner,1,0.5100,1,2792
7665,3913120,corner,1,0.5100,1,2793
7666,3913226,corner,0,0.5000,1,2794
7667,3913395,corner,0,0.5000,1,2795
7668,3913577,corner,1,0.5100,1,2796
7669,3913764,corner,1,0.5100,1,2797
7670,3913873,corner,0,0.5000,1,2798
7671,3914058,corner,1,0.5000,1,2799
7672,3914172,corner,0,0.5000,1,2800
7673,3914358,corner,1,0.5000,1,2801
7674,3914457,corner,0,0.5000,1,2802
7675,3914724,corner,0,0.5000,1,2803
7676,3914982,corner,1,0.5100,1,2804
7677,3915139,corner,1,0.5200,1,2805
7678,3915384,corner,0,0.5100,1,2806
7679,3915493,corner,0,0.5000,1,2807
7680,3915653,corner,1,0.5000,1,2808
7681,3915881,corner,1,0.5000,1,2809
7682,3916073,corner,1,0.5000,1,2810
7683,3916177,corner,0,0.5000,1,2811
7684,3916286,corner,0,0.4900,1,2812
7685,3916403,corner,0,0.4900,1,2813
7686,3916523,corner,0,0.4800,1,2814
7687,3916722,corner,1,0.4900,1,2815
7688,3916858,corner,0,0.4800,1,2816
7689,3916955,corner,0,0.4700,1,2817
7690,3917130,corner,1,0.4800,1,2818
7691,3917335,corner,0,0.4800,1,2819
7692,3917782,corner,1,0.4800,1,2820
7693,3918038,corner,1,0.4900,1,2821
7694,3918221,corner,1,0.5000,1,2822
7695,3918417,corner,1,0.5000,1,2823
7696,3918521,corner,0,0.4900,1,2824
7697,3918742,corner,1,0.4900,1,2825
7698,3918917,corner,0,0.4800,1,2826
7699,3919021,corner,0,0.4800,1,2827
7700,3919302,corner,0,0.4700,1,2828
7701,3919449,corner,1,0.4700,1,2829
7702,3919694,corner,1,0.4700,1,2830
7703,3919893,corner,1,0.4700,1,2831
7704,3920126,corner,1,0.4800,1,2832
7705,3920234,corner,0,0.4700,1,2833
7706,3920410,corner,1,0.4800,1,2834
7707,3920516,corner,0,0.4700,1,2835
7708,3920629,corner,0,0.4700,1,2836
7709,3920924,corner,1,0.4800,1,2837
7710,3921133,corner,0,0.4700,1,2838
7711,3921244,corner,0,0.4700,1,2839
7712,3921341,corner,0,0.4700,1,2840
7713,3921444,corner,0,0.4600,1,2841
7714,3921555,corner,0,0.4600,1,2842
7715,3921725,corner,1,0.4600,1,2843
7716,3921832,corner,0,0.4500,1,2844
7717,3921939,corner,0,0.4400,1,2845
7718,3922048,corner,0,0.4400,1,2846
7719,3922152,corner,0,0.4300,1,2847
7720,3922262,corner,0,0.4300,1,2848
7721,3922365,corner,0,0.4300,1,2849
7722,3922486,corner,0,0.4300,1,2850
7723,3922588,corner,0,0.4300,1,2851
7724,3922783,corner,1,0.4400,1,2852
7725,3922891,corner,0,0.4400,1,2853
7726,3923099,corner,1,0.4400,1,2854
7727,3923331,corner,0,0.4400,1,2855
7728,3923439,corner,0,0.4400,1,2856
7729,3923562,corner,0,0.4300,1,2857
7730,3923718,corner,1,0.4400,1,2858
7731,3923920,corner,1,0.4500,1,2859
7732,3924163,corner,1,0.4500,1,2860
7733,3924358,corner,1,0.4500,1,2861
7734,3924544,corner,1,0.4500,1,2862
7735,3924667,corner,0,0.4400,1,2863
7736,3924789,corner,0,0.4400,1,2864
7737,3924965,corner,1,0.4500,1,2865
7738,3925069,corner,0,0.4500,1,2866
7739,3925169,corner,0,0.4500,1,2867
7740,3925270,corner,0,0.4500,1,2868
7741,3925452,corner,1,0.4500,1,2869
7742,3925722,corner,1,0.4600,1,2870
7743,3925835,corner,0,0.4600,1,2871
7744,3925944,corner,0,0.4500,1,2872
7745,3926388,corner,0,0.4500,1,2873
7746,3926600,corner,0,0.4400,1,2874
7747,3926921,corner,1,0.4400,1,2875
7748,3927417,corner,1,0.4400,1,2876
7749,3927696,corner,0,0.4300,1,2877
7750,3927893,corner,1,0.4300,1,2878
7751,3928073,corner,1,0.4300,1,2879
7752,3928321,corner,1,0.4300,1,2880
7753,3928484,corner,1,0.4400,1,2881
7754,3928694,corner,1,0.4500,1,2882
7755,3928807,corner,0,0.4500,1,2883
7756,3928918,corner,0,0.4400,1,2884
7757,3929111,corner,1,0.4400,1,2885
7758,3929221,corner,0,0.4400,1,2886
7759,3929422,corner,1,0.4500,1,2887
7760,3929662,corner,1,0.4600,1,2888
7761,3929902,corner,1,0.4600,1,2889
7762,3930076,corner,0,0.4600,1,2890
7763,3930268,corner,1,0.4700,1,2891
7764,3930374,corner,0,0.4600,1,2892
7765,3930626,corner,1,0.4600,1,2893
7766,3930962,corner,1,0.4700,1,2894
7767,3931096,corner,0,0.4700,1,2895
7768,3931291,corner,1,0.4700,1,2896
7769,3931501,corner,1,0.4700,1,2897
7770,3931694,corner,1,0.4800,1,2898
7771,3931853,corner,1,0.4800,1,2899
7772,3932008,corner,1,0.4900,1,2900
7773,3932179,corner,0,0.4800,1,2901
7774,3932369,corner,1,0.4900,1,2902
7775,3932481,corner,0,0.4900,1,2903
7776,3932846,corner,1,0.4900,1,2904
7777,3932962,corner,0,0.4800,1,2905
7778,3933145,corner,0,0.4800,1,2906
7779,3933333,corner,0,0.4800,1,2907
7780,3933456,corner,0,0.4700,1,2908
7781,3933581,corner,0,0.4600,1,2909
7782,3933757,corner,1,0.4600,1,2910
7783,3933977,corner,1,0.4700,1,2911
7784,3934094,corner,0,0.4700,1,2912
7785,3934274,corner,1,0.4800,1,2913
7786,3934459,corner,1,0.4900,1,2914
7787,3934660,corner,1,0.4900,1,2915
7788,3934872,corner,1,0.5000,1,2916
7789,3934989,corner,0,0.5000,1,2917
7790,3935164,corner,0,0.4900,1,2918
7791,3935281,corner,0,0.4900,1,2919
7792,3935463,corner,1,0.4900,1,2920
7793,3935594,corner,0,0.4800,1,2921
7794,3935762,corner,1,0.4800,1,2922
7795,3935941,corner,0,0.4700,1,2923
7796,3936306,corner,1,0.4800,1,2924
7797,3936408,corner,0,0.4700,1,2925
7798,3936612,corner,1,0.4800,1,2926
7799,3936723,corner,0,0.4800,1,2927
7800,3936938,corner,1,0.4900,1,2928
7801,3937107,corner,0,0.4800,1,2929
7802,3937320,corner,1,0.4800,1,2930
7803,3937495,corner,1,0.4800,1,2931
7804,3937603,corner,0,0.4700,1,2932
7805,3937776,corner,1,0.4800,1,2933
7806,3938012,corner,1,0.4800,1,2934
7807,3938157,corner,1,0.4900,1,2935
7808,3938475,corner,1,0.5000,1,2936
7809,3938766,corner,1,0.5000,1,2937
7810,3939042,corner,0,0.5000,1,2938
7811,3939266,corner,1,0.5100,1,2939
7812,3939365,corner,0,0.5100,1,2940
7813,3939544,corner,1,0.5200,1,2941
7814,3939644,corner,0,0.5200,1,2942
7815,3939751,corner,0,0.5100,1,2943
7816,3939911,corner,1,0.5200,1,2944
7817,3940084,corner,1,0.5300,1,2945
7818,3940458,corner,1,0.5400,1,2946
7819,3940575,corner,0,0.5400,1,2947
7820,3940674,corner,0,0.5400,1,2948
7821,3940872,corner,1,0.5500,1,2949
7822,3940984,corner,0,0.5500,1,2950
7823,3941085,corner,0,0.5500,1,2951
7824,3941190,corner,0,0.5400,1,2952
7825,3941305,corner,0,0.5400,1,2953
7826,3941497,corner,1,0.5400,1,2954
7827,3941599,corner,0,0.5400,1,2955
7828,3941881,corner,0,0.5400,1,2956
7829,3941989,corner,0,0.5400,1,2957
7830,3942361,corner,1,0.5400,1,2958
7831,3942520,corner,1,0.5400,1,2959
7832,3942643,corner,0,0.5300,1,2960
7833,3942985,corner,1,0.5300,1,2961
7834,3943164,corner,1,0.5300,1,2962
7835,3943496,corner,1,0.5400,1,2963
7836,3943601,corner,0,0.5400,1,2964
7837,3943819,corner,1,0.5400,1,2965
7838,3943939,corner,0,0.5400,1,2966
7839,3944119,corner,1,0.5500,1,2967
7840,3944256,corner,0,0.5500,1,2968
7841,3944375,corner,0,0.5400,1,2969
7842,3944630,corner,1,0.5400,1,2970
7843,3944826,corner,1,0.5500,1,2971
7844,3944944,corner,0,0.5500,1,2972
7845,3945182,corner,0,0.5500,1,2973
7846,3945285,corner,0,0.5500,1,2974
7847,3945565,corner,0,0.5400,1,2975
7848,3945876,corner,1,0.5400,1,2976
7849,3946051,corner,1,0.5500,1,2977
7850,3946389,corner,1,0.5500,1,2978
7851,3946489,corner,0,0.5400,1,2979
7852,3946595,corner,0,0.5300,1,2980
7853,3946803,corner,0,0.5200,1,2981
7854,3947025,corner,1,0.5200,1,2982
7855,3947418,corner,0,0.5200,1,2983
7856,3947615,corner,1,0.5300,1,2984
7857,3947723,corner,0,0.5200,1,2985
7858,3947955,corner,1,0.5300,1,2986
7859,3948059,corner,0,0.5200,1,2987
7860,3948274,corner,1,0.5200,1,2988
7861,3948464,corner,1,0.5200,1,2989
7862,3948634,corner,1,0.5300,1,2990
7863,3948994,corner,0,0.5200,1,2991
7864,3949181,corner,1,0.5300,1,2992
7865,3949331,corner,1,0.5300,1,2993
7866,3949525,corner,1,0.5300,1,2994
7867,3949721,corner,1,0.5400,1,2995
7868,3949891,corner,1,0.5400,1,2996
7869,3950083,corner,1,0.5400,1,2997
7870,3950246,corner,1,0.5400,1,2998
7871,3950365,corner,0,0.5300,1,2999
7872,3950475,corner,0,0.5200,1,3000
7873,3950582,corner,0,0.5200,1,3001
7874,3950703,corner,0,0.5100,1,3002
7875,3950817,corner,0,0.5100,1,3003
7876,3950975,corner,1,0.5100,1,3004
7877,3951167,corner,1,0.5200,1,3005
7878,3951501,corner,1,0.5300,1,3006
7879,3951666,corner,1,0.5400,1,3007
7880,3951869,corner,1,0.5500,1,3008
7881,3952038,corner,0,0.5500,1,3009
7882,3952144,corner,0,0.5400,1,3010
7883,3952451,corner,1,0.5400,1,3011
7884,3952723,corner,1,0.5500,1,3012
7885,3953207,corner,1,0.5500,1,3013
7886,3953323,corner,0,0.5400,1,3014
7887,3953470,corner,1,0.5400,1,3015
7888,3953583,corner,0,0.5300,1,3016
7889,3953706,corner,0,0.5300,1,3017
7890,3953818,corner,0,0.5300,1,3018
7891,3954018,corner,1,0.5400,1,3019
7892,3954134,corner,0,0.5300,1,3020
7893,3954400,corner,1,0.5400,1,3021
7894,3954497,corner,0,0.5300,1,3022
7895,3954838,corner,0,0.5300,1,3023
7896,3954956,corner,0,0.5200,1,3024
7897,3955130,corner,1,0.5300,1,3025
7898,3955323,corner,1,0.5300,1,3026
7899,3955433,corner,0,0.5300,1,3027
7900,3955616,corner,1,0.5300,1,3028
7901,3955826,corner,1,0.5400,1,3029
7902,3956177,corner,1,0.5400,1,3030
7903,3956279,corner,0,0.5300,1,3031
7904,3956548,corner,0,0.5300,1,3032
7905,3956785,corner,1,0.5300,1,3033
7906,3957000,corner,0,0.5200,1,3034
7907,3957172,corner,0,0.5100,1,3035
7908,3957341,corner,0,0.5000,1,3036
7909,3957518,corner,1,0.5000,1,3037
7910,3957756,corner,1,0.5100,1,3038
7911,3957916,corner,1,0.5100,1,3039
7912,3958136,corner,1,0.5200,1,3040
7913,3958254,corner,0,0.5100,1,3041
7914,3958361,corner,0,0.5100,1,3042
7915,3958553,corner,1,0.5200,1,3043
7916,3958661,corner,0,0.5100,1,3044
7917,3958882,corner,1,0.5100,1,3045
7918,3958990,corner,0,0.5000,1,3046
7919,3959097,corner,0,0.5000,1,3047
7920,3959201,corner,0,0.5000,1,3048
7921,3959404,corner,1,0.5000,1,3049
7922,3959638,corner,1,0.5100,1,3050
7923,3959808,corner,0,0.5100,1,3051
7924,3959973,corner,1,0.5200,1,3052
7925,3960126,corner,1,0.5300,1,3053
7926,3960239,corner,0,0.5200,1,3054
7927,3960470,corner,0,0.5200,1,3055
7928,3960826,corner,1,0.5300,1,3056
7929,3961025,corner,1,0.5400,1,3057
7930,3961210,corner,1,0.5400,1,3058
7931,3961322,corner,0,0.5300,1,3059
7932,3961481,corner,1,0.5400,1,3060
7933,3961583,corner,0,0.5300,1,3061
7934,3961766,corner,1,0.5300,1,3062
7935,3961981,corner,1,0.5300,1,3063
7936,3962395,corner,1,0.5400,1,3064
7937,3962909,corner,1,0.5400,1,3065
7938,3963016,corner,0,0.5400,1,3066
7939,3963138,corner,0,0.5300,1,3067
7940,3963244,corner,0,0.5300,1,3068
7941,3963356,corner,0,0.5300,1,3069
7942,3963544,corner,1,0.5300,1,3070
7943,3963808,corner,0,0.5200,1,3071
7944,3963917,corner,0,0.5200,1,3072
7945,3964115,corner,0,0.5200,1,3073
7946,3964225,corner,0,0.5200,1,3074
7947,3964553,corner,1,0.5300,1,3075
7948,3964731,corner,1,0.5300,1,3076
7949,3964847,corner,0,0.5200,1,3077
7950,3964950,corner,0,0.5100,1,3078
7951,3965120,corner,0,0.5100,1,3079
7952,3965233,corner,0,0.5100,1,3080
7953,3965645,corner,1,0.5200,1,3081
7954,3965840,corner,1,0.5200,1,3082
7955,3965995,corner,1,0.5300,1,3083
7956,3966104,corner,0,0.5200,1,3084
7957,3966294,corner,1,0.5300,1,3085
7958,3966678,corner,1,0.5300,1,3086
7959,3966909,corner,1,0.5400,1,3087
7960,3967117,corner,0,0.5300,1,3088
7961,3967292,corner,1,0.5300,1,3089
7962,3967449,corner,1,0.5300,1,3090
7963,3967635,corner,1,0.5400,1,3091
7964,3967773,corner,0,0.5300,1,3092
7965,3967989,corner,1,0.5300,1,3093
7966,3968105,corner,0,0.5200,1,3094
7967,3968300,corner,1,0.5200,1,3095
7968,3968412,corner,0,0.5100,1,3096
7969,3968684,corner,1,0.5100,1,3097
7970,3968895,corner,1,0.5100,1,3098
7971,3969118,corner,1,0.5200,1,3099
7972,3969278,corner,1,0.5300,1,3100
7973,3969391,corner,0,0.5300,1,3101
7974,3969510,corner,0,0.5300,1,3102
7975,3969669,corner,1,0.5400,1,3103
7976,3969875,corner,1,0.5400,1,3104
7977,3970263,corner,1,0.5400,1,3105
7978,3970452,corner,1,0.5400,1,3106
7979,3970599,corner,1,0.5400,1,3107
7980,3970710,corner,0,0.5300,1,3108
7981,3970931,corner,1,0.5400,1,3109
7982,3971110,corner,1,0.5500,1,3110
7983,3971460,corner,1,0.5500,1,3111
7984,3971572,corner,0,0.5400,1,3112
7985,3971792,corner,1,0.5400,1,3113
7986,3971978,corner,1,0.5500,1,3114
7987,3972182,corner,1,0.5500,1,3115
7988,3972304,corner,0,0.5500,1,3116
7989,3972474,corner,0,0.5500,1,3117
7990,3972579,corner,0,0.5500,1,3118
7991,3972791,corner,1,0.5500,1,3119
7992,3972979,corner,1,0.5600,1,3120
7993,3973252,corner,1,0.5600,1,3121
7994,3973448,corner,1,0.5700,1,3122
7995,3973997,corner,1,0.5800,1,3123
7996,3974268,corner,0,0.5800,1,3124
7997,3974510,corner,1,0.5800,1,3125
7998,3974686,corner,1,0.5800,1,3126
7999,3974886,corner,1,0.5900,1,3127
8000,3974999,corner,0,0.5800,1,3128
8001,3975170,corner,1,0.5800,1,3129
8002,3975297,corner,0,0.5700,1,3130
8003,3975513,corner,1,0.5800,1,3131
8004,3975701,corner,1,0.5900,1,3132
8005,3975895,corner,1,0.5900,1,3133
8006,3976054,corner,1,0.6000,1,3134
8007,3976455,corner,1,0.6100,1,3135
8008,3976626,corner,0,0.6100,1,3136
8009,3976793,corner,1,0.6100,1,3137
8010,3977024,corner,1,0.6100,1,3138
8011,3977134,corner,0,0.6000,1,3139
8012,3977251,corner,0,0.5900,1,3140
8013,3977533,corner,0,0.5900,1,3141
8014,3977636,corner,0,0.5900,1,3142
8015,3977759,corner,0,0.5800,1,3143
8016,3977858,corner,0,0.5800,1,3144
8017,3978035,corner,1,0.5800,1,3145
8018,3978482,corner,1,0.5900,1,3146
8019,3978699,corner,1,0.6000,1,3147
8020,3978809,corner,0,0.6000,1,3148
8021,3979027,corner,1,0.6000,1,3149
8022,3979198,corner,1,0.6000,1,3150
8023,3979310,corner,0,0.6000,1,3151
8024,3979491,corner,1,0.6000,1,3152
8025,3979677,corner,1,0.6000,1,3153
8026,3980208,corner,1,0.6100,1,3154
8027,3980320,corner,0,0.6100,1,3155
8028,3980490,corner,1,0.6100,1,3156
8029,3980762,corner,1,0.6100,1,3157
8030,3980937,corner,1,0.6100,1,3158
8031,3981147,corner,1,0.6200,1,3159
8032,3981249,corner,0,0.6100,1,3160
8033,3981447,corner,1,0.6200,1,3161
8034,3981623,corner,1,0.6200,1,3162
8035,3981719,corner,0,0.6100,1,3163
8036,3981824,corner,0,0.6000,1,3164
8037,3981933,corner,0,0.5900,1,3165
8038,3982099,corner,1,0.6000,1,3166
8039,3982205,corner,0,0.6000,1,3167
8040,3982374,corner,0,0.6000,1,3168
8041,3982585,corner,1,0.6100,1,3169
8042,3982690,corner,0,0.6000,1,3170
8043,3983097,corner,1,0.6100,1,3171
8044,3983291,corner,1,0.6200,1,3172
8045,3983486,corner,1,0.6300,1,3173
8046,3983649,corner,1,0.6400,1,3174
8047,3983823,corner,1,0.6400,1,3175
8048,3983938,corner,0,0.6300,1,3176
8049,3984040,corner,0,0.6300,1,3177
8050,3984226,corner,1,0.6400,1,3178
8051,3984396,corner,1,0.6500,1,3179
8052,3984565,corner,1,0.6600,1,3180
8053,3984736,corner,1,0.6600,1,3181
8054,3984964,corner,1,0.6600,1,3182
8055,3985431,corner,0,0.6500,1,3183
8056,3985592,corner,1,0.6600,1,3184
8057,3985790,corner,1,0.6600,1,3185
8058,3985959,corner,1,0.6600,1,3186
8059,3986126,corner,1,0.6600,1,3187
8060,3986243,corner,0,0.6600,1,3188
8061,3986404,corner,1,0.6600,1,3189
8062,3986523,corner,0,0.6500,1,3190
8063,3986647,corner,0,0.6400,1,3191
8064,3986754,corner,0,0.6400,1,3192
8065,3986913,corner,1,0.6400,1,3193
8066,3987024,corner,0,0.6400,1,3194
8067,3987240,corner,1,0.6400,1,3195
8068,3987685,corner,1,0.6500,1,3196
8069,3987792,corner,0,0.6400,1,3197
8070,3987964,corner,1,0.6400,1,3198
8071,3988068,corner,0,0.6300,1,3199
8072,3988231,corner,1,0.6300,1,3200
8073,3988346,corner,0,0.6300,1,3201
8074,3988560,corner,1,0.6400,1,3202
8075,3988741,corner,1,0.6400,1,3203
8076,3988918,corner,1,0.6400,1,3204
8077,3989027,corner,0,0.6300,1,3205
8078,3989206,corner,1,0.6300,1,3206
8079,3989383,corner,1,0.6300,1,3207
8080,3989609,corner,1,0.6400,1,3208
8081,3989792,corner,1,0.6400,1,3209
8082,3989958,corner,1,0.6400,1,3210
8083,3990120,corner,1,0.6400,1,3211
8084,3990246,corner,1,0.6500,1,3212
8085,3990513,corner,0,0.6400,1,3213
8086,3991062,corner,1,0.6400,1,3214
8087,3991437,corner,1,0.6400,1,3215
8088,3991656,corner,1,0.6500,1,3216
8089,3991881,corner,1,0.6600,1,3217
8090,3992054,corner,1,0.6700,1,3218
8091,3992153,corner,0,0.6600,1,3219
8092,3992263,corner,0,0.6500,1,3220
8093,3992373,corner,0,0.6400,1,3221
8094,3992477,corner,0,0.6300,1,3222
8095,3992645,corner,1,0.6300,1,3223
8096,3992756,corner,0,0.6300,1,3224
8097,3992887,corner,0,0.6200,1,3225
8098,3992994,corner,0,0.6100,1,3226
8099,3993114,corner,0,0.6000,1,3227
8100,3993223,corner,0,0.6000,1,3228
8101,3993584,corner,1,0.6000,1,3229
8102,3993959,corner,1,0.6100,1,3230
8103,3994086,corner,0,0.6000,1,3231
8104,3994271,corner,1,0.6000,1,3232
8105,3994634,corner,1,0.6000,1,3233
8106,3994751,corner,0,0.5900,1,3234
8107,3994948,corner,1,0.5900,1,3235
8108,3995150,corner,1,0.6000,1,3236
8109,3995344,corner,1,0.6000,1,3237
8110,3995510,corner,1,0.6000,1,3238
8111,3995619,corner,0,0.6000,1,3239
8112,3995737,corner,0,0.6000,1,3240
8113,3995850,corner,0,0.6000,1,3241
8114,3996035,corner,1,0.6100,1,3242
8115,3996136,corner,0,0.6100,1,3243
8116,3996303,corner,1,0.6200,1,3244
8117,3996419,corner,0,0.6100,1,3245
8118,3996578,corner,1,0.6100,1,3246
8119,3996740,corner,1,0.6100,1,3247
8120,3996902,corner,1,0.6200,1,3248
8121,3997024,corner,0,0.6100,1,3249
8122,3997236,corner,1,0.6100,1,3250
8123,3997441,corner,1,0.6200,1,3251
8124,3997919,corner,1,0.6200,1,3252
8125,3998109,corner,1,0.6200,1,3253
8126,3998282,corner,1,0.6200,1,3254
8127,3998645,corner,1,0.6300,1,3255
8128,3998748,corner,0,0.6200,1,3256
8129,3998957,corner,1,0.6200,1,3257
8130,3999064,corner,0,0.6100,1,3258
8131,3999268,corner,1,0.6100,1,3259
8132,3999487,corner,1,0.6200,1,3260
8133,3999596,corner,0,0.6100,1,3261
