game_idx,global_step,opponent,win,rolling,shift_idx,games_since_shift
1,400,corner,1,1.0000,-1,0
2,606,corner,1,1.0000,-1,0
3,735,corner,1,1.0000,-1,0
4,920,corner,1,1.0000,-1,0
5,1198,corner,0,0.8000,-1,0
6,1353,corner,1,0.8333,-1,0
7,1527,corner,1,0.8571,-1,0
8,1737,corner,1,0.8750,-1,0
9,1834,corner,0,0.7778,-1,0
10,2032,corner,1,0.8000,-1,0
11,2537,corner,1,0.8182,-1,0
12,2665,corner,1,0.8333,-1,0
13,2938,corner,0,0.7692,-1,0
14,3596,corner,1,0.7857,-1,0
15,3785,corner,1,0.8000,-1,0
16,3930,corner,1,0.8125,-1,0
17,4067,corner,1,0.8235,-1,0
18,4461,corner,1,0.8333,-1,0
19,5157,corner,1,0.8421,-1,0
20,5388,corner,1,0.8500,-1,0
21,5714,corner,1,0.8571,-1,0
22,5902,corner,1,0.8636,-1,0
23,6077,corner,1,0.8696,-1,0
24,6319,corner,1,0.8750,-1,0
25,6471,corner,1,0.8800,-1,0
26,6624,corner,1,0.8846,-1,0
27,6801,corner,1,0.8889,-1,0
28,7481,corner,1,0.8929,-1,0
29,7838,corner,1,0.8966,-1,0
30,8345,corner,1,0.9000,-1,0
31,8523,corner,1,0.9032,-1,0
32,8677,corner,1,0.9062,-1,0
33,8846,corner,1,0.9091,-1,0
34,9196,corner,1,0.9118,-1,0
35,9374,corner,1,0.9143,-1,0
36,9640,corner,1,0.9167,-1,0
37,9851,corner,1,0.9189,-1,0
38,9989,corner,1,0.9211,-1,0
39,10311,corner,1,0.9231,-1,0
40,10497,corner,1,0.9250,-1,0
41,10681,corner,1,0.9268,-1,0
42,10786,corner,1,0.9286,-1,0
43,10934,corner,1,0.9302,-1,0
44,11122,corner,1,0.9318,-1,0
45,11482,corner,1,0.9333,-1,0
46,11663,corner,1,0.9348,-1,0
47,12049,corner,1,0.9362,-1,0
48,12221,corner,1,0.9375,-1,0
49,12408,corner,1,0.9388,-1,0
50,12601,corner,1,0.9400,-1,0
51,12755,corner,1,0.9412,-1,0
52,12878,corner,0,0.9231,-1,0
53,13054,corner,1,0.9245,-1,0
54,13218,corner,1,0.9259,-1,0
55,13367,corner,1,0.9273,-1,0
56,13653,corner,1,0.9286,-1,0
57,13823,corner,1,0.9298,-1,0
58,13963,corner,1,0.9310,-1,0
59,14130,corner,1,0.9322,-1,0
60,14285,corner,1,0.9333,-1,0
61,14438,corner,1,0.9344,-1,0
62,14771,corner,1,0.9355,-1,0
63,14957,corner,1,0.9365,-1,0
64,15133,corner,1,0.9375,-1,0
65,15314,corner,1,0.9385,-1,0
66,15651,corner,1,0.9394,-1,0
67,15809,corner,1,0.9403,-1,0
68,15973,corner,1,0.9412,-1,0
69,16114,corner,1,0.9420,-1,0
70,16225,corner,0,0.9286,-1,0
71,16403,corner,1,0.9296,-1,0
72,16834,corner,1,0.9306,-1,0
73,17005,corner,1,0.9315,-1,0
74,17181,corner,1,0.9324,-1,0
75,17548,corner,1,0.9333,-1,0
76,17708,corner,1,0.9342,-1,0
77,17895,corner,1,0.9351,-1,0
78,18058,corner,1,0.9359,-1,0
79,18282,corner,1,0.9367,-1,0
80,18616,corner,1,0.9375,-1,0
81,18871,corner,1,0.9383,-1,0
82,19045,corner,1,0.9390,-1,0
83,19329,corner,1,0.9398,-1,0
84,19530,corner,1,0.9405,-1,0
85,19693,corner,1,0.9412,-1,0
86,19911,corner,1,0.9419,-1,0
87,20106,corner,1,0.9425,-1,0
88,20586,corner,1,0.9432,-1,0
89,20767,corner,1,0.9438,-1,0
90,20985,corner,1,0.9444,-1,0
91,21294,corner,1,0.9451,-1,0
92,21449,corner,1,0.9457,-1,0
93,21606,corner,1,0.9462,-1,0
94,21946,corner,1,0.9468,-1,0
95,22480,corner,1,0.9474,-1,0
96,22643,corner,1,0.9479,-1,0
97,22784,corner,1,0.9485,-1,0
98,22974,corner,1,0.9490,-1,0
99,23130,corner,1,0.9495,-1,0
100,23303,corner,1,0.9500,-1,0
101,23435,corner,1,0.9500,-1,0
102,23547,corner,1,0.9500,-1,0
103,23941,corner,1,0.9500,-1,0
104,24321,corner,1,0.9500,-1,0
105,24478,corner,1,0.9600,-1,0
106,24836,corner,1,0.9600,-1,0
107,25018,corner,1,0.9600,-1,0
108,25173,corner,1,0.9600,-1,0
109,25362,corner,1,0.9700,-1,0
110,25483,corner,1,0.9700,-1,0
111,25839,corner,1,0.9700,-1,0
112,26052,corner,1,0.9700,-1,0
113,26181,corner,1,0.9800,-1,0
114,26700,corner,1,0.9800,-1,0
115,26862,corner,1,0.9800,-1,0
116,27037,corner,1,0.9800,-1,0
117,27284,corner,1,0.9800,-1,0
118,27429,corner,1,0.9800,-1,0
119,27608,corner,1,0.9800,-1,0
120,27904,corner,1,0.9800,-1,0
121,28091,corner,1,0.9800,-1,0
122,28241,corner,1,0.9800,-1,0
123,28493,corner,1,0.9800,-1,0
124,28604,corner,0,0.9700,-1,0
125,28793,corner,1,0.9700,-1,0
126,28950,corner,1,0.9700,-1,0
127,29059,corner,0,0.9600,-1,0
128,29213,corner,1,0.9600,-1,0
129,29385,corner,1,0.9600,-1,0
130,29562,corner,1,0.9600,-1,0
131,30039,corner,1,0.9600,-1,0
132,30287,corner,1,0.9600,-1,0
133,30451,corner,1,0.9600,-1,0
134,30571,corner,1,0.9600,-1,0
135,30750,corner,1,0.9600,-1,0
136,30965,corner,1,0.9600,-1,0
137,31086,corner,1,0.9600,-1,0
138,31270,corner,1,0.9600,-1,0
139,31416,corner,1,0.9600,-1,0
140,31556,corner,1,0.9600,-1,0
141,31713,corner,1,0.9600,-1,0
142,31846,corner,1,0.9600,-1,0
143,32338,corner,1,0.9600,-1,0
144,32459,corner,1,0.9600,-1,0
145,32611,corner,1,0.9600,-1,0
146,32800,corner,1,0.9600,-1,0
147,32983,corner,1,0.9600,-1,0
148,33145,corner,1,0.9600,-1,0
149,33314,corner,1,0.9600,-1,0
150,33492,corner,1,0.9600,-1,0
151,33666,corner,1,0.9600,-1,0
152,33831,corner,1,0.9700,-1,0
153,33994,corner,1,0.9700,-1,0
154,34172,corner,1,0.9700,-1,0
155,34334,corner,1,0.9700,-1,0
156,34502,corner,1,0.9700,-1,0
157,34676,corner,1,0.9700,-1,0
158,34872,corner,1,0.9700,-1,0
159,35213,corner,1,0.9700,-1,0
160,35395,corner,1,0.9700,-1,0
161,35621,corner,1,0.9700,-1,0
162,35822,corner,1,0.9700,-1,0
163,36043,corner,1,0.9700,-1,0
164,36228,corner,1,0.9700,-1,0
165,36377,corner,1,0.9700,-1,0
166,36724,corner,1,0.9700,-1,0
167,36887,corner,1,0.9700,-1,0
168,36989,corner,0,0.9600,-1,0
169,37143,corner,1,0.9600,-1,0
170,37290,corner,1,0.9700,-1,0
171,37451,corner,1,0.9700,-1,0
172,37612,corner,1,0.9700,-1,0
173,37926,corner,1,0.9700,-1,0
174,38105,corner,1,0.9700,-1,0
175,38262,corner,1,0.9700,-1,0
176,38380,corner,1,0.9700,-1,0
177,38575,corner,1,0.9700,-1,0
178,38757,corner,1,0.9700,-1,0
179,38920,corner,1,0.9700,-1,0
180,39102,corner,1,0.9700,-1,0
181,39308,corner,1,0.9700,-1,0
182,39460,corner,1,0.9700,-1,0
183,39607,corner,1,0.9700,-1,0
184,39759,corner,1,0.9700,-1,0
185,39915,corner,1,0.9700,-1,0
186,40080,corner,1,0.9700,-1,0
187,40241,corner,1,0.9700,-1,0
188,40412,corner,1,0.9700,-1,0
189,40586,corner,1,0.9700,-1,0
190,40732,corner,1,0.9700,-1,0
191,40911,corner,1,0.9700,-1,0
192,41066,corner,1,0.9700,-1,0
193,41234,corner,1,0.9700,-1,0
194,41409,corner,1,0.9700,-1,0
195,41575,corner,1,0.9700,-1,0
196,41700,corner,1,0.9700,-1,0
197,41873,corner,1,0.9700,-1,0
198,42209,corner,1,0.9700,-1,0
199,42379,corner,1,0.9700,-1,0
200,42496,corner,1,0.9700,-1,0
201,42657,corner,1,0.9700,-1,0
202,42817,corner,1,0.9700,-1,0
203,43165,corner,1,0.9700,-1,0
204,43325,corner,1,0.9700,-1,0
205,43539,corner,1,0.9700,-1,0
206,43705,corner,1,0.9700,-1,0
207,43885,corner,1,0.9700,-1,0
208,44123,corner,1,0.9700,-1,0
209,44468,corner,1,0.9700,-1,0
210,44970,corner,1,0.9700,-1,0
211,45127,corner,1,0.9700,-1,0
212,45306,corner,1,0.9700,-1,0
213,45447,corner,1,0.9700,-1,0
214,45638,corner,1,0.9700,-1,0
215,45846,corner,1,0.9700,-1,0
216,45992,corner,1,0.9700,-1,0
217,46170,corner,1,0.9700,-1,0
218,46404,corner,1,0.9700,-1,0
219,46566,corner,1,0.9700,-1,0
220,46742,corner,1,0.9700,-1,0
221,46932,corner,1,0.9700,-1,0
222,47263,corner,1,0.9700,-1,0
223,47407,corner,1,0.9700,-1,0
224,47631,corner,1,0.9800,-1,0
225,47811,corner,1,0.9800,-1,0
226,48013,corner,1,0.9800,-1,0
227,48157,corner,1,0.9900,-1,0
228,48328,corner,1,0.9900,-1,0
229,48461,corner,1,0.9900,-1,0
230,48638,corner,1,0.9900,-1,0
231,48825,corner,1,0.9900,-1,0
232,49170,corner,1,0.9900,-1,0
233,49275,corner,0,0.9800,-1,0
234,49474,corner,1,0.9800,-1,0
235,49587,corner,1,0.9800,-1,0
236,49729,corner,1,0.9800,-1,0
237,50011,corner,1,0.9800,-1,0
238,50177,corner,1,0.9800,-1,0
239,50328,corner,1,0.9800,-1,0
240,50496,corner,1,0.9800,-1,0
241,50632,corner,1,0.9800,-1,0
242,50844,corner,1,0.9800,-1,0
243,51053,corner,1,0.9800,-1,0
244,51221,corner,1,0.9800,-1,0
245,51372,corner,1,0.9800,-1,0
246,51692,corner,1,0.9800,-1,0
247,52355,corner,1,0.9800,-1,0
248,52565,corner,1,0.9800,-1,0
249,52718,corner,1,0.9800,-1,0
250,52866,corner,1,0.9800,-1,0
251,53151,corner,1,0.9800,-1,0
252,53342,corner,1,0.9800,-1,0
253,53493,corner,1,0.9800,-1,0
254,53682,corner,1,0.9800,-1,0
255,54127,corner,1,0.9800,-1,0
256,54472,corner,1,0.9800,-1,0
257,54812,corner,1,0.9800,-1,0
258,54964,corner,1,0.9800,-1,0
259,55122,corner,1,0.9800,-1,0
260,55284,corner,1,0.9800,-1,0
261,55442,corner,1,0.9800,-1,0
262,55626,corner,1,0.9800,-1,0
263,56026,corner,1,0.9800,-1,0
264,56259,corner,1,0.9800,-1,0
265,56429,corner,1,0.9800,-1,0
266,56576,corner,1,0.9800,-1,0
267,56683,corner,1,0.9800,-1,0
268,56895,corner,1,0.9900,-1,0
269,57045,corner,1,0.9900,-1,0
270,57214,corner,1,0.9900,-1,0
271,57379,corner,1,0.9900,-1,0
272,57508,corner,1,0.9900,-1,0
273,57737,corner,1,0.9900,-1,0
274,57905,corner,1,0.9900,-1,0
275,58075,corner,1,0.9900,-1,0
276,58231,corner,1,0.9900,-1,0
277,58395,corner,1,0.9900,-1,0
278,58558,corner,1,0.9900,-1,0
279,58746,corner,1,0.9900,-1,0
280,59078,corner,1,0.9900,-1,0
281,59396,corner,1,0.9900,-1,0
282,59609,corner,1,0.9900,-1,0
283,59746,corner,1,0.9900,-1,0
284,59914,corner,1,0.9900,-1,0
285,60097,corner,1,0.9900,-1,0
286,60407,corner,1,0.9900,-1,0
287,60581,corner,1,0.9900,-1,0
288,60763,corner,1,0.9900,-1,0
289,60901,corner,1,0.9900,-1,0
290,61255,corner,1,0.9900,-1,0
291,61567,corner,1,0.9900,-1,0
292,61722,corner,1,0.9900,-1,0
293,61875,corner,1,0.9900,-1,0
294,62956,corner,1,0.9900,-1,0
295,63112,corner,1,0.9900,-1,0
296,63281,corner,1,0.9900,-1,0
297,63427,corner,1,0.9900,-1,0
298,63614,corner,1,0.9900,-1,0
299,63779,corner,1,0.9900,-1,0
300,63969,corner,1,0.9900,-1,0
301,64121,corner,1,0.9900,-1,0
302,64279,corner,1,0.9900,-1,0
303,64406,corner,1,0.9900,-1,0
304,64664,corner,1,0.9900,-1,0
305,64821,corner,1,0.9900,-1,0
306,65025,corner,1,0.9900,-1,0
307,65176,corner,1,0.9900,-1,0
308,65364,corner,1,0.9900,-1,0
309,65543,corner,1,0.9900,-1,0
310,65654,corner,0,0.9800,-1,0
311,65989,corner,1,0.9800,-1,0
312,66139,corner,1,0.9800,-1,0
313,66273,corner,1,0.9800,-1,0
314,66439,corner,1,0.9800,-1,0
315,66642,corner,1,0.9800,-1,0
316,66815,corner,1,0.9800,-1,0
317,66924,corner,0,0.9700,-1,0
318,67106,corner,1,0.9700,-1,0
319,67278,corner,1,0.9700,-1,0
320,67383,corner,1,0.9700,-1,0
321,67486,corner,0,0.9600,-1,0
322,67651,corner,1,0.9600,-1,0
323,67800,corner,1,0.9600,-1,0
324,67959,corner,1,0.9600,-1,0
325,68125,corner,1,0.9600,-1,0
326,68262,corner,1,0.9600,-1,0
327,68395,corner,1,0.9600,-1,0
328,68564,corner,1,0.9600,-1,0
329,68690,corner,0,0.9500,-1,0
330,68876,corner,1,0.9500,-1,0
331,69024,corner,1,0.9500,-1,0
332,69169,corner,1,0.9500,-1,0
333,69330,corner,1,0.9600,-1,0
334,69496,corner,1,0.9600,-1,0
335,69619,corner,1,0.9600,-1,0
336,70100,corner,1,0.9600,-1,0
337,70268,corner,1,0.9600,-1,0
338,70418,corner,1,0.9600,-1,0
339,70569,corner,1,0.9600,-1,0
340,70760,corner,1,0.9600,-1,0
341,70921,corner,1,0.9600,-1,0
342,71144,corner,1,0.9600,-1,0
343,71337,corner,1,0.9600,-1,0
344,71437,corner,0,0.9500,-1,0
345,71598,corner,1,0.9500,-1,0
346,71923,corner,1,0.9500,-1,0
347,72315,corner,1,0.9500,-1,0
348,72519,corner,1,0.9500,-1,0
349,72714,corner,1,0.9500,-1,0
350,72929,corner,1,0.9500,-1,0
351,73078,corner,1,0.9500,-1,0
352,73383,corner,1,0.9500,-1,0
353,73559,corner,1,0.9500,-1,0
354,73742,corner,1,0.9500,-1,0
355,73842,corner,0,0.9400,-1,0
356,74019,corner,1,0.9400,-1,0
357,74127,corner,0,0.9300,-1,0
358,74299,corner,1,0.9300,-1,0
359,74436,corner,1,0.9300,-1,0
360,74635,corner,1,0.9300,-1,0
361,74745,corner,1,0.9300,-1,0
362,75089,corner,1,0.9300,-1,0
363,75422,corner,1,0.9300,-1,0
364,75532,corner,0,0.9200,-1,0
365,75688,corner,1,0.9200,-1,0
366,75833,corner,1,0.9200,-1,0
367,76074,corner,1,0.9200,-1,0
368,76213,corner,1,0.9200,-1,0
369,76365,corner,1,0.9200,-1,0
370,76535,corner,1,0.9200,-1,0
371,76757,corner,1,0.9200,-1,0
372,76928,corner,1,0.9200,-1,0
373,77080,corner,1,0.9200,-1,0
374,77274,corner,1,0.9200,-1,0
375,77478,corner,1,0.9200,-1,0
376,77632,corner,1,0.9200,-1,0
377,77777,corner,1,0.9200,-1,0
378,77942,corner,1,0.9200,-1,0
379,78086,corner,1,0.9200,-1,0
380,78193,corner,1,0.9200,-1,0
381,78354,corner,1,0.9200,-1,0
382,78524,corner,1,0.9200,-1,0
383,78682,corner,1,0.9200,-1,0
384,78823,corner,1,0.9200,-1,0
385,78974,corner,1,0.9200,-1,0
386,79131,corner,1,0.9200,-1,0
387,79282,corner,1,0.9200,-1,0
388,79473,corner,1,0.9200,-1,0
389,79735,corner,1,0.9200,-1,0
390,79872,corner,1,0.9200,-1,0
391,80039,corner,1,0.9200,-1,0
392,80215,corner,1,0.9200,-1,0
393,80356,corner,1,0.9200,-1,0
394,80544,corner,1,0.9200,-1,0
395,80935,corner,1,0.9200,-1,0
396,81081,corner,1,0.9200,-1,0
397,81264,corner,1,0.9200,-1,0
398,81440,corner,1,0.9200,-1,0
399,81785,corner,1,0.9200,-1,0
400,82000,corner,1,0.9200,-1,0
401,82111,corner,0,0.9100,-1,0
402,82260,corner,1,0.9100,-1,0
403,82403,corner,1,0.9100,-1,0
404,82546,corner,1,0.9100,-1,0
405,82700,corner,1,0.9100,-1,0
406,82889,corner,1,0.9100,-1,0
407,83039,corner,1,0.9100,-1,0
408,83233,corner,1,0.9100,-1,0
409,83429,corner,1,0.9100,-1,0
410,83766,corner,1,0.9200,-1,0
411,83869,corner,0,0.9100,-1,0
412,84014,corner,1,0.9100,-1,0
413,84177,corner,1,0.9100,-1,0
414,84393,corner,1,0.9100,-1,0
415,84599,corner,1,0.9100,-1,0
416,84760,corner,1,0.9100,-1,0
417,84936,corner,1,0.9200,-1,0
418,85132,corner,1,0.9200,-1,0
419,85273,corner,1,0.9200,-1,0
420,85513,corner,1,0.9200,-1,0
421,85685,corner,1,0.9300,-1,0
422,85848,corner,1,0.9300,-1,0
423,85995,corner,1,0.9300,-1,0
424,86152,corner,1,0.9300,-1,0
425,86329,corner,1,0.9300,-1,0
426,86496,corner,1,0.9300,-1,0
427,86676,corner,1,0.9300,-1,0
428,86911,corner,1,0.9300,-1,0
429,87061,corner,1,0.9400,-1,0
430,87205,corner,1,0.9400,-1,0
431,87397,corner,1,0.9400,-1,0
432,87543,corner,1,0.9400,-1,0
433,87641,corner,0,0.9300,-1,0
434,87822,corner,1,0.9300,-1,0
435,87994,corner,0,0.9200,-1,0
436,88286,corner,1,0.9200,-1,0
437,88444,corner,1,0.9200,-1,0
438,88618,corner,1,0.9200,-1,0
439,88779,corner,1,0.9200,-1,0
440,89125,corner,1,0.9200,-1,0
441,89548,corner,1,0.9200,-1,0
442,89736,corner,1,0.9200,-1,0
443,89873,corner,1,0.9200,-1,0
444,89978,corner,0,0.9200,-1,0
445,90172,corner,1,0.9200,-1,0
446,90323,corner,1,0.9200,-1,0
447,90507,corner,1,0.9200,-1,0
448,90664,corner,1,0.9200,-1,0
449,90819,corner,1,0.9200,-1,0
450,91079,corner,1,0.9200,-1,0
451,91230,corner,1,0.9200,-1,0
452,91386,corner,1,0.9200,-1,0
453,91576,corner,1,0.9200,-1,0
454,91724,corner,1,0.9200,-1,0
455,91873,corner,1,0.9300,-1,0
456,92491,corner,1,0.9300,-1,0
457,92774,corner,1,0.9400,-1,0
458,92924,corner,1,0.9400,-1,0
459,93116,corner,1,0.9400,-1,0
460,93289,corner,1,0.9400,-1,0
461,93464,corner,1,0.9400,-1,0
462,93636,corner,1,0.9400,-1,0
463,93888,corner,1,0.9400,-1,0
464,94404,corner,1,0.9500,-1,0
465,94547,corner,1,0.9500,-1,0
466,94742,corner,1,0.9500,-1,0
467,95081,corner,1,0.9500,-1,0
468,95180,corner,1,0.9500,-1,0
469,95346,corner,1,0.9500,-1,0
470,95455,corner,0,0.9400,-1,0
471,95607,corner,1,0.9400,-1,0
472,95747,corner,1,0.9400,-1,0
473,95895,corner,1,0.9400,-1,0
474,96054,corner,1,0.9400,-1,0
475,96208,corner,1,0.9400,-1,0
476,96351,corner,1,0.9400,-1,0
477,96661,corner,1,0.9400,-1,0
478,97219,corner,1,0.9400,-1,0
479,97504,corner,0,0.9300,-1,0
480,97696,corner,1,0.9300,-1,0
481,97871,corner,1,0.9300,-1,0
482,98036,corner,1,0.9300,-1,0
483,98177,corner,1,0.9300,-1,0
484,98317,corner,1,0.9300,-1,0
485,98468,corner,1,0.9300,-1,0
486,98633,corner,1,0.9300,-1,0
487,98754,corner,1,0.9300,-1,0
488,99075,corner,1,0.9300,-1,0
489,99256,corner,1,0.9300,-1,0
490,99609,corner,1,0.9300,-1,0
491,99755,corner,1,0.9300,-1,0
492,99914,corner,1,0.9300,-1,0
493,100023,corner,1,0.9300,-1,0
494,100133,corner,0,0.9200,-1,0
495,100331,corner,1,0.9200,-1,0
496,100513,corner,1,0.9200,-1,0
497,100687,corner,1,0.9200,-1,0
498,101067,corner,1,0.9200,-1,0
499,101210,corner,1,0.9200,-1,0
500,101379,corner,1,0.9200,-1,0
501,101720,corner,1,0.9300,-1,0
502,101882,corner,1,0.9300,-1,0
503,102040,corner,1,0.9300,-1,0
504,102212,corner,1,0.9300,-1,0
505,102351,corner,1,0.9300,-1,0
506,102502,corner,1,0.9300,-1,0
507,102706,corner,1,0.9300,-1,0
508,102855,corner,1,0.9300,-1,0
509,103010,corner,1,0.9300,-1,0
510,103146,corner,1,0.9300,-1,0
511,103321,corner,1,0.9400,-1,0
512,103462,corner,1,0.9400,-1,0
513,103612,corner,1,0.9400,-1,0
514,103788,corner,1,0.9400,-1,0
515,103930,corner,1,0.9400,-1,0
516,104103,corner,1,0.9400,-1,0
517,104236,corner,1,0.9400,-1,0
518,104400,corner,1,0.9400,-1,0
519,104515,corner,1,0.9400,-1,0
520,104846,corner,1,0.9400,-1,0
521,105020,corner,1,0.9400,-1,0
522,105350,corner,1,0.9400,-1,0
523,105570,corner,1,0.9400,-1,0
524,105729,corner,1,0.9400,-1,0
525,105910,corner,1,0.9400,-1,0
526,106077,corner,1,0.9400,-1,0
527,106223,corner,1,0.9400,-1,0
528,106525,corner,1,0.9400,-1,0
529,106708,corner,1,0.9400,-1,0
530,106967,corner,1,0.9400,-1,0
531,107123,corner,1,0.9400,-1,0
532,107268,corner,1,0.9400,-1,0
533,107415,corner,1,0.9500,-1,0
534,107582,corner,1,0.9500,-1,0
535,107823,corner,1,0.9600,-1,0
536,107996,corner,1,0.9600,-1,0
537,108123,corner,1,0.9600,-1,0
538,108266,corner,1,0.9600,-1,0
539,108424,corner,1,0.9600,-1,0
540,108582,corner,1,0.9600,-1,0
541,108761,corner,1,0.9600,-1,0
542,109107,corner,1,0.9600,-1,0
543,109265,corner,1,0.9600,-1,0
544,109373,corner,0,0.9600,-1,0
545,109531,corner,1,0.9600,-1,0
546,109712,corner,1,0.9600,-1,0
547,109867,corner,1,0.9600,-1,0
548,110010,corner,1,0.9600,-1,0
549,110154,corner,1,0.9600,-1,0
550,110296,corner,1,0.9600,-1,0
551,110442,corner,1,0.9600,-1,0
552,110595,corner,1,0.9600,-1,0
553,111947,corner,1,0.9600,-1,0
554,112104,corner,1,0.9600,-1,0
555,112275,corner,1,0.9600,-1,0
556,112454,corner,1,0.9600,-1,0
557,112651,corner,1,0.9600,-1,0
558,112832,corner,1,0.9600,-1,0
559,112993,corner,1,0.9600,-1,0
560,113163,corner,1,0.9600,-1,0
561,113653,corner,1,0.9600,-1,0
562,113759,corner,1,0.9600,-1,0
563,113912,corner,1,0.9600,-1,0
564,114047,corner,1,0.9600,-1,0
565,114213,corner,1,0.9600,-1,0
566,114323,corner,0,0.9500,-1,0
567,114621,corner,1,0.9500,-1,0
568,114807,corner,1,0.9500,-1,0
569,115002,corner,1,0.9500,-1,0
570,115199,corner,1,0.9600,-1,0
571,115387,corner,1,0.9600,-1,0
572,115598,corner,1,0.9600,-1,0
573,115746,corner,1,0.9600,-1,0
574,115891,corner,1,0.9600,-1,0
575,116038,corner,1,0.9600,-1,0
576,116206,corner,1,0.9600,-1,0
577,116342,corner,1,0.9600,-1,0
578,116494,corner,1,0.9600,-1,0
579,116678,corner,1,0.9700,-1,0
580,116848,corner,1,0.9700,-1,0
581,117010,corner,1,0.9700,-1,0
582,117172,corner,1,0.9700,-1,0
583,117358,corner,1,0.9700,-1,0
584,117528,corner,1,0.9700,-1,0
585,117667,corner,1,0.9700,-1,0
586,117841,corner,1,0.9700,-1,0
587,118102,corner,1,0.9700,-1,0
588,118263,corner,1,0.9700,-1,0
589,118418,corner,1,0.9700,-1,0
590,118586,corner,1,0.9700,-1,0
591,118921,corner,1,0.9700,-1,0
592,119118,corner,1,0.9700,-1,0
593,119423,corner,1,0.9700,-1,0
594,119576,corner,1,0.9800,-1,0
595,119783,corner,1,0.9800,-1,0
596,119950,corner,1,0.9800,-1,0
597,120126,corner,1,0.9800,-1,0
598,120320,corner,1,0.9800,-1,0
599,120489,corner,1,0.9800,-1,0
600,120650,corner,1,0.9800,-1,0
601,120861,corner,1,0.9800,-1,0
602,120969,corner,0,0.9700,-1,0
603,121120,corner,1,0.9700,-1,0
604,121227,corner,1,0.9700,-1,0
605,121371,corner,1,0.9700,-1,0
606,121541,corner,1,0.9700,-1,0
607,121750,corner,1,0.9700,-1,0
608,121946,corner,1,0.9700,-1,0
609,122056,corner,1,0.9700,-1,0
610,122372,corner,1,0.9700,-1,0
611,122526,corner,1,0.9700,-1,0
612,122979,corner,1,0.9700,-1,0
613,123149,corner,1,0.9700,-1,0
614,123389,corner,1,0.9700,-1,0
615,123564,corner,1,0.9700,-1,0
616,123735,corner,1,0.9700,-1,0
617,123929,corner,1,0.9700,-1,0
618,124096,corner,1,0.9700,-1,0
619,124257,corner,1,0.9700,-1,0
620,124389,corner,1,0.9700,-1,0
621,124528,corner,1,0.9700,-1,0
622,124683,corner,1,0.9700,-1,0
623,124868,corner,1,0.9700,-1,0
624,125133,corner,1,0.9700,-1,0
625,125284,corner,1,0.9700,-1,0
626,125396,corner,1,0.9700,-1,0
627,125601,corner,1,0.9700,-1,0
628,125751,corner,1,0.9700,-1,0
629,125920,corner,1,0.9700,-1,0
630,126064,corner,1,0.9700,-1,0
631,126223,corner,1,0.9700,-1,0
632,126375,corner,1,0.9700,-1,0
633,126598,corner,1,0.9700,-1,0
634,126777,corner,1,0.9700,-1,0
635,126915,corner,1,0.9700,-1,0
636,127065,corner,1,0.9700,-1,0
637,127273,corner,1,0.9700,-1,0
638,127416,corner,1,0.9700,-1,0
639,127651,corner,1,0.9700,-1,0
640,127824,corner,1,0.9700,-1,0
641,127975,corner,1,0.9700,-1,0
642,128194,corner,1,0.9700,-1,0
643,128358,corner,1,0.9700,-1,0
644,128474,corner,1,0.9800,-1,0
645,128697,corner,1,0.9800,-1,0
646,128844,corner,1,0.9800,-1,0
647,129008,corner,1,0.9800,-1,0
648,129175,corner,1,0.9800,-1,0
649,129328,corner,1,0.9800,-1,0
650,129494,corner,1,0.9800,-1,0
651,129643,corner,1,0.9800,-1,0
652,129805,corner,1,0.9800,-1,0
653,129992,corner,1,0.9800,-1,0
654,130171,corner,1,0.9800,-1,0
655,130319,corner,1,0.9800,-1,0
656,130548,corner,1,0.9800,-1,0
657,130715,corner,1,0.9800,-1,0
658,130869,corner,1,0.9800,-1,0
659,131040,corner,1,0.9800,-1,0
660,131197,corner,1,0.9800,-1,0
661,131354,corner,1,0.9800,-1,0
662,131496,corner,1,0.9800,-1,0
663,131649,corner,1,0.9800,-1,0
664,131843,corner,1,0.9800,-1,0
665,132006,corner,1,0.9800,-1,0
666,132189,corner,1,0.9900,-1,0
667,132416,corner,1,0.9900,-1,0
668,132567,corner,1,0.9900,-1,0
669,132718,corner,1,0.9900,-1,0
670,132906,corner,1,0.9900,-1,0
671,133076,corner,1,0.9900,-1,0
672,133334,corner,1,0.9900,-1,0
673,133484,corner,1,0.9900,-1,0
674,133629,corner,1,0.9900,-1,0
675,133778,corner,1,0.9900,-1,0
676,133945,corner,1,0.9900,-1,0
677,134095,corner,1,0.9900,-1,0
678,134254,corner,1,0.9900,-1,0
679,134394,corner,1,0.9900,-1,0
680,134539,corner,1,0.9900,-1,0
681,134699,corner,1,0.9900,-1,0
682,134846,corner,1,0.9900,-1,0
683,135017,corner,1,0.9900,-1,0
684,135165,corner,1,0.9900,-1,0
685,135302,corner,1,0.9900,-1,0
686,135478,corner,1,0.9900,-1,0
687,135638,corner,1,0.9900,-1,0
688,135797,corner,1,0.9900,-1,0
689,135940,corner,1,0.9900,-1,0
690,136259,corner,1,0.9900,-1,0
691,136366,corner,0,0.9800,-1,0
692,136548,corner,1,0.9800,-1,0
693,136686,corner,1,0.9800,-1,0
694,136833,corner,1,0.9800,-1,0
695,136986,corner,1,0.9800,-1,0
696,137092,corner,0,0.9700,-1,0
697,137253,corner,1,0.9700,-1,0
698,137409,corner,1,0.9700,-1,0
699,137568,corner,1,0.9700,-1,0
700,137709,corner,1,0.9700,-1,0
701,137861,corner,1,0.9700,-1,0
702,138058,corner,1,0.9800,-1,0
703,138194,corner,1,0.9800,-1,0
704,138390,corner,1,0.9800,-1,0
705,138555,corner,1,0.9800,-1,0
706,138749,corner,1,0.9800,-1,0
707,138857,corner,1,0.9800,-1,0
708,139024,corner,1,0.9800,-1,0
709,139265,corner,1,0.9800,-1,0
710,139421,corner,1,0.9800,-1,0
711,139584,corner,1,0.9800,-1,0
712,139739,corner,1,0.9800,-1,0
713,139884,corner,1,0.9800,-1,0
714,140028,corner,1,0.9800,-1,0
715,140175,corner,1,0.9800,-1,0
716,140285,corner,1,0.9800,-1,0
717,140467,corner,1,0.9800,-1,0
718,140629,corner,1,0.9800,-1,0
719,140780,corner,1,0.9800,-1,0
720,141042,corner,1,0.9800,-1,0
721,141199,corner,1,0.9800,-1,0
722,141347,corner,1,0.9800,-1,0
723,141506,corner,1,0.9800,-1,0
724,141690,corner,1,0.9800,-1,0
725,141864,corner,1,0.9800,-1,0
726,142386,corner,1,0.9800,-1,0
727,142540,corner,1,0.9800,-1,0
728,142666,corner,1,0.9800,-1,0
729,142820,corner,1,0.9800,-1,0
730,142985,corner,1,0.9800,-1,0
731,143136,corner,1,0.9800,-1,0
732,143303,corner,1,0.9800,-1,0
733,143443,corner,1,0.9800,-1,0
734,143561,corner,1,0.9800,-1,0
735,143697,corner,1,0.9800,-1,0
736,143835,corner,1,0.9800,-1,0
737,143992,corner,1,0.9800,-1,0
738,144137,corner,1,0.9800,-1,0
739,144303,corner,1,0.9800,-1,0
740,144470,corner,1,0.9800,-1,0
741,144610,corner,1,0.9800,-1,0
742,144747,corner,1,0.9800,-1,0
743,144902,corner,1,0.9800,-1,0
744,145057,corner,1,0.9800,-1,0
745,145259,corner,1,0.9800,-1,0
746,145399,corner,1,0.9800,-1,0
747,145555,corner,1,0.9800,-1,0
748,145690,corner,1,0.9800,-1,0
749,145837,corner,1,0.9800,-1,0
750,145984,corner,1,0.9800,-1,0
751,146120,corner,1,0.9800,-1,0
752,146267,corner,1,0.9800,-1,0
753,146385,corner,1,0.9800,-1,0
754,146530,corner,1,0.9800,-1,0
755,146675,corner,1,0.9800,-1,0
756,146823,corner,1,0.9800,-1,0
757,146963,corner,1,0.9800,-1,0
758,147130,corner,1,0.9800,-1,0
759,147282,corner,1,0.9800,-1,0
760,147428,corner,1,0.9800,-1,0
761,147569,corner,1,0.9800,-1,0
762,147757,corner,1,0.9800,-1,0
763,147921,corner,1,0.9800,-1,0
764,148071,corner,1,0.9800,-1,0
765,148261,corner,1,0.9800,-1,0
766,148358,corner,0,0.9700,-1,0
767,148497,corner,1,0.9700,-1,0
768,148655,corner,1,0.9700,-1,0
769,148778,corner,1,0.9700,-1,0
770,148887,corner,1,0.9700,-1,0
771,149243,corner,1,0.9700,-1,0
772,149442,corner,1,0.9700,-1,0
773,149599,corner,1,0.9700,-1,0
774,149767,corner,1,0.9700,-1,0
775,149934,corner,1,0.9700,-1,0
776,150118,corner,1,0.9700,-1,0
777,150264,corner,1,0.9700,-1,0
778,150410,corner,1,0.9700,-1,0
779,150557,corner,1,0.9700,-1,0
780,150699,corner,1,0.9700,-1,0
781,150875,corner,1,0.9700,-1,0
782,151095,corner,1,0.9700,-1,0
783,151246,corner,1,0.9700,-1,0
784,151414,corner,1,0.9700,-1,0
785,151586,corner,1,0.9700,-1,0
786,151770,corner,1,0.9700,-1,0
787,151968,corner,1,0.9700,-1,0
788,152118,corner,1,0.9700,-1,0
789,152266,corner,1,0.9700,-1,0
790,152410,corner,1,0.9700,-1,0
791,152558,corner,1,0.9800,-1,0
792,152715,corner,1,0.9800,-1,0
793,152873,corner,1,0.9800,-1,0
794,153048,corner,1,0.9800,-1,0
795,153209,corner,1,0.9800,-1,0
796,153448,corner,1,0.9900,-1,0
797,153608,corner,1,0.9900,-1,0
798,153760,corner,1,0.9900,-1,0
799,153921,corner,1,0.9900,-1,0
800,154033,corner,1,0.9900,-1,0
801,154181,corner,1,0.9900,-1,0
802,154330,corner,1,0.9900,-1,0
803,154479,corner,1,0.9900,-1,0
804,154597,corner,1,0.9900,-1,0
805,154782,corner,1,0.9900,-1,0
806,155021,corner,1,0.9900,-1,0
807,155346,corner,1,0.9900,-1,0
808,155677,corner,1,0.9900,-1,0
809,155821,corner,1,0.9900,-1,0
810,155929,corner,1,0.9900,-1,0
811,156079,corner,1,0.9900,-1,0
812,156257,corner,1,0.9900,-1,0
813,156402,corner,1,0.9900,-1,0
814,156539,corner,1,0.9900,-1,0
815,156789,corner,1,0.9900,-1,0
816,157170,corner,0,0.9800,-1,0
817,157315,corner,1,0.9800,-1,0
818,157456,corner,1,0.9800,-1,0
819,157567,corner,1,0.9800,-1,0
820,157769,corner,1,0.9800,-1,0
821,157980,corner,1,0.9800,-1,0
822,158185,corner,1,0.9800,-1,0
823,158413,corner,1,0.9800,-1,0
824,158544,corner,1,0.9800,-1,0
825,158690,corner,1,0.9800,-1,0
826,158852,corner,1,0.9800,-1,0
827,159017,corner,1,0.9800,-1,0
828,159152,corner,1,0.9800,-1,0
829,159313,corner,1,0.9800,-1,0
830,159456,corner,1,0.9800,-1,0
831,159604,corner,1,0.9800,-1,0
832,159718,corner,1,0.9800,-1,0
833,159909,corner,1,0.9800,-1,0
834,160103,corner,1,0.9800,-1,0
835,160258,corner,1,0.9800,-1,0
836,160374,corner,1,0.9800,-1,0
837,160518,corner,1,0.9800,-1,0
838,160651,corner,1,0.9800,-1,0
839,160878,corner,1,0.9800,-1,0
840,161034,corner,1,0.9800,-1,0
841,161168,corner,1,0.9800,-1,0
842,161312,corner,1,0.9800,-1,0
843,161485,corner,1,0.9800,-1,0
844,161633,corner,1,0.9800,-1,0
845,161800,corner,1,0.9800,-1,0
846,162003,corner,1,0.9800,-1,0
847,162167,corner,1,0.9800,-1,0
848,162339,corner,1,0.9800,-1,0
849,162494,corner,1,0.9800,-1,0
850,162661,corner,1,0.9800,-1,0
851,162844,corner,1,0.9800,-1,0
852,162991,corner,1,0.9800,-1,0
853,163151,corner,1,0.9800,-1,0
854,163304,corner,1,0.9800,-1,0
855,163501,corner,1,0.9800,-1,0
856,163645,corner,1,0.9800,-1,0
857,163803,corner,1,0.9800,-1,0
858,163959,corner,1,0.9800,-1,0
859,164106,corner,1,0.9800,-1,0
860,164289,corner,1,0.9800,-1,0
861,164444,corner,1,0.9800,-1,0
862,164589,corner,1,0.9800,-1,0
863,164759,corner,1,0.9800,-1,0
864,164906,corner,1,0.9800,-1,0
865,165285,corner,1,0.9800,-1,0
866,165456,corner,1,0.9900,-1,0
867,165594,corner,1,0.9900,-1,0
868,165733,corner,1,0.9900,-1,0
869,165877,corner,1,0.9900,-1,0
870,165985,corner,1,0.9900,-1,0
871,166129,corner,1,0.9900,-1,0
872,166242,corner,1,0.9900,-1,0
873,166390,corner,1,0.9900,-1,0
874,166556,corner,1,0.9900,-1,0
875,166726,corner,1,0.9900,-1,0
876,166877,corner,1,0.9900,-1,0
877,167118,corner,1,0.9900,-1,0
878,167289,corner,1,0.9900,-1,0
879,167482,corner,1,0.9900,-1,0
880,167668,corner,1,0.9900,-1,0
881,167817,corner,1,0.9900,-1,0
882,168015,corner,1,0.9900,-1,0
883,168159,corner,1,0.9900,-1,0
884,168361,corner,1,0.9900,-1,0
885,168562,corner,1,0.9900,-1,0
886,168728,corner,1,0.9900,-1,0
887,168916,corner,1,0.9900,-1,0
888,169085,corner,1,0.9900,-1,0
889,169210,corner,1,0.9900,-1,0
890,169359,corner,1,0.9900,-1,0
891,169499,corner,1,0.9900,-1,0
892,169660,corner,1,0.9900,-1,0
893,169811,corner,1,0.9900,-1,0
894,169949,corner,1,0.9900,-1,0
895,170143,corner,1,0.9900,-1,0
896,170280,corner,1,0.9900,-1,0
897,170432,corner,1,0.9900,-1,0
898,170594,corner,1,0.9900,-1,0
899,170750,corner,1,0.9900,-1,0
900,170866,corner,1,0.9900,-1,0
901,171008,corner,1,0.9900,-1,0
902,171156,corner,1,0.9900,-1,0
903,171332,corner,1,0.9900,-1,0
904,171461,corner,1,0.9900,-1,0
905,171619,corner,1,0.9900,-1,0
906,171769,corner,1,0.9900,-1,0
907,171914,corner,1,0.9900,-1,0
908,172080,corner,1,0.9900,-1,0
909,172220,corner,1,0.9900,-1,0
910,172376,corner,1,0.9900,-1,0
911,172509,corner,1,0.9900,-1,0
912,172668,corner,1,0.9900,-1,0
913,172854,corner,1,0.9900,-1,0
914,173011,corner,1,0.9900,-1,0
915,173163,corner,1,0.9900,-1,0
916,173328,corner,1,1.0000,-1,0
917,173460,corner,1,1.0000,-1,0
918,173612,corner,1,1.0000,-1,0
919,173759,corner,1,1.0000,-1,0
920,173938,corner,1,1.0000,-1,0
921,174098,corner,1,1.0000,-1,0
922,174240,corner,1,1.0000,-1,0
923,174401,corner,1,1.0000,-1,0
924,174569,corner,1,1.0000,-1,0
925,174706,corner,1,1.0000,-1,0
926,174840,corner,1,1.0000,-1,0
927,174988,corner,1,1.0000,-1,0
928,175435,corner,1,1.0000,-1,0
929,175621,corner,1,1.0000,-1,0
930,175773,corner,1,1.0000,-1,0
931,175992,corner,1,1.0000,-1,0
932,176099,corner,0,0.9900,-1,0
933,176249,corner,1,0.9900,-1,0
934,176391,corner,1,0.9900,-1,0
935,176579,corner,1,0.9900,-1,0
936,176738,corner,1,0.9900,-1,0
937,176879,corner,1,0.9900,-1,0
938,177227,corner,1,0.9900,-1,0
939,177375,corner,1,0.9900,-1,0
940,177527,corner,1,0.9900,-1,0
941,177718,corner,1,0.9900,-1,0
942,177876,corner,1,0.9900,-1,0
943,178057,corner,1,0.9900,-1,0
944,178214,corner,1,0.9900,-1,0
945,178367,corner,1,0.9900,-1,0
946,178474,corner,1,0.9900,-1,0
947,178611,corner,1,0.9900,-1,0
948,178724,corner,0,0.9800,-1,0
949,178864,corner,1,0.9800,-1,0
950,179012,corner,1,0.9800,-1,0
951,179152,corner,1,0.9800,-1,0
952,179294,corner,1,0.9800,-1,0
953,179432,corner,1,0.9800,-1,0
954,179587,corner,1,0.9800,-1,0
955,179745,corner,1,0.9800,-1,0
956,179902,corner,1,0.9800,-1,0
957,180022,corner,1,0.9800,-1,0
958,180191,corner,1,0.9800,-1,0
959,180294,corner,0,0.9700,-1,0
960,180445,corner,1,0.9700,-1,0
961,180596,corner,1,0.9700,-1,0
962,180957,corner,1,0.9700,-1,0
963,181084,corner,1,0.9700,-1,0
964,181263,corner,1,0.9700,-1,0
965,181399,corner,1,0.9700,-1,0
966,181570,corner,1,0.9700,-1,0
967,181729,corner,1,0.9700,-1,0
968,181835,corner,1,0.9700,-1,0
969,182069,corner,1,0.9700,-1,0
970,182199,corner,1,0.9700,-1,0
971,182366,corner,1,0.9700,-1,0
972,182520,corner,1,0.9700,-1,0
973,182665,corner,1,0.9700,-1,0
974,182873,corner,1,0.9700,-1,0
975,183019,corner,1,0.9700,-1,0
976,183182,corner,1,0.9700,-1,0
977,183333,corner,1,0.9700,-1,0
978,183480,corner,1,0.9700,-1,0
979,183626,corner,1,0.9700,-1,0
980,183779,corner,1,0.9700,-1,0
981,183922,corner,1,0.9700,-1,0
982,184078,corner,1,0.9700,-1,0
983,184226,corner,1,0.9700,-1,0
984,184366,corner,1,0.9700,-1,0
985,184515,corner,1,0.9700,-1,0
986,184911,corner,1,0.9700,-1,0
987,185057,corner,1,0.9700,-1,0
988,185233,corner,1,0.9700,-1,0
989,185396,corner,1,0.9700,-1,0
990,185631,corner,1,0.9700,-1,0
991,185828,corner,1,0.9700,-1,0
992,185970,corner,1,0.9700,-1,0
993,186106,corner,1,0.9700,-1,0
994,186245,corner,1,0.9700,-1,0
995,186404,corner,1,0.9700,-1,0
996,186551,corner,1,0.9700,-1,0
997,186718,corner,1,0.9700,-1,0
998,186877,corner,1,0.9700,-1,0
999,187086,corner,1,0.9700,-1,0
1000,187230,corner,1,0.9700,-1,0
1001,187398,corner,1,0.9700,-1,0
1002,187548,corner,1,0.9700,-1,0
1003,187782,corner,1,0.9700,-1,0
1004,188006,corner,1,0.9700,-1,0
1005,188196,corner,1,0.9700,-1,0
1006,188343,corner,1,0.9700,-1,0
1007,189695,corner,1,0.9700,-1,0
1008,189841,corner,1,0.9700,-1,0
1009,189993,corner,1,0.9700,-1,0
1010,190135,corner,1,0.9700,-1,0
1011,190292,corner,1,0.9700,-1,0
1012,190700,corner,1,0.9700,-1,0
1013,190848,corner,1,0.9700,-1,0
1014,191047,corner,1,0.9700,-1,0
1015,191203,corner,1,0.9700,-1,0
1016,191399,corner,1,0.9700,-1,0
1017,191548,corner,1,0.9700,-1,0
1018,191701,corner,1,0.9700,-1,0
1019,191842,corner,1,0.9700,-1,0
1020,192001,corner,1,0.9700,-1,0
1021,192153,corner,1,0.9700,-1,0
1022,192296,corner,1,0.9700,-1,0
1023,192452,corner,1,0.9700,-1,0
1024,192777,corner,1,0.9700,-1,0
1025,192927,corner,1,0.9700,-1,0
1026,193080,corner,1,0.9700,-1,0
1027,193219,corner,1,0.9700,-1,0
1028,193353,corner,1,0.9700,-1,0
1029,193511,corner,1,0.9700,-1,0
1030,193641,corner,1,0.9700,-1,0
1031,193818,corner,1,0.9700,-1,0
1032,193959,corner,1,0.9800,-1,0
1033,194099,corner,1,0.9800,-1,0
1034,194254,corner,1,0.9800,-1,0
1035,194434,corner,1,0.9800,-1,0
1036,194612,corner,1,0.9800,-1,0
1037,194791,corner,1,0.9800,-1,0
1038,194948,corner,1,0.9800,-1,0
1039,195138,corner,1,0.9800,-1,0
1040,195292,corner,1,0.9800,-1,0
1041,195442,corner,1,0.9800,-1,0
1042,195590,corner,1,0.9800,-1,0
1043,195763,corner,1,0.9800,-1,0
1044,195910,corner,1,0.9800,-1,0
1045,196046,corner,1,0.9800,-1,0
1046,196192,corner,1,0.9800,-1,0
1047,196341,corner,1,0.9800,-1,0
1048,196486,corner,1,0.9900,-1,0
1049,196663,corner,1,0.9900,-1,0
1050,196820,corner,1,0.9900,-1,0
1051,196987,corner,1,0.9900,-1,0
1052,197172,corner,1,0.9900,-1,0
1053,197322,corner,1,0.9900,-1,0
1054,197474,corner,1,0.9900,-1,0
1055,197848,corner,1,0.9900,-1,0
1056,198032,corner,1,0.9900,-1,0
1057,198181,corner,1,0.9900,-1,0
1058,198327,corner,1,0.9900,-1,0
1059,198470,corner,1,1.0000,-1,0
1060,198629,corner,1,1.0000,-1,0
1061,198811,corner,1,1.0000,-1,0
1062,198962,corner,1,1.0000,-1,0
1063,199112,corner,1,1.0000,-1,0
1064,199267,corner,1,1.0000,-1,0
1065,199419,corner,1,1.0000,-1,0
1066,199620,corner,1,1.0000,-1,0
1067,199802,corner,1,1.0000,-1,0
1068,199946,corner,1,1.0000,-1,0
1069,200111,corner,1,1.0000,-1,0
1070,200419,corner,1,1.0000,-1,0
1071,200587,corner,1,1.0000,-1,0
1072,200738,corner,1,1.0000,-1,0
1073,200887,corner,1,1.0000,-1,0
1074,201041,corner,1,1.0000,-1,0
1075,201230,corner,1,1.0000,-1,0
1076,201365,corner,1,1.0000,-1,0
1077,201508,corner,1,1.0000,-1,0
1078,201668,corner,1,1.0000,-1,0
1079,201811,corner,1,1.0000,-1,0
1080,201994,corner,1,1.0000,-1,0
1081,202150,corner,1,1.0000,-1,0
1082,202248,corner,1,1.0000,-1,0
1083,202398,corner,1,1.0000,-1,0
1084,202570,corner,1,1.0000,-1,0
1085,202680,corner,1,1.0000,-1,0
1086,202828,corner,1,1.0000,-1,0
1087,202974,corner,1,1.0000,-1,0
1088,203076,corner,1,1.0000,-1,0
1089,203241,corner,1,1.0000,-1,0
1090,203386,corner,1,1.0000,-1,0
1091,203520,corner,1,1.0000,-1,0
1092,203674,corner,1,1.0000,-1,0
1093,203815,corner,1,1.0000,-1,0
1094,203948,corner,1,1.0000,-1,0
1095,204093,corner,1,1.0000,-1,0
1096,204289,corner,1,1.0000,-1,0
1097,204437,corner,1,1.0000,-1,0
1098,204681,corner,1,1.0000,-1,0
1099,204833,corner,1,1.0000,-1,0
1100,204969,corner,1,1.0000,-1,0
1101,205175,corner,1,1.0000,-1,0
1102,205399,corner,1,1.0000,-1,0
1103,205548,corner,1,1.0000,-1,0
1104,205691,corner,1,1.0000,-1,0
1105,205845,corner,1,1.0000,-1,0
1106,205999,corner,1,1.0000,-1,0
1107,206150,corner,1,1.0000,-1,0
1108,206250,corner,0,0.9900,-1,0
1109,206421,corner,1,0.9900,-1,0
1110,206587,corner,1,0.9900,-1,0
1111,206721,corner,1,0.9900,-1,0
1112,206861,corner,1,0.9900,-1,0
1113,207010,corner,1,0.9900,-1,0
1114,207122,corner,1,0.9900,-1,0
1115,208474,corner,1,0.9900,-1,0
1116,208642,corner,1,0.9900,-1,0
1117,208809,corner,1,0.9900,-1,0
1118,208962,corner,1,0.9900,-1,0
1119,209122,corner,1,0.9900,-1,0
1120,209304,corner,1,0.9900,-1,0
1121,209503,corner,1,0.9900,-1,0
1122,209650,corner,1,0.9900,-1,0
1123,209802,corner,1,0.9900,-1,0
1124,210116,corner,1,0.9900,-1,0
1125,210221,corner,1,0.9900,-1,0
1126,210377,corner,1,0.9900,-1,0
1127,210533,corner,1,0.9900,-1,0
1128,210683,corner,1,0.9900,-1,0
1129,210861,corner,1,0.9900,-1,0
1130,211006,corner,1,0.9900,-1,0
1131,211138,corner,1,0.9900,-1,0
1132,211333,corner,1,0.9900,-1,0
1133,211488,corner,1,0.9900,-1,0
1134,211700,corner,1,0.9900,-1,0
1135,211848,corner,1,0.9900,-1,0
1136,211986,corner,1,0.9900,-1,0
1137,212134,corner,1,0.9900,-1,0
1138,212299,corner,1,0.9900,-1,0
1139,212453,corner,1,0.9900,-1,0
1140,212657,corner,1,0.9900,-1,0
1141,212796,corner,1,0.9900,-1,0
1142,212942,corner,1,0.9900,-1,0
1143,213090,corner,1,0.9900,-1,0
1144,213250,corner,1,0.9900,-1,0
1145,213408,corner,1,0.9900,-1,0
1146,213551,corner,1,0.9900,-1,0
1147,213750,corner,1,0.9900,-1,0
1148,213900,corner,1,0.9900,-1,0
1149,214043,corner,1,0.9900,-1,0
1150,214190,corner,1,0.9900,-1,0
1151,214326,corner,1,0.9900,-1,0
1152,214465,corner,1,0.9900,-1,0
1153,214662,corner,1,0.9900,-1,0
1154,214890,corner,1,0.9900,-1,0
1155,215046,corner,1,0.9900,-1,0
1156,215201,corner,1,0.9900,-1,0
1157,215352,corner,1,0.9900,-1,0
1158,215454,corner,0,0.9800,-1,0
1159,216806,corner,1,0.9800,-1,0
1160,216957,corner,1,0.9800,-1,0
1161,217106,corner,1,0.9800,-1,0
1162,217250,corner,1,0.9800,-1,0
1163,217393,corner,1,0.9800,-1,0
1164,217538,corner,1,0.9800,-1,0
1165,217681,corner,1,0.9800,-1,0
1166,217843,corner,1,0.9800,-1,0
1167,218024,corner,1,0.9800,-1,0
1168,218172,corner,1,0.9800,-1,0
1169,218324,corner,1,0.9800,-1,0
1170,218471,corner,1,0.9800,-1,0
1171,218613,corner,1,0.9800,-1,0
1172,218767,corner,1,0.9800,-1,0
1173,218913,corner,1,0.9800,-1,0
1174,219081,corner,1,0.9800,-1,0
1175,219397,corner,1,0.9800,-1,0
1176,219565,corner,1,0.9800,-1,0
1177,219727,corner,1,0.9800,-1,0
1178,219873,corner,1,0.9800,-1,0
1179,220021,corner,1,0.9800,-1,0
1180,220183,corner,1,0.9800,-1,0
1181,220300,corner,1,0.9800,-1,0
1182,220442,corner,1,0.9800,-1,0
1183,220593,corner,1,0.9800,-1,0
1184,220743,corner,1,0.9800,-1,0
1185,220883,corner,1,0.9800,-1,0
1186,221056,corner,1,0.9800,-1,0
1187,221198,corner,1,0.9800,-1,0
1188,221355,corner,1,0.9800,-1,0
1189,221540,corner,1,0.9800,-1,0
1190,221691,corner,1,0.9800,-1,0
1191,221804,corner,1,0.9800,-1,0
1192,221949,corner,1,0.9800,-1,0
1193,222258,corner,1,0.9800,-1,0
1194,222423,corner,1,0.9800,-1,0
1195,222572,corner,1,0.9800,-1,0
1196,222712,corner,1,0.9800,-1,0
1197,222868,corner,1,0.9800,-1,0
1198,223014,corner,1,0.9800,-1,0
1199,223108,corner,0,0.9700,-1,0
1200,223269,corner,1,0.9700,-1,0
1201,223438,corner,1,0.9700,-1,0
1202,223574,corner,1,0.9700,-1,0
1203,223764,corner,1,0.9700,-1,0
1204,223906,corner,1,0.9700,-1,0
1205,224087,corner,1,0.9700,-1,0
1206,224229,corner,1,0.9700,-1,0
1207,224368,corner,1,0.9700,-1,0
1208,224533,corner,1,0.9800,-1,0
1209,224678,corner,1,0.9800,-1,0
1210,224828,corner,1,0.9800,-1,0
1211,224967,corner,1,0.9800,-1,0
1212,225169,corner,1,0.9800,-1,0
1213,225315,corner,1,0.9800,-1,0
1214,225451,corner,1,0.9800,-1,0
1215,225608,corner,1,0.9800,-1,0
1216,225761,corner,1,0.9800,-1,0
1217,225934,corner,1,0.9800,-1,0
1218,226088,corner,1,0.9800,-1,0
1219,226189,corner,1,0.9800,-1,0
1220,226361,corner,1,0.9800,-1,0
1221,226545,corner,1,0.9800,-1,0
1222,226692,corner,1,0.9800,-1,0
1223,226843,corner,1,0.9800,-1,0
1224,226992,corner,1,0.9800,-1,0
1225,227132,corner,1,0.9800,-1,0
1226,227253,corner,1,0.9800,-1,0
1227,227391,corner,1,0.9800,-1,0
1228,227553,corner,1,0.9800,-1,0
1229,227703,corner,1,0.9800,-1,0
1230,227851,corner,1,0.9800,-1,0
1231,228019,corner,1,0.9800,-1,0
1232,228161,corner,1,0.9800,-1,0
1233,228316,corner,1,0.9800,-1,0
1234,228470,corner,1,0.9800,-1,0
1235,228611,corner,1,0.9800,-1,0
1236,228762,corner,1,0.9800,-1,0
1237,228902,corner,1,0.9800,-1,0
1238,229047,corner,1,0.9800,-1,0
1239,229210,corner,1,0.9800,-1,0
1240,229389,corner,1,0.9800,-1,0
1241,229544,corner,1,0.9800,-1,0
1242,229685,corner,1,0.9800,-1,0
1243,229791,corner,1,0.9800,-1,0
1244,229931,corner,1,0.9800,-1,0
1245,230074,corner,1,0.9800,-1,0
1246,230244,corner,1,0.9800,-1,0
1247,230382,corner,1,0.9800,-1,0
1248,230621,corner,1,0.9800,-1,0
1249,230772,corner,1,0.9800,-1,0
1250,230967,corner,1,0.9800,-1,0
1251,231124,corner,1,0.9800,-1,0
1252,232476,corner,1,0.9800,-1,0
1253,232618,corner,1,0.9800,-1,0
1254,232793,corner,1,0.9800,-1,0
1255,232948,corner,1,0.9800,-1,0
1256,233085,corner,1,0.9800,-1,0
1257,233240,corner,1,0.9800,-1,0
1258,233391,corner,1,0.9900,-1,0
1259,233558,corner,1,0.9900,-1,0
1260,233719,corner,1,0.9900,-1,0
1261,233869,corner,1,0.9900,-1,0
1262,233989,corner,1,0.9900,-1,0
1263,234139,corner,1,0.9900,-1,0
1264,234316,corner,1,0.9900,-1,0
1265,234452,corner,1,0.9900,-1,0
1266,234597,corner,1,0.9900,-1,0
1267,234760,corner,1,0.9900,-1,0
1268,234910,corner,1,0.9900,-1,0
1269,235068,corner,1,0.9900,-1,0
1270,235216,corner,1,0.9900,-1,0
1271,235361,corner,1,0.9900,-1,0
1272,235506,corner,1,0.9900,-1,0
1273,235654,corner,1,0.9900,-1,0
1274,235793,corner,1,0.9900,-1,0
1275,235910,corner,1,0.9900,-1,0
1276,236073,corner,1,0.9900,-1,0
1277,236225,corner,1,0.9900,-1,0
1278,236390,corner,1,0.9900,-1,0
1279,236508,corner,1,0.9900,-1,0
1280,236652,corner,1,0.9900,-1,0
1281,236797,corner,1,0.9900,-1,0
1282,236954,corner,1,0.9900,-1,0
1283,237094,corner,1,0.9900,-1,0
1284,237243,corner,1,0.9900,-1,0
1285,237389,corner,1,0.9900,-1,0
1286,237537,corner,1,0.9900,-1,0
1287,237689,corner,1,0.9900,-1,0
1288,237804,corner,1,0.9900,-1,0
1289,237973,corner,1,0.9900,-1,0
1290,238124,corner,1,0.9900,-1,0
1291,238263,corner,1,0.9900,-1,0
1292,238417,corner,1,0.9900,-1,0
1293,238527,corner,1,0.9900,-1,0
1294,238676,corner,1,0.9900,-1,0
1295,239630,corner,1,0.9900,-1,0
1296,239779,corner,1,0.9900,-1,0
1297,239917,corner,1,0.9900,-1,0
1298,240091,corner,1,0.9900,-1,0
1299,240234,corner,1,1.0000,-1,0
1300,240375,corner,1,1.0000,-1,0
1301,240527,corner,1,1.0000,-1,0
1302,240682,corner,1,1.0000,-1,0
1303,240836,corner,1,1.0000,-1,0
1304,240982,corner,1,1.0000,-1,0
1305,241131,corner,1,1.0000,-1,0
1306,241284,corner,1,1.0000,-1,0
1307,241422,corner,1,1.0000,-1,0
1308,241528,corner,0,0.9900,-1,0
1309,241679,corner,1,0.9900,-1,0
1310,241821,corner,1,0.9900,-1,0
1311,241967,corner,1,0.9900,-1,0
1312,242112,corner,1,0.9900,-1,0
1313,242261,corner,1,0.9900,-1,0
1314,242440,corner,1,0.9900,-1,0
1315,242588,corner,1,0.9900,-1,0
1316,242729,corner,1,0.9900,-1,0
1317,242864,corner,1,0.9900,-1,0
1318,243008,corner,1,0.9900,-1,0
1319,243156,corner,1,0.9900,-1,0
1320,243313,corner,1,0.9900,-1,0
1321,243461,corner,1,0.9900,-1,0
1322,243614,corner,1,0.9900,-1,0
1323,243806,corner,1,0.9900,-1,0
1324,243947,corner,1,0.9900,-1,0
1325,244089,corner,1,0.9900,-1,0
1326,244242,corner,1,0.9900,-1,0
1327,244388,corner,1,0.9900,-1,0
1328,244543,corner,1,0.9900,-1,0
1329,244711,corner,1,0.9900,-1,0
1330,244851,corner,1,0.9900,-1,0
1331,245003,corner,1,0.9900,-1,0
1332,245146,corner,1,0.9900,-1,0
1333,245296,corner,1,0.9900,-1,0
1334,245446,corner,1,0.9900,-1,0
1335,245580,corner,1,0.9900,-1,0
1336,245753,corner,1,0.9900,-1,0
1337,245922,corner,1,0.9900,-1,0
1338,246078,corner,1,0.9900,-1,0
1339,246186,corner,1,0.9900,-1,0
1340,246302,corner,1,0.9900,-1,0
1341,246441,corner,1,0.9900,-1,0
1342,246600,corner,1,0.9900,-1,0
1343,246746,corner,1,0.9900,-1,0
1344,246864,corner,1,0.9900,-1,0
1345,247024,corner,1,0.9900,-1,0
1346,247170,corner,1,0.9900,-1,0
1347,247307,corner,1,0.9900,-1,0
1348,247467,corner,1,0.9900,-1,0
1349,247688,corner,1,0.9900,-1,0
1350,247837,corner,1,0.9900,-1,0
1351,247977,corner,1,0.9900,-1,0
1352,248112,corner,1,0.9900,-1,0
1353,248226,corner,1,0.9900,-1,0
1354,248381,corner,1,0.9900,-1,0
1355,248537,corner,1,0.9900,-1,0
1356,248696,corner,1,0.9900,-1,0
1357,248833,corner,1,0.9900,-1,0
1358,248997,corner,1,0.9900,-1,0
1359,249102,corner,1,0.9900,-1,0
1360,249249,corner,1,0.9900,-1,0
1361,249389,corner,1,0.9900,-1,0
1362,249594,corner,1,0.9900,-1,0
1363,249763,corner,1,0.9900,-1,0
1364,249912,corner,1,0.9900,-1,0
1365,250102,corner,1,0.9900,-1,0
1366,250250,corner,1,0.9900,-1,0
1367,250395,corner,1,0.9900,-1,0
1368,250511,corner,1,0.9900,-1,0
1369,250667,corner,1,0.9900,-1,0
1370,250834,corner,1,0.9900,-1,0
1371,250972,corner,1,0.9900,-1,0
1372,251113,corner,1,0.9900,-1,0
1373,251269,corner,1,0.9900,-1,0
1374,251475,corner,1,0.9900,-1,0
1375,251613,corner,1,0.9900,-1,0
1376,251770,corner,1,0.9900,-1,0
1377,251938,corner,1,0.9900,-1,0
1378,252083,corner,1,0.9900,-1,0
1379,252248,corner,1,0.9900,-1,0
1380,252435,corner,1,0.9900,-1,0
1381,252601,corner,1,0.9900,-1,0
1382,252746,corner,1,0.9900,-1,0
1383,252920,corner,1,0.9900,-1,0
1384,253063,corner,1,0.9900,-1,0
1385,253218,corner,1,0.9900,-1,0
1386,253361,corner,1,0.9900,-1,0
1387,253513,corner,1,0.9900,-1,0
1388,253659,corner,1,0.9900,-1,0
1389,253815,corner,1,0.9900,-1,0
1390,253926,corner,1,0.9900,-1,0
1391,254102,corner,1,0.9900,-1,0
1392,254295,corner,1,0.9900,-1,0
1393,254479,corner,1,0.9900,-1,0
1394,254632,corner,1,0.9900,-1,0
1395,254791,corner,1,0.9900,-1,0
1396,254933,corner,1,0.9900,-1,0
1397,255108,corner,1,0.9900,-1,0
1398,255252,corner,1,0.9900,-1,0
1399,255415,corner,1,0.9900,-1,0
1400,255565,corner,1,0.9900,-1,0
1401,255682,corner,1,0.9900,-1,0
1402,255823,corner,1,0.9900,-1,0
1403,255956,corner,1,0.9900,-1,0
1404,256126,corner,1,0.9900,-1,0
1405,256282,corner,1,0.9900,-1,0
1406,256469,corner,1,0.9900,-1,0
1407,256611,corner,1,0.9900,-1,0
1408,256765,corner,1,1.0000,-1,0
1409,256922,corner,1,1.0000,-1,0
1410,257071,corner,1,1.0000,-1,0
1411,257232,corner,1,1.0000,-1,0
1412,257384,corner,1,1.0000,-1,0
1413,257537,corner,1,1.0000,-1,0
1414,257676,corner,1,1.0000,-1,0
1415,257829,corner,1,1.0000,-1,0
1416,257978,corner,1,1.0000,-1,0
1417,258114,corner,1,1.0000,-1,0
1418,258274,corner,1,1.0000,-1,0
1419,258436,corner,1,1.0000,-1,0
1420,258591,corner,1,1.0000,-1,0
1421,258734,corner,1,1.0000,-1,0
1422,258898,corner,1,1.0000,-1,0
1423,259072,corner,1,1.0000,-1,0
1424,259208,corner,1,1.0000,-1,0
1425,259354,corner,1,1.0000,-1,0
1426,259500,corner,1,1.0000,-1,0
1427,259684,corner,1,1.0000,-1,0
1428,259855,corner,1,1.0000,-1,0
1429,260009,corner,1,1.0000,-1,0
1430,260171,corner,1,1.0000,-1,0
1431,260306,corner,1,1.0000,-1,0
1432,260447,corner,1,1.0000,-1,0
1433,260595,corner,1,1.0000,-1,0
1434,260703,corner,1,1.0000,-1,0
1435,260852,corner,1,1.0000,-1,0
1436,260989,corner,1,1.0000,-1,0
1437,261146,corner,1,1.0000,-1,0
1438,261291,corner,1,1.0000,-1,0
1439,261459,corner,1,1.0000,-1,0
1440,261567,corner,1,1.0000,-1,0
1441,261710,corner,1,1.0000,-1,0
1442,261934,corner,1,1.0000,-1,0
1443,262139,corner,1,1.0000,-1,0
1444,262286,corner,1,1.0000,-1,0
1445,262434,corner,1,1.0000,-1,0
1446,262562,corner,1,1.0000,-1,0
1447,262710,corner,1,1.0000,-1,0
1448,262865,corner,1,1.0000,-1,0
1449,263028,corner,1,1.0000,-1,0
1450,263197,corner,1,1.0000,-1,0
1451,263351,corner,1,1.0000,-1,0
1452,263527,corner,1,1.0000,-1,0
1453,263681,corner,1,1.0000,-1,0
1454,263831,corner,1,1.0000,-1,0
1455,263988,corner,1,1.0000,-1,0
1456,264099,corner,1,1.0000,-1,0
1457,264276,corner,1,1.0000,-1,0
1458,264643,corner,1,1.0000,-1,0
1459,264787,corner,1,1.0000,-1,0
1460,264947,corner,1,1.0000,-1,0
1461,265112,corner,1,1.0000,-1,0
1462,265219,corner,1,1.0000,-1,0
1463,265393,corner,1,1.0000,-1,0
1464,265548,corner,1,1.0000,-1,0
1465,265703,corner,1,1.0000,-1,0
1466,265844,corner,1,1.0000,-1,0
1467,265986,corner,1,1.0000,-1,0
1468,266133,corner,1,1.0000,-1,0
1469,267485,corner,1,1.0000,-1,0
1470,267633,corner,1,1.0000,-1,0
1471,267746,corner,1,1.0000,-1,0
1472,267900,corner,1,1.0000,-1,0
1473,268012,corner,0,0.9900,-1,0
1474,268166,corner,1,0.9900,-1,0
1475,268309,corner,1,0.9900,-1,0
1476,268508,corner,1,0.9900,-1,0
1477,268660,corner,1,0.9900,-1,0
1478,268800,corner,1,0.9900,-1,0
1479,268959,corner,1,0.9900,-1,0
1480,269109,corner,1,0.9900,-1,0
1481,269271,corner,1,0.9900,-1,0
1482,269442,corner,1,0.9900,-1,0
1483,269596,corner,1,0.9900,-1,0
1484,269707,corner,1,0.9900,-1,0
1485,269843,corner,1,0.9900,-1,0
1486,270007,corner,1,0.9900,-1,0
1487,270155,corner,1,0.9900,-1,0
1488,270328,corner,1,0.9900,-1,0
1489,270486,corner,1,0.9900,-1,0
1490,270686,corner,1,0.9900,-1,0
1491,270844,corner,1,0.9900,-1,0
1492,270987,corner,1,0.9900,-1,0
1493,271197,corner,1,0.9900,-1,0
1494,271307,corner,1,0.9900,-1,0
1495,271448,corner,1,0.9900,-1,0
1496,271606,corner,1,0.9900,-1,0
1497,271747,corner,1,0.9900,-1,0
1498,271887,corner,1,0.9900,-1,0
1499,272038,corner,1,0.9900,-1,0
1500,272335,corner,1,0.9900,-1,0
1501,272474,corner,1,0.9900,-1,0
1502,272622,corner,1,0.9900,-1,0
1503,272780,corner,1,0.9900,-1,0
1504,272888,corner,1,0.9900,-1,0
1505,273136,corner,1,0.9900,-1,0
1506,273283,corner,1,0.9900,-1,0
1507,273447,corner,1,0.9900,-1,0
1508,273606,corner,1,0.9900,-1,0
1509,273753,corner,1,0.9900,-1,0
1510,273892,corner,1,0.9900,-1,0
1511,274038,corner,1,0.9900,-1,0
1512,274183,corner,1,0.9900,-1,0
1513,274324,corner,1,0.9900,-1,0
1514,274444,corner,1,0.9900,-1,0
1515,274594,corner,1,0.9900,-1,0
1516,274794,corner,1,0.9900,-1,0
1517,274951,corner,1,0.9900,-1,0
1518,275109,corner,1,0.9900,-1,0
1519,275256,corner,1,0.9900,-1,0
1520,275376,corner,1,0.9900,-1,0
1521,275524,corner,1,0.9900,-1,0
1522,275673,corner,1,0.9900,-1,0
1523,277025,corner,1,0.9900,-1,0
1524,277182,corner,1,0.9900,-1,0
1525,277339,corner,1,0.9900,-1,0
1526,277486,corner,1,0.9900,-1,0
1527,277617,corner,1,0.9900,-1,0
1528,277769,corner,1,0.9900,-1,0
1529,277914,corner,1,0.9900,-1,0
1530,278026,corner,1,0.9900,-1,0
1531,278175,corner,1,0.9900,-1,0
1532,278353,corner,1,0.9900,-1,0
1533,278515,corner,1,0.9900,-1,0
1534,278677,corner,1,0.9900,-1,0
1535,278827,corner,1,0.9900,-1,0
1536,278975,corner,1,0.9900,-1,0
1537,279170,corner,1,0.9900,-1,0
1538,279311,corner,1,0.9900,-1,0
1539,279420,corner,1,0.9900,-1,0
1540,279582,corner,1,0.9900,-1,0
1541,279699,corner,1,0.9900,-1,0
1542,279851,corner,1,0.9900,-1,0
1543,279962,corner,1,0.9900,-1,0
1544,280082,corner,1,0.9900,-1,0
1545,280235,corner,1,0.9900,-1,0
1546,280390,corner,1,0.9900,-1,0
1547,280509,corner,1,0.9900,-1,0
1548,280707,corner,1,0.9900,-1,0
1549,280877,corner,1,0.9900,-1,0
1550,281031,corner,1,0.9900,-1,0
1551,281221,corner,1,0.9900,-1,0
1552,281371,corner,1,0.9900,-1,0
1553,281533,corner,1,0.9900,-1,0
1554,281709,corner,1,0.9900,-1,0
1555,281864,corner,1,0.9900,-1,0
1556,281986,corner,1,0.9900,-1,0
1557,282134,corner,1,0.9900,-1,0
1558,282244,corner,0,0.9800,-1,0
1559,282370,corner,1,0.9800,-1,0
1560,282522,corner,1,0.9800,-1,0
1561,282673,corner,1,0.9800,-1,0
1562,282823,corner,1,0.9800,-1,0
1563,283150,corner,1,0.9800,-1,0
1564,283292,corner,1,0.9800,-1,0
1565,283463,corner,1,0.9800,-1,0
1566,283610,corner,1,0.9800,-1,0
1567,283769,corner,1,0.9800,-1,0
1568,283944,corner,1,0.9800,-1,0
1569,284120,corner,1,0.9800,-1,0
1570,284262,corner,1,0.9800,-1,0
1571,284409,corner,1,0.9800,-1,0
1572,284571,corner,1,0.9800,-1,0
1573,284741,corner,1,0.9900,-1,0
1574,284892,corner,1,0.9900,-1,0
1575,285029,corner,1,0.9900,-1,0
1576,285212,corner,1,0.9900,-1,0
1577,285367,corner,1,0.9900,-1,0
1578,285501,corner,1,0.9900,-1,0
1579,285653,corner,1,0.9900,-1,0
1580,285792,corner,1,0.9900,-1,0
1581,285928,corner,1,0.9900,-1,0
1582,286049,corner,1,0.9900,-1,0
1583,286194,corner,1,0.9900,-1,0
1584,286352,corner,1,0.9900,-1,0
1585,286521,corner,1,0.9900,-1,0
1586,286664,corner,1,0.9900,-1,0
1587,286810,corner,1,0.9900,-1,0
1588,286974,corner,1,0.9900,-1,0
1589,287139,corner,1,0.9900,-1,0
1590,287286,corner,1,0.9900,-1,0
1591,287661,corner,1,0.9900,-1,0
1592,287854,corner,1,0.9900,-1,0
1593,288014,corner,1,0.9900,-1,0
1594,288163,corner,1,0.9900,-1,0
1595,288319,corner,1,0.9900,-1,0
1596,288474,corner,1,0.9900,-1,0
1597,288635,corner,1,0.9900,-1,0
1598,288768,corner,1,0.9900,-1,0
1599,288955,corner,1,0.9900,-1,0
1600,289103,corner,1,0.9900,-1,0
1601,289255,corner,1,0.9900,-1,0
1602,289416,corner,1,0.9900,-1,0
1603,289572,corner,1,0.9900,-1,0
1604,289714,corner,1,0.9900,-1,0
1605,289854,corner,1,0.9900,-1,0
1606,290012,corner,1,0.9900,-1,0
1607,290121,corner,1,0.9900,-1,0
1608,290277,corner,1,0.9900,-1,0
1609,290432,corner,1,0.9900,-1,0
1610,290592,corner,1,0.9900,-1,0
1611,290767,corner,1,0.9900,-1,0
1612,290929,corner,1,0.9900,-1,0
1613,291071,corner,1,0.9900,-1,0
1614,291212,corner,1,0.9900,-1,0
1615,291359,corner,1,0.9900,-1,0
1616,291536,corner,1,0.9900,-1,0
1617,291696,corner,1,0.9900,-1,0
1618,291850,corner,1,0.9900,-1,0
1619,292005,corner,1,0.9900,-1,0
1620,292149,corner,1,0.9900,-1,0
1621,292296,corner,1,0.9900,-1,0
1622,292437,corner,1,0.9900,-1,0
1623,292561,corner,1,0.9900,-1,0
1624,292680,corner,1,0.9900,-1,0
1625,292794,corner,1,0.9900,-1,0
1626,292929,corner,1,0.9900,-1,0
1627,293110,corner,1,0.9900,-1,0
1628,293224,corner,1,0.9900,-1,0
1629,293383,corner,1,0.9900,-1,0
1630,293525,corner,1,0.9900,-1,0
1631,293679,corner,1,0.9900,-1,0
1632,293799,corner,1,0.9900,-1,0
1633,293947,corner,1,0.9900,-1,0
1634,294129,corner,1,0.9900,-1,0
1635,294249,corner,1,0.9900,-1,0
1636,294410,corner,1,0.9900,-1,0
1637,294567,corner,1,0.9900,-1,0
1638,294727,corner,1,0.9900,-1,0
1639,294885,corner,1,0.9900,-1,0
1640,295025,corner,1,0.9900,-1,0
1641,295195,corner,1,0.9900,-1,0
1642,295312,corner,1,0.9900,-1,0
1643,295458,corner,1,0.9900,-1,0
1644,295599,corner,1,0.9900,-1,0
1645,295708,corner,0,0.9800,-1,0
1646,295869,corner,1,0.9800,-1,0
1647,296052,corner,1,0.9800,-1,0
1648,296437,corner,1,0.9800,-1,0
1649,296588,corner,1,0.9800,-1,0
1650,296731,corner,1,0.9800,-1,0
1651,296885,corner,1,0.9800,-1,0
1652,297028,corner,1,0.9800,-1,0
1653,297182,corner,1,0.9800,-1,0
1654,297340,corner,1,0.9800,-1,0
1655,297507,corner,1,0.9800,-1,0
1656,297651,corner,1,0.9800,-1,0
1657,297807,corner,1,0.9800,-1,0
1658,297925,corner,1,0.9900,-1,0
1659,298099,corner,1,0.9900,-1,0
1660,298234,corner,1,0.9900,-1,0
1661,298391,corner,1,0.9900,-1,0
1662,298528,corner,1,0.9900,-1,0
1663,298734,corner,1,0.9900,-1,0
1664,298886,corner,1,0.9900,-1,0
1665,299006,corner,1,0.9900,-1,0
1666,299156,corner,1,0.9900,-1,0
1667,299296,corner,1,0.9900,-1,0
1668,299415,corner,1,0.9900,-1,0
1669,299549,corner,1,0.9900,-1,0
1670,299663,corner,1,0.9900,-1,0
1671,299833,corner,1,0.9900,-1,0
1672,299944,corner,1,0.9900,-1,0
1673,300091,corner,1,0.9900,-1,0
1674,300248,corner,1,0.9900,-1,0
1675,300356,corner,1,0.9900,-1,0
1676,300504,corner,1,0.9900,-1,0
1677,300630,corner,1,0.9900,-1,0
1678,300779,corner,1,0.9900,-1,0
1679,300935,corner,1,0.9900,-1,0
1680,301092,corner,1,0.9900,-1,0
1681,301287,corner,1,0.9900,-1,0
1682,301431,corner,1,0.9900,-1,0
1683,301565,corner,1,0.9900,-1,0
1684,301726,corner,1,0.9900,-1,0
1685,301882,corner,1,0.9900,-1,0
1686,302027,corner,1,0.9900,-1,0
1687,302185,corner,1,0.9900,-1,0
1688,302360,corner,1,0.9900,-1,0
1689,302502,corner,1,0.9900,-1,0
1690,302643,corner,1,0.9900,-1,0
1691,302756,corner,1,0.9900,-1,0
1692,302908,corner,1,0.9900,-1,0
1693,303084,corner,1,0.9900,-1,0
1694,303227,corner,1,0.9900,-1,0
1695,303365,corner,1,0.9900,-1,0
1696,303529,corner,1,0.9900,-1,0
1697,303682,corner,1,0.9900,-1,0
1698,303837,corner,1,0.9900,-1,0
1699,303970,corner,1,0.9900,-1,0
1700,304112,corner,1,0.9900,-1,0
1701,304273,corner,1,0.9900,-1,0
1702,304435,corner,1,0.9900,-1,0
1703,304579,corner,1,0.9900,-1,0
1704,304718,corner,1,0.9900,-1,0
1705,304871,corner,1,0.9900,-1,0
1706,305009,corner,1,0.9900,-1,0
1707,305154,corner,1,0.9900,-1,0
1708,305290,corner,1,0.9900,-1,0
1709,305414,corner,1,0.9900,-1,0
1710,305568,corner,1,0.9900,-1,0
1711,305690,corner,1,0.9900,-1,0
1712,305800,corner,1,0.9900,-1,0
1713,305911,corner,1,0.9900,-1,0
1714,306082,corner,1,0.9900,-1,0
1715,306242,corner,1,0.9900,-1,0
1716,306360,corner,1,0.9900,-1,0
1717,306509,corner,1,0.9900,-1,0
1718,306647,corner,1,0.9900,-1,0
1719,306769,corner,1,0.9900,-1,0
1720,306900,corner,1,0.9900,-1,0
1721,307086,corner,1,0.9900,-1,0
1722,307225,corner,1,0.9900,-1,0
1723,307339,corner,1,0.9900,-1,0
1724,307522,corner,1,0.9900,-1,0
1725,307679,corner,1,0.9900,-1,0
1726,307831,corner,1,0.9900,-1,0
1727,307976,corner,1,0.9900,-1,0
1728,308087,corner,1,0.9900,-1,0
1729,308231,corner,1,0.9900,-1,0
1730,308370,corner,1,0.9900,-1,0
1731,308513,corner,1,0.9900,-1,0
1732,308678,corner,1,0.9900,-1,0
1733,308857,corner,1,0.9900,-1,0
1734,309003,corner,1,0.9900,-1,0
1735,309144,corner,1,0.9900,-1,0
1736,309300,corner,1,0.9900,-1,0
1737,309405,corner,1,0.9900,-1,0
1738,309555,corner,1,0.9900,-1,0
1739,309698,corner,1,0.9900,-1,0
1740,309843,corner,1,0.9900,-1,0
1741,310009,corner,1,0.9900,-1,0
1742,310157,corner,1,0.9900,-1,0
1743,310317,corner,1,0.9900,-1,0
1744,310428,corner,1,0.9900,-1,0
1745,310559,corner,1,1.0000,-1,0
1746,310701,corner,1,1.0000,-1,0
1747,310820,corner,1,1.0000,-1,0
1748,310921,corner,0,0.9900,-1,0
1749,311050,corner,1,0.9900,-1,0
1750,311198,corner,1,0.9900,-1,0
1751,311361,corner,1,0.9900,-1,0
1752,311510,corner,1,0.9900,-1,0
1753,311684,corner,1,0.9900,-1,0
1754,311910,corner,1,0.9900,-1,0
1755,312058,corner,1,0.9900,-1,0
1756,312198,corner,1,0.9900,-1,0
1757,312312,corner,1,0.9900,-1,0
1758,312461,corner,1,0.9900,-1,0
1759,312601,corner,1,0.9900,-1,0
1760,312766,corner,1,0.9900,-1,0
1761,312867,corner,0,0.9800,-1,0
1762,312987,corner,1,0.9800,-1,0
1763,313164,corner,1,0.9800,-1,0
1764,313322,corner,1,0.9800,-1,0
1765,313438,corner,1,0.9800,-1,0
1766,313598,corner,1,0.9800,-1,0
1767,313806,corner,1,0.9800,-1,0
1768,313914,corner,1,0.9800,-1,0
1769,314049,corner,1,0.9800,-1,0
1770,314212,corner,1,0.9800,-1,0
1771,314368,corner,1,0.9800,-1,0
1772,314531,corner,1,0.9800,-1,0
1773,314682,corner,1,0.9800,-1,0
1774,314816,corner,1,0.9800,-1,0
1775,314959,corner,1,0.9800,-1,0
1776,315112,corner,1,0.9800,-1,0
1777,315234,corner,0,0.9700,-1,0
1778,315376,corner,1,0.9700,-1,0
1779,315544,corner,1,0.9700,-1,0
1780,315663,corner,1,0.9700,-1,0
1781,315822,corner,1,0.9700,-1,0
1782,315957,corner,1,0.9700,-1,0
1783,316096,corner,1,0.9700,-1,0
1784,316244,corner,1,0.9700,-1,0
1785,316379,corner,1,0.9700,-1,0
1786,316486,corner,1,0.9700,-1,0
1787,316592,corner,0,0.9600,-1,0
1788,316710,corner,1,0.9600,-1,0
1789,316894,corner,1,0.9600,-1,0
1790,317075,corner,1,0.9600,-1,0
1791,317214,corner,1,0.9600,-1,0
1792,317367,corner,1,0.9600,-1,0
1793,317632,corner,1,0.9600,-1,0
1794,317799,corner,1,0.9600,-1,0
1795,317953,corner,1,0.9600,-1,0
1796,318116,corner,1,0.9600,-1,0
1797,318285,corner,1,0.9600,-1,0
1798,318427,corner,1,0.9600,-1,0
1799,318585,corner,1,0.9600,-1,0
1800,318731,corner,1,0.9600,-1,0
1801,318874,corner,1,0.9600,-1,0
1802,319027,corner,1,0.9600,-1,0
1803,319240,corner,1,0.9600,-1,0
1804,319389,corner,1,0.9600,-1,0
1805,319552,corner,1,0.9600,-1,0
1806,319706,corner,1,0.9600,-1,0
1807,319884,corner,1,0.9600,-1,0
1808,320024,corner,1,0.9600,-1,0
1809,320136,corner,0,0.9500,-1,0
1810,320287,corner,1,0.9500,-1,0
1811,320426,corner,1,0.9500,-1,0
1812,320620,corner,1,0.9500,-1,0
1813,320826,corner,1,0.9500,-1,0
1814,320960,corner,1,0.9500,-1,0
1815,321157,corner,1,0.9500,-1,0
1816,321309,corner,1,0.9500,-1,0
1817,321447,corner,1,0.9500,-1,0
1818,321595,corner,1,0.9500,-1,0
1819,321725,corner,1,0.9500,-1,0
1820,321866,corner,1,0.9500,-1,0
1821,322076,corner,1,0.9500,-1,0
1822,322230,corner,1,0.9500,-1,0
1823,322377,corner,1,0.9500,-1,0
1824,322563,corner,1,0.9500,-1,0
1825,322715,corner,1,0.9500,-1,0
1826,322856,corner,1,0.9500,-1,0
1827,323018,corner,1,0.9500,-1,0
1828,323163,corner,1,0.9500,-1,0
1829,323308,corner,1,0.9500,-1,0
1830,323431,corner,1,0.9500,-1,0
1831,323575,corner,1,0.9500,-1,0
1832,323714,corner,1,0.9500,-1,0
1833,323851,corner,1,0.9500,-1,0
1834,323993,corner,1,0.9500,-1,0
1835,324113,corner,1,0.9500,-1,0
1836,324228,corner,1,0.9500,-1,0
1837,324377,corner,1,0.9500,-1,0
1838,324518,corner,1,0.9500,-1,0
1839,324663,corner,1,0.9500,-1,0
1840,324774,corner,1,0.9500,-1,0
1841,324957,corner,1,0.9500,-1,0
1842,325065,corner,0,0.9400,-1,0
1843,325214,corner,1,0.9400,-1,0
1844,325365,corner,1,0.9400,-1,0
1845,325517,corner,1,0.9400,-1,0
1846,325634,corner,1,0.9400,-1,0
1847,325786,corner,1,0.9400,-1,0
1848,325941,corner,1,0.9500,-1,0
1849,326055,corner,1,0.9500,-1,0
1850,326216,corner,1,0.9500,-1,0
1851,326377,corner,1,0.9500,-1,0
1852,326513,corner,1,0.9500,-1,0
1853,326665,corner,1,0.9500,-1,0
1854,326778,corner,1,0.9500,-1,0
1855,326890,corner,1,0.9500,-1,0
1856,326991,corner,1,0.9500,-1,0
1857,327109,corner,1,0.9500,-1,0
1858,327222,corner,1,0.9500,-1,0
1859,327333,corner,1,0.9500,-1,0
1860,327456,corner,1,0.9500,-1,0
1861,327571,corner,1,0.9600,-1,0
1862,327706,corner,1,0.9600,-1,0
1863,327811,corner,1,0.9600,-1,0
1864,327963,corner,1,0.9600,-1,0
1865,328311,corner,1,0.9600,-1,0
1866,328453,corner,1,0.9600,-1,0
1867,328593,corner,1,0.9600,-1,0
1868,328749,corner,1,0.9600,-1,0
1869,328886,corner,1,0.9600,-1,0
1870,329050,corner,1,0.9600,-1,0
1871,329188,corner,1,0.9600,-1,0
1872,329342,corner,1,0.9600,-1,0
1873,329499,corner,1,0.9600,-1,0
1874,329646,corner,1,0.9600,-1,0
1875,329788,corner,1,0.9600,-1,0
1876,329941,corner,1,0.9600,-1,0
1877,330106,corner,1,0.9700,-1,0
1878,330246,corner,1,0.9700,-1,0
1879,330360,corner,1,0.9700,-1,0
1880,330506,corner,1,0.9700,-1,0
1881,330661,corner,1,0.9700,-1,0
1882,330818,corner,1,0.9700,-1,0
1883,331034,corner,1,0.9700,-1,0
1884,331194,corner,1,0.9700,-1,0
1885,331346,corner,1,0.9700,-1,0
1886,331459,corner,1,0.9700,-1,0
1887,331594,corner,1,0.9800,-1,0
1888,331759,corner,1,0.9800,-1,0
1889,331877,corner,1,0.9800,-1,0
1890,331996,corner,1,0.9800,-1,0
1891,332150,corner,1,0.9800,-1,0
1892,332318,corner,1,0.9800,-1,0
1893,332469,corner,1,0.9800,-1,0
1894,332619,corner,1,0.9800,-1,0
1895,332754,corner,1,0.9800,-1,0
1896,332904,corner,1,0.9800,-1,0
1897,333006,corner,0,0.9700,-1,0
1898,333188,corner,1,0.9700,-1,0
1899,333372,corner,1,0.9700,-1,0
1900,333486,corner,1,0.9700,-1,0
1901,333623,corner,1,0.9700,-1,0
1902,333794,corner,1,0.9700,-1,0
1903,333951,corner,1,0.9700,-1,0
1904,334102,corner,1,0.9700,-1,0
1905,334214,corner,1,0.9700,-1,0
1906,334353,corner,1,0.9700,-1,0
1907,334554,corner,1,0.9700,-1,0
1908,334694,corner,1,0.9700,-1,0
1909,334810,corner,1,0.9800,-1,0
1910,334959,corner,1,0.9800,-1,0
1911,335127,corner,1,0.9800,-1,0
1912,335290,corner,1,0.9800,-1,0
1913,335466,corner,1,0.9800,-1,0
1914,335625,corner,1,0.9800,-1,0
1915,335785,corner,1,0.9800,-1,0
1916,335937,corner,1,0.9800,-1,0
1917,336143,corner,1,0.9800,-1,0
1918,336301,corner,1,0.9800,-1,0
1919,336405,corner,1,0.9800,-1,0
1920,336542,corner,1,0.9800,-1,0
1921,336694,corner,1,0.9800,-1,0
1922,336851,corner,1,0.9800,-1,0
1923,336991,corner,1,0.9800,-1,0
1924,338343,corner,1,0.9800,-1,0
1925,338456,corner,1,0.9800,-1,0
1926,338608,corner,1,0.9800,-1,0
1927,338775,corner,1,0.9800,-1,0
1928,338935,corner,1,0.9800,-1,0
1929,339083,corner,1,0.9800,-1,0
1930,339227,corner,1,0.9800,-1,0
1931,339348,corner,1,0.9800,-1,0
1932,339494,corner,1,0.9800,-1,0
1933,339609,corner,1,0.9800,-1,0
1934,339763,corner,1,0.9800,-1,0
1935,339922,corner,1,0.9800,-1,0
1936,340083,corner,1,0.9800,-1,0
1937,340225,corner,1,0.9800,-1,0
1938,340379,corner,1,0.9800,-1,0
1939,340528,corner,1,0.9800,-1,0
1940,340666,corner,1,0.9800,-1,0
1941,340809,corner,1,0.9800,-1,0
1942,340995,corner,1,0.9900,-1,0
1943,341143,corner,1,0.9900,-1,0
1944,341283,corner,1,0.9900,-1,0
1945,341426,corner,1,0.9900,-1,0
1946,341574,corner,1,0.9900,-1,0
1947,341746,corner,1,0.9900,-1,0
1948,341898,corner,1,0.9900,-1,0
1949,342047,corner,1,0.9900,-1,0
1950,342202,corner,1,0.9900,-1,0
1951,342348,corner,1,0.9900,-1,0
1952,342481,corner,1,0.9900,-1,0
1953,342624,corner,1,0.9900,-1,0
1954,342804,corner,1,0.9900,-1,0
1955,342945,corner,1,0.9900,-1,0
1956,343083,corner,1,0.9900,-1,0
1957,343225,corner,1,0.9900,-1,0
1958,344071,corner,1,0.9900,-1,0
1959,344226,corner,1,0.9900,-1,0
1960,344382,corner,1,0.9900,-1,0
1961,344523,corner,1,0.9900,-1,0
1962,344710,corner,1,0.9900,-1,0
1963,344866,corner,1,0.9900,-1,0
1964,345009,corner,1,0.9900,-1,0
1965,345121,corner,1,0.9900,-1,0
1966,345293,corner,1,0.9900,-1,0
1967,345414,corner,1,0.9900,-1,0
1968,345554,corner,1,0.9900,-1,0
1969,345717,corner,1,0.9900,-1,0
1970,345857,corner,1,0.9900,-1,0
1971,345992,corner,1,0.9900,-1,0
1972,346143,corner,1,0.9900,-1,0
1973,346308,corner,1,0.9900,-1,0
1974,346462,corner,1,0.9900,-1,0
1975,346603,corner,1,0.9900,-1,0
1976,346734,corner,1,0.9900,-1,0
1977,346873,corner,1,0.9900,-1,0
1978,346978,corner,1,0.9900,-1,0
1979,347134,corner,1,0.9900,-1,0
1980,347267,corner,1,0.9900,-1,0
1981,347419,corner,1,0.9900,-1,0
1982,347524,corner,1,0.9900,-1,0
1983,347703,corner,1,0.9900,-1,0
1984,347836,corner,1,0.9900,-1,0
1985,347947,corner,1,0.9900,-1,0
1986,348100,corner,1,0.9900,-1,0
1987,348237,corner,1,0.9900,-1,0
1988,348391,corner,1,0.9900,-1,0
1989,348537,corner,1,0.9900,-1,0
1990,348690,corner,1,0.9900,-1,0
1991,348827,corner,1,0.9900,-1,0
1992,348972,corner,1,0.9900,-1,0
1993,349126,corner,1,0.9900,-1,0
1994,349239,corner,1,0.9900,-1,0
1995,349443,corner,1,0.9900,-1,0
1996,349591,corner,1,0.9900,-1,0
1997,349745,corner,1,1.0000,-1,0
1998,349884,corner,1,1.0000,-1,0
1999,350036,corner,1,1.0000,-1,0
2000,350187,corner,1,1.0000,-1,0
2001,350331,corner,1,1.0000,-1,0
2002,350474,corner,1,1.0000,-1,0
2003,350622,corner,1,1.0000,-1,0
2004,350743,corner,1,1.0000,-1,0
2005,350897,corner,1,1.0000,-1,0
2006,351054,corner,1,1.0000,-1,0
2007,351175,corner,1,1.0000,-1,0
2008,351320,corner,1,1.0000,-1,0
2009,351459,corner,1,1.0000,-1,0
2010,351579,corner,1,1.0000,-1,0
2011,351683,corner,1,1.0000,-1,0
2012,351828,corner,1,1.0000,-1,0
2013,351969,corner,1,1.0000,-1,0
2014,352087,corner,1,1.0000,-1,0
2015,352241,corner,1,1.0000,-1,0
2016,352383,corner,1,1.0000,-1,0
2017,352524,corner,1,1.0000,-1,0
2018,352638,corner,1,1.0000,-1,0
2019,352796,corner,1,1.0000,-1,0
2020,352965,corner,1,1.0000,-1,0
2021,353109,corner,1,1.0000,-1,0
2022,353268,corner,1,1.0000,-1,0
2023,353394,corner,1,1.0000,-1,0
2024,353540,corner,1,1.0000,-1,0
2025,353651,corner,1,1.0000,-1,0
2026,353952,corner,1,1.0000,-1,0
2027,354100,corner,1,1.0000,-1,0
2028,354262,corner,1,1.0000,-1,0
2029,354439,corner,1,1.0000,-1,0
2030,354612,corner,1,1.0000,-1,0
2031,354757,corner,1,1.0000,-1,0
2032,354900,corner,1,1.0000,-1,0
2033,355052,corner,1,1.0000,-1,0
2034,355194,corner,1,1.0000,-1,0
2035,355329,corner,1,1.0000,-1,0
2036,355484,corner,1,1.0000,-1,0
2037,355630,corner,1,1.0000,-1,0
2038,355773,corner,1,1.0000,-1,0
2039,355929,corner,1,1.0000,-1,0
2040,356068,corner,1,1.0000,-1,0
2041,356208,corner,1,1.0000,-1,0
2042,356356,corner,1,1.0000,-1,0
2043,356503,corner,1,1.0000,-1,0
2044,356645,corner,1,1.0000,-1,0
2045,356799,corner,1,1.0000,-1,0
2046,356916,corner,1,1.0000,-1,0
2047,357066,corner,1,1.0000,-1,0
2048,357228,corner,1,1.0000,-1,0
2049,357371,corner,1,1.0000,-1,0
2050,357504,corner,1,1.0000,-1,0
2051,357705,corner,1,1.0000,-1,0
2052,357883,corner,1,1.0000,-1,0
2053,358031,corner,1,1.0000,-1,0
2054,358179,corner,1,1.0000,-1,0
2055,358346,corner,1,1.0000,-1,0
2056,358506,corner,1,1.0000,-1,0
2057,358638,corner,1,1.0000,-1,0
2058,358796,corner,1,1.0000,-1,0
2059,358949,corner,1,1.0000,-1,0
2060,359122,corner,1,1.0000,-1,0
2061,359289,corner,1,1.0000,-1,0
2062,359433,corner,1,1.0000,-1,0
2063,359575,corner,1,1.0000,-1,0
2064,359717,corner,1,1.0000,-1,0
2065,359865,corner,1,1.0000,-1,0
2066,359957,corner,0,0.9900,-1,0
2067,360063,corner,1,0.9900,-1,0
2068,360172,corner,1,0.9900,-1,0
2069,360319,corner,1,0.9900,-1,0
2070,360424,corner,0,0.9800,-1,0
2071,360565,corner,1,0.9800,-1,0
2072,360672,corner,1,0.9800,-1,0
2073,360811,corner,1,0.9800,-1,0
2074,360949,corner,1,0.9800,-1,0
2075,361098,corner,1,0.9800,-1,0
2076,361247,corner,1,0.9800,-1,0
2077,361399,corner,1,0.9800,-1,0
2078,361549,corner,1,0.9800,-1,0
2079,361700,corner,1,0.9800,-1,0
2080,361851,corner,1,0.9800,-1,0
2081,362190,corner,1,0.9800,-1,0
2082,362312,corner,1,0.9800,-1,0
2083,362418,corner,0,0.9700,-1,0
2084,362570,corner,1,0.9700,-1,0
2085,362705,corner,1,0.9700,-1,0
2086,362849,corner,1,0.9700,-1,0
2087,362969,corner,1,0.9700,-1,0
2088,363115,corner,1,0.9700,-1,0
2089,363254,corner,1,0.9700,-1,0
2090,363443,corner,1,0.9700,-1,0
2091,363600,corner,1,0.9700,-1,0
2092,363735,corner,1,0.9700,-1,0
2093,363887,corner,1,0.9700,-1,0
2094,364040,corner,1,0.9700,-1,0
2095,364186,corner,1,0.9700,-1,0
2096,364329,corner,1,0.9700,-1,0
2097,364484,corner,1,0.9700,-1,0
2098,364634,corner,1,0.9700,-1,0
2099,364786,corner,1,0.9700,-1,0
2100,364937,corner,1,0.9700,-1,0
2101,365085,corner,1,0.9700,-1,0
2102,365214,corner,1,0.9700,-1,0
2103,365343,corner,1,0.9700,-1,0
2104,365456,corner,1,0.9700,-1,0
2105,365613,corner,1,0.9700,-1,0
2106,365752,corner,1,0.9700,-1,0
2107,365897,corner,1,0.9700,-1,0
2108,366037,corner,1,0.9700,-1,0
2109,366208,corner,1,0.9700,-1,0
2110,366359,corner,1,0.9700,-1,0
2111,366507,corner,1,0.9700,-1,0
2112,366621,corner,1,0.9700,-1,0
2113,366768,corner,1,0.9700,-1,0
2114,366898,corner,1,0.9700,-1,0
2115,367064,corner,1,0.9700,-1,0
2116,367206,corner,1,0.9700,-1,0
2117,367384,corner,1,0.9700,-1,0
2118,367536,corner,1,0.9700,-1,0
2119,367700,corner,1,0.9700,-1,0
2120,367832,corner,1,0.9700,-1,0
2121,367962,corner,1,0.9700,-1,0
2122,368106,corner,1,0.9700,-1,0
2123,368219,corner,1,0.9700,-1,0
2124,368359,corner,1,0.9700,-1,0
2125,368527,corner,1,0.9700,-1,0
2126,368720,corner,1,0.9700,-1,0
2127,368831,corner,1,0.9700,-1,0
2128,369003,corner,1,0.9700,-1,0
2129,369154,corner,1,0.9700,-1,0
2130,369314,corner,1,0.9700,-1,0
2131,369477,corner,1,0.9700,-1,0
2132,369593,corner,1,0.9700,-1,0
2133,369737,corner,1,0.9700,-1,0
2134,369870,corner,1,0.9700,-1,0
2135,370045,corner,1,0.9700,-1,0
2136,370189,corner,1,0.9700,-1,0
2137,370326,corner,1,0.9700,-1,0
2138,370494,corner,1,0.9700,-1,0
2139,370647,corner,1,0.9700,-1,0
2140,370828,corner,1,0.9700,-1,0
2141,370972,corner,1,0.9700,-1,0
2142,371093,corner,1,0.9700,-1,0
2143,371252,corner,1,0.9700,-1,0
2144,371394,corner,1,0.9700,-1,0
2145,371534,corner,1,0.9700,-1,0
2146,371699,corner,1,0.9700,-1,0
2147,371851,corner,1,0.9700,-1,0
2148,371994,corner,1,0.9700,-1,0
2149,372135,corner,1,0.9700,-1,0
2150,372278,corner,1,0.9700,-1,0
2151,372444,corner,1,0.9700,-1,0
2152,372588,corner,1,0.9700,-1,0
2153,372744,corner,1,0.9700,-1,0
2154,372863,corner,1,0.9700,-1,0
2155,373016,corner,1,0.9700,-1,0
2156,373172,corner,1,0.9700,-1,0
2157,373334,corner,1,0.9700,-1,0
2158,373478,corner,1,0.9700,-1,0
2159,373620,corner,1,0.9700,-1,0
2160,373807,corner,1,0.9700,-1,0
2161,373964,corner,1,0.9700,-1,0
2162,374102,corner,1,0.9700,-1,0
2163,374248,corner,1,0.9700,-1,0
2164,374393,corner,1,0.9700,-1,0
2165,374543,corner,1,0.9700,-1,0
2166,374693,corner,1,0.9800,-1,0
2167,374834,corner,1,0.9800,-1,0
2168,374980,corner,1,0.9800,-1,0
2169,375150,corner,1,0.9800,-1,0
2170,375304,corner,1,0.9900,-1,0
2171,375448,corner,1,0.9900,-1,0
2172,375592,corner,1,0.9900,-1,0
2173,375735,corner,1,0.9900,-1,0
2174,375866,corner,1,0.9900,-1,0
2175,376030,corner,1,0.9900,-1,0
2176,376170,corner,1,0.9900,-1,0
2177,376352,corner,1,0.9900,-1,0
2178,376493,corner,1,0.9900,-1,0
2179,376625,corner,1,0.9900,-1,0
2180,376736,corner,1,0.9900,-1,0
2181,376917,corner,1,0.9900,-1,0
2182,377072,corner,1,0.9900,-1,0
2183,377210,corner,1,1.0000,-1,0
2184,377355,corner,1,1.0000,-1,0
2185,377529,corner,1,1.0000,-1,0
2186,377664,corner,1,1.0000,-1,0
2187,377797,corner,1,1.0000,-1,0
2188,377908,corner,1,1.0000,-1,0
2189,378045,corner,1,1.0000,-1,0
2190,378197,corner,1,1.0000,-1,0
2191,378394,corner,1,1.0000,-1,0
2192,378503,corner,1,1.0000,-1,0
2193,378676,corner,1,1.0000,-1,0
2194,378813,corner,1,1.0000,-1,0
2195,378929,corner,1,1.0000,-1,0
2196,379077,corner,1,1.0000,-1,0
2197,379229,corner,1,1.0000,-1,0
2198,379388,corner,1,1.0000,-1,0
2199,379505,corner,1,1.0000,-1,0
2200,379665,corner,1,1.0000,-1,0
2201,379775,corner,1,1.0000,-1,0
2202,379940,corner,1,1.0000,-1,0
2203,380051,corner,1,1.0000,-1,0
2204,380210,corner,1,1.0000,-1,0
2205,380352,corner,1,1.0000,-1,0
2206,380456,corner,1,1.0000,-1,0
2207,380551,corner,0,0.9900,-1,0
2208,380720,corner,1,0.9900,-1,0
2209,380930,corner,1,0.9900,-1,0
2210,381084,corner,1,0.9900,-1,0
2211,381244,corner,1,0.9900,-1,0
2212,381372,corner,1,0.9900,-1,0
2213,381514,corner,1,0.9900,-1,0
2214,381676,corner,1,0.9900,-1,0
2215,381832,corner,1,0.9900,-1,0
2216,381971,corner,1,0.9900,-1,0
2217,382122,corner,1,0.9900,-1,0
2218,382236,corner,1,0.9900,-1,0
2219,382393,corner,1,0.9900,-1,0
2220,382531,corner,1,0.9900,-1,0
2221,382669,corner,1,0.9900,-1,0
2222,382810,corner,1,0.9900,-1,0
2223,382962,corner,1,0.9900,-1,0
2224,383105,corner,1,0.9900,-1,0
2225,383251,corner,1,0.9900,-1,0
2226,383383,corner,1,0.9900,-1,0
2227,383491,corner,1,0.9900,-1,0
2228,383629,corner,1,0.9900,-1,0
2229,383864,corner,1,0.9900,-1,0
2230,383999,corner,1,0.9900,-1,0
2231,384132,corner,1,0.9900,-1,0
2232,384265,corner,1,0.9900,-1,0
2233,384560,corner,1,0.9900,-1,0
2234,384725,corner,1,0.9900,-1,0
2235,384892,corner,1,0.9900,-1,0
2236,385043,corner,1,0.9900,-1,0
2237,385212,corner,1,0.9900,-1,0
2238,385353,corner,1,0.9900,-1,0
2239,385464,corner,1,0.9900,-1,0
2240,385603,corner,1,0.9900,-1,0
2241,385782,corner,1,0.9900,-1,0
2242,385888,corner,1,0.9900,-1,0
2243,386031,corner,1,0.9900,-1,0
2244,386176,corner,1,0.9900,-1,0
2245,386321,corner,1,0.9900,-1,0
2246,386459,corner,1,0.9900,-1,0
2247,386570,corner,0,0.9800,-1,0
2248,386728,corner,1,0.9800,-1,0
2249,386874,corner,1,0.9800,-1,0
2250,387037,corner,1,0.9800,-1,0
2251,387194,corner,1,0.9800,-1,0
2252,387340,corner,1,0.9800,-1,0
2253,387453,corner,1,0.9800,-1,0
2254,387609,corner,1,0.9800,-1,0
2255,387727,corner,1,0.9800,-1,0
2256,387899,corner,1,0.9800,-1,0
2257,388065,corner,1,0.9800,-1,0
2258,388217,corner,1,0.9800,-1,0
2259,388483,corner,1,0.9800,-1,0
2260,388629,corner,1,0.9800,-1,0
2261,388815,corner,1,0.9800,-1,0
2262,388958,corner,1,0.9800,-1,0
2263,389077,corner,1,0.9800,-1,0
2264,389251,corner,1,0.9800,-1,0
2265,389393,corner,1,0.9800,-1,0
2266,389543,corner,1,0.9800,-1,0
2267,389656,corner,1,0.9800,-1,0
2268,389808,corner,1,0.9800,-1,0
2269,389949,corner,1,0.9800,-1,0
2270,390097,corner,1,0.9800,-1,0
2271,390254,corner,1,0.9800,-1,0
2272,390409,corner,1,0.9800,-1,0
2273,390550,corner,1,0.9800,-1,0
2274,390701,corner,1,0.9800,-1,0
2275,390837,corner,1,0.9800,-1,0
2276,390983,corner,1,0.9800,-1,0
2277,391133,corner,1,0.9800,-1,0
2278,391273,corner,1,0.9800,-1,0
2279,391409,corner,1,0.9800,-1,0
2280,391560,corner,1,0.9800,-1,0
2281,391708,corner,1,0.9800,-1,0
2282,391865,corner,1,0.9800,-1,0
2283,391984,corner,1,0.9800,-1,0
2284,392130,corner,1,0.9800,-1,0
2285,392279,corner,1,0.9800,-1,0
2286,392441,corner,1,0.9800,-1,0
2287,392577,corner,1,0.9800,-1,0
2288,392750,corner,1,0.9800,-1,0
2289,392889,corner,1,0.9800,-1,0
2290,393046,corner,1,0.9800,-1,0
2291,393225,corner,1,0.9800,-1,0
2292,393380,corner,1,0.9800,-1,0
2293,393519,corner,1,0.9800,-1,0
2294,393671,corner,1,0.9800,-1,0
2295,393819,corner,1,0.9800,-1,0
2296,393957,corner,1,0.9800,-1,0
2297,394111,corner,1,0.9800,-1,0
2298,394259,corner,1,0.9800,-1,0
2299,394414,corner,1,0.9800,-1,0
2300,394521,corner,1,0.9800,-1,0
2301,394666,corner,1,0.9800,-1,0
2302,394826,corner,1,0.9800,-1,0
2303,394942,corner,1,0.9800,-1,0
2304,395053,corner,1,0.9800,-1,0
2305,395204,corner,1,0.9800,-1,0
2306,395355,corner,1,0.9800,-1,0
2307,395538,corner,1,0.9900,-1,0
2308,395693,corner,1,0.9900,-1,0
2309,395833,corner,1,0.9900,-1,0
2310,396038,corner,1,0.9900,-1,0
2311,396183,corner,1,0.9900,-1,0
2312,396292,corner,1,0.9900,-1,0
2313,396472,corner,1,0.9900,-1,0
2314,396617,corner,1,0.9900,-1,0
2315,396772,corner,1,0.9900,-1,0
2316,396890,corner,1,0.9900,-1,0
2317,397046,corner,1,0.9900,-1,0
2318,397233,corner,1,0.9900,-1,0
2319,397343,corner,0,0.9800,-1,0
2320,397487,corner,1,0.9800,-1,0
2321,397638,corner,1,0.9800,-1,0
2322,397777,corner,1,0.9800,-1,0
2323,397918,corner,1,0.9800,-1,0
2324,398061,corner,1,0.9800,-1,0
2325,398205,corner,1,0.9800,-1,0
2326,398377,corner,1,0.9800,-1,0
2327,398539,corner,1,0.9800,-1,0
2328,398720,corner,1,0.9800,-1,0
2329,398865,corner,1,0.9800,-1,0
2330,398976,corner,1,0.9800,-1,0
2331,399136,corner,1,0.9800,-1,0
2332,399286,corner,1,0.9800,-1,0
2333,399466,corner,1,0.9800,-1,0
2334,399636,corner,1,0.9800,-1,0
2335,399859,corner,1,0.9800,-1,0
2336,400017,corner,1,0.9800,-1,0
2337,400195,corner,1,0.9800,-1,0
2338,400343,corner,1,0.9800,-1,0
2339,400453,corner,1,0.9800,-1,0
2340,400565,corner,1,0.9800,-1,0
2341,400708,corner,1,0.9800,-1,0
2342,400878,corner,1,0.9800,-1,0
2343,401036,corner,1,0.9800,-1,0
2344,401186,corner,1,0.9800,-1,0
2345,401325,corner,1,0.9800,-1,0
2346,401499,corner,1,0.9800,-1,0
2347,401644,corner,1,0.9900,-1,0
2348,401812,corner,1,0.9900,-1,0
2349,402032,corner,1,0.9900,-1,0
2350,402179,corner,1,0.9900,-1,0
2351,402532,corner,1,0.9900,-1,0
2352,402671,corner,1,0.9900,-1,0
2353,402792,corner,1,0.9900,-1,0
2354,402940,corner,1,0.9900,-1,0
2355,403094,corner,1,0.9900,-1,0
2356,403206,corner,1,0.9900,-1,0
2357,403321,corner,1,0.9900,-1,0
2358,403466,corner,1,0.9900,-1,0
2359,403644,corner,1,0.9900,-1,0
2360,403750,corner,1,0.9900,-1,0
2361,403896,corner,1,0.9900,-1,0
2362,404046,corner,1,0.9900,-1,0
2363,404188,corner,1,0.9900,-1,0
2364,404345,corner,1,0.9900,-1,0
2365,404530,corner,1,0.9900,-1,0
2366,404667,corner,1,0.9900,-1,0
2367,404815,corner,1,0.9900,-1,0
2368,404954,corner,1,0.9900,-1,0
2369,405093,corner,1,0.9900,-1,0
2370,405243,corner,1,0.9900,-1,0
2371,405357,corner,1,0.9900,-1,0
2372,405491,corner,1,0.9900,-1,0
2373,405667,corner,1,0.9900,-1,0
2374,405775,corner,1,0.9900,-1,0
2375,405916,corner,1,0.9900,-1,0
2376,406065,corner,1,0.9900,-1,0
2377,406209,corner,1,0.9900,-1,0
2378,406349,corner,1,0.9900,-1,0
2379,406485,corner,1,0.9900,-1,0
2380,406658,corner,1,0.9900,-1,0
2381,406765,corner,1,0.9900,-1,0
2382,406909,corner,1,0.9900,-1,0
2383,407034,corner,1,0.9900,-1,0
2384,407237,corner,1,0.9900,-1,0
2385,407388,corner,1,0.9900,-1,0
2386,407525,corner,1,0.9900,-1,0
2387,407677,corner,1,0.9900,-1,0
2388,407862,corner,1,0.9900,-1,0
2389,408010,corner,1,0.9900,-1,0
2390,408192,corner,1,0.9900,-1,0
2391,408341,corner,1,0.9900,-1,0
2392,408477,corner,1,0.9900,-1,0
2393,408627,corner,1,0.9900,-1,0
2394,408781,corner,1,0.9900,-1,0
2395,408930,corner,1,0.9900,-1,0
2396,409027,corner,0,0.9800,-1,0
2397,409215,corner,1,0.9800,-1,0
2398,409415,corner,1,0.9800,-1,0
2399,409529,corner,1,0.9800,-1,0
2400,409679,corner,1,0.9800,-1,0
2401,409858,corner,1,0.9800,-1,0
2402,410035,corner,1,0.9800,-1,0
2403,410182,corner,1,0.9800,-1,0
2404,410329,corner,1,0.9800,-1,0
2405,410434,corner,1,0.9800,-1,0
2406,410583,corner,1,0.9800,-1,0
2407,410721,corner,1,0.9800,-1,0
2408,410833,corner,1,0.9800,-1,0
2409,410966,corner,1,0.9800,-1,0
2410,411115,corner,1,0.9800,-1,0
2411,411223,corner,1,0.9800,-1,0
2412,411382,corner,1,0.9800,-1,0
2413,411515,corner,1,0.9800,-1,0
2414,411651,corner,1,0.9800,-1,0
2415,411775,corner,1,0.9800,-1,0
2416,411947,corner,1,0.9800,-1,0
2417,412124,corner,1,0.9800,-1,0
2418,412270,corner,1,0.9800,-1,0
2419,412388,corner,1,0.9900,-1,0
2420,412500,corner,0,0.9800,-1,0
2421,412639,corner,1,0.9800,-1,0
2422,412790,corner,1,0.9800,-1,0
2423,412896,corner,1,0.9800,-1,0
2424,413044,corner,1,0.9800,-1,0
2425,413198,corner,1,0.9800,-1,0
2426,413359,corner,1,0.9800,-1,0
2427,413455,corner,0,0.9700,-1,0
2428,413648,corner,1,0.9700,-1,0
2429,413762,corner,1,0.9700,-1,0
2430,413948,corner,1,0.9700,-1,0
2431,414099,corner,1,0.9700,-1,0
2432,414245,corner,1,0.9700,-1,0
2433,414366,corner,1,0.9700,-1,0
2434,414484,corner,1,0.9700,-1,0
2435,414636,corner,1,0.9700,-1,0
2436,414795,corner,1,0.9700,-1,0
2437,414934,corner,1,0.9700,-1,0
2438,415064,corner,1,0.9700,-1,0
2439,415168,corner,1,0.9700,-1,0
2440,415325,corner,1,0.9700,-1,0
2441,415483,corner,1,0.9700,-1,0
2442,415632,corner,1,0.9700,-1,0
2443,415790,corner,1,0.9700,-1,0
2444,415928,corner,1,0.9700,-1,0
2445,416088,corner,1,0.9700,-1,0
2446,416225,corner,1,0.9700,-1,0
2447,416375,corner,1,0.9700,-1,0
2448,416533,corner,1,0.9700,-1,0
2449,416687,corner,1,0.9700,-1,0
2450,416822,corner,1,0.9700,-1,0
2451,416999,corner,1,0.9700,-1,0
2452,417153,corner,1,0.9700,-1,0
2453,417336,corner,1,0.9700,-1,0
2454,417520,corner,1,0.9700,-1,0
2455,417667,corner,1,0.9700,-1,0
2456,417815,corner,1,0.9700,-1,0
2457,417985,corner,1,0.9700,-1,0
2458,418164,corner,1,0.9700,-1,0
2459,418389,corner,1,0.9700,-1,0
2460,418545,corner,1,0.9700,-1,0
2461,418685,corner,1,0.9700,-1,0
2462,418828,corner,1,0.9700,-1,0
2463,418982,corner,1,0.9700,-1,0
2464,419145,corner,1,0.9700,-1,0
2465,419281,corner,1,0.9700,-1,0
2466,419426,corner,1,0.9700,-1,0
2467,419533,corner,1,0.9700,-1,0
2468,419668,corner,1,0.9700,-1,0
2469,419768,corner,1,0.9700,-1,0
2470,419919,corner,1,0.9700,-1,0
2471,420067,corner,1,0.9700,-1,0
2472,420172,corner,1,0.9700,-1,0
2473,420277,corner,0,0.9600,-1,0
2474,420452,corner,1,0.9600,-1,0
2475,420602,corner,1,0.9600,-1,0
2476,420784,corner,1,0.9600,-1,0
2477,420921,corner,1,0.9600,-1,0
2478,421099,corner,1,0.9600,-1,0
2479,421238,corner,1,0.9600,-1,0
2480,421394,corner,1,0.9600,-1,0
2481,421540,corner,1,0.9600,-1,0
2482,421684,corner,1,0.9600,-1,0
2483,421839,corner,1,0.9600,-1,0
2484,421949,corner,1,0.9600,-1,0
2485,422109,corner,1,0.9600,-1,0
2486,422309,corner,1,0.9600,-1,0
2487,422480,corner,1,0.9600,-1,0
2488,422656,corner,1,0.9600,-1,0
2489,422796,corner,1,0.9600,-1,0
2490,422945,corner,1,0.9600,-1,0
2491,423098,corner,1,0.9600,-1,0
2492,423236,corner,1,0.9600,-1,0
2493,423372,corner,1,0.9600,-1,0
2494,423528,corner,1,0.9600,-1,0
2495,423679,corner,1,0.9600,-1,0
2496,423797,corner,1,0.9700,-1,0
2497,424035,corner,1,0.9700,-1,0
2498,424199,corner,1,0.9700,-1,0
2499,424348,corner,1,0.9700,-1,0
2500,424501,corner,1,0.9700,-1,0
2501,424676,corner,1,0.9700,-1,0
2502,424825,corner,1,0.9700,-1,0
2503,424990,corner,1,0.9700,-1,0
2504,425140,corner,1,0.9700,-1,0
2505,425290,corner,1,0.9700,-1,0
2506,425439,corner,1,0.9700,-1,0
2507,425580,corner,1,0.9700,-1,0
2508,425693,corner,1,0.9700,-1,0
2509,425839,corner,1,0.9700,-1,0
2510,426026,corner,1,0.9700,-1,0
2511,426243,corner,1,0.9700,-1,0
2512,426395,corner,1,0.9700,-1,0
2513,426561,corner,1,0.9700,-1,0
2514,426699,corner,1,0.9700,-1,0
2515,426901,corner,1,0.9700,-1,0
2516,427044,corner,1,0.9700,-1,0
2517,427165,corner,1,0.9700,-1,0
2518,427316,corner,1,0.9700,-1,0
2519,427467,corner,1,0.9700,-1,0
2520,427611,corner,1,0.9800,-1,0
2521,427754,corner,1,0.9800,-1,0
2522,427907,corner,1,0.9800,-1,0
2523,428043,corner,1,0.9800,-1,0
2524,428190,corner,1,0.9800,-1,0
2525,428333,corner,1,0.9800,-1,0
2526,428482,corner,1,0.9800,-1,0
2527,428619,corner,1,0.9900,-1,0
2528,428762,corner,1,0.9900,-1,0
2529,428982,corner,1,0.9900,-1,0
2530,429137,corner,1,0.9900,-1,0
2531,429293,corner,1,0.9900,-1,0
2532,429433,corner,1,0.9900,-1,0
2533,429583,corner,1,0.9900,-1,0
2534,429703,corner,1,0.9900,-1,0
2535,429860,corner,1,0.9900,-1,0
2536,430085,corner,1,0.9900,-1,0
2537,430233,corner,1,0.9900,-1,0
2538,430351,corner,1,0.9900,-1,0
2539,430502,corner,1,0.9900,-1,0
2540,430656,corner,1,0.9900,-1,0
2541,430878,corner,1,0.9900,-1,0
2542,431059,corner,1,0.9900,-1,0
2543,431251,corner,1,0.9900,-1,0
2544,431396,corner,1,0.9900,-1,0
2545,431553,corner,1,0.9900,-1,0
2546,431730,corner,1,0.9900,-1,0
2547,431890,corner,1,0.9900,-1,0
2548,432003,corner,1,0.9900,-1,0
2549,432152,corner,1,0.9900,-1,0
2550,432309,corner,1,0.9900,-1,0
2551,432461,corner,1,0.9900,-1,0
2552,432602,corner,1,0.9900,-1,0
2553,432806,corner,1,0.9900,-1,0
2554,432942,corner,1,0.9900,-1,0
2555,433094,corner,1,0.9900,-1,0
2556,433241,corner,1,0.9900,-1,0
2557,433391,corner,1,0.9900,-1,0
2558,433529,corner,1,0.9900,-1,0
2559,433662,corner,1,0.9900,-1,0
2560,433821,corner,1,0.9900,-1,0
2561,433957,corner,1,0.9900,-1,0
2562,434101,corner,1,0.9900,-1,0
2563,434245,corner,1,0.9900,-1,0
2564,434401,corner,1,0.9900,-1,0
2565,434622,corner,1,0.9900,-1,0
2566,434802,corner,1,0.9900,-1,0
2567,434949,corner,1,0.9900,-1,0
2568,435087,corner,1,0.9900,-1,0
2569,435213,corner,1,0.9900,-1,0
2570,435391,corner,1,0.9900,-1,0
2571,435551,corner,1,0.9900,-1,0
2572,435705,corner,1,0.9900,-1,0
2573,435835,corner,1,1.0000,-1,0
2574,435943,corner,0,0.9900,-1,0
2575,436084,corner,1,0.9900,-1,0
2576,436238,corner,1,0.9900,-1,0
2577,436350,corner,1,0.9900,-1,0
2578,436514,corner,1,0.9900,-1,0
2579,436669,corner,1,0.9900,-1,0
2580,436836,corner,1,0.9900,-1,0
2581,436974,corner,1,0.9900,-1,0
2582,437122,corner,1,0.9900,-1,0
2583,437279,corner,1,0.9900,-1,0
2584,437413,corner,1,0.9900,-1,0
2585,437557,corner,1,0.9900,-1,0
2586,437705,corner,1,0.9900,-1,0
2587,437846,corner,1,0.9900,-1,0
2588,437992,corner,1,0.9900,-1,0
2589,438136,corner,1,0.9900,-1,0
2590,438284,corner,1,0.9900,-1,0
2591,438401,corner,1,0.9900,-1,0
2592,438556,corner,1,0.9900,-1,0
2593,438699,corner,1,0.9900,-1,0
2594,438854,corner,1,0.9900,-1,0
2595,439007,corner,1,0.9900,-1,0
2596,439141,corner,1,0.9900,-1,0
2597,439247,corner,1,0.9900,-1,0
2598,439409,corner,1,0.9900,-1,0
2599,439555,corner,1,0.9900,-1,0
2600,439702,corner,1,0.9900,-1,0
2601,439848,corner,1,0.9900,-1,0
2602,439967,corner,1,0.9900,-1,0
2603,440104,corner,1,0.9900,-1,0
2604,440250,corner,1,0.9900,-1,0
2605,440426,corner,1,0.9900,-1,0
2606,440576,corner,1,0.9900,-1,0
2607,440689,corner,1,0.9900,-1,0
2608,440793,corner,1,0.9900,-1,0
2609,440898,corner,1,0.9900,-1,0
2610,441058,corner,1,0.9900,-1,0
2611,441197,corner,1,0.9900,-1,0
2612,441351,corner,1,0.9900,-1,0
2613,441498,corner,1,0.9900,-1,0
2614,441601,corner,0,0.9800,-1,0
2615,441773,corner,1,0.9800,-1,0
2616,441916,corner,1,0.9800,-1,0
2617,442180,corner,1,0.9800,-1,0
2618,442320,corner,1,0.9800,-1,0
2619,442458,corner,1,0.9800,-1,0
2620,442567,corner,1,0.9800,-1,0
2621,442719,corner,1,0.9800,-1,0
2622,442866,corner,1,0.9800,-1,0
2623,443013,corner,1,0.9800,-1,0
2624,443168,corner,1,0.9800,-1,0
2625,443312,corner,1,0.9800,-1,0
2626,443471,corner,1,0.9800,-1,0
2627,443600,corner,1,0.9800,-1,0
2628,443755,corner,1,0.9800,-1,0
2629,443919,corner,1,0.9800,-1,0
2630,444037,corner,1,0.9800,-1,0
2631,444184,corner,1,0.9800,-1,0
2632,444341,corner,1,0.9800,-1,0
2633,444523,corner,1,0.9800,-1,0
2634,444671,corner,1,0.9800,-1,0
2635,444818,corner,1,0.9800,-1,0
2636,444962,corner,1,0.9800,-1,0
2637,445116,corner,1,0.9800,-1,0
2638,445261,corner,1,0.9800,-1,0
2639,445402,corner,1,0.9800,-1,0
2640,445558,corner,1,0.9800,-1,0
2641,445672,corner,1,0.9800,-1,0
2642,445824,corner,1,0.9800,-1,0
2643,445987,corner,1,0.9800,-1,0
2644,446162,corner,1,0.9800,-1,0
2645,446314,corner,1,0.9800,-1,0
2646,446450,corner,1,0.9800,-1,0
2647,446599,corner,1,0.9800,-1,0
2648,446731,corner,1,0.9800,-1,0
2649,446850,corner,1,0.9800,-1,0
2650,447006,corner,1,0.9800,-1,0
2651,447119,corner,1,0.9800,-1,0
2652,447311,corner,1,0.9800,-1,0
2653,447420,corner,1,0.9800,-1,0
2654,447553,corner,1,0.9800,-1,0
2655,447691,corner,1,0.9800,-1,0
2656,447834,corner,1,0.9800,-1,0
2657,447982,corner,1,0.9800,-1,0
2658,448144,corner,1,0.9800,-1,0
2659,448292,corner,1,0.9800,-1,0
2660,448433,corner,1,0.9800,-1,0
2661,448607,corner,1,0.9800,-1,0
2662,448782,corner,1,0.9800,-1,0
2663,448942,corner,1,0.9800,-1,0
2664,449099,corner,1,0.9800,-1,0
2665,449267,corner,1,0.9800,-1,0
2666,449429,corner,1,0.9800,-1,0
2667,449575,corner,1,0.9800,-1,0
2668,449714,corner,1,0.9800,-1,0
2669,449852,corner,1,0.9800,-1,0
2670,450064,corner,1,0.9800,-1,0
2671,450198,corner,1,0.9800,-1,0
2672,450363,corner,1,0.9800,-1,0
2673,450504,corner,1,0.9800,-1,0
2674,450646,corner,1,0.9900,-1,0
2675,450985,corner,1,0.9900,-1,0
2676,451126,corner,1,0.9900,-1,0
2677,451278,corner,1,0.9900,-1,0
2678,451429,corner,1,0.9900,-1,0
2679,451571,corner,1,0.9900,-1,0
2680,451722,corner,1,0.9900,-1,0
2681,451885,corner,1,0.9900,-1,0
2682,452063,corner,1,0.9900,-1,0
2683,452205,corner,1,0.9900,-1,0
2684,452334,corner,1,0.9900,-1,0
2685,452472,corner,1,0.9900,-1,0
2686,452617,corner,1,0.9900,-1,0
2687,452776,corner,1,0.9900,-1,0
2688,452963,corner,1,0.9900,-1,0
2689,453104,corner,1,0.9900,-1,0
2690,453233,corner,1,0.9900,-1,0
2691,453393,corner,1,0.9900,-1,0
2692,453764,corner,1,0.9900,-1,0
2693,453914,corner,1,0.9900,-1,0
2694,454068,corner,1,0.9900,-1,0
2695,454220,corner,1,0.9900,-1,0
2696,454360,corner,1,0.9900,-1,0
2697,454504,corner,1,0.9900,-1,0
2698,454659,corner,1,0.9900,-1,0
2699,454797,corner,1,0.9900,-1,0
2700,454927,corner,1,0.9900,-1,0
2701,455071,corner,1,0.9900,-1,0
2702,455248,corner,1,0.9900,-1,0
2703,455383,corner,1,0.9900,-1,0
2704,455589,corner,1,0.9900,-1,0
2705,455759,corner,1,0.9900,-1,0
2706,455874,corner,1,0.9900,-1,0
2707,455976,corner,1,0.9900,-1,0
2708,456129,corner,1,0.9900,-1,0
2709,456263,corner,1,0.9900,-1,0
2710,456399,corner,1,0.9900,-1,0
2711,456534,corner,1,0.9900,-1,0
2712,456669,corner,1,0.9900,-1,0
2713,456814,corner,1,0.9900,-1,0
2714,456963,corner,1,1.0000,-1,0
2715,457105,corner,1,1.0000,-1,0
2716,457241,corner,1,1.0000,-1,0
2717,457378,corner,1,1.0000,-1,0
2718,457543,corner,1,1.0000,-1,0
2719,457682,corner,1,1.0000,-1,0
2720,457861,corner,1,1.0000,-1,0
2721,458004,corner,1,1.0000,-1,0
2722,458146,corner,1,1.0000,-1,0
2723,458286,corner,1,1.0000,-1,0
2724,458445,corner,1,1.0000,-1,0
2725,458586,corner,1,1.0000,-1,0
2726,458725,corner,1,1.0000,-1,0
2727,458865,corner,1,1.0000,-1,0
2728,458975,corner,1,1.0000,-1,0
2729,459087,corner,1,1.0000,-1,0
2730,459229,corner,1,1.0000,-1,0
2731,459400,corner,1,1.0000,-1,0
2732,459542,corner,1,1.0000,-1,0
2733,459688,corner,1,1.0000,-1,0
2734,459831,corner,1,1.0000,-1,0
2735,459981,corner,1,1.0000,-1,0
2736,460117,corner,1,1.0000,-1,0
2737,460256,corner,1,1.0000,-1,0
2738,460427,corner,1,1.0000,-1,0
2739,460583,corner,1,1.0000,-1,0
2740,460726,corner,1,1.0000,-1,0
2741,460916,corner,1,1.0000,-1,0
2742,461085,corner,1,1.0000,-1,0
2743,461229,corner,1,1.0000,-1,0
2744,461365,corner,1,1.0000,-1,0
2745,461522,corner,1,1.0000,-1,0
2746,461692,corner,1,1.0000,-1,0
2747,461889,corner,1,1.0000,-1,0
2748,462020,corner,1,1.0000,-1,0
2749,462145,corner,1,1.0000,-1,0
2750,462292,corner,1,1.0000,-1,0
2751,462449,corner,1,1.0000,-1,0
2752,462616,corner,1,1.0000,-1,0
2753,462765,corner,1,1.0000,-1,0
2754,462906,corner,1,1.0000,-1,0
2755,463082,corner,1,1.0000,-1,0
2756,463221,corner,1,1.0000,-1,0
2757,463363,corner,1,1.0000,-1,0
2758,463499,corner,1,1.0000,-1,0
2759,463655,corner,1,1.0000,-1,0
2760,463809,corner,1,1.0000,-1,0
2761,463960,corner,1,1.0000,-1,0
2762,464116,corner,1,1.0000,-1,0
2763,464250,corner,1,1.0000,-1,0
2764,464396,corner,1,1.0000,-1,0
2765,464551,corner,1,1.0000,-1,0
2766,464694,corner,1,1.0000,-1,0
2767,464849,corner,1,1.0000,-1,0
2768,464989,corner,1,1.0000,-1,0
2769,465130,corner,1,1.0000,-1,0
2770,465290,corner,1,1.0000,-1,0
2771,465424,corner,1,1.0000,-1,0
2772,465567,corner,1,1.0000,-1,0
2773,465700,corner,1,1.0000,-1,0
2774,465840,corner,1,1.0000,-1,0
2775,465985,corner,1,1.0000,-1,0
2776,466093,corner,1,1.0000,-1,0
2777,466244,corner,1,1.0000,-1,0
2778,466390,corner,1,1.0000,-1,0
2779,466564,corner,1,1.0000,-1,0
2780,466741,corner,1,1.0000,-1,0
2781,466910,corner,1,1.0000,-1,0
2782,467024,corner,1,1.0000,-1,0
2783,467176,corner,1,1.0000,-1,0
2784,467327,corner,1,1.0000,-1,0
2785,467480,corner,1,1.0000,-1,0
2786,467639,corner,1,1.0000,-1,0
2787,467787,corner,1,1.0000,-1,0
2788,467926,corner,1,1.0000,-1,0
2789,468076,corner,1,1.0000,-1,0
2790,468224,corner,1,1.0000,-1,0
2791,468383,corner,1,1.0000,-1,0
2792,468523,corner,1,1.0000,-1,0
2793,468672,corner,1,1.0000,-1,0
2794,468809,corner,1,1.0000,-1,0
2795,468952,corner,1,1.0000,-1,0
2796,469100,corner,1,1.0000,-1,0
2797,469232,corner,1,1.0000,-1,0
2798,469384,corner,1,1.0000,-1,0
2799,469534,corner,1,1.0000,-1,0
2800,469672,corner,1,1.0000,-1,0
2801,469838,corner,1,1.0000,-1,0
2802,470001,corner,1,1.0000,-1,0
2803,470187,corner,1,1.0000,-1,0
2804,470353,corner,1,1.0000,-1,0
2805,470499,corner,1,1.0000,-1,0
2806,470646,corner,1,1.0000,-1,0
2807,470828,corner,1,1.0000,-1,0
2808,470973,corner,1,1.0000,-1,0
2809,471130,corner,1,1.0000,-1,0
2810,471273,corner,1,1.0000,-1,0
2811,471410,corner,1,1.0000,-1,0
2812,471551,corner,1,1.0000,-1,0
2813,471708,corner,1,1.0000,-1,0
2814,471849,corner,1,1.0000,-1,0
2815,471962,corner,1,1.0000,-1,0
2816,472101,corner,1,1.0000,-1,0
2817,472257,corner,1,1.0000,-1,0
2818,472366,corner,1,1.0000,-1,0
2819,472507,corner,1,1.0000,-1,0
2820,472610,corner,0,0.9900,-1,0
2821,472772,corner,1,0.9900,-1,0
2822,472904,corner,1,0.9900,-1,0
2823,473063,corner,1,0.9900,-1,0
2824,473212,corner,1,0.9900,-1,0
2825,473367,corner,1,0.9900,-1,0
2826,473494,corner,1,0.9900,-1,0
2827,473631,corner,1,0.9900,-1,0
2828,473771,corner,1,0.9900,-1,0
2829,473904,corner,1,0.9900,-1,0
2830,474072,corner,1,0.9900,-1,0
2831,474222,corner,1,0.9900,-1,0
2832,474335,corner,1,0.9900,-1,0
2833,474465,corner,1,0.9900,-1,0
2834,474603,corner,1,0.9900,-1,0
2835,474754,corner,1,0.9900,-1,0
2836,474911,corner,1,0.9900,-1,0
2837,475049,corner,1,0.9900,-1,0
2838,475199,corner,1,0.9900,-1,0
2839,475348,corner,1,0.9900,-1,0
2840,475491,corner,1,0.9900,-1,0
2841,475629,corner,1,0.9900,-1,0
2842,475815,corner,1,0.9900,-1,0
2843,475968,corner,1,0.9900,-1,0
2844,476101,corner,1,0.9900,-1,0
2845,476211,corner,1,0.9900,-1,0
2846,476400,corner,1,0.9900,-1,0
2847,476542,corner,1,0.9900,-1,0
2848,476688,corner,1,0.9900,-1,0
2849,476803,corner,1,0.9900,-1,0
2850,476956,corner,1,0.9900,-1,0
2851,477104,corner,1,0.9900,-1,0
2852,477247,corner,1,0.9900,-1,0
2853,477391,corner,1,0.9900,-1,0
2854,477552,corner,1,0.9900,-1,0
2855,477689,corner,1,0.9900,-1,0
2856,477828,corner,1,0.9900,-1,0
2857,477960,corner,1,0.9900,-1,0
2858,478097,corner,1,0.9900,-1,0
2859,478251,corner,1,0.9900,-1,0
2860,478407,corner,1,0.9900,-1,0
2861,478541,corner,1,0.9900,-1,0
2862,478675,corner,1,0.9900,-1,0
2863,478833,corner,1,0.9900,-1,0
2864,478976,corner,1,0.9900,-1,0
2865,479127,corner,1,0.9900,-1,0
2866,479258,corner,1,0.9900,-1,0
2867,479368,corner,1,0.9900,-1,0
2868,479503,corner,1,0.9900,-1,0
2869,479645,corner,1,0.9900,-1,0
2870,479799,corner,1,0.9900,-1,0
2871,479940,corner,1,0.9900,-1,0
2872,480083,corner,1,0.9900,-1,0
2873,480269,corner,1,0.9900,-1,0
2874,480406,corner,1,0.9900,-1,0
2875,480594,corner,1,0.9900,-1,0
2876,480741,corner,1,0.9900,-1,0
2877,480906,corner,1,0.9900,-1,0
2878,481042,corner,1,0.9900,-1,0
2879,481222,corner,1,0.9900,-1,0
2880,481364,corner,1,0.9900,-1,0
2881,481504,corner,1,0.9900,-1,0
2882,481638,corner,1,0.9900,-1,0
2883,481789,corner,1,0.9900,-1,0
2884,481928,corner,1,0.9900,-1,0
2885,482088,corner,1,0.9900,-1,0
2886,482253,corner,1,0.9900,-1,0
2887,482408,corner,1,0.9900,-1,0
2888,482557,corner,1,0.9900,-1,0
2889,482711,corner,1,0.9900,-1,0
2890,482804,corner,0,0.9800,-1,0
2891,482956,corner,1,0.9800,-1,0
2892,483158,corner,1,0.9800,-1,0
2893,483301,corner,1,0.9800,-1,0
2894,483504,corner,1,0.9800,-1,0
2895,483646,corner,1,0.9800,-1,0
2896,483752,corner,1,0.9800,-1,0
2897,483894,corner,1,0.9800,-1,0
2898,484045,corner,1,0.9800,-1,0
2899,484194,corner,1,0.9800,-1,0
2900,484305,corner,0,0.9700,-1,0
2901,484442,corner,1,0.9700,-1,0
2902,484545,corner,1,0.9700,-1,0
2903,484681,corner,1,0.9700,-1,0
2904,484836,corner,1,0.9700,-1,0
2905,484979,corner,1,0.9700,-1,0
2906,485133,corner,1,0.9700,-1,0
2907,485284,corner,1,0.9700,-1,0
2908,485441,corner,1,0.9700,-1,0
2909,485629,corner,1,0.9700,-1,0
2910,485799,corner,1,0.9700,-1,0
2911,485938,corner,1,0.9700,-1,0
2912,486099,corner,1,0.9700,-1,0
2913,486230,corner,1,0.9700,-1,0
2914,486398,corner,1,0.9700,-1,0
2915,486835,corner,1,0.9700,-1,0
2916,486970,corner,1,0.9700,-1,0
2917,487133,corner,1,0.9700,-1,0
2918,487330,corner,1,0.9700,-1,0
2919,487470,corner,1,0.9700,-1,0
2920,487611,corner,1,0.9800,-1,0
2921,487786,corner,1,0.9800,-1,0
2922,487925,corner,1,0.9800,-1,0
2923,488076,corner,1,0.9800,-1,0
2924,488254,corner,1,0.9800,-1,0
2925,488422,corner,1,0.9800,-1,0
2926,488567,corner,1,0.9800,-1,0
2927,488713,corner,1,0.9800,-1,0
2928,488855,corner,1,0.9800,-1,0
2929,488967,corner,1,0.9800,-1,0
2930,489074,corner,1,0.9800,-1,0
2931,489224,corner,1,0.9800,-1,0
2932,489382,corner,1,0.9800,-1,0
2933,489522,corner,1,0.9800,-1,0
2934,489662,corner,1,0.9800,-1,0
2935,489805,corner,1,0.9800,-1,0
2936,489956,corner,1,0.9800,-1,0
2937,490111,corner,1,0.9800,-1,0
2938,490232,corner,1,0.9800,-1,0
2939,490382,corner,1,0.9800,-1,0
2940,490507,corner,1,0.9800,-1,0
2941,490648,corner,1,0.9800,-1,0
2942,490818,corner,1,0.9800,-1,0
2943,490981,corner,1,0.9800,-1,0
2944,491122,corner,1,0.9800,-1,0
2945,491272,corner,1,0.9800,-1,0
2946,491414,corner,1,0.9800,-1,0
2947,491526,corner,1,0.9800,-1,0
2948,491668,corner,1,0.9800,-1,0
2949,491815,corner,1,0.9800,-1,0
2950,491953,corner,1,0.9800,-1,0
2951,492094,corner,1,0.9800,-1,0
2952,492237,corner,1,0.9800,-1,0
2953,492388,corner,1,0.9800,-1,0
2954,492496,corner,1,0.9800,-1,0
2955,492650,corner,1,0.9800,-1,0
2956,492813,corner,1,0.9800,-1,0
2957,492969,corner,1,0.9800,-1,0
2958,493102,corner,1,0.9800,-1,0
2959,493240,corner,1,0.9800,-1,0
2960,493361,corner,1,0.9800,-1,0
2961,493475,corner,1,0.9800,-1,0
2962,493610,corner,1,0.9800,-1,0
2963,493754,corner,1,0.9800,-1,0
2964,493918,corner,1,0.9800,-1,0
2965,494058,corner,1,0.9800,-1,0
2966,494318,corner,1,0.9800,-1,0
2967,494473,corner,1,0.9800,-1,0
2968,494616,corner,1,0.9800,-1,0
2969,494766,corner,1,0.9800,-1,0
2970,495991,corner,1,0.9800,-1,0
2971,496197,corner,1,0.9800,-1,0
2972,496294,corner,0,0.9700,-1,0
2973,496436,corner,1,0.9700,-1,0
2974,496581,corner,1,0.9700,-1,0
2975,496725,corner,1,0.9700,-1,0
2976,496896,corner,1,0.9700,-1,0
2977,497051,corner,1,0.9700,-1,0
2978,497526,corner,1,0.9700,-1,0
2979,497665,corner,1,0.9700,-1,0
2980,497820,corner,1,0.9700,-1,0
2981,497957,corner,1,0.9700,-1,0
2982,498141,corner,1,0.9700,-1,0
2983,498299,corner,1,0.9700,-1,0
2984,498411,corner,1,0.9700,-1,0
2985,498550,corner,1,0.9700,-1,0
2986,498681,corner,1,0.9700,-1,0
2987,498825,corner,1,0.9700,-1,0
2988,498968,corner,1,0.9700,-1,0
2989,499115,corner,1,0.9700,-1,0
2990,499266,corner,1,0.9800,-1,0
2991,499422,corner,1,0.9800,-1,0
2992,499561,corner,1,0.9800,-1,0
2993,499704,corner,1,0.9800,-1,0
2994,499847,corner,1,0.9800,-1,0
2995,500017,corner,1,0.9800,-1,0
2996,500179,defensive,1,0.9800,0,1
2997,500313,defensive,1,0.9800,0,2
2998,500414,defensive,0,0.9700,0,3
2999,500563,defensive,1,0.9700,0,4
3000,500807,defensive,1,0.9800,0,5
3001,500949,defensive,1,0.9800,0,6
3002,501107,defensive,1,0.9800,0,7
3003,501362,defensive,1,0.9800,0,8
3004,501677,defensive,1,0.9800,0,9
3005,501766,defensive,0,0.9700,0,10
3006,501894,defensive,1,0.9700,0,11
3007,502042,defensive,1,0.9700,0,12
3008,502191,defensive,1,0.9700,0,13
3009,502366,defensive,1,0.9700,0,14
3010,502535,defensive,1,0.9700,0,15
3011,502670,defensive,1,0.9700,0,16
3012,502976,defensive,1,0.9700,0,17
3013,503177,defensive,1,0.9700,0,18
3014,503373,defensive,1,0.9700,0,19
3015,503546,defensive,1,0.9700,0,20
3016,503634,defensive,0,0.9600,0,21
3017,503771,defensive,1,0.9600,0,22
3018,503959,defensive,1,0.9600,0,23
3019,504111,defensive,1,0.9600,0,24
3020,504265,defensive,1,0.9600,0,25
3021,504394,defensive,1,0.9600,0,26
3022,504537,defensive,1,0.9600,0,27
3023,504673,defensive,1,0.9600,0,28
3024,504819,defensive,1,0.9600,0,29
3025,505034,defensive,1,0.9600,0,30
3026,505283,defensive,1,0.9600,0,31
3027,505432,defensive,1,0.9600,0,32
3028,505691,defensive,1,0.9600,0,33
3029,505836,defensive,1,0.9600,0,34
3030,505973,defensive,1,0.9600,0,35
3031,506113,defensive,1,0.9600,0,36
3032,506257,defensive,1,0.9600,0,37
3033,506411,defensive,1,0.9600,0,38
3034,506789,defensive,1,0.9600,0,39
3035,506971,defensive,1,0.9600,0,40
3036,507236,defensive,1,0.9600,0,41
3037,507656,defensive,1,0.9600,0,42
3038,507929,defensive,1,0.9600,0,43
3039,508063,defensive,1,0.9600,0,44
3040,508175,defensive,1,0.9600,0,45
3041,508379,defensive,1,0.9600,0,46
3042,508626,defensive,1,0.9600,0,47
3043,508785,defensive,1,0.9600,0,48
3044,508934,defensive,1,0.9600,0,49
3045,509064,defensive,1,0.9600,0,50
3046,509203,defensive,0,0.9500,0,51
3047,509380,defensive,1,0.9500,0,52
3048,509529,defensive,1,0.9500,0,53
3049,509678,defensive,1,0.9500,0,54
3050,509819,defensive,1,0.9500,0,55
3051,510087,defensive,1,0.9500,0,56
3052,510307,defensive,1,0.9500,0,57
3053,510495,defensive,1,0.9500,0,58
3054,510718,defensive,1,0.9500,0,59
3055,510850,defensive,1,0.9500,0,60
3056,510991,defensive,1,0.9500,0,61
3057,511140,defensive,1,0.9500,0,62
3058,511345,defensive,1,0.9500,0,63
3059,511462,defensive,1,0.9500,0,64
3060,511707,defensive,1,0.9500,0,65
3061,511829,defensive,1,0.9500,0,66
3062,511972,defensive,1,0.9500,0,67
3063,512104,defensive,1,0.9500,0,68
3064,512361,defensive,1,0.9500,0,69
3065,512502,defensive,1,0.9500,0,70
3066,512655,defensive,1,0.9500,0,71
3067,512808,defensive,1,0.9500,0,72
3068,512965,defensive,1,0.9500,0,73
3069,513117,defensive,1,0.9500,0,74
3070,513454,defensive,1,0.9500,0,75
3071,513598,defensive,1,0.9500,0,76
3072,513788,defensive,1,0.9600,0,77
3073,513953,defensive,1,0.9600,0,78
3074,514057,defensive,0,0.9500,0,79
3075,514160,defensive,0,0.9400,0,80
3076,514377,defensive,1,0.9400,0,81
3077,514509,defensive,1,0.9400,0,82
3078,514618,defensive,1,0.9400,0,83
3079,514766,defensive,1,0.9400,0,84
3080,515062,defensive,1,0.9400,0,85
3081,515198,defensive,1,0.9400,0,86
3082,515400,defensive,1,0.9400,0,87
3083,515535,defensive,1,0.9400,0,88
3084,515657,defensive,0,0.9300,0,89
3085,516015,defensive,1,0.9300,0,90
3086,516110,defensive,1,0.9300,0,91
3087,516240,defensive,1,0.9300,0,92
3088,516440,defensive,1,0.9300,0,93
3089,516579,defensive,1,0.9300,0,94
3090,516729,defensive,1,0.9300,0,95
3091,516853,defensive,1,0.9300,0,96
3092,517152,defensive,1,0.9300,0,97
3093,517286,defensive,1,0.9300,0,98
3094,517436,defensive,1,0.9300,0,99
3095,517559,defensive,0,0.9200,0,100
3096,517712,defensive,1,0.9200,0,101
3097,517889,defensive,1,0.9200,0,102
3098,518037,defensive,1,0.9300,0,103
3099,518275,defensive,1,0.9300,0,104
3100,518586,defensive,1,0.9300,0,105
3101,518732,defensive,1,0.9300,0,106
3102,518908,defensive,1,0.9300,0,107
3103,519049,defensive,1,0.9300,0,108
3104,519237,defensive,1,0.9300,0,109
3105,519504,defensive,1,0.9400,0,110
3106,519648,defensive,1,0.9400,0,111
3107,519882,defensive,1,0.9400,0,112
3108,520096,defensive,1,0.9400,0,113
3109,520261,defensive,1,0.9400,0,114
3110,520553,defensive,1,0.9400,0,115
3111,520718,defensive,1,0.9400,0,116
3112,521007,defensive,1,0.9400,0,117
3113,521146,defensive,1,0.9400,0,118
3114,521288,defensive,1,0.9400,0,119
3115,521448,defensive,1,0.9400,0,120
3116,521584,defensive,1,0.9500,0,121
3117,521743,defensive,1,0.9500,0,122
3118,521889,defensive,1,0.9500,0,123
3119,522023,defensive,1,0.9500,0,124
3120,522187,defensive,1,0.9500,0,125
3121,522320,defensive,1,0.9500,0,126
3122,522523,defensive,1,0.9500,0,127
3123,522683,defensive,1,0.9500,0,128
3124,522793,defensive,0,0.9400,0,129
3125,522963,defensive,1,0.9400,0,130
3126,523145,defensive,1,0.9400,0,131
3127,523332,defensive,1,0.9400,0,132
3128,523465,defensive,1,0.9400,0,133
3129,523658,defensive,1,0.9400,0,134
3130,523806,defensive,1,0.9400,0,135
3131,523941,defensive,1,0.9400,0,136
3132,524227,defensive,1,0.9400,0,137
3133,524456,defensive,1,0.9400,0,138
3134,524616,defensive,1,0.9400,0,139
3135,524771,defensive,1,0.9400,0,140
3136,524966,defensive,1,0.9400,0,141
3137,525063,defensive,0,0.9300,0,142
3138,525505,defensive,1,0.9300,0,143
3139,525644,defensive,1,0.9300,0,144
3140,525831,defensive,1,0.9300,0,145
3141,526129,defensive,1,0.9300,0,146
3142,526413,defensive,1,0.9300,0,147
3143,526615,defensive,1,0.9300,0,148
3144,526788,defensive,1,0.9300,0,149
3145,526940,defensive,1,0.9300,0,150
3146,527201,defensive,1,0.9400,0,151
3147,527337,defensive,1,0.9400,0,152
3148,527483,defensive,1,0.9400,0,153
3149,527629,defensive,1,0.9400,0,154
3150,527910,defensive,1,0.9400,0,155
3151,528042,defensive,1,0.9400,0,156
3152,528186,defensive,1,0.9400,0,157
3153,528397,defensive,1,0.9400,0,158
3154,528568,defensive,1,0.9400,0,159
3155,528666,defensive,0,0.9300,0,160
3156,528820,defensive,1,0.9300,0,161
3157,528942,defensive,1,0.9300,0,162
3158,529277,defensive,1,0.9300,0,163
3159,529468,defensive,1,0.9300,0,164
3160,529599,defensive,1,0.9300,0,165
3161,529741,defensive,1,0.9300,0,166
3162,529891,defensive,1,0.9300,0,167
3163,530036,defensive,1,0.9300,0,168
3164,530305,defensive,1,0.9300,0,169
3165,530446,defensive,1,0.9300,0,170
3166,530577,defensive,1,0.9300,0,171
3167,530847,defensive,1,0.9300,0,172
3168,530989,defensive,1,0.9300,0,173
3169,531126,defensive,1,0.9300,0,174
3170,531473,defensive,1,0.9300,0,175
3171,531646,defensive,1,0.9300,0,176
3172,531808,defensive,1,0.9300,0,177
3173,531896,defensive,0,0.9200,0,178
3174,532060,defensive,1,0.9300,0,179
3175,532185,defensive,1,0.9400,0,180
3176,532324,defensive,1,0.9400,0,181
3177,532487,defensive,1,0.9400,0,182
3178,532662,defensive,1,0.9400,0,183
3179,532778,defensive,1,0.9400,0,184
3180,532921,defensive,1,0.9400,0,185
3181,533072,defensive,1,0.9400,0,186
3182,533202,defensive,1,0.9400,0,187
3183,533347,defensive,1,0.9400,0,188
3184,533437,defensive,0,0.9400,0,189
3185,533602,defensive,1,0.9400,0,190
3186,533799,defensive,1,0.9400,0,191
3187,533943,defensive,1,0.9400,0,192
3188,534112,defensive,1,0.9400,0,193
3189,534268,defensive,1,0.9400,0,194
3190,534436,defensive,1,0.9400,0,195
3191,534566,defensive,1,0.9400,0,196
3192,534723,defensive,1,0.9400,0,197
3193,534875,defensive,1,0.9400,0,198
3194,535002,defensive,1,0.9400,0,199
3195,535354,defensive,1,0.9500,0,200
3196,535483,defensive,1,0.9500,0,201
3197,535623,defensive,1,0.9500,0,202
3198,535811,defensive,1,0.9500,0,203
3199,536005,defensive,1,0.9500,0,204
3200,536130,defensive,1,0.9500,0,205
3201,536267,defensive,1,0.9500,0,206
3202,536468,defensive,1,0.9500,0,207
3203,536558,defensive,0,0.9400,0,208
3204,536693,defensive,1,0.9400,0,209
3205,536827,defensive,1,0.9400,0,210
3206,536980,defensive,1,0.9400,0,211
3207,537164,defensive,1,0.9400,0,212
3208,537419,defensive,1,0.9400,0,213
3209,537603,defensive,1,0.9400,0,214
3210,537766,defensive,1,0.9400,0,215
3211,537867,defensive,0,0.9300,0,216
3212,538012,defensive,1,0.9300,0,217
3213,538150,defensive,1,0.9300,0,218
3214,538274,defensive,1,0.9300,0,219
3215,538425,defensive,1,0.9300,0,220
3216,538584,defensive,1,0.9300,0,221
3217,539025,defensive,1,0.9300,0,222
3218,539323,defensive,1,0.9300,0,223
3219,539512,defensive,1,0.9300,0,224
3220,539665,defensive,1,0.9300,0,225
3221,539840,defensive,1,0.9300,0,226
3222,540059,defensive,1,0.9300,0,227
3223,540218,defensive,1,0.9300,0,228
3224,540374,defensive,1,0.9400,0,229
3225,540515,defensive,1,0.9400,0,230
3226,540643,defensive,1,0.9400,0,231
3227,540817,defensive,1,0.9400,0,232
3228,540977,defensive,1,0.9400,0,233
3229,541118,defensive,1,0.9400,0,234
3230,541289,defensive,1,0.9400,0,235
3231,541406,defensive,1,0.9400,0,236
3232,541596,defensive,1,0.9400,0,237
3233,541766,defensive,1,0.9400,0,238
3234,541922,defensive,1,0.9400,0,239
3235,542071,defensive,1,0.9400,0,240
3236,542183,defensive,0,0.9300,0,241
3237,542309,defensive,1,0.9400,0,242
3238,542445,defensive,1,0.9400,0,243
3239,542722,defensive,1,0.9400,0,244
3240,542833,defensive,0,0.9300,0,245
3241,542994,defensive,1,0.9300,0,246
3242,543137,defensive,1,0.9300,0,247
3243,543281,defensive,1,0.9300,0,248
3244,543487,defensive,1,0.9300,0,249
3245,543628,defensive,1,0.9300,0,250
3246,543725,defensive,0,0.9200,0,251
3247,543824,defensive,1,0.9200,0,252
3248,544058,defensive,1,0.9200,0,253
3249,544148,defensive,0,0.9100,0,254
3250,544281,defensive,1,0.9100,0,255
3251,544491,defensive,1,0.9100,0,256
3252,544749,defensive,1,0.9100,0,257
3253,544913,defensive,1,0.9100,0,258
3254,545039,defensive,1,0.9100,0,259
3255,545164,defensive,1,0.9200,0,260
3256,545331,defensive,1,0.9200,0,261
3257,545455,defensive,1,0.9200,0,262
3258,545637,defensive,1,0.9200,0,263
3259,545826,defensive,1,0.9200,0,264
3260,545959,defensive,1,0.9200,0,265
3261,546095,defensive,1,0.9200,0,266
3262,546292,defensive,1,0.9200,0,267
3263,546488,defensive,1,0.9200,0,268
3264,546637,defensive,1,0.9200,0,269
3265,546768,defensive,1,0.9200,0,270
3266,546896,defensive,1,0.9200,0,271
3267,546997,defensive,1,0.9200,0,272
3268,547179,defensive,1,0.9200,0,273
3269,547338,defensive,1,0.9200,0,274
3270,547667,defensive,1,0.9200,0,275
3271,547837,defensive,1,0.9200,0,276
3272,547933,defensive,0,0.9100,0,277
3273,548071,defensive,1,0.9200,0,278
3274,548216,defensive,1,0.9200,0,279
3275,548472,defensive,1,0.9200,0,280
3276,548676,defensive,1,0.9200,0,281
3277,549021,defensive,1,0.9200,0,282
3278,549165,defensive,1,0.9200,0,283
3279,549266,defensive,0,0.9100,0,284
3280,549408,defensive,1,0.9100,0,285
3281,549536,defensive,1,0.9100,0,286
3282,549711,defensive,1,0.9100,0,287
3283,549914,defensive,1,0.9100,0,288
3284,550099,defensive,1,0.9200,0,289
3285,550234,defensive,1,0.9200,0,290
3286,550394,defensive,1,0.9200,0,291
3287,550544,defensive,1,0.9200,0,292
3288,550705,defensive,1,0.9200,0,293
3289,550880,defensive,1,0.9200,0,294
3290,551013,defensive,1,0.9200,0,295
3291,551176,defensive,1,0.9200,0,296
3292,551479,defensive,1,0.9200,0,297
3293,551607,defensive,1,0.9200,0,298
3294,551750,defensive,1,0.9200,0,299
3295,551994,defensive,1,0.9200,0,300
3296,552149,defensive,1,0.9200,0,301
3297,552289,defensive,1,0.9200,0,302
3298,552447,defensive,1,0.9200,0,303
3299,552575,defensive,1,0.9200,0,304
3300,552700,defensive,1,0.9200,0,305
3301,552831,defensive,1,0.9200,0,306
3302,552969,defensive,1,0.9200,0,307
3303,553102,defensive,1,0.9300,0,308
3304,553406,defensive,1,0.9300,0,309
3305,553765,defensive,1,0.9300,0,310
3306,553929,defensive,1,0.9300,0,311
3307,554057,defensive,1,0.9300,0,312
3308,554257,defensive,1,0.9300,0,313
3309,554394,defensive,1,0.9300,0,314
3310,554665,defensive,1,0.9300,0,315
3311,554837,defensive,1,0.9400,0,316
3312,555014,defensive,1,0.9400,0,317
3313,555157,defensive,1,0.9400,0,318
3314,555307,defensive,1,0.9400,0,319
3315,555464,defensive,1,0.9400,0,320
3316,555635,defensive,1,0.9400,0,321
3317,555777,defensive,1,0.9400,0,322
3318,555920,defensive,1,0.9400,0,323
3319,556282,defensive,1,0.9400,0,324
3320,556419,defensive,1,0.9400,0,325
3321,556563,defensive,1,0.9400,0,326
3322,556692,defensive,1,0.9400,0,327
3323,556839,defensive,1,0.9400,0,328
3324,557035,defensive,1,0.9400,0,329
3325,557187,defensive,1,0.9400,0,330
3326,557326,defensive,1,0.9400,0,331
3327,557526,defensive,1,0.9400,0,332
3328,557723,defensive,1,0.9400,0,333
3329,557858,defensive,1,0.9400,0,334
3330,558037,defensive,1,0.9400,0,335
3331,558192,defensive,1,0.9400,0,336
3332,558335,defensive,1,0.9400,0,337
3333,558463,defensive,0,0.9300,0,338
3334,558654,defensive,1,0.9300,0,339
3335,558782,defensive,1,0.9300,0,340
3336,558910,defensive,1,0.9400,0,341
3337,559065,defensive,1,0.9400,0,342
3338,559227,defensive,1,0.9400,0,343
3339,559378,defensive,1,0.9400,0,344
3340,559513,defensive,1,0.9500,0,345
3341,559716,defensive,1,0.9500,0,346
3342,559910,defensive,1,0.9500,0,347
3343,560077,defensive,1,0.9500,0,348
3344,560223,defensive,1,0.9500,0,349
3345,560347,defensive,1,0.9500,0,350
3346,560537,defensive,1,0.9600,0,351
3347,560666,defensive,1,0.9600,0,352
3348,560789,defensive,1,0.9600,0,353
3349,560888,defensive,0,0.9600,0,354
3350,561026,defensive,1,0.9600,0,355
3351,561157,defensive,1,0.9600,0,356
3352,561315,defensive,1,0.9600,0,357
3353,561507,defensive,1,0.9600,0,358
3354,561765,defensive,1,0.9600,0,359
3355,561895,defensive,1,0.9600,0,360
3356,562029,defensive,1,0.9600,0,361
3357,562182,defensive,1,0.9600,0,362
3358,562326,defensive,1,0.9600,0,363
3359,562481,defensive,1,0.9600,0,364
3360,562623,defensive,1,0.9600,0,365
3361,562799,defensive,1,0.9600,0,366
3362,562964,defensive,1,0.9600,0,367
3363,563099,defensive,1,0.9600,0,368
3364,563236,defensive,1,0.9600,0,369
3365,563366,defensive,1,0.9600,0,370
3366,563508,defensive,1,0.9600,0,371
3367,563840,defensive,1,0.9600,0,372
3368,563983,defensive,1,0.9600,0,373
3369,564311,defensive,1,0.9600,0,374
3370,564575,defensive,1,0.9600,0,375
3371,564705,defensive,1,0.9600,0,376
3372,564845,defensive,1,0.9700,0,377
3373,564969,defensive,1,0.9700,0,378
3374,565187,defensive,1,0.9700,0,379
3375,565336,defensive,1,0.9700,0,380
3376,565609,defensive,1,0.9700,0,381
3377,566013,defensive,0,0.9600,0,382
3378,566141,defensive,1,0.9600,0,383
3379,566269,defensive,1,0.9700,0,384
3380,566417,defensive,1,0.9700,0,385
3381,566588,defensive,1,0.9700,0,386
3382,566758,defensive,1,0.9700,0,387
3383,566918,defensive,1,0.9700,0,388
3384,567100,defensive,1,0.9700,0,389
3385,567283,defensive,1,0.9700,0,390
3386,567412,defensive,1,0.9700,0,391
3387,567552,defensive,1,0.9700,0,392
3388,567749,defensive,1,0.9700,0,393
3389,567932,defensive,1,0.9700,0,394
3390,568074,defensive,1,0.9700,0,395
3391,568197,defensive,1,0.9700,0,396
3392,568332,defensive,0,0.9600,0,397
3393,568508,defensive,1,0.9600,0,398
3394,568609,defensive,0,0.9500,0,399
3395,568853,defensive,1,0.9500,0,400
3396,569173,defensive,1,0.9500,0,401
3397,569319,defensive,1,0.9500,0,402
3398,569481,defensive,1,0.9500,0,403
3399,569618,defensive,1,0.9500,0,404
3400,569787,defensive,1,0.9500,0,405
3401,569920,defensive,1,0.9500,0,406
3402,570062,defensive,1,0.9500,0,407
3403,570200,defensive,1,0.9500,0,408
3404,570318,defensive,1,0.9500,0,409
3405,570449,defensive,1,0.9500,0,410
3406,570567,defensive,1,0.9500,0,411
3407,570718,defensive,1,0.9500,0,412
3408,570894,defensive,1,0.9500,0,413
3409,571027,defensive,1,0.9500,0,414
3410,571162,defensive,1,0.9500,0,415
3411,571298,defensive,1,0.9500,0,416
3412,571428,defensive,1,0.9500,0,417
3413,571550,defensive,1,0.9500,0,418
3414,571694,defensive,1,0.9500,0,419
3415,571876,defensive,1,0.9500,0,420
3416,572005,defensive,1,0.9500,0,421
3417,572150,defensive,1,0.9500,0,422
3418,572284,defensive,1,0.9500,0,423
3419,572442,defensive,1,0.9500,0,424
3420,572750,defensive,1,0.9500,0,425
3421,572889,defensive,1,0.9500,0,426
3422,573013,defensive,1,0.9500,0,427
3423,573149,defensive,1,0.9500,0,428
3424,573303,defensive,1,0.9500,0,429
3425,573493,defensive,1,0.9500,0,430
3426,573674,defensive,1,0.9500,0,431
3427,573799,defensive,1,0.9500,0,432
3428,573971,defensive,1,0.9500,0,433
3429,574112,defensive,1,0.9500,0,434
3430,574275,defensive,1,0.9500,0,435
3431,574377,defensive,1,0.9500,0,436
3432,574506,defensive,1,0.9500,0,437
3433,574699,defensive,1,0.9600,0,438
3434,574835,defensive,1,0.9600,0,439
3435,575032,defensive,1,0.9600,0,440
3436,575156,defensive,1,0.9600,0,441
3437,575290,defensive,1,0.9600,0,442
3438,575417,defensive,1,0.9600,0,443
3439,575584,defensive,1,0.9600,0,444
3440,575799,defensive,1,0.9600,0,445
3441,575922,defensive,1,0.9600,0,446
3442,576072,defensive,1,0.9600,0,447
3443,576247,defensive,1,0.9600,0,448
3444,576498,defensive,1,0.9600,0,449
3445,576670,defensive,1,0.9600,0,450
3446,576925,defensive,1,0.9600,0,451
3447,577156,defensive,1,0.9600,0,452
3448,577524,defensive,1,0.9600,0,453
3449,577642,defensive,1,0.9700,0,454
3450,577764,defensive,1,0.9700,0,455
3451,577897,defensive,1,0.9700,0,456
3452,578058,defensive,1,0.9700,0,457
3453,578235,defensive,1,0.9700,0,458
3454,578385,defensive,1,0.9700,0,459
3455,578795,defensive,1,0.9700,0,460
3456,578979,defensive,1,0.9700,0,461
3457,579138,defensive,1,0.9700,0,462
3458,579276,defensive,1,0.9700,0,463
3459,579418,defensive,1,0.9700,0,464
3460,579571,defensive,1,0.9700,0,465
3461,579712,defensive,1,0.9700,0,466
3462,579866,defensive,1,0.9700,0,467
3463,580185,defensive,1,0.9700,0,468
3464,580329,defensive,1,0.9700,0,469
3465,581656,defensive,1,0.9700,0,470
3466,581814,defensive,1,0.9700,0,471
3467,581950,defensive,1,0.9700,0,472
3468,582097,defensive,1,0.9700,0,473
3469,582191,defensive,0,0.9600,0,474
3470,582368,defensive,1,0.9600,0,475
3471,582493,defensive,1,0.9600,0,476
3472,582646,defensive,1,0.9600,0,477
3473,582806,defensive,1,0.9600,0,478
3474,582898,defensive,0,0.9500,0,479
3475,583049,defensive,1,0.9500,0,480
3476,583172,defensive,1,0.9500,0,481
3477,583314,defensive,1,0.9600,0,482
3478,583439,defensive,1,0.9600,0,483
3479,583575,defensive,1,0.9600,0,484
3480,583710,defensive,1,0.9600,0,485
3481,583839,defensive,0,0.9500,0,486
3482,584000,defensive,1,0.9500,0,487
3483,584148,defensive,1,0.9500,0,488
3484,584285,defensive,1,0.9500,0,489
3485,584416,defensive,1,0.9500,0,490
3486,584538,defensive,1,0.9500,0,491
3487,584754,defensive,1,0.9500,0,492
3488,584953,defensive,1,0.9500,0,493
3489,585115,defensive,1,0.9500,0,494
3490,585266,defensive,1,0.9500,0,495
3491,585504,defensive,1,0.9500,0,496
3492,585642,defensive,1,0.9600,0,497
3493,585788,defensive,1,0.9600,0,498
3494,585932,defensive,1,0.9700,0,499
3495,586070,defensive,1,0.9700,0,500
3496,586224,defensive,1,0.9700,0,501
3497,586513,defensive,1,0.9700,0,502
3498,586775,defensive,1,0.9700,0,503
3499,586932,defensive,1,0.9700,0,504
3500,587068,defensive,1,0.9700,0,505
3501,587230,defensive,1,0.9700,0,506
3502,587409,defensive,1,0.9700,0,507
3503,587555,defensive,1,0.9700,0,508
3504,587746,defensive,1,0.9700,0,509
3505,587890,defensive,1,0.9700,0,510
3506,588056,defensive,1,0.9700,0,511
3507,588190,defensive,1,0.9700,0,512
3508,588395,defensive,1,0.9700,0,513
3509,588518,defensive,1,0.9700,0,514
3510,588722,defensive,1,0.9700,0,515
3511,588852,defensive,1,0.9700,0,516
3512,588999,defensive,1,0.9700,0,517
3513,589164,defensive,1,0.9700,0,518
3514,589286,defensive,1,0.9700,0,519
3515,589474,defensive,1,0.9700,0,520
3516,589610,defensive,1,0.9700,0,521
3517,589735,defensive,1,0.9700,0,522
3518,589920,defensive,1,0.9700,0,523
3519,590068,defensive,1,0.9700,0,524
3520,590210,defensive,1,0.9700,0,525
3521,590330,defensive,1,0.9700,0,526
3522,590457,defensive,1,0.9700,0,527
3523,590607,defensive,1,0.9700,0,528
3524,590784,defensive,1,0.9700,0,529
3525,590916,defensive,1,0.9700,0,530
3526,591109,defensive,1,0.9700,0,531
3527,591236,defensive,1,0.9700,0,532
3528,591520,defensive,1,0.9700,0,533
3529,591654,defensive,1,0.9700,0,534
3530,591835,defensive,1,0.9700,0,535
3531,591954,defensive,1,0.9700,0,536
3532,592151,defensive,1,0.9700,0,537
3533,592269,defensive,1,0.9700,0,538
3534,592392,defensive,1,0.9700,0,539
3535,592572,defensive,1,0.9700,0,540
3536,592740,defensive,1,0.9700,0,541
3537,592869,defensive,1,0.9700,0,542
3538,593238,defensive,1,0.9700,0,543
3539,593361,defensive,1,0.9700,0,544
3540,593522,defensive,1,0.9700,0,545
3541,593674,defensive,1,0.9700,0,546
3542,593822,defensive,1,0.9700,0,547
3543,593950,defensive,1,0.9700,0,548
3544,594097,defensive,1,0.9700,0,549
3545,594248,defensive,1,0.9700,0,550
3546,594373,defensive,1,0.9700,0,551
3547,594560,defensive,1,0.9700,0,552
3548,594707,defensive,1,0.9700,0,553
3549,594870,defensive,1,0.9700,0,554
3550,594991,defensive,1,0.9700,0,555
3551,595226,defensive,1,0.9700,0,556
3552,595354,defensive,1,0.9700,0,557
3553,595481,defensive,1,0.9700,0,558
3554,595608,defensive,1,0.9700,0,559
3555,595806,defensive,1,0.9700,0,560
3556,595953,defensive,1,0.9700,0,561
3557,596158,defensive,1,0.9700,0,562
3558,596285,defensive,1,0.9700,0,563
3559,596430,defensive,1,0.9700,0,564
3560,596570,defensive,1,0.9700,0,565
3561,596885,defensive,1,0.9700,0,566
3562,597059,defensive,1,0.9700,0,567
3563,597178,defensive,1,0.9700,0,568
3564,597364,defensive,1,0.9700,0,569
3565,597522,defensive,1,0.9700,0,570
3566,597688,defensive,1,0.9700,0,571
3567,597830,defensive,1,0.9700,0,572
3568,597982,defensive,1,0.9700,0,573
3569,598107,defensive,1,0.9800,0,574
3570,598257,defensive,1,0.9800,0,575
3571,598396,defensive,1,0.9800,0,576
3572,598537,defensive,1,0.9800,0,577
3573,598692,defensive,1,0.9800,0,578
3574,598818,defensive,1,0.9900,0,579
3575,599021,defensive,1,0.9900,0,580
3576,599146,defensive,1,0.9900,0,581
3577,599339,defensive,1,0.9900,0,582
3578,599501,defensive,1,0.9900,0,583
3579,599637,defensive,1,0.9900,0,584
3580,599766,defensive,1,0.9900,0,585
3581,599906,defensive,1,1.0000,0,586
3582,600051,defensive,1,1.0000,0,587
3583,600168,defensive,0,0.9900,0,588
3584,600287,defensive,1,0.9900,0,589
3585,600419,defensive,1,0.9900,0,590
3586,600690,defensive,1,0.9900,0,591
3587,600917,defensive,1,0.9900,0,592
3588,601057,defensive,1,0.9900,0,593
3589,601263,defensive,1,0.9900,0,594
3590,601481,defensive,1,0.9900,0,595
3591,601667,defensive,1,0.9900,0,596
3592,601798,defensive,1,0.9900,0,597
3593,601942,defensive,1,0.9900,0,598
3594,602211,defensive,1,0.9900,0,599
3595,602349,defensive,1,0.9900,0,600
3596,602485,defensive,1,0.9900,0,601
3597,602606,defensive,1,0.9900,0,602
3598,602751,defensive,1,0.9900,0,603
3599,602984,defensive,1,0.9900,0,604
3600,603130,defensive,1,0.9900,0,605
3601,603289,defensive,1,0.9900,0,606
3602,603473,defensive,1,0.9900,0,607
3603,603614,defensive,1,0.9900,0,608
3604,603733,defensive,1,0.9900,0,609
3605,603858,defensive,1,0.9900,0,610
3606,604022,defensive,1,0.9900,0,611
3607,604156,defensive,1,0.9900,0,612
3608,604280,defensive,1,0.9900,0,613
3609,604429,defensive,1,0.9900,0,614
3610,604540,defensive,0,0.9800,0,615
3611,604679,defensive,1,0.9800,0,616
3612,604827,defensive,1,0.9800,0,617
3613,604967,defensive,1,0.9800,0,618
3614,605070,defensive,0,0.9700,0,619
3615,605193,defensive,1,0.9700,0,620
3616,605346,defensive,1,0.9700,0,621
3617,605465,defensive,1,0.9700,0,622
3618,605573,defensive,0,0.9600,0,623
3619,605713,defensive,1,0.9600,0,624
3620,605844,defensive,1,0.9600,0,625
3621,605966,defensive,1,0.9600,0,626
3622,606129,defensive,1,0.9600,0,627
3623,606256,defensive,1,0.9600,0,628
3624,606443,defensive,1,0.9600,0,629
3625,606563,defensive,1,0.9600,0,630
3626,606696,defensive,1,0.9600,0,631
3627,606852,defensive,1,0.9600,0,632
3628,607002,defensive,1,0.9600,0,633
3629,607166,defensive,1,0.9600,0,634
3630,607312,defensive,1,0.9600,0,635
3631,607598,defensive,1,0.9600,0,636
3632,607733,defensive,1,0.9600,0,637
3633,607864,defensive,1,0.9600,0,638
3634,607998,defensive,1,0.9600,0,639
3635,608131,defensive,1,0.9600,0,640
3636,608406,defensive,1,0.9600,0,641
3637,608530,defensive,1,0.9600,0,642
3638,608680,defensive,1,0.9600,0,643
3639,608855,defensive,1,0.9600,0,644
3640,609010,defensive,1,0.9600,0,645
3641,609139,defensive,1,0.9600,0,646
3642,609318,defensive,1,0.9600,0,647
3643,609449,defensive,1,0.9600,0,648
3644,609592,defensive,1,0.9600,0,649
3645,609698,defensive,0,0.9500,0,650
3646,609866,defensive,1,0.9500,0,651
3647,610016,defensive,1,0.9500,0,652
3648,610179,defensive,1,0.9500,0,653
3649,610382,defensive,1,0.9500,0,654
3650,610520,defensive,1,0.9500,0,655
3651,610668,defensive,1,0.9500,0,656
3652,610827,defensive,1,0.9500,0,657
3653,611006,defensive,1,0.9500,0,658
3654,611126,defensive,0,0.9400,0,659
3655,611261,defensive,1,0.9400,0,660
3656,611385,defensive,1,0.9400,0,661
3657,611515,defensive,1,0.9400,0,662
3658,611700,defensive,1,0.9400,0,663
3659,611828,defensive,1,0.9400,0,664
3660,611957,defensive,1,0.9400,0,665
3661,612237,defensive,1,0.9400,0,666
3662,612412,defensive,1,0.9400,0,667
3663,612552,defensive,1,0.9400,0,668
3664,612710,defensive,1,0.9400,0,669
3665,612848,defensive,1,0.9400,0,670
3666,612985,defensive,1,0.9400,0,671
3667,613250,defensive,0,0.9300,0,672
3668,613397,defensive,1,0.9300,0,673
3669,613534,defensive,1,0.9300,0,674
3670,613696,defensive,1,0.9300,0,675
3671,613814,defensive,1,0.9300,0,676
3672,613994,defensive,1,0.9300,0,677
3673,614210,defensive,1,0.9300,0,678
3674,614309,defensive,1,0.9300,0,679
3675,614435,defensive,1,0.9300,0,680
3676,614558,defensive,1,0.9300,0,681
3677,614682,defensive,1,0.9300,0,682
3678,614857,defensive,1,0.9300,0,683
3679,615024,defensive,1,0.9300,0,684
3680,615247,defensive,1,0.9300,0,685
3681,615414,defensive,1,0.9300,0,686
3682,615536,defensive,1,0.9300,0,687
3683,615668,defensive,1,0.9400,0,688
3684,615876,defensive,1,0.9400,0,689
3685,616023,defensive,1,0.9400,0,690
3686,616119,defensive,1,0.9400,0,691
3687,616347,defensive,1,0.9400,0,692
3688,616453,defensive,0,0.9300,0,693
3689,616546,defensive,0,0.9200,0,694
3690,616680,defensive,1,0.9200,0,695
3691,616804,defensive,1,0.9200,0,696
3692,616941,defensive,1,0.9200,0,697
3693,617226,defensive,1,0.9200,0,698
3694,617321,defensive,0,0.9100,0,699
3695,617452,defensive,1,0.9100,0,700
3696,617600,defensive,1,0.9100,0,701
3697,617880,defensive,1,0.9100,0,702
3698,618201,defensive,1,0.9100,0,703
3699,618412,defensive,1,0.9100,0,704
3700,618708,defensive,1,0.9100,0,705
3701,618836,defensive,1,0.9100,0,706
3702,618978,defensive,1,0.9100,0,707
3703,619130,defensive,1,0.9100,0,708
3704,619294,defensive,1,0.9100,0,709
3705,619455,defensive,1,0.9100,0,710
3706,619588,defensive,1,0.9100,0,711
3707,619721,defensive,1,0.9100,0,712
3708,619844,defensive,1,0.9100,0,713
3709,619974,defensive,1,0.9100,0,714
3710,620140,defensive,1,0.9200,0,715
3711,620320,defensive,1,0.9200,0,716
3712,620528,defensive,1,0.9200,0,717
3713,620802,defensive,1,0.9200,0,718
3714,620921,defensive,1,0.9300,0,719
3715,621064,defensive,1,0.9300,0,720
3716,621190,defensive,1,0.9300,0,721
3717,621341,defensive,1,0.9300,0,722
3718,621488,defensive,1,0.9400,0,723
3719,621693,defensive,1,0.9400,0,724
3720,621815,defensive,1,0.9400,0,725
3721,621910,defensive,1,0.9400,0,726
3722,622057,defensive,1,0.9400,0,727
3723,622206,defensive,1,0.9400,0,728
3724,622363,defensive,1,0.9400,0,729
3725,622490,defensive,1,0.9400,0,730
3726,622625,defensive,1,0.9400,0,731
3727,622758,defensive,1,0.9400,0,732
3728,622884,defensive,1,0.9400,0,733
3729,622971,defensive,0,0.9300,0,734
3730,623095,defensive,1,0.9300,0,735
3731,623189,defensive,0,0.9200,0,736
3732,623321,defensive,1,0.9200,0,737
3733,623445,defensive,1,0.9200,0,738
3734,623574,defensive,1,0.9200,0,739
3735,623813,defensive,1,0.9200,0,740
3736,623995,defensive,1,0.9200,0,741
3737,624121,defensive,1,0.9200,0,742
3738,624276,defensive,1,0.9200,0,743
3739,624424,defensive,1,0.9200,0,744
3740,624561,defensive,1,0.9200,0,745
3741,624746,defensive,1,0.9200,0,746
3742,624901,defensive,1,0.9200,0,747
3743,625029,defensive,1,0.9200,0,748
3744,625318,defensive,1,0.9200,0,749
3745,625446,defensive,1,0.9300,0,750
3746,625590,defensive,1,0.9300,0,751
3747,625711,defensive,1,0.9300,0,752
3748,625838,defensive,1,0.9300,0,753
3749,626200,defensive,1,0.9300,0,754
3750,626376,defensive,1,0.9300,0,755
3751,626513,defensive,1,0.9300,0,756
3752,626659,defensive,1,0.9300,0,757
3753,626813,defensive,1,0.9300,0,758
3754,626948,defensive,1,0.9400,0,759
3755,627096,defensive,1,0.9400,0,760
3756,627235,defensive,1,0.9400,0,761
3757,627377,defensive,1,0.9400,0,762
3758,627510,defensive,1,0.9400,0,763
3759,627628,defensive,1,0.9400,0,764
3760,627791,defensive,1,0.9400,0,765
3761,627922,defensive,1,0.9400,0,766
3762,628040,defensive,1,0.9400,0,767
3763,628188,defensive,1,0.9400,0,768
3764,628346,defensive,1,0.9400,0,769
3765,628465,defensive,1,0.9400,0,770
3766,628588,defensive,1,0.9400,0,771
3767,628713,defensive,1,0.9500,0,772
3768,628869,defensive,1,0.9500,0,773
3769,629008,defensive,1,0.9500,0,774
3770,629171,defensive,1,0.9500,0,775
3771,629346,defensive,1,0.9500,0,776
3772,629505,defensive,1,0.9500,0,777
3773,629634,defensive,1,0.9500,0,778
3774,629886,defensive,1,0.9500,0,779
3775,630055,defensive,1,0.9500,0,780
3776,630183,defensive,1,0.9500,0,781
3777,630320,defensive,1,0.9500,0,782
3778,630447,defensive,1,0.9500,0,783
3779,630579,defensive,1,0.9500,0,784
3780,630702,defensive,1,0.9500,0,785
3781,630909,defensive,1,0.9500,0,786
3782,631132,defensive,1,0.9500,0,787
3783,631266,defensive,1,0.9500,0,788
3784,631394,defensive,1,0.9500,0,789
3785,631560,defensive,1,0.9500,0,790
3786,631694,defensive,1,0.9500,0,791
3787,631822,defensive,1,0.9500,0,792
3788,631991,defensive,1,0.9600,0,793
3789,632185,defensive,1,0.9700,0,794
3790,632322,defensive,1,0.9700,0,795
3791,632452,defensive,1,0.9700,0,796
3792,632714,defensive,1,0.9700,0,797
3793,632853,defensive,1,0.9700,0,798
3794,632945,defensive,0,0.9700,0,799
3795,633174,defensive,1,0.9700,0,800
3796,633304,defensive,1,0.9700,0,801
3797,633470,defensive,1,0.9700,0,802
3798,633613,defensive,1,0.9700,0,803
3799,633742,defensive,1,0.9700,0,804
3800,633864,defensive,1,0.9700,0,805
3801,634011,defensive,1,0.9700,0,806
3802,634149,defensive,1,0.9700,0,807
3803,634299,defensive,1,0.9700,0,808
3804,634451,defensive,1,0.9700,0,809
3805,634583,defensive,1,0.9700,0,810
3806,634745,defensive,1,0.9700,0,811
3807,634949,defensive,1,0.9700,0,812
3808,635077,defensive,1,0.9700,0,813
3809,635214,defensive,1,0.9700,0,814
3810,635347,defensive,1,0.9700,0,815
3811,635467,defensive,1,0.9700,0,816
3812,635602,defensive,1,0.9700,0,817
3813,635918,defensive,1,0.9700,0,818
3814,636059,defensive,1,0.9700,0,819
3815,636191,defensive,1,0.9700,0,820
3816,636329,defensive,1,0.9700,0,821
3817,636484,defensive,1,0.9700,0,822
3818,636630,defensive,1,0.9700,0,823
3819,636808,defensive,1,0.9700,0,824
3820,636932,defensive,1,0.9700,0,825
3821,637075,defensive,1,0.9700,0,826
3822,637199,defensive,1,0.9700,0,827
3823,637488,defensive,1,0.9700,0,828
3824,637660,defensive,1,0.9700,0,829
3825,637809,defensive,1,0.9700,0,830
3826,637906,defensive,1,0.9700,0,831
3827,638074,defensive,1,0.9700,0,832
3828,638193,defensive,1,0.9700,0,833
3829,638294,defensive,1,0.9800,0,834
3830,638464,defensive,1,0.9800,0,835
3831,638609,defensive,1,0.9900,0,836
3832,638760,defensive,1,0.9900,0,837
3833,638883,defensive,1,0.9900,0,838
3834,639007,defensive,1,0.9900,0,839
3835,639132,defensive,1,0.9900,0,840
3836,639282,defensive,1,0.9900,0,841
3837,639446,defensive,1,0.9900,0,842
3838,639589,defensive,1,0.9900,0,843
3839,639726,defensive,1,0.9900,0,844
3840,639860,defensive,1,0.9900,0,845
3841,640019,defensive,1,0.9900,0,846
3842,640216,defensive,1,0.9900,0,847
3843,640340,defensive,1,0.9900,0,848
3844,640483,defensive,1,0.9900,0,849
3845,640606,defensive,1,0.9900,0,850
3846,640731,defensive,1,0.9900,0,851
3847,640877,defensive,1,0.9900,0,852
3848,641013,defensive,1,0.9900,0,853
3849,641138,defensive,1,0.9900,0,854
3850,641282,defensive,1,0.9900,0,855
3851,641413,defensive,1,0.9900,0,856
3852,641545,defensive,1,0.9900,0,857
3853,641682,defensive,1,0.9900,0,858
3854,641865,defensive,1,0.9900,0,859
3855,642072,defensive,1,0.9900,0,860
3856,642208,defensive,1,0.9900,0,861
3857,642349,defensive,1,0.9900,0,862
3858,642595,defensive,1,0.9900,0,863
3859,642746,defensive,1,0.9900,0,864
3860,642842,defensive,1,0.9900,0,865
3861,642962,defensive,1,0.9900,0,866
3862,643100,defensive,1,0.9900,0,867
3863,643266,defensive,1,0.9900,0,868
3864,643425,defensive,1,0.9900,0,869
3865,643557,defensive,1,0.9900,0,870
3866,643654,defensive,0,0.9800,0,871
3867,643790,defensive,1,0.9800,0,872
3868,643915,defensive,1,0.9800,0,873
3869,644035,defensive,1,0.9800,0,874
3870,644324,defensive,1,0.9800,0,875
3871,644449,defensive,1,0.9800,0,876
3872,644577,defensive,1,0.9800,0,877
3873,644755,defensive,1,0.9800,0,878
3874,645123,defensive,1,0.9800,0,879
3875,645264,defensive,1,0.9800,0,880
3876,645457,defensive,1,0.9800,0,881
3877,645621,defensive,1,0.9800,0,882
3878,645752,defensive,1,0.9800,0,883
3879,645898,defensive,1,0.9800,0,884
3880,646033,defensive,1,0.9800,0,885
3881,646165,defensive,1,0.9800,0,886
3882,646297,defensive,1,0.9800,0,887
3883,646419,defensive,1,0.9800,0,888
3884,646592,defensive,1,0.9800,0,889
3885,646735,defensive,1,0.9800,0,890
3886,646852,defensive,1,0.9800,0,891
3887,646980,defensive,1,0.9800,0,892
3888,647104,defensive,1,0.9800,0,893
3889,647252,defensive,1,0.9800,0,894
3890,647376,defensive,1,0.9800,0,895
3891,647498,defensive,1,0.9800,0,896
3892,647748,defensive,1,0.9800,0,897
3893,647918,defensive,1,0.9800,0,898
3894,648059,defensive,1,0.9900,0,899
3895,648183,defensive,1,0.9900,0,900
3896,648307,defensive,1,0.9900,0,901
3897,648497,defensive,1,0.9900,0,902
3898,648612,defensive,1,0.9900,0,903
3899,648756,defensive,1,0.9900,0,904
3900,648879,defensive,1,0.9900,0,905
3901,648969,defensive,0,0.9800,0,906
3902,649105,defensive,1,0.9800,0,907
3903,649326,defensive,1,0.9800,0,908
3904,649473,defensive,1,0.9800,0,909
3905,649624,defensive,1,0.9800,0,910
3906,649807,defensive,1,0.9800,0,911
3907,649935,defensive,1,0.9800,0,912
3908,650059,defensive,1,0.9800,0,913
3909,650183,defensive,1,0.9800,0,914
3910,650317,defensive,1,0.9800,0,915
3911,650441,defensive,1,0.9800,0,916
3912,650579,defensive,1,0.9800,0,917
3913,650722,defensive,1,0.9800,0,918
3914,650858,defensive,1,0.9800,0,919
3915,651019,defensive,1,0.9800,0,920
3916,651193,defensive,1,0.9800,0,921
3917,651314,defensive,1,0.9800,0,922
3918,651417,defensive,1,0.9800,0,923
3919,651681,defensive,1,0.9800,0,924
3920,651822,defensive,1,0.9800,0,925
3921,652025,defensive,1,0.9800,0,926
3922,652168,defensive,1,0.9800,0,927
3923,652324,defensive,1,0.9800,0,928
3924,652443,defensive,1,0.9800,0,929
3925,652564,defensive,1,0.9800,0,930
3926,652834,defensive,1,0.9800,0,931
3927,652931,defensive,0,0.9700,0,932
3928,653082,defensive,1,0.9700,0,933
3929,653225,defensive,1,0.9700,0,934
3930,653551,defensive,1,0.9700,0,935
3931,653674,defensive,1,0.9700,0,936
3932,653825,defensive,1,0.9700,0,937
3933,654010,defensive,1,0.9700,0,938
3934,654137,defensive,1,0.9700,0,939
3935,654272,defensive,1,0.9700,0,940
3936,654403,defensive,1,0.9700,0,941
3937,654657,defensive,1,0.9700,0,942
3938,654802,defensive,1,0.9700,0,943
3939,654949,defensive,1,0.9700,0,944
3940,655206,defensive,1,0.9700,0,945
3941,655426,defensive,1,0.9700,0,946
3942,655552,defensive,1,0.9700,0,947
3943,655680,defensive,1,0.9700,0,948
3944,655817,defensive,1,0.9700,0,949
3945,655977,defensive,1,0.9700,0,950
3946,656115,defensive,1,0.9700,0,951
3947,656349,defensive,1,0.9700,0,952
3948,656470,defensive,1,0.9700,0,953
3949,656567,defensive,0,0.9600,0,954
3950,656747,defensive,1,0.9600,0,955
3951,656884,defensive,1,0.9600,0,956
3952,657077,defensive,1,0.9600,0,957
3953,657201,defensive,1,0.9600,0,958
3954,657336,defensive,1,0.9600,0,959
3955,657434,defensive,0,0.9500,0,960
3956,657565,defensive,1,0.9500,0,961
3957,657698,defensive,1,0.9500,0,962
3958,657928,defensive,1,0.9500,0,963
3959,658053,defensive,1,0.9500,0,964
3960,658182,defensive,1,0.9500,0,965
3961,658356,defensive,1,0.9500,0,966
3962,658473,defensive,1,0.9500,0,967
3963,658614,defensive,1,0.9500,0,968
3964,658747,defensive,1,0.9500,0,969
3965,658914,defensive,1,0.9500,0,970
3966,659082,defensive,1,0.9600,0,971
3967,659208,defensive,1,0.9600,0,972
3968,659353,defensive,1,0.9600,0,973
3969,659484,defensive,1,0.9600,0,974
3970,659666,defensive,1,0.9600,0,975
3971,659812,defensive,1,0.9600,0,976
3972,659969,defensive,1,0.9600,0,977
3973,660092,defensive,1,0.9600,0,978
3974,660251,defensive,1,0.9600,0,979
3975,660397,defensive,1,0.9600,0,980
3976,660537,defensive,1,0.9600,0,981
3977,660659,defensive,1,0.9600,0,982
3978,660822,defensive,1,0.9600,0,983
3979,660979,defensive,1,0.9600,0,984
3980,661110,defensive,1,0.9600,0,985
3981,661260,defensive,1,0.9600,0,986
3982,661396,defensive,1,0.9600,0,987
3983,661520,defensive,1,0.9600,0,988
3984,661734,defensive,1,0.9600,0,989
3985,661855,defensive,1,0.9600,0,990
3986,661997,defensive,1,0.9600,0,991
3987,662121,defensive,1,0.9600,0,992
3988,662252,defensive,1,0.9600,0,993
3989,662375,defensive,1,0.9600,0,994
3990,662504,defensive,1,0.9600,0,995
3991,662622,defensive,1,0.9600,0,996
3992,662769,defensive,1,0.9600,0,997
3993,662914,defensive,1,0.9600,0,998
3994,663056,defensive,1,0.9600,0,999
3995,663186,defensive,1,0.9600,0,1000
3996,663356,defensive,1,0.9600,0,1001
3997,663490,defensive,1,0.9600,0,1002
3998,663896,defensive,0,0.9500,0,1003
3999,663996,defensive,1,0.9500,0,1004
4000,664118,defensive,1,0.9500,0,1005
4001,664263,defensive,1,0.9600,0,1006
4002,664398,defensive,1,0.9600,0,1007
4003,664529,defensive,1,0.9600,0,1008
4004,664653,defensive,1,0.9600,0,1009
4005,664867,defensive,1,0.9600,0,1010
4006,665001,defensive,1,0.9600,0,1011
4007,665129,defensive,1,0.9600,0,1012
4008,665359,defensive,1,0.9600,0,1013
4009,665489,defensive,1,0.9600,0,1014
4010,665623,defensive,1,0.9600,0,1015
4011,665799,defensive,1,0.9600,0,1016
4012,665922,defensive,1,0.9600,0,1017
4013,666120,defensive,1,0.9600,0,1018
4014,666266,defensive,1,0.9600,0,1019
4015,666402,defensive,1,0.9600,0,1020
4016,666568,defensive,1,0.9600,0,1021
4017,666741,defensive,1,0.9600,0,1022
4018,666869,defensive,1,0.9600,0,1023
4019,667029,defensive,1,0.9600,0,1024
4020,667129,defensive,1,0.9600,0,1025
4021,667381,defensive,1,0.9600,0,1026
4022,667502,defensive,1,0.9600,0,1027
4023,667669,defensive,1,0.9600,0,1028
4024,667805,defensive,1,0.9600,0,1029
4025,668101,defensive,1,0.9600,0,1030
4026,668222,defensive,1,0.9600,0,1031
4027,668319,defensive,1,0.9700,0,1032
4028,668443,defensive,1,0.9700,0,1033
4029,668589,defensive,1,0.9700,0,1034
4030,668686,defensive,1,0.9700,0,1035
4031,668859,defensive,1,0.9700,0,1036
4032,668999,defensive,1,0.9700,0,1037
4033,669128,defensive,1,0.9700,0,1038
4034,669265,defensive,1,0.9700,0,1039
4035,669553,defensive,1,0.9700,0,1040
4036,669755,defensive,1,0.9700,0,1041
4037,669898,defensive,1,0.9700,0,1042
4038,670049,defensive,1,0.9700,0,1043
4039,670174,defensive,1,0.9700,0,1044
4040,670309,defensive,1,0.9700,0,1045
4041,670436,defensive,1,0.9700,0,1046
4042,670606,defensive,1,0.9700,0,1047
4043,670809,defensive,1,0.9700,0,1048
4044,670933,defensive,1,0.9700,0,1049
4045,671069,defensive,1,0.9700,0,1050
4046,671197,defensive,1,0.9700,0,1051
4047,671361,defensive,1,0.9700,0,1052
4048,671478,defensive,1,0.9700,0,1053
4049,671670,defensive,1,0.9800,0,1054
4050,671822,defensive,1,0.9800,0,1055
4051,671972,defensive,1,0.9800,0,1056
4052,672286,defensive,1,0.9800,0,1057
4053,672405,defensive,1,0.9800,0,1058
4054,672528,defensive,1,0.9800,0,1059
4055,672659,defensive,1,0.9900,0,1060
4056,672916,defensive,1,0.9900,0,1061
4057,673052,defensive,1,0.9900,0,1062
4058,673206,defensive,1,0.9900,0,1063
4059,673425,defensive,1,0.9900,0,1064
4060,673550,defensive,1,0.9900,0,1065
4061,673699,defensive,1,0.9900,0,1066
4062,673936,defensive,1,0.9900,0,1067
4063,674070,defensive,1,0.9900,0,1068
4064,674238,defensive,1,0.9900,0,1069
4065,674383,defensive,1,0.9900,0,1070
4066,674505,defensive,1,0.9900,0,1071
4067,674805,defensive,1,0.9900,0,1072
4068,674931,defensive,1,0.9900,0,1073
4069,675054,defensive,1,0.9900,0,1074
4070,675150,defensive,0,0.9800,0,1075
4071,675340,defensive,1,0.9800,0,1076
4072,675472,defensive,1,0.9800,0,1077
4073,675642,defensive,1,0.9800,0,1078
4074,675775,defensive,1,0.9800,0,1079
4075,675928,defensive,1,0.9800,0,1080
4076,676224,defensive,1,0.9800,0,1081
4077,676352,defensive,1,0.9800,0,1082
4078,676472,defensive,1,0.9800,0,1083
4079,676618,defensive,1,0.9800,0,1084
4080,676829,defensive,1,0.9800,0,1085
4081,676975,defensive,1,0.9800,0,1086
4082,677099,defensive,1,0.9800,0,1087
4083,677237,defensive,1,0.9800,0,1088
4084,677361,defensive,1,0.9800,0,1089
4085,677491,defensive,1,0.9800,0,1090
4086,677687,defensive,1,0.9800,0,1091
4087,677847,defensive,1,0.9800,0,1092
4088,677975,defensive,1,0.9800,0,1093
4089,678114,defensive,1,0.9800,0,1094
4090,678253,defensive,1,0.9800,0,1095
4091,678420,defensive,1,0.9800,0,1096
4092,678545,defensive,1,0.9800,0,1097
4093,678678,defensive,1,0.9800,0,1098
4094,678807,defensive,1,0.9800,0,1099
4095,679052,defensive,1,0.9800,0,1100
4096,679173,defensive,1,0.9800,0,1101
4097,679299,defensive,1,0.9800,0,1102
4098,679483,defensive,1,0.9900,0,1103
4099,679611,defensive,1,0.9900,0,1104
4100,679749,defensive,1,0.9900,0,1105
4101,679911,defensive,1,0.9900,0,1106
4102,680027,defensive,1,0.9900,0,1107
4103,680161,defensive,1,0.9900,0,1108
4104,680315,defensive,1,0.9900,0,1109
4105,680442,defensive,1,0.9900,0,1110
4106,680668,defensive,1,0.9900,0,1111
4107,680815,defensive,1,0.9900,0,1112
4108,680932,defensive,1,0.9900,0,1113
4109,681063,defensive,1,0.9900,0,1114
4110,681281,defensive,1,0.9900,0,1115
4111,681413,defensive,1,0.9900,0,1116
4112,681540,defensive,1,0.9900,0,1117
4113,681633,defensive,0,0.9800,0,1118
4114,681756,defensive,1,0.9800,0,1119
4115,681936,defensive,1,0.9800,0,1120
4116,682069,defensive,1,0.9800,0,1121
4117,682201,defensive,1,0.9800,0,1122
4118,682329,defensive,1,0.9800,0,1123
4119,682459,defensive,1,0.9800,0,1124
4120,682644,defensive,1,0.9800,0,1125
4121,682824,defensive,1,0.9800,0,1126
4122,682925,defensive,1,0.9800,0,1127
4123,683067,defensive,1,0.9800,0,1128
4124,683156,defensive,0,0.9700,0,1129
4125,683320,defensive,1,0.9700,0,1130
4126,683458,defensive,1,0.9700,0,1131
4127,683614,defensive,1,0.9700,0,1132
4128,683733,defensive,1,0.9700,0,1133
4129,683918,defensive,1,0.9700,0,1134
4130,684051,defensive,1,0.9700,0,1135
4131,684228,defensive,1,0.9700,0,1136
4132,684396,defensive,1,0.9700,0,1137
4133,684517,defensive,1,0.9700,0,1138
4134,684637,defensive,1,0.9700,0,1139
4135,684776,defensive,1,0.9700,0,1140
4136,684938,defensive,1,0.9700,0,1141
4137,685095,defensive,1,0.9700,0,1142
4138,685229,defensive,1,0.9700,0,1143
4139,685447,defensive,1,0.9700,0,1144
4140,685575,defensive,1,0.9700,0,1145
4141,685701,defensive,1,0.9700,0,1146
4142,685851,defensive,1,0.9700,0,1147
4143,685995,defensive,1,0.9700,0,1148
4144,686119,defensive,1,0.9700,0,1149
4145,686248,defensive,1,0.9700,0,1150
4146,686442,defensive,1,0.9700,0,1151
4147,686579,defensive,1,0.9700,0,1152
4148,686746,defensive,1,0.9700,0,1153
4149,686889,defensive,1,0.9700,0,1154
4150,687005,defensive,1,0.9700,0,1155
4151,687194,defensive,1,0.9700,0,1156
4152,687315,defensive,1,0.9700,0,1157
4153,687474,defensive,1,0.9700,0,1158
4154,687765,defensive,1,0.9700,0,1159
4155,687897,defensive,1,0.9700,0,1160
4156,688022,defensive,1,0.9700,0,1161
4157,688167,defensive,1,0.9700,0,1162
4158,688283,defensive,1,0.9700,0,1163
4159,688401,defensive,1,0.9700,0,1164
4160,688534,defensive,1,0.9700,0,1165
4161,688664,defensive,1,0.9700,0,1166
4162,688816,defensive,1,0.9700,0,1167
4163,688938,defensive,1,0.9700,0,1168
4164,689063,defensive,1,0.9700,0,1169
4165,689185,defensive,1,0.9700,0,1170
4166,689314,defensive,1,0.9700,0,1171
4167,689439,defensive,1,0.9700,0,1172
4168,689571,defensive,1,0.9700,0,1173
4169,689664,defensive,0,0.9600,0,1174
4170,689778,defensive,1,0.9700,0,1175
4171,689866,defensive,0,0.9600,0,1176
4172,690029,defensive,1,0.9600,0,1177
4173,690222,defensive,1,0.9600,0,1178
4174,690351,defensive,1,0.9600,0,1179
4175,690516,defensive,1,0.9600,0,1180
4176,690644,defensive,1,0.9600,0,1181
4177,690755,defensive,1,0.9600,0,1182
4178,690892,defensive,1,0.9600,0,1183
4179,691020,defensive,1,0.9600,0,1184
4180,691184,defensive,1,0.9600,0,1185
4181,691317,defensive,1,0.9600,0,1186
4182,691449,defensive,1,0.9600,0,1187
4183,691584,defensive,1,0.9600,0,1188
4184,691701,defensive,1,0.9600,0,1189
4185,691917,defensive,1,0.9600,0,1190
4186,692044,defensive,1,0.9600,0,1191
4187,692167,defensive,1,0.9600,0,1192
4188,692352,defensive,1,0.9600,0,1193
4189,692487,defensive,1,0.9600,0,1194
4190,692666,defensive,1,0.9600,0,1195
4191,692837,defensive,1,0.9600,0,1196
4192,692978,defensive,1,0.9600,0,1197
4193,693103,defensive,1,0.9600,0,1198
4194,693256,defensive,1,0.9600,0,1199
4195,693408,defensive,1,0.9600,0,1200
4196,693542,defensive,1,0.9600,0,1201
4197,693671,defensive,1,0.9600,0,1202
4198,693865,defensive,1,0.9600,0,1203
4199,694048,defensive,1,0.9600,0,1204
4200,694205,defensive,1,0.9600,0,1205
4201,694337,defensive,1,0.9600,0,1206
4202,694461,defensive,1,0.9600,0,1207
4203,694603,defensive,1,0.9600,0,1208
4204,694728,defensive,1,0.9600,0,1209
4205,694868,defensive,1,0.9600,0,1210
4206,695003,defensive,1,0.9600,0,1211
4207,695172,defensive,1,0.9600,0,1212
4208,695426,defensive,1,0.9600,0,1213
4209,695572,defensive,1,0.9600,0,1214
4210,695722,defensive,1,0.9600,0,1215
4211,695856,defensive,1,0.9600,0,1216
4212,695982,defensive,1,0.9600,0,1217
4213,696152,defensive,1,0.9700,0,1218
4214,696387,defensive,1,0.9700,0,1219
4215,696545,defensive,1,0.9700,0,1220
4216,696945,defensive,1,0.9700,0,1221
4217,697066,defensive,1,0.9700,0,1222
4218,697223,defensive,1,0.9700,0,1223
4219,697382,defensive,1,0.9700,0,1224
4220,697510,defensive,1,0.9700,0,1225
4221,697762,defensive,1,0.9700,0,1226
4222,697909,defensive,1,0.9700,0,1227
4223,698048,defensive,1,0.9700,0,1228
4224,698180,defensive,1,0.9800,0,1229
4225,698304,defensive,1,0.9800,0,1230
4226,698476,defensive,1,0.9800,0,1231
4227,698632,defensive,1,0.9800,0,1232
4228,698724,defensive,0,0.9700,0,1233
4229,698820,defensive,1,0.9700,0,1234
4230,698958,defensive,1,0.9700,0,1235
4231,699054,defensive,0,0.9600,0,1236
4232,699186,defensive,1,0.9600,0,1237
4233,699315,defensive,1,0.9600,0,1238
4234,699566,defensive,1,0.9600,0,1239
4235,699696,defensive,1,0.9600,0,1240
4236,699859,defensive,1,0.9600,0,1241
4237,700002,defensive,1,0.9600,0,1242
4238,700186,defensive,1,0.9600,0,1243
4239,700322,defensive,1,0.9600,0,1244
4240,700449,defensive,1,0.9600,0,1245
4241,700612,defensive,1,0.9600,0,1246
4242,700744,defensive,1,0.9600,0,1247
4243,701051,defensive,1,0.9600,0,1248
4244,701214,defensive,1,0.9600,0,1249
4245,701360,defensive,1,0.9600,0,1250
4246,701495,defensive,1,0.9600,0,1251
4247,701626,defensive,1,0.9600,0,1252
4248,701756,defensive,1,0.9600,0,1253
4249,701892,defensive,1,0.9600,0,1254
4250,702069,defensive,1,0.9600,0,1255
4251,702184,defensive,1,0.9600,0,1256
4252,702308,defensive,1,0.9600,0,1257
4253,702443,defensive,1,0.9600,0,1258
4254,702572,defensive,1,0.9600,0,1259
4255,702697,defensive,1,0.9600,0,1260
4256,702830,defensive,1,0.9600,0,1261
4257,702959,defensive,1,0.9600,0,1262
4258,703092,defensive,1,0.9600,0,1263
4259,703236,defensive,1,0.9600,0,1264
4260,703375,defensive,1,0.9600,0,1265
4261,703510,defensive,1,0.9600,0,1266
4262,703696,defensive,1,0.9600,0,1267
4263,703848,defensive,1,0.9600,0,1268
4264,703995,defensive,1,0.9600,0,1269
4265,704126,defensive,1,0.9600,0,1270
4266,704370,defensive,1,0.9600,0,1271
4267,704500,defensive,1,0.9600,0,1272
4268,704623,defensive,1,0.9600,0,1273
4269,704743,defensive,1,0.9700,0,1274
4270,704896,defensive,1,0.9700,0,1275
4271,705021,defensive,1,0.9800,0,1276
4272,705168,defensive,1,0.9800,0,1277
4273,705335,defensive,1,0.9800,0,1278
4274,705680,defensive,1,0.9800,0,1279
4275,705878,defensive,1,0.9800,0,1280
4276,706005,defensive,1,0.9800,0,1281
4277,706148,defensive,1,0.9800,0,1282
4278,706278,defensive,1,0.9800,0,1283
4279,706498,defensive,1,0.9800,0,1284
4280,706621,defensive,1,0.9800,0,1285
4281,706747,defensive,1,0.9800,0,1286
4282,706874,defensive,1,0.9800,0,1287
4283,707024,defensive,1,0.9800,0,1288
4284,707260,defensive,1,0.9800,0,1289
4285,707396,defensive,1,0.9800,0,1290
4286,707517,defensive,1,0.9800,0,1291
4287,707816,defensive,1,0.9800,0,1292
4288,708131,defensive,1,0.9800,0,1293
4289,708281,defensive,1,0.9800,0,1294
4290,708418,defensive,1,0.9800,0,1295
4291,708559,defensive,1,0.9800,0,1296
4292,708761,defensive,1,0.9800,0,1297
4293,708949,defensive,1,0.9800,0,1298
4294,709090,defensive,1,0.9800,0,1299
4295,709231,defensive,1,0.9800,0,1300
4296,709360,defensive,1,0.9800,0,1301
4297,709479,defensive,1,0.9800,0,1302
4298,709687,defensive,1,0.9800,0,1303
4299,709834,defensive,1,0.9800,0,1304
4300,710002,defensive,1,0.9800,0,1305
4301,710189,defensive,1,0.9800,0,1306
4302,710314,defensive,1,0.9800,0,1307
4303,710477,defensive,1,0.9800,0,1308
4304,710606,defensive,1,0.9800,0,1309
4305,710743,defensive,1,0.9800,0,1310
4306,710913,defensive,1,0.9800,0,1311
4307,711045,defensive,1,0.9800,0,1312
4308,711357,defensive,1,0.9800,0,1313
4309,711444,defensive,0,0.9700,0,1314
4310,711565,defensive,1,0.9700,0,1315
4311,711702,defensive,1,0.9700,0,1316
4312,711867,defensive,1,0.9700,0,1317
4313,712008,defensive,1,0.9700,0,1318
4314,712179,defensive,1,0.9700,0,1319
4315,712411,defensive,1,0.9700,0,1320
4316,712576,defensive,1,0.9700,0,1321
4317,712696,defensive,1,0.9700,0,1322
4318,712815,defensive,1,0.9700,0,1323
4319,712952,defensive,1,0.9700,0,1324
4320,713116,defensive,1,0.9700,0,1325
4321,713247,defensive,1,0.9700,0,1326
4322,713409,defensive,1,0.9700,0,1327
4323,713541,defensive,1,0.9700,0,1328
4324,713657,defensive,1,0.9700,0,1329
4325,713808,defensive,1,0.9700,0,1330
4326,713971,defensive,1,0.9700,0,1331
4327,714158,defensive,1,0.9700,0,1332
4328,714326,defensive,1,0.9800,0,1333
4329,714478,defensive,1,0.9800,0,1334
4330,714601,defensive,1,0.9800,0,1335
4331,714767,defensive,1,0.9900,0,1336
4332,714904,defensive,1,0.9900,0,1337
4333,715050,defensive,1,0.9900,0,1338
4334,715168,defensive,1,0.9900,0,1339
4335,715301,defensive,1,0.9900,0,1340
4336,715582,defensive,1,0.9900,0,1341
4337,715737,defensive,1,0.9900,0,1342
4338,715874,defensive,1,0.9900,0,1343
4339,716025,defensive,1,0.9900,0,1344
4340,716138,defensive,1,0.9900,0,1345
4341,716315,defensive,1,0.9900,0,1346
4342,716557,defensive,1,0.9900,0,1347
4343,716770,defensive,1,0.9900,0,1348
4344,716892,defensive,1,0.9900,0,1349
4345,717049,defensive,1,0.9900,0,1350
4346,717234,defensive,1,0.9900,0,1351
4347,717427,defensive,1,0.9900,0,1352
4348,717645,defensive,0,0.9800,0,1353
4349,717820,defensive,1,0.9800,0,1354
4350,717952,defensive,1,0.9800,0,1355
4351,718110,defensive,1,0.9800,0,1356
4352,718239,defensive,1,0.9800,0,1357
4353,718378,defensive,1,0.9800,0,1358
4354,718477,defensive,0,0.9700,0,1359
4355,718674,defensive,1,0.9700,0,1360
4356,718793,defensive,1,0.9700,0,1361
4357,719097,defensive,1,0.9700,0,1362
4358,719224,defensive,1,0.9700,0,1363
4359,719365,defensive,1,0.9700,0,1364
4360,719494,defensive,1,0.9700,0,1365
4361,719620,defensive,1,0.9700,0,1366
4362,719739,defensive,1,0.9700,0,1367
4363,719908,defensive,1,0.9700,0,1368
4364,720080,defensive,1,0.9700,0,1369
4365,720227,defensive,1,0.9700,0,1370
4366,720324,defensive,1,0.9700,0,1371
4367,720489,defensive,1,0.9700,0,1372
4368,720774,defensive,1,0.9700,0,1373
4369,720892,defensive,1,0.9700,0,1374
4370,721019,defensive,1,0.9700,0,1375
4371,721133,defensive,1,0.9700,0,1376
4372,721262,defensive,1,0.9700,0,1377
4373,721386,defensive,1,0.9700,0,1378
4374,721616,defensive,1,0.9700,0,1379
4375,721766,defensive,1,0.9700,0,1380
4376,721934,defensive,1,0.9700,0,1381
4377,722064,defensive,1,0.9700,0,1382
4378,722162,defensive,1,0.9700,0,1383
4379,722340,defensive,1,0.9700,0,1384
4380,722463,defensive,1,0.9700,0,1385
4381,722655,defensive,1,0.9700,0,1386
4382,722778,defensive,1,0.9700,0,1387
4383,722916,defensive,1,0.9700,0,1388
4384,723041,defensive,1,0.9700,0,1389
4385,723139,defensive,1,0.9700,0,1390
4386,723272,defensive,1,0.9700,0,1391
4387,723440,defensive,1,0.9700,0,1392
4388,723571,defensive,1,0.9700,0,1393
4389,723726,defensive,1,0.9700,0,1394
4390,723889,defensive,1,0.9700,0,1395
4391,724036,defensive,1,0.9700,0,1396
4392,724211,defensive,1,0.9700,0,1397
4393,724358,defensive,1,0.9700,0,1398
4394,724480,defensive,1,0.9700,0,1399
4395,724612,defensive,1,0.9700,0,1400
4396,724730,defensive,1,0.9700,0,1401
4397,724859,defensive,1,0.9700,0,1402
4398,724992,defensive,1,0.9700,0,1403
4399,725160,defensive,1,0.9700,0,1404
4400,725295,defensive,1,0.9700,0,1405
4401,725512,defensive,1,0.9700,0,1406
4402,725661,defensive,1,0.9700,0,1407
4403,725798,defensive,1,0.9700,0,1408
4404,725947,defensive,1,0.9700,0,1409
4405,726076,defensive,1,0.9700,0,1410
4406,726211,defensive,1,0.9700,0,1411
4407,726343,defensive,1,0.9700,0,1412
4408,726526,defensive,1,0.9700,0,1413
4409,726846,defensive,1,0.9800,0,1414
4410,727014,defensive,1,0.9800,0,1415
4411,727133,defensive,1,0.9800,0,1416
4412,727258,defensive,1,0.9800,0,1417
4413,727432,defensive,1,0.9800,0,1418
4414,727594,defensive,1,0.9800,0,1419
4415,727716,defensive,1,0.9800,0,1420
4416,727839,defensive,1,0.9800,0,1421
4417,727937,defensive,1,0.9800,0,1422
4418,728104,defensive,1,0.9800,0,1423
4419,728227,defensive,1,0.9800,0,1424
4420,728386,defensive,1,0.9800,0,1425
4421,728538,defensive,1,0.9800,0,1426
4422,728660,defensive,1,0.9800,0,1427
4423,728777,defensive,1,0.9800,0,1428
4424,728905,defensive,1,0.9800,0,1429
4425,729108,defensive,1,0.9800,0,1430
4426,729232,defensive,1,0.9800,0,1431
4427,729374,defensive,1,0.9800,0,1432
4428,729504,defensive,1,0.9800,0,1433
4429,729738,defensive,1,0.9800,0,1434
4430,729921,defensive,1,0.9800,0,1435
4431,730167,defensive,1,0.9800,0,1436
4432,730300,defensive,1,0.9800,0,1437
4433,730654,defensive,1,0.9800,0,1438
4434,730784,defensive,1,0.9800,0,1439
4435,730914,defensive,1,0.9800,0,1440
4436,731122,defensive,1,0.9800,0,1441
4437,731323,defensive,1,0.9800,0,1442
4438,731466,defensive,1,0.9800,0,1443
4439,731605,defensive,1,0.9800,0,1444
4440,731725,defensive,1,0.9800,0,1445
4441,731873,defensive,1,0.9800,0,1446
4442,732021,defensive,1,0.9800,0,1447
4443,732196,defensive,1,0.9800,0,1448
4444,732392,defensive,1,0.9800,0,1449
4445,732528,defensive,1,0.9800,0,1450
4446,732652,defensive,1,0.9800,0,1451
4447,732872,defensive,1,0.9800,0,1452
4448,733005,defensive,1,0.9900,0,1453
4449,733263,defensive,1,0.9900,0,1454
4450,733389,defensive,1,0.9900,0,1455
4451,733517,defensive,1,0.9900,0,1456
4452,733756,defensive,1,0.9900,0,1457
4453,733890,defensive,1,0.9900,0,1458
4454,733983,defensive,0,0.9900,0,1459
4455,734102,defensive,1,0.9900,0,1460
4456,734227,defensive,1,0.9900,0,1461
4457,734426,defensive,1,0.9900,0,1462
4458,734552,defensive,1,0.9900,0,1463
4459,734673,defensive,1,0.9900,0,1464
4460,734923,defensive,1,0.9900,0,1465
4461,735048,defensive,1,0.9900,0,1466
4462,735168,defensive,1,0.9900,0,1467
4463,735311,defensive,1,0.9900,0,1468
4464,735493,defensive,1,0.9900,0,1469
4465,735623,defensive,1,0.9900,0,1470
4466,735764,defensive,1,0.9900,0,1471
4467,735892,defensive,1,0.9900,0,1472
4468,736020,defensive,1,0.9900,0,1473
4469,736158,defensive,0,0.9800,0,1474
4470,736252,defensive,1,0.9800,0,1475
4471,736375,defensive,1,0.9800,0,1476
4472,736510,defensive,1,0.9800,0,1477
4473,736662,defensive,1,0.9800,0,1478
4474,736788,defensive,1,0.9800,0,1479
4475,736965,defensive,1,0.9800,0,1480
4476,737101,defensive,1,0.9800,0,1481
4477,737229,defensive,1,0.9800,0,1482
4478,737347,defensive,1,0.9800,0,1483
4479,737482,defensive,1,0.9800,0,1484
4480,737607,defensive,1,0.9800,0,1485
4481,737748,defensive,1,0.9800,0,1486
4482,738042,defensive,1,0.9800,0,1487
4483,738163,defensive,1,0.9800,0,1488
4484,738281,defensive,1,0.9800,0,1489
4485,738407,defensive,1,0.9800,0,1490
4486,738702,defensive,1,0.9800,0,1491
4487,738827,defensive,1,0.9800,0,1492
4488,738981,defensive,1,0.9800,0,1493
4489,739104,defensive,1,0.9800,0,1494
4490,739224,defensive,1,0.9800,0,1495
4491,739347,defensive,1,0.9800,0,1496
4492,739558,defensive,1,0.9800,0,1497
4493,739693,defensive,1,0.9800,0,1498
4494,739866,defensive,1,0.9800,0,1499
4495,740022,defensive,1,0.9800,0,1500
4496,740275,defensive,1,0.9800,0,1501
4497,740526,defensive,1,0.9800,0,1502
4498,740646,defensive,1,0.9800,0,1503
4499,740766,defensive,1,0.9800,0,1504
4500,740909,defensive,1,0.9800,0,1505
4501,741040,defensive,1,0.9800,0,1506
4502,741163,defensive,1,0.9800,0,1507
4503,741293,defensive,1,0.9800,0,1508
4504,741412,defensive,1,0.9800,0,1509
4505,741657,defensive,1,0.9800,0,1510
4506,741823,defensive,1,0.9800,0,1511
4507,741954,defensive,1,0.9800,0,1512
4508,742112,defensive,1,0.9800,0,1513
4509,742252,defensive,1,0.9800,0,1514
4510,742404,defensive,1,0.9800,0,1515
4511,742677,defensive,1,0.9800,0,1516
4512,742805,defensive,1,0.9800,0,1517
4513,742976,defensive,1,0.9800,0,1518
4514,743103,defensive,1,0.9800,0,1519
4515,743225,defensive,1,0.9800,0,1520
4516,743340,defensive,1,0.9800,0,1521
4517,743525,defensive,1,0.9800,0,1522
4518,743662,defensive,1,0.9800,0,1523
4519,743784,defensive,1,0.9800,0,1524
4520,743933,defensive,1,0.9800,0,1525
4521,744064,defensive,1,0.9800,0,1526
4522,744231,defensive,1,0.9800,0,1527
4523,744353,defensive,1,0.9800,0,1528
4524,744515,defensive,1,0.9800,0,1529
4525,744632,defensive,1,0.9800,0,1530
4526,744962,defensive,1,0.9800,0,1531
4527,745114,defensive,1,0.9800,0,1532
4528,745244,defensive,1,0.9800,0,1533
4529,745369,defensive,1,0.9800,0,1534
4530,745511,defensive,1,0.9800,0,1535
4531,745656,defensive,1,0.9800,0,1536
4532,745802,defensive,1,0.9800,0,1537
4533,746083,defensive,1,0.9800,0,1538
4534,746208,defensive,1,0.9800,0,1539
4535,746331,defensive,1,0.9800,0,1540
4536,746521,defensive,1,0.9800,0,1541
4537,746613,defensive,1,0.9800,0,1542
4538,746782,defensive,1,0.9800,0,1543
4539,746999,defensive,1,0.9800,0,1544
4540,747144,defensive,1,0.9800,0,1545
4541,747242,defensive,0,0.9700,0,1546
4542,747381,defensive,1,0.9700,0,1547
4543,747527,defensive,1,0.9700,0,1548
4544,747836,defensive,1,0.9700,0,1549
4545,747954,defensive,1,0.9700,0,1550
4546,748097,defensive,1,0.9700,0,1551
4547,748234,defensive,1,0.9700,0,1552
4548,748435,defensive,1,0.9700,0,1553
4549,748551,defensive,1,0.9700,0,1554
4550,748754,defensive,1,0.9700,0,1555
4551,748906,defensive,1,0.9700,0,1556
4552,749028,defensive,1,0.9700,0,1557
4553,749158,defensive,1,0.9700,0,1558
4554,749323,defensive,1,0.9800,0,1559
4555,749624,defensive,1,0.9800,0,1560
4556,749741,defensive,1,0.9800,0,1561
4557,749867,defensive,1,0.9800,0,1562
4558,749982,defensive,1,0.9800,0,1563
4559,750113,defensive,1,0.9800,0,1564
4560,750257,defensive,1,0.9800,0,1565
4561,750390,defensive,1,0.9800,0,1566
4562,750566,defensive,1,0.9800,0,1567
4563,750686,defensive,1,0.9800,0,1568
4564,750836,defensive,1,0.9800,0,1569
4565,750957,defensive,1,0.9800,0,1570
4566,751119,defensive,1,0.9800,0,1571
4567,751247,defensive,1,0.9800,0,1572
4568,751372,defensive,1,0.9800,0,1573
4569,751546,defensive,1,0.9900,0,1574
4570,751674,defensive,1,0.9900,0,1575
4571,751811,defensive,1,0.9900,0,1576
4572,751914,defensive,0,0.9800,0,1577
4573,752038,defensive,1,0.9800,0,1578
4574,752171,defensive,1,0.9800,0,1579
4575,752293,defensive,1,0.9800,0,1580
4576,752416,defensive,1,0.9800,0,1581
4577,752540,defensive,1,0.9800,0,1582
4578,752692,defensive,1,0.9800,0,1583
4579,752837,defensive,1,0.9800,0,1584
4580,752963,defensive,1,0.9800,0,1585
4581,753102,defensive,1,0.9800,0,1586
4582,753235,defensive,1,0.9800,0,1587
4583,753332,defensive,1,0.9800,0,1588
4584,753488,defensive,1,0.9800,0,1589
4585,753607,defensive,1,0.9800,0,1590
4586,753731,defensive,1,0.9800,0,1591
4587,753820,defensive,1,0.9800,0,1592
4588,753959,defensive,1,0.9800,0,1593
4589,754100,defensive,1,0.9800,0,1594
4590,754268,defensive,1,0.9800,0,1595
4591,754408,defensive,1,0.9800,0,1596
4592,754618,defensive,1,0.9800,0,1597
4593,754777,defensive,1,0.9800,0,1598
4594,755106,defensive,1,0.9800,0,1599
4595,755237,defensive,1,0.9800,0,1600
4596,755366,defensive,1,0.9800,0,1601
4597,755488,defensive,1,0.9800,0,1602
4598,755675,defensive,1,0.9800,0,1603
4599,755764,defensive,0,0.9700,0,1604
4600,755909,defensive,1,0.9700,0,1605
4601,756057,defensive,1,0.9700,0,1606
4602,756192,defensive,1,0.9700,0,1607
4603,756341,defensive,1,0.9700,0,1608
4604,756466,defensive,1,0.9700,0,1609
4605,756676,defensive,1,0.9700,0,1610
4606,756934,defensive,1,0.9700,0,1611
4607,757057,defensive,1,0.9700,0,1612
4608,757211,defensive,1,0.9700,0,1613
4609,757377,defensive,1,0.9700,0,1614
4610,757501,defensive,1,0.9700,0,1615
4611,757619,defensive,1,0.9700,0,1616
4612,757759,defensive,1,0.9700,0,1617
4613,757887,defensive,1,0.9700,0,1618
4614,758022,defensive,1,0.9700,0,1619
4615,758181,defensive,1,0.9700,0,1620
4616,758349,defensive,1,0.9700,0,1621
4617,758475,defensive,1,0.9700,0,1622
4618,758603,defensive,1,0.9700,0,1623
4619,758756,defensive,1,0.9700,0,1624
4620,758868,defensive,1,0.9700,0,1625
4621,759032,defensive,1,0.9700,0,1626
4622,759161,defensive,1,0.9700,0,1627
4623,759288,defensive,1,0.9700,0,1628
4624,759404,defensive,1,0.9700,0,1629
4625,759527,defensive,1,0.9700,0,1630
4626,759671,defensive,1,0.9700,0,1631
4627,759921,defensive,1,0.9700,0,1632
4628,760043,defensive,1,0.9700,0,1633
4629,760266,defensive,1,0.9700,0,1634
4630,760395,defensive,1,0.9700,0,1635
4631,760672,defensive,1,0.9700,0,1636
4632,760788,defensive,1,0.9700,0,1637
4633,760942,defensive,1,0.9700,0,1638
4634,761099,defensive,1,0.9700,0,1639
4635,761228,defensive,0,0.9600,0,1640
4636,761372,defensive,1,0.9600,0,1641
4637,761489,defensive,1,0.9600,0,1642
4638,761612,defensive,1,0.9600,0,1643
4639,761739,defensive,1,0.9600,0,1644
4640,761863,defensive,1,0.9600,0,1645
4641,761985,defensive,1,0.9700,0,1646
4642,762117,defensive,1,0.9700,0,1647
4643,762249,defensive,1,0.9700,0,1648
4644,762370,defensive,1,0.9700,0,1649
4645,762500,defensive,1,0.9700,0,1650
4646,762630,defensive,1,0.9700,0,1651
4647,762778,defensive,1,0.9700,0,1652
4648,762903,defensive,1,0.9700,0,1653
4649,763029,defensive,1,0.9700,0,1654
4650,763248,defensive,1,0.9700,0,1655
4651,763413,defensive,1,0.9700,0,1656
4652,763549,defensive,1,0.9700,0,1657
4653,763675,defensive,1,0.9700,0,1658
4654,763862,defensive,1,0.9700,0,1659
4655,763989,defensive,1,0.9700,0,1660
4656,764230,defensive,1,0.9700,0,1661
4657,764369,defensive,1,0.9700,0,1662
4658,764493,defensive,1,0.9700,0,1663
4659,765406,defensive,1,0.9700,0,1664
4660,765504,defensive,0,0.9600,0,1665
4661,765679,defensive,1,0.9600,0,1666
4662,765815,defensive,1,0.9600,0,1667
4663,765911,defensive,1,0.9600,0,1668
4664,766035,defensive,1,0.9600,0,1669
4665,766163,defensive,1,0.9600,0,1670
4666,766326,defensive,1,0.9600,0,1671
4667,766445,defensive,1,0.9600,0,1672
4668,766571,defensive,1,0.9600,0,1673
4669,766662,defensive,0,0.9500,0,1674
4670,766787,defensive,1,0.9500,0,1675
4671,766914,defensive,1,0.9500,0,1676
4672,767034,defensive,1,0.9600,0,1677
4673,767128,defensive,1,0.9600,0,1678
4674,767305,defensive,1,0.9600,0,1679
4675,767429,defensive,1,0.9600,0,1680
4676,767520,defensive,0,0.9500,0,1681
4677,767642,defensive,1,0.9500,0,1682
4678,767770,defensive,1,0.9500,0,1683
4679,767900,defensive,1,0.9500,0,1684
4680,768020,defensive,1,0.9500,0,1685
4681,768146,defensive,1,0.9500,0,1686
4682,768242,defensive,0,0.9400,0,1687
4683,768372,defensive,1,0.9400,0,1688
4684,768660,defensive,1,0.9400,0,1689
4685,768771,defensive,1,0.9400,0,1690
4686,768888,defensive,1,0.9400,0,1691
4687,769015,defensive,1,0.9400,0,1692
4688,769146,defensive,1,0.9400,0,1693
4689,769410,defensive,1,0.9400,0,1694
4690,769543,defensive,1,0.9400,0,1695
4691,769701,defensive,1,0.9400,0,1696
4692,769829,defensive,1,0.9400,0,1697
4693,769961,defensive,1,0.9400,0,1698
4694,770112,defensive,1,0.9400,0,1699
4695,770236,defensive,1,0.9400,0,1700
4696,770364,defensive,1,0.9400,0,1701
4697,770497,defensive,1,0.9400,0,1702
4698,770625,defensive,1,0.9400,0,1703
4699,770751,defensive,1,0.9500,0,1704
4700,770972,defensive,1,0.9500,0,1705
4701,771116,defensive,1,0.9500,0,1706
4702,771237,defensive,1,0.9500,0,1707
4703,771363,defensive,1,0.9500,0,1708
4704,771492,defensive,1,0.9500,0,1709
4705,771671,defensive,1,0.9500,0,1710
4706,771793,defensive,1,0.9500,0,1711
4707,771895,defensive,1,0.9500,0,1712
4708,772027,defensive,1,0.9500,0,1713
4709,772162,defensive,1,0.9500,0,1714
4710,772319,defensive,1,0.9500,0,1715
4711,772552,defensive,1,0.9500,0,1716
4712,772702,defensive,1,0.9500,0,1717
4713,772800,defensive,1,0.9500,0,1718
4714,772931,defensive,1,0.9500,0,1719
4715,773078,defensive,1,0.9500,0,1720
4716,773216,defensive,1,0.9500,0,1721
4717,773350,defensive,1,0.9500,0,1722
4718,773479,defensive,1,0.9500,0,1723
4719,773631,defensive,1,0.9500,0,1724
4720,773730,defensive,0,0.9400,0,1725
4721,773858,defensive,1,0.9400,0,1726
4722,774000,defensive,1,0.9400,0,1727
4723,774123,defensive,1,0.9400,0,1728
4724,774217,defensive,1,0.9400,0,1729
4725,774428,defensive,1,0.9400,0,1730
4726,774558,defensive,1,0.9400,0,1731
4727,774720,defensive,1,0.9400,0,1732
4728,774841,defensive,1,0.9400,0,1733
4729,774971,defensive,1,0.9400,0,1734
4730,775235,defensive,1,0.9400,0,1735
4731,775362,defensive,1,0.9400,0,1736
4732,775491,defensive,1,0.9400,0,1737
4733,775622,defensive,1,0.9400,0,1738
4734,775750,defensive,1,0.9400,0,1739
4735,775919,defensive,1,0.9500,0,1740
4736,776080,defensive,1,0.9500,0,1741
4737,776215,defensive,1,0.9500,0,1742
4738,776345,defensive,1,0.9500,0,1743
4739,776537,defensive,1,0.9500,0,1744
4740,776699,defensive,1,0.9500,0,1745
4741,776827,defensive,1,0.9500,0,1746
4742,776955,defensive,1,0.9500,0,1747
4743,777094,defensive,1,0.9500,0,1748
4744,777241,defensive,1,0.9500,0,1749
4745,777367,defensive,1,0.9500,0,1750
4746,777511,defensive,1,0.9500,0,1751
4747,777645,defensive,1,0.9500,0,1752
4748,777789,defensive,1,0.9500,0,1753
4749,777921,defensive,1,0.9500,0,1754
4750,778046,defensive,1,0.9500,0,1755
4751,778178,defensive,1,0.9500,0,1756
4752,778330,defensive,1,0.9500,0,1757
4753,778474,defensive,1,0.9500,0,1758
4754,778645,defensive,1,0.9500,0,1759
4755,778838,defensive,1,0.9500,0,1760
4756,779119,defensive,1,0.9500,0,1761
4757,779248,defensive,1,0.9500,0,1762
4758,779368,defensive,1,0.9500,0,1763
4759,779503,defensive,1,0.9500,0,1764
4760,779623,defensive,1,0.9600,0,1765
4761,779720,defensive,1,0.9600,0,1766
4762,779872,defensive,1,0.9600,0,1767
4763,779993,defensive,1,0.9600,0,1768
4764,780188,defensive,1,0.9600,0,1769
4765,780310,defensive,1,0.9600,0,1770
4766,780558,defensive,1,0.9600,0,1771
4767,780716,defensive,1,0.9600,0,1772
4768,780808,defensive,0,0.9500,0,1773
4769,780939,defensive,1,0.9600,0,1774
4770,781061,defensive,1,0.9600,0,1775
4771,781179,defensive,1,0.9600,0,1776
4772,781339,defensive,1,0.9600,0,1777
4773,781463,defensive,1,0.9600,0,1778
4774,781590,defensive,1,0.9600,0,1779
4775,781737,defensive,1,0.9600,0,1780
4776,781866,defensive,1,0.9700,0,1781
4777,782046,defensive,1,0.9700,0,1782
4778,782164,defensive,1,0.9700,0,1783
4779,782293,defensive,1,0.9700,0,1784
4780,782417,defensive,1,0.9700,0,1785
4781,782568,defensive,1,0.9700,0,1786
4782,782694,defensive,1,0.9800,0,1787
4783,782827,defensive,1,0.9800,0,1788
4784,782951,defensive,1,0.9800,0,1789
4785,783078,defensive,1,0.9800,0,1790
4786,783332,defensive,1,0.9800,0,1791
4787,783484,defensive,1,0.9800,0,1792
4788,783619,defensive,1,0.9800,0,1793
4789,783968,defensive,1,0.9800,0,1794
4790,784092,defensive,1,0.9800,0,1795
4791,784253,defensive,1,0.9800,0,1796
4792,784373,defensive,1,0.9800,0,1797
4793,784538,defensive,1,0.9800,0,1798
4794,784660,defensive,1,0.9800,0,1799
4795,784791,defensive,1,0.9800,0,1800
4796,784994,defensive,1,0.9800,0,1801
4797,785145,defensive,1,0.9800,0,1802
4798,785443,defensive,1,0.9800,0,1803
4799,785635,defensive,1,0.9800,0,1804
4800,785764,defensive,1,0.9800,0,1805
4801,785890,defensive,1,0.9800,0,1806
4802,786008,defensive,1,0.9800,0,1807
4803,786136,defensive,1,0.9800,0,1808
4804,786264,defensive,1,0.9800,0,1809
4805,786524,defensive,1,0.9800,0,1810
4806,786660,defensive,1,0.9800,0,1811
4807,786782,defensive,1,0.9800,0,1812
4808,786923,defensive,1,0.9800,0,1813
4809,787064,defensive,1,0.9800,0,1814
4810,787195,defensive,1,0.9800,0,1815
4811,787380,defensive,1,0.9800,0,1816
4812,787531,defensive,1,0.9800,0,1817
4813,787680,defensive,1,0.9800,0,1818
4814,787798,defensive,1,0.9800,0,1819
4815,787955,defensive,1,0.9800,0,1820
4816,788137,defensive,1,0.9800,0,1821
4817,788267,defensive,1,0.9800,0,1822
4818,788385,defensive,1,0.9800,0,1823
4819,788516,defensive,1,0.9800,0,1824
4820,788672,defensive,1,0.9900,0,1825
4821,788891,defensive,1,0.9900,0,1826
4822,789019,defensive,1,0.9900,0,1827
4823,789299,defensive,0,0.9800,0,1828
4824,789426,defensive,1,0.9800,0,1829
4825,789624,defensive,1,0.9800,0,1830
4826,789754,defensive,1,0.9800,0,1831
4827,789846,defensive,0,0.9700,0,1832
4828,790067,defensive,1,0.9700,0,1833
4829,790244,defensive,1,0.9700,0,1834
4830,790375,defensive,1,0.9700,0,1835
4831,790513,defensive,1,0.9700,0,1836
4832,790713,defensive,1,0.9700,0,1837
4833,790813,defensive,0,0.9600,0,1838
4834,790937,defensive,1,0.9600,0,1839
4835,791080,defensive,1,0.9600,0,1840
4836,791203,defensive,1,0.9600,0,1841
4837,791343,defensive,1,0.9600,0,1842
4838,791461,defensive,1,0.9600,0,1843
4839,791614,defensive,1,0.9600,0,1844
4840,791742,defensive,1,0.9600,0,1845
4841,791863,defensive,1,0.9600,0,1846
4842,792175,defensive,1,0.9600,0,1847
4843,792321,defensive,1,0.9600,0,1848
4844,792428,defensive,0,0.9500,0,1849
4845,792559,defensive,1,0.9500,0,1850
4846,792710,defensive,1,0.9500,0,1851
4847,792834,defensive,1,0.9500,0,1852
4848,792954,defensive,1,0.9500,0,1853
4849,793074,defensive,1,0.9500,0,1854
4850,793218,defensive,1,0.9500,0,1855
4851,793363,defensive,1,0.9500,0,1856
4852,793501,defensive,0,0.9400,0,1857
4853,793648,defensive,1,0.9400,0,1858
4854,793773,defensive,1,0.9400,0,1859
4855,793906,defensive,1,0.9400,0,1860
4856,794110,defensive,1,0.9400,0,1861
4857,794234,defensive,1,0.9400,0,1862
4858,794500,defensive,1,0.9400,0,1863
4859,794620,defensive,1,0.9400,0,1864
4860,794742,defensive,1,0.9400,0,1865
4861,794861,defensive,1,0.9400,0,1866
4862,794952,defensive,1,0.9400,0,1867
4863,795131,defensive,1,0.9400,0,1868
4864,795283,defensive,1,0.9400,0,1869
4865,795417,defensive,1,0.9400,0,1870
4866,795577,defensive,1,0.9400,0,1871
4867,795703,defensive,1,0.9400,0,1872
4868,795835,defensive,1,0.9500,0,1873
4869,795961,defensive,1,0.9500,0,1874
4870,796084,defensive,1,0.9500,0,1875
4871,796221,defensive,1,0.9500,0,1876
4872,796521,defensive,1,0.9500,0,1877
4873,796638,defensive,1,0.9500,0,1878
4874,796757,defensive,1,0.9500,0,1879
4875,796938,defensive,1,0.9500,0,1880
4876,797088,defensive,1,0.9500,0,1881
4877,797272,defensive,1,0.9500,0,1882
4878,797403,defensive,1,0.9500,0,1883
4879,797553,defensive,1,0.9500,0,1884
4880,797740,defensive,1,0.9500,0,1885
4881,798034,defensive,1,0.9500,0,1886
4882,798271,defensive,1,0.9500,0,1887
4883,798392,defensive,1,0.9500,0,1888
4884,798518,defensive,1,0.9500,0,1889
4885,798744,defensive,1,0.9500,0,1890
4886,798906,defensive,1,0.9500,0,1891
4887,799024,defensive,1,0.9500,0,1892
4888,799151,defensive,1,0.9500,0,1893
4889,799371,defensive,1,0.9500,0,1894
4890,799656,defensive,1,0.9500,0,1895
4891,799883,defensive,1,0.9500,0,1896
4892,800040,defensive,1,0.9500,0,1897
4893,800172,defensive,1,0.9500,0,1898
4894,800298,defensive,1,0.9500,0,1899
4895,800431,defensive,1,0.9500,0,1900
4896,800562,defensive,1,0.9500,0,1901
4897,800721,defensive,1,0.9500,0,1902
4898,800893,defensive,1,0.9500,0,1903
4899,801014,defensive,1,0.9500,0,1904
4900,801148,defensive,1,0.9500,0,1905
4901,801286,defensive,1,0.9500,0,1906
4902,801447,defensive,1,0.9500,0,1907
4903,801568,defensive,1,0.9500,0,1908
4904,801706,defensive,1,0.9500,0,1909
4905,801933,defensive,1,0.9500,0,1910
4906,802057,defensive,1,0.9500,0,1911
4907,802157,defensive,1,0.9500,0,1912
4908,802337,defensive,1,0.9500,0,1913
4909,802460,defensive,1,0.9500,0,1914
4910,802601,defensive,1,0.9500,0,1915
4911,802757,defensive,1,0.9500,0,1916
4912,802877,defensive,1,0.9500,0,1917
4913,803002,defensive,1,0.9500,0,1918
4914,803166,defensive,1,0.9500,0,1919
4915,803293,defensive,1,0.9500,0,1920
4916,803424,defensive,1,0.9500,0,1921
4917,803580,defensive,1,0.9500,0,1922
4918,803706,defensive,1,0.9500,0,1923
4919,803858,defensive,1,0.9500,0,1924
4920,803980,defensive,1,0.9500,0,1925
4921,804111,defensive,1,0.9500,0,1926
4922,804310,defensive,1,0.9500,0,1927
4923,804402,defensive,1,0.9600,0,1928
4924,804523,defensive,1,0.9600,0,1929
4925,804650,defensive,1,0.9600,0,1930
4926,804817,defensive,1,0.9600,0,1931
4927,804937,defensive,1,0.9700,0,1932
4928,805069,defensive,1,0.9700,0,1933
4929,805239,defensive,1,0.9700,0,1934
4930,805365,defensive,1,0.9700,0,1935
4931,805602,defensive,1,0.9700,0,1936
4932,805733,defensive,1,0.9700,0,1937
4933,805855,defensive,1,0.9800,0,1938
4934,805982,defensive,1,0.9800,0,1939
4935,806108,defensive,1,0.9800,0,1940
4936,806359,defensive,1,0.9800,0,1941
4937,806483,defensive,1,0.9800,0,1942
4938,806685,defensive,1,0.9800,0,1943
4939,806819,defensive,1,0.9800,0,1944
4940,806911,defensive,0,0.9700,0,1945
4941,807044,defensive,1,0.9700,0,1946
4942,807221,defensive,1,0.9700,0,1947
4943,807338,defensive,1,0.9700,0,1948
4944,807470,defensive,1,0.9800,0,1949
4945,807597,defensive,1,0.9800,0,1950
4946,807725,defensive,1,0.9800,0,1951
4947,807857,defensive,1,0.9800,0,1952
4948,807978,defensive,1,0.9800,0,1953
4949,808092,defensive,1,0.9800,0,1954
4950,808229,defensive,1,0.9800,0,1955
4951,808326,defensive,0,0.9700,0,1956
4952,808530,defensive,1,0.9800,0,1957
4953,808798,defensive,1,0.9800,0,1958
4954,809068,defensive,1,0.9800,0,1959
4955,809184,defensive,1,0.9800,0,1960
4956,809333,defensive,1,0.9800,0,1961
4957,809474,defensive,1,0.9800,0,1962
4958,809594,defensive,1,0.9800,0,1963
4959,809720,defensive,1,0.9800,0,1964
4960,809813,defensive,1,0.9800,0,1965
4961,809944,defensive,1,0.9800,0,1966
4962,810070,defensive,1,0.9800,0,1967
4963,810191,defensive,1,0.9800,0,1968
4964,810328,defensive,1,0.9800,0,1969
4965,810447,defensive,1,0.9800,0,1970
4966,810584,defensive,1,0.9800,0,1971
4967,810709,defensive,1,0.9800,0,1972
4968,810821,defensive,1,0.9800,0,1973
4969,811079,defensive,1,0.9800,0,1974
4970,811171,defensive,1,0.9800,0,1975
4971,811308,defensive,1,0.9800,0,1976
4972,811495,defensive,1,0.9800,0,1977
4973,811629,defensive,1,0.9800,0,1978
4974,811767,defensive,1,0.9800,0,1979
4975,812005,defensive,1,0.9800,0,1980
4976,812121,defensive,1,0.9800,0,1981
4977,812263,defensive,1,0.9800,0,1982
4978,812382,defensive,1,0.9800,0,1983
4979,812531,defensive,1,0.9800,0,1984
4980,812650,defensive,1,0.9800,0,1985
4981,812803,defensive,1,0.9800,0,1986
4982,812937,defensive,1,0.9800,0,1987
4983,813075,defensive,1,0.9800,0,1988
4984,813210,defensive,1,0.9800,0,1989
4985,813334,defensive,1,0.9800,0,1990
4986,813473,defensive,1,0.9800,0,1991
4987,813607,defensive,1,0.9800,0,1992
4988,813735,defensive,1,0.9800,0,1993
4989,813869,defensive,1,0.9800,0,1994
4990,814016,defensive,1,0.9800,0,1995
4991,814156,defensive,1,0.9800,0,1996
4992,814288,defensive,1,0.9800,0,1997
4993,814408,defensive,1,0.9800,0,1998
4994,814561,defensive,1,0.9800,0,1999
4995,814720,defensive,1,0.9800,0,2000
4996,814863,defensive,1,0.9800,0,2001
4997,815014,defensive,1,0.9800,0,2002
4998,815185,defensive,1,0.9800,0,2003
4999,815477,defensive,1,0.9800,0,2004
5000,815595,defensive,1,0.9800,0,2005
5001,815715,defensive,1,0.9800,0,2006
5002,815833,defensive,1,0.9800,0,2007
5003,815968,defensive,1,0.9800,0,2008
5004,816062,defensive,1,0.9800,0,2009
5005,816181,defensive,1,0.9800,0,2010
5006,816335,defensive,1,0.9800,0,2011
5007,816524,defensive,1,0.9800,0,2012
5008,816650,defensive,1,0.9800,0,2013
5009,816774,defensive,1,0.9800,0,2014
5010,816907,defensive,1,0.9800,0,2015
5011,817049,defensive,1,0.9800,0,2016
5012,817250,defensive,1,0.9800,0,2017
5013,817402,defensive,1,0.9800,0,2018
5014,817552,defensive,1,0.9800,0,2019
5015,817743,defensive,1,0.9800,0,2020
5016,817907,defensive,1,0.9800,0,2021
5017,818056,defensive,1,0.9800,0,2022
5018,818188,defensive,1,0.9800,0,2023
5019,818327,defensive,1,0.9800,0,2024
5020,818447,defensive,1,0.9800,0,2025
5021,818581,defensive,1,0.9800,0,2026
5022,818706,defensive,1,0.9800,0,2027
5023,818838,defensive,1,0.9800,0,2028
5024,818983,defensive,1,0.9800,0,2029
5025,819163,defensive,1,0.9800,0,2030
5026,819290,defensive,1,0.9800,0,2031
5027,819429,defensive,1,0.9800,0,2032
5028,819562,defensive,1,0.9800,0,2033
5029,820914,defensive,1,0.9800,0,2034
5030,821032,defensive,1,0.9800,0,2035
5031,821182,defensive,1,0.9800,0,2036
5032,821277,defensive,1,0.9800,0,2037
5033,821403,defensive,1,0.9800,0,2038
5034,821531,defensive,1,0.9800,0,2039
5035,821727,defensive,1,0.9800,0,2040
5036,821847,defensive,1,0.9800,0,2041
5037,821979,defensive,1,0.9800,0,2042
5038,822107,defensive,1,0.9800,0,2043
5039,822241,defensive,1,0.9800,0,2044
5040,822364,defensive,1,0.9900,0,2045
5041,822512,defensive,1,0.9900,0,2046
5042,822641,defensive,1,0.9900,0,2047
5043,822737,defensive,1,0.9900,0,2048
5044,822900,defensive,1,0.9900,0,2049
5045,823042,defensive,1,0.9900,0,2050
5046,823219,defensive,1,0.9900,0,2051
5047,823372,defensive,1,0.9900,0,2052
5048,823502,defensive,1,0.9900,0,2053
5049,823630,defensive,1,0.9900,0,2054
5050,823801,defensive,1,0.9900,0,2055
5051,823943,defensive,1,1.0000,0,2056
5052,824075,defensive,1,1.0000,0,2057
5053,824194,defensive,1,1.0000,0,2058
5054,824366,defensive,1,1.0000,0,2059
5055,824502,defensive,1,1.0000,0,2060
5056,824690,defensive,1,1.0000,0,2061
5057,824813,defensive,1,1.0000,0,2062
5058,824940,defensive,1,1.0000,0,2063
5059,825059,defensive,1,1.0000,0,2064
5060,825186,defensive,1,1.0000,0,2065
5061,825356,defensive,1,1.0000,0,2066
5062,825506,defensive,1,1.0000,0,2067
5063,825630,defensive,1,1.0000,0,2068
5064,825762,defensive,1,1.0000,0,2069
5065,825887,defensive,1,1.0000,0,2070
5066,826023,defensive,1,1.0000,0,2071
5067,826147,defensive,1,1.0000,0,2072
5068,826278,defensive,1,1.0000,0,2073
5069,826406,defensive,1,1.0000,0,2074
5070,826539,defensive,1,1.0000,0,2075
5071,826656,defensive,1,1.0000,0,2076
5072,826774,defensive,1,1.0000,0,2077
5073,826898,defensive,1,1.0000,0,2078
5074,827077,defensive,1,1.0000,0,2079
5075,827245,defensive,1,1.0000,0,2080
5076,827362,defensive,1,1.0000,0,2081
5077,827498,defensive,1,1.0000,0,2082
5078,827616,defensive,1,1.0000,0,2083
5079,827747,defensive,1,1.0000,0,2084
5080,827877,defensive,1,1.0000,0,2085
5081,828023,defensive,1,1.0000,0,2086
5082,828159,defensive,1,1.0000,0,2087
5083,828281,defensive,1,1.0000,0,2088
5084,828401,defensive,1,1.0000,0,2089
5085,828662,defensive,1,1.0000,0,2090
5086,828800,defensive,1,1.0000,0,2091
5087,828930,defensive,1,1.0000,0,2092
5088,829072,defensive,1,1.0000,0,2093
5089,829204,defensive,1,1.0000,0,2094
5090,829320,defensive,1,1.0000,0,2095
5091,829456,defensive,1,1.0000,0,2096
5092,829588,defensive,1,1.0000,0,2097
5093,829741,defensive,1,1.0000,0,2098
5094,829863,defensive,1,1.0000,0,2099
5095,829992,defensive,1,1.0000,0,2100
5096,830115,defensive,1,1.0000,0,2101
5097,830252,defensive,1,1.0000,0,2102
5098,830381,defensive,1,1.0000,0,2103
5099,830509,defensive,1,1.0000,0,2104
5100,830598,defensive,0,0.9900,0,2105
5101,830762,defensive,1,0.9900,0,2106
5102,830907,defensive,1,0.9900,0,2107
5103,831148,defensive,1,0.9900,0,2108
5104,831271,defensive,1,0.9900,0,2109
5105,831401,defensive,1,0.9900,0,2110
5106,831527,defensive,1,0.9900,0,2111
5107,831774,defensive,1,0.9900,0,2112
5108,831907,defensive,1,0.9900,0,2113
5109,832033,defensive,1,0.9900,0,2114
5110,832123,defensive,1,0.9900,0,2115
5111,832245,defensive,1,0.9900,0,2116
5112,832374,defensive,1,0.9900,0,2117
5113,832519,defensive,1,0.9900,0,2118
5114,832674,defensive,1,0.9900,0,2119
5115,832792,defensive,1,0.9900,0,2120
5116,833092,defensive,1,0.9900,0,2121
5117,833211,defensive,1,0.9900,0,2122
5118,833344,defensive,1,0.9900,0,2123
5119,833464,defensive,1,0.9900,0,2124
5120,833582,defensive,1,0.9900,0,2125
5121,833712,defensive,1,0.9900,0,2126
5122,833838,defensive,1,0.9900,0,2127
5123,833965,defensive,0,0.9800,0,2128
5124,834090,defensive,1,0.9800,0,2129
5125,834226,defensive,1,0.9800,0,2130
5126,834375,defensive,1,0.9800,0,2131
5127,834498,defensive,1,0.9800,0,2132
5128,834622,defensive,1,0.9800,0,2133
5129,834746,defensive,1,0.9800,0,2134
5130,834839,defensive,0,0.9700,0,2135
5131,834963,defensive,1,0.9700,0,2136
5132,835108,defensive,1,0.9700,0,2137
5133,835404,defensive,1,0.9700,0,2138
5134,835676,defensive,1,0.9700,0,2139
5135,835800,defensive,1,0.9700,0,2140
5136,835948,defensive,1,0.9700,0,2141
5137,836164,defensive,1,0.9700,0,2142
5138,836284,defensive,1,0.9700,0,2143
5139,836438,defensive,1,0.9700,0,2144
5140,836635,defensive,1,0.9700,0,2145
5141,836759,defensive,1,0.9700,0,2146
5142,836887,defensive,1,0.9700,0,2147
5143,837011,defensive,1,0.9700,0,2148
5144,837130,defensive,1,0.9700,0,2149
5145,837251,defensive,1,0.9700,0,2150
5146,837378,defensive,1,0.9700,0,2151
5147,837510,defensive,1,0.9700,0,2152
5148,837663,defensive,1,0.9700,0,2153
5149,837781,defensive,1,0.9700,0,2154
5150,837910,defensive,1,0.9700,0,2155
5151,838052,defensive,1,0.9700,0,2156
5152,838151,defensive,0,0.9600,0,2157
5153,838272,defensive,1,0.9600,0,2158
5154,838393,defensive,1,0.9600,0,2159
5155,838528,defensive,1,0.9600,0,2160
5156,838675,defensive,1,0.9600,0,2161
5157,838814,defensive,1,0.9600,0,2162
5158,838945,defensive,1,0.9600,0,2163
5159,839071,defensive,1,0.9600,0,2164
5160,839197,defensive,1,0.9600,0,2165
5161,839377,defensive,1,0.9600,0,2166
5162,839508,defensive,1,0.9600,0,2167
5163,839630,defensive,1,0.9600,0,2168
5164,839753,defensive,1,0.9600,0,2169
5165,839921,defensive,1,0.9600,0,2170
5166,840049,defensive,1,0.9600,0,2171
5167,840149,defensive,0,0.9500,0,2172
5168,840295,defensive,1,0.9500,0,2173
5169,840416,defensive,1,0.9500,0,2174
5170,840546,defensive,1,0.9500,0,2175
5171,840679,defensive,1,0.9500,0,2176
5172,840822,defensive,1,0.9500,0,2177
5173,841735,defensive,1,0.9500,0,2178
5174,841953,defensive,1,0.9500,0,2179
5175,842073,defensive,1,0.9500,0,2180
5176,842217,defensive,1,0.9500,0,2181
5177,842375,defensive,1,0.9500,0,2182
5178,842522,defensive,1,0.9500,0,2183
5179,842644,defensive,1,0.9500,0,2184
5180,842767,defensive,1,0.9500,0,2185
5181,842889,defensive,1,0.9500,0,2186
5182,843034,defensive,1,0.9500,0,2187
5183,843151,defensive,1,0.9500,0,2188
5184,843426,defensive,1,0.9500,0,2189
5185,843547,defensive,1,0.9500,0,2190
5186,843680,defensive,1,0.9500,0,2191
5187,843805,defensive,1,0.9500,0,2192
5188,843898,defensive,1,0.9500,0,2193
5189,844022,defensive,1,0.9500,0,2194
5190,844191,defensive,1,0.9500,0,2195
5191,844328,defensive,1,0.9500,0,2196
5192,844459,defensive,1,0.9500,0,2197
5193,844579,defensive,1,0.9500,0,2198
5194,844795,defensive,1,0.9500,0,2199
5195,844947,defensive,1,0.9500,0,2200
5196,845158,defensive,1,0.9500,0,2201
5197,845336,defensive,1,0.9500,0,2202
5198,845501,defensive,1,0.9500,0,2203
5199,845628,defensive,1,0.9500,0,2204
5200,845746,defensive,1,0.9600,0,2205
5201,845895,defensive,1,0.9600,0,2206
5202,846015,defensive,1,0.9600,0,2207
5203,846157,defensive,1,0.9600,0,2208
5204,846279,defensive,1,0.9600,0,2209
5205,846394,defensive,1,0.9600,0,2210
5206,846518,defensive,1,0.9600,0,2211
5207,846652,defensive,1,0.9600,0,2212
5208,846774,defensive,1,0.9600,0,2213
5209,846901,defensive,1,0.9600,0,2214
5210,847029,defensive,1,0.9600,0,2215
5211,847151,defensive,1,0.9600,0,2216
5212,847297,defensive,1,0.9600,0,2217
5213,847430,defensive,1,0.9600,0,2218
5214,847579,defensive,1,0.9600,0,2219
5215,847713,defensive,1,0.9600,0,2220
5216,847837,defensive,1,0.9600,0,2221
5217,847998,defensive,1,0.9600,0,2222
5218,848117,defensive,1,0.9600,0,2223
5219,848270,defensive,1,0.9600,0,2224
5220,848419,defensive,1,0.9600,0,2225
5221,848558,defensive,1,0.9600,0,2226
5222,848681,defensive,1,0.9600,0,2227
5223,848848,defensive,1,0.9700,0,2228
5224,849014,defensive,1,0.9700,0,2229
5225,849134,defensive,1,0.9700,0,2230
5226,849253,defensive,1,0.9700,0,2231
5227,849395,defensive,1,0.9700,0,2232
5228,849518,defensive,1,0.9700,0,2233
5229,849640,defensive,1,0.9700,0,2234
5230,849760,defensive,1,0.9800,0,2235
5231,849883,defensive,1,0.9800,0,2236
5232,850028,defensive,1,0.9800,0,2237
5233,850199,corner,1,0.9800,1,1
5234,850722,corner,1,0.9800,1,2
5235,850925,corner,1,0.9800,1,3
5236,851176,corner,1,0.9800,1,4
5237,851530,corner,1,0.9800,1,5
5238,851878,corner,1,0.9800,1,6
5239,852235,corner,1,0.9800,1,7
5240,852575,corner,1,0.9800,1,8
5241,852754,corner,1,0.9800,1,9
5242,853102,corner,1,0.9800,1,10
5243,853480,corner,1,0.9800,1,11
5244,853849,corner,1,0.9800,1,12
5245,854165,corner,1,0.9800,1,13
5246,854360,corner,1,0.9800,1,14
5247,854558,corner,1,0.9800,1,15
5248,854737,corner,1,0.9800,1,16
5249,855064,corner,1,0.9800,1,17
5250,855229,corner,1,0.9800,1,18
5251,855568,corner,1,0.9800,1,19
5252,855766,corner,1,0.9900,1,20
5253,855974,corner,1,0.9900,1,21
5254,857326,corner,1,0.9900,1,22
5255,857487,corner,1,0.9900,1,23
5256,857667,corner,1,0.9900,1,24
5257,857830,corner,1,0.9900,1,25
5258,858153,corner,1,0.9900,1,26
5259,858501,corner,1,0.9900,1,27
5260,858846,corner,1,0.9900,1,28
5261,859032,corner,1,0.9900,1,29
5262,859395,corner,1,0.9900,1,30
5263,859552,corner,1,0.9900,1,31
5264,859899,corner,1,0.9900,1,32
5265,860258,corner,1,0.9900,1,33
5266,860618,corner,1,0.9900,1,34
5267,860792,corner,1,1.0000,1,35
5268,861095,corner,1,1.0000,1,36
5269,861457,corner,1,1.0000,1,37
5270,862140,corner,1,1.0000,1,38
5271,862303,corner,1,1.0000,1,39
5272,862740,corner,1,1.0000,1,40
5273,862898,corner,1,1.0000,1,41
5274,863310,corner,1,1.0000,1,42
5275,863469,corner,1,1.0000,1,43
5276,863989,corner,1,1.0000,1,44
5277,864377,corner,1,1.0000,1,45
5278,864551,corner,1,1.0000,1,46
5279,864913,corner,1,1.0000,1,47
5280,865135,corner,1,1.0000,1,48
5281,865594,corner,1,1.0000,1,49
5282,866637,corner,1,1.0000,1,50
5283,866806,corner,1,1.0000,1,51
5284,867034,corner,1,1.0000,1,52
5285,867198,corner,1,1.0000,1,53
5286,867379,corner,1,1.0000,1,54
5287,867727,corner,1,1.0000,1,55
5288,867911,corner,1,1.0000,1,56
5289,868128,corner,1,1.0000,1,57
5290,868298,corner,1,1.0000,1,58
5291,868462,corner,1,1.0000,1,59
5292,868660,corner,1,1.0000,1,60
5293,868856,corner,1,1.0000,1,61
5294,869035,corner,1,1.0000,1,62
5295,869191,corner,1,1.0000,1,63
5296,869355,corner,1,1.0000,1,64
5297,869650,corner,0,0.9900,1,65
5298,870157,corner,1,0.9900,1,66
5299,870358,corner,1,0.9900,1,67
5300,870523,corner,1,0.9900,1,68
5301,870723,corner,1,0.9900,1,69
5302,870939,corner,1,0.9900,1,70
5303,872191,corner,1,0.9900,1,71
5304,872324,corner,1,0.9900,1,72
5305,872530,corner,1,0.9900,1,73
5306,873717,corner,1,0.9900,1,74
5307,874049,corner,1,0.9900,1,75
5308,874240,corner,1,0.9900,1,76
5309,874454,corner,1,0.9900,1,77
5310,874727,corner,1,0.9900,1,78
5311,874899,corner,1,0.9900,1,79
5312,875251,corner,1,0.9900,1,80
5313,875389,corner,1,0.9900,1,81
5314,875555,corner,1,0.9900,1,82
5315,875929,corner,1,0.9900,1,83
5316,876106,corner,1,0.9900,1,84
5317,876262,corner,1,0.9900,1,85
5318,876494,corner,1,0.9900,1,86
5319,876662,corner,1,0.9900,1,87
5320,876987,corner,1,0.9900,1,88
5321,877186,corner,1,0.9900,1,89
5322,877567,corner,1,0.9900,1,90
5323,877746,corner,1,0.9900,1,91
5324,879098,corner,1,0.9900,1,92
5325,879450,corner,1,0.9900,1,93
5326,880128,corner,1,0.9900,1,94
5327,880317,corner,1,0.9900,1,95
5328,880463,corner,1,0.9900,1,96
5329,880826,corner,1,0.9900,1,97
5330,881024,corner,1,0.9900,1,98
5331,881216,corner,1,0.9900,1,99
5332,881418,corner,1,0.9900,1,100
5333,881568,corner,1,0.9900,1,101
5334,881788,corner,1,0.9900,1,102
5335,882269,corner,1,0.9900,1,103
5336,882439,corner,1,0.9900,1,104
5337,882640,corner,1,0.9900,1,105
5338,882819,corner,1,0.9900,1,106
5339,882980,corner,1,0.9900,1,107
5340,883175,corner,1,0.9900,1,108
5341,883751,corner,1,0.9900,1,109
5342,883955,corner,1,0.9900,1,110
5343,885307,corner,1,0.9900,1,111
5344,885645,corner,1,0.9900,1,112
5345,885822,corner,1,0.9900,1,113
5346,885995,corner,1,0.9900,1,114
5347,886172,corner,1,0.9900,1,115
5348,886375,corner,1,0.9900,1,116
5349,886708,corner,1,0.9900,1,117
5350,886957,corner,1,0.9900,1,118
5351,887289,corner,1,0.9900,1,119
5352,887595,corner,1,0.9900,1,120
5353,887776,corner,1,0.9900,1,121
5354,887943,corner,1,0.9900,1,122
5355,888172,corner,1,0.9900,1,123
5356,888517,corner,1,0.9900,1,124
5357,888737,corner,1,0.9900,1,125
5358,889079,corner,1,0.9900,1,126
5359,889250,corner,1,0.9900,1,127
5360,889648,corner,1,0.9900,1,128
5361,889814,corner,1,0.9900,1,129
5362,890171,corner,1,0.9900,1,130
5363,890632,corner,1,0.9900,1,131
5364,890802,corner,1,0.9900,1,132
5365,891155,corner,1,0.9900,1,133
5366,891326,corner,1,0.9900,1,134
5367,891508,corner,1,0.9900,1,135
5368,891688,corner,1,0.9900,1,136
5369,891991,corner,1,0.9900,1,137
5370,892152,corner,1,0.9900,1,138
5371,892346,corner,1,0.9900,1,139
5372,892524,corner,1,0.9900,1,140
5373,892708,corner,1,0.9900,1,141
5374,892911,corner,1,0.9900,1,142
5375,893336,corner,1,0.9900,1,143
5376,893851,corner,1,0.9900,1,144
5377,894078,corner,1,0.9900,1,145
5378,894413,corner,1,0.9900,1,146
5379,894941,corner,1,0.9900,1,147
5380,895134,corner,1,0.9900,1,148
5381,895291,corner,1,0.9900,1,149
5382,895445,corner,1,0.9900,1,150
5383,895606,corner,1,0.9900,1,151
5384,895934,corner,1,0.9900,1,152
5385,896279,corner,1,0.9900,1,153
5386,896485,corner,1,0.9900,1,154
5387,896684,corner,1,0.9900,1,155
5388,896871,corner,1,0.9900,1,156
5389,897089,corner,1,0.9900,1,157
5390,897453,corner,1,0.9900,1,158
5391,897783,corner,1,0.9900,1,159
5392,898138,corner,1,0.9900,1,160
5393,898294,corner,1,0.9900,1,161
5394,898497,corner,1,0.9900,1,162
5395,898692,corner,1,0.9900,1,163
5396,898843,corner,1,0.9900,1,164
5397,899270,corner,1,1.0000,1,165
5398,899574,corner,1,1.0000,1,166
5399,899718,corner,1,1.0000,1,167
5400,899950,corner,1,1.0000,1,168
5401,900115,corner,1,1.0000,1,169
5402,900449,corner,1,1.0000,1,170
5403,900618,corner,1,1.0000,1,171
5404,900790,corner,1,1.0000,1,172
5405,901011,corner,1,1.0000,1,173
5406,901156,corner,1,1.0000,1,174
5407,901308,corner,1,1.0000,1,175
5408,901653,corner,1,1.0000,1,176
5409,902056,corner,1,1.0000,1,177
5410,902237,corner,1,1.0000,1,178
5411,902768,corner,1,1.0000,1,179
5412,903112,corner,1,1.0000,1,180
5413,903282,corner,1,1.0000,1,181
5414,903630,corner,1,1.0000,1,182
5415,903807,corner,1,1.0000,1,183
5416,903976,corner,1,1.0000,1,184
5417,904166,corner,1,1.0000,1,185
5418,904357,corner,1,1.0000,1,186
5419,904538,corner,1,1.0000,1,187
5420,904873,corner,1,1.0000,1,188
5421,905067,corner,1,1.0000,1,189
5422,905266,corner,1,1.0000,1,190
5423,905482,corner,1,1.0000,1,191
5424,905630,corner,1,1.0000,1,192
5425,905839,corner,1,1.0000,1,193
5426,906033,corner,1,1.0000,1,194
5427,906384,corner,1,1.0000,1,195
5428,906605,corner,1,1.0000,1,196
5429,906808,corner,1,1.0000,1,197
5430,906973,corner,1,1.0000,1,198
5431,907328,corner,1,1.0000,1,199
5432,907509,corner,1,1.0000,1,200
5433,907623,corner,0,0.9900,1,201
5434,907785,corner,1,0.9900,1,202
5435,907958,corner,1,0.9900,1,203
5436,908142,corner,1,0.9900,1,204
5437,908321,corner,1,0.9900,1,205
5438,908732,corner,1,0.9900,1,206
5439,908967,corner,1,0.9900,1,207
5440,909296,corner,1,0.9900,1,208
5441,909766,corner,1,0.9900,1,209
5442,909961,corner,1,0.9900,1,210
5443,910296,corner,1,0.9900,1,211
5444,910490,corner,1,0.9900,1,212
5445,910682,corner,1,0.9900,1,213
5446,910886,corner,1,0.9900,1,214
5447,911080,corner,1,0.9900,1,215
5448,911244,corner,1,0.9900,1,216
5449,911404,corner,1,0.9900,1,217
5450,911565,corner,1,0.9900,1,218
5451,911733,corner,1,0.9900,1,219
5452,911872,corner,1,0.9900,1,220
5453,912213,corner,1,0.9900,1,221
5454,912389,corner,1,0.9900,1,222
5455,912606,corner,1,0.9900,1,223
5456,912760,corner,1,0.9900,1,224
5457,912918,corner,1,0.9900,1,225
5458,913122,corner,1,0.9900,1,226
5459,913321,corner,1,0.9900,1,227
5460,913795,corner,1,0.9900,1,228
5461,913992,corner,1,0.9900,1,229
5462,914194,corner,1,0.9900,1,230
5463,914578,corner,1,0.9900,1,231
5464,914750,corner,1,0.9900,1,232
5465,915467,corner,1,0.9900,1,233
5466,915637,corner,1,0.9900,1,234
5467,915879,corner,1,0.9900,1,235
5468,916040,corner,1,0.9900,1,236
5469,916372,corner,1,0.9900,1,237
5470,916543,corner,1,0.9900,1,238
5471,916700,corner,1,0.9900,1,239
5472,916861,corner,1,0.9900,1,240
5473,917226,corner,1,0.9900,1,241
5474,917389,corner,1,0.9900,1,242
5475,917579,corner,1,0.9900,1,243
5476,917921,corner,1,0.9900,1,244
5477,918126,corner,1,0.9900,1,245
5478,918305,corner,1,0.9900,1,246
5479,918483,corner,1,0.9900,1,247
5480,918657,corner,1,0.9900,1,248
5481,918851,corner,1,0.9900,1,249
5482,919029,corner,1,0.9900,1,250
5483,919197,corner,1,0.9900,1,251
5484,919488,corner,1,0.9900,1,252
5485,919637,corner,1,0.9900,1,253
5486,919789,corner,1,0.9900,1,254
5487,919961,corner,1,0.9900,1,255
5488,920129,corner,1,0.9900,1,256
5489,921481,corner,1,0.9900,1,257
5490,921721,corner,1,0.9900,1,258
5491,921866,corner,1,0.9900,1,259
5492,922078,corner,1,0.9900,1,260
5493,922223,corner,1,0.9900,1,261
5494,922791,corner,1,0.9900,1,262
5495,923064,corner,1,0.9900,1,263
5496,923234,corner,1,0.9900,1,264
5497,923422,corner,1,0.9900,1,265
5498,923623,corner,1,0.9900,1,266
5499,923828,corner,1,0.9900,1,267
5500,924355,corner,1,0.9900,1,268
5501,924513,corner,1,0.9900,1,269
5502,924688,corner,1,0.9900,1,270
5503,925245,corner,1,0.9900,1,271
5504,925625,corner,1,0.9900,1,272
5505,925966,corner,1,0.9900,1,273
5506,926129,corner,1,0.9900,1,274
5507,926294,corner,1,0.9900,1,275
5508,926509,corner,1,0.9900,1,276
5509,926692,corner,1,0.9900,1,277
5510,926847,corner,1,0.9900,1,278
5511,927020,corner,1,0.9900,1,279
5512,927167,corner,1,0.9900,1,280
5513,927313,corner,1,0.9900,1,281
5514,927829,corner,1,0.9900,1,282
5515,928183,corner,1,0.9900,1,283
5516,928394,corner,1,0.9900,1,284
5517,928592,corner,1,0.9900,1,285
5518,928768,corner,1,0.9900,1,286
5519,928885,corner,1,0.9900,1,287
5520,929050,corner,1,0.9900,1,288
5521,929221,corner,1,0.9900,1,289
5522,929438,corner,1,0.9900,1,290
5523,929627,corner,1,0.9900,1,291
5524,929817,corner,1,0.9900,1,292
5525,929987,corner,1,0.9900,1,293
5526,930149,corner,1,0.9900,1,294
5527,930352,corner,1,0.9900,1,295
5528,930533,corner,1,0.9900,1,296
5529,930673,corner,1,0.9900,1,297
5530,931008,corner,1,0.9900,1,298
5531,931147,corner,1,0.9900,1,299
5532,931537,corner,1,0.9900,1,300
5533,931685,corner,1,1.0000,1,301
5534,932190,corner,1,1.0000,1,302
5535,932529,corner,1,1.0000,1,303
5536,932707,corner,1,1.0000,1,304
5537,932884,corner,1,1.0000,1,305
5538,933031,corner,1,1.0000,1,306
5539,933205,corner,1,1.0000,1,307
5540,933549,corner,1,1.0000,1,308
5541,933729,corner,1,1.0000,1,309
5542,933884,corner,1,1.0000,1,310
5543,934236,corner,1,1.0000,1,311
5544,934370,corner,1,1.0000,1,312
5545,934889,corner,1,1.0000,1,313
5546,935027,corner,1,1.0000,1,314
5547,935208,corner,1,1.0000,1,315
5548,935380,corner,1,1.0000,1,316
5549,935585,corner,1,1.0000,1,317
5550,935943,corner,1,1.0000,1,318
5551,936259,corner,1,1.0000,1,319
5552,936441,corner,1,1.0000,1,320
5553,936601,corner,1,1.0000,1,321
5554,936765,corner,1,1.0000,1,322
5555,936946,corner,1,1.0000,1,323
5556,937189,corner,1,1.0000,1,324
5557,937343,corner,1,1.0000,1,325
5558,937539,corner,1,1.0000,1,326
5559,937854,corner,1,1.0000,1,327
5560,938008,corner,1,1.0000,1,328
5561,938176,corner,1,1.0000,1,329
5562,938323,corner,1,1.0000,1,330
5563,938469,corner,1,1.0000,1,331
5564,938630,corner,1,1.0000,1,332
5565,938967,corner,1,1.0000,1,333
5566,939309,corner,1,1.0000,1,334
5567,939657,corner,1,1.0000,1,335
5568,939858,corner,1,1.0000,1,336
5569,940049,corner,1,1.0000,1,337
5570,940214,corner,1,1.0000,1,338
5571,940374,corner,1,1.0000,1,339
5572,940545,corner,1,1.0000,1,340
5573,940708,corner,1,1.0000,1,341
5574,940849,corner,1,1.0000,1,342
5575,941060,corner,1,1.0000,1,343
5576,941213,corner,1,1.0000,1,344
5577,941370,corner,1,1.0000,1,345
5578,941541,corner,1,1.0000,1,346
5579,941767,corner,1,1.0000,1,347
5580,941950,corner,1,1.0000,1,348
5581,942141,corner,1,1.0000,1,349
5582,942318,corner,1,1.0000,1,350
5583,942520,corner,1,1.0000,1,351
5584,942714,corner,1,1.0000,1,352
5585,942917,corner,1,1.0000,1,353
5586,943084,corner,1,1.0000,1,354
5587,943253,corner,1,1.0000,1,355
5588,943447,corner,1,1.0000,1,356
5589,943607,corner,1,1.0000,1,357
5590,943772,corner,1,1.0000,1,358
5591,943954,corner,1,1.0000,1,359
5592,944111,corner,1,1.0000,1,360
5593,944290,corner,1,1.0000,1,361
5594,944523,corner,1,1.0000,1,362
5595,944703,corner,1,1.0000,1,363
5596,944867,corner,1,1.0000,1,364
5597,945026,corner,1,1.0000,1,365
5598,945205,corner,1,1.0000,1,366
5599,945358,corner,1,1.0000,1,367
5600,945538,corner,1,1.0000,1,368
5601,945700,corner,1,1.0000,1,369
5602,945880,corner,1,1.0000,1,370
5603,946024,corner,1,1.0000,1,371
5604,946223,corner,1,1.0000,1,372
5605,946364,corner,1,1.0000,1,373
5606,946693,corner,1,1.0000,1,374
5607,947017,corner,1,1.0000,1,375
5608,947189,corner,1,1.0000,1,376
5609,947696,corner,1,1.0000,1,377
5610,947849,corner,1,1.0000,1,378
5611,948030,corner,1,1.0000,1,379
5612,948444,corner,1,1.0000,1,380
5613,948599,corner,1,1.0000,1,381
5614,948756,corner,1,1.0000,1,382
5615,948895,corner,1,1.0000,1,383
5616,949274,corner,1,1.0000,1,384
5617,949405,corner,1,1.0000,1,385
5618,949591,corner,1,1.0000,1,386
5619,949911,corner,1,1.0000,1,387
5620,950095,corner,1,1.0000,1,388
5621,950278,corner,1,1.0000,1,389
5622,950616,corner,1,1.0000,1,390
5623,950777,corner,1,1.0000,1,391
5624,951123,corner,1,1.0000,1,392
5625,951312,corner,1,1.0000,1,393
5626,951477,corner,1,1.0000,1,394
5627,951630,corner,1,1.0000,1,395
5628,951790,corner,1,1.0000,1,396
5629,951968,corner,1,1.0000,1,397
5630,952127,corner,1,1.0000,1,398
5631,952295,corner,1,1.0000,1,399
5632,952429,corner,1,1.0000,1,400
5633,952688,corner,1,1.0000,1,401
5634,952849,corner,1,1.0000,1,402
5635,953021,corner,1,1.0000,1,403
5636,953167,corner,1,1.0000,1,404
5637,953315,corner,1,1.0000,1,405
5638,953488,corner,1,1.0000,1,406
5639,953658,corner,1,1.0000,1,407
5640,953840,corner,1,1.0000,1,408
5641,953986,corner,1,1.0000,1,409
5642,954141,corner,1,1.0000,1,410
5643,954313,corner,1,1.0000,1,411
5644,954473,corner,1,1.0000,1,412
5645,954618,corner,1,1.0000,1,413
5646,954820,corner,1,1.0000,1,414
5647,955022,corner,1,1.0000,1,415
5648,955198,corner,1,1.0000,1,416
5649,955457,corner,1,1.0000,1,417
5650,955832,corner,1,1.0000,1,418
5651,956028,corner,1,1.0000,1,419
5652,956201,corner,1,1.0000,1,420
5653,956531,corner,1,1.0000,1,421
5654,956871,corner,1,1.0000,1,422
5655,957033,corner,1,1.0000,1,423
5656,957201,corner,1,1.0000,1,424
5657,957345,corner,1,1.0000,1,425
5658,957700,corner,1,1.0000,1,426
5659,957904,corner,1,1.0000,1,427
5660,958056,corner,1,1.0000,1,428
5661,958207,corner,1,1.0000,1,429
5662,958393,corner,1,1.0000,1,430
5663,958614,corner,1,1.0000,1,431
5664,958781,corner,1,1.0000,1,432
5665,958951,corner,1,1.0000,1,433
5666,959113,corner,1,1.0000,1,434
5667,959284,corner,1,1.0000,1,435
5668,959444,corner,1,1.0000,1,436
5669,959828,corner,1,1.0000,1,437
5670,960001,corner,1,1.0000,1,438
5671,960158,corner,1,1.0000,1,439
5672,960456,corner,1,1.0000,1,440
5673,960630,corner,1,1.0000,1,441
5674,960843,corner,1,1.0000,1,442
5675,961032,corner,1,1.0000,1,443
5676,961201,corner,1,1.0000,1,444
5677,961589,corner,1,1.0000,1,445
5678,961777,corner,1,1.0000,1,446
5679,962131,corner,1,1.0000,1,447
5680,962312,corner,1,1.0000,1,448
5681,962531,corner,1,1.0000,1,449
5682,962695,corner,1,1.0000,1,450
5683,962850,corner,1,1.0000,1,451
5684,962961,corner,0,0.9900,1,452
5685,963160,corner,1,0.9900,1,453
5686,963356,corner,1,0.9900,1,454
5687,963532,corner,1,0.9900,1,455
5688,963702,corner,1,0.9900,1,456
5689,963857,corner,1,0.9900,1,457
5690,964005,corner,1,0.9900,1,458
5691,964167,corner,1,0.9900,1,459
5692,964346,corner,1,0.9900,1,460
5693,964515,corner,1,0.9900,1,461
5694,964664,corner,1,0.9900,1,462
5695,964837,corner,1,0.9900,1,463
5696,965012,corner,1,0.9900,1,464
5697,965153,corner,1,0.9900,1,465
5698,965365,corner,1,0.9900,1,466
5699,965530,corner,1,0.9900,1,467
5700,965675,corner,1,0.9900,1,468
5701,965841,corner,1,0.9900,1,469
5702,965990,corner,1,0.9900,1,470
5703,966140,corner,1,0.9900,1,471
5704,966317,corner,1,0.9900,1,472
5705,966480,corner,1,0.9900,1,473
5706,966633,corner,1,0.9900,1,474
5707,966773,corner,1,0.9900,1,475
5708,966925,corner,1,0.9900,1,476
5709,967077,corner,1,0.9900,1,477
5710,967266,corner,1,0.9900,1,478
5711,967450,corner,1,0.9900,1,479
5712,967783,corner,1,0.9900,1,480
5713,967941,corner,1,0.9900,1,481
5714,968155,corner,1,0.9900,1,482
5715,968341,corner,1,0.9900,1,483
5716,968672,corner,1,0.9900,1,484
5717,968998,corner,1,0.9900,1,485
5718,969339,corner,1,0.9900,1,486
5719,969513,corner,1,0.9900,1,487
5720,969658,corner,1,0.9900,1,488
5721,969818,corner,1,0.9900,1,489
5722,970001,corner,1,0.9900,1,490
5723,970173,corner,1,0.9900,1,491
5724,970325,corner,1,0.9900,1,492
5725,970471,corner,1,0.9900,1,493
5726,970629,corner,1,0.9900,1,494
5727,970958,corner,1,0.9900,1,495
5728,971135,corner,1,0.9900,1,496
5729,971279,corner,1,0.9900,1,497
5730,971431,corner,1,0.9900,1,498
5731,971587,corner,1,0.9900,1,499
5732,971745,corner,1,0.9900,1,500
5733,971905,corner,1,0.9900,1,501
5734,972060,corner,1,0.9900,1,502
5735,972228,corner,1,0.9900,1,503
5736,972372,corner,1,0.9900,1,504
5737,972577,corner,1,0.9900,1,505
5738,972738,corner,1,0.9900,1,506
5739,973116,corner,1,0.9900,1,507
5740,973271,corner,1,0.9900,1,508
5741,973642,corner,1,0.9900,1,509
5742,973821,corner,1,0.9900,1,510
5743,973974,corner,1,0.9900,1,511
5744,974219,corner,1,0.9900,1,512
5745,974403,corner,1,0.9900,1,513
5746,974554,corner,1,0.9900,1,514
5747,974730,corner,1,0.9900,1,515
5748,974907,corner,1,0.9900,1,516
5749,975064,corner,1,0.9900,1,517
5750,975295,corner,1,0.9900,1,518
5751,975520,corner,1,0.9900,1,519
5752,975682,corner,1,0.9900,1,520
5753,975864,corner,1,0.9900,1,521
5754,976013,corner,1,0.9900,1,522
5755,976181,corner,1,0.9900,1,523
5756,976399,corner,1,0.9900,1,524
5757,976584,corner,1,0.9900,1,525
5758,976718,corner,1,0.9900,1,526
5759,977059,corner,1,0.9900,1,527
5760,977256,corner,1,0.9900,1,528
5761,977422,corner,1,0.9900,1,529
5762,977585,corner,1,0.9900,1,530
5763,977730,corner,1,0.9900,1,531
5764,978038,corner,1,0.9900,1,532
5765,978238,corner,1,0.9900,1,533
5766,978424,corner,1,0.9900,1,534
5767,978584,corner,1,0.9900,1,535
5768,978922,corner,1,0.9900,1,536
5769,979080,corner,1,0.9900,1,537
5770,979263,corner,1,0.9900,1,538
5771,979464,corner,1,0.9900,1,539
5772,979813,corner,1,0.9900,1,540
5773,980018,corner,1,0.9900,1,541
5774,980261,corner,1,0.9900,1,542
5775,980449,corner,1,0.9900,1,543
5776,980609,corner,1,0.9900,1,544
5777,980759,corner,1,0.9900,1,545
5778,980932,corner,1,0.9900,1,546
5779,981093,corner,1,0.9900,1,547
5780,981271,corner,1,0.9900,1,548
5781,981436,corner,1,0.9900,1,549
5782,981596,corner,1,0.9900,1,550
5783,981763,corner,1,0.9900,1,551
5784,981933,corner,1,1.0000,1,552
5785,982217,corner,1,1.0000,1,553
5786,982395,corner,1,1.0000,1,554
5787,982551,corner,1,1.0000,1,555
5788,982725,corner,1,1.0000,1,556
5789,982902,corner,1,1.0000,1,557
5790,983115,corner,1,1.0000,1,558
5791,983300,corner,1,1.0000,1,559
5792,983467,corner,1,1.0000,1,560
5793,983732,corner,1,1.0000,1,561
5794,983935,corner,1,1.0000,1,562
5795,984114,corner,1,1.0000,1,563
5796,984258,corner,1,1.0000,1,564
5797,984437,corner,1,1.0000,1,565
5798,984605,corner,1,1.0000,1,566
5799,984943,corner,1,1.0000,1,567
5800,985114,corner,1,1.0000,1,568
5801,985381,corner,1,1.0000,1,569
5802,985539,corner,1,1.0000,1,570
5803,985771,corner,1,1.0000,1,571
5804,985944,corner,1,1.0000,1,572
5805,986106,corner,1,1.0000,1,573
5806,986322,corner,1,1.0000,1,574
5807,986695,corner,1,1.0000,1,575
5808,986881,corner,1,1.0000,1,576
5809,986988,corner,1,1.0000,1,577
5810,987207,corner,1,1.0000,1,578
5811,987344,corner,1,1.0000,1,579
5812,987501,corner,1,1.0000,1,580
5813,987722,corner,1,1.0000,1,581
5814,987947,corner,1,1.0000,1,582
5815,988107,corner,1,1.0000,1,583
5816,988328,corner,1,1.0000,1,584
5817,988495,corner,1,1.0000,1,585
5818,988652,corner,1,1.0000,1,586
5819,988860,corner,1,1.0000,1,587
5820,988976,corner,1,1.0000,1,588
5821,989340,corner,1,1.0000,1,589
5822,989484,corner,1,1.0000,1,590
5823,989639,corner,1,1.0000,1,591
5824,989837,corner,1,1.0000,1,592
5825,990035,corner,1,1.0000,1,593
5826,990216,corner,1,1.0000,1,594
5827,990406,corner,1,1.0000,1,595
5828,990591,corner,1,1.0000,1,596
5829,990767,corner,1,1.0000,1,597
5830,990930,corner,1,1.0000,1,598
5831,991268,corner,1,1.0000,1,599
5832,991432,corner,1,1.0000,1,600
5833,991658,corner,1,1.0000,1,601
5834,991840,corner,1,1.0000,1,602
5835,991996,corner,1,1.0000,1,603
5836,992331,corner,1,1.0000,1,604
5837,992482,corner,1,1.0000,1,605
5838,992728,corner,1,1.0000,1,606
5839,992874,corner,1,1.0000,1,607
5840,993036,corner,1,1.0000,1,608
5841,993220,corner,1,1.0000,1,609
5842,993378,corner,1,1.0000,1,610
5843,993513,corner,1,1.0000,1,611
5844,993691,corner,1,1.0000,1,612
5845,993864,corner,1,1.0000,1,613
5846,994018,corner,1,1.0000,1,614
5847,994170,corner,1,1.0000,1,615
5848,995370,corner,1,1.0000,1,616
5849,995538,corner,1,1.0000,1,617
5850,995710,corner,1,1.0000,1,618
5851,995857,corner,1,1.0000,1,619
5852,996026,corner,1,1.0000,1,620
5853,996176,corner,1,1.0000,1,621
5854,997528,corner,1,1.0000,1,622
5855,997690,corner,1,1.0000,1,623
5856,997850,corner,1,1.0000,1,624
5857,998053,corner,1,1.0000,1,625
5858,998233,corner,1,1.0000,1,626
5859,998401,corner,1,1.0000,1,627
5860,998583,corner,1,1.0000,1,628
5861,998785,corner,1,1.0000,1,629
5862,998958,corner,1,1.0000,1,630
5863,999113,corner,1,1.0000,1,631
5864,999265,corner,1,1.0000,1,632
5865,999459,corner,1,1.0000,1,633
5866,999650,corner,1,1.0000,1,634
5867,999988,corner,1,1.0000,1,635
5868,1000131,corner,1,1.0000,1,636
5869,1000302,corner,1,1.0000,1,637
5870,1000478,corner,1,1.0000,1,638
5871,1000635,corner,1,1.0000,1,639
5872,1000811,corner,1,1.0000,1,640
5873,1001131,corner,1,1.0000,1,641
5874,1001297,corner,1,1.0000,1,642
5875,1001461,corner,1,1.0000,1,643
5876,1001615,corner,1,1.0000,1,644
5877,1001753,corner,1,1.0000,1,645
5878,1001920,corner,1,1.0000,1,646
5879,1002064,corner,1,1.0000,1,647
5880,1002220,corner,1,1.0000,1,648
5881,1002401,corner,1,1.0000,1,649
5882,1002582,corner,1,1.0000,1,650
5883,1002753,corner,1,1.0000,1,651
5884,1002916,corner,1,1.0000,1,652
5885,1003063,corner,1,1.0000,1,653
5886,1003212,corner,1,1.0000,1,654
5887,1003553,corner,1,1.0000,1,655
5888,1003705,corner,1,1.0000,1,656
5889,1003860,corner,1,1.0000,1,657
5890,1004012,corner,1,1.0000,1,658
5891,1004164,corner,1,1.0000,1,659
5892,1004324,corner,1,1.0000,1,660
5893,1004473,corner,1,1.0000,1,661
5894,1004646,corner,1,1.0000,1,662
5895,1004799,corner,1,1.0000,1,663
5896,1005009,corner,1,1.0000,1,664
5897,1005184,corner,1,1.0000,1,665
5898,1005339,corner,1,1.0000,1,666
5899,1005519,corner,1,1.0000,1,667
5900,1006439,corner,1,1.0000,1,668
5901,1006596,corner,1,1.0000,1,669
5902,1006957,corner,1,1.0000,1,670
5903,1007129,corner,1,1.0000,1,671
5904,1007281,corner,1,1.0000,1,672
5905,1007496,corner,1,1.0000,1,673
5906,1007660,corner,1,1.0000,1,674
5907,1007815,corner,1,1.0000,1,675
5908,1007957,corner,1,1.0000,1,676
5909,1008082,corner,1,1.0000,1,677
5910,1008337,corner,1,1.0000,1,678
5911,1008524,corner,1,1.0000,1,679
5912,1008678,corner,1,1.0000,1,680
5913,1008871,corner,1,1.0000,1,681
5914,1009028,corner,1,1.0000,1,682
5915,1009231,corner,1,1.0000,1,683
5916,1009404,corner,1,1.0000,1,684
5917,1009598,corner,1,1.0000,1,685
5918,1009782,corner,1,1.0000,1,686
5919,1010014,corner,1,1.0000,1,687
5920,1010197,corner,1,1.0000,1,688
5921,1010354,corner,1,1.0000,1,689
5922,1010512,corner,1,1.0000,1,690
5923,1010656,corner,1,1.0000,1,691
5924,1010808,corner,1,1.0000,1,692
5925,1010971,corner,1,1.0000,1,693
5926,1011152,corner,1,1.0000,1,694
5927,1011303,corner,1,1.0000,1,695
5928,1011520,corner,1,1.0000,1,696
5929,1011747,corner,1,1.0000,1,697
5930,1011896,corner,1,1.0000,1,698
5931,1012046,corner,1,1.0000,1,699
5932,1012213,corner,1,1.0000,1,700
5933,1012359,corner,1,1.0000,1,701
5934,1012514,corner,1,1.0000,1,702
5935,1012690,corner,1,1.0000,1,703
5936,1012837,corner,1,1.0000,1,704
5937,1013010,corner,1,1.0000,1,705
5938,1013197,corner,1,1.0000,1,706
5939,1013526,corner,1,1.0000,1,707
5940,1013688,corner,1,1.0000,1,708
5941,1013838,corner,1,1.0000,1,709
5942,1014011,corner,1,1.0000,1,710
5943,1014169,corner,1,1.0000,1,711
5944,1014319,corner,1,1.0000,1,712
5945,1014481,corner,1,1.0000,1,713
5946,1014632,corner,1,1.0000,1,714
5947,1014774,corner,1,1.0000,1,715
5948,1014949,corner,1,1.0000,1,716
5949,1015098,corner,1,1.0000,1,717
5950,1015236,corner,1,1.0000,1,718
5951,1015577,corner,1,1.0000,1,719
5952,1015730,corner,1,1.0000,1,720
5953,1015885,corner,1,1.0000,1,721
5954,1016050,corner,1,1.0000,1,722
5955,1016201,corner,1,1.0000,1,723
5956,1016353,corner,1,1.0000,1,724
5957,1016523,corner,1,1.0000,1,725
5958,1016732,corner,1,1.0000,1,726
5959,1016878,corner,1,1.0000,1,727
5960,1017032,corner,1,1.0000,1,728
5961,1017189,corner,1,1.0000,1,729
5962,1017349,corner,1,1.0000,1,730
5963,1017497,corner,1,1.0000,1,731
5964,1017653,corner,1,1.0000,1,732
5965,1017827,corner,1,1.0000,1,733
5966,1017978,corner,1,1.0000,1,734
5967,1018109,corner,1,1.0000,1,735
5968,1018262,corner,1,1.0000,1,736
5969,1018451,corner,1,1.0000,1,737
5970,1018801,corner,1,1.0000,1,738
5971,1018955,corner,1,1.0000,1,739
5972,1019167,corner,1,1.0000,1,740
5973,1019357,corner,1,1.0000,1,741
5974,1019519,corner,1,1.0000,1,742
5975,1019768,corner,1,1.0000,1,743
5976,1019916,corner,1,1.0000,1,744
5977,1020093,corner,1,1.0000,1,745
5978,1020230,corner,1,1.0000,1,746
5979,1020394,corner,1,1.0000,1,747
5980,1020547,corner,1,1.0000,1,748
5981,1020709,corner,1,1.0000,1,749
5982,1020850,corner,1,1.0000,1,750
5983,1020988,corner,1,1.0000,1,751
5984,1021122,corner,1,1.0000,1,752
5985,1021307,corner,1,1.0000,1,753
5986,1021461,corner,1,1.0000,1,754
5987,1021600,corner,1,1.0000,1,755
5988,1021840,corner,1,1.0000,1,756
5989,1022025,corner,1,1.0000,1,757
5990,1022391,corner,1,1.0000,1,758
5991,1022732,corner,1,1.0000,1,759
5992,1022899,corner,1,1.0000,1,760
5993,1023039,corner,1,1.0000,1,761
5994,1023196,corner,1,1.0000,1,762
5995,1023359,corner,1,1.0000,1,763
5996,1023522,corner,1,1.0000,1,764
5997,1023680,corner,1,1.0000,1,765
5998,1023831,corner,1,1.0000,1,766
5999,1024015,corner,1,1.0000,1,767
6000,1024181,corner,1,1.0000,1,768
6001,1025533,corner,1,1.0000,1,769
6002,1025687,corner,1,1.0000,1,770
6003,1025831,corner,1,1.0000,1,771
6004,1025984,corner,1,1.0000,1,772
6005,1026146,corner,1,1.0000,1,773
6006,1026396,corner,1,1.0000,1,774
6007,1026563,corner,1,1.0000,1,775
6008,1026710,corner,1,1.0000,1,776
6009,1026854,corner,1,1.0000,1,777
6010,1027034,corner,1,1.0000,1,778
6011,1027207,corner,1,1.0000,1,779
6012,1027356,corner,1,1.0000,1,780
6013,1027551,corner,1,1.0000,1,781
6014,1027686,corner,1,1.0000,1,782
6015,1027836,corner,1,1.0000,1,783
6016,1028002,corner,1,1.0000,1,784
6017,1028150,corner,1,1.0000,1,785
6018,1028295,corner,1,1.0000,1,786
6019,1028442,corner,1,1.0000,1,787
6020,1028599,corner,1,1.0000,1,788
6021,1028794,corner,1,1.0000,1,789
6022,1028942,corner,1,1.0000,1,790
6023,1029138,corner,1,1.0000,1,791
6024,1029293,corner,1,1.0000,1,792
6025,1029439,corner,1,1.0000,1,793
6026,1029580,corner,1,1.0000,1,794
6027,1029747,corner,1,1.0000,1,795
6028,1029949,corner,1,1.0000,1,796
6029,1030095,corner,1,1.0000,1,797
6030,1030252,corner,1,1.0000,1,798
6031,1030391,corner,1,1.0000,1,799
6032,1030523,corner,1,1.0000,1,800
6033,1030710,corner,1,1.0000,1,801
6034,1030855,corner,1,1.0000,1,802
6035,1031027,corner,1,1.0000,1,803
6036,1031177,corner,1,1.0000,1,804
6037,1031329,corner,1,1.0000,1,805
6038,1031470,corner,1,1.0000,1,806
6039,1031607,corner,1,1.0000,1,807
6040,1031751,corner,1,1.0000,1,808
6041,1031900,corner,1,1.0000,1,809
6042,1032042,corner,1,1.0000,1,810
6043,1032178,corner,1,1.0000,1,811
6044,1032371,corner,1,1.0000,1,812
6045,1032558,corner,1,1.0000,1,813
6046,1032698,corner,1,1.0000,1,814
6047,1032847,corner,1,1.0000,1,815
6048,1033012,corner,1,1.0000,1,816
6049,1033189,corner,1,1.0000,1,817
6050,1033331,corner,1,1.0000,1,818
6051,1033482,corner,1,1.0000,1,819
6052,1033656,corner,1,1.0000,1,820
6053,1033826,corner,1,1.0000,1,821
6054,1033973,corner,1,1.0000,1,822
6055,1034125,corner,1,1.0000,1,823
6056,1034283,corner,1,1.0000,1,824
6057,1034478,corner,1,1.0000,1,825
6058,1034611,corner,1,1.0000,1,826
6059,1034753,corner,1,1.0000,1,827
6060,1034892,corner,1,1.0000,1,828
6061,1035071,corner,1,1.0000,1,829
6062,1035202,corner,1,1.0000,1,830
6063,1035345,corner,1,1.0000,1,831
6064,1035509,corner,1,1.0000,1,832
6065,1035648,corner,1,1.0000,1,833
6066,1035798,corner,1,1.0000,1,834
6067,1035953,corner,1,1.0000,1,835
6068,1036112,corner,1,1.0000,1,836
6069,1036383,corner,1,1.0000,1,837
6070,1036554,corner,1,1.0000,1,838
6071,1036702,corner,1,1.0000,1,839
6072,1036854,corner,1,1.0000,1,840
6073,1036990,corner,1,1.0000,1,841
6074,1037253,corner,1,1.0000,1,842
6075,1037455,corner,1,1.0000,1,843
6076,1037634,corner,1,1.0000,1,844
6077,1037790,corner,1,1.0000,1,845
6078,1037944,corner,1,1.0000,1,846
6079,1038098,corner,1,1.0000,1,847
6080,1038306,corner,1,1.0000,1,848
6081,1038462,corner,1,1.0000,1,849
6082,1038637,corner,1,1.0000,1,850
6083,1038774,corner,1,1.0000,1,851
6084,1038911,corner,1,1.0000,1,852
6085,1039061,corner,1,1.0000,1,853
6086,1039204,corner,1,1.0000,1,854
6087,1039339,corner,1,1.0000,1,855
6088,1039476,corner,1,1.0000,1,856
6089,1039663,corner,1,1.0000,1,857
6090,1039824,corner,1,1.0000,1,858
6091,1039967,corner,1,1.0000,1,859
6092,1040156,corner,1,1.0000,1,860
6093,1040305,corner,1,1.0000,1,861
6094,1040469,corner,1,1.0000,1,862
6095,1040618,corner,1,1.0000,1,863
6096,1040776,corner,1,1.0000,1,864
6097,1040937,corner,1,1.0000,1,865
6098,1041092,corner,1,1.0000,1,866
6099,1041271,corner,1,1.0000,1,867
6100,1041423,corner,1,1.0000,1,868
6101,1041632,corner,1,1.0000,1,869
6102,1041777,corner,1,1.0000,1,870
6103,1041923,corner,1,1.0000,1,871
6104,1042072,corner,1,1.0000,1,872
6105,1042210,corner,1,1.0000,1,873
6106,1042341,corner,1,1.0000,1,874
6107,1042486,corner,1,1.0000,1,875
6108,1042633,corner,1,1.0000,1,876
6109,1042789,corner,1,1.0000,1,877
6110,1043124,corner,1,1.0000,1,878
6111,1043286,corner,1,1.0000,1,879
6112,1043433,corner,1,1.0000,1,880
6113,1043596,corner,1,1.0000,1,881
6114,1043767,corner,1,1.0000,1,882
6115,1043920,corner,1,1.0000,1,883
6116,1044070,corner,1,1.0000,1,884
6117,1044217,corner,1,1.0000,1,885
6118,1044386,corner,1,1.0000,1,886
6119,1044552,corner,1,1.0000,1,887
6120,1044709,corner,1,1.0000,1,888
6121,1044831,corner,1,1.0000,1,889
6122,1045010,corner,1,1.0000,1,890
6123,1045167,corner,1,1.0000,1,891
6124,1045360,corner,1,1.0000,1,892
6125,1045515,corner,1,1.0000,1,893
6126,1045651,corner,1,1.0000,1,894
6127,1045799,corner,1,1.0000,1,895
6128,1045970,corner,1,1.0000,1,896
6129,1046115,corner,1,1.0000,1,897
6130,1046256,corner,1,1.0000,1,898
6131,1046401,corner,1,1.0000,1,899
6132,1046551,corner,1,1.0000,1,900
6133,1046765,corner,1,1.0000,1,901
6134,1046941,corner,1,1.0000,1,902
6135,1047094,corner,1,1.0000,1,903
6136,1047260,corner,1,1.0000,1,904
6137,1047409,corner,1,1.0000,1,905
6138,1047731,corner,1,1.0000,1,906
6139,1047881,corner,1,1.0000,1,907
6140,1048040,corner,1,1.0000,1,908
6141,1048214,corner,1,1.0000,1,909
6142,1048365,corner,1,1.0000,1,910
6143,1048545,corner,1,1.0000,1,911
6144,1048694,corner,1,1.0000,1,912
6145,1048839,corner,1,1.0000,1,913
6146,1048993,corner,1,1.0000,1,914
6147,1049134,corner,1,1.0000,1,915
6148,1049303,corner,1,1.0000,1,916
6149,1049461,corner,1,1.0000,1,917
6150,1049648,corner,1,1.0000,1,918
6151,1049811,corner,1,1.0000,1,919
6152,1049977,corner,1,1.0000,1,920
6153,1050119,corner,1,1.0000,1,921
6154,1050284,corner,1,1.0000,1,922
6155,1050425,corner,1,1.0000,1,923
6156,1050562,corner,1,1.0000,1,924
6157,1050752,corner,1,1.0000,1,925
6158,1050893,corner,1,1.0000,1,926
6159,1051045,corner,1,1.0000,1,927
6160,1051233,corner,1,1.0000,1,928
6161,1051562,corner,1,1.0000,1,929
6162,1051723,corner,1,1.0000,1,930
6163,1051873,corner,1,1.0000,1,931
6164,1052028,corner,1,1.0000,1,932
6165,1052202,corner,1,1.0000,1,933
6166,1052348,corner,1,1.0000,1,934
6167,1052489,corner,1,1.0000,1,935
6168,1052655,corner,1,1.0000,1,936
6169,1052790,corner,1,1.0000,1,937
6170,1052928,corner,1,1.0000,1,938
6171,1053083,corner,1,1.0000,1,939
6172,1053249,corner,1,1.0000,1,940
6173,1053574,corner,1,1.0000,1,941
6174,1053720,corner,1,1.0000,1,942
6175,1053894,corner,1,1.0000,1,943
6176,1054075,corner,1,1.0000,1,944
6177,1054225,corner,1,1.0000,1,945
6178,1054375,corner,1,1.0000,1,946
6179,1054538,corner,1,1.0000,1,947
6180,1054689,corner,1,1.0000,1,948
6181,1054832,corner,1,1.0000,1,949
6182,1055175,corner,1,1.0000,1,950
6183,1055304,corner,1,1.0000,1,951
6184,1055453,corner,1,1.0000,1,952
6185,1055602,corner,1,1.0000,1,953
6186,1055749,corner,1,1.0000,1,954
6187,1055896,corner,1,1.0000,1,955
6188,1056036,corner,1,1.0000,1,956
6189,1056182,corner,1,1.0000,1,957
6190,1056281,corner,0,0.9900,1,958
6191,1056435,corner,1,0.9900,1,959
6192,1056586,corner,1,0.9900,1,960
6193,1056767,corner,1,0.9900,1,961
6194,1056942,corner,1,0.9900,1,962
6195,1057093,corner,1,0.9900,1,963
6196,1057260,corner,1,0.9900,1,964
6197,1057452,corner,1,0.9900,1,965
6198,1057605,corner,1,0.9900,1,966
6199,1057773,corner,1,0.9900,1,967
6200,1057921,corner,1,0.9900,1,968
6201,1058090,corner,1,0.9900,1,969
6202,1058226,corner,1,0.9900,1,970
6203,1058391,corner,1,0.9900,1,971
6204,1058562,corner,1,0.9900,1,972
6205,1058717,corner,1,0.9900,1,973
6206,1058922,corner,1,0.9900,1,974
6207,1059069,corner,1,0.9900,1,975
6208,1060421,corner,1,0.9900,1,976
6209,1060567,corner,1,0.9900,1,977
6210,1060698,corner,1,0.9900,1,978
6211,1060866,corner,1,0.9900,1,979
6212,1061023,corner,1,0.9900,1,980
6213,1061171,corner,1,0.9900,1,981
6214,1061319,corner,1,0.9900,1,982
6215,1061462,corner,1,0.9900,1,983
6216,1061626,corner,1,0.9900,1,984
6217,1061778,corner,1,0.9900,1,985
6218,1061959,corner,1,0.9900,1,986
6219,1062113,corner,1,0.9900,1,987
6220,1062262,corner,1,0.9900,1,988
6221,1062393,corner,1,0.9900,1,989
6222,1062549,corner,1,0.9900,1,990
6223,1062708,corner,1,0.9900,1,991
6224,1062861,corner,1,0.9900,1,992
6225,1063000,corner,1,0.9900,1,993
6226,1063158,corner,1,0.9900,1,994
6227,1063303,corner,1,0.9900,1,995
6228,1063438,corner,1,0.9900,1,996
6229,1063618,corner,1,0.9900,1,997
6230,1063804,corner,1,0.9900,1,998
6231,1064014,corner,1,0.9900,1,999
6232,1064155,corner,1,0.9900,1,1000
6233,1064300,corner,1,0.9900,1,1001
6234,1064479,corner,1,0.9900,1,1002
6235,1064621,corner,1,0.9900,1,1003
6236,1064763,corner,1,0.9900,1,1004
6237,1064894,corner,1,0.9900,1,1005
6238,1065042,corner,1,0.9900,1,1006
6239,1065187,corner,1,0.9900,1,1007
6240,1065341,corner,1,0.9900,1,1008
6241,1065493,corner,1,0.9900,1,1009
6242,1065652,corner,1,0.9900,1,1010
6243,1065814,corner,1,0.9900,1,1011
6244,1065940,corner,1,0.9900,1,1012
6245,1066072,corner,1,0.9900,1,1013
6246,1066230,corner,1,0.9900,1,1014
6247,1066362,corner,1,0.9900,1,1015
6248,1066498,corner,1,0.9900,1,1016
6249,1066638,corner,1,0.9900,1,1017
6250,1066797,corner,1,0.9900,1,1018
6251,1066939,corner,1,0.9900,1,1019
6252,1067089,corner,1,0.9900,1,1020
6253,1067226,corner,1,0.9900,1,1021
6254,1067376,corner,1,0.9900,1,1022
6255,1067526,corner,1,0.9900,1,1023
6256,1067666,corner,1,0.9900,1,1024
6257,1067850,corner,1,0.9900,1,1025
6258,1068003,corner,1,0.9900,1,1026
6259,1068206,corner,1,0.9900,1,1027
6260,1068354,corner,1,0.9900,1,1028
6261,1068508,corner,1,0.9900,1,1029
6262,1068648,corner,1,0.9900,1,1030
6263,1068780,corner,1,0.9900,1,1031
6264,1068914,corner,1,0.9900,1,1032
6265,1069091,corner,1,0.9900,1,1033
6266,1069232,corner,1,0.9900,1,1034
6267,1069402,corner,1,0.9900,1,1035
6268,1069535,corner,1,0.9900,1,1036
6269,1069678,corner,1,0.9900,1,1037
6270,1069819,corner,1,0.9900,1,1038
6271,1069972,corner,1,0.9900,1,1039
6272,1070145,corner,1,0.9900,1,1040
6273,1070289,corner,1,0.9900,1,1041
6274,1070443,corner,1,0.9900,1,1042
6275,1070586,corner,1,0.9900,1,1043
6276,1070779,corner,1,0.9900,1,1044
6277,1070932,corner,1,0.9900,1,1045
6278,1071115,corner,1,0.9900,1,1046
6279,1071262,corner,1,0.9900,1,1047
6280,1071373,corner,1,0.9900,1,1048
6281,1071506,corner,1,0.9900,1,1049
6282,1071646,corner,1,0.9900,1,1050
6283,1071754,corner,1,0.9900,1,1051
6284,1071884,corner,1,0.9900,1,1052
6285,1072035,corner,1,0.9900,1,1053
6286,1072167,corner,1,0.9900,1,1054
6287,1072305,corner,1,0.9900,1,1055
6288,1072468,corner,1,0.9900,1,1056
6289,1072608,corner,1,0.9900,1,1057
6290,1072783,corner,1,1.0000,1,1058
6291,1072913,corner,1,1.0000,1,1059
6292,1073045,corner,1,1.0000,1,1060
6293,1073379,corner,1,1.0000,1,1061
6294,1073521,corner,1,1.0000,1,1062
6295,1073631,corner,1,1.0000,1,1063
6296,1073769,corner,1,1.0000,1,1064
6297,1073907,corner,1,1.0000,1,1065
6298,1074038,corner,1,1.0000,1,1066
6299,1074202,corner,1,1.0000,1,1067
6300,1074347,corner,1,1.0000,1,1068
6301,1074481,corner,1,1.0000,1,1069
6302,1074611,corner,1,1.0000,1,1070
6303,1074748,corner,1,1.0000,1,1071
6304,1074884,corner,1,1.0000,1,1072
6305,1075084,corner,1,1.0000,1,1073
6306,1075232,corner,1,1.0000,1,1074
6307,1075379,corner,1,1.0000,1,1075
6308,1075568,corner,1,1.0000,1,1076
6309,1075728,corner,1,1.0000,1,1077
6310,1075887,corner,1,1.0000,1,1078
6311,1076034,corner,1,1.0000,1,1079
6312,1076191,corner,1,1.0000,1,1080
6313,1076340,corner,1,1.0000,1,1081
6314,1076478,corner,1,1.0000,1,1082
6315,1076626,corner,1,1.0000,1,1083
6316,1076760,corner,1,1.0000,1,1084
6317,1076895,corner,1,1.0000,1,1085
6318,1077060,corner,1,1.0000,1,1086
6319,1077214,corner,1,1.0000,1,1087
6320,1077369,corner,1,1.0000,1,1088
6321,1077503,corner,1,1.0000,1,1089
6322,1077647,corner,1,1.0000,1,1090
6323,1077797,corner,1,1.0000,1,1091
6324,1077929,corner,1,1.0000,1,1092
6325,1078058,corner,1,1.0000,1,1093
6326,1078192,corner,1,1.0000,1,1094
6327,1078323,corner,1,1.0000,1,1095
6328,1078469,corner,1,1.0000,1,1096
6329,1078636,corner,1,1.0000,1,1097
6330,1078785,corner,1,1.0000,1,1098
6331,1078947,corner,1,1.0000,1,1099
6332,1079151,corner,1,1.0000,1,1100
6333,1079308,corner,1,1.0000,1,1101
6334,1079447,corner,1,1.0000,1,1102
6335,1079592,corner,1,1.0000,1,1103
6336,1079765,corner,1,1.0000,1,1104
6337,1079902,corner,1,1.0000,1,1105
6338,1080040,corner,1,1.0000,1,1106
6339,1080174,corner,1,1.0000,1,1107
6340,1080331,corner,1,1.0000,1,1108
6341,1080486,corner,1,1.0000,1,1109
6342,1080646,corner,1,1.0000,1,1110
6343,1080776,corner,1,1.0000,1,1111
6344,1080925,corner,1,1.0000,1,1112
6345,1081045,corner,1,1.0000,1,1113
6346,1081186,corner,1,1.0000,1,1114
6347,1081338,corner,1,1.0000,1,1115
6348,1081466,corner,1,1.0000,1,1116
6349,1081607,corner,1,1.0000,1,1117
6350,1081752,corner,1,1.0000,1,1118
6351,1081883,corner,1,1.0000,1,1119
6352,1082082,corner,1,1.0000,1,1120
6353,1082214,corner,1,1.0000,1,1121
6354,1082356,corner,1,1.0000,1,1122
6355,1082505,corner,1,1.0000,1,1123
6356,1082641,corner,1,1.0000,1,1124
6357,1082802,corner,1,1.0000,1,1125
6358,1082899,corner,0,0.9900,1,1126
6359,1083033,corner,1,0.9900,1,1127
6360,1083198,corner,1,0.9900,1,1128
6361,1083335,corner,1,0.9900,1,1129
6362,1083465,corner,1,0.9900,1,1130
6363,1083629,corner,1,0.9900,1,1131
6364,1083782,corner,1,0.9900,1,1132
6365,1083910,corner,1,0.9900,1,1133
6366,1084053,corner,1,0.9900,1,1134
6367,1084215,corner,1,0.9900,1,1135
6368,1084355,corner,1,0.9900,1,1136
6369,1084506,corner,1,0.9900,1,1137
6370,1084652,corner,1,0.9900,1,1138
6371,1084783,corner,1,0.9900,1,1139
6372,1085107,corner,1,0.9900,1,1140
6373,1085270,corner,1,0.9900,1,1141
6374,1085414,corner,1,0.9900,1,1142
6375,1085555,corner,1,0.9900,1,1143
6376,1085700,corner,1,0.9900,1,1144
6377,1085847,corner,1,0.9900,1,1145
6378,1086011,corner,1,0.9900,1,1146
6379,1086150,corner,1,0.9900,1,1147
6380,1086286,corner,1,0.9900,1,1148
6381,1086427,corner,1,0.9900,1,1149
6382,1086564,corner,1,0.9900,1,1150
6383,1086716,corner,1,0.9900,1,1151
6384,1086855,corner,1,0.9900,1,1152
6385,1086987,corner,1,0.9900,1,1153
6386,1087116,corner,1,0.9900,1,1154
6387,1087260,corner,1,0.9900,1,1155
6388,1087402,corner,1,0.9900,1,1156
6389,1087554,corner,1,0.9900,1,1157
6390,1087721,corner,1,0.9900,1,1158
6391,1087874,corner,1,0.9900,1,1159
6392,1088040,corner,1,0.9900,1,1160
6393,1088175,corner,1,0.9900,1,1161
6394,1088316,corner,1,0.9900,1,1162
6395,1088464,corner,1,0.9900,1,1163
6396,1088611,corner,1,0.9900,1,1164
6397,1088748,corner,1,0.9900,1,1165
6398,1088892,corner,1,0.9900,1,1166
6399,1089056,corner,1,0.9900,1,1167
6400,1089178,corner,1,0.9900,1,1168
6401,1089328,corner,1,0.9900,1,1169
6402,1089459,corner,1,0.9900,1,1170
6403,1089610,corner,1,0.9900,1,1171
6404,1089750,corner,1,0.9900,1,1172
6405,1089887,corner,1,0.9900,1,1173
6406,1090025,corner,1,0.9900,1,1174
6407,1090161,corner,1,0.9900,1,1175
6408,1090301,corner,1,0.9900,1,1176
6409,1090458,corner,1,0.9900,1,1177
6410,1090601,corner,1,0.9900,1,1178
6411,1090750,corner,1,0.9900,1,1179
6412,1090887,corner,1,0.9900,1,1180
6413,1091022,corner,1,0.9900,1,1181
6414,1091156,corner,1,0.9900,1,1182
6415,1091296,corner,1,0.9900,1,1183
6416,1091455,corner,1,0.9900,1,1184
6417,1091623,corner,1,0.9900,1,1185
6418,1091753,corner,1,0.9900,1,1186
6419,1091902,corner,1,0.9900,1,1187
6420,1092039,corner,1,0.9900,1,1188
6421,1092188,corner,1,0.9900,1,1189
6422,1092322,corner,1,0.9900,1,1190
6423,1092464,corner,1,0.9900,1,1191
6424,1092612,corner,1,0.9900,1,1192
6425,1092742,corner,1,0.9900,1,1193
6426,1092882,corner,1,0.9900,1,1194
6427,1093020,corner,1,0.9900,1,1195
6428,1093171,corner,1,0.9900,1,1196
6429,1093304,corner,1,0.9900,1,1197
6430,1093448,corner,1,0.9900,1,1198
6431,1093577,corner,1,0.9900,1,1199
6432,1093711,corner,1,0.9900,1,1200
6433,1093844,corner,1,0.9900,1,1201
6434,1093994,corner,1,0.9900,1,1202
6435,1094144,corner,1,0.9900,1,1203
6436,1094269,corner,1,0.9900,1,1204
6437,1094411,corner,1,0.9900,1,1205
6438,1094575,corner,1,0.9900,1,1206
6439,1094714,corner,1,0.9900,1,1207
6440,1094830,corner,1,0.9900,1,1208
6441,1094976,corner,1,0.9900,1,1209
6442,1095125,corner,1,0.9900,1,1210
6443,1095263,corner,1,0.9900,1,1211
6444,1095395,corner,1,0.9900,1,1212
6445,1095531,corner,1,0.9900,1,1213
6446,1095690,corner,1,0.9900,1,1214
6447,1095800,corner,1,0.9900,1,1215
6448,1095933,corner,1,0.9900,1,1216
6449,1096117,corner,1,0.9900,1,1217
6450,1096291,corner,1,0.9900,1,1218
6451,1096448,corner,1,0.9900,1,1219
6452,1096647,corner,1,0.9900,1,1220
6453,1096803,corner,1,0.9900,1,1221
6454,1096951,corner,1,0.9900,1,1222
6455,1097087,corner,1,0.9900,1,1223
6456,1097223,corner,1,0.9900,1,1224
6457,1097360,corner,1,0.9900,1,1225
6458,1097519,corner,1,1.0000,1,1226
6459,1097673,corner,1,1.0000,1,1227
6460,1097835,corner,1,1.0000,1,1228
6461,1097977,corner,1,1.0000,1,1229
6462,1098112,corner,1,1.0000,1,1230
6463,1098442,corner,1,1.0000,1,1231
6464,1098595,corner,1,1.0000,1,1232
6465,1098730,corner,1,1.0000,1,1233
6466,1098896,corner,1,1.0000,1,1234
6467,1099038,corner,1,1.0000,1,1235
6468,1099189,corner,1,1.0000,1,1236
6469,1099338,corner,1,1.0000,1,1237
6470,1099477,corner,1,1.0000,1,1238
6471,1099628,corner,1,1.0000,1,1239
6472,1099767,corner,1,1.0000,1,1240
6473,1099913,corner,1,1.0000,1,1241
6474,1100048,corner,1,1.0000,1,1242
6475,1100188,corner,1,1.0000,1,1243
6476,1100323,corner,1,1.0000,1,1244
6477,1100474,corner,1,1.0000,1,1245
6478,1100608,corner,1,1.0000,1,1246
6479,1100745,corner,1,1.0000,1,1247
6480,1100881,corner,1,1.0000,1,1248
6481,1101057,corner,1,1.0000,1,1249
6482,1101194,corner,1,1.0000,1,1250
6483,1101321,corner,1,1.0000,1,1251
6484,1101546,corner,1,1.0000,1,1252
6485,1101674,corner,1,1.0000,1,1253
6486,1101797,corner,1,1.0000,1,1254
6487,1101951,corner,1,1.0000,1,1255
6488,1102104,corner,1,1.0000,1,1256
6489,1102286,corner,1,1.0000,1,1257
6490,1102425,corner,1,1.0000,1,1258
6491,1102559,corner,1,1.0000,1,1259
6492,1102704,corner,1,1.0000,1,1260
6493,1102836,corner,1,1.0000,1,1261
6494,1102976,corner,1,1.0000,1,1262
6495,1103088,corner,1,1.0000,1,1263
6496,1103228,corner,1,1.0000,1,1264
6497,1103366,corner,1,1.0000,1,1265
6498,1103498,corner,1,1.0000,1,1266
6499,1103649,corner,1,1.0000,1,1267
6500,1103790,corner,1,1.0000,1,1268
6501,1103947,corner,1,1.0000,1,1269
6502,1104115,corner,1,1.0000,1,1270
6503,1104251,corner,1,1.0000,1,1271
6504,1104399,corner,1,1.0000,1,1272
6505,1104553,corner,1,1.0000,1,1273
6506,1104683,corner,1,1.0000,1,1274
6507,1104830,corner,1,1.0000,1,1275
6508,1104973,corner,1,1.0000,1,1276
6509,1105084,corner,1,1.0000,1,1277
6510,1105255,corner,1,1.0000,1,1278
6511,1105407,corner,1,1.0000,1,1279
6512,1105568,corner,1,1.0000,1,1280
6513,1105719,corner,1,1.0000,1,1281
6514,1105865,corner,1,1.0000,1,1282
6515,1106003,corner,1,1.0000,1,1283
6516,1106171,corner,1,1.0000,1,1284
6517,1106310,corner,1,1.0000,1,1285
6518,1106446,corner,1,1.0000,1,1286
6519,1106601,corner,1,1.0000,1,1287
6520,1106742,corner,1,1.0000,1,1288
6521,1106894,corner,1,1.0000,1,1289
6522,1107045,corner,1,1.0000,1,1290
6523,1107204,corner,1,1.0000,1,1291
6524,1107343,corner,1,1.0000,1,1292
6525,1107485,corner,1,1.0000,1,1293
6526,1107697,corner,1,1.0000,1,1294
6527,1107835,corner,1,1.0000,1,1295
6528,1107982,corner,1,1.0000,1,1296
6529,1108137,corner,1,1.0000,1,1297
6530,1108287,corner,1,1.0000,1,1298
6531,1108434,corner,1,1.0000,1,1299
6532,1108582,corner,1,1.0000,1,1300
6533,1108727,corner,1,1.0000,1,1301
6534,1108881,corner,1,1.0000,1,1302
6535,1109046,corner,1,1.0000,1,1303
6536,1109216,corner,1,1.0000,1,1304
6537,1109401,corner,1,1.0000,1,1305
6538,1109550,corner,1,1.0000,1,1306
6539,1109742,corner,1,1.0000,1,1307
6540,1111094,corner,1,1.0000,1,1308
6541,1111238,corner,1,1.0000,1,1309
6542,1111397,corner,1,1.0000,1,1310
6543,1111533,corner,1,1.0000,1,1311
6544,1111669,corner,1,1.0000,1,1312
6545,1111806,corner,1,1.0000,1,1313
6546,1111949,corner,1,1.0000,1,1314
6547,1112104,corner,1,1.0000,1,1315
6548,1112234,corner,1,1.0000,1,1316
6549,1112373,corner,1,1.0000,1,1317
6550,1112479,corner,1,1.0000,1,1318
6551,1112622,corner,1,1.0000,1,1319
6552,1112759,corner,1,1.0000,1,1320
6553,1112931,corner,0,0.9900,1,1321
6554,1113084,corner,1,0.9900,1,1322
6555,1113233,corner,1,0.9900,1,1323
6556,1113367,corner,1,0.9900,1,1324
6557,1113508,corner,1,0.9900,1,1325
6558,1113652,corner,1,0.9900,1,1326
6559,1113810,corner,1,0.9900,1,1327
6560,1113956,corner,1,0.9900,1,1328
6561,1114081,corner,1,0.9900,1,1329
6562,1114250,corner,1,0.9900,1,1330
6563,1114382,corner,1,0.9900,1,1331
6564,1114539,corner,1,0.9900,1,1332
6565,1114677,corner,1,0.9900,1,1333
6566,1114806,corner,1,0.9900,1,1334
6567,1114954,corner,1,0.9900,1,1335
6568,1115098,corner,1,0.9900,1,1336
6569,1115235,corner,1,0.9900,1,1337
6570,1115377,corner,1,0.9900,1,1338
6571,1115510,corner,1,0.9900,1,1339
6572,1115666,corner,1,0.9900,1,1340
6573,1115801,corner,1,0.9900,1,1341
6574,1115947,corner,1,0.9900,1,1342
6575,1116092,corner,1,0.9900,1,1343
6576,1116216,corner,1,0.9900,1,1344
6577,1116341,corner,1,0.9900,1,1345
6578,1116488,corner,1,0.9900,1,1346
6579,1116611,corner,1,0.9900,1,1347
6580,1116784,corner,1,0.9900,1,1348
6581,1116932,corner,1,0.9900,1,1349
6582,1117084,corner,1,0.9900,1,1350
6583,1117228,corner,1,0.9900,1,1351
6584,1117370,corner,1,0.9900,1,1352
6585,1117503,corner,1,0.9900,1,1353
6586,1117662,corner,1,0.9900,1,1354
6587,1117794,corner,1,0.9900,1,1355
6588,1117949,corner,1,0.9900,1,1356
6589,1118131,corner,1,0.9900,1,1357
6590,1118260,corner,1,0.9900,1,1358
6591,1118403,corner,1,0.9900,1,1359
6592,1118518,corner,1,0.9900,1,1360
6593,1118654,corner,1,0.9900,1,1361
6594,1118802,corner,1,0.9900,1,1362
6595,1118924,corner,1,0.9900,1,1363
6596,1119057,corner,1,0.9900,1,1364
6597,1119194,corner,1,0.9900,1,1365
6598,1119348,corner,1,0.9900,1,1366
6599,1119481,corner,1,0.9900,1,1367
6600,1119638,corner,1,0.9900,1,1368
6601,1119782,corner,1,0.9900,1,1369
6602,1119899,corner,1,0.9900,1,1370
6603,1120062,corner,1,0.9900,1,1371
6604,1120194,corner,1,0.9900,1,1372
6605,1120365,corner,1,0.9900,1,1373
6606,1120502,corner,1,0.9900,1,1374
6607,1120649,corner,1,0.9900,1,1375
6608,1120783,corner,1,0.9900,1,1376
6609,1120913,corner,1,0.9900,1,1377
6610,1121110,corner,1,0.9900,1,1378
6611,1121251,corner,1,0.9900,1,1379
6612,1121393,corner,1,0.9900,1,1380
6613,1121535,corner,1,0.9900,1,1381
6614,1121681,corner,1,0.9900,1,1382
6615,1121853,corner,1,0.9900,1,1383
6616,1122004,corner,1,0.9900,1,1384
6617,1122147,corner,1,0.9900,1,1385
6618,1122288,corner,1,0.9900,1,1386
6619,1122393,corner,1,0.9900,1,1387
6620,1122535,corner,1,0.9900,1,1388
6621,1122675,corner,1,0.9900,1,1389
6622,1122804,corner,1,0.9900,1,1390
6623,1122939,corner,1,0.9900,1,1391
6624,1123117,corner,1,0.9900,1,1392
6625,1123267,corner,1,0.9900,1,1393
6626,1123405,corner,1,0.9900,1,1394
6627,1123513,corner,1,0.9900,1,1395
6628,1123693,corner,1,0.9900,1,1396
6629,1123823,corner,1,0.9900,1,1397
6630,1123988,corner,1,0.9900,1,1398
6631,1124151,corner,1,0.9900,1,1399
6632,1124292,corner,1,0.9900,1,1400
6633,1124433,corner,1,0.9900,1,1401
6634,1124587,corner,1,0.9900,1,1402
6635,1124904,corner,1,0.9900,1,1403
6636,1125043,corner,1,0.9900,1,1404
6637,1125177,corner,1,0.9900,1,1405
6638,1125388,corner,1,0.9900,1,1406
6639,1125524,corner,1,0.9900,1,1407
6640,1125663,corner,1,0.9900,1,1408
6641,1125815,corner,1,0.9900,1,1409
6642,1125961,corner,1,0.9900,1,1410
6643,1126106,corner,1,0.9900,1,1411
6644,1126298,corner,1,0.9900,1,1412
6645,1126438,corner,1,0.9900,1,1413
6646,1126574,corner,1,0.9900,1,1414
6647,1126737,corner,1,0.9900,1,1415
6648,1126898,corner,1,0.9900,1,1416
6649,1127030,corner,1,0.9900,1,1417
6650,1127184,corner,1,0.9900,1,1418
6651,1127290,corner,1,0.9900,1,1419
6652,1127451,corner,1,0.9900,1,1420
6653,1127605,corner,1,1.0000,1,1421
6654,1127746,corner,1,1.0000,1,1422
6655,1127901,corner,1,1.0000,1,1423
6656,1128072,corner,1,1.0000,1,1424
6657,1128205,corner,1,1.0000,1,1425
6658,1128338,corner,1,1.0000,1,1426
6659,1128483,corner,1,1.0000,1,1427
6660,1128626,corner,1,1.0000,1,1428
6661,1128768,corner,1,1.0000,1,1429
6662,1128911,corner,1,1.0000,1,1430
6663,1129065,corner,1,1.0000,1,1431
6664,1129200,corner,1,1.0000,1,1432
6665,1129339,corner,1,1.0000,1,1433
6666,1129481,corner,1,1.0000,1,1434
6667,1129634,corner,1,1.0000,1,1435
6668,1129779,corner,1,1.0000,1,1436
6669,1129941,corner,1,1.0000,1,1437
6670,1130086,corner,1,1.0000,1,1438
6671,1130214,corner,1,1.0000,1,1439
6672,1130346,corner,1,1.0000,1,1440
6673,1130490,corner,1,1.0000,1,1441
6674,1130627,corner,1,1.0000,1,1442
6675,1130771,corner,1,1.0000,1,1443
6676,1130927,corner,1,1.0000,1,1444
6677,1131092,corner,1,1.0000,1,1445
6678,1131233,corner,1,1.0000,1,1446
6679,1131365,corner,1,1.0000,1,1447
6680,1131465,corner,1,1.0000,1,1448
6681,1131604,corner,1,1.0000,1,1449
6682,1131751,corner,1,1.0000,1,1450
6683,1131896,corner,1,1.0000,1,1451
6684,1132034,corner,1,1.0000,1,1452
6685,1132178,corner,1,1.0000,1,1453
6686,1132336,corner,1,1.0000,1,1454
6687,1132470,corner,1,1.0000,1,1455
6688,1132637,corner,1,1.0000,1,1456
6689,1132775,corner,1,1.0000,1,1457
6690,1132922,corner,1,1.0000,1,1458
6691,1133065,corner,1,1.0000,1,1459
6692,1133216,corner,1,1.0000,1,1460
6693,1133365,corner,1,1.0000,1,1461
6694,1133508,corner,1,1.0000,1,1462
6695,1133706,corner,1,1.0000,1,1463
6696,1133815,corner,1,1.0000,1,1464
6697,1133955,corner,1,1.0000,1,1465
6698,1134101,corner,1,1.0000,1,1466
6699,1134202,corner,1,1.0000,1,1467
6700,1134353,corner,1,1.0000,1,1468
6701,1134482,corner,1,1.0000,1,1469
6702,1134622,corner,1,1.0000,1,1470
6703,1134745,corner,1,1.0000,1,1471
6704,1134878,corner,1,1.0000,1,1472
6705,1135010,corner,1,1.0000,1,1473
6706,1135230,corner,1,1.0000,1,1474
6707,1135362,corner,1,1.0000,1,1475
6708,1135518,corner,1,1.0000,1,1476
6709,1135700,corner,1,1.0000,1,1477
6710,1135850,corner,1,1.0000,1,1478
6711,1135956,corner,1,1.0000,1,1479
6712,1136086,corner,1,1.0000,1,1480
6713,1136222,corner,1,1.0000,1,1481
6714,1136329,corner,1,1.0000,1,1482
6715,1136474,corner,1,1.0000,1,1483
6716,1136607,corner,1,1.0000,1,1484
6717,1136738,corner,1,1.0000,1,1485
6718,1136880,corner,1,1.0000,1,1486
6719,1137014,corner,1,1.0000,1,1487
6720,1137143,corner,1,1.0000,1,1488
6721,1137274,corner,1,1.0000,1,1489
6722,1137403,corner,1,1.0000,1,1490
6723,1137534,corner,1,1.0000,1,1491
6724,1137692,corner,1,1.0000,1,1492
6725,1137822,corner,1,1.0000,1,1493
6726,1137956,corner,1,1.0000,1,1494
6727,1138057,corner,0,0.9900,1,1495
6728,1138166,corner,1,0.9900,1,1496
6729,1138264,corner,1,0.9900,1,1497
6730,1138371,corner,1,0.9900,1,1498
6731,1138482,corner,1,0.9900,1,1499
6732,1138639,corner,1,0.9900,1,1500
6733,1138778,corner,1,0.9900,1,1501
6734,1138915,corner,1,0.9900,1,1502
6735,1139059,corner,1,0.9900,1,1503
6736,1139204,corner,1,0.9900,1,1504
6737,1139348,corner,1,0.9900,1,1505
6738,1139482,corner,1,0.9900,1,1506
6739,1139625,corner,1,0.9900,1,1507
6740,1139734,corner,1,0.9900,1,1508
6741,1139861,corner,1,0.9900,1,1509
6742,1139998,corner,1,0.9900,1,1510
6743,1140128,corner,1,0.9900,1,1511
6744,1140262,corner,1,0.9900,1,1512
6745,1140400,corner,1,0.9900,1,1513
6746,1140530,corner,1,0.9900,1,1514
6747,1140665,corner,1,0.9900,1,1515
6748,1140813,corner,1,0.9900,1,1516
6749,1140954,corner,1,0.9900,1,1517
6750,1141101,corner,1,0.9900,1,1518
6751,1141246,corner,1,0.9900,1,1519
6752,1141395,corner,1,0.9900,1,1520
6753,1141538,corner,1,0.9900,1,1521
6754,1141674,corner,1,0.9900,1,1522
6755,1141813,corner,1,0.9900,1,1523
6756,1141945,corner,1,0.9900,1,1524
6757,1142066,corner,1,0.9900,1,1525
6758,1142200,corner,1,0.9900,1,1526
6759,1142350,corner,1,0.9900,1,1527
6760,1142449,corner,1,0.9900,1,1528
6761,1142611,corner,1,0.9900,1,1529
6762,1142752,corner,1,0.9900,1,1530
6763,1142896,corner,1,0.9900,1,1531
6764,1143035,corner,1,0.9900,1,1532
6765,1143135,corner,1,0.9900,1,1533
6766,1143261,corner,1,0.9900,1,1534
6767,1143399,corner,1,0.9900,1,1535
6768,1143589,corner,1,0.9900,1,1536
6769,1143725,corner,1,0.9900,1,1537
6770,1143864,corner,1,0.9900,1,1538
6771,1144001,corner,1,0.9900,1,1539
6772,1144145,corner,1,0.9900,1,1540
6773,1144277,corner,1,0.9900,1,1541
6774,1144410,corner,1,0.9900,1,1542
6775,1144595,corner,1,0.9900,1,1543
6776,1144703,corner,1,0.9900,1,1544
6777,1144847,corner,1,0.9900,1,1545
6778,1144974,corner,1,0.9900,1,1546
6779,1145108,corner,1,0.9900,1,1547
6780,1145294,corner,1,0.9900,1,1548
6781,1145452,corner,1,0.9900,1,1549
6782,1145584,corner,1,0.9900,1,1550
6783,1145725,corner,1,0.9900,1,1551
6784,1145863,corner,1,0.9900,1,1552
6785,1145994,corner,1,0.9900,1,1553
6786,1146136,corner,1,0.9900,1,1554
6787,1146280,corner,1,0.9900,1,1555
6788,1146377,corner,1,0.9900,1,1556
6789,1146487,corner,1,0.9900,1,1557
6790,1146621,corner,1,0.9900,1,1558
6791,1146764,corner,1,0.9900,1,1559
6792,1146866,corner,0,0.9800,1,1560
6793,1147012,corner,1,0.9800,1,1561
6794,1147115,corner,1,0.9800,1,1562
6795,1147257,corner,1,0.9800,1,1563
6796,1147367,corner,1,0.9800,1,1564
6797,1147519,corner,1,0.9800,1,1565
6798,1147724,corner,1,0.9800,1,1566
6799,1147888,corner,1,0.9800,1,1567
6800,1148039,corner,1,0.9800,1,1568
6801,1148180,corner,1,0.9800,1,1569
6802,1148310,corner,1,0.9800,1,1570
6803,1148442,corner,1,0.9800,1,1571
6804,1148583,corner,1,0.9800,1,1572
6805,1148707,corner,1,0.9800,1,1573
6806,1148813,corner,1,0.9800,1,1574
6807,1148957,corner,1,0.9800,1,1575
6808,1149072,corner,1,0.9800,1,1576
6809,1149233,corner,1,0.9800,1,1577
6810,1149369,corner,1,0.9800,1,1578
6811,1149602,corner,1,0.9800,1,1579
6812,1149726,corner,1,0.9800,1,1580
6813,1149882,corner,1,0.9800,1,1581
6814,1150038,corner,1,0.9800,1,1582
6815,1150174,corner,1,0.9800,1,1583
6816,1150330,corner,1,0.9800,1,1584
6817,1150490,corner,1,0.9800,1,1585
6818,1150633,corner,1,0.9800,1,1586
6819,1150778,corner,1,0.9800,1,1587
6820,1150912,corner,1,0.9800,1,1588
6821,1151056,corner,1,0.9800,1,1589
6822,1151209,corner,1,0.9800,1,1590
6823,1151359,corner,1,0.9800,1,1591
6824,1151517,corner,1,0.9800,1,1592
6825,1151657,corner,1,0.9800,1,1593
6826,1151840,corner,1,0.9800,1,1594
6827,1151985,corner,1,0.9900,1,1595
6828,1152129,corner,1,0.9900,1,1596
6829,1152266,corner,1,0.9900,1,1597
6830,1152405,corner,1,0.9900,1,1598
6831,1152553,corner,1,0.9900,1,1599
6832,1152690,corner,1,0.9900,1,1600
6833,1152822,corner,1,0.9900,1,1601
6834,1152939,corner,1,0.9900,1,1602
6835,1153056,corner,1,0.9900,1,1603
6836,1153188,corner,1,0.9900,1,1604
6837,1153321,corner,1,0.9900,1,1605
6838,1153430,corner,1,0.9900,1,1606
6839,1153576,corner,1,0.9900,1,1607
6840,1153719,corner,1,0.9900,1,1608
6841,1153851,corner,1,0.9900,1,1609
6842,1153990,corner,1,0.9900,1,1610
6843,1154133,corner,1,0.9900,1,1611
6844,1154236,corner,1,0.9900,1,1612
6845,1154375,corner,1,0.9900,1,1613
6846,1154532,corner,1,0.9900,1,1614
6847,1154673,corner,1,0.9900,1,1615
6848,1154799,corner,1,0.9900,1,1616
6849,1154929,corner,1,0.9900,1,1617
6850,1155085,corner,1,0.9900,1,1618
6851,1155227,corner,1,0.9900,1,1619
6852,1155365,corner,1,0.9900,1,1620
6853,1155502,corner,1,0.9900,1,1621
6854,1155648,corner,1,0.9900,1,1622
6855,1155832,corner,1,0.9900,1,1623
6856,1155935,corner,1,0.9900,1,1624
6857,1156080,corner,1,0.9900,1,1625
6858,1156236,corner,1,0.9900,1,1626
6859,1156351,corner,1,0.9900,1,1627
6860,1156470,corner,1,0.9900,1,1628
6861,1156611,corner,1,0.9900,1,1629
6862,1156785,corner,1,0.9900,1,1630
6863,1156927,corner,1,0.9900,1,1631
6864,1157247,corner,1,0.9900,1,1632
6865,1157409,corner,1,0.9900,1,1633
6866,1157519,corner,1,0.9900,1,1634
6867,1157663,corner,1,0.9900,1,1635
6868,1157799,corner,1,0.9900,1,1636
6869,1157931,corner,1,0.9900,1,1637
6870,1158067,corner,1,0.9900,1,1638
6871,1158225,corner,1,0.9900,1,1639
6872,1158331,corner,1,0.9900,1,1640
6873,1158476,corner,1,0.9900,1,1641
6874,1158609,corner,1,0.9900,1,1642
6875,1158710,corner,1,0.9900,1,1643
6876,1158849,corner,1,0.9900,1,1644
6877,1159003,corner,1,0.9900,1,1645
6878,1159142,corner,1,0.9900,1,1646
6879,1159390,corner,1,0.9900,1,1647
6880,1159537,corner,1,0.9900,1,1648
6881,1159639,corner,1,0.9900,1,1649
6882,1159748,corner,0,0.9800,1,1650
6883,1159897,corner,1,0.9800,1,1651
6884,1160028,corner,1,0.9800,1,1652
6885,1160210,corner,1,0.9800,1,1653
6886,1160355,corner,1,0.9800,1,1654
6887,1160487,corner,1,0.9800,1,1655
6888,1160588,corner,1,0.9800,1,1656
6889,1160690,corner,1,0.9800,1,1657
6890,1160851,corner,1,0.9800,1,1658
6891,1160986,corner,1,0.9800,1,1659
6892,1161141,corner,1,0.9900,1,1660
6893,1161439,corner,1,0.9900,1,1661
6894,1161572,corner,1,0.9900,1,1662
6895,1161673,corner,1,0.9900,1,1663
6896,1161787,corner,1,0.9900,1,1664
6897,1161921,corner,1,0.9900,1,1665
6898,1162057,corner,1,0.9900,1,1666
6899,1162173,corner,0,0.9800,1,1667
6900,1162309,corner,1,0.9800,1,1668
6901,1162450,corner,1,0.9800,1,1669
6902,1162584,corner,1,0.9800,1,1670
6903,1162720,corner,1,0.9800,1,1671
6904,1162834,corner,1,0.9800,1,1672
6905,1162971,corner,1,0.9800,1,1673
6906,1163127,corner,1,0.9800,1,1674
6907,1163291,corner,1,0.9800,1,1675
6908,1163436,corner,1,0.9800,1,1676
6909,1163571,corner,1,0.9800,1,1677
6910,1163683,corner,1,0.9800,1,1678
6911,1163816,corner,1,0.9800,1,1679
6912,1163956,corner,1,0.9800,1,1680
6913,1165308,corner,1,0.9800,1,1681
6914,1165438,corner,1,0.9800,1,1682
6915,1165581,corner,1,0.9800,1,1683
6916,1165716,corner,1,0.9800,1,1684
6917,1165882,corner,1,0.9800,1,1685
6918,1166012,corner,1,0.9800,1,1686
6919,1166143,corner,1,0.9800,1,1687
6920,1166244,corner,1,0.9800,1,1688
6921,1166378,corner,1,0.9800,1,1689
6922,1166529,corner,1,0.9800,1,1690
6923,1166695,corner,1,0.9800,1,1691
6924,1166836,corner,1,0.9800,1,1692
6925,1166972,corner,1,0.9800,1,1693
6926,1167157,corner,1,0.9800,1,1694
6927,1167279,corner,1,0.9800,1,1695
6928,1167388,corner,1,0.9800,1,1696
6929,1167542,corner,1,0.9800,1,1697
6930,1167645,corner,1,0.9800,1,1698
6931,1167778,corner,1,0.9800,1,1699
6932,1167935,corner,1,0.9800,1,1700
6933,1168100,corner,1,0.9800,1,1701
6934,1168247,corner,1,0.9800,1,1702
6935,1168394,corner,1,0.9800,1,1703
6936,1168540,corner,1,0.9800,1,1704
6937,1168671,corner,1,0.9800,1,1705
6938,1170023,corner,1,0.9800,1,1706
6939,1170156,corner,1,0.9800,1,1707
6940,1170289,corner,1,0.9800,1,1708
6941,1170427,corner,1,0.9800,1,1709
6942,1170780,corner,1,0.9800,1,1710
6943,1170917,corner,1,0.9800,1,1711
6944,1171056,corner,1,0.9800,1,1712
6945,1171256,corner,1,0.9800,1,1713
6946,1171403,corner,1,0.9800,1,1714
6947,1171536,corner,1,0.9800,1,1715
6948,1171664,corner,1,0.9800,1,1716
6949,1171796,corner,1,0.9800,1,1717
6950,1171897,corner,1,0.9800,1,1718
6951,1172042,corner,1,0.9800,1,1719
6952,1172142,corner,1,0.9800,1,1720
6953,1172308,corner,1,0.9800,1,1721
6954,1172448,corner,1,0.9800,1,1722
6955,1172597,corner,1,0.9800,1,1723
6956,1172721,corner,1,0.9800,1,1724
6957,1172853,corner,1,0.9800,1,1725
6958,1172959,corner,1,0.9800,1,1726
6959,1173097,corner,1,0.9800,1,1727
6960,1173232,corner,1,0.9800,1,1728
6961,1173376,corner,1,0.9800,1,1729
6962,1173510,corner,1,0.9800,1,1730
6963,1173705,corner,1,0.9800,1,1731
6964,1173848,corner,1,0.9800,1,1732
6965,1173996,corner,1,0.9800,1,1733
6966,1174136,corner,1,0.9800,1,1734
6967,1174272,corner,1,0.9800,1,1735
6968,1174381,corner,1,0.9800,1,1736
6969,1174487,corner,1,0.9800,1,1737
6970,1174682,corner,1,0.9800,1,1738
6971,1174841,corner,1,0.9800,1,1739
6972,1174983,corner,1,0.9800,1,1740
6973,1175080,corner,1,0.9800,1,1741
6974,1175240,corner,1,0.9800,1,1742
6975,1175389,corner,1,0.9800,1,1743
6976,1175520,corner,1,0.9800,1,1744
6977,1175621,corner,1,0.9800,1,1745
6978,1175754,corner,1,0.9800,1,1746
6979,1175888,corner,1,0.9800,1,1747
6980,1176030,corner,1,0.9800,1,1748
6981,1176156,corner,1,0.9800,1,1749
6982,1176290,corner,1,0.9900,1,1750
6983,1176441,corner,1,0.9900,1,1751
6984,1176625,corner,1,0.9900,1,1752
6985,1176770,corner,1,0.9900,1,1753
6986,1176919,corner,1,0.9900,1,1754
6987,1177070,corner,1,0.9900,1,1755
6988,1177220,corner,1,0.9900,1,1756
6989,1177356,corner,1,0.9900,1,1757
6990,1177489,corner,1,0.9900,1,1758
6991,1177634,corner,1,0.9900,1,1759
6992,1177776,corner,1,0.9900,1,1760
6993,1177931,corner,1,0.9900,1,1761
6994,1178068,corner,1,0.9900,1,1762
6995,1178225,corner,1,0.9900,1,1763
6996,1178358,corner,1,0.9900,1,1764
6997,1178503,corner,1,0.9900,1,1765
6998,1178651,corner,1,0.9900,1,1766
6999,1178809,corner,1,1.0000,1,1767
7000,1178940,corner,1,1.0000,1,1768
7001,1179099,corner,1,1.0000,1,1769
7002,1179239,corner,1,1.0000,1,1770
7003,1179379,corner,1,1.0000,1,1771
7004,1179516,corner,1,1.0000,1,1772
7005,1179618,corner,1,1.0000,1,1773
7006,1179763,corner,1,1.0000,1,1774
7007,1179895,corner,1,1.0000,1,1775
7008,1180050,corner,1,1.0000,1,1776
7009,1180160,corner,1,1.0000,1,1777
7010,1180290,corner,1,1.0000,1,1778
7011,1180420,corner,1,1.0000,1,1779
7012,1180576,corner,1,1.0000,1,1780
7013,1180707,corner,1,1.0000,1,1781
7014,1180844,corner,1,1.0000,1,1782
7015,1180995,corner,1,1.0000,1,1783
7016,1181093,corner,1,1.0000,1,1784
7017,1181237,corner,1,1.0000,1,1785
7018,1181374,corner,1,1.0000,1,1786
7019,1181512,corner,1,1.0000,1,1787
7020,1181640,corner,1,1.0000,1,1788
7021,1181764,corner,1,1.0000,1,1789
7022,1181865,corner,1,1.0000,1,1790
7023,1181995,corner,1,1.0000,1,1791
7024,1182142,corner,1,1.0000,1,1792
7025,1182271,corner,1,1.0000,1,1793
7026,1182402,corner,1,1.0000,1,1794
7027,1182536,corner,1,1.0000,1,1795
7028,1182673,corner,1,1.0000,1,1796
7029,1182780,corner,0,0.9900,1,1797
7030,1182923,corner,1,0.9900,1,1798
7031,1183019,corner,1,0.9900,1,1799
7032,1183152,corner,1,0.9900,1,1800
7033,1183294,corner,1,0.9900,1,1801
7034,1183452,corner,1,0.9900,1,1802
7035,1183582,corner,1,0.9900,1,1803
7036,1183732,corner,1,0.9900,1,1804
7037,1183878,corner,1,0.9900,1,1805
7038,1184048,corner,1,0.9900,1,1806
7039,1184187,corner,1,0.9900,1,1807
7040,1184328,corner,1,0.9900,1,1808
7041,1184463,corner,1,0.9900,1,1809
7042,1184562,corner,1,0.9900,1,1810
7043,1184668,corner,1,0.9900,1,1811
7044,1184810,corner,1,0.9900,1,1812
7045,1184941,corner,1,0.9900,1,1813
7046,1185080,corner,1,0.9900,1,1814
7047,1185246,corner,1,0.9900,1,1815
7048,1185382,corner,1,0.9900,1,1816
7049,1185513,corner,1,0.9900,1,1817
7050,1185636,corner,1,0.9900,1,1818
7051,1185767,corner,1,0.9900,1,1819
7052,1185872,corner,1,0.9900,1,1820
7053,1185976,corner,1,0.9900,1,1821
7054,1186116,corner,1,0.9900,1,1822
7055,1186216,corner,1,0.9900,1,1823
7056,1186360,corner,1,0.9900,1,1824
7057,1186501,corner,1,0.9900,1,1825
7058,1186640,corner,1,0.9900,1,1826
7059,1186770,corner,1,0.9900,1,1827
7060,1186899,corner,1,0.9900,1,1828
7061,1187047,corner,1,0.9900,1,1829
7062,1187148,corner,1,0.9900,1,1830
7063,1187286,corner,1,0.9900,1,1831
7064,1187422,corner,1,0.9900,1,1832
7065,1187554,corner,1,0.9900,1,1833
7066,1187687,corner,1,0.9900,1,1834
7067,1187783,corner,1,0.9900,1,1835
7068,1187885,corner,1,0.9900,1,1836
7069,1188037,corner,1,0.9900,1,1837
7070,1188166,corner,1,0.9900,1,1838
7071,1188299,corner,1,0.9900,1,1839
7072,1188434,corner,1,0.9900,1,1840
7073,1188608,corner,1,0.9900,1,1841
7074,1188743,corner,1,0.9900,1,1842
7075,1188877,corner,1,0.9900,1,1843
7076,1189020,corner,1,0.9900,1,1844
7077,1189150,corner,1,0.9900,1,1845
7078,1189297,corner,1,0.9900,1,1846
7079,1189439,corner,1,0.9900,1,1847
7080,1189604,corner,1,0.9900,1,1848
7081,1189744,corner,1,0.9900,1,1849
7082,1189850,corner,1,0.9900,1,1850
7083,1189982,corner,1,0.9900,1,1851
7084,1190088,corner,1,0.9900,1,1852
7085,1190249,corner,1,0.9900,1,1853
7086,1190400,corner,1,0.9900,1,1854
7087,1190537,corner,1,0.9900,1,1855
7088,1190676,corner,1,0.9900,1,1856
7089,1190937,corner,1,0.9900,1,1857
7090,1191077,corner,1,0.9900,1,1858
7091,1191179,corner,1,0.9900,1,1859
7092,1191347,corner,1,0.9900,1,1860
7093,1191523,corner,1,0.9900,1,1861
7094,1191667,corner,1,0.9900,1,1862
7095,1191772,corner,1,0.9900,1,1863
7096,1191907,corner,1,0.9900,1,1864
7097,1192085,corner,1,0.9900,1,1865
7098,1192188,corner,1,0.9900,1,1866
7099,1192321,corner,1,0.9900,1,1867
7100,1192464,corner,1,0.9900,1,1868
7101,1192615,corner,1,0.9900,1,1869
7102,1192749,corner,1,0.9900,1,1870
7103,1192882,corner,1,0.9900,1,1871
7104,1192990,corner,1,0.9900,1,1872
7105,1193085,corner,1,0.9900,1,1873
7106,1193241,corner,1,0.9900,1,1874
7107,1193373,corner,1,0.9900,1,1875
7108,1193476,corner,1,0.9900,1,1876
7109,1193612,corner,1,0.9900,1,1877
7110,1193758,corner,1,0.9900,1,1878
7111,1193902,corner,1,0.9900,1,1879
7112,1194006,corner,1,0.9900,1,1880
7113,1194108,corner,1,0.9900,1,1881
7114,1194206,corner,1,0.9900,1,1882
7115,1194341,corner,1,0.9900,1,1883
7116,1194474,corner,1,0.9900,1,1884
7117,1194606,corner,1,0.9900,1,1885
7118,1194752,corner,1,0.9900,1,1886
7119,1194898,corner,1,0.9900,1,1887
7120,1195033,corner,1,0.9900,1,1888
7121,1195136,corner,1,0.9900,1,1889
7122,1195274,corner,1,0.9900,1,1890
7123,1195373,corner,1,0.9900,1,1891
7124,1195513,corner,1,0.9900,1,1892
7125,1195648,corner,1,0.9900,1,1893
7126,1195780,corner,1,0.9900,1,1894
7127,1195928,corner,1,0.9900,1,1895
7128,1196064,corner,1,0.9900,1,1896
7129,1196202,corner,1,1.0000,1,1897
7130,1196362,corner,1,1.0000,1,1898
7131,1196496,corner,1,1.0000,1,1899
7132,1196683,corner,1,1.0000,1,1900
7133,1196868,corner,1,1.0000,1,1901
7134,1197024,corner,1,1.0000,1,1902
7135,1197155,corner,1,1.0000,1,1903
7136,1197322,corner,1,1.0000,1,1904
7137,1197499,corner,1,1.0000,1,1905
7138,1197653,corner,1,1.0000,1,1906
7139,1197786,corner,1,1.0000,1,1907
7140,1197925,corner,1,1.0000,1,1908
7141,1198056,corner,1,1.0000,1,1909
7142,1198191,corner,1,1.0000,1,1910
7143,1198331,corner,1,1.0000,1,1911
7144,1198480,corner,1,1.0000,1,1912
7145,1198639,corner,1,1.0000,1,1913
7146,1198769,corner,1,1.0000,1,1914
7147,1198908,corner,1,1.0000,1,1915
7148,1199051,corner,1,1.0000,1,1916
7149,1199198,corner,1,1.0000,1,1917
7150,1199333,corner,1,1.0000,1,1918
7151,1199484,corner,1,1.0000,1,1919
7152,1199624,corner,1,1.0000,1,1920
7153,1199752,corner,1,1.0000,1,1921
7154,1199891,corner,1,1.0000,1,1922
7155,1200041,corner,1,1.0000,1,1923
7156,1200166,defensive,1,1.0000,2,1
7157,1200260,defensive,0,0.9900,2,2
7158,1200350,defensive,1,0.9900,2,3
7159,1200482,defensive,1,0.9900,2,4
7160,1200618,defensive,1,0.9900,2,5
7161,1200723,defensive,0,0.9800,2,6
7162,1200857,defensive,1,0.9800,2,7
7163,1201042,defensive,1,0.9800,2,8
7164,1201171,defensive,1,0.9800,2,9
7165,1201273,defensive,1,0.9800,2,10
7166,1201367,defensive,1,0.9800,2,11
7167,1201501,defensive,1,0.9800,2,12
7168,1201639,defensive,1,0.9800,2,13
7169,1201724,defensive,0,0.9700,2,14
7170,1201842,defensive,1,0.9700,2,15
7171,1202087,defensive,0,0.9600,2,16
7172,1202229,defensive,1,0.9600,2,17
7173,1202364,defensive,1,0.9600,2,18
7174,1202486,defensive,1,0.9600,2,19
7175,1202612,defensive,1,0.9600,2,20
7176,1202747,defensive,0,0.9500,2,21
7177,1202874,defensive,1,0.9500,2,22
7178,1203014,defensive,1,0.9500,2,23
7179,1203221,defensive,1,0.9500,2,24
7180,1203396,defensive,1,0.9500,2,25
7181,1203511,defensive,1,0.9500,2,26
7182,1203719,defensive,1,0.9500,2,27
7183,1203812,defensive,0,0.9400,2,28
7184,1203944,defensive,1,0.9400,2,29
7185,1204089,defensive,1,0.9400,2,30
7186,1204179,defensive,0,0.9300,2,31
7187,1204284,defensive,1,0.9300,2,32
7188,1204407,defensive,1,0.9300,2,33
7189,1204526,defensive,1,0.9300,2,34
7190,1204616,defensive,1,0.9300,2,35
7191,1204794,defensive,1,0.9300,2,36
7192,1204962,defensive,1,0.9300,2,37
7193,1205096,defensive,1,0.9300,2,38
7194,1205274,defensive,1,0.9300,2,39
7195,1205361,defensive,0,0.9200,2,40
7196,1205547,defensive,1,0.9200,2,41
7197,1205784,defensive,1,0.9200,2,42
7198,1205904,defensive,1,0.9200,2,43
7199,1205992,defensive,0,0.9100,2,44
7200,1206118,defensive,1,0.9100,2,45
7201,1206238,defensive,1,0.9100,2,46
7202,1206361,defensive,1,0.9100,2,47
7203,1206491,defensive,1,0.9100,2,48
7204,1206624,defensive,1,0.9100,2,49
7205,1206747,defensive,1,0.9100,2,50
7206,1206952,defensive,1,0.9100,2,51
7207,1207099,defensive,1,0.9100,2,52
7208,1207224,defensive,1,0.9100,2,53
7209,1207357,defensive,1,0.9100,2,54
7210,1207480,defensive,1,0.9100,2,55
7211,1207568,defensive,1,0.9100,2,56
7212,1207660,defensive,0,0.9000,2,57
7213,1207782,defensive,1,0.9000,2,58
7214,1208011,defensive,1,0.9000,2,59
7215,1208141,defensive,1,0.9000,2,60
7216,1208274,defensive,1,0.9000,2,61
7217,1208412,defensive,1,0.9000,2,62
7218,1208517,defensive,0,0.8900,2,63
7219,1208663,defensive,1,0.8900,2,64
7220,1208801,defensive,1,0.8900,2,65
7221,1208949,defensive,1,0.8900,2,66
7222,1209038,defensive,1,0.8900,2,67
7223,1209126,defensive,0,0.8800,2,68
7224,1209261,defensive,1,0.8800,2,69
7225,1209352,defensive,1,0.8800,2,70
7226,1209505,defensive,1,0.8800,2,71
7227,1209609,defensive,0,0.8700,2,72
7228,1209730,defensive,1,0.8700,2,73
7229,1209851,defensive,1,0.8700,2,74
7230,1209939,defensive,0,0.8600,2,75
7231,1210091,defensive,1,0.8600,2,76
7232,1210174,defensive,0,0.8500,2,77
7233,1210345,defensive,1,0.8500,2,78
7234,1210465,defensive,1,0.8500,2,79
7235,1210560,defensive,0,0.8400,2,80
7236,1210749,defensive,1,0.8400,2,81
7237,1210854,defensive,0,0.8300,2,82
7238,1210973,defensive,1,0.8300,2,83
7239,1211116,defensive,1,0.8300,2,84
7240,1211298,defensive,1,0.8300,2,85
7241,1211457,defensive,1,0.8300,2,86
7242,1211679,defensive,1,0.8300,2,87
7243,1211837,defensive,1,0.8300,2,88
7244,1211924,defensive,0,0.8200,2,89
7245,1212050,defensive,1,0.8200,2,90
7246,1213402,defensive,1,0.8200,2,91
7247,1213500,defensive,0,0.8100,2,92
7248,1213633,defensive,1,0.8100,2,93
7249,1213720,defensive,0,0.8000,2,94
7250,1213815,defensive,0,0.7900,2,95
7251,1213909,defensive,0,0.7800,2,96
7252,1214080,defensive,1,0.7800,2,97
7253,1214180,defensive,0,0.7700,2,98
7254,1214331,defensive,1,0.7700,2,99
7255,1214646,defensive,1,0.7700,2,100
7256,1214739,defensive,1,0.7700,2,101
7257,1214830,defensive,0,0.7700,2,102
7258,1215000,defensive,0,0.7600,2,103
7259,1215146,defensive,1,0.7600,2,104
7260,1215273,defensive,1,0.7600,2,105
7261,1215393,defensive,1,0.7700,2,106
7262,1215552,defensive,1,0.7700,2,107
7263,1215704,defensive,1,0.7700,2,108
7264,1215836,defensive,1,0.7700,2,109
7265,1215970,defensive,1,0.7700,2,110
7266,1216099,defensive,1,0.7700,2,111
7267,1216238,defensive,1,0.7700,2,112
7268,1216376,defensive,1,0.7700,2,113
7269,1216640,defensive,1,0.7800,2,114
7270,1216764,defensive,1,0.7800,2,115
7271,1216889,defensive,1,0.7900,2,116
7272,1217171,defensive,1,0.7900,2,117
7273,1217264,defensive,0,0.7800,2,118
7274,1217387,defensive,1,0.7800,2,119
7275,1217505,defensive,1,0.7800,2,120
7276,1217633,defensive,1,0.7900,2,121
7277,1217722,defensive,0,0.7800,2,122
7278,1217853,defensive,1,0.7800,2,123
7279,1218010,defensive,0,0.7700,2,124
7280,1218137,defensive,1,0.7700,2,125
7281,1218298,defensive,1,0.7700,2,126
7282,1218429,defensive,1,0.7700,2,127
7283,1218567,defensive,1,0.7800,2,128
7284,1218702,defensive,1,0.7800,2,129
7285,1218872,defensive,1,0.7800,2,130
7286,1219012,defensive,1,0.7900,2,131
7287,1219292,defensive,1,0.7900,2,132
7288,1219437,defensive,1,0.7900,2,133
7289,1219571,defensive,1,0.7900,2,134
7290,1219730,defensive,1,0.7900,2,135
7291,1219875,defensive,1,0.7900,2,136
7292,1220057,defensive,1,0.7900,2,137
7293,1220179,defensive,1,0.7900,2,138
7294,1220335,defensive,1,0.7900,2,139
7295,1220451,defensive,1,0.8000,2,140
7296,1220576,defensive,1,0.8000,2,141
7297,1220736,defensive,1,0.8000,2,142
7298,1220865,defensive,1,0.8000,2,143
7299,1220994,defensive,1,0.8100,2,144
7300,1221153,defensive,1,0.8100,2,145
7301,1221332,defensive,1,0.8100,2,146
7302,1221431,defensive,0,0.8000,2,147
7303,1221566,defensive,1,0.8000,2,148
7304,1221836,defensive,1,0.8000,2,149
7305,1221926,defensive,1,0.8000,2,150
7306,1222108,defensive,1,0.8000,2,151
7307,1222198,defensive,0,0.7900,2,152
7308,1222334,defensive,1,0.7900,2,153
7309,1222626,defensive,1,0.7900,2,154
7310,1222751,defensive,1,0.7900,2,155
7311,1222876,defensive,1,0.7900,2,156
7312,1223021,defensive,1,0.8000,2,157
7313,1223147,defensive,1,0.8000,2,158
7314,1223318,defensive,1,0.8000,2,159
7315,1223404,defensive,0,0.7900,2,160
7316,1223534,defensive,1,0.7900,2,161
7317,1223693,defensive,1,0.7900,2,162
7318,1223857,defensive,1,0.8000,2,163
7319,1223952,defensive,0,0.7900,2,164
7320,1224096,defensive,1,0.7900,2,165
7321,1224223,defensive,1,0.7900,2,166
7322,1224373,defensive,1,0.7900,2,167
7323,1224505,defensive,1,0.8000,2,168
7324,1224629,defensive,1,0.8000,2,169
7325,1224731,defensive,0,0.7900,2,170
7326,1224876,defensive,1,0.7900,2,171
7327,1225044,defensive,1,0.8000,2,172
7328,1225172,defensive,1,0.8000,2,173
7329,1225303,defensive,1,0.8000,2,174
7330,1225477,defensive,1,0.8100,2,175
7331,1225606,defensive,1,0.8100,2,176
7332,1225728,defensive,1,0.8200,2,177
7333,1225886,defensive,1,0.8200,2,178
7334,1226035,defensive,1,0.8200,2,179
7335,1226218,defensive,1,0.8300,2,180
7336,1226442,defensive,1,0.8300,2,181
7337,1226570,defensive,1,0.8400,2,182
7338,1226750,defensive,1,0.8400,2,183
7339,1226842,defensive,0,0.8300,2,184
7340,1226943,defensive,0,0.8200,2,185
7341,1227062,defensive,1,0.8200,2,186
7342,1227152,defensive,0,0.8100,2,187
7343,1227282,defensive,1,0.8100,2,188
7344,1227414,defensive,1,0.8200,2,189
7345,1227548,defensive,1,0.8200,2,190
7346,1227694,defensive,1,0.8200,2,191
7347,1227823,defensive,1,0.8300,2,192
7348,1227913,defensive,0,0.8200,2,193
7349,1228037,defensive,1,0.8300,2,194
7350,1228126,defensive,0,0.8300,2,195
7351,1228256,defensive,1,0.8400,2,196
7352,1228407,defensive,1,0.8400,2,197
7353,1228577,defensive,1,0.8500,2,198
7354,1228713,defensive,1,0.8500,2,199
7355,1228848,defensive,1,0.8500,2,200
7356,1229032,defensive,1,0.8500,2,201
7357,1229136,defensive,0,0.8500,2,202
7358,1229228,defensive,0,0.8500,2,203
7359,1229353,defensive,1,0.8500,2,204
7360,1229481,defensive,1,0.8500,2,205
7361,1229589,defensive,0,0.8400,2,206
7362,1229721,defensive,1,0.8400,2,207
7363,1229815,defensive,0,0.8300,2,208
7364,1229961,defensive,1,0.8300,2,209
7365,1230091,defensive,1,0.8300,2,210
7366,1230236,defensive,1,0.8300,2,211
7367,1230346,defensive,0,0.8200,2,212
7368,1230519,defensive,1,0.8200,2,213
7369,1230661,defensive,1,0.8200,2,214
7370,1230767,defensive,0,0.8100,2,215
7371,1230898,defensive,1,0.8100,2,216
7372,1230985,defensive,1,0.8100,2,217
7373,1231143,defensive,1,0.8200,2,218
7374,1231311,defensive,1,0.8200,2,219
7375,1231437,defensive,1,0.8200,2,220
7376,1231528,defensive,0,0.8100,2,221
7377,1231667,defensive,1,0.8200,2,222
7378,1231818,defensive,1,0.8200,2,223
7379,1231966,defensive,1,0.8300,2,224
7380,1232110,defensive,1,0.8300,2,225
7381,1232250,defensive,1,0.8300,2,226
7382,1232377,defensive,1,0.8300,2,227
7383,1232530,defensive,1,0.8300,2,228
7384,1232663,defensive,1,0.8300,2,229
7385,1232830,defensive,1,0.8300,2,230
7386,1232977,defensive,1,0.8300,2,231
7387,1233101,defensive,1,0.8300,2,232
7388,1233232,defensive,1,0.8300,2,233
7389,1233327,defensive,1,0.8300,2,234
7390,1233468,defensive,1,0.8300,2,235
7391,1233559,defensive,0,0.8200,2,236
7392,1233657,defensive,0,0.8100,2,237
7393,1233828,defensive,1,0.8100,2,238
7394,1233938,defensive,0,0.8000,2,239
7395,1234028,defensive,0,0.7900,2,240
7396,1234154,defensive,1,0.7900,2,241
7397,1234373,defensive,1,0.7900,2,242
7398,1234524,defensive,1,0.7900,2,243
7399,1234616,defensive,0,0.7800,2,244
7400,1234815,defensive,1,0.7800,2,245
7401,1234912,defensive,1,0.7800,2,246
7402,1235065,defensive,1,0.7900,2,247
7403,1235155,defensive,1,0.7900,2,248
7404,1235338,defensive,1,0.7900,2,249
7405,1235473,defensive,1,0.7900,2,250
7406,1235633,defensive,1,0.7900,2,251
7407,1235721,defensive,0,0.7900,2,252
7408,1235811,defensive,1,0.7900,2,253
7409,1236151,defensive,1,0.7900,2,254
7410,1236239,defensive,1,0.7900,2,255
7411,1236374,defensive,1,0.7900,2,256
7412,1236534,defensive,1,0.7900,2,257
7413,1236627,defensive,1,0.7900,2,258
7414,1236720,defensive,0,0.7800,2,259
7415,1236900,defensive,1,0.7900,2,260
7416,1237085,defensive,1,0.7900,2,261
7417,1237209,defensive,1,0.7900,2,262
7418,1237335,defensive,1,0.7900,2,263
7419,1237462,defensive,1,0.8000,2,264
7420,1237615,defensive,1,0.8000,2,265
7421,1237747,defensive,1,0.8000,2,266
7422,1237888,defensive,1,0.8000,2,267
7423,1238013,defensive,1,0.8000,2,268
7424,1238134,defensive,1,0.8000,2,269
7425,1238233,defensive,0,0.8000,2,270
7426,1238326,defensive,1,0.8000,2,271
7427,1238496,defensive,1,0.8000,2,272
7428,1238603,defensive,0,0.7900,2,273
7429,1238761,defensive,1,0.7900,2,274
7430,1238890,defensive,1,0.7900,2,275
7431,1238982,defensive,0,0.7800,2,276
7432,1239131,defensive,1,0.7800,2,277
7433,1239233,defensive,0,0.7700,2,278
7434,1239324,defensive,1,0.7700,2,279
7435,1239458,defensive,1,0.7700,2,280
7436,1239584,defensive,1,0.7700,2,281
7437,1239671,defensive,0,0.7600,2,282
7438,1239760,defensive,1,0.7600,2,283
7439,1239916,defensive,1,0.7700,2,284
7440,1240066,defensive,1,0.7800,2,285
7441,1240185,defensive,1,0.7800,2,286
7442,1240521,defensive,1,0.7900,2,287
7443,1240609,defensive,0,0.7800,2,288
7444,1240730,defensive,1,0.7800,2,289
7445,1240869,defensive,1,0.7800,2,290
7446,1240991,defensive,1,0.7800,2,291
7447,1241159,defensive,1,0.7800,2,292
7448,1241283,defensive,1,0.7900,2,293
7449,1241437,defensive,1,0.7900,2,294
7450,1241557,defensive,1,0.8000,2,295
7451,1241737,defensive,1,0.8000,2,296
7452,1241854,defensive,1,0.8000,2,297
7453,1241981,defensive,1,0.8000,2,298
7454,1242075,defensive,0,0.7900,2,299
7455,1242244,defensive,1,0.7900,2,300
7456,1242384,defensive,1,0.7900,2,301
7457,1242527,defensive,1,0.8000,2,302
7458,1242677,defensive,1,0.8100,2,303
7459,1242900,defensive,1,0.8100,2,304
7460,1242987,defensive,1,0.8100,2,305
7461,1243178,defensive,1,0.8200,2,306
7462,1243296,defensive,1,0.8200,2,307
7463,1243493,defensive,1,0.8300,2,308
7464,1243609,defensive,1,0.8300,2,309
7465,1243820,defensive,1,0.8300,2,310
7466,1243947,defensive,1,0.8300,2,311
7467,1244083,defensive,1,0.8400,2,312
7468,1244206,defensive,1,0.8400,2,313
7469,1244351,defensive,1,0.8400,2,314
7470,1244491,defensive,1,0.8500,2,315
7471,1244627,defensive,1,0.8500,2,316
7472,1244748,defensive,1,0.8500,2,317
7473,1244859,defensive,0,0.8400,2,318
7474,1244988,defensive,1,0.8400,2,319
7475,1245150,defensive,1,0.8400,2,320
7476,1245283,defensive,1,0.8500,2,321
7477,1245371,defensive,0,0.8400,2,322
7478,1245526,defensive,1,0.8400,2,323
7479,1245660,defensive,1,0.8400,2,324
7480,1245783,defensive,1,0.8400,2,325
7481,1245918,defensive,1,0.8400,2,326
7482,1246051,defensive,1,0.8400,2,327
7483,1246193,defensive,1,0.8400,2,328
7484,1246349,defensive,1,0.8400,2,329
7485,1246483,defensive,1,0.8400,2,330
7486,1246573,defensive,1,0.8400,2,331
7487,1246699,defensive,1,0.8400,2,332
7488,1246838,defensive,1,0.8400,2,333
7489,1247002,defensive,1,0.8400,2,334
7490,1247141,defensive,1,0.8400,2,335
7491,1247277,defensive,1,0.8500,2,336
7492,1247424,defensive,1,0.8600,2,337
7493,1247550,defensive,1,0.8600,2,338
7494,1247670,defensive,1,0.8700,2,339
7495,1247803,defensive,1,0.8800,2,340
7496,1248012,defensive,1,0.8800,2,341
7497,1248166,defensive,1,0.8800,2,342
7498,1248298,defensive,1,0.8800,2,343
7499,1248436,defensive,1,0.8900,2,344
7500,1248569,defensive,1,0.8900,2,345
7501,1248700,defensive,1,0.8900,2,346
7502,1248834,defensive,1,0.8900,2,347
7503,1248936,defensive,0,0.8800,2,348
7504,1249073,defensive,1,0.8800,2,349
7505,1249197,defensive,1,0.8800,2,350
7506,1249336,defensive,1,0.8800,2,351
7507,1249490,defensive,1,0.8900,2,352
7508,1249580,defensive,0,0.8800,2,353
7509,1249735,defensive,1,0.8800,2,354
7510,1249904,defensive,1,0.8800,2,355
7511,1249995,defensive,1,0.8800,2,356
7512,1250125,defensive,1,0.8800,2,357
7513,1250260,defensive,1,0.8800,2,358
7514,1250398,defensive,1,0.8900,2,359
7515,1250546,defensive,1,0.8900,2,360
7516,1250685,defensive,1,0.8900,2,361
7517,1250828,defensive,1,0.8900,2,362
7518,1250994,defensive,1,0.8900,2,363
7519,1251088,defensive,1,0.8900,2,364
7520,1251216,defensive,1,0.8900,2,365
7521,1251369,defensive,1,0.8900,2,366
7522,1251499,defensive,1,0.8900,2,367
7523,1251630,defensive,1,0.8900,2,368
7524,1251759,defensive,1,0.8900,2,369
7525,1251883,defensive,1,0.9000,2,370
7526,1252048,defensive,1,0.9000,2,371
7527,1252159,defensive,0,0.8900,2,372
7528,1252306,defensive,1,0.9000,2,373
7529,1252443,defensive,1,0.9000,2,374
7530,1252699,defensive,1,0.9000,2,375
7531,1252865,defensive,1,0.9100,2,376
7532,1252991,defensive,1,0.9100,2,377
7533,1253132,defensive,1,0.9200,2,378
7534,1253279,defensive,1,0.9200,2,379
7535,1253412,defensive,1,0.9200,2,380
7536,1253533,defensive,1,0.9200,2,381
7537,1253657,defensive,1,0.9300,2,382
7538,1253782,defensive,1,0.9300,2,383
7539,1253907,defensive,1,0.9300,2,384
7540,1254038,defensive,1,0.9300,2,385
7541,1254271,defensive,1,0.9300,2,386
7542,1254432,defensive,1,0.9300,2,387
7543,1254588,defensive,1,0.9400,2,388
7544,1254711,defensive,1,0.9400,2,389
7545,1254831,defensive,1,0.9400,2,390
7546,1254970,defensive,1,0.9400,2,391
7547,1255066,defensive,1,0.9400,2,392
7548,1255213,defensive,1,0.9400,2,393
7549,1255306,defensive,0,0.9300,2,394
7550,1255397,defensive,0,0.9200,2,395
7551,1255570,defensive,1,0.9200,2,396
7552,1255687,defensive,1,0.9200,2,397
7553,1255847,defensive,1,0.9200,2,398
7554,1256031,defensive,1,0.9300,2,399
7555,1256164,defensive,1,0.9300,2,400
7556,1256302,defensive,1,0.9300,2,401
7557,1256431,defensive,1,0.9300,2,402
7558,1256549,defensive,1,0.9300,2,403
7559,1256669,defensive,1,0.9300,2,404
7560,1256822,defensive,1,0.9300,2,405
7561,1256969,defensive,1,0.9300,2,406
7562,1257087,defensive,1,0.9300,2,407
7563,1257211,defensive,1,0.9300,2,408
7564,1257322,defensive,0,0.9200,2,409
7565,1257412,defensive,1,0.9200,2,410
7566,1257545,defensive,1,0.9200,2,411
7567,1257669,defensive,1,0.9200,2,412
7568,1257845,defensive,1,0.9200,2,413
7569,1257962,defensive,1,0.9200,2,414
7570,1258155,defensive,1,0.9200,2,415
7571,1258276,defensive,1,0.9200,2,416
7572,1258401,defensive,0,0.9100,2,417
7573,1258573,defensive,1,0.9200,2,418
7574,1258702,defensive,1,0.9200,2,419
7575,1258797,defensive,0,0.9100,2,420
7576,1258916,defensive,1,0.9100,2,421
7577,1259062,defensive,1,0.9200,2,422
7578,1259227,defensive,1,0.9200,2,423
7579,1259352,defensive,1,0.9200,2,424
7580,1259527,defensive,1,0.9200,2,425
7581,1259658,defensive,1,0.9200,2,426
7582,1259797,defensive,1,0.9200,2,427
7583,1259886,defensive,1,0.9200,2,428
7584,1260043,defensive,1,0.9200,2,429
7585,1260195,defensive,1,0.9200,2,430
7586,1260309,defensive,1,0.9200,2,431
7587,1260449,defensive,1,0.9200,2,432
7588,1260566,defensive,1,0.9200,2,433
7589,1260743,defensive,1,0.9200,2,434
7590,1260946,defensive,1,0.9200,2,435
7591,1261073,defensive,1,0.9200,2,436
7592,1261167,defensive,0,0.9100,2,437
7593,1261360,defensive,1,0.9100,2,438
7594,1261512,defensive,1,0.9100,2,439
7595,1261673,defensive,1,0.9100,2,440
7596,1261799,defensive,1,0.9100,2,441
7597,1261927,defensive,0,0.9000,2,442
7598,1262098,defensive,1,0.9000,2,443
7599,1262242,defensive,1,0.9000,2,444
7600,1262418,defensive,1,0.9000,2,445
7601,1262549,defensive,1,0.9000,2,446
7602,1262694,defensive,1,0.9000,2,447
7603,1262851,defensive,1,0.9100,2,448
7604,1262986,defensive,1,0.9100,2,449
7605,1263122,defensive,1,0.9100,2,450
7606,1263273,defensive,1,0.9100,2,451
7607,1263392,defensive,1,0.9100,2,452
7608,1263486,defensive,1,0.9200,2,453
7609,1263651,defensive,1,0.9200,2,454
7610,1263795,defensive,1,0.9200,2,455
7611,1263973,defensive,1,0.9200,2,456
7612,1264113,defensive,1,0.9200,2,457
7613,1264257,defensive,1,0.9200,2,458
7614,1264394,defensive,1,0.9200,2,459
7615,1264555,defensive,1,0.9200,2,460
7616,1264651,defensive,1,0.9200,2,461
7617,1264751,defensive,1,0.9200,2,462
7618,1264914,defensive,1,0.9200,2,463
7619,1265040,defensive,1,0.9200,2,464
7620,1265165,defensive,1,0.9200,2,465
7621,1265292,defensive,1,0.9200,2,466
7622,1265452,defensive,1,0.9200,2,467
7623,1265572,defensive,1,0.9200,2,468
7624,1265666,defensive,0,0.9100,2,469
7625,1265798,defensive,1,0.9100,2,470
7626,1265943,defensive,1,0.9100,2,471
7627,1267295,defensive,1,0.9200,2,472
7628,1267430,defensive,1,0.9200,2,473
7629,1267605,defensive,1,0.9200,2,474
7630,1267729,defensive,1,0.9200,2,475
7631,1267862,defensive,1,0.9200,2,476
7632,1267988,defensive,1,0.9200,2,477
7633,1268138,defensive,1,0.9200,2,478
7634,1268271,defensive,1,0.9200,2,479
7635,1268438,defensive,1,0.9200,2,480
7636,1268561,defensive,1,0.9200,2,481
7637,1268689,defensive,1,0.9200,2,482
7638,1268778,defensive,0,0.9100,2,483
7639,1268924,defensive,1,0.9100,2,484
7640,1269053,defensive,1,0.9100,2,485
7641,1269192,defensive,1,0.9100,2,486
7642,1269321,defensive,1,0.9100,2,487
7643,1269447,defensive,1,0.9100,2,488
7644,1269538,defensive,0,0.9000,2,489
7645,1269680,defensive,1,0.9000,2,490
7646,1269811,defensive,1,0.9000,2,491
7647,1269937,defensive,1,0.9000,2,492
7648,1270074,defensive,1,0.9000,2,493
7649,1270223,defensive,1,0.9100,2,494
7650,1270353,defensive,1,0.9200,2,495
7651,1270475,defensive,1,0.9200,2,496
7652,1270631,defensive,1,0.9200,2,497
7653,1270760,defensive,1,0.9200,2,498
7654,1270943,defensive,1,0.9200,2,499
7655,1271071,defensive,1,0.9200,2,500
7656,1271165,defensive,1,0.9200,2,501
7657,1271302,defensive,1,0.9200,2,502
7658,1271421,defensive,1,0.9200,2,503
7659,1271565,defensive,1,0.9200,2,504
7660,1271658,defensive,0,0.9100,2,505
7661,1271835,defensive,1,0.9100,2,506
7662,1271976,defensive,1,0.9100,2,507
7663,1272078,defensive,0,0.9000,2,508
7664,1272221,defensive,1,0.9100,2,509
7665,1272362,defensive,1,0.9100,2,510
7666,1272486,defensive,1,0.9100,2,511
7667,1272609,defensive,1,0.9100,2,512
7668,1272707,defensive,0,0.9000,2,513
7669,1272875,defensive,1,0.9000,2,514
7670,1272978,defensive,0,0.8900,2,515
7671,1273146,defensive,1,0.8900,2,516
7672,1273274,defensive,1,0.9000,2,517
7673,1273401,defensive,1,0.9000,2,518
7674,1273528,defensive,1,0.9000,2,519
7675,1273651,defensive,1,0.9100,2,520
7676,1273770,defensive,1,0.9100,2,521
7677,1273892,defensive,1,0.9100,2,522
7678,1273982,defensive,0,0.9000,2,523
7679,1274136,defensive,1,0.9000,2,524
7680,1274284,defensive,1,0.9000,2,525
7681,1274385,defensive,0,0.8900,2,526
7682,1274508,defensive,1,0.8900,2,527
7683,1274638,defensive,1,0.8900,2,528
7684,1274788,defensive,1,0.8900,2,529
7685,1274950,defensive,1,0.8900,2,530
7686,1275079,defensive,1,0.8900,2,531
7687,1275204,defensive,1,0.8900,2,532
7688,1275346,defensive,1,0.8900,2,533
7689,1275530,defensive,1,0.8900,2,534
7690,1275648,defensive,1,0.8900,2,535
7691,1275847,defensive,1,0.8900,2,536
7692,1275997,defensive,1,0.9000,2,537
7693,1276150,defensive,1,0.9000,2,538
7694,1276335,defensive,1,0.9000,2,539
7695,1276462,defensive,1,0.9000,2,540
7696,1276566,defensive,0,0.8900,2,541
7697,1276687,defensive,1,0.9000,2,542
7698,1276880,defensive,1,0.9000,2,543
7699,1277056,defensive,1,0.9000,2,544
7700,1277176,defensive,1,0.9000,2,545
7701,1277295,defensive,1,0.9000,2,546
7702,1277388,defensive,1,0.9000,2,547
7703,1277548,defensive,1,0.9000,2,548
7704,1277684,defensive,1,0.9000,2,549
7705,1277805,defensive,1,0.9000,2,550
7706,1277946,defensive,1,0.9000,2,551
7707,1278122,defensive,1,0.9000,2,552
7708,1278217,defensive,1,0.9000,2,553
7709,1278348,defensive,1,0.9000,2,554
7710,1278533,defensive,1,0.9000,2,555
7711,1278681,defensive,1,0.9000,2,556
7712,1278801,defensive,0,0.8900,2,557
7713,1278940,defensive,1,0.8900,2,558
7714,1279104,defensive,1,0.8900,2,559
7715,1279241,defensive,1,0.8900,2,560
7716,1279330,defensive,0,0.8800,2,561
7717,1279463,defensive,1,0.8800,2,562
7718,1279587,defensive,1,0.8800,2,563
7719,1279720,defensive,1,0.8800,2,564
7720,1279870,defensive,1,0.8800,2,565
7721,1279992,defensive,1,0.8800,2,566
7722,1280117,defensive,1,0.8800,2,567
7723,1280247,defensive,1,0.8800,2,568
7724,1280460,defensive,1,0.8900,2,569
7725,1280645,defensive,1,0.8900,2,570
7726,1280789,defensive,1,0.8900,2,571
7727,1280875,defensive,1,0.8900,2,572
7728,1281019,defensive,1,0.8900,2,573
7729,1281147,defensive,1,0.8900,2,574
7730,1281373,defensive,1,0.8900,2,575
7731,1281526,defensive,1,0.8900,2,576
7732,1281665,defensive,1,0.8900,2,577
7733,1281787,defensive,1,0.8900,2,578
7734,1281928,defensive,1,0.8900,2,579
7735,1282052,defensive,1,0.8900,2,580
7736,1282193,defensive,1,0.8900,2,581
7737,1282323,defensive,1,0.8900,2,582
7738,1282479,defensive,1,0.9000,2,583
7739,1282609,defensive,1,0.9000,2,584
7740,1282854,defensive,1,0.9000,2,585
7741,1282943,defensive,1,0.9000,2,586
7742,1283065,defensive,1,0.9000,2,587
7743,1283178,defensive,0,0.8900,2,588
7744,1283333,defensive,1,0.9000,2,589
7745,1283504,defensive,1,0.9000,2,590
7746,1283590,defensive,1,0.9000,2,591
7747,1283731,defensive,1,0.9000,2,592
7748,1283867,defensive,1,0.9000,2,593
7749,1284015,defensive,1,0.9000,2,594
7750,1284161,defensive,1,0.9000,2,595
7751,1284299,defensive,1,0.9000,2,596
7752,1284514,defensive,1,0.9000,2,597
7753,1284644,defensive,1,0.9000,2,598
7754,1284785,defensive,1,0.9000,2,599
7755,1284920,defensive,1,0.9000,2,600
7756,1285050,defensive,1,0.9000,2,601
7757,1285141,defensive,1,0.9000,2,602
7758,1285288,defensive,1,0.9000,2,603
7759,1285423,defensive,1,0.9000,2,604
7760,1285578,defensive,1,0.9100,2,605
7761,1285773,defensive,1,0.9100,2,606
7762,1285883,defensive,0,0.9000,2,607
7763,1286022,defensive,1,0.9100,2,608
7764,1286118,defensive,0,0.9000,2,609
7765,1286227,defensive,0,0.8900,2,610
7766,1286397,defensive,1,0.8900,2,611
7767,1286563,defensive,1,0.8900,2,612
7768,1286684,defensive,1,0.9000,2,613
7769,1286773,defensive,1,0.9000,2,614
7770,1286948,defensive,1,0.9100,2,615
7771,1287209,defensive,1,0.9100,2,616
7772,1287336,defensive,1,0.9100,2,617
7773,1287489,defensive,1,0.9100,2,618
7774,1287606,defensive,1,0.9100,2,619
7775,1287785,defensive,1,0.9100,2,620
7776,1287989,defensive,1,0.9100,2,621
7777,1288145,defensive,1,0.9100,2,622
7778,1288300,defensive,1,0.9200,2,623
7779,1288439,defensive,1,0.9200,2,624
7780,1288567,defensive,1,0.9200,2,625
7781,1288684,defensive,1,0.9300,2,626
7782,1288807,defensive,1,0.9300,2,627
7783,1289102,defensive,1,0.9300,2,628
7784,1289248,defensive,1,0.9300,2,629
7785,1289410,defensive,1,0.9300,2,630
7786,1289530,defensive,1,0.9300,2,631
7787,1289662,defensive,1,0.9300,2,632
7788,1289788,defensive,1,0.9300,2,633
7789,1289961,defensive,1,0.9300,2,634
7790,1290204,defensive,1,0.9300,2,635
7791,1290357,defensive,1,0.9300,2,636
7792,1290573,defensive,1,0.9300,2,637
7793,1290699,defensive,1,0.9300,2,638
7794,1290789,defensive,0,0.9200,2,639
7795,1290883,defensive,0,0.9100,2,640
7796,1291017,defensive,1,0.9200,2,641
7797,1291174,defensive,1,0.9200,2,642
7798,1291290,defensive,1,0.9200,2,643
7799,1291448,defensive,1,0.9200,2,644
7800,1291684,defensive,1,0.9200,2,645
7801,1291823,defensive,1,0.9200,2,646
7802,1291943,defensive,1,0.9200,2,647
7803,1292038,defensive,0,0.9100,2,648
7804,1292140,defensive,0,0.9000,2,649
7805,1292269,defensive,1,0.9000,2,650
7806,1292366,defensive,1,0.9000,2,651
7807,1292493,defensive,1,0.9000,2,652
7808,1292620,defensive,1,0.9000,2,653
7809,1292761,defensive,1,0.9000,2,654
7810,1292890,defensive,1,0.9000,2,655
7811,1293034,defensive,1,0.9000,2,656
7812,1293186,defensive,1,0.9100,2,657
7813,1293275,defensive,1,0.9100,2,658
7814,1293431,defensive,1,0.9100,2,659
7815,1293520,defensive,1,0.9100,2,660
7816,1293637,defensive,1,0.9200,2,661
7817,1293773,defensive,1,0.9200,2,662
7818,1293868,defensive,0,0.9100,2,663
7819,1294033,defensive,1,0.9100,2,664
7820,1294171,defensive,1,0.9100,2,665
7821,1294296,defensive,1,0.9100,2,666
7822,1294445,defensive,1,0.9100,2,667
7823,1294596,defensive,1,0.9100,2,668
7824,1294762,defensive,1,0.9100,2,669
7825,1294888,defensive,1,0.9100,2,670
7826,1294983,defensive,1,0.9100,2,671
7827,1295192,defensive,1,0.9100,2,672
7828,1295287,defensive,0,0.9000,2,673
7829,1295393,defensive,0,0.8900,2,674
7830,1295542,defensive,1,0.8900,2,675
7831,1295670,defensive,1,0.8900,2,676
7832,1295794,defensive,1,0.8900,2,677
7833,1295912,defensive,1,0.8900,2,678
7834,1296069,defensive,1,0.8900,2,679
7835,1296226,defensive,1,0.8900,2,680
7836,1296316,defensive,1,0.8900,2,681
7837,1296412,defensive,0,0.8800,2,682
7838,1296614,defensive,1,0.8800,2,683
7839,1296767,defensive,1,0.8800,2,684
7840,1296860,defensive,1,0.8800,2,685
7841,1297025,defensive,1,0.8800,2,686
7842,1297187,defensive,1,0.8800,2,687
7843,1297311,defensive,1,0.8900,2,688
7844,1297438,defensive,1,0.8900,2,689
7845,1297595,defensive,1,0.8900,2,690
7846,1297715,defensive,1,0.8900,2,691
7847,1297861,defensive,1,0.8900,2,692
7848,1297986,defensive,1,0.8900,2,693
7849,1298139,defensive,1,0.8900,2,694
7850,1298227,defensive,0,0.8800,2,695
7851,1298356,defensive,1,0.8800,2,696
7852,1298449,defensive,0,0.8700,2,697
7853,1298586,defensive,1,0.8700,2,698
7854,1298742,defensive,1,0.8700,2,699
7855,1298886,defensive,1,0.8700,2,700
7856,1299214,defensive,1,0.8700,2,701
7857,1299376,defensive,1,0.8700,2,702
7858,1299510,defensive,1,0.8700,2,703
7859,1299664,defensive,1,0.8700,2,704
7860,1299789,defensive,1,0.8700,2,705
7861,1299917,defensive,1,0.8700,2,706
7862,1300080,defensive,1,0.8800,2,707
7863,1300205,defensive,1,0.8800,2,708
7864,1300373,defensive,1,0.8900,2,709
7865,1300509,defensive,1,0.9000,2,710
7866,1300632,defensive,1,0.9000,2,711
7867,1300756,defensive,1,0.9000,2,712
7868,1301016,defensive,1,0.9000,2,713
7869,1301152,defensive,1,0.9000,2,714
7870,1301275,defensive,1,0.9000,2,715
7871,1301417,defensive,1,0.9000,2,716
7872,1301547,defensive,1,0.9000,2,717
7873,1301671,defensive,1,0.9000,2,718
7874,1301774,defensive,0,0.8900,2,719
7875,1301966,defensive,1,0.8900,2,720
7876,1302055,defensive,0,0.8800,2,721
7877,1302181,defensive,1,0.8800,2,722
7878,1302352,defensive,1,0.8800,2,723
7879,1302472,defensive,1,0.8800,2,724
7880,1302694,defensive,1,0.8800,2,725
7881,1302836,defensive,1,0.8800,2,726
7882,1302980,defensive,1,0.8800,2,727
7883,1303123,defensive,1,0.8800,2,728
7884,1303223,defensive,0,0.8700,2,729
7885,1303347,defensive,1,0.8700,2,730
7886,1303469,defensive,1,0.8700,2,731
7887,1303590,defensive,1,0.8700,2,732
7888,1303688,defensive,0,0.8600,2,733
7889,1303825,defensive,1,0.8600,2,734
7890,1303961,defensive,1,0.8600,2,735
7891,1304076,defensive,1,0.8600,2,736
7892,1304214,defensive,1,0.8600,2,737
7893,1304368,defensive,1,0.8600,2,738
7894,1304490,defensive,1,0.8700,2,739
7895,1304638,defensive,1,0.8800,2,740
7896,1304765,defensive,1,0.8800,2,741
7897,1304899,defensive,1,0.8800,2,742
7898,1305018,defensive,1,0.8800,2,743
7899,1305194,defensive,1,0.8800,2,744
7900,1305334,defensive,1,0.8800,2,745
7901,1305492,defensive,1,0.8800,2,746
7902,1305674,defensive,1,0.8800,2,747
7903,1305872,defensive,1,0.8900,2,748
7904,1306131,defensive,1,0.9000,2,749
7905,1306274,defensive,1,0.9000,2,750
7906,1306452,defensive,1,0.9000,2,751
7907,1306583,defensive,1,0.9000,2,752
7908,1306701,defensive,1,0.9000,2,753
7909,1306918,defensive,1,0.9000,2,754
7910,1307008,defensive,0,0.8900,2,755
7911,1307104,defensive,0,0.8800,2,756
7912,1307275,defensive,1,0.8800,2,757
7913,1307403,defensive,1,0.8800,2,758
7914,1307583,defensive,1,0.8800,2,759
7915,1307709,defensive,1,0.8800,2,760
7916,1308005,defensive,1,0.8800,2,761
7917,1308150,defensive,1,0.8800,2,762
7918,1308279,defensive,1,0.8900,2,763
7919,1308401,defensive,1,0.8900,2,764
7920,1308530,defensive,1,0.8900,2,765
7921,1308680,defensive,1,0.8900,2,766
7922,1308805,defensive,1,0.8900,2,767
7923,1308955,defensive,1,0.8900,2,768
7924,1309093,defensive,1,0.8900,2,769
7925,1309216,defensive,1,0.8900,2,770
7926,1309361,defensive,1,0.8900,2,771
7927,1309533,defensive,1,0.8900,2,772
7928,1309668,defensive,1,0.9000,2,773
7929,1309797,defensive,1,0.9100,2,774
7930,1309921,defensive,1,0.9100,2,775
7931,1310138,defensive,1,0.9100,2,776
7932,1310311,defensive,1,0.9100,2,777
7933,1310430,defensive,1,0.9100,2,778
7934,1310524,defensive,0,0.9000,2,779
7935,1310682,defensive,1,0.9000,2,780
7936,1310805,defensive,1,0.9000,2,781
7937,1310947,defensive,1,0.9100,2,782
7938,1311076,defensive,1,0.9100,2,783
7939,1311208,defensive,1,0.9100,2,784
7940,1311330,defensive,1,0.9100,2,785
7941,1311478,defensive,1,0.9100,2,786
7942,1311626,defensive,1,0.9100,2,787
7943,1311752,defensive,1,0.9100,2,788
7944,1311888,defensive,1,0.9100,2,789
7945,1312048,defensive,1,0.9100,2,790
7946,1312147,defensive,0,0.9000,2,791
7947,1312275,defensive,1,0.9000,2,792
7948,1312419,defensive,1,0.9000,2,793
7949,1312559,defensive,1,0.9000,2,794
7950,1312725,defensive,1,0.9100,2,795
7951,1312842,defensive,1,0.9100,2,796
7952,1312965,defensive,1,0.9200,2,797
7953,1313088,defensive,1,0.9200,2,798
7954,1313221,defensive,1,0.9200,2,799
7955,1313392,defensive,1,0.9200,2,800
7956,1313483,defensive,1,0.9200,2,801
7957,1313638,defensive,1,0.9200,2,802
7958,1313729,defensive,0,0.9100,2,803
7959,1313821,defensive,1,0.9100,2,804
7960,1313970,defensive,1,0.9100,2,805
7961,1314117,defensive,1,0.9100,2,806
7962,1314240,defensive,1,0.9100,2,807
7963,1314398,defensive,1,0.9100,2,808
7964,1314531,defensive,1,0.9100,2,809
7965,1314832,defensive,1,0.9100,2,810
7966,1315063,defensive,1,0.9100,2,811
7967,1315215,defensive,1,0.9100,2,812
7968,1315563,defensive,1,0.9100,2,813
7969,1315686,defensive,1,0.9100,2,814
7970,1315794,defensive,0,0.9000,2,815
7971,1315915,defensive,1,0.9000,2,816
7972,1316049,defensive,1,0.9000,2,817
7973,1316211,defensive,1,0.9000,2,818
7974,1316346,defensive,1,0.9100,2,819
7975,1316506,defensive,1,0.9100,2,820
7976,1316673,defensive,1,0.9200,2,821
7977,1316844,defensive,1,0.9200,2,822
7978,1316968,defensive,1,0.9200,2,823
7979,1317088,defensive,1,0.9200,2,824
7980,1317215,defensive,1,0.9200,2,825
7981,1317354,defensive,1,0.9200,2,826
7982,1317509,defensive,1,0.9200,2,827
7983,1317647,defensive,1,0.9200,2,828
7984,1317734,defensive,1,0.9300,2,829
7985,1317865,defensive,1,0.9300,2,830
7986,1317996,defensive,1,0.9300,2,831
7987,1318085,defensive,1,0.9300,2,832
7988,1318264,defensive,1,0.9400,2,833
7989,1318391,defensive,1,0.9400,2,834
7990,1318523,defensive,1,0.9400,2,835
7991,1318613,defensive,1,0.9400,2,836
7992,1318762,defensive,1,0.9400,2,837
7993,1318881,defensive,1,0.9400,2,838
7994,1319019,defensive,1,0.9400,2,839
7995,1319139,defensive,1,0.9400,2,840
7996,1319267,defensive,1,0.9400,2,841
7997,1319399,defensive,1,0.9400,2,842
7998,1320751,defensive,1,0.9400,2,843
7999,1320871,defensive,1,0.9400,2,844
8000,1320979,defensive,0,0.9300,2,845
8001,1321183,defensive,1,0.9300,2,846
8002,1321306,defensive,1,0.9300,2,847
8003,1321430,defensive,1,0.9300,2,848
8004,1321552,defensive,1,0.9300,2,849
8005,1321737,defensive,1,0.9300,2,850
8006,1321867,defensive,1,0.9300,2,851
8007,1321993,defensive,1,0.9300,2,852
8008,1322151,defensive,1,0.9300,2,853
8009,1322271,defensive,1,0.9300,2,854
8010,1322403,defensive,1,0.9400,2,855
8011,1322575,defensive,1,0.9500,2,856
8012,1322745,defensive,1,0.9500,2,857
8013,1322837,defensive,0,0.9400,2,858
8014,1322922,defensive,0,0.9300,2,859
8015,1323047,defensive,1,0.9300,2,860
8016,1323242,defensive,1,0.9300,2,861
8017,1323370,defensive,1,0.9300,2,862
8018,1323508,defensive,1,0.9300,2,863
8019,1323595,defensive,0,0.9200,2,864
8020,1323737,defensive,1,0.9200,2,865
8021,1323859,defensive,1,0.9200,2,866
8022,1323984,defensive,1,0.9200,2,867
8023,1324140,defensive,1,0.9200,2,868
8024,1324278,defensive,1,0.9200,2,869
8025,1324437,defensive,1,0.9200,2,870
8026,1324535,defensive,0,0.9100,2,871
8027,1324662,defensive,1,0.9100,2,872
8028,1324750,defensive,0,0.9000,2,873
8029,1324874,defensive,1,0.9000,2,874
8030,1325022,defensive,1,0.9000,2,875
8031,1325333,defensive,1,0.9000,2,876
8032,1325458,defensive,1,0.9000,2,877
8033,1325577,defensive,1,0.9000,2,878
8034,1325705,defensive,1,0.9100,2,879
8035,1325844,defensive,1,0.9100,2,880
8036,1325965,defensive,1,0.9100,2,881
8037,1326098,defensive,1,0.9100,2,882
8038,1326222,defensive,1,0.9100,2,883
8039,1326352,defensive,1,0.9100,2,884
8040,1326477,defensive,1,0.9100,2,885
8041,1326604,defensive,1,0.9100,2,886
8042,1326760,defensive,1,0.9100,2,887
8043,1326881,defensive,1,0.9100,2,888
8044,1326974,defensive,1,0.9100,2,889
8045,1327137,defensive,1,0.9100,2,890
8046,1327263,defensive,1,0.9200,2,891
8047,1327409,defensive,1,0.9200,2,892
8048,1327557,defensive,1,0.9200,2,893
8049,1327814,defensive,1,0.9200,2,894
8050,1327931,defensive,1,0.9200,2,895
8051,1328062,defensive,1,0.9200,2,896
8052,1328218,defensive,1,0.9200,2,897
8053,1328389,defensive,1,0.9200,2,898
8054,1328535,defensive,1,0.9200,2,899
8055,1328726,defensive,1,0.9200,2,900
8056,1328870,defensive,1,0.9200,2,901
8057,1328955,defensive,1,0.9200,2,902
8058,1329069,defensive,1,0.9300,2,903
8059,1329205,defensive,1,0.9300,2,904
8060,1329356,defensive,1,0.9300,2,905
8061,1329518,defensive,1,0.9300,2,906
8062,1329654,defensive,1,0.9300,2,907
8063,1329746,defensive,0,0.9200,2,908
8064,1329894,defensive,1,0.9200,2,909
8065,1330027,defensive,1,0.9200,2,910
8066,1330165,defensive,1,0.9200,2,911
8067,1330310,defensive,1,0.9200,2,912
8068,1330398,defensive,0,0.9100,2,913
8069,1330544,defensive,1,0.9100,2,914
8070,1330688,defensive,1,0.9200,2,915
8071,1330821,defensive,1,0.9200,2,916
8072,1330913,defensive,0,0.9100,2,917
8073,1331031,defensive,1,0.9100,2,918
8074,1331193,defensive,1,0.9100,2,919
8075,1331315,defensive,1,0.9100,2,920
8076,1331471,defensive,1,0.9100,2,921
8077,1331620,defensive,1,0.9100,2,922
8078,1331748,defensive,1,0.9100,2,923
8079,1331868,defensive,1,0.9100,2,924
8080,1332065,defensive,1,0.9100,2,925
8081,1332205,defensive,1,0.9100,2,926
8082,1332326,defensive,1,0.9100,2,927
8083,1332476,defensive,1,0.9100,2,928
8084,1332595,defensive,1,0.9100,2,929
8085,1332720,defensive,1,0.9100,2,930
8086,1332898,defensive,1,0.9100,2,931
8087,1333148,defensive,1,0.9100,2,932
8088,1333265,defensive,1,0.9100,2,933
8089,1333401,defensive,1,0.9100,2,934
8090,1333568,defensive,1,0.9100,2,935
8091,1333705,defensive,1,0.9100,2,936
8092,1333875,defensive,1,0.9100,2,937
8093,1334025,defensive,1,0.9100,2,938
8094,1334156,defensive,1,0.9100,2,939
8095,1334280,defensive,1,0.9100,2,940
8096,1334399,defensive,1,0.9100,2,941
8097,1334526,defensive,1,0.9100,2,942
8098,1334712,defensive,1,0.9100,2,943
8099,1334936,defensive,1,0.9100,2,944
8100,1335074,defensive,1,0.9200,2,945
8101,1335193,defensive,1,0.9200,2,946
8102,1335357,defensive,1,0.9200,2,947
8103,1335448,defensive,0,0.9100,2,948
8104,1335615,defensive,1,0.9100,2,949
8105,1335836,defensive,1,0.9100,2,950
8106,1335923,defensive,1,0.9100,2,951
8107,1336046,defensive,1,0.9100,2,952
8108,1336167,defensive,1,0.9100,2,953
8109,1336313,defensive,1,0.9100,2,954
8110,1336450,defensive,1,0.9100,2,955
8111,1336597,defensive,1,0.9100,2,956
8112,1336727,defensive,1,0.9100,2,957
8113,1336867,defensive,1,0.9200,2,958
8114,1336961,defensive,0,0.9200,2,959
8115,1337120,defensive,1,0.9200,2,960
8116,1337251,defensive,1,0.9200,2,961
8117,1337380,defensive,1,0.9200,2,962
8118,1337529,defensive,1,0.9200,2,963
8119,1337701,defensive,1,0.9300,2,964
8120,1337789,defensive,0,0.9200,2,965
8121,1337908,defensive,1,0.9200,2,966
8122,1338035,defensive,1,0.9200,2,967
8123,1338184,defensive,1,0.9200,2,968
8124,1338334,defensive,1,0.9200,2,969
8125,1338471,defensive,1,0.9200,2,970
8126,1338607,defensive,1,0.9300,2,971
8127,1338749,defensive,1,0.9300,2,972
8128,1338867,defensive,1,0.9400,2,973
8129,1338987,defensive,1,0.9400,2,974
8130,1339133,defensive,1,0.9400,2,975
8131,1339222,defensive,0,0.9300,2,976
8132,1340574,defensive,1,0.9300,2,977
8133,1340713,defensive,1,0.9300,2,978
8134,1340847,defensive,1,0.9300,2,979
8135,1340939,defensive,0,0.9200,2,980
8136,1341070,defensive,1,0.9200,2,981
8137,1341191,defensive,1,0.9200,2,982
8138,1341319,defensive,1,0.9200,2,983
8139,1341476,defensive,1,0.9200,2,984
8140,1341606,defensive,1,0.9200,2,985
8141,1341750,defensive,1,0.9200,2,986
8142,1341886,defensive,1,0.9200,2,987
8143,1342008,defensive,1,0.9200,2,988
8144,1342136,defensive,1,0.9200,2,989
8145,1342268,defensive,1,0.9200,2,990
8146,1342410,defensive,1,0.9200,2,991
8147,1342538,defensive,1,0.9200,2,992
8148,1342687,defensive,1,0.9200,2,993
8149,1342821,defensive,1,0.9200,2,994
8150,1342942,defensive,1,0.9200,2,995
8151,1343093,defensive,1,0.9200,2,996
8152,1343211,defensive,1,0.9200,2,997
8153,1343337,defensive,1,0.9200,2,998
8154,1343454,defensive,1,0.9200,2,999
8155,1343621,defensive,1,0.9200,2,1000
8156,1343764,defensive,1,0.9200,2,1001
8157,1343902,defensive,1,0.9200,2,1002
8158,1344046,defensive,1,0.9200,2,1003
8159,1344138,defensive,1,0.9200,2,1004
8160,1344229,defensive,0,0.9100,2,1005
8161,1344357,defensive,1,0.9100,2,1006
8162,1344504,defensive,1,0.9100,2,1007
8163,1344593,defensive,0,0.9100,2,1008
8164,1344698,defensive,0,0.9000,2,1009
8165,1344791,defensive,0,0.8900,2,1010
8166,1344912,defensive,1,0.8900,2,1011
8167,1345044,defensive,1,0.8900,2,1012
8168,1345178,defensive,1,0.9000,2,1013
8169,1345347,defensive,1,0.9000,2,1014
8170,1345521,defensive,1,0.9000,2,1015
8171,1345660,defensive,1,0.9000,2,1016
8172,1345798,defensive,1,0.9100,2,1017
8173,1345939,defensive,1,0.9100,2,1018
8174,1346074,defensive,1,0.9100,2,1019
8175,1346369,defensive,1,0.9100,2,1020
8176,1346491,defensive,1,0.9100,2,1021
8177,1346657,defensive,1,0.9100,2,1022
8178,1346781,defensive,1,0.9100,2,1023
8179,1346904,defensive,1,0.9100,2,1024
8180,1347027,defensive,1,0.9100,2,1025
8181,1347177,defensive,1,0.9100,2,1026
8182,1347334,defensive,1,0.9100,2,1027
8183,1347421,defensive,1,0.9100,2,1028
8184,1347543,defensive,1,0.9100,2,1029
8185,1347699,defensive,1,0.9100,2,1030
8186,1347785,defensive,0,0.9000,2,1031
8187,1347906,defensive,1,0.9000,2,1032
8188,1348032,defensive,1,0.9000,2,1033
8189,1348158,defensive,1,0.9000,2,1034
8190,1348291,defensive,1,0.9000,2,1035
8191,1348426,defensive,1,0.9000,2,1036
8192,1348547,defensive,1,0.9000,2,1037
8193,1348692,defensive,1,0.9000,2,1038
8194,1348827,defensive,1,0.9000,2,1039
8195,1348956,defensive,1,0.9000,2,1040
8196,1349175,defensive,1,0.9000,2,1041
8197,1349310,defensive,1,0.9000,2,1042
8198,1349436,defensive,1,0.9000,2,1043
8199,1349560,defensive,1,0.9000,2,1044
8200,1349682,defensive,1,0.9000,2,1045
8201,1349837,defensive,1,0.9000,2,1046
8202,1349930,defensive,0,0.8900,2,1047
8203,1350111,defensive,1,0.9000,2,1048
8204,1350259,defensive,1,0.9000,2,1049
8205,1350407,defensive,1,0.9000,2,1050
8206,1350532,defensive,1,0.9000,2,1051
8207,1350788,defensive,1,0.9000,2,1052
8208,1350922,defensive,1,0.9000,2,1053
8209,1351013,defensive,1,0.9000,2,1054
8210,1351135,defensive,1,0.9000,2,1055
8211,1351281,defensive,1,0.9000,2,1056
8212,1351410,defensive,1,0.9000,2,1057
8213,1351550,defensive,1,0.9000,2,1058
8214,1351722,defensive,1,0.9100,2,1059
8215,1351851,defensive,1,0.9100,2,1060
8216,1351999,defensive,1,0.9100,2,1061
8217,1352124,defensive,1,0.9100,2,1062
8218,1352248,defensive,1,0.9100,2,1063
8219,1352373,defensive,1,0.9100,2,1064
8220,1352554,defensive,1,0.9200,2,1065
8221,1352772,defensive,1,0.9200,2,1066
8222,1352909,defensive,1,0.9200,2,1067
8223,1353040,defensive,1,0.9200,2,1068
8224,1353217,defensive,1,0.9200,2,1069
8225,1353501,defensive,1,0.9200,2,1070
8226,1353653,defensive,1,0.9200,2,1071
8227,1353771,defensive,1,0.9200,2,1072
8228,1353903,defensive,1,0.9200,2,1073
8229,1353996,defensive,1,0.9200,2,1074
8230,1354122,defensive,1,0.9200,2,1075
8231,1354241,defensive,1,0.9300,2,1076
8232,1354438,defensive,1,0.9300,2,1077
8233,1354587,defensive,1,0.9300,2,1078
8234,1354726,defensive,1,0.9300,2,1079
8235,1354862,defensive,1,0.9400,2,1080
8236,1355119,defensive,1,0.9400,2,1081
8237,1355286,defensive,1,0.9400,2,1082
8238,1355446,defensive,1,0.9400,2,1083
8239,1355543,defensive,1,0.9400,2,1084
8240,1355630,defensive,0,0.9300,2,1085
8241,1355789,defensive,1,0.9300,2,1086
8242,1355929,defensive,1,0.9300,2,1087
8243,1356071,defensive,1,0.9300,2,1088
8244,1356188,defensive,1,0.9300,2,1089
8245,1356311,defensive,1,0.9300,2,1090
8246,1356439,defensive,1,0.9300,2,1091
8247,1356533,defensive,0,0.9200,2,1092
8248,1356628,defensive,1,0.9200,2,1093
8249,1356777,defensive,1,0.9200,2,1094
8250,1356954,defensive,1,0.9200,2,1095
8251,1357094,defensive,1,0.9200,2,1096
8252,1357217,defensive,1,0.9200,2,1097
8253,1357356,defensive,1,0.9200,2,1098
8254,1357484,defensive,1,0.9200,2,1099
8255,1357671,defensive,1,0.9200,2,1100
8256,1357833,defensive,1,0.9200,2,1101
8257,1357972,defensive,1,0.9200,2,1102
8258,1358110,defensive,1,0.9200,2,1103
8259,1358248,defensive,1,0.9200,2,1104
8260,1358379,defensive,1,0.9300,2,1105
8261,1358515,defensive,1,0.9300,2,1106
8262,1358615,defensive,0,0.9200,2,1107
8263,1358745,defensive,1,0.9300,2,1108
8264,1358861,defensive,1,0.9400,2,1109
8265,1358955,defensive,0,0.9400,2,1110
8266,1359119,defensive,1,0.9400,2,1111
8267,1359244,defensive,1,0.9400,2,1112
8268,1359366,defensive,1,0.9400,2,1113
8269,1359568,defensive,1,0.9400,2,1114
8270,1359703,defensive,1,0.9400,2,1115
8271,1359896,defensive,1,0.9400,2,1116
8272,1360032,defensive,1,0.9400,2,1117
8273,1360189,defensive,1,0.9400,2,1118
8274,1360317,defensive,1,0.9400,2,1119
8275,1360439,defensive,1,0.9400,2,1120
8276,1360745,defensive,1,0.9400,2,1121
8277,1360872,defensive,1,0.9400,2,1122
8278,1360959,defensive,0,0.9300,2,1123
8279,1361104,defensive,1,0.9300,2,1124
8280,1361194,defensive,1,0.9300,2,1125
8281,1361330,defensive,1,0.9300,2,1126
8282,1361419,defensive,0,0.9200,2,1127
8283,1361540,defensive,1,0.9200,2,1128
8284,1361695,defensive,1,0.9200,2,1129
8285,1361836,defensive,1,0.9200,2,1130
8286,1361964,defensive,1,0.9300,2,1131
8287,1362276,defensive,1,0.9300,2,1132
8288,1362422,defensive,1,0.9300,2,1133
8289,1362540,defensive,1,0.9300,2,1134
8290,1362665,defensive,1,0.9300,2,1135
8291,1362827,defensive,1,0.9300,2,1136
8292,1362955,defensive,1,0.9300,2,1137
8293,1363158,defensive,1,0.9300,2,1138
8294,1363318,defensive,1,0.9300,2,1139
8295,1363484,defensive,1,0.9300,2,1140
8296,1363635,defensive,1,0.9300,2,1141
8297,1363751,defensive,1,0.9300,2,1142
8298,1363874,defensive,1,0.9300,2,1143
8299,1363962,defensive,1,0.9300,2,1144
8300,1364140,defensive,1,0.9300,2,1145
8301,1364301,defensive,1,0.9300,2,1146
8302,1364426,defensive,1,0.9400,2,1147
8303,1364594,defensive,1,0.9400,2,1148
8304,1364719,defensive,1,0.9400,2,1149
8305,1364903,defensive,1,0.9400,2,1150
8306,1365046,defensive,1,0.9400,2,1151
8307,1365224,defensive,1,0.9400,2,1152
8308,1365354,defensive,1,0.9400,2,1153
8309,1365475,defensive,1,0.9400,2,1154
8310,1365611,defensive,1,0.9400,2,1155
8311,1365738,defensive,1,0.9400,2,1156
8312,1366003,defensive,1,0.9400,2,1157
8313,1366138,defensive,1,0.9400,2,1158
8314,1366267,defensive,1,0.9400,2,1159
8315,1366392,defensive,1,0.9400,2,1160
8316,1366557,defensive,1,0.9400,2,1161
8317,1366647,defensive,1,0.9400,2,1162
8318,1366818,defensive,1,0.9400,2,1163
8319,1366951,defensive,1,0.9400,2,1164
8320,1367073,defensive,1,0.9400,2,1165
8321,1367242,defensive,1,0.9400,2,1166
8322,1367390,defensive,1,0.9400,2,1167
8323,1367514,defensive,1,0.9400,2,1168
8324,1367770,defensive,1,0.9400,2,1169
8325,1367896,defensive,1,0.9400,2,1170
8326,1368096,defensive,1,0.9400,2,1171
8327,1368263,defensive,1,0.9400,2,1172
8328,1368387,defensive,1,0.9400,2,1173
8329,1368513,defensive,1,0.9400,2,1174
8330,1368633,defensive,1,0.9400,2,1175
8331,1368780,defensive,1,0.9400,2,1176
8332,1369015,defensive,1,0.9400,2,1177
8333,1369162,defensive,1,0.9400,2,1178
8334,1369282,defensive,1,0.9400,2,1179
8335,1369457,defensive,1,0.9400,2,1180
8336,1369579,defensive,1,0.9400,2,1181
8337,1369699,defensive,1,0.9400,2,1182
8338,1369826,defensive,1,0.9400,2,1183
8339,1369919,defensive,1,0.9400,2,1184
8340,1370058,defensive,1,0.9500,2,1185
8341,1370155,defensive,0,0.9400,2,1186
8342,1370312,defensive,1,0.9400,2,1187
8343,1370471,defensive,1,0.9400,2,1188
8344,1370667,defensive,1,0.9400,2,1189
8345,1370802,defensive,1,0.9400,2,1190
8346,1370956,defensive,1,0.9400,2,1191
8347,1371077,defensive,1,0.9500,2,1192
8348,1371220,defensive,1,0.9500,2,1193
8349,1371354,defensive,1,0.9500,2,1194
8350,1371477,defensive,1,0.9500,2,1195
8351,1371649,defensive,1,0.9500,2,1196
8352,1371920,defensive,0,0.9400,2,1197
8353,1372072,defensive,1,0.9400,2,1198
8354,1372208,defensive,1,0.9400,2,1199
8355,1372350,defensive,1,0.9400,2,1200
8356,1372476,defensive,1,0.9400,2,1201
8357,1372768,defensive,1,0.9400,2,1202
8358,1372926,defensive,1,0.9400,2,1203
8359,1373063,defensive,0,0.9300,2,1204
8360,1373192,defensive,1,0.9300,2,1205
8361,1373318,defensive,1,0.9300,2,1206
8362,1373425,defensive,1,0.9400,2,1207
8363,1373557,defensive,1,0.9400,2,1208
8364,1373725,defensive,1,0.9400,2,1209
8365,1373876,defensive,1,0.9500,2,1210
8366,1374007,defensive,1,0.9500,2,1211
8367,1374147,defensive,1,0.9500,2,1212
8368,1374239,defensive,1,0.9500,2,1213
8369,1374368,defensive,1,0.9500,2,1214
8370,1374463,defensive,1,0.9500,2,1215
8371,1374591,defensive,1,0.9500,2,1216
8372,1374688,defensive,1,0.9500,2,1217
8373,1374847,defensive,1,0.9500,2,1218
8374,1374988,defensive,1,0.9500,2,1219
8375,1375114,defensive,1,0.9500,2,1220
8376,1375312,defensive,1,0.9500,2,1221
8377,1375439,defensive,1,0.9500,2,1222
8378,1375561,defensive,1,0.9600,2,1223
8379,1375698,defensive,1,0.9600,2,1224
8380,1375791,defensive,1,0.9600,2,1225
8381,1375910,defensive,1,0.9600,2,1226
8382,1376159,defensive,1,0.9700,2,1227
8383,1376302,defensive,1,0.9700,2,1228
8384,1376537,defensive,1,0.9700,2,1229
8385,1376694,defensive,1,0.9700,2,1230
8386,1376822,defensive,1,0.9700,2,1231
8387,1378174,defensive,1,0.9700,2,1232
8388,1378338,defensive,1,0.9700,2,1233
8389,1378459,defensive,1,0.9700,2,1234
8390,1378597,defensive,1,0.9700,2,1235
8391,1378733,defensive,1,0.9700,2,1236
8392,1378823,defensive,1,0.9700,2,1237
8393,1378963,defensive,1,0.9700,2,1238
8394,1379093,defensive,1,0.9700,2,1239
8395,1379234,defensive,1,0.9700,2,1240
8396,1379378,defensive,1,0.9700,2,1241
8397,1379497,defensive,1,0.9700,2,1242
8398,1379662,defensive,1,0.9700,2,1243
8399,1379816,defensive,1,0.9700,2,1244
8400,1379935,defensive,1,0.9700,2,1245
8401,1380081,defensive,1,0.9700,2,1246
8402,1380216,defensive,1,0.9700,2,1247
8403,1380379,defensive,1,0.9700,2,1248
8404,1380526,defensive,1,0.9700,2,1249
8405,1380649,defensive,1,0.9700,2,1250
8406,1380740,defensive,0,0.9600,2,1251
8407,1380834,defensive,1,0.9600,2,1252
8408,1380962,defensive,1,0.9600,2,1253
8409,1381096,defensive,1,0.9600,2,1254
8410,1381295,defensive,1,0.9600,2,1255
8411,1381434,defensive,1,0.9600,2,1256
8412,1381559,defensive,1,0.9600,2,1257
8413,1381649,defensive,0,0.9500,2,1258
8414,1381792,defensive,1,0.9500,2,1259
8415,1381913,defensive,1,0.9500,2,1260
8416,1382050,defensive,1,0.9500,2,1261
8417,1382197,defensive,1,0.9500,2,1262
8418,1382326,defensive,1,0.9500,2,1263
8419,1382521,defensive,1,0.9500,2,1264
8420,1382655,defensive,1,0.9500,2,1265
8421,1382792,defensive,1,0.9500,2,1266
8422,1382889,defensive,1,0.9500,2,1267
8423,1383021,defensive,1,0.9500,2,1268
8424,1383170,defensive,1,0.9500,2,1269
8425,1383299,defensive,1,0.9500,2,1270
8426,1383430,defensive,1,0.9500,2,1271
8427,1383556,defensive,1,0.9500,2,1272
8428,1383680,defensive,1,0.9500,2,1273
8429,1383808,defensive,1,0.9500,2,1274
8430,1383927,defensive,1,0.9500,2,1275
8431,1384023,defensive,0,0.9400,2,1276
8432,1384165,defensive,1,0.9400,2,1277
8433,1384291,defensive,1,0.9400,2,1278
8434,1384451,defensive,1,0.9400,2,1279
8435,1384587,defensive,1,0.9400,2,1280
8436,1384710,defensive,1,0.9400,2,1281
8437,1384848,defensive,1,0.9400,2,1282
8438,1384990,defensive,1,0.9400,2,1283
8439,1385139,defensive,1,0.9400,2,1284
8440,1385291,defensive,1,0.9400,2,1285
8441,1385423,defensive,1,0.9500,2,1286
8442,1385565,defensive,1,0.9500,2,1287
8443,1385724,defensive,1,0.9500,2,1288
8444,1385868,defensive,1,0.9500,2,1289
8445,1385959,defensive,0,0.9400,2,1290
8446,1386099,defensive,1,0.9400,2,1291
8447,1386248,defensive,1,0.9400,2,1292
8448,1386372,defensive,1,0.9400,2,1293
8449,1386502,defensive,1,0.9400,2,1294
8450,1386770,defensive,1,0.9400,2,1295
8451,1386892,defensive,1,0.9400,2,1296
8452,1387045,defensive,1,0.9500,2,1297
8453,1387133,defensive,1,0.9500,2,1298
8454,1388485,defensive,1,0.9500,2,1299
8455,1388635,defensive,1,0.9500,2,1300
8456,1388760,defensive,1,0.9500,2,1301
8457,1388877,defensive,1,0.9500,2,1302
8458,1389187,defensive,1,0.9500,2,1303
8459,1389273,defensive,0,0.9500,2,1304
8460,1389390,defensive,1,0.9500,2,1305
8461,1389509,defensive,1,0.9500,2,1306
8462,1389635,defensive,1,0.9500,2,1307
8463,1389770,defensive,1,0.9500,2,1308
8464,1389924,defensive,1,0.9500,2,1309
8465,1390085,defensive,1,0.9500,2,1310
8466,1390310,defensive,1,0.9500,2,1311
8467,1390430,defensive,1,0.9500,2,1312
8468,1390521,defensive,0,0.9400,2,1313
8469,1390616,defensive,0,0.9300,2,1314
8470,1390767,defensive,1,0.9300,2,1315
8471,1390854,defensive,1,0.9300,2,1316
8472,1390972,defensive,1,0.9300,2,1317
8473,1391101,defensive,1,0.9300,2,1318
8474,1391228,defensive,1,0.9300,2,1319
8475,1391353,defensive,1,0.9300,2,1320
8476,1391468,defensive,1,0.9300,2,1321
8477,1391593,defensive,1,0.9300,2,1322
8478,1391740,defensive,1,0.9300,2,1323
8479,1391914,defensive,1,0.9300,2,1324
8480,1392003,defensive,0,0.9200,2,1325
8481,1392151,defensive,1,0.9200,2,1326
8482,1392273,defensive,1,0.9200,2,1327
8483,1392505,defensive,1,0.9200,2,1328
8484,1392630,defensive,1,0.9200,2,1329
8485,1392747,defensive,1,0.9200,2,1330
8486,1392868,defensive,1,0.9200,2,1331
8487,1393000,defensive,1,0.9200,2,1332
8488,1393117,defensive,1,0.9200,2,1333
8489,1393254,defensive,1,0.9200,2,1334
8490,1393372,defensive,1,0.9200,2,1335
8491,1393492,defensive,1,0.9200,2,1336
8492,1393653,defensive,1,0.9200,2,1337
8493,1393812,defensive,1,0.9200,2,1338
8494,1393931,defensive,1,0.9200,2,1339
8495,1394060,defensive,1,0.9200,2,1340
8496,1394159,defensive,0,0.9100,2,1341
8497,1394287,defensive,1,0.9100,2,1342
8498,1394421,defensive,1,0.9100,2,1343
8499,1394690,defensive,1,0.9100,2,1344
8500,1394815,defensive,1,0.9100,2,1345
8501,1394940,defensive,1,0.9100,2,1346
8502,1395102,defensive,1,0.9100,2,1347
8503,1395252,defensive,1,0.9100,2,1348
8504,1395396,defensive,1,0.9100,2,1349
8505,1395529,defensive,1,0.9100,2,1350
8506,1395619,defensive,0,0.9100,2,1351
8507,1395761,defensive,1,0.9100,2,1352
8508,1395887,defensive,1,0.9100,2,1353
8509,1396042,defensive,1,0.9100,2,1354
8510,1396168,defensive,1,0.9100,2,1355
8511,1396288,defensive,1,0.9100,2,1356
8512,1396409,defensive,1,0.9100,2,1357
8513,1396498,defensive,0,0.9100,2,1358
8514,1396615,defensive,1,0.9100,2,1359
8515,1396756,defensive,1,0.9100,2,1360
8516,1396889,defensive,1,0.9100,2,1361
8517,1397021,defensive,1,0.9100,2,1362
8518,1397150,defensive,1,0.9100,2,1363
8519,1397277,defensive,1,0.9100,2,1364
8520,1397398,defensive,1,0.9100,2,1365
8521,1397541,defensive,1,0.9100,2,1366
8522,1397743,defensive,1,0.9100,2,1367
8523,1397836,defensive,0,0.9000,2,1368
8524,1397953,defensive,1,0.9000,2,1369
8525,1398104,defensive,1,0.9000,2,1370
8526,1398251,defensive,1,0.9000,2,1371
8527,1398417,defensive,1,0.9000,2,1372
8528,1398551,defensive,1,0.9000,2,1373
8529,1398687,defensive,1,0.9000,2,1374
8530,1398803,defensive,1,0.9000,2,1375
8531,1398938,defensive,1,0.9100,2,1376
8532,1399053,defensive,1,0.9100,2,1377
8533,1399172,defensive,1,0.9100,2,1378
8534,1399298,defensive,1,0.9100,2,1379
8535,1399489,defensive,1,0.9100,2,1380
8536,1399618,defensive,1,0.9100,2,1381
8537,1399712,defensive,1,0.9100,2,1382
8538,1399835,defensive,1,0.9100,2,1383
8539,1399933,defensive,0,0.9000,2,1384
8540,1400087,defensive,1,0.9000,2,1385
8541,1400231,defensive,1,0.9000,2,1386
8542,1400371,defensive,1,0.9000,2,1387
8543,1400464,defensive,1,0.9000,2,1388
8544,1400598,defensive,1,0.9000,2,1389
8545,1400735,defensive,1,0.9100,2,1390
8546,1400860,defensive,1,0.9100,2,1391
8547,1400996,defensive,1,0.9100,2,1392
8548,1401136,defensive,1,0.9100,2,1393
8549,1401271,defensive,1,0.9100,2,1394
8550,1401455,defensive,1,0.9100,2,1395
8551,1401589,defensive,1,0.9100,2,1396
8552,1401748,defensive,1,0.9100,2,1397
8553,1401837,defensive,0,0.9000,2,1398
8554,1401999,defensive,1,0.9000,2,1399
8555,1402136,defensive,1,0.9000,2,1400
8556,1402264,defensive,1,0.9000,2,1401
8557,1402392,defensive,1,0.9000,2,1402
8558,1402519,defensive,1,0.9000,2,1403
8559,1402852,defensive,1,0.9100,2,1404
8560,1402971,defensive,1,0.9100,2,1405
8561,1403096,defensive,1,0.9100,2,1406
8562,1403217,defensive,1,0.9100,2,1407
8563,1403337,defensive,1,0.9100,2,1408
8564,1403479,defensive,1,0.9100,2,1409
8565,1403621,defensive,1,0.9100,2,1410
8566,1403748,defensive,1,0.9100,2,1411
8567,1403842,defensive,1,0.9100,2,1412
8568,1403987,defensive,1,0.9200,2,1413
8569,1404152,defensive,1,0.9300,2,1414
8570,1404285,defensive,1,0.9300,2,1415
8571,1404406,defensive,1,0.9300,2,1416
8572,1404711,defensive,1,0.9300,2,1417
8573,1404851,defensive,1,0.9300,2,1418
8574,1404946,defensive,0,0.9200,2,1419
8575,1405035,defensive,1,0.9200,2,1420
8576,1405154,defensive,1,0.9200,2,1421
8577,1405277,defensive,1,0.9200,2,1422
8578,1405411,defensive,1,0.9200,2,1423
8579,1405584,defensive,1,0.9200,2,1424
8580,1405706,defensive,1,0.9300,2,1425
8581,1405894,defensive,1,0.9300,2,1426
8582,1406037,defensive,1,0.9300,2,1427
8583,1406158,defensive,1,0.9300,2,1428
8584,1406413,defensive,1,0.9300,2,1429
8585,1406596,defensive,1,0.9300,2,1430
8586,1406785,defensive,1,0.9300,2,1431
8587,1406912,defensive,1,0.9300,2,1432
8588,1407158,defensive,1,0.9300,2,1433
8589,1407250,defensive,0,0.9200,2,1434
8590,1407378,defensive,1,0.9200,2,1435
8591,1407468,defensive,0,0.9100,2,1436
8592,1407591,defensive,1,0.9100,2,1437
8593,1407716,defensive,1,0.9100,2,1438
8594,1407866,defensive,1,0.9100,2,1439
8595,1407986,defensive,1,0.9100,2,1440
8596,1408164,defensive,1,0.9200,2,1441
8597,1408289,defensive,1,0.9200,2,1442
8598,1408417,defensive,1,0.9200,2,1443
8599,1408589,defensive,1,0.9200,2,1444
8600,1408715,defensive,1,0.9200,2,1445
8601,1408852,defensive,1,0.9200,2,1446
8602,1408940,defensive,0,0.9100,2,1447
8603,1409064,defensive,1,0.9100,2,1448
8604,1409193,defensive,1,0.9100,2,1449
8605,1409414,defensive,1,0.9100,2,1450
8606,1409558,defensive,1,0.9200,2,1451
8607,1409681,defensive,1,0.9200,2,1452
8608,1409969,defensive,1,0.9200,2,1453
8609,1410096,defensive,1,0.9200,2,1454
8610,1410236,defensive,1,0.9200,2,1455
8611,1410360,defensive,1,0.9200,2,1456
8612,1410478,defensive,1,0.9200,2,1457
8613,1410598,defensive,1,0.9300,2,1458
8614,1410733,defensive,1,0.9300,2,1459
8615,1410853,defensive,1,0.9300,2,1460
8616,1410981,defensive,1,0.9300,2,1461
8617,1411104,defensive,1,0.9300,2,1462
8618,1411229,defensive,1,0.9300,2,1463
8619,1411359,defensive,1,0.9300,2,1464
8620,1411491,defensive,1,0.9300,2,1465
8621,1411614,defensive,1,0.9300,2,1466
8622,1411878,defensive,1,0.9300,2,1467
8623,1411999,defensive,1,0.9400,2,1468
8624,1412144,defensive,1,0.9400,2,1469
8625,1412242,defensive,0,0.9300,2,1470
8626,1412379,defensive,1,0.9300,2,1471
8627,1412504,defensive,1,0.9300,2,1472
8628,1412630,defensive,1,0.9300,2,1473
8629,1412760,defensive,1,0.9300,2,1474
8630,1412858,defensive,1,0.9300,2,1475
8631,1413005,defensive,1,0.9300,2,1476
8632,1413172,defensive,1,0.9300,2,1477
8633,1413360,defensive,1,0.9300,2,1478
8634,1413450,defensive,0,0.9200,2,1479
8635,1413571,defensive,1,0.9200,2,1480
8636,1413762,defensive,1,0.9200,2,1481
8637,1413911,defensive,1,0.9200,2,1482
8638,1414071,defensive,1,0.9200,2,1483
8639,1414220,defensive,1,0.9300,2,1484
8640,1414362,defensive,1,0.9300,2,1485
8641,1414492,defensive,1,0.9300,2,1486
8642,1414777,defensive,1,0.9300,2,1487
8643,1414967,defensive,1,0.9300,2,1488
8644,1415093,defensive,1,0.9300,2,1489
8645,1415241,defensive,1,0.9300,2,1490
8646,1415432,defensive,1,0.9300,2,1491
8647,1415547,defensive,1,0.9300,2,1492
8648,1415639,defensive,0,0.9200,2,1493
8649,1415764,defensive,1,0.9200,2,1494
8650,1415853,defensive,0,0.9100,2,1495
8651,1415988,defensive,1,0.9100,2,1496
8652,1416112,defensive,1,0.9100,2,1497
8653,1416226,defensive,1,0.9200,2,1498
8654,1416388,defensive,1,0.9200,2,1499
8655,1416519,defensive,1,0.9200,2,1500
8656,1416654,defensive,1,0.9200,2,1501
8657,1416776,defensive,1,0.9200,2,1502
8658,1416898,defensive,1,0.9200,2,1503
8659,1417006,defensive,0,0.9100,2,1504
8660,1417127,defensive,1,0.9100,2,1505
8661,1417245,defensive,1,0.9100,2,1506
8662,1417371,defensive,1,0.9100,2,1507
8663,1417512,defensive,1,0.9100,2,1508
8664,1417670,defensive,1,0.9100,2,1509
8665,1417783,defensive,1,0.9100,2,1510
8666,1417944,defensive,1,0.9100,2,1511
8667,1418080,defensive,1,0.9100,2,1512
8668,1418224,defensive,1,0.9100,2,1513
8669,1418355,defensive,1,0.9100,2,1514
8670,1418517,defensive,1,0.9100,2,1515
8671,1418673,defensive,1,0.9100,2,1516
8672,1418807,defensive,1,0.9100,2,1517
8673,1418999,defensive,1,0.9100,2,1518
8674,1419124,defensive,1,0.9200,2,1519
8675,1419261,defensive,1,0.9200,2,1520
8676,1419384,defensive,1,0.9200,2,1521
8677,1419518,defensive,1,0.9200,2,1522
8678,1419654,defensive,1,0.9200,2,1523
8679,1419841,defensive,1,0.9200,2,1524
8680,1419965,defensive,1,0.9200,2,1525
8681,1420129,defensive,1,0.9200,2,1526
8682,1420262,defensive,1,0.9200,2,1527
8683,1420429,defensive,1,0.9200,2,1528
8684,1420602,defensive,1,0.9200,2,1529
8685,1420769,defensive,1,0.9200,2,1530
8686,1420901,defensive,1,0.9200,2,1531
8687,1421033,defensive,1,0.9200,2,1532
8688,1421159,defensive,1,0.9200,2,1533
8689,1421320,defensive,1,0.9300,2,1534
8690,1421409,defensive,0,0.9200,2,1535
8691,1421558,defensive,1,0.9300,2,1536
8692,1421707,defensive,1,0.9300,2,1537
8693,1421867,defensive,1,0.9300,2,1538
8694,1421995,defensive,1,0.9300,2,1539
8695,1422142,defensive,1,0.9300,2,1540
8696,1422311,defensive,1,0.9300,2,1541
8697,1422452,defensive,1,0.9300,2,1542
8698,1422567,defensive,1,0.9300,2,1543
8699,1422658,defensive,1,0.9300,2,1544
8700,1422776,defensive,1,0.9300,2,1545
8701,1422882,defensive,0,0.9200,2,1546
8702,1423000,defensive,1,0.9300,2,1547
8703,1423092,defensive,0,0.9200,2,1548
8704,1423234,defensive,1,0.9200,2,1549
8705,1423363,defensive,1,0.9200,2,1550
8706,1423506,defensive,1,0.9200,2,1551
8707,1423760,defensive,1,0.9200,2,1552
8708,1423880,defensive,1,0.9200,2,1553
8709,1424013,defensive,1,0.9200,2,1554
8710,1424140,defensive,1,0.9200,2,1555
8711,1424258,defensive,0,0.9100,2,1556
8712,1424423,defensive,1,0.9100,2,1557
8713,1424598,defensive,1,0.9100,2,1558
8714,1424732,defensive,1,0.9100,2,1559
8715,1424858,defensive,1,0.9100,2,1560
8716,1424987,defensive,1,0.9100,2,1561
8717,1425114,defensive,1,0.9100,2,1562
8718,1425242,defensive,1,0.9100,2,1563
8719,1425371,defensive,1,0.9100,2,1564
8720,1425496,defensive,1,0.9100,2,1565
8721,1425587,defensive,0,0.9000,2,1566
8722,1425747,defensive,1,0.9000,2,1567
8723,1425893,defensive,1,0.9000,2,1568
8724,1425995,defensive,0,0.8900,2,1569
8725,1426143,defensive,1,0.9000,2,1570
8726,1426282,defensive,1,0.9000,2,1571
8727,1426410,defensive,1,0.9000,2,1572
8728,1426578,defensive,1,0.9000,2,1573
8729,1426719,defensive,1,0.9000,2,1574
8730,1426840,defensive,1,0.9000,2,1575
8731,1426934,defensive,0,0.8900,2,1576
8732,1427061,defensive,1,0.8900,2,1577
8733,1427184,defensive,1,0.8900,2,1578
8734,1427271,defensive,1,0.9000,2,1579
8735,1427398,defensive,1,0.9000,2,1580
8736,1427518,defensive,1,0.9000,2,1581
8737,1427716,defensive,1,0.9000,2,1582
8738,1427868,defensive,1,0.9000,2,1583
8739,1428002,defensive,1,0.9000,2,1584
8740,1428143,defensive,1,0.9000,2,1585
8741,1428329,defensive,1,0.9000,2,1586
8742,1428425,defensive,1,0.9000,2,1587
8743,1428584,defensive,1,0.9000,2,1588
8744,1428734,defensive,1,0.9000,2,1589
8745,1428853,defensive,1,0.9000,2,1590
8746,1428984,defensive,1,0.9000,2,1591
8747,1429109,defensive,1,0.9000,2,1592
8748,1429232,defensive,1,0.9100,2,1593
8749,1429361,defensive,1,0.9100,2,1594
8750,1429483,defensive,1,0.9200,2,1595
8751,1429617,defensive,1,0.9200,2,1596
8752,1429707,defensive,0,0.9100,2,1597
8753,1429902,defensive,0,0.9000,2,1598
8754,1429991,defensive,0,0.8900,2,1599
8755,1430143,defensive,1,0.8900,2,1600
8756,1430284,defensive,1,0.8900,2,1601
8757,1430427,defensive,1,0.8900,2,1602
8758,1430557,defensive,1,0.8900,2,1603
8759,1430697,defensive,1,0.9000,2,1604
8760,1430815,defensive,1,0.9000,2,1605
8761,1430956,defensive,1,0.9000,2,1606
8762,1431098,defensive,1,0.9000,2,1607
8763,1431190,defensive,1,0.9000,2,1608
8764,1431311,defensive,1,0.9000,2,1609
8765,1431459,defensive,1,0.9000,2,1610
8766,1431635,defensive,1,0.9000,2,1611
8767,1431776,defensive,1,0.9000,2,1612
8768,1431908,defensive,1,0.9000,2,1613
8769,1432041,defensive,1,0.9000,2,1614
8770,1432136,defensive,0,0.8900,2,1615
8771,1432259,defensive,1,0.8900,2,1616
8772,1432386,defensive,1,0.8900,2,1617
8773,1432532,defensive,1,0.8900,2,1618
8774,1432669,defensive,1,0.8900,2,1619
8775,1432805,defensive,1,0.8900,2,1620
8776,1432934,defensive,1,0.8900,2,1621
8777,1433062,defensive,1,0.8900,2,1622
8778,1433201,defensive,1,0.8900,2,1623
8779,1433291,defensive,0,0.8800,2,1624
8780,1433423,defensive,1,0.8800,2,1625
8781,1433552,defensive,1,0.8800,2,1626
8782,1433644,defensive,1,0.8800,2,1627
8783,1433736,defensive,0,0.8700,2,1628
8784,1433852,defensive,1,0.8700,2,1629
8785,1433977,defensive,1,0.8700,2,1630
8786,1434100,defensive,1,0.8700,2,1631
8787,1434229,defensive,1,0.8700,2,1632
8788,1434392,defensive,1,0.8700,2,1633
8789,1434526,defensive,1,0.8700,2,1634
8790,1434671,defensive,1,0.8800,2,1635
8791,1434840,defensive,1,0.8800,2,1636
8792,1434988,defensive,1,0.8800,2,1637
8793,1435148,defensive,1,0.8800,2,1638
8794,1435268,defensive,1,0.8800,2,1639
8795,1435388,defensive,1,0.8800,2,1640
8796,1435540,defensive,1,0.8800,2,1641
8797,1435702,defensive,1,0.8800,2,1642
8798,1435801,defensive,0,0.8700,2,1643
8799,1435924,defensive,1,0.8700,2,1644
8800,1436052,defensive,1,0.8700,2,1645
8801,1436172,defensive,1,0.8800,2,1646
8802,1436313,defensive,1,0.8800,2,1647
8803,1436432,defensive,1,0.8900,2,1648
8804,1436587,defensive,1,0.8900,2,1649
8805,1436756,defensive,1,0.8900,2,1650
8806,1436929,defensive,1,0.8900,2,1651
8807,1437051,defensive,1,0.8900,2,1652
8808,1437173,defensive,1,0.8900,2,1653
8809,1437301,defensive,1,0.8900,2,1654
8810,1437419,defensive,1,0.8900,2,1655
8811,1437557,defensive,1,0.9000,2,1656
8812,1437687,defensive,1,0.9000,2,1657
8813,1437786,defensive,0,0.8900,2,1658
8814,1437930,defensive,1,0.8900,2,1659
8815,1438048,defensive,1,0.8900,2,1660
8816,1438378,defensive,1,0.8900,2,1661
8817,1438472,defensive,0,0.8800,2,1662
8818,1438610,defensive,1,0.8800,2,1663
8819,1438734,defensive,1,0.8800,2,1664
8820,1438853,defensive,1,0.8800,2,1665
8821,1438981,defensive,1,0.8900,2,1666
8822,1439125,defensive,1,0.8900,2,1667
8823,1439241,defensive,1,0.8900,2,1668
8824,1439364,defensive,1,0.9000,2,1669
8825,1439500,defensive,1,0.9000,2,1670
8826,1439686,defensive,1,0.9000,2,1671
8827,1439821,defensive,1,0.9000,2,1672
8828,1439947,defensive,1,0.9000,2,1673
8829,1440073,defensive,1,0.9000,2,1674
8830,1440255,defensive,1,0.9000,2,1675
8831,1440445,defensive,1,0.9100,2,1676
8832,1440588,defensive,1,0.9100,2,1677
8833,1440693,defensive,1,0.9100,2,1678
8834,1440821,defensive,1,0.9100,2,1679
8835,1440962,defensive,1,0.9100,2,1680
8836,1441098,defensive,1,0.9100,2,1681
8837,1441226,defensive,1,0.9100,2,1682
8838,1441349,defensive,1,0.9100,2,1683
8839,1441476,defensive,1,0.9100,2,1684
8840,1441773,defensive,1,0.9100,2,1685
8841,1441891,defensive,1,0.9100,2,1686
8842,1441986,defensive,1,0.9100,2,1687
8843,1442112,defensive,1,0.9100,2,1688
8844,1442256,defensive,1,0.9100,2,1689
8845,1442429,defensive,1,0.9100,2,1690
8846,1442548,defensive,1,0.9100,2,1691
8847,1442668,defensive,1,0.9100,2,1692
8848,1442785,defensive,1,0.9100,2,1693
8849,1442908,defensive,1,0.9100,2,1694
8850,1443031,defensive,1,0.9100,2,1695
8851,1443152,defensive,1,0.9100,2,1696
8852,1443294,defensive,1,0.9200,2,1697
8853,1443421,defensive,1,0.9300,2,1698
8854,1443887,defensive,1,0.9400,2,1699
8855,1444005,defensive,1,0.9400,2,1700
8856,1444124,defensive,1,0.9400,2,1701
8857,1444290,defensive,1,0.9400,2,1702
8858,1444464,defensive,1,0.9400,2,1703
8859,1444607,defensive,1,0.9400,2,1704
8860,1444731,defensive,1,0.9400,2,1705
8861,1444853,defensive,1,0.9400,2,1706
8862,1444991,defensive,1,0.9400,2,1707
8863,1445131,defensive,1,0.9400,2,1708
8864,1445259,defensive,1,0.9400,2,1709
8865,1445357,defensive,0,0.9300,2,1710
8866,1445505,defensive,1,0.9300,2,1711
8867,1445642,defensive,1,0.9300,2,1712
8868,1445777,defensive,1,0.9300,2,1713
8869,1445914,defensive,1,0.9300,2,1714
8870,1446157,defensive,1,0.9400,2,1715
8871,1446246,defensive,1,0.9400,2,1716
8872,1446364,defensive,1,0.9400,2,1717
8873,1446491,defensive,1,0.9400,2,1718
8874,1446609,defensive,1,0.9400,2,1719
8875,1446796,defensive,1,0.9400,2,1720
8876,1446992,defensive,1,0.9400,2,1721
8877,1447108,defensive,1,0.9400,2,1722
8878,1447239,defensive,1,0.9400,2,1723
8879,1447371,defensive,1,0.9500,2,1724
8880,1447465,defensive,0,0.9400,2,1725
8881,1447612,defensive,1,0.9400,2,1726
8882,1447754,defensive,1,0.9400,2,1727
8883,1447884,defensive,1,0.9500,2,1728
8884,1447998,defensive,1,0.9500,2,1729
8885,1448144,defensive,1,0.9500,2,1730
8886,1448235,defensive,1,0.9500,2,1731
8887,1448363,defensive,1,0.9500,2,1732
8888,1448499,defensive,1,0.9500,2,1733
8889,1448617,defensive,1,0.9500,2,1734
8890,1448803,defensive,1,0.9500,2,1735
8891,1448904,defensive,0,0.9400,2,1736
8892,1449027,defensive,1,0.9400,2,1737
8893,1449158,defensive,1,0.9400,2,1738
8894,1449418,defensive,1,0.9400,2,1739
8895,1449534,defensive,1,0.9400,2,1740
8896,1449722,defensive,1,0.9400,2,1741
8897,1449856,defensive,1,0.9400,2,1742
8898,1449986,defensive,1,0.9500,2,1743
8899,1450131,defensive,1,0.9500,2,1744
8900,1450254,defensive,1,0.9500,2,1745
8901,1450393,defensive,1,0.9500,2,1746
8902,1450535,defensive,1,0.9500,2,1747
8903,1450662,defensive,1,0.9500,2,1748
8904,1450777,defensive,1,0.9500,2,1749
8905,1450910,defensive,1,0.9500,2,1750
8906,1451105,defensive,1,0.9500,2,1751
8907,1451231,defensive,1,0.9500,2,1752
8908,1451356,defensive,1,0.9500,2,1753
8909,1451524,defensive,1,0.9500,2,1754
8910,1451645,defensive,1,0.9500,2,1755
8911,1451767,defensive,1,0.9500,2,1756
8912,1451900,defensive,1,0.9500,2,1757
8913,1451994,defensive,0,0.9500,2,1758
8914,1452175,defensive,1,0.9500,2,1759
8915,1452342,defensive,1,0.9500,2,1760
8916,1452484,defensive,1,0.9500,2,1761
8917,1452612,defensive,1,0.9600,2,1762
8918,1452746,defensive,1,0.9600,2,1763
8919,1452867,defensive,1,0.9600,2,1764
8920,1453039,defensive,1,0.9600,2,1765
8921,1453186,defensive,1,0.9600,2,1766
8922,1453336,defensive,1,0.9600,2,1767
8923,1453472,defensive,1,0.9600,2,1768
8924,1453613,defensive,1,0.9600,2,1769
8925,1453743,defensive,1,0.9600,2,1770
8926,1453902,defensive,1,0.9600,2,1771
8927,1454040,defensive,1,0.9600,2,1772
8928,1454186,defensive,1,0.9600,2,1773
8929,1454314,defensive,1,0.9600,2,1774
8930,1454444,defensive,1,0.9600,2,1775
8931,1454563,defensive,1,0.9600,2,1776
8932,1454724,defensive,1,0.9600,2,1777
8933,1454854,defensive,1,0.9600,2,1778
8934,1454983,defensive,1,0.9600,2,1779
8935,1455104,defensive,1,0.9600,2,1780
8936,1455234,defensive,1,0.9600,2,1781
8937,1455348,defensive,1,0.9600,2,1782
8938,1455474,defensive,1,0.9600,2,1783
8939,1455608,defensive,1,0.9600,2,1784
8940,1455749,defensive,1,0.9600,2,1785
8941,1455899,defensive,1,0.9600,2,1786
8942,1456053,defensive,1,0.9600,2,1787
8943,1456182,defensive,1,0.9600,2,1788
8944,1456318,defensive,1,0.9600,2,1789
8945,1456493,defensive,1,0.9600,2,1790
8946,1456609,defensive,1,0.9600,2,1791
8947,1456751,defensive,1,0.9600,2,1792
8948,1456879,defensive,1,0.9600,2,1793
8949,1456998,defensive,1,0.9600,2,1794
8950,1457140,defensive,1,0.9600,2,1795
8951,1457265,defensive,1,0.9600,2,1796
8952,1457393,defensive,1,0.9600,2,1797
8953,1457481,defensive,0,0.9500,2,1798
8954,1457613,defensive,1,0.9500,2,1799
8955,1457732,defensive,1,0.9500,2,1800
8956,1457857,defensive,0,0.9400,2,1801
8957,1457986,defensive,1,0.9400,2,1802
8958,1458119,defensive,1,0.9400,2,1803
8959,1458252,defensive,1,0.9400,2,1804
8960,1458379,defensive,1,0.9400,2,1805
8961,1458516,defensive,1,0.9400,2,1806
8962,1458643,defensive,1,0.9400,2,1807
8963,1458770,defensive,1,0.9400,2,1808
8964,1458889,defensive,1,0.9400,2,1809
8965,1459027,defensive,1,0.9500,2,1810
8966,1459154,defensive,1,0.9500,2,1811
8967,1459270,defensive,1,0.9500,2,1812
8968,1459388,defensive,1,0.9500,2,1813
8969,1459481,defensive,0,0.9400,2,1814
8970,1459642,defensive,1,0.9400,2,1815
8971,1459800,defensive,1,0.9400,2,1816
8972,1459891,defensive,1,0.9400,2,1817
8973,1460009,defensive,1,0.9400,2,1818
8974,1460136,defensive,1,0.9400,2,1819
8975,1460264,defensive,1,0.9400,2,1820
8976,1460378,defensive,1,0.9400,2,1821
8977,1460501,defensive,1,0.9400,2,1822
8978,1460625,defensive,1,0.9400,2,1823
8979,1460752,defensive,1,0.9400,2,1824
8980,1460891,defensive,1,0.9500,2,1825
8981,1461027,defensive,1,0.9500,2,1826
8982,1461151,defensive,1,0.9500,2,1827
8983,1461274,defensive,1,0.9500,2,1828
8984,1461406,defensive,1,0.9500,2,1829
8985,1461555,defensive,1,0.9500,2,1830
8986,1461675,defensive,1,0.9500,2,1831
8987,1461795,defensive,1,0.9500,2,1832
8988,1461920,defensive,1,0.9500,2,1833
8989,1462062,defensive,1,0.9500,2,1834
8990,1462215,defensive,1,0.9500,2,1835
8991,1462341,defensive,1,0.9600,2,1836
8992,1462437,defensive,0,0.9500,2,1837
8993,1462527,defensive,0,0.9400,2,1838
8994,1462660,defensive,1,0.9400,2,1839
8995,1462793,defensive,1,0.9400,2,1840
8996,1462980,defensive,1,0.9400,2,1841
8997,1463105,defensive,1,0.9400,2,1842
8998,1463229,defensive,1,0.9400,2,1843
8999,1463404,defensive,1,0.9400,2,1844
9000,1463541,defensive,1,0.9400,2,1845
9001,1463668,defensive,1,0.9400,2,1846
9002,1463800,defensive,1,0.9400,2,1847
9003,1463888,defensive,0,0.9300,2,1848
9004,1464050,defensive,1,0.9300,2,1849
9005,1464192,defensive,1,0.9300,2,1850
9006,1464328,defensive,1,0.9300,2,1851
9007,1464466,defensive,1,0.9300,2,1852
9008,1464585,defensive,1,0.9300,2,1853
9009,1464708,defensive,1,0.9300,2,1854
9010,1464828,defensive,1,0.9300,2,1855
9011,1464951,defensive,1,0.9300,2,1856
9012,1465090,defensive,1,0.9300,2,1857
9013,1465232,defensive,1,0.9400,2,1858
9014,1465425,defensive,1,0.9400,2,1859
9015,1465566,defensive,1,0.9400,2,1860
9016,1465703,defensive,1,0.9400,2,1861
9017,1465846,defensive,1,0.9400,2,1862
9018,1466030,defensive,1,0.9400,2,1863
9019,1466164,defensive,1,0.9400,2,1864
9020,1466309,defensive,1,0.9400,2,1865
9021,1466404,defensive,0,0.9300,2,1866
9022,1466551,defensive,1,0.9300,2,1867
9023,1466684,defensive,1,0.9300,2,1868
9024,1466855,defensive,1,0.9300,2,1869
9025,1466981,defensive,1,0.9300,2,1870
9026,1467108,defensive,1,0.9300,2,1871
9027,1467240,defensive,1,0.9300,2,1872
9028,1467418,defensive,1,0.9300,2,1873
9029,1467569,defensive,1,0.9300,2,1874
9030,1467691,defensive,1,0.9300,2,1875
9031,1467788,defensive,0,0.9200,2,1876
9032,1467969,defensive,1,0.9200,2,1877
9033,1468091,defensive,1,0.9200,2,1878
9034,1468238,defensive,1,0.9200,2,1879
9035,1468378,defensive,1,0.9200,2,1880
9036,1468493,defensive,1,0.9200,2,1881
9037,1468613,defensive,1,0.9200,2,1882
9038,1468735,defensive,1,0.9200,2,1883
9039,1468856,defensive,1,0.9200,2,1884
9040,1469032,defensive,1,0.9200,2,1885
9041,1469207,defensive,1,0.9200,2,1886
9042,1469337,defensive,1,0.9200,2,1887
9043,1469455,defensive,1,0.9200,2,1888
9044,1469584,defensive,1,0.9200,2,1889
9045,1469706,defensive,1,0.9200,2,1890
9046,1469841,defensive,1,0.9200,2,1891
9047,1470027,defensive,1,0.9200,2,1892
9048,1470179,defensive,1,0.9200,2,1893
9049,1470328,defensive,1,0.9200,2,1894
9050,1470457,defensive,1,0.9200,2,1895
9051,1470579,defensive,1,0.9200,2,1896
9052,1470706,defensive,1,0.9200,2,1897
9053,1470828,defensive,1,0.9300,2,1898
9054,1470978,defensive,1,0.9300,2,1899
9055,1471117,defensive,1,0.9300,2,1900
9056,1471240,defensive,1,0.9400,2,1901
9057,1471393,defensive,1,0.9400,2,1902
9058,1471489,defensive,1,0.9400,2,1903
9059,1471624,defensive,1,0.9400,2,1904
9060,1471751,defensive,1,0.9400,2,1905
9061,1471870,defensive,1,0.9400,2,1906
9062,1472012,defensive,1,0.9400,2,1907
9063,1472127,defensive,1,0.9400,2,1908
9064,1472270,defensive,1,0.9400,2,1909
9065,1472450,defensive,1,0.9400,2,1910
9066,1472543,defensive,1,0.9400,2,1911
9067,1472717,defensive,1,0.9400,2,1912
9068,1472874,defensive,1,0.9400,2,1913
9069,1473008,defensive,1,0.9500,2,1914
9070,1473140,defensive,1,0.9500,2,1915
9071,1473286,defensive,1,0.9500,2,1916
9072,1473407,defensive,1,0.9500,2,1917
9073,1473520,defensive,1,0.9500,2,1918
9074,1473667,defensive,1,0.9500,2,1919
9075,1473787,defensive,1,0.9500,2,1920
9076,1473914,defensive,1,0.9500,2,1921
9077,1474039,defensive,1,0.9500,2,1922
9078,1474220,defensive,1,0.9500,2,1923
9079,1474315,defensive,0,0.9400,2,1924
9080,1474434,defensive,1,0.9400,2,1925
9081,1474611,defensive,1,0.9400,2,1926
9082,1474727,defensive,1,0.9400,2,1927
9083,1474859,defensive,1,0.9400,2,1928
9084,1474995,defensive,1,0.9400,2,1929
9085,1475121,defensive,1,0.9400,2,1930
9086,1475287,defensive,1,0.9400,2,1931
9087,1475427,defensive,1,0.9400,2,1932
9088,1475560,defensive,1,0.9400,2,1933
9089,1475691,defensive,1,0.9400,2,1934
9090,1475818,defensive,1,0.9400,2,1935
9091,1475989,defensive,1,0.9400,2,1936
9092,1476153,defensive,1,0.9500,2,1937
9093,1476281,defensive,1,0.9600,2,1938
9094,1476400,defensive,1,0.9600,2,1939
9095,1476551,defensive,1,0.9600,2,1940
9096,1476732,defensive,1,0.9600,2,1941
9097,1476870,defensive,1,0.9600,2,1942
9098,1476996,defensive,1,0.9600,2,1943
9099,1477127,defensive,1,0.9600,2,1944
9100,1477336,defensive,1,0.9600,2,1945
9101,1477486,defensive,1,0.9600,2,1946
9102,1477617,defensive,1,0.9600,2,1947
9103,1477738,defensive,1,0.9700,2,1948
9104,1477867,defensive,1,0.9700,2,1949
9105,1477997,defensive,1,0.9700,2,1950
9106,1478118,defensive,1,0.9700,2,1951
9107,1478205,defensive,0,0.9600,2,1952
9108,1478370,defensive,1,0.9600,2,1953
9109,1478508,defensive,1,0.9600,2,1954
9110,1478641,defensive,1,0.9600,2,1955
9111,1478785,defensive,1,0.9600,2,1956
9112,1478926,defensive,1,0.9600,2,1957
9113,1479085,defensive,1,0.9600,2,1958
9114,1479218,defensive,1,0.9600,2,1959
9115,1479315,defensive,0,0.9500,2,1960
9116,1479440,defensive,1,0.9500,2,1961
9117,1479531,defensive,0,0.9400,2,1962
9118,1479680,defensive,1,0.9400,2,1963
9119,1479793,defensive,1,0.9400,2,1964
9120,1479917,defensive,1,0.9400,2,1965
9121,1480047,defensive,1,0.9500,2,1966
9122,1480251,defensive,1,0.9500,2,1967
9123,1480342,defensive,0,0.9400,2,1968
9124,1480478,defensive,1,0.9400,2,1969
9125,1480701,defensive,1,0.9400,2,1970
9126,1480795,defensive,0,0.9300,2,1971
9127,1481007,defensive,1,0.9300,2,1972
9128,1481184,defensive,1,0.9300,2,1973
9129,1481317,defensive,1,0.9300,2,1974
9130,1481432,defensive,1,0.9300,2,1975
9131,1481558,defensive,1,0.9400,2,1976
9132,1481725,defensive,1,0.9400,2,1977
9133,1481863,defensive,1,0.9400,2,1978
9134,1482004,defensive,1,0.9400,2,1979
9135,1482127,defensive,1,0.9400,2,1980
9136,1482272,defensive,1,0.9400,2,1981
9137,1482427,defensive,1,0.9400,2,1982
9138,1482560,defensive,1,0.9400,2,1983
9139,1482687,defensive,1,0.9400,2,1984
9140,1482813,defensive,1,0.9400,2,1985
9141,1482965,defensive,1,0.9400,2,1986
9142,1483109,defensive,1,0.9400,2,1987
9143,1483272,defensive,1,0.9400,2,1988
9144,1483389,defensive,1,0.9400,2,1989
9145,1483544,defensive,1,0.9400,2,1990
9146,1483660,defensive,1,0.9400,2,1991
9147,1483802,defensive,1,0.9400,2,1992
9148,1483951,defensive,1,0.9400,2,1993
9149,1484094,defensive,1,0.9400,2,1994
9150,1484229,defensive,1,0.9400,2,1995
9151,1484356,defensive,1,0.9400,2,1996
9152,1484475,defensive,1,0.9400,2,1997
9153,1484609,defensive,1,0.9400,2,1998
9154,1484779,defensive,1,0.9400,2,1999
9155,1484922,defensive,1,0.9400,2,2000
9156,1485044,defensive,1,0.9400,2,2001
9157,1485207,defensive,1,0.9400,2,2002
9158,1485488,defensive,1,0.9400,2,2003
9159,1485617,defensive,1,0.9400,2,2004
9160,1485744,defensive,1,0.9400,2,2005
9161,1485887,defensive,1,0.9400,2,2006
9162,1486004,defensive,1,0.9400,2,2007
9163,1486134,defensive,1,0.9400,2,2008
9164,1486328,defensive,1,0.9400,2,2009
9165,1486486,defensive,1,0.9400,2,2010
9166,1486602,defensive,1,0.9400,2,2011
9167,1486732,defensive,1,0.9400,2,2012
9168,1486923,defensive,1,0.9400,2,2013
9169,1487045,defensive,1,0.9400,2,2014
9170,1487162,defensive,1,0.9400,2,2015
9171,1487285,defensive,1,0.9400,2,2016
9172,1487413,defensive,1,0.9400,2,2017
9173,1487545,defensive,1,0.9400,2,2018
9174,1487668,defensive,1,0.9400,2,2019
9175,1487794,defensive,1,0.9400,2,2020
9176,1487916,defensive,1,0.9400,2,2021
9177,1488011,defensive,0,0.9300,2,2022
9178,1488144,defensive,1,0.9300,2,2023
9179,1488267,defensive,1,0.9400,2,2024
9180,1488392,defensive,1,0.9400,2,2025
9181,1488522,defensive,1,0.9400,2,2026
9182,1488658,defensive,1,0.9400,2,2027
9183,1488780,defensive,1,0.9400,2,2028
9184,1488938,defensive,1,0.9400,2,2029
9185,1489077,defensive,1,0.9400,2,2030
9186,1489248,defensive,1,0.9400,2,2031
9187,1489389,defensive,1,0.9400,2,2032
9188,1489505,defensive,1,0.9400,2,2033
9189,1489645,defensive,1,0.9400,2,2034
9190,1489772,defensive,1,0.9400,2,2035
9191,1489913,defensive,1,0.9400,2,2036
9192,1490039,defensive,1,0.9400,2,2037
9193,1490192,defensive,1,0.9400,2,2038
9194,1490310,defensive,1,0.9400,2,2039
9195,1490429,defensive,1,0.9400,2,2040
9196,1490658,defensive,1,0.9400,2,2041
9197,1490817,defensive,1,0.9400,2,2042
9198,1490941,defensive,1,0.9400,2,2043
9199,1491058,defensive,1,0.9400,2,2044
9200,1491201,defensive,1,0.9400,2,2045
9201,1491372,defensive,1,0.9400,2,2046
9202,1491531,defensive,1,0.9400,2,2047
9203,1491674,defensive,1,0.9400,2,2048
9204,1491805,defensive,1,0.9400,2,2049
9205,1491894,defensive,1,0.9400,2,2050
9206,1492108,defensive,1,0.9400,2,2051
9207,1492229,defensive,1,0.9500,2,2052
9208,1492357,defensive,1,0.9500,2,2053
9209,1492516,defensive,1,0.9500,2,2054
9210,1492637,defensive,1,0.9500,2,2055
9211,1492777,defensive,1,0.9500,2,2056
9212,1492908,defensive,1,0.9500,2,2057
9213,1493024,defensive,1,0.9500,2,2058
9214,1493176,defensive,1,0.9500,2,2059
9215,1493414,defensive,1,0.9600,2,2060
9216,1493669,defensive,1,0.9600,2,2061
9217,1493795,defensive,1,0.9700,2,2062
9218,1493913,defensive,1,0.9700,2,2063
9219,1494044,defensive,1,0.9700,2,2064
9220,1494164,defensive,1,0.9700,2,2065
9221,1494286,defensive,0,0.9600,2,2066
9222,1494439,defensive,1,0.9600,2,2067
9223,1494562,defensive,1,0.9700,2,2068
9224,1494702,defensive,1,0.9700,2,2069
9225,1494867,defensive,1,0.9700,2,2070
9226,1495000,defensive,1,0.9800,2,2071
9227,1495134,defensive,1,0.9800,2,2072
9228,1495263,defensive,1,0.9800,2,2073
9229,1495383,defensive,1,0.9800,2,2074
9230,1495519,defensive,1,0.9800,2,2075
9231,1495648,defensive,1,0.9800,2,2076
9232,1495775,defensive,1,0.9800,2,2077
9233,1495916,defensive,1,0.9800,2,2078
9234,1496054,defensive,1,0.9800,2,2079
9235,1496147,defensive,0,0.9700,2,2080
9236,1496272,defensive,1,0.9700,2,2081
9237,1496413,defensive,1,0.9700,2,2082
9238,1496529,defensive,1,0.9700,2,2083
9239,1496817,defensive,1,0.9700,2,2084
9240,1496945,defensive,1,0.9700,2,2085
9241,1497115,defensive,1,0.9700,2,2086
9242,1497244,defensive,1,0.9700,2,2087
9243,1497425,defensive,1,0.9700,2,2088
9244,1497603,defensive,1,0.9700,2,2089
9245,1497719,defensive,1,0.9700,2,2090
9246,1497878,defensive,1,0.9700,2,2091
9247,1498000,defensive,1,0.9700,2,2092
9248,1498122,defensive,1,0.9700,2,2093
9249,1498247,defensive,1,0.9700,2,2094
9250,1498388,defensive,1,0.9700,2,2095
9251,1498529,defensive,1,0.9700,2,2096
9252,1498653,defensive,1,0.9700,2,2097
9253,1498789,defensive,1,0.9700,2,2098
9254,1498942,defensive,1,0.9700,2,2099
9255,1499119,defensive,1,0.9700,2,2100
9256,1499238,defensive,1,0.9700,2,2101
9257,1499356,defensive,1,0.9700,2,2102
9258,1499507,defensive,1,0.9700,2,2103
9259,1499711,defensive,1,0.9700,2,2104
9260,1499852,defensive,1,0.9700,2,2105
9261,1499985,defensive,1,0.9700,2,2106
9262,1500111,defensive,1,0.9700,2,2107
9263,1500266,defensive,1,0.9700,2,2108
9264,1500412,defensive,1,0.9700,2,2109
9265,1500533,defensive,1,0.9700,2,2110
9266,1500671,defensive,1,0.9700,2,2111
9267,1500795,defensive,1,0.9700,2,2112
9268,1500944,defensive,1,0.9700,2,2113
9269,1501082,defensive,1,0.9700,2,2114
9270,1501206,defensive,1,0.9700,2,2115
9271,1501322,defensive,1,0.9700,2,2116
9272,1501478,defensive,1,0.9700,2,2117
9273,1501604,defensive,1,0.9700,2,2118
9274,1501718,defensive,1,0.9700,2,2119
9275,1501888,defensive,1,0.9700,2,2120
9276,1502014,defensive,1,0.9700,2,2121
9277,1502170,defensive,1,0.9800,2,2122
9278,1502309,defensive,1,0.9800,2,2123
9279,1502440,defensive,1,0.9800,2,2124
9280,1502668,defensive,1,0.9800,2,2125
9281,1502796,defensive,1,0.9800,2,2126
9282,1502919,defensive,1,0.9800,2,2127
9283,1503015,defensive,0,0.9700,2,2128
9284,1503149,defensive,1,0.9700,2,2129
9285,1503284,defensive,1,0.9700,2,2130
9286,1503410,defensive,1,0.9700,2,2131
9287,1503546,defensive,1,0.9700,2,2132
9288,1503681,defensive,1,0.9700,2,2133
9289,1503807,defensive,1,0.9700,2,2134
9290,1503934,defensive,1,0.9700,2,2135
9291,1504060,defensive,1,0.9700,2,2136
9292,1504221,defensive,1,0.9700,2,2137
9293,1504374,defensive,1,0.9700,2,2138
9294,1504568,defensive,1,0.9700,2,2139
9295,1504694,defensive,1,0.9700,2,2140
9296,1504816,defensive,1,0.9700,2,2141
9297,1504982,defensive,1,0.9700,2,2142
9298,1505102,defensive,1,0.9700,2,2143
9299,1505232,defensive,1,0.9700,2,2144
9300,1505352,defensive,1,0.9700,2,2145
9301,1505509,defensive,1,0.9700,2,2146
9302,1505632,defensive,1,0.9700,2,2147
9303,1505767,defensive,1,0.9700,2,2148
9304,1505888,defensive,1,0.9700,2,2149
9305,1506048,defensive,1,0.9700,2,2150
9306,1506186,defensive,1,0.9700,2,2151
9307,1506302,defensive,1,0.9700,2,2152
9308,1506450,defensive,1,0.9700,2,2153
9309,1506604,defensive,1,0.9700,2,2154
9310,1506726,defensive,1,0.9700,2,2155
9311,1506866,defensive,1,0.9700,2,2156
9312,1507004,defensive,1,0.9700,2,2157
9313,1507165,defensive,1,0.9700,2,2158
9314,1507283,defensive,1,0.9700,2,2159
9315,1507408,defensive,1,0.9700,2,2160
9316,1507530,defensive,1,0.9700,2,2161
9317,1507668,defensive,1,0.9700,2,2162
9318,1507782,defensive,1,0.9700,2,2163
9319,1507942,defensive,1,0.9700,2,2164
9320,1508070,defensive,1,0.9700,2,2165
9321,1508200,defensive,1,0.9800,2,2166
9322,1508370,defensive,1,0.9800,2,2167
9323,1508502,defensive,1,0.9800,2,2168
9324,1508644,defensive,1,0.9800,2,2169
9325,1508767,defensive,1,0.9800,2,2170
9326,1508941,defensive,1,0.9800,2,2171
9327,1509182,defensive,1,0.9800,2,2172
9328,1509307,defensive,1,0.9800,2,2173
9329,1509432,defensive,1,0.9800,2,2174
9330,1509577,defensive,1,0.9800,2,2175
9331,1509701,defensive,1,0.9800,2,2176
9332,1509838,defensive,1,0.9800,2,2177
9333,1509990,defensive,1,0.9800,2,2178
9334,1510115,defensive,1,0.9800,2,2179
9335,1510248,defensive,1,0.9900,2,2180
9336,1510379,defensive,1,0.9900,2,2181
9337,1510512,defensive,1,0.9900,2,2182
9338,1510660,defensive,1,0.9900,2,2183
9339,1510787,defensive,1,0.9900,2,2184
9340,1511001,defensive,1,0.9900,2,2185
9341,1511151,defensive,1,0.9900,2,2186
9342,1511277,defensive,1,0.9900,2,2187
9343,1511396,defensive,1,0.9900,2,2188
9344,1511617,defensive,1,0.9900,2,2189
9345,1511780,defensive,1,0.9900,2,2190
9346,1511902,defensive,1,0.9900,2,2191
9347,1512031,defensive,1,0.9900,2,2192
9348,1512152,defensive,1,0.9900,2,2193
9349,1512279,defensive,1,0.9900,2,2194
9350,1512402,defensive,1,0.9900,2,2195
9351,1512538,defensive,1,0.9900,2,2196
9352,1512668,defensive,1,0.9900,2,2197
9353,1512784,defensive,1,0.9900,2,2198
9354,1512920,defensive,1,0.9900,2,2199
9355,1513040,defensive,1,0.9900,2,2200
9356,1513165,defensive,1,0.9900,2,2201
9357,1513288,defensive,1,0.9900,2,2202
9358,1513421,defensive,1,0.9900,2,2203
9359,1513541,defensive,1,0.9900,2,2204
9360,1513669,defensive,1,0.9900,2,2205
9361,1513790,defensive,1,0.9900,2,2206
9362,1513941,defensive,1,0.9900,2,2207
9363,1514107,defensive,1,0.9900,2,2208
9364,1514231,defensive,1,0.9900,2,2209
9365,1514362,defensive,1,0.9900,2,2210
9366,1514454,defensive,1,0.9900,2,2211
9367,1514629,defensive,1,0.9900,2,2212
9368,1514755,defensive,1,0.9900,2,2213
9369,1514886,defensive,1,0.9900,2,2214
9370,1515022,defensive,1,0.9900,2,2215
9371,1515146,defensive,1,0.9900,2,2216
9372,1515266,defensive,1,0.9900,2,2217
9373,1515438,defensive,1,0.9900,2,2218
9374,1515556,defensive,1,0.9900,2,2219
9375,1515684,defensive,1,0.9900,2,2220
9376,1515823,defensive,1,0.9900,2,2221
9377,1515983,defensive,1,0.9900,2,2222
9378,1516121,defensive,1,0.9900,2,2223
9379,1516245,defensive,1,0.9900,2,2224
9380,1516380,defensive,1,0.9900,2,2225
9381,1516504,defensive,1,0.9900,2,2226
9382,1516642,defensive,1,0.9900,2,2227
9383,1516772,defensive,1,1.0000,2,2228
9384,1516915,defensive,1,1.0000,2,2229
9385,1517036,defensive,1,1.0000,2,2230
9386,1517160,defensive,1,1.0000,2,2231
9387,1517328,defensive,1,1.0000,2,2232
9388,1517454,defensive,1,1.0000,2,2233
9389,1517585,defensive,1,1.0000,2,2234
9390,1517702,defensive,1,1.0000,2,2235
9391,1517825,defensive,1,1.0000,2,2236
9392,1517951,defensive,1,1.0000,2,2237
9393,1518101,defensive,1,1.0000,2,2238
9394,1518265,defensive,1,1.0000,2,2239
9395,1518423,defensive,1,1.0000,2,2240
9396,1518545,defensive,1,1.0000,2,2241
9397,1518694,defensive,1,1.0000,2,2242
9398,1518827,defensive,1,1.0000,2,2243
9399,1518949,defensive,1,1.0000,2,2244
9400,1519075,defensive,1,1.0000,2,2245
9401,1519261,defensive,1,1.0000,2,2246
9402,1519439,defensive,1,1.0000,2,2247
9403,1519574,defensive,1,1.0000,2,2248
9404,1519702,defensive,1,1.0000,2,2249
9405,1519821,defensive,1,1.0000,2,2250
9406,1519949,defensive,1,1.0000,2,2251
9407,1520086,defensive,1,1.0000,2,2252
9408,1520205,defensive,1,1.0000,2,2253
9409,1520333,defensive,1,1.0000,2,2254
9410,1520452,defensive,1,1.0000,2,2255
9411,1520578,defensive,1,1.0000,2,2256
9412,1520696,defensive,1,1.0000,2,2257
9413,1520816,defensive,1,1.0000,2,2258
9414,1520965,defensive,1,1.0000,2,2259
9415,1521094,defensive,1,1.0000,2,2260
9416,1521217,defensive,1,1.0000,2,2261
9417,1521425,defensive,1,1.0000,2,2262
9418,1521547,defensive,1,1.0000,2,2263
9419,1521678,defensive,1,1.0000,2,2264
9420,1521868,defensive,1,1.0000,2,2265
9421,1521990,defensive,1,1.0000,2,2266
9422,1522109,defensive,1,1.0000,2,2267
9423,1522236,defensive,1,1.0000,2,2268
9424,1522403,defensive,1,1.0000,2,2269
9425,1522544,defensive,1,1.0000,2,2270
9426,1522666,defensive,1,1.0000,2,2271
9427,1522795,defensive,1,1.0000,2,2272
9428,1522922,defensive,1,1.0000,2,2273
9429,1523048,defensive,1,1.0000,2,2274
9430,1523167,defensive,1,1.0000,2,2275
9431,1523303,defensive,1,1.0000,2,2276
9432,1523428,defensive,1,1.0000,2,2277
9433,1523553,defensive,1,1.0000,2,2278
9434,1523670,defensive,1,1.0000,2,2279
9435,1523881,defensive,1,1.0000,2,2280
9436,1524013,defensive,1,1.0000,2,2281
9437,1524145,defensive,1,1.0000,2,2282
9438,1524272,defensive,1,1.0000,2,2283
9439,1524540,defensive,1,1.0000,2,2284
9440,1524661,defensive,1,1.0000,2,2285
9441,1524750,defensive,0,0.9900,2,2286
9442,1524863,defensive,1,0.9900,2,2287
9443,1524996,defensive,1,0.9900,2,2288
9444,1525130,defensive,1,0.9900,2,2289
9445,1525262,defensive,1,0.9900,2,2290
9446,1525378,defensive,1,0.9900,2,2291
9447,1525504,defensive,1,0.9900,2,2292
9448,1525642,defensive,1,0.9900,2,2293
9449,1525759,defensive,1,0.9900,2,2294
9450,1525891,defensive,1,0.9900,2,2295
9451,1526018,defensive,1,0.9900,2,2296
9452,1526161,defensive,1,0.9900,2,2297
9453,1526287,defensive,1,0.9900,2,2298
9454,1526413,defensive,1,0.9900,2,2299
9455,1526562,defensive,1,0.9900,2,2300
9456,1526679,defensive,1,0.9900,2,2301
9457,1526777,defensive,0,0.9800,2,2302
9458,1526878,defensive,0,0.9700,2,2303
9459,1527008,defensive,1,0.9700,2,2304
9460,1527135,defensive,1,0.9700,2,2305
9461,1527277,defensive,1,0.9700,2,2306
9462,1527401,defensive,1,0.9700,2,2307
9463,1527514,defensive,1,0.9700,2,2308
9464,1527635,defensive,1,0.9700,2,2309
9465,1527760,defensive,1,0.9700,2,2310
9466,1527883,defensive,1,0.9700,2,2311
9467,1528066,defensive,1,0.9700,2,2312
9468,1528339,defensive,1,0.9700,2,2313
9469,1528459,defensive,1,0.9700,2,2314
9470,1528642,defensive,1,0.9700,2,2315
9471,1528773,defensive,1,0.9700,2,2316
9472,1528891,defensive,1,0.9700,2,2317
9473,1529033,defensive,1,0.9700,2,2318
9474,1529192,defensive,1,0.9700,2,2319
9475,1529315,defensive,1,0.9700,2,2320
9476,1529434,defensive,1,0.9700,2,2321
9477,1529607,defensive,1,0.9700,2,2322
9478,1529730,defensive,1,0.9700,2,2323
9479,1529853,defensive,1,0.9700,2,2324
9480,1529976,defensive,1,0.9700,2,2325
9481,1530093,defensive,1,0.9700,2,2326
9482,1530226,defensive,1,0.9700,2,2327
9483,1530386,defensive,1,0.9700,2,2328
9484,1530501,defensive,1,0.9700,2,2329
9485,1530633,defensive,1,0.9700,2,2330
9486,1530761,defensive,1,0.9700,2,2331
9487,1530886,defensive,1,0.9700,2,2332
9488,1531042,defensive,1,0.9700,2,2333
9489,1531185,defensive,1,0.9700,2,2334
9490,1531309,defensive,1,0.9700,2,2335
9491,1531431,defensive,1,0.9700,2,2336
9492,1531554,defensive,1,0.9700,2,2337
9493,1531702,defensive,1,0.9700,2,2338
9494,1531816,defensive,1,0.9700,2,2339
9495,1531957,defensive,1,0.9700,2,2340
9496,1532077,defensive,1,0.9700,2,2341
9497,1532249,defensive,1,0.9700,2,2342
9498,1532372,defensive,1,0.9700,2,2343
9499,1532491,defensive,1,0.9700,2,2344
9500,1532626,defensive,1,0.9700,2,2345
9501,1532825,defensive,1,0.9700,2,2346
9502,1532968,defensive,1,0.9700,2,2347
9503,1533080,defensive,1,0.9700,2,2348
9504,1533212,defensive,1,0.9700,2,2349
9505,1533333,defensive,1,0.9700,2,2350
9506,1533483,defensive,1,0.9700,2,2351
9507,1533614,defensive,1,0.9700,2,2352
9508,1533738,defensive,1,0.9700,2,2353
9509,1533916,defensive,1,0.9700,2,2354
9510,1534047,defensive,1,0.9700,2,2355
9511,1534170,defensive,1,0.9700,2,2356
9512,1534295,defensive,1,0.9700,2,2357
9513,1534415,defensive,1,0.9700,2,2358
9514,1534549,defensive,1,0.9700,2,2359
9515,1534677,defensive,1,0.9700,2,2360
9516,1534808,defensive,1,0.9700,2,2361
9517,1534935,defensive,1,0.9700,2,2362
9518,1535022,defensive,0,0.9600,2,2363
9519,1535179,defensive,1,0.9600,2,2364
9520,1535275,defensive,1,0.9600,2,2365
9521,1535411,defensive,1,0.9600,2,2366
9522,1535533,defensive,1,0.9600,2,2367
9523,1535646,defensive,1,0.9600,2,2368
9524,1535776,defensive,1,0.9600,2,2369
9525,1535951,defensive,1,0.9600,2,2370
9526,1536073,defensive,1,0.9600,2,2371
9527,1536191,defensive,1,0.9600,2,2372
9528,1536310,defensive,1,0.9600,2,2373
9529,1536424,defensive,1,0.9600,2,2374
9530,1536551,defensive,1,0.9600,2,2375
9531,1536803,defensive,1,0.9600,2,2376
9532,1536927,defensive,1,0.9600,2,2377
9533,1537049,defensive,1,0.9600,2,2378
9534,1537198,defensive,1,0.9600,2,2379
9535,1537325,defensive,1,0.9600,2,2380
9536,1537452,defensive,1,0.9600,2,2381
9537,1537595,defensive,1,0.9600,2,2382
9538,1537714,defensive,1,0.9600,2,2383
9539,1537839,defensive,1,0.9600,2,2384
9540,1537964,defensive,1,0.9600,2,2385
9541,1538078,defensive,1,0.9700,2,2386
9542,1538194,defensive,1,0.9700,2,2387
9543,1538343,defensive,1,0.9700,2,2388
9544,1538483,defensive,1,0.9700,2,2389
9545,1538606,defensive,1,0.9700,2,2390
9546,1538731,defensive,1,0.9700,2,2391
9547,1538879,defensive,1,0.9700,2,2392
9548,1539033,defensive,1,0.9700,2,2393
9549,1539147,defensive,1,0.9700,2,2394
9550,1539271,defensive,1,0.9700,2,2395
9551,1539398,defensive,1,0.9700,2,2396
9552,1539525,defensive,1,0.9700,2,2397
9553,1539647,defensive,1,0.9700,2,2398
9554,1539793,defensive,1,0.9700,2,2399
9555,1539917,defensive,1,0.9700,2,2400
9556,1540085,defensive,1,0.9700,2,2401
9557,1540212,defensive,1,0.9800,2,2402
9558,1540306,defensive,1,0.9900,2,2403
9559,1540427,defensive,1,0.9900,2,2404
9560,1540554,defensive,1,0.9900,2,2405
9561,1540736,defensive,1,0.9900,2,2406
9562,1540822,defensive,0,0.9800,2,2407
9563,1540949,defensive,1,0.9800,2,2408
9564,1541062,defensive,1,0.9800,2,2409
9565,1541181,defensive,1,0.9800,2,2410
9566,1541355,defensive,1,0.9800,2,2411
9567,1541486,defensive,1,0.9800,2,2412
9568,1541606,defensive,1,0.9800,2,2413
9569,1541758,defensive,1,0.9800,2,2414
9570,1541879,defensive,1,0.9800,2,2415
9571,1541998,defensive,1,0.9800,2,2416
9572,1542127,defensive,1,0.9800,2,2417
9573,1542274,defensive,1,0.9800,2,2418
9574,1542389,defensive,1,0.9800,2,2419
9575,1542610,defensive,1,0.9800,2,2420
9576,1542749,defensive,1,0.9800,2,2421
9577,1542880,defensive,1,0.9800,2,2422
9578,1542999,defensive,1,0.9800,2,2423
9579,1543126,defensive,1,0.9800,2,2424
9580,1543276,defensive,1,0.9800,2,2425
9581,1543402,defensive,1,0.9800,2,2426
9582,1543531,defensive,1,0.9800,2,2427
9583,1543656,defensive,1,0.9800,2,2428
9584,1543782,defensive,1,0.9800,2,2429
9585,1543900,defensive,1,0.9800,2,2430
9586,1544041,defensive,1,0.9800,2,2431
9587,1544165,defensive,1,0.9800,2,2432
9588,1544285,defensive,1,0.9800,2,2433
9589,1544431,defensive,1,0.9800,2,2434
9590,1544545,defensive,1,0.9800,2,2435
9591,1544635,defensive,1,0.9800,2,2436
9592,1544765,defensive,1,0.9800,2,2437
9593,1544995,defensive,1,0.9800,2,2438
9594,1545123,defensive,1,0.9800,2,2439
9595,1545280,defensive,1,0.9800,2,2440
9596,1545409,defensive,1,0.9800,2,2441
9597,1545784,defensive,1,0.9800,2,2442
9598,1545916,defensive,1,0.9800,2,2443
9599,1546041,defensive,1,0.9800,2,2444
9600,1546166,defensive,1,0.9800,2,2445
9601,1546354,defensive,1,0.9800,2,2446
9602,1546467,defensive,1,0.9800,2,2447
9603,1546584,defensive,1,0.9800,2,2448
9604,1546774,defensive,1,0.9800,2,2449
9605,1546907,defensive,1,0.9800,2,2450
9606,1547026,defensive,1,0.9800,2,2451
9607,1547156,defensive,1,0.9800,2,2452
9608,1547284,defensive,1,0.9800,2,2453
9609,1547404,defensive,1,0.9800,2,2454
9610,1547526,defensive,1,0.9800,2,2455
9611,1547655,defensive,1,0.9800,2,2456
9612,1547774,defensive,1,0.9800,2,2457
9613,1547890,defensive,1,0.9800,2,2458
9614,1548053,defensive,1,0.9800,2,2459
9615,1548184,defensive,1,0.9800,2,2460
9616,1548333,defensive,1,0.9800,2,2461
9617,1548427,defensive,1,0.9800,2,2462
9618,1548545,defensive,1,0.9900,2,2463
9619,1548667,defensive,1,0.9900,2,2464
9620,1548790,defensive,1,0.9900,2,2465
9621,1548920,defensive,1,0.9900,2,2466
9622,1549034,defensive,1,0.9900,2,2467
9623,1549181,defensive,1,0.9900,2,2468
9624,1549335,defensive,1,0.9900,2,2469
9625,1549480,defensive,1,0.9900,2,2470
9626,1549593,defensive,1,0.9900,2,2471
9627,1549729,defensive,1,0.9900,2,2472
9628,1549941,defensive,1,0.9900,2,2473
9629,1550055,defensive,1,0.9900,2,2474
9630,1550391,corner,1,0.9900,3,1
9631,1550596,corner,1,0.9900,3,2
9632,1550931,corner,1,0.9900,3,3
9633,1551035,corner,0,0.9800,3,4
9634,1551192,corner,1,0.9800,3,5
9635,1551356,corner,1,0.9800,3,6
9636,1551501,corner,1,0.9800,3,7
9637,1551624,corner,1,0.9800,3,8
9638,1552361,corner,1,0.9800,3,9
9639,1552521,corner,1,0.9800,3,10
9640,1552710,corner,1,0.9800,3,11
9641,1552906,corner,1,0.9800,3,12
9642,1553059,corner,1,0.9800,3,13
9643,1553370,corner,1,0.9800,3,14
9644,1553497,corner,1,0.9800,3,15
9645,1553724,corner,1,0.9800,3,16
9646,1553861,corner,1,0.9800,3,17
9647,1554023,corner,1,0.9800,3,18
9648,1554152,corner,1,0.9800,3,19
9649,1554521,corner,1,0.9800,3,20
9650,1554683,corner,1,0.9800,3,21
9651,1554841,corner,1,0.9800,3,22
9652,1554993,corner,1,0.9800,3,23
9653,1555143,corner,1,0.9800,3,24
9654,1555494,corner,1,0.9800,3,25
9655,1555637,corner,1,0.9800,3,26
9656,1555824,corner,1,0.9800,3,27
9657,1555964,corner,1,0.9800,3,28
9658,1556103,corner,1,0.9800,3,29
9659,1556273,corner,1,0.9800,3,30
9660,1556567,corner,1,0.9800,3,31
9661,1556737,corner,1,0.9800,3,32
9662,1557084,corner,1,0.9900,3,33
9663,1557261,corner,1,0.9900,3,34
9664,1557702,corner,1,0.9900,3,35
9665,1557915,corner,1,0.9900,3,36
9666,1558197,corner,1,0.9900,3,37
9667,1558351,corner,1,0.9900,3,38
9668,1558517,corner,1,0.9900,3,39
9669,1558839,corner,1,0.9900,3,40
9670,1558979,corner,1,0.9900,3,41
9671,1559205,corner,1,0.9900,3,42
9672,1559336,corner,1,0.9900,3,43
9673,1559445,corner,1,0.9900,3,44
9674,1559612,corner,1,0.9900,3,45
9675,1559762,corner,1,0.9900,3,46
9676,1559975,corner,1,0.9900,3,47
9677,1560154,corner,1,0.9900,3,48
9678,1560313,corner,1,0.9900,3,49
9679,1560453,corner,1,0.9900,3,50
9680,1560617,corner,1,0.9900,3,51
9681,1560792,corner,1,0.9900,3,52
9682,1560952,corner,1,0.9900,3,53
9683,1561220,corner,1,0.9900,3,54
9684,1561386,corner,1,0.9900,3,55
9685,1561531,corner,1,0.9900,3,56
9686,1561790,corner,1,0.9900,3,57
9687,1561943,corner,1,0.9900,3,58
9688,1562264,corner,1,0.9900,3,59
9689,1562467,corner,1,0.9900,3,60
9690,1562608,corner,1,0.9900,3,61
9691,1562747,corner,1,0.9900,3,62
9692,1563053,corner,1,0.9900,3,63
9693,1563317,corner,1,0.9900,3,64
9694,1563509,corner,1,0.9900,3,65
9695,1563611,corner,1,0.9900,3,66
9696,1563806,corner,1,0.9900,3,67
9697,1563941,corner,1,0.9900,3,68
9698,1564132,corner,1,0.9900,3,69
9699,1564258,corner,1,0.9900,3,70
9700,1564412,corner,1,0.9900,3,71
9701,1564592,corner,1,0.9900,3,72
9702,1564723,corner,1,0.9900,3,73
9703,1564897,corner,1,0.9900,3,74
9704,1565031,corner,1,0.9900,3,75
9705,1565188,corner,1,0.9900,3,76
9706,1565341,corner,1,0.9900,3,77
9707,1565529,corner,1,0.9900,3,78
9708,1565682,corner,1,0.9900,3,79
9709,1565838,corner,1,0.9900,3,80
9710,1566051,corner,1,0.9900,3,81
9711,1566308,corner,1,0.9900,3,82
9712,1566464,corner,1,0.9900,3,83
9713,1566599,corner,1,0.9900,3,84
9714,1566733,corner,1,0.9900,3,85
9715,1567078,corner,1,0.9900,3,86
9716,1567242,corner,1,0.9900,3,87
9717,1567400,corner,1,0.9900,3,88
9718,1567585,corner,1,0.9900,3,89
9719,1567741,corner,1,0.9900,3,90
9720,1567863,corner,1,0.9900,3,91
9721,1568119,corner,1,0.9900,3,92
9722,1568317,corner,1,0.9900,3,93
9723,1568473,corner,1,0.9900,3,94
9724,1568612,corner,1,0.9900,3,95
9725,1568802,corner,1,0.9900,3,96
9726,1569009,corner,1,0.9900,3,97
9727,1569202,corner,1,0.9900,3,98
9728,1569309,corner,1,0.9900,3,99
9729,1569789,corner,1,0.9900,3,100
9730,1569944,corner,1,0.9900,3,101
9731,1570268,corner,1,0.9900,3,102
9732,1570408,corner,1,0.9900,3,103
9733,1570555,corner,1,1.0000,3,104
9734,1570737,corner,1,1.0000,3,105
9735,1570898,corner,1,1.0000,3,106
9736,1571049,corner,1,1.0000,3,107
9737,1571179,corner,1,1.0000,3,108
9738,1571340,corner,1,1.0000,3,109
9739,1571512,corner,1,1.0000,3,110
9740,1571659,corner,1,1.0000,3,111
9741,1571863,corner,1,1.0000,3,112
9742,1572273,corner,1,1.0000,3,113
9743,1572421,corner,1,1.0000,3,114
9744,1572576,corner,1,1.0000,3,115
9745,1572727,corner,1,1.0000,3,116
9746,1572877,corner,1,1.0000,3,117
9747,1573048,corner,1,1.0000,3,118
9748,1573317,corner,1,1.0000,3,119
9749,1573526,corner,1,1.0000,3,120
9750,1573666,corner,1,1.0000,3,121
9751,1573822,corner,1,1.0000,3,122
9752,1573986,corner,1,1.0000,3,123
9753,1574132,corner,1,1.0000,3,124
9754,1574277,corner,1,1.0000,3,125
9755,1574417,corner,1,1.0000,3,126
9756,1574590,corner,1,1.0000,3,127
9757,1574755,corner,1,1.0000,3,128
9758,1574871,corner,0,0.9900,3,129
9759,1575168,corner,1,0.9900,3,130
9760,1575358,corner,1,0.9900,3,131
9761,1575519,corner,1,0.9900,3,132
9762,1575657,corner,1,0.9900,3,133
9763,1575801,corner,1,0.9900,3,134
9764,1575983,corner,1,0.9900,3,135
9765,1576107,corner,1,0.9900,3,136
9766,1576270,corner,1,0.9900,3,137
9767,1576544,corner,1,0.9900,3,138
9768,1576720,corner,1,0.9900,3,139
9769,1576848,corner,1,0.9900,3,140
9770,1577004,corner,1,0.9900,3,141
9771,1577152,corner,1,0.9900,3,142
9772,1577319,corner,1,0.9900,3,143
9773,1577477,corner,1,0.9900,3,144
9774,1577642,corner,1,0.9900,3,145
9775,1577942,corner,1,0.9900,3,146
9776,1578075,corner,1,0.9900,3,147
9777,1578327,corner,1,0.9900,3,148
9778,1578610,corner,1,0.9900,3,149
9779,1578940,corner,1,0.9900,3,150
9780,1579075,corner,1,0.9900,3,151
9781,1579237,corner,1,0.9900,3,152
9782,1579462,corner,1,0.9900,3,153
9783,1579683,corner,1,0.9900,3,154
9784,1579840,corner,1,0.9900,3,155
9785,1580004,corner,1,0.9900,3,156
9786,1580163,corner,1,0.9900,3,157
9787,1580312,corner,0,0.9800,3,158
9788,1580418,corner,1,0.9800,3,159
9789,1580574,corner,1,0.9800,3,160
9790,1580964,corner,1,0.9800,3,161
9791,1581110,corner,1,0.9800,3,162
9792,1581266,corner,1,0.9800,3,163
9793,1581427,corner,1,0.9800,3,164
9794,1581570,corner,1,0.9800,3,165
9795,1581799,corner,1,0.9800,3,166
9796,1581939,corner,1,0.9800,3,167
9797,1582125,corner,1,0.9800,3,168
9798,1582254,corner,1,0.9800,3,169
9799,1582404,corner,1,0.9800,3,170
9800,1582560,corner,1,0.9800,3,171
9801,1582787,corner,1,0.9800,3,172
9802,1582936,corner,1,0.9800,3,173
9803,1583133,corner,1,0.9800,3,174
9804,1583308,corner,1,0.9800,3,175
9805,1583533,corner,1,0.9800,3,176
9806,1583666,corner,1,0.9800,3,177
9807,1583802,corner,1,0.9800,3,178
9808,1583972,corner,1,0.9800,3,179
9809,1584172,corner,1,0.9800,3,180
9810,1584311,corner,1,0.9800,3,181
9811,1584466,corner,1,0.9800,3,182
9812,1584670,corner,1,0.9800,3,183
9813,1584787,corner,1,0.9800,3,184
9814,1584932,corner,1,0.9800,3,185
9815,1585071,corner,1,0.9800,3,186
9816,1585245,corner,1,0.9800,3,187
9817,1585405,corner,1,0.9800,3,188
9818,1585510,corner,1,0.9800,3,189
9819,1585693,corner,1,0.9800,3,190
9820,1585843,corner,1,0.9800,3,191
9821,1586016,corner,1,0.9800,3,192
9822,1586225,corner,1,0.9800,3,193
9823,1586599,corner,1,0.9800,3,194
9824,1586789,corner,1,0.9800,3,195
9825,1586943,corner,1,0.9800,3,196
9826,1587132,corner,1,0.9800,3,197
9827,1587301,corner,0,0.9700,3,198
9828,1587444,corner,1,0.9700,3,199
9829,1587591,corner,1,0.9700,3,200
9830,1587742,corner,1,0.9700,3,201
9831,1587948,corner,1,0.9700,3,202
9832,1588121,corner,1,0.9700,3,203
9833,1588271,corner,1,0.9700,3,204
9834,1588582,corner,1,0.9700,3,205
9835,1588727,corner,1,0.9700,3,206
9836,1588872,corner,1,0.9700,3,207
9837,1589037,corner,1,0.9700,3,208
9838,1589222,corner,1,0.9700,3,209
9839,1589375,corner,1,0.9700,3,210
9840,1589583,corner,1,0.9700,3,211
9841,1589759,corner,1,0.9700,3,212
9842,1589886,corner,1,0.9700,3,213
9843,1590018,corner,1,0.9700,3,214
9844,1590191,corner,1,0.9700,3,215
9845,1590380,corner,1,0.9700,3,216
9846,1590539,corner,1,0.9700,3,217
9847,1590695,corner,1,0.9700,3,218
9848,1590832,corner,1,0.9700,3,219
9849,1590963,corner,1,0.9700,3,220
9850,1591082,corner,1,0.9700,3,221
9851,1591236,corner,1,0.9700,3,222
9852,1591348,corner,1,0.9700,3,223
9853,1591550,corner,1,0.9700,3,224
9854,1591697,corner,1,0.9700,3,225
9855,1591827,corner,1,0.9700,3,226
9856,1591968,corner,1,0.9700,3,227
9857,1592131,corner,1,0.9700,3,228
9858,1592285,corner,1,0.9800,3,229
9859,1592413,corner,1,0.9800,3,230
9860,1592570,corner,1,0.9800,3,231
9861,1592744,corner,1,0.9800,3,232
9862,1592876,corner,1,0.9800,3,233
9863,1593008,corner,1,0.9800,3,234
9864,1593137,corner,1,0.9800,3,235
9865,1593288,corner,1,0.9800,3,236
9866,1593425,corner,1,0.9800,3,237
9867,1593555,corner,0,0.9700,3,238
9868,1593721,corner,1,0.9700,3,239
9869,1593882,corner,1,0.9700,3,240
9870,1594024,corner,1,0.9700,3,241
9871,1594208,corner,1,0.9700,3,242
9872,1594360,corner,1,0.9700,3,243
9873,1594504,corner,1,0.9700,3,244
9874,1594653,corner,1,0.9700,3,245
9875,1594866,corner,1,0.9700,3,246
9876,1595009,corner,1,0.9700,3,247
9877,1595139,corner,1,0.9700,3,248
9878,1595293,corner,1,0.9700,3,249
9879,1595527,corner,1,0.9700,3,250
9880,1595673,corner,1,0.9700,3,251
9881,1595948,corner,0,0.9600,3,252
9882,1596140,corner,1,0.9600,3,253
9883,1596280,corner,1,0.9600,3,254
9884,1596616,corner,1,0.9600,3,255
9885,1596819,corner,1,0.9600,3,256
9886,1596989,corner,1,0.9600,3,257
9887,1597182,corner,1,0.9700,3,258
9888,1597348,corner,1,0.9700,3,259
9889,1597490,corner,1,0.9700,3,260
9890,1597736,corner,1,0.9700,3,261
9891,1597882,corner,1,0.9700,3,262
9892,1598020,corner,1,0.9700,3,263
9893,1598157,corner,1,0.9700,3,264
9894,1598313,corner,1,0.9700,3,265
9895,1598472,corner,1,0.9700,3,266
9896,1598613,corner,1,0.9700,3,267
9897,1598778,corner,1,0.9700,3,268
9898,1599071,corner,0,0.9600,3,269
9899,1599186,corner,1,0.9600,3,270
9900,1599327,corner,1,0.9600,3,271
9901,1599481,corner,1,0.9600,3,272
9902,1599622,corner,1,0.9600,3,273
9903,1599778,corner,1,0.9600,3,274
9904,1599956,corner,1,0.9600,3,275
9905,1600112,corner,1,0.9600,3,276
9906,1600275,corner,1,0.9600,3,277
9907,1600448,corner,1,0.9600,3,278
9908,1600562,corner,1,0.9600,3,279
9909,1600736,corner,1,0.9600,3,280
9910,1600984,corner,1,0.9600,3,281
9911,1601148,corner,1,0.9600,3,282
9912,1601505,corner,1,0.9600,3,283
9913,1601677,corner,0,0.9500,3,284
9914,1601871,corner,1,0.9500,3,285
9915,1602058,corner,1,0.9500,3,286
9916,1602408,corner,1,0.9500,3,287
9917,1602522,corner,0,0.9400,3,288
9918,1602646,corner,0,0.9300,3,289
9919,1602792,corner,1,0.9300,3,290
9920,1602962,corner,1,0.9300,3,291
9921,1603075,corner,0,0.9200,3,292
9922,1603235,corner,1,0.9200,3,293
9923,1603411,corner,1,0.9200,3,294
9924,1603580,corner,1,0.9200,3,295
9925,1603738,corner,1,0.9200,3,296
9926,1603925,corner,1,0.9200,3,297
9927,1604091,corner,1,0.9300,3,298
9928,1604233,corner,0,0.9200,3,299
9929,1604365,corner,1,0.9200,3,300
9930,1604541,corner,1,0.9200,3,301
9931,1604703,corner,1,0.9200,3,302
9932,1604838,corner,1,0.9200,3,303
9933,1604981,corner,1,0.9200,3,304
9934,1605152,corner,1,0.9200,3,305
9935,1605291,corner,1,0.9200,3,306
9936,1605470,corner,1,0.9200,3,307
9937,1605606,corner,1,0.9200,3,308
9938,1605746,corner,1,0.9200,3,309
9939,1605911,corner,1,0.9200,3,310
9940,1606075,corner,1,0.9200,3,311
9941,1606416,corner,1,0.9200,3,312
9942,1606625,corner,1,0.9200,3,313
9943,1606809,corner,1,0.9200,3,314
9944,1607140,corner,1,0.9200,3,315
9945,1607302,corner,1,0.9200,3,316
9946,1607473,corner,1,0.9200,3,317
9947,1607647,corner,1,0.9200,3,318
9948,1607876,corner,1,0.9200,3,319
9949,1608056,corner,1,0.9200,3,320
9950,1608224,corner,1,0.9200,3,321
9951,1608380,corner,1,0.9200,3,322
9952,1608549,corner,1,0.9200,3,323
9953,1608785,corner,1,0.9200,3,324
9954,1608997,corner,1,0.9200,3,325
9955,1609172,corner,1,0.9200,3,326
9956,1609366,corner,1,0.9200,3,327
9957,1609542,corner,1,0.9200,3,328
9958,1609670,corner,1,0.9200,3,329
9959,1609997,corner,1,0.9200,3,330
9960,1610263,corner,1,0.9200,3,331
9961,1610412,corner,1,0.9200,3,332
9962,1610632,corner,1,0.9200,3,333
9963,1610783,corner,1,0.9200,3,334
9964,1610975,corner,1,0.9200,3,335
9965,1611153,corner,1,0.9200,3,336
9966,1611285,corner,1,0.9200,3,337
9967,1611448,corner,1,0.9300,3,338
9968,1611621,corner,0,0.9200,3,339
9969,1611770,corner,1,0.9200,3,340
9970,1611902,corner,1,0.9200,3,341
9971,1612081,corner,1,0.9200,3,342
9972,1612243,corner,1,0.9200,3,343
9973,1612405,corner,1,0.9200,3,344
9974,1612566,corner,1,0.9200,3,345
9975,1612757,corner,1,0.9200,3,346
9976,1612914,corner,1,0.9200,3,347
9977,1613058,corner,1,0.9200,3,348
9978,1613218,corner,1,0.9200,3,349
9979,1613366,corner,1,0.9200,3,350
9980,1613579,corner,1,0.9200,3,351
9981,1613802,corner,1,0.9300,3,352
9982,1613947,corner,1,0.9300,3,353
9983,1614123,corner,1,0.9300,3,354
9984,1614276,corner,1,0.9300,3,355
9985,1614437,corner,1,0.9300,3,356
9986,1614570,corner,1,0.9300,3,357
9987,1614750,corner,1,0.9300,3,358
9988,1614904,corner,1,0.9300,3,359
9989,1615061,corner,1,0.9300,3,360
9990,1615246,corner,1,0.9300,3,361
9991,1615633,corner,1,0.9300,3,362
9992,1615793,corner,1,0.9300,3,363
9993,1615965,corner,1,0.9300,3,364
9994,1616147,corner,1,0.9300,3,365
9995,1616298,corner,1,0.9300,3,366
9996,1616770,corner,1,0.9300,3,367
9997,1616929,corner,1,0.9300,3,368
9998,1617093,corner,1,0.9400,3,369
9999,1617243,corner,1,0.9400,3,370
10000,1617377,corner,1,0.9400,3,371
10001,1617543,corner,1,0.9400,3,372
10002,1617668,corner,1,0.9400,3,373
10003,1617812,corner,1,0.9400,3,374
10004,1618054,corner,1,0.9400,3,375
10005,1618201,corner,1,0.9400,3,376
10006,1618371,corner,1,0.9400,3,377
10007,1618523,corner,1,0.9400,3,378
10008,1618704,corner,1,0.9400,3,379
10009,1618855,corner,1,0.9400,3,380
10010,1619021,corner,1,0.9400,3,381
10011,1619174,corner,1,0.9400,3,382
10012,1619315,corner,1,0.9400,3,383
10013,1619477,corner,1,0.9500,3,384
10014,1619593,corner,1,0.9500,3,385
10015,1619768,corner,1,0.9500,3,386
10016,1619895,corner,1,0.9500,3,387
10017,1620007,corner,1,0.9600,3,388
10018,1620226,corner,1,0.9700,3,389
10019,1620555,corner,1,0.9700,3,390
10020,1620716,corner,1,0.9700,3,391
10021,1620895,corner,1,0.9800,3,392
10022,1621099,corner,1,0.9800,3,393
10023,1621246,corner,1,0.9800,3,394
10024,1621384,corner,1,0.9800,3,395
10025,1621539,corner,1,0.9800,3,396
10026,1621689,corner,1,0.9800,3,397
10027,1621848,corner,1,0.9800,3,398
10028,1621999,corner,1,0.9900,3,399
10029,1622169,corner,1,0.9900,3,400
10030,1622356,corner,1,0.9900,3,401
10031,1622495,corner,1,0.9900,3,402
10032,1622657,corner,1,0.9900,3,403
10033,1622803,corner,1,0.9900,3,404
10034,1622943,corner,1,0.9900,3,405
10035,1623132,corner,1,0.9900,3,406
10036,1623279,corner,1,0.9900,3,407
10037,1623427,corner,1,0.9900,3,408
10038,1623571,corner,1,0.9900,3,409
10039,1623900,corner,1,0.9900,3,410
10040,1624047,corner,1,0.9900,3,411
10041,1624241,corner,1,0.9900,3,412
10042,1624383,corner,1,0.9900,3,413
10043,1624543,corner,1,0.9900,3,414
10044,1624694,corner,1,0.9900,3,415
10045,1624856,corner,1,0.9900,3,416
10046,1625023,corner,1,0.9900,3,417
10047,1625187,corner,1,0.9900,3,418
10048,1625328,corner,1,0.9900,3,419
10049,1625490,corner,1,0.9900,3,420
10050,1625669,corner,1,0.9900,3,421
10051,1625798,corner,1,0.9900,3,422
10052,1625944,corner,1,0.9900,3,423
10053,1626119,corner,1,0.9900,3,424
10054,1626264,corner,1,0.9900,3,425
10055,1626490,corner,1,0.9900,3,426
10056,1626634,corner,1,0.9900,3,427
10057,1626788,corner,1,0.9900,3,428
10058,1626986,corner,1,0.9900,3,429
10059,1627159,corner,1,0.9900,3,430
10060,1627271,corner,1,0.9900,3,431
10061,1627418,corner,1,0.9900,3,432
10062,1627549,corner,1,0.9900,3,433
10063,1627705,corner,1,0.9900,3,434
10064,1627880,corner,1,0.9900,3,435
10065,1628018,corner,1,0.9900,3,436
10066,1628156,corner,1,0.9900,3,437
10067,1628308,corner,1,0.9900,3,438
10068,1628601,corner,1,1.0000,3,439
10069,1628839,corner,1,1.0000,3,440
10070,1628980,corner,1,1.0000,3,441
10071,1629200,corner,1,1.0000,3,442
10072,1629345,corner,1,1.0000,3,443
10073,1629475,corner,1,1.0000,3,444
10074,1629633,corner,1,1.0000,3,445
10075,1629799,corner,1,1.0000,3,446
10076,1629982,corner,1,1.0000,3,447
10077,1630159,corner,1,1.0000,3,448
10078,1630299,corner,1,1.0000,3,449
10079,1630465,corner,1,1.0000,3,450
10080,1630581,corner,0,0.9900,3,451
10081,1630716,corner,1,0.9900,3,452
10082,1630859,corner,1,0.9900,3,453
10083,1631019,corner,1,0.9900,3,454
10084,1631158,corner,1,0.9900,3,455
10085,1631370,corner,1,0.9900,3,456
10086,1631672,corner,1,0.9900,3,457
10087,1631805,corner,1,0.9900,3,458
10088,1631956,corner,1,0.9900,3,459
10089,1632208,corner,1,0.9900,3,460
10090,1632340,corner,1,0.9900,3,461
10091,1632519,corner,1,0.9900,3,462
10092,1632690,corner,1,0.9900,3,463
10093,1632855,corner,1,0.9900,3,464
10094,1633000,corner,1,0.9900,3,465
10095,1633353,corner,1,0.9900,3,466
10096,1633571,corner,1,0.9900,3,467
10097,1633724,corner,1,0.9900,3,468
10098,1633860,corner,1,0.9900,3,469
10099,1634008,corner,1,0.9900,3,470
10100,1634180,corner,1,0.9900,3,471
10101,1634360,corner,1,0.9900,3,472
10102,1634541,corner,1,0.9900,3,473
10103,1634689,corner,1,0.9900,3,474
10104,1634839,corner,1,0.9900,3,475
10105,1634939,corner,1,0.9900,3,476
10106,1635120,corner,1,0.9900,3,477
10107,1635272,corner,1,0.9900,3,478
10108,1635422,corner,1,0.9900,3,479
10109,1635573,corner,1,0.9900,3,480
10110,1635793,corner,1,0.9900,3,481
10111,1635975,corner,1,0.9900,3,482
10112,1636119,corner,1,0.9900,3,483
10113,1636252,corner,1,0.9900,3,484
10114,1636388,corner,1,0.9900,3,485
10115,1636655,corner,1,0.9900,3,486
10116,1636814,corner,1,0.9900,3,487
10117,1636970,corner,1,0.9900,3,488
10118,1637171,corner,1,0.9900,3,489
10119,1637320,corner,1,0.9900,3,490
10120,1637430,corner,1,0.9900,3,491
10121,1637559,corner,1,0.9900,3,492
10122,1637737,corner,1,0.9900,3,493
10123,1637910,corner,1,0.9900,3,494
10124,1638078,corner,1,0.9900,3,495
10125,1638219,corner,1,0.9900,3,496
10126,1638363,corner,1,0.9900,3,497
10127,1638485,corner,1,0.9900,3,498
10128,1638634,corner,1,0.9900,3,499
10129,1638789,corner,1,0.9900,3,500
10130,1638976,corner,1,0.9900,3,501
10131,1639130,corner,1,0.9900,3,502
10132,1639296,corner,1,0.9900,3,503
10133,1639501,corner,1,0.9900,3,504
10134,1639655,corner,1,0.9900,3,505
10135,1639842,corner,1,0.9900,3,506
10136,1640030,corner,1,0.9900,3,507
10137,1640167,corner,1,0.9900,3,508
10138,1640323,corner,1,0.9900,3,509
10139,1640462,corner,1,0.9900,3,510
10140,1640815,corner,1,0.9900,3,511
10141,1640967,corner,1,0.9900,3,512
10142,1641110,corner,1,0.9900,3,513
10143,1641278,corner,1,0.9900,3,514
10144,1641495,corner,1,0.9900,3,515
10145,1641649,corner,1,0.9900,3,516
10146,1641768,corner,1,0.9900,3,517
10147,1641918,corner,1,0.9900,3,518
10148,1642094,corner,1,0.9900,3,519
10149,1642262,corner,1,0.9900,3,520
10150,1642430,corner,1,0.9900,3,521
10151,1642577,corner,1,0.9900,3,522
10152,1642737,corner,1,0.9900,3,523
10153,1642862,corner,1,0.9900,3,524
10154,1643051,corner,1,0.9900,3,525
10155,1643279,corner,1,0.9900,3,526
10156,1643455,corner,1,0.9900,3,527
10157,1643608,corner,1,0.9900,3,528
10158,1643722,corner,1,0.9900,3,529
10159,1643886,corner,1,0.9900,3,530
10160,1644028,corner,1,0.9900,3,531
10161,1644162,corner,1,0.9900,3,532
10162,1644292,corner,1,0.9900,3,533
10163,1644446,corner,1,0.9900,3,534
10164,1644604,corner,1,0.9900,3,535
10165,1644775,corner,1,0.9900,3,536
10166,1644921,corner,1,0.9900,3,537
10167,1645058,corner,1,0.9900,3,538
10168,1645196,corner,1,0.9900,3,539
10169,1645339,corner,1,0.9900,3,540
10170,1645484,corner,1,0.9900,3,541
10171,1645643,corner,1,0.9900,3,542
10172,1645801,corner,1,0.9900,3,543
10173,1645939,corner,1,0.9900,3,544
10174,1646076,corner,1,0.9900,3,545
10175,1646216,corner,1,0.9900,3,546
10176,1646371,corner,1,0.9900,3,547
10177,1646513,corner,1,0.9900,3,548
10178,1646652,corner,1,0.9900,3,549
10179,1646801,corner,1,0.9900,3,550
10180,1646910,corner,1,1.0000,3,551
10181,1647032,corner,1,1.0000,3,552
10182,1647434,corner,1,1.0000,3,553
10183,1647585,corner,1,1.0000,3,554
10184,1647737,corner,1,1.0000,3,555
10185,1647874,corner,1,1.0000,3,556
10186,1648030,corner,1,1.0000,3,557
10187,1648167,corner,1,1.0000,3,558
10188,1648325,corner,1,1.0000,3,559
10189,1648465,corner,1,1.0000,3,560
10190,1648588,corner,1,1.0000,3,561
10191,1648764,corner,1,1.0000,3,562
10192,1648906,corner,1,1.0000,3,563
10193,1649066,corner,1,1.0000,3,564
10194,1649213,corner,1,1.0000,3,565
10195,1649347,corner,1,1.0000,3,566
10196,1649513,corner,1,1.0000,3,567
10197,1649695,corner,1,1.0000,3,568
10198,1649866,corner,1,1.0000,3,569
10199,1650064,corner,1,1.0000,3,570
10200,1650199,corner,1,1.0000,3,571
10201,1650359,corner,1,1.0000,3,572
10202,1650503,corner,1,1.0000,3,573
10203,1650676,corner,1,1.0000,3,574
10204,1650827,corner,1,1.0000,3,575
10205,1650974,corner,1,1.0000,3,576
10206,1651116,corner,1,1.0000,3,577
10207,1651267,corner,1,1.0000,3,578
10208,1651428,corner,1,1.0000,3,579
10209,1651566,corner,1,1.0000,3,580
10210,1651705,corner,1,1.0000,3,581
10211,1651863,corner,1,1.0000,3,582
10212,1652022,corner,1,1.0000,3,583
10213,1652159,corner,1,1.0000,3,584
10214,1652285,corner,1,1.0000,3,585
10215,1652631,corner,1,1.0000,3,586
10216,1652782,corner,1,1.0000,3,587
10217,1652897,corner,1,1.0000,3,588
10218,1653037,corner,1,1.0000,3,589
10219,1653177,corner,1,1.0000,3,590
10220,1653284,corner,1,1.0000,3,591
10221,1653446,corner,1,1.0000,3,592
10222,1653573,corner,1,1.0000,3,593
10223,1653721,corner,1,1.0000,3,594
10224,1653859,corner,1,1.0000,3,595
10225,1654006,corner,1,1.0000,3,596
10226,1655358,corner,1,1.0000,3,597
10227,1655460,corner,1,1.0000,3,598
10228,1655660,corner,1,1.0000,3,599
10229,1655805,corner,1,1.0000,3,600
10230,1655943,corner,1,1.0000,3,601
10231,1656100,corner,1,1.0000,3,602
10232,1656239,corner,1,1.0000,3,603
10233,1656388,corner,1,1.0000,3,604
10234,1656511,corner,1,1.0000,3,605
10235,1656771,corner,1,1.0000,3,606
10236,1656902,corner,1,1.0000,3,607
10237,1657041,corner,1,1.0000,3,608
10238,1657183,corner,1,1.0000,3,609
10239,1657364,corner,1,1.0000,3,610
10240,1657515,corner,1,1.0000,3,611
10241,1657648,corner,1,1.0000,3,612
10242,1657796,corner,1,1.0000,3,613
10243,1657907,corner,1,1.0000,3,614
10244,1658049,corner,1,1.0000,3,615
10245,1658183,corner,1,1.0000,3,616
10246,1658323,corner,1,1.0000,3,617
10247,1658459,corner,1,1.0000,3,618
10248,1658567,corner,1,1.0000,3,619
10249,1658731,corner,1,1.0000,3,620
10250,1658876,corner,1,1.0000,3,621
10251,1659011,corner,1,1.0000,3,622
10252,1659137,corner,1,1.0000,3,623
10253,1659281,corner,1,1.0000,3,624
10254,1659418,corner,1,1.0000,3,625
10255,1659609,corner,1,1.0000,3,626
10256,1659749,corner,1,1.0000,3,627
10257,1659902,corner,1,1.0000,3,628
10258,1660054,corner,1,1.0000,3,629
10259,1660201,corner,1,1.0000,3,630
10260,1660333,corner,1,1.0000,3,631
10261,1660467,corner,1,1.0000,3,632
10262,1660598,corner,1,1.0000,3,633
10263,1660705,corner,1,1.0000,3,634
10264,1661026,corner,1,1.0000,3,635
10265,1661155,corner,1,1.0000,3,636
10266,1661287,corner,1,1.0000,3,637
10267,1661482,corner,1,1.0000,3,638
10268,1661616,corner,1,1.0000,3,639
10269,1661765,corner,1,1.0000,3,640
10270,1661922,corner,1,1.0000,3,641
10271,1662086,corner,1,1.0000,3,642
10272,1662218,corner,1,1.0000,3,643
10273,1662360,corner,1,1.0000,3,644
10274,1662525,corner,1,1.0000,3,645
10275,1662699,corner,1,1.0000,3,646
10276,1662811,corner,1,1.0000,3,647
10277,1662939,corner,1,1.0000,3,648
10278,1663081,corner,1,1.0000,3,649
10279,1663226,corner,1,1.0000,3,650
10280,1663347,corner,1,1.0000,3,651
10281,1663502,corner,1,1.0000,3,652
10282,1663631,corner,1,1.0000,3,653
10283,1663853,corner,1,1.0000,3,654
10284,1663989,corner,1,1.0000,3,655
10285,1664133,corner,1,1.0000,3,656
10286,1664305,corner,1,1.0000,3,657
10287,1664456,corner,1,1.0000,3,658
10288,1664620,corner,1,1.0000,3,659
10289,1664750,corner,1,1.0000,3,660
10290,1664878,corner,1,1.0000,3,661
10291,1665036,corner,1,1.0000,3,662
10292,1665214,corner,1,1.0000,3,663
10293,1665345,corner,1,1.0000,3,664
10294,1665477,corner,1,1.0000,3,665
10295,1665606,corner,1,1.0000,3,666
10296,1665756,corner,1,1.0000,3,667
10297,1665912,corner,1,1.0000,3,668
10298,1666051,corner,1,1.0000,3,669
10299,1666193,corner,1,1.0000,3,670
10300,1666351,corner,1,1.0000,3,671
10301,1666486,corner,1,1.0000,3,672
10302,1666639,corner,1,1.0000,3,673
10303,1666780,corner,1,1.0000,3,674
10304,1666992,corner,1,1.0000,3,675
10305,1667132,corner,1,1.0000,3,676
10306,1667278,corner,1,1.0000,3,677
10307,1667410,corner,1,1.0000,3,678
10308,1667557,corner,1,1.0000,3,679
10309,1667741,corner,1,1.0000,3,680
10310,1667895,corner,1,1.0000,3,681
10311,1668036,corner,1,1.0000,3,682
10312,1668175,corner,1,1.0000,3,683
10313,1668315,corner,1,1.0000,3,684
10314,1668477,corner,1,1.0000,3,685
10315,1668599,corner,1,1.0000,3,686
10316,1668736,corner,1,1.0000,3,687
10317,1668890,corner,1,1.0000,3,688
10318,1669035,corner,1,1.0000,3,689
10319,1669165,corner,1,1.0000,3,690
10320,1669324,corner,1,1.0000,3,691
10321,1669467,corner,1,1.0000,3,692
10322,1669599,corner,1,1.0000,3,693
10323,1669738,corner,1,1.0000,3,694
10324,1669899,corner,1,1.0000,3,695
10325,1670037,corner,1,1.0000,3,696
10326,1670144,corner,1,1.0000,3,697
10327,1670277,corner,1,1.0000,3,698
10328,1670429,corner,1,1.0000,3,699
10329,1670580,corner,1,1.0000,3,700
10330,1670714,corner,1,1.0000,3,701
10331,1670865,corner,1,1.0000,3,702
10332,1670999,corner,1,1.0000,3,703
10333,1671141,corner,1,1.0000,3,704
10334,1671305,corner,1,1.0000,3,705
10335,1671438,corner,1,1.0000,3,706
10336,1671551,corner,1,1.0000,3,707
10337,1671691,corner,1,1.0000,3,708
10338,1671819,corner,1,1.0000,3,709
10339,1671971,corner,1,1.0000,3,710
10340,1672089,corner,1,1.0000,3,711
10341,1672217,corner,1,1.0000,3,712
10342,1672339,corner,1,1.0000,3,713
10343,1672472,corner,1,1.0000,3,714
10344,1672613,corner,1,1.0000,3,715
10345,1672725,corner,1,1.0000,3,716
10346,1672858,corner,1,1.0000,3,717
10347,1672964,corner,0,0.9900,3,718
10348,1673078,corner,1,0.9900,3,719
10349,1673202,corner,1,0.9900,3,720
10350,1673383,corner,1,0.9900,3,721
10351,1673495,corner,1,0.9900,3,722
10352,1673609,corner,1,0.9900,3,723
10353,1673823,corner,1,0.9900,3,724
10354,1673960,corner,1,0.9900,3,725
10355,1674118,corner,1,0.9900,3,726
10356,1674256,corner,1,0.9900,3,727
10357,1674392,corner,1,0.9900,3,728
10358,1674551,corner,1,0.9900,3,729
10359,1674683,corner,1,0.9900,3,730
10360,1674858,corner,1,0.9900,3,731
10361,1675005,corner,1,0.9900,3,732
10362,1675172,corner,1,0.9900,3,733
10363,1675320,corner,1,0.9900,3,734
10364,1675463,corner,1,0.9900,3,735
10365,1675603,corner,1,0.9900,3,736
10366,1675746,corner,1,0.9900,3,737
10367,1675878,corner,1,0.9900,3,738
10368,1676009,corner,1,0.9900,3,739
10369,1676172,corner,1,0.9900,3,740
10370,1676301,corner,1,0.9900,3,741
10371,1676426,corner,1,0.9900,3,742
10372,1676554,corner,1,0.9900,3,743
10373,1676707,corner,1,0.9900,3,744
10374,1676837,corner,1,0.9900,3,745
10375,1676993,corner,1,0.9900,3,746
10376,1677125,corner,1,0.9900,3,747
10377,1677255,corner,1,0.9900,3,748
10378,1677385,corner,1,0.9900,3,749
10379,1677505,corner,1,0.9900,3,750
10380,1677642,corner,1,0.9900,3,751
10381,1677814,corner,1,0.9900,3,752
10382,1677931,corner,1,0.9900,3,753
10383,1678057,corner,1,0.9900,3,754
10384,1678211,corner,1,0.9900,3,755
10385,1678347,corner,1,0.9900,3,756
10386,1678483,corner,1,0.9900,3,757
10387,1678621,corner,1,0.9900,3,758
10388,1678845,corner,1,0.9900,3,759
10389,1679007,corner,1,0.9900,3,760
10390,1679190,corner,1,0.9900,3,761
10391,1679319,corner,1,0.9900,3,762
10392,1679467,corner,1,0.9900,3,763
10393,1679594,corner,1,0.9900,3,764
10394,1679727,corner,1,0.9900,3,765
10395,1679853,corner,1,0.9900,3,766
10396,1679998,corner,1,0.9900,3,767
10397,1680156,corner,1,0.9900,3,768
10398,1680287,corner,1,0.9900,3,769
10399,1680423,corner,1,0.9900,3,770
10400,1680591,corner,1,0.9900,3,771
10401,1680744,corner,1,0.9900,3,772
10402,1681012,corner,1,0.9900,3,773
10403,1681157,corner,1,0.9900,3,774
10404,1681264,corner,1,0.9900,3,775
10405,1681400,corner,1,0.9900,3,776
10406,1681606,corner,1,0.9900,3,777
10407,1681758,corner,1,0.9900,3,778
10408,1681890,corner,1,0.9900,3,779
10409,1682039,corner,1,0.9900,3,780
10410,1682188,corner,1,0.9900,3,781
10411,1682323,corner,1,0.9900,3,782
10412,1682462,corner,1,0.9900,3,783
10413,1682597,corner,1,0.9900,3,784
10414,1682726,corner,1,0.9900,3,785
10415,1682859,corner,1,0.9900,3,786
10416,1683027,corner,1,0.9900,3,787
10417,1683163,corner,1,0.9900,3,788
10418,1683318,corner,1,0.9900,3,789
10419,1683447,corner,1,0.9900,3,790
10420,1683579,corner,1,0.9900,3,791
10421,1683727,corner,1,0.9900,3,792
10422,1683850,corner,1,0.9900,3,793
10423,1683990,corner,1,0.9900,3,794
10424,1684107,corner,1,0.9900,3,795
10425,1684245,corner,1,0.9900,3,796
10426,1684378,corner,1,0.9900,3,797
10427,1684565,corner,1,0.9900,3,798
10428,1684704,corner,1,0.9900,3,799
10429,1684835,corner,1,0.9900,3,800
10430,1684977,corner,1,0.9900,3,801
10431,1685112,corner,1,0.9900,3,802
10432,1685244,corner,1,0.9900,3,803
10433,1685366,corner,1,0.9900,3,804
10434,1685536,corner,0,0.9800,3,805
10435,1685653,corner,1,0.9800,3,806
10436,1685801,corner,1,0.9800,3,807
10437,1685962,corner,1,0.9800,3,808
10438,1686111,corner,1,0.9800,3,809
10439,1686249,corner,1,0.9800,3,810
10440,1686550,corner,1,0.9800,3,811
10441,1686687,corner,1,0.9800,3,812
10442,1686829,corner,1,0.9800,3,813
10443,1686991,corner,1,0.9800,3,814
10444,1687121,corner,1,0.9800,3,815
10445,1687286,corner,1,0.9800,3,816
10446,1687425,corner,1,0.9800,3,817
10447,1687531,corner,0,0.9800,3,818
10448,1687679,corner,1,0.9800,3,819
10449,1687828,corner,1,0.9800,3,820
10450,1687985,corner,1,0.9800,3,821
10451,1688119,corner,1,0.9800,3,822
10452,1688234,corner,1,0.9800,3,823
10453,1688398,corner,1,0.9800,3,824
10454,1688556,corner,1,0.9800,3,825
10455,1688704,corner,1,0.9800,3,826
10456,1688892,corner,1,0.9800,3,827
10457,1689034,corner,1,0.9800,3,828
10458,1689162,corner,1,0.9800,3,829
10459,1689297,corner,1,0.9800,3,830
10460,1689439,corner,1,0.9800,3,831
10461,1689561,corner,1,0.9800,3,832
10462,1689703,corner,1,0.9800,3,833
10463,1689839,corner,1,0.9800,3,834
10464,1689978,corner,1,0.9800,3,835
10465,1690134,corner,1,0.9800,3,836
10466,1690265,corner,1,0.9800,3,837
10467,1690379,corner,1,0.9800,3,838
10468,1690542,corner,1,0.9800,3,839
10469,1690657,corner,1,0.9800,3,840
10470,1690805,corner,1,0.9800,3,841
10471,1690945,corner,1,0.9800,3,842
10472,1691099,corner,1,0.9800,3,843
10473,1691224,corner,1,0.9800,3,844
10474,1691370,corner,1,0.9800,3,845
10475,1691507,corner,1,0.9800,3,846
10476,1691640,corner,1,0.9800,3,847
10477,1691772,corner,1,0.9800,3,848
10478,1691887,corner,1,0.9800,3,849
10479,1692058,corner,1,0.9800,3,850
10480,1692214,corner,1,0.9800,3,851
10481,1692356,corner,1,0.9800,3,852
10482,1692515,corner,1,0.9800,3,853
10483,1692658,corner,1,0.9800,3,854
10484,1692815,corner,1,0.9800,3,855
10485,1692963,corner,1,0.9800,3,856
10486,1693119,corner,1,0.9800,3,857
10487,1693251,corner,1,0.9800,3,858
10488,1693352,corner,0,0.9700,3,859
10489,1693500,corner,1,0.9700,3,860
10490,1693649,corner,1,0.9700,3,861
10491,1693806,corner,1,0.9700,3,862
10492,1693947,corner,1,0.9700,3,863
10493,1694081,corner,1,0.9700,3,864
10494,1694216,corner,1,0.9700,3,865
10495,1694342,corner,1,0.9700,3,866
10496,1694469,corner,1,0.9700,3,867
10497,1694635,corner,1,0.9700,3,868
10498,1694785,corner,1,0.9700,3,869
10499,1694910,corner,1,0.9700,3,870
10500,1695021,corner,1,0.9700,3,871
10501,1695164,corner,1,0.9700,3,872
10502,1695302,corner,1,0.9700,3,873
10503,1695416,corner,1,0.9700,3,874
10504,1695552,corner,1,0.9700,3,875
10505,1695700,corner,1,0.9700,3,876
10506,1695830,corner,1,0.9700,3,877
10507,1696006,corner,1,0.9700,3,878
10508,1696147,corner,1,0.9700,3,879
10509,1696279,corner,1,0.9700,3,880
10510,1696421,corner,1,0.9700,3,881
10511,1696547,corner,1,0.9700,3,882
10512,1696672,corner,1,0.9700,3,883
10513,1696810,corner,1,0.9700,3,884
10514,1696953,corner,1,0.9700,3,885
10515,1697114,corner,1,0.9700,3,886
10516,1697244,corner,1,0.9700,3,887
10517,1697352,corner,1,0.9700,3,888
10518,1697499,corner,1,0.9700,3,889
10519,1697613,corner,1,0.9700,3,890
10520,1697738,corner,1,0.9700,3,891
10521,1697882,corner,1,0.9700,3,892
10522,1698008,corner,1,0.9700,3,893
10523,1698154,corner,1,0.9700,3,894
10524,1698310,corner,1,0.9700,3,895
10525,1698427,corner,1,0.9700,3,896
10526,1698547,corner,1,0.9700,3,897
10527,1698685,corner,1,0.9700,3,898
10528,1698844,corner,1,0.9700,3,899
10529,1698980,corner,1,0.9700,3,900
10530,1699110,corner,1,0.9700,3,901
10531,1699281,corner,1,0.9700,3,902
10532,1699448,corner,1,0.9700,3,903
10533,1699561,corner,1,0.9700,3,904
10534,1699719,corner,1,0.9800,3,905
10535,1699849,corner,1,0.9800,3,906
10536,1700000,corner,1,0.9800,3,907
10537,1700156,corner,1,0.9800,3,908
10538,1700289,corner,1,0.9800,3,909
10539,1700430,corner,1,0.9800,3,910
10540,1700563,corner,1,0.9800,3,911
10541,1700699,corner,1,0.9800,3,912
10542,1700842,corner,1,0.9800,3,913
10543,1700995,corner,1,0.9800,3,914
10544,1701135,corner,1,0.9800,3,915
10545,1701273,corner,1,0.9800,3,916
10546,1701405,corner,1,0.9800,3,917
10547,1701543,corner,1,0.9900,3,918
10548,1701678,corner,1,0.9900,3,919
10549,1701815,corner,1,0.9900,3,920
10550,1701949,corner,1,0.9900,3,921
10551,1702088,corner,1,0.9900,3,922
10552,1702201,corner,0,0.9800,3,923
10553,1702345,corner,1,0.9800,3,924
10554,1702484,corner,1,0.9800,3,925
10555,1702618,corner,1,0.9800,3,926
10556,1702820,corner,1,0.9800,3,927
10557,1702945,corner,1,0.9800,3,928
10558,1703103,corner,1,0.9800,3,929
10559,1703233,corner,1,0.9800,3,930
10560,1703388,corner,1,0.9800,3,931
10561,1703518,corner,1,0.9800,3,932
10562,1703657,corner,1,0.9800,3,933
10563,1703790,corner,1,0.9800,3,934
10564,1703934,corner,1,0.9800,3,935
10565,1704063,corner,1,0.9800,3,936
10566,1704201,corner,1,0.9800,3,937
10567,1704319,corner,1,0.9800,3,938
10568,1704455,corner,1,0.9800,3,939
10569,1704604,corner,1,0.9800,3,940
10570,1704722,corner,1,0.9800,3,941
10571,1704848,corner,1,0.9800,3,942
10572,1705017,corner,1,0.9800,3,943
10573,1705166,corner,1,0.9800,3,944
10574,1705278,corner,1,0.9800,3,945
10575,1705416,corner,1,0.9800,3,946
10576,1705546,corner,1,0.9800,3,947
10577,1705680,corner,1,0.9800,3,948
10578,1705814,corner,1,0.9800,3,949
10579,1705949,corner,1,0.9800,3,950
10580,1706094,corner,1,0.9800,3,951
10581,1706257,corner,1,0.9800,3,952
10582,1706400,corner,1,0.9800,3,953
10583,1706600,corner,1,0.9800,3,954
10584,1706737,corner,1,0.9800,3,955
10585,1706874,corner,1,0.9800,3,956
10586,1707000,corner,1,0.9800,3,957
10587,1707136,corner,1,0.9800,3,958
10588,1707278,corner,1,0.9900,3,959
10589,1707383,corner,1,0.9900,3,960
10590,1707511,corner,1,0.9900,3,961
10591,1707642,corner,1,0.9900,3,962
10592,1707770,corner,1,0.9900,3,963
10593,1707934,corner,1,0.9900,3,964
10594,1708072,corner,1,0.9900,3,965
10595,1708202,corner,1,0.9900,3,966
10596,1708341,corner,1,0.9900,3,967
10597,1708450,corner,1,0.9900,3,968
10598,1708601,corner,1,0.9900,3,969
10599,1708750,corner,1,0.9900,3,970
10600,1708889,corner,1,0.9900,3,971
10601,1709023,corner,1,0.9900,3,972
10602,1709167,corner,1,0.9900,3,973
10603,1709303,corner,1,0.9900,3,974
10604,1709452,corner,1,0.9900,3,975
10605,1709580,corner,1,0.9900,3,976
10606,1709729,corner,1,0.9900,3,977
10607,1709903,corner,1,0.9900,3,978
10608,1710053,corner,1,0.9900,3,979
10609,1710158,corner,1,0.9900,3,980
10610,1710295,corner,1,0.9900,3,981
10611,1710431,corner,1,0.9900,3,982
10612,1710564,corner,1,0.9900,3,983
10613,1710706,corner,1,0.9900,3,984
10614,1710839,corner,1,0.9900,3,985
10615,1711011,corner,1,0.9900,3,986
10616,1711133,corner,1,0.9900,3,987
10617,1711252,corner,1,0.9900,3,988
10618,1711392,corner,1,0.9900,3,989
10619,1711532,corner,1,0.9900,3,990
10620,1711665,corner,1,0.9900,3,991
10621,1711793,corner,1,0.9900,3,992
10622,1711943,corner,1,0.9900,3,993
10623,1712058,corner,1,0.9900,3,994
10624,1712192,corner,1,0.9900,3,995
10625,1712334,corner,1,0.9900,3,996
10626,1712465,corner,1,0.9900,3,997
10627,1712598,corner,1,0.9900,3,998
10628,1712724,corner,1,0.9900,3,999
10629,1712850,corner,1,0.9900,3,1000
10630,1712981,corner,1,0.9900,3,1001
10631,1713121,corner,1,0.9900,3,1002
10632,1713258,corner,1,0.9900,3,1003
10633,1713374,corner,1,0.9900,3,1004
10634,1713507,corner,1,0.9900,3,1005
10635,1713652,corner,1,0.9900,3,1006
10636,1713785,corner,1,0.9900,3,1007
10637,1713941,corner,1,0.9900,3,1008
10638,1714075,corner,1,0.9900,3,1009
10639,1714221,corner,1,0.9900,3,1010
10640,1714353,corner,1,0.9900,3,1011
10641,1714506,corner,1,0.9900,3,1012
10642,1714649,corner,1,0.9900,3,1013
10643,1714757,corner,1,0.9900,3,1014
10644,1714887,corner,1,0.9900,3,1015
10645,1715016,corner,1,0.9900,3,1016
10646,1715150,corner,1,0.9900,3,1017
10647,1715283,corner,1,0.9900,3,1018
10648,1715413,corner,1,0.9900,3,1019
10649,1715525,corner,1,0.9900,3,1020
10650,1715661,corner,1,0.9900,3,1021
10651,1715777,corner,1,0.9900,3,1022
10652,1715914,corner,1,1.0000,3,1023
10653,1716023,corner,1,1.0000,3,1024
10654,1716149,corner,1,1.0000,3,1025
10655,1716282,corner,1,1.0000,3,1026
10656,1716420,corner,1,1.0000,3,1027
10657,1716560,corner,1,1.0000,3,1028
10658,1716700,corner,1,1.0000,3,1029
10659,1716875,corner,1,1.0000,3,1030
10660,1717006,corner,1,1.0000,3,1031
10661,1717144,corner,1,1.0000,3,1032
10662,1717251,corner,1,1.0000,3,1033
10663,1717385,corner,1,1.0000,3,1034
10664,1717518,corner,1,1.0000,3,1035
10665,1717696,corner,1,1.0000,3,1036
10666,1717831,corner,1,1.0000,3,1037
10667,1717970,corner,1,1.0000,3,1038
10668,1718117,corner,1,1.0000,3,1039
10669,1718254,corner,1,1.0000,3,1040
10670,1718401,corner,1,1.0000,3,1041
10671,1718533,corner,1,1.0000,3,1042
10672,1718677,corner,1,1.0000,3,1043
10673,1718836,corner,1,1.0000,3,1044
10674,1718990,corner,1,1.0000,3,1045
10675,1719112,corner,1,1.0000,3,1046
10676,1719264,corner,1,1.0000,3,1047
10677,1719401,corner,1,1.0000,3,1048
10678,1719536,corner,1,1.0000,3,1049
10679,1719673,corner,1,1.0000,3,1050
10680,1719806,corner,1,1.0000,3,1051
10681,1719915,corner,1,1.0000,3,1052
10682,1720078,corner,1,1.0000,3,1053
10683,1720209,corner,1,1.0000,3,1054
10684,1720346,corner,1,1.0000,3,1055
10685,1720480,corner,1,1.0000,3,1056
10686,1720613,corner,1,1.0000,3,1057
10687,1720759,corner,1,1.0000,3,1058
10688,1720886,corner,1,1.0000,3,1059
10689,1721018,corner,1,1.0000,3,1060
10690,1721128,corner,1,1.0000,3,1061
10691,1721266,corner,1,1.0000,3,1062
10692,1721385,corner,1,1.0000,3,1063
10693,1721536,corner,1,1.0000,3,1064
10694,1721666,corner,1,1.0000,3,1065
10695,1721800,corner,1,1.0000,3,1066
10696,1721940,corner,1,1.0000,3,1067
10697,1722075,corner,1,1.0000,3,1068
10698,1722201,corner,1,1.0000,3,1069
10699,1722336,corner,1,1.0000,3,1070
10700,1722443,corner,1,1.0000,3,1071
10701,1722553,corner,1,1.0000,3,1072
10702,1722695,corner,1,1.0000,3,1073
10703,1722826,corner,1,1.0000,3,1074
10704,1722960,corner,1,1.0000,3,1075
10705,1723093,corner,1,1.0000,3,1076
10706,1723234,corner,1,1.0000,3,1077
10707,1723374,corner,1,1.0000,3,1078
10708,1723485,corner,1,1.0000,3,1079
10709,1723614,corner,1,1.0000,3,1080
10710,1723747,corner,1,1.0000,3,1081
10711,1723859,corner,1,1.0000,3,1082
10712,1723969,corner,1,1.0000,3,1083
10713,1724104,corner,1,1.0000,3,1084
10714,1724252,corner,1,1.0000,3,1085
10715,1724381,corner,1,1.0000,3,1086
10716,1724548,corner,1,1.0000,3,1087
10717,1724677,corner,1,1.0000,3,1088
10718,1724817,corner,1,1.0000,3,1089
10719,1724950,corner,1,1.0000,3,1090
10720,1725097,corner,1,1.0000,3,1091
10721,1725235,corner,1,1.0000,3,1092
10722,1725377,corner,1,1.0000,3,1093
10723,1725506,corner,1,1.0000,3,1094
10724,1725654,corner,1,1.0000,3,1095
10725,1725787,corner,1,1.0000,3,1096
10726,1725920,corner,1,1.0000,3,1097
10727,1726074,corner,1,1.0000,3,1098
10728,1726207,corner,1,1.0000,3,1099
10729,1726347,corner,1,1.0000,3,1100
10730,1726475,corner,1,1.0000,3,1101
10731,1726617,corner,1,1.0000,3,1102
10732,1726755,corner,1,1.0000,3,1103
10733,1726894,corner,1,1.0000,3,1104
10734,1727014,corner,1,1.0000,3,1105
10735,1727140,corner,1,1.0000,3,1106
10736,1727270,corner,1,1.0000,3,1107
10737,1727422,corner,1,1.0000,3,1108
10738,1727553,corner,1,1.0000,3,1109
10739,1727692,corner,1,1.0000,3,1110
10740,1727821,corner,1,1.0000,3,1111
10741,1727986,corner,1,1.0000,3,1112
10742,1728109,corner,1,1.0000,3,1113
10743,1728242,corner,1,1.0000,3,1114
10744,1728381,corner,1,1.0000,3,1115
10745,1728515,corner,1,1.0000,3,1116
10746,1728676,corner,1,1.0000,3,1117
10747,1728821,corner,1,1.0000,3,1118
10748,1728942,corner,1,1.0000,3,1119
10749,1729087,corner,1,1.0000,3,1120
10750,1729229,corner,1,1.0000,3,1121
10751,1729362,corner,1,1.0000,3,1122
10752,1729470,corner,1,1.0000,3,1123
10753,1729608,corner,1,1.0000,3,1124
10754,1729748,corner,1,1.0000,3,1125
10755,1729878,corner,1,1.0000,3,1126
10756,1730022,corner,1,1.0000,3,1127
10757,1730155,corner,1,1.0000,3,1128
10758,1730304,corner,1,1.0000,3,1129
10759,1730445,corner,1,1.0000,3,1130
10760,1730576,corner,1,1.0000,3,1131
10761,1730711,corner,1,1.0000,3,1132
10762,1730870,corner,1,1.0000,3,1133
10763,1731031,corner,1,1.0000,3,1134
10764,1731176,corner,1,1.0000,3,1135
10765,1731330,corner,1,1.0000,3,1136
10766,1731457,corner,1,1.0000,3,1137
10767,1731566,corner,0,0.9900,3,1138
10768,1731859,corner,1,0.9900,3,1139
10769,1732004,corner,1,0.9900,3,1140
10770,1732157,corner,1,0.9900,3,1141
10771,1732289,corner,1,0.9900,3,1142
10772,1732417,corner,1,0.9900,3,1143
10773,1732548,corner,1,0.9900,3,1144
10774,1732687,corner,1,0.9900,3,1145
10775,1732827,corner,1,0.9900,3,1146
10776,1732974,corner,1,0.9900,3,1147
10777,1733118,corner,1,0.9900,3,1148
10778,1733259,corner,1,0.9900,3,1149
10779,1733392,corner,1,0.9900,3,1150
10780,1733538,corner,1,0.9900,3,1151
10781,1733694,corner,1,0.9900,3,1152
10782,1733829,corner,1,0.9900,3,1153
10783,1733991,corner,1,0.9900,3,1154
10784,1734098,corner,1,0.9900,3,1155
10785,1734210,corner,1,0.9900,3,1156
10786,1734344,corner,1,0.9900,3,1157
10787,1734477,corner,1,0.9900,3,1158
10788,1734588,corner,1,0.9900,3,1159
10789,1734729,corner,1,0.9900,3,1160
10790,1734886,corner,1,0.9900,3,1161
10791,1735035,corner,1,0.9900,3,1162
10792,1735187,corner,1,0.9900,3,1163
10793,1735352,corner,1,0.9900,3,1164
10794,1735500,corner,1,0.9900,3,1165
10795,1735637,corner,1,0.9900,3,1166
10796,1735775,corner,1,0.9900,3,1167
10797,1735904,corner,1,0.9900,3,1168
10798,1736029,corner,1,0.9900,3,1169
10799,1736168,corner,1,0.9900,3,1170
10800,1736284,corner,1,0.9900,3,1171
10801,1736418,corner,1,0.9900,3,1172
10802,1736597,corner,1,0.9900,3,1173
10803,1736753,corner,1,0.9900,3,1174
10804,1736878,corner,1,0.9900,3,1175
10805,1737009,corner,1,0.9900,3,1176
10806,1737150,corner,1,0.9900,3,1177
10807,1737275,corner,1,0.9900,3,1178
10808,1737418,corner,1,0.9900,3,1179
10809,1737525,corner,1,0.9900,3,1180
10810,1737647,corner,0,0.9800,3,1181
10811,1737793,corner,1,0.9800,3,1182
10812,1737898,corner,1,0.9800,3,1183
10813,1738073,corner,1,0.9800,3,1184
10814,1738204,corner,1,0.9800,3,1185
10815,1738345,corner,1,0.9800,3,1186
10816,1738477,corner,1,0.9800,3,1187
10817,1738625,corner,1,0.9800,3,1188
10818,1738759,corner,1,0.9800,3,1189
10819,1738896,corner,1,0.9800,3,1190
10820,1739033,corner,1,0.9800,3,1191
10821,1739183,corner,1,0.9800,3,1192
10822,1739352,corner,1,0.9800,3,1193
10823,1739486,corner,1,0.9800,3,1194
10824,1739620,corner,1,0.9800,3,1195
10825,1739752,corner,1,0.9800,3,1196
10826,1739883,corner,1,0.9800,3,1197
10827,1740018,corner,1,0.9800,3,1198
10828,1740153,corner,1,0.9800,3,1199
10829,1740291,corner,1,0.9800,3,1200
10830,1740427,corner,1,0.9800,3,1201
10831,1740604,corner,1,0.9800,3,1202
10832,1740747,corner,1,0.9800,3,1203
10833,1740893,corner,1,0.9800,3,1204
10834,1741026,corner,1,0.9800,3,1205
10835,1741160,corner,1,0.9800,3,1206
10836,1741299,corner,1,0.9800,3,1207
10837,1741442,corner,1,0.9800,3,1208
10838,1741575,corner,1,0.9800,3,1209
10839,1741771,corner,1,0.9800,3,1210
10840,1741898,corner,1,0.9800,3,1211
10841,1742056,corner,1,0.9800,3,1212
10842,1742180,corner,1,0.9800,3,1213
10843,1742314,corner,1,0.9800,3,1214
10844,1742441,corner,1,0.9800,3,1215
10845,1742583,corner,1,0.9800,3,1216
10846,1742712,corner,1,0.9800,3,1217
10847,1742853,corner,1,0.9800,3,1218
10848,1742993,corner,1,0.9800,3,1219
10849,1743131,corner,1,0.9800,3,1220
10850,1743288,corner,1,0.9800,3,1221
10851,1743423,corner,1,0.9800,3,1222
10852,1743530,corner,0,0.9700,3,1223
10853,1743669,corner,1,0.9700,3,1224
10854,1743804,corner,1,0.9700,3,1225
10855,1743948,corner,1,0.9700,3,1226
10856,1744088,corner,1,0.9700,3,1227
10857,1744199,corner,1,0.9700,3,1228
10858,1744345,corner,1,0.9700,3,1229
10859,1744496,corner,1,0.9700,3,1230
10860,1744622,corner,1,0.9700,3,1231
10861,1744757,corner,1,0.9700,3,1232
10862,1744870,corner,1,0.9700,3,1233
10863,1744998,corner,1,0.9700,3,1234
10864,1745130,corner,1,0.9700,3,1235
10865,1745292,corner,1,0.9700,3,1236
10866,1745431,corner,1,0.9700,3,1237
10867,1745576,corner,1,0.9800,3,1238
10868,1745713,corner,1,0.9800,3,1239
10869,1745850,corner,1,0.9800,3,1240
10870,1745982,corner,1,0.9800,3,1241
10871,1746130,corner,1,0.9800,3,1242
10872,1746270,corner,1,0.9800,3,1243
10873,1746401,corner,1,0.9800,3,1244
10874,1746537,corner,1,0.9800,3,1245
10875,1746670,corner,1,0.9800,3,1246
10876,1746809,corner,1,0.9800,3,1247
10877,1746919,corner,1,0.9800,3,1248
10878,1747047,corner,1,0.9800,3,1249
10879,1747191,corner,1,0.9800,3,1250
10880,1747327,corner,1,0.9800,3,1251
10881,1747482,corner,1,0.9800,3,1252
10882,1747636,corner,1,0.9800,3,1253
10883,1747788,corner,1,0.9800,3,1254
10884,1747921,corner,1,0.9800,3,1255
10885,1748057,corner,1,0.9800,3,1256
10886,1748167,corner,1,0.9800,3,1257
10887,1748326,corner,1,0.9800,3,1258
10888,1748457,corner,1,0.9800,3,1259
10889,1748570,corner,1,0.9800,3,1260
10890,1748705,corner,1,0.9800,3,1261
10891,1748840,corner,1,0.9800,3,1262
10892,1748977,corner,1,0.9800,3,1263
10893,1749150,corner,1,0.9800,3,1264
10894,1749298,corner,1,0.9800,3,1265
10895,1749427,corner,1,0.9800,3,1266
10896,1749559,corner,1,0.9800,3,1267
10897,1749697,corner,1,0.9800,3,1268
10898,1749828,corner,1,0.9800,3,1269
10899,1749971,corner,1,0.9800,3,1270
10900,1750121,corner,1,0.9800,3,1271
10901,1750223,corner,0,0.9700,3,1272
10902,1750367,corner,1,0.9700,3,1273
10903,1750515,corner,1,0.9700,3,1274
10904,1750652,corner,1,0.9700,3,1275
10905,1750783,corner,1,0.9700,3,1276
10906,1750913,corner,1,0.9700,3,1277
10907,1751060,corner,1,0.9700,3,1278
10908,1751207,corner,1,0.9700,3,1279
10909,1751342,corner,1,0.9700,3,1280
10910,1751474,corner,1,0.9800,3,1281
10911,1751587,corner,1,0.9800,3,1282
10912,1751718,corner,1,0.9800,3,1283
10913,1751859,corner,1,0.9800,3,1284
10914,1751993,corner,1,0.9800,3,1285
10915,1752103,corner,1,0.9800,3,1286
10916,1752260,corner,1,0.9800,3,1287
10917,1752410,corner,1,0.9800,3,1288
10918,1752517,corner,1,0.9800,3,1289
10919,1752646,corner,1,0.9800,3,1290
10920,1752778,corner,1,0.9800,3,1291
10921,1752912,corner,1,0.9800,3,1292
10922,1753048,corner,1,0.9800,3,1293
10923,1753189,corner,1,0.9800,3,1294
10924,1753330,corner,1,0.9800,3,1295
10925,1753436,corner,1,0.9800,3,1296
10926,1753572,corner,1,0.9800,3,1297
10927,1753714,corner,1,0.9800,3,1298
10928,1753862,corner,1,0.9800,3,1299
10929,1753991,corner,1,0.9800,3,1300
10930,1754127,corner,1,0.9800,3,1301
10931,1754285,corner,1,0.9800,3,1302
10932,1754419,corner,1,0.9800,3,1303
10933,1754548,corner,1,0.9800,3,1304
10934,1754690,corner,1,0.9800,3,1305
10935,1754833,corner,1,0.9800,3,1306
10936,1754982,corner,1,0.9800,3,1307
10937,1755124,corner,1,0.9800,3,1308
10938,1755254,corner,1,0.9800,3,1309
10939,1755398,corner,1,0.9800,3,1310
10940,1755555,corner,1,0.9800,3,1311
10941,1755693,corner,1,0.9800,3,1312
10942,1755842,corner,1,0.9800,3,1313
10943,1755948,corner,1,0.9800,3,1314
10944,1756119,corner,1,0.9800,3,1315
10945,1756226,corner,1,0.9800,3,1316
10946,1756348,corner,1,0.9800,3,1317
10947,1756483,corner,1,0.9800,3,1318
10948,1756622,corner,1,0.9800,3,1319
10949,1756779,corner,1,0.9800,3,1320
10950,1756913,corner,1,0.9800,3,1321
10951,1757037,corner,1,0.9800,3,1322
10952,1757167,corner,1,0.9900,3,1323
10953,1757311,corner,1,0.9900,3,1324
10954,1757474,corner,1,0.9900,3,1325
10955,1757618,corner,1,0.9900,3,1326
10956,1757746,corner,1,0.9900,3,1327
10957,1757886,corner,1,0.9900,3,1328
10958,1758000,corner,1,0.9900,3,1329
10959,1758132,corner,1,0.9900,3,1330
10960,1758269,corner,1,0.9900,3,1331
10961,1758430,corner,1,0.9900,3,1332
10962,1758565,corner,1,0.9900,3,1333
10963,1758697,corner,1,0.9900,3,1334
10964,1758840,corner,1,0.9900,3,1335
10965,1758977,corner,1,0.9900,3,1336
10966,1759114,corner,1,0.9900,3,1337
10967,1759325,corner,1,0.9900,3,1338
10968,1759447,corner,1,0.9900,3,1339
10969,1759581,corner,1,0.9900,3,1340
10970,1759718,corner,1,0.9900,3,1341
10971,1759865,corner,1,0.9900,3,1342
10972,1759989,corner,1,0.9900,3,1343
10973,1760315,corner,1,0.9900,3,1344
10974,1760450,corner,1,0.9900,3,1345
10975,1760611,corner,1,0.9900,3,1346
10976,1760750,corner,1,0.9900,3,1347
10977,1760906,corner,1,0.9900,3,1348
10978,1761038,corner,1,0.9900,3,1349
10979,1761179,corner,1,0.9900,3,1350
10980,1761317,corner,1,0.9900,3,1351
10981,1761425,corner,1,0.9900,3,1352
10982,1761557,corner,1,0.9900,3,1353
10983,1761699,corner,1,0.9900,3,1354
10984,1761817,corner,1,0.9900,3,1355
10985,1761943,corner,1,0.9900,3,1356
10986,1762104,corner,1,0.9900,3,1357
10987,1762212,corner,1,0.9900,3,1358
10988,1762336,corner,1,0.9900,3,1359
10989,1762460,corner,1,0.9900,3,1360
10990,1762591,corner,1,0.9900,3,1361
10991,1762736,corner,1,0.9900,3,1362
10992,1762878,corner,1,0.9900,3,1363
10993,1763006,corner,1,0.9900,3,1364
10994,1763153,corner,1,0.9900,3,1365
10995,1763284,corner,1,0.9900,3,1366
10996,1763433,corner,1,0.9900,3,1367
10997,1763565,corner,1,0.9900,3,1368
10998,1763682,corner,1,0.9900,3,1369
10999,1763887,corner,1,0.9900,3,1370
11000,1764018,corner,1,0.9900,3,1371
11001,1764163,corner,1,1.0000,3,1372
11002,1764292,corner,1,1.0000,3,1373
11003,1764395,corner,1,1.0000,3,1374
11004,1764554,corner,1,1.0000,3,1375
11005,1764691,corner,1,1.0000,3,1376
11006,1764827,corner,1,1.0000,3,1377
11007,1764978,corner,1,1.0000,3,1378
11008,1765105,corner,1,1.0000,3,1379
11009,1765245,corner,1,1.0000,3,1380
11010,1765368,corner,1,1.0000,3,1381
11011,1765507,corner,1,1.0000,3,1382
11012,1765616,corner,1,1.0000,3,1383
11013,1765731,corner,1,1.0000,3,1384
11014,1765887,corner,1,1.0000,3,1385
11015,1766015,corner,1,1.0000,3,1386
11016,1766158,corner,1,1.0000,3,1387
11017,1766292,corner,1,1.0000,3,1388
11018,1766411,corner,1,1.0000,3,1389
11019,1766549,corner,1,1.0000,3,1390
11020,1766680,corner,1,1.0000,3,1391
11021,1766789,corner,1,1.0000,3,1392
11022,1768141,corner,1,1.0000,3,1393
11023,1768279,corner,1,1.0000,3,1394
11024,1768415,corner,1,1.0000,3,1395
11025,1768545,corner,1,1.0000,3,1396
11026,1768695,corner,1,1.0000,3,1397
11027,1768834,corner,1,1.0000,3,1398
11028,1768965,corner,1,1.0000,3,1399
11029,1769094,corner,1,1.0000,3,1400
11030,1769229,corner,1,1.0000,3,1401
11031,1769364,corner,1,1.0000,3,1402
11032,1769487,corner,1,1.0000,3,1403
11033,1769601,corner,1,1.0000,3,1404
11034,1769732,corner,1,1.0000,3,1405
11035,1769884,corner,1,1.0000,3,1406
11036,1770046,corner,1,1.0000,3,1407
11037,1770154,corner,1,1.0000,3,1408
11038,1770301,corner,1,1.0000,3,1409
11039,1770442,corner,1,1.0000,3,1410
11040,1770591,corner,1,1.0000,3,1411
11041,1770726,corner,1,1.0000,3,1412
11042,1770836,corner,1,1.0000,3,1413
11043,1770945,corner,1,1.0000,3,1414
11044,1771081,corner,1,1.0000,3,1415
11045,1771221,corner,1,1.0000,3,1416
11046,1771365,corner,1,1.0000,3,1417
11047,1771523,corner,1,1.0000,3,1418
11048,1771656,corner,1,1.0000,3,1419
11049,1771783,corner,1,1.0000,3,1420
11050,1771926,corner,1,1.0000,3,1421
11051,1772060,corner,1,1.0000,3,1422
11052,1772199,corner,1,1.0000,3,1423
11053,1772307,corner,1,1.0000,3,1424
11054,1772448,corner,1,1.0000,3,1425
11055,1772585,corner,1,1.0000,3,1426
11056,1772723,corner,1,1.0000,3,1427
11057,1772863,corner,1,1.0000,3,1428
11058,1773161,corner,1,1.0000,3,1429
11059,1773272,corner,1,1.0000,3,1430
11060,1773383,corner,1,1.0000,3,1431
11061,1773535,corner,1,1.0000,3,1432
11062,1773680,corner,1,1.0000,3,1433
11063,1773788,corner,1,1.0000,3,1434
11064,1773931,corner,1,1.0000,3,1435
11065,1774064,corner,1,1.0000,3,1436
11066,1774200,corner,1,1.0000,3,1437
11067,1774340,corner,1,1.0000,3,1438
11068,1774469,corner,1,1.0000,3,1439
11069,1774609,corner,1,1.0000,3,1440
11070,1774720,corner,1,1.0000,3,1441
11071,1774868,corner,1,1.0000,3,1442
11072,1775005,corner,1,1.0000,3,1443
11073,1775146,corner,1,1.0000,3,1444
11074,1775283,corner,1,1.0000,3,1445
11075,1775417,corner,1,1.0000,3,1446
11076,1775556,corner,1,1.0000,3,1447
11077,1775687,corner,1,1.0000,3,1448
11078,1775819,corner,1,1.0000,3,1449
11079,1775950,corner,1,1.0000,3,1450
11080,1776096,corner,1,1.0000,3,1451
11081,1776204,corner,1,1.0000,3,1452
11082,1776340,corner,1,1.0000,3,1453
11083,1776450,corner,1,1.0000,3,1454
11084,1776592,corner,1,1.0000,3,1455
11085,1776731,corner,1,1.0000,3,1456
11086,1776863,corner,1,1.0000,3,1457
11087,1776995,corner,1,1.0000,3,1458
11088,1777111,corner,1,1.0000,3,1459
11089,1777242,corner,1,1.0000,3,1460
11090,1777377,corner,1,1.0000,3,1461
11091,1777516,corner,1,1.0000,3,1462
11092,1777637,corner,1,1.0000,3,1463
11093,1777782,corner,1,1.0000,3,1464
11094,1777924,corner,1,1.0000,3,1465
11095,1778067,corner,1,1.0000,3,1466
11096,1778182,corner,1,1.0000,3,1467
11097,1778348,corner,1,1.0000,3,1468
11098,1778456,corner,1,1.0000,3,1469
11099,1778568,corner,0,0.9900,3,1470
11100,1778681,corner,1,0.9900,3,1471
11101,1778813,corner,1,0.9900,3,1472
11102,1778923,corner,1,0.9900,3,1473
11103,1779047,corner,1,0.9900,3,1474
11104,1779185,corner,1,0.9900,3,1475
11105,1779314,corner,1,0.9900,3,1476
11106,1779420,corner,1,0.9900,3,1477
11107,1779548,corner,1,0.9900,3,1478
11108,1779654,corner,1,0.9900,3,1479
11109,1779801,corner,1,0.9900,3,1480
11110,1779951,corner,1,0.9900,3,1481
11111,1780058,corner,1,0.9900,3,1482
11112,1780168,corner,1,0.9900,3,1483
11113,1780303,corner,1,0.9900,3,1484
11114,1780432,corner,1,0.9900,3,1485
11115,1780549,corner,1,0.9900,3,1486
11116,1780687,corner,1,0.9900,3,1487
11117,1780835,corner,1,0.9900,3,1488
11118,1780960,corner,1,0.9900,3,1489
11119,1781096,corner,1,0.9900,3,1490
11120,1781241,corner,1,0.9900,3,1491
11121,1781358,corner,1,0.9900,3,1492
11122,1781519,corner,1,0.9900,3,1493
11123,1781657,corner,1,0.9900,3,1494
11124,1781800,corner,1,0.9900,3,1495
11125,1781929,corner,1,0.9900,3,1496
11126,1782041,corner,1,0.9900,3,1497
11127,1782195,corner,1,0.9900,3,1498
11128,1782329,corner,1,0.9900,3,1499
11129,1782460,corner,1,0.9900,3,1500
11130,1782601,corner,1,0.9900,3,1501
11131,1782733,corner,1,0.9900,3,1502
11132,1782875,corner,1,0.9900,3,1503
11133,1782992,corner,1,0.9900,3,1504
11134,1783127,corner,1,0.9900,3,1505
11135,1783273,corner,1,0.9900,3,1506
11136,1783390,corner,1,0.9900,3,1507
11137,1783508,corner,1,0.9900,3,1508
11138,1783620,corner,1,0.9900,3,1509
11139,1783731,corner,1,0.9900,3,1510
11140,1783844,corner,1,0.9900,3,1511
11141,1783956,corner,1,0.9900,3,1512
11142,1784092,corner,1,0.9900,3,1513
11143,1784227,corner,1,0.9900,3,1514
11144,1785579,corner,1,0.9900,3,1515
11145,1785716,corner,1,0.9900,3,1516
11146,1785855,corner,1,0.9900,3,1517
11147,1785959,corner,1,0.9900,3,1518
11148,1786068,corner,1,0.9900,3,1519
11149,1786190,corner,1,0.9900,3,1520
11150,1786334,corner,1,0.9900,3,1521
11151,1786476,corner,1,0.9900,3,1522
11152,1786618,corner,1,0.9900,3,1523
11153,1786724,corner,1,0.9900,3,1524
11154,1786836,corner,1,0.9900,3,1525
11155,1786972,corner,1,0.9900,3,1526
11156,1787116,corner,1,0.9900,3,1527
11157,1787249,corner,1,0.9900,3,1528
11158,1787392,corner,1,0.9900,3,1529
11159,1787531,corner,1,0.9900,3,1530
11160,1787638,corner,1,0.9900,3,1531
11161,1787778,corner,1,0.9900,3,1532
11162,1787901,corner,1,0.9900,3,1533
11163,1788009,corner,1,0.9900,3,1534
11164,1788119,corner,1,0.9900,3,1535
11165,1788260,corner,1,0.9900,3,1536
11166,1788370,corner,1,0.9900,3,1537
11167,1788489,corner,1,0.9900,3,1538
11168,1788625,corner,1,0.9900,3,1539
11169,1788753,corner,1,0.9900,3,1540
11170,1788865,corner,1,0.9900,3,1541
11171,1788974,corner,1,0.9900,3,1542
11172,1789118,corner,1,0.9900,3,1543
11173,1789283,corner,1,0.9900,3,1544
11174,1789431,corner,1,0.9900,3,1545
11175,1789543,corner,1,0.9900,3,1546
11176,1789682,corner,1,0.9900,3,1547
11177,1789814,corner,1,0.9900,3,1548
11178,1789967,corner,1,0.9900,3,1549
11179,1790099,corner,1,0.9900,3,1550
11180,1790234,corner,1,0.9900,3,1551
11181,1790357,corner,1,0.9900,3,1552
11182,1790501,corner,1,0.9900,3,1553
11183,1790614,corner,1,0.9900,3,1554
11184,1790758,corner,1,0.9900,3,1555
11185,1790866,corner,1,0.9900,3,1556
11186,1791028,corner,1,0.9900,3,1557
11187,1791143,corner,1,0.9900,3,1558
11188,1791285,corner,1,0.9900,3,1559
11189,1791422,corner,1,0.9900,3,1560
11190,1791559,corner,1,0.9900,3,1561
11191,1791676,corner,1,0.9900,3,1562
11192,1791797,corner,1,0.9900,3,1563
11193,1791926,corner,1,0.9900,3,1564
11194,1792067,corner,1,0.9900,3,1565
11195,1792203,corner,1,0.9900,3,1566
11196,1792342,corner,1,0.9900,3,1567
11197,1792450,corner,1,0.9900,3,1568
11198,1792592,corner,1,0.9900,3,1569
11199,1792725,corner,1,1.0000,3,1570
11200,1792883,corner,1,1.0000,3,1571
11201,1792990,corner,1,1.0000,3,1572
11202,1793115,corner,1,1.0000,3,1573
11203,1793260,corner,1,1.0000,3,1574
11204,1793375,corner,1,1.0000,3,1575
11205,1793526,corner,1,1.0000,3,1576
11206,1793673,corner,1,1.0000,3,1577
11207,1793808,corner,1,1.0000,3,1578
11208,1793955,corner,1,1.0000,3,1579
11209,1794080,corner,1,1.0000,3,1580
11210,1794192,corner,1,1.0000,3,1581
11211,1794332,corner,1,1.0000,3,1582
11212,1794459,corner,1,1.0000,3,1583
11213,1794592,corner,1,1.0000,3,1584
11214,1794736,corner,1,1.0000,3,1585
11215,1794877,corner,1,1.0000,3,1586
11216,1795012,corner,1,1.0000,3,1587
11217,1795115,corner,1,1.0000,3,1588
11218,1795254,corner,1,1.0000,3,1589
11219,1795419,corner,1,1.0000,3,1590
11220,1795537,corner,1,1.0000,3,1591
11221,1795676,corner,1,1.0000,3,1592
11222,1795786,corner,1,1.0000,3,1593
11223,1795916,corner,1,1.0000,3,1594
11224,1796055,corner,1,1.0000,3,1595
11225,1796189,corner,1,1.0000,3,1596
11226,1796330,corner,1,1.0000,3,1597
11227,1796463,corner,1,1.0000,3,1598
11228,1796609,corner,1,1.0000,3,1599
11229,1796718,corner,1,1.0000,3,1600
11230,1796851,corner,1,1.0000,3,1601
11231,1796993,corner,1,1.0000,3,1602
11232,1797136,corner,1,1.0000,3,1603
11233,1797247,corner,1,1.0000,3,1604
11234,1797380,corner,1,1.0000,3,1605
11235,1797497,corner,1,1.0000,3,1606
11236,1797606,corner,1,1.0000,3,1607
11237,1797719,corner,1,1.0000,3,1608
11238,1797852,corner,1,1.0000,3,1609
11239,1798002,corner,1,1.0000,3,1610
11240,1798130,corner,1,1.0000,3,1611
11241,1798239,corner,1,1.0000,3,1612
11242,1798375,corner,1,1.0000,3,1613
11243,1798509,corner,1,1.0000,3,1614
11244,1798654,corner,1,1.0000,3,1615
11245,1798759,corner,1,1.0000,3,1616
11246,1798896,corner,1,1.0000,3,1617
11247,1799045,corner,1,1.0000,3,1618
11248,1799199,corner,1,1.0000,3,1619
11249,1799302,corner,1,1.0000,3,1620
11250,1799466,corner,1,1.0000,3,1621
11251,1799602,corner,1,1.0000,3,1622
11252,1799757,corner,1,1.0000,3,1623
11253,1799913,corner,1,1.0000,3,1624
11254,1800053,corner,1,1.0000,3,1625
11255,1800171,corner,1,1.0000,3,1626
11256,1800319,corner,1,1.0000,3,1627
11257,1800458,corner,1,1.0000,3,1628
11258,1800613,corner,1,1.0000,3,1629
11259,1800756,corner,1,1.0000,3,1630
11260,1800860,corner,1,1.0000,3,1631
11261,1801008,corner,1,1.0000,3,1632
11262,1801150,corner,1,1.0000,3,1633
11263,1801267,corner,1,1.0000,3,1634
11264,1801376,corner,1,1.0000,3,1635
11265,1801510,corner,1,1.0000,3,1636
11266,1801630,corner,1,1.0000,3,1637
11267,1801748,corner,1,1.0000,3,1638
11268,1801869,corner,1,1.0000,3,1639
11269,1801999,corner,1,1.0000,3,1640
11270,1802133,corner,1,1.0000,3,1641
11271,1802246,corner,1,1.0000,3,1642
11272,1802386,corner,1,1.0000,3,1643
11273,1802514,corner,1,1.0000,3,1644
11274,1802654,corner,1,1.0000,3,1645
11275,1802782,corner,1,1.0000,3,1646
11276,1802913,corner,1,1.0000,3,1647
11277,1803040,corner,1,1.0000,3,1648
11278,1803180,corner,1,1.0000,3,1649
11279,1803313,corner,1,1.0000,3,1650
11280,1803446,corner,1,1.0000,3,1651
11281,1803577,corner,1,1.0000,3,1652
11282,1803693,corner,1,1.0000,3,1653
11283,1803813,corner,1,1.0000,3,1654
11284,1803917,corner,1,1.0000,3,1655
11285,1804042,corner,1,1.0000,3,1656
11286,1804151,corner,0,0.9900,3,1657
11287,1804268,corner,1,0.9900,3,1658
11288,1804479,corner,1,0.9900,3,1659
11289,1804587,corner,1,0.9900,3,1660
11290,1804731,corner,1,0.9900,3,1661
11291,1804869,corner,1,0.9900,3,1662
11292,1804982,corner,1,0.9900,3,1663
11293,1805117,corner,1,0.9900,3,1664
11294,1805257,corner,1,0.9900,3,1665
11295,1805403,corner,1,0.9900,3,1666
11296,1805537,corner,1,0.9900,3,1667
11297,1805665,corner,1,0.9900,3,1668
11298,1805795,corner,1,0.9900,3,1669
11299,1805948,corner,1,0.9900,3,1670
11300,1806056,corner,1,0.9900,3,1671
11301,1806193,corner,1,0.9900,3,1672
11302,1806336,corner,1,0.9900,3,1673
11303,1806481,corner,1,0.9900,3,1674
11304,1806630,corner,1,0.9900,3,1675
11305,1806736,corner,1,0.9900,3,1676
11306,1806873,corner,1,0.9900,3,1677
11307,1806981,corner,1,0.9900,3,1678
11308,1807125,corner,1,0.9900,3,1679
11309,1807232,corner,1,0.9900,3,1680
11310,1807363,corner,1,0.9900,3,1681
11311,1807467,corner,1,0.9900,3,1682
11312,1807601,corner,1,0.9900,3,1683
11313,1807742,corner,1,0.9900,3,1684
11314,1807878,corner,1,0.9900,3,1685
11315,1808024,corner,1,0.9900,3,1686
11316,1808124,corner,1,0.9900,3,1687
11317,1808258,corner,1,0.9900,3,1688
11318,1808392,corner,1,0.9900,3,1689
11319,1808500,corner,1,0.9900,3,1690
11320,1808671,corner,1,0.9900,3,1691
11321,1808812,corner,1,0.9900,3,1692
11322,1808924,corner,1,0.9900,3,1693
11323,1809041,corner,1,0.9900,3,1694
11324,1809173,corner,1,0.9900,3,1695
11325,1809313,corner,1,0.9900,3,1696
11326,1809424,corner,1,0.9900,3,1697
11327,1809534,corner,1,0.9900,3,1698
11328,1809641,corner,1,0.9900,3,1699
11329,1809786,corner,1,0.9900,3,1700
11330,1809920,corner,1,0.9900,3,1701
11331,1810030,corner,1,0.9900,3,1702
11332,1810182,corner,1,0.9900,3,1703
11333,1810323,corner,1,0.9900,3,1704
11334,1810463,corner,1,0.9900,3,1705
11335,1810575,corner,1,0.9900,3,1706
11336,1810706,corner,1,0.9900,3,1707
11337,1810859,corner,1,0.9900,3,1708
11338,1811016,corner,1,0.9900,3,1709
11339,1811203,corner,1,0.9900,3,1710
11340,1811338,corner,1,0.9900,3,1711
11341,1811466,corner,1,0.9900,3,1712
11342,1811603,corner,1,0.9900,3,1713
11343,1811740,corner,1,0.9900,3,1714
11344,1811872,corner,1,0.9900,3,1715
11345,1811977,corner,1,0.9900,3,1716
11346,1812088,corner,1,0.9900,3,1717
11347,1812197,corner,1,0.9900,3,1718
11348,1812343,corner,1,0.9900,3,1719
11349,1812516,corner,1,0.9900,3,1720
11350,1812667,corner,1,0.9900,3,1721
11351,1812830,corner,1,0.9900,3,1722
11352,1812986,corner,1,0.9900,3,1723
11353,1813114,corner,1,0.9900,3,1724
11354,1813249,corner,1,0.9900,3,1725
11355,1813395,corner,1,0.9900,3,1726
11356,1813506,corner,1,0.9900,3,1727
11357,1813644,corner,1,0.9900,3,1728
11358,1813757,corner,1,0.9900,3,1729
11359,1813888,corner,1,0.9900,3,1730
11360,1813997,corner,1,0.9900,3,1731
11361,1814102,corner,1,0.9900,3,1732
11362,1814213,corner,1,0.9900,3,1733
11363,1814344,corner,1,0.9900,3,1734
11364,1814500,corner,1,0.9900,3,1735
11365,1814603,corner,1,0.9900,3,1736
11366,1814752,corner,1,0.9900,3,1737
11367,1814887,corner,1,0.9900,3,1738
11368,1814990,corner,0,0.9800,3,1739
11369,1815093,corner,1,0.9800,3,1740
11370,1815204,corner,1,0.9800,3,1741
11371,1815363,corner,1,0.9800,3,1742
11372,1815515,corner,1,0.9800,3,1743
11373,1815643,corner,1,0.9800,3,1744
11374,1815751,corner,1,0.9800,3,1745
11375,1815890,corner,1,0.9800,3,1746
11376,1816054,corner,1,0.9800,3,1747
11377,1816172,corner,1,0.9800,3,1748
11378,1816317,corner,1,0.9800,3,1749
11379,1816427,corner,1,0.9800,3,1750
11380,1816564,corner,1,0.9800,3,1751
11381,1816704,corner,1,0.9800,3,1752
11382,1816847,corner,1,0.9800,3,1753
11383,1816991,corner,1,0.9800,3,1754
11384,1817129,corner,1,0.9800,3,1755
11385,1817305,corner,1,0.9800,3,1756
11386,1817453,corner,1,0.9900,3,1757
11387,1817602,corner,1,0.9900,3,1758
11388,1817726,corner,1,0.9900,3,1759
11389,1817877,corner,1,0.9900,3,1760
11390,1817990,corner,1,0.9900,3,1761
11391,1818100,corner,1,0.9900,3,1762
11392,1818237,corner,1,0.9900,3,1763
11393,1818385,corner,1,0.9900,3,1764
11394,1818490,corner,1,0.9900,3,1765
11395,1818627,corner,1,0.9900,3,1766
11396,1818750,corner,1,0.9900,3,1767
11397,1818883,corner,1,0.9900,3,1768
11398,1819019,corner,1,0.9900,3,1769
11399,1819162,corner,1,0.9900,3,1770
11400,1819321,corner,1,0.9900,3,1771
11401,1819458,corner,1,0.9900,3,1772
11402,1819589,corner,1,0.9900,3,1773
11403,1819729,corner,1,0.9900,3,1774
11404,1819865,corner,1,0.9900,3,1775
11405,1819996,corner,1,0.9900,3,1776
11406,1820142,corner,1,0.9900,3,1777
11407,1820307,corner,1,0.9900,3,1778
11408,1820426,corner,1,0.9900,3,1779
11409,1820554,corner,1,0.9900,3,1780
11410,1820694,corner,1,0.9900,3,1781
11411,1820835,corner,1,0.9900,3,1782
11412,1820965,corner,1,0.9900,3,1783
11413,1821115,corner,1,0.9900,3,1784
11414,1821249,corner,1,0.9900,3,1785
11415,1821376,corner,1,0.9900,3,1786
11416,1821486,corner,1,0.9900,3,1787
11417,1821632,corner,1,0.9900,3,1788
11418,1821780,corner,1,0.9900,3,1789
11419,1821944,corner,1,0.9900,3,1790
11420,1822043,corner,0,0.9800,3,1791
11421,1822181,corner,1,0.9800,3,1792
11422,1822318,corner,1,0.9800,3,1793
11423,1822455,corner,1,0.9800,3,1794
11424,1822569,corner,1,0.9800,3,1795
11425,1822726,corner,1,0.9800,3,1796
11426,1822831,corner,1,0.9800,3,1797
11427,1822936,corner,1,0.9800,3,1798
11428,1823046,corner,1,0.9800,3,1799
11429,1823156,corner,1,0.9800,3,1800
11430,1823269,corner,1,0.9800,3,1801
11431,1823425,corner,1,0.9800,3,1802
11432,1823571,corner,1,0.9800,3,1803
11433,1823702,corner,1,0.9800,3,1804
11434,1823852,corner,1,0.9800,3,1805
11435,1823970,corner,1,0.9800,3,1806
11436,1824079,corner,1,0.9800,3,1807
11437,1824195,corner,1,0.9800,3,1808
11438,1824297,corner,1,0.9800,3,1809
11439,1824430,corner,1,0.9800,3,1810
11440,1824612,corner,1,0.9800,3,1811
11441,1824718,corner,1,0.9800,3,1812
11442,1824866,corner,1,0.9800,3,1813
11443,1825004,corner,1,0.9800,3,1814
11444,1825142,corner,1,0.9800,3,1815
11445,1825246,corner,1,0.9800,3,1816
11446,1825376,corner,1,0.9800,3,1817
11447,1825504,corner,1,0.9800,3,1818
11448,1825640,corner,1,0.9800,3,1819
11449,1825783,corner,1,0.9800,3,1820
11450,1825919,corner,1,0.9800,3,1821
11451,1826034,corner,1,0.9800,3,1822
11452,1826172,corner,1,0.9800,3,1823
11453,1826315,corner,1,0.9800,3,1824
11454,1826512,corner,1,0.9800,3,1825
11455,1826619,corner,1,0.9800,3,1826
11456,1826727,corner,1,0.9800,3,1827
11457,1826835,corner,1,0.9800,3,1828
11458,1826948,corner,1,0.9800,3,1829
11459,1827097,corner,1,0.9800,3,1830
11460,1827239,corner,1,0.9800,3,1831
11461,1827412,corner,1,0.9800,3,1832
11462,1827512,corner,1,0.9800,3,1833
11463,1827616,corner,0,0.9700,3,1834
11464,1827746,corner,1,0.9700,3,1835
11465,1827879,corner,1,0.9700,3,1836
11466,1828041,corner,1,0.9700,3,1837
11467,1828155,corner,1,0.9700,3,1838
11468,1828288,corner,1,0.9800,3,1839
11469,1828396,corner,1,0.9800,3,1840
11470,1828534,corner,1,0.9800,3,1841
11471,1828670,corner,1,0.9800,3,1842
11472,1828838,corner,1,0.9800,3,1843
11473,1828946,corner,1,0.9800,3,1844
11474,1829063,corner,1,0.9800,3,1845
11475,1829186,corner,1,0.9800,3,1846
11476,1829302,corner,1,0.9800,3,1847
11477,1829463,corner,1,0.9800,3,1848
11478,1829612,corner,1,0.9800,3,1849
11479,1829764,corner,1,0.9800,3,1850
11480,1829912,corner,1,0.9800,3,1851
11481,1830056,corner,1,0.9800,3,1852
11482,1830193,corner,1,0.9800,3,1853
11483,1830308,corner,0,0.9700,3,1854
11484,1830419,corner,1,0.9700,3,1855
11485,1830555,corner,1,0.9700,3,1856
11486,1830673,corner,1,0.9700,3,1857
11487,1830778,corner,1,0.9700,3,1858
11488,1830938,corner,1,0.9700,3,1859
11489,1831078,corner,1,0.9700,3,1860
11490,1831187,corner,1,0.9700,3,1861
11491,1831342,corner,1,0.9700,3,1862
11492,1831479,corner,1,0.9700,3,1863
11493,1831619,corner,1,0.9700,3,1864
11494,1831769,corner,1,0.9700,3,1865
11495,1831882,corner,1,0.9700,3,1866
11496,1832000,corner,1,0.9700,3,1867
11497,1832108,corner,1,0.9700,3,1868
11498,1832214,corner,1,0.9700,3,1869
11499,1832346,corner,1,0.9700,3,1870
11500,1832489,corner,1,0.9700,3,1871
11501,1832617,corner,1,0.9700,3,1872
11502,1832755,corner,1,0.9700,3,1873
11503,1832899,corner,1,0.9700,3,1874
11504,1833020,corner,1,0.9700,3,1875
11505,1833155,corner,1,0.9700,3,1876
11506,1833308,corner,1,0.9700,3,1877
11507,1833439,corner,1,0.9700,3,1878
11508,1833578,corner,1,0.9700,3,1879
11509,1833710,corner,1,0.9700,3,1880
11510,1833864,corner,1,0.9700,3,1881
11511,1834019,corner,1,0.9700,3,1882
11512,1834165,corner,1,0.9700,3,1883
11513,1834276,corner,1,0.9700,3,1884
11514,1834410,corner,1,0.9700,3,1885
11515,1834552,corner,1,0.9700,3,1886
11516,1834715,corner,1,0.9700,3,1887
11517,1834853,corner,1,0.9700,3,1888
11518,1834990,corner,1,0.9700,3,1889
11519,1835139,corner,1,0.9700,3,1890
11520,1835241,corner,1,0.9800,3,1891
11521,1835345,corner,0,0.9700,3,1892
11522,1835458,corner,1,0.9700,3,1893
11523,1835607,corner,1,0.9700,3,1894
11524,1835718,corner,1,0.9700,3,1895
11525,1835826,corner,1,0.9700,3,1896
11526,1835943,corner,1,0.9700,3,1897
11527,1836071,corner,1,0.9700,3,1898
11528,1836236,corner,1,0.9700,3,1899
11529,1836387,corner,1,0.9700,3,1900
11530,1836593,corner,1,0.9700,3,1901
11531,1836750,corner,1,0.9700,3,1902
11532,1836889,corner,1,0.9700,3,1903
11533,1837021,corner,1,0.9700,3,1904
11534,1837160,corner,1,0.9700,3,1905
11535,1837301,corner,1,0.9700,3,1906
11536,1837411,corner,1,0.9700,3,1907
11537,1837522,corner,1,0.9700,3,1908
11538,1837632,corner,1,0.9700,3,1909
11539,1837801,corner,1,0.9700,3,1910
11540,1837930,corner,1,0.9700,3,1911
11541,1838105,corner,1,0.9700,3,1912
11542,1838258,corner,1,0.9700,3,1913
11543,1838369,corner,1,0.9700,3,1914
11544,1838496,corner,1,0.9700,3,1915
11545,1838636,corner,1,0.9700,3,1916
11546,1838813,corner,1,0.9700,3,1917
11547,1838960,corner,1,0.9700,3,1918
11548,1839081,corner,1,0.9700,3,1919
11549,1839204,corner,1,0.9700,3,1920
11550,1839339,corner,1,0.9700,3,1921
11551,1839448,corner,1,0.9700,3,1922
11552,1839575,corner,1,0.9700,3,1923
11553,1839704,corner,1,0.9700,3,1924
11554,1839808,corner,1,0.9700,3,1925
11555,1839949,corner,1,0.9700,3,1926
11556,1840059,corner,1,0.9700,3,1927
11557,1840201,corner,1,0.9700,3,1928
11558,1840364,corner,1,0.9700,3,1929
11559,1840481,corner,1,0.9700,3,1930
11560,1840651,corner,1,0.9700,3,1931
11561,1840783,corner,1,0.9700,3,1932
11562,1840924,corner,1,0.9700,3,1933
11563,1841095,corner,1,0.9800,3,1934
11564,1841198,corner,1,0.9800,3,1935
11565,1841309,corner,1,0.9800,3,1936
11566,1841441,corner,1,0.9800,3,1937
11567,1841578,corner,1,0.9800,3,1938
11568,1841695,corner,1,0.9800,3,1939
11569,1841822,corner,1,0.9800,3,1940
11570,1841932,corner,1,0.9800,3,1941
11571,1842065,corner,1,0.9800,3,1942
11572,1842204,corner,1,0.9800,3,1943
11573,1842317,corner,1,0.9800,3,1944
11574,1842521,corner,1,0.9800,3,1945
11575,1842680,corner,1,0.9800,3,1946
11576,1842836,corner,1,0.9800,3,1947
11577,1843039,corner,1,0.9800,3,1948
11578,1843187,corner,1,0.9800,3,1949
11579,1843306,corner,1,0.9800,3,1950
11580,1843448,corner,1,0.9800,3,1951
11581,1843617,corner,1,0.9800,3,1952
11582,1843745,corner,1,0.9800,3,1953
11583,1843851,corner,1,0.9900,3,1954
11584,1844005,corner,1,0.9900,3,1955
11585,1844143,corner,1,0.9900,3,1956
11586,1844252,corner,1,0.9900,3,1957
11587,1844403,corner,1,0.9900,3,1958
11588,1844545,corner,1,0.9900,3,1959
11589,1844689,corner,1,0.9900,3,1960
11590,1844830,corner,1,0.9900,3,1961
11591,1844937,corner,1,0.9900,3,1962
11592,1845048,corner,1,0.9900,3,1963
11593,1845193,corner,1,0.9900,3,1964
11594,1845325,corner,1,0.9900,3,1965
11595,1845470,corner,1,0.9900,3,1966
11596,1845579,corner,1,0.9900,3,1967
11597,1845697,corner,1,0.9900,3,1968
11598,1845837,corner,1,0.9900,3,1969
11599,1845951,corner,1,0.9900,3,1970
11600,1846078,corner,1,0.9900,3,1971
11601,1846279,corner,1,0.9900,3,1972
11602,1846391,corner,1,0.9900,3,1973
11603,1846529,corner,1,0.9900,3,1974
11604,1846702,corner,1,0.9900,3,1975
11605,1846842,corner,1,0.9900,3,1976
11606,1846977,corner,1,0.9900,3,1977
11607,1847083,corner,1,0.9900,3,1978
11608,1847191,corner,1,0.9900,3,1979
11609,1847296,corner,0,0.9800,3,1980
11610,1847438,corner,1,0.9800,3,1981
11611,1847576,corner,1,0.9800,3,1982
11612,1847681,corner,1,0.9800,3,1983
11613,1847799,corner,1,0.9800,3,1984
11614,1847956,corner,1,0.9800,3,1985
11615,1848092,corner,1,0.9800,3,1986
11616,1848226,corner,1,0.9800,3,1987
11617,1848396,corner,1,0.9800,3,1988
11618,1848506,corner,1,0.9800,3,1989
11619,1848655,corner,1,0.9800,3,1990
11620,1848792,corner,1,0.9800,3,1991
11621,1848898,corner,1,0.9900,3,1992
11622,1849070,corner,1,0.9900,3,1993
11623,1849221,corner,1,0.9900,3,1994
11624,1849365,corner,1,0.9900,3,1995
11625,1849494,corner,1,0.9900,3,1996
11626,1849638,corner,1,0.9900,3,1997
11627,1849747,corner,1,0.9900,3,1998
11628,1849917,corner,1,0.9900,3,1999
11629,1850033,corner,1,0.9900,3,2000
11630,1850170,corner,1,0.9900,3,2001
11631,1850313,corner,1,0.9900,3,2002
11632,1850421,corner,1,0.9900,3,2003
11633,1850570,corner,1,0.9900,3,2004
11634,1850688,corner,1,0.9900,3,2005
11635,1850801,corner,1,0.9900,3,2006
11636,1850967,corner,1,0.9900,3,2007
11637,1851078,corner,1,0.9900,3,2008
11638,1851182,corner,1,0.9900,3,2009
11639,1851346,corner,1,0.9900,3,2010
11640,1851505,corner,1,0.9900,3,2011
11641,1851615,corner,1,0.9900,3,2012
11642,1851767,corner,1,0.9900,3,2013
11643,1851911,corner,1,0.9900,3,2014
11644,1852020,corner,1,0.9900,3,2015
11645,1852181,corner,1,0.9900,3,2016
11646,1852290,corner,1,0.9900,3,2017
11647,1852465,corner,1,0.9900,3,2018
11648,1852629,corner,1,0.9900,3,2019
11649,1852797,corner,1,0.9900,3,2020
11650,1852939,corner,1,0.9900,3,2021
11651,1853056,corner,1,0.9900,3,2022
11652,1853188,corner,1,0.9900,3,2023
11653,1853299,corner,1,0.9900,3,2024
11654,1853448,corner,1,0.9900,3,2025
11655,1853623,corner,1,0.9900,3,2026
11656,1853724,corner,1,0.9900,3,2027
11657,1853864,corner,1,0.9900,3,2028
11658,1853998,corner,1,0.9900,3,2029
11659,1854134,corner,1,0.9900,3,2030
11660,1854250,corner,1,0.9900,3,2031
11661,1854357,corner,1,0.9900,3,2032
11662,1854469,corner,1,0.9900,3,2033
11663,1854576,corner,1,0.9900,3,2034
11664,1854715,corner,1,0.9900,3,2035
11665,1854862,corner,1,0.9900,3,2036
11666,1854995,corner,1,0.9900,3,2037
11667,1855129,corner,1,0.9900,3,2038
11668,1855240,corner,1,0.9900,3,2039
11669,1855353,corner,1,0.9900,3,2040
11670,1855505,corner,1,0.9900,3,2041
11671,1855646,corner,1,0.9900,3,2042
11672,1855807,corner,1,0.9900,3,2043
11673,1855974,corner,1,0.9900,3,2044
11674,1856116,corner,1,0.9900,3,2045
11675,1856256,corner,1,0.9900,3,2046
11676,1856366,corner,1,0.9900,3,2047
11677,1856470,corner,1,0.9900,3,2048
11678,1856636,corner,1,0.9900,3,2049
11679,1856788,corner,1,0.9900,3,2050
11680,1856926,corner,1,0.9900,3,2051
11681,1857073,corner,1,0.9900,3,2052
11682,1857310,corner,1,0.9900,3,2053
11683,1857424,corner,1,0.9900,3,2054
11684,1857611,corner,1,0.9900,3,2055
11685,1857782,corner,1,0.9900,3,2056
11686,1857916,corner,1,0.9900,3,2057
11687,1858066,corner,1,0.9900,3,2058
11688,1858217,corner,1,0.9900,3,2059
11689,1858325,corner,1,0.9900,3,2060
11690,1858470,corner,1,0.9900,3,2061
11691,1858613,corner,1,0.9900,3,2062
11692,1858781,corner,1,0.9900,3,2063
11693,1858949,corner,1,0.9900,3,2064
11694,1859066,corner,1,0.9900,3,2065
11695,1859205,corner,1,0.9900,3,2066
11696,1859339,corner,1,0.9900,3,2067
11697,1859526,corner,1,0.9900,3,2068
11698,1859671,corner,1,0.9900,3,2069
11699,1859805,corner,1,0.9900,3,2070
11700,1859958,corner,1,0.9900,3,2071
11701,1860072,corner,1,0.9900,3,2072
11702,1860180,corner,1,0.9900,3,2073
11703,1860325,corner,1,0.9900,3,2074
11704,1860451,corner,1,0.9900,3,2075
11705,1860638,corner,1,0.9900,3,2076
11706,1860787,corner,1,0.9900,3,2077
11707,1860929,corner,1,0.9900,3,2078
11708,1861035,corner,1,0.9900,3,2079
11709,1861191,corner,1,1.0000,3,2080
11710,1861337,corner,1,1.0000,3,2081
11711,1861481,corner,1,1.0000,3,2082
11712,1861636,corner,1,1.0000,3,2083
11713,1861794,corner,1,1.0000,3,2084
11714,1861940,corner,1,1.0000,3,2085
11715,1862098,corner,1,1.0000,3,2086
11716,1862235,corner,1,1.0000,3,2087
11717,1862338,corner,1,1.0000,3,2088
11718,1862476,corner,1,1.0000,3,2089
11719,1862637,corner,1,1.0000,3,2090
11720,1862742,corner,1,1.0000,3,2091
11721,1862909,corner,1,1.0000,3,2092
11722,1863068,corner,1,1.0000,3,2093
11723,1863363,corner,1,1.0000,3,2094
11724,1863468,corner,1,1.0000,3,2095
11725,1863578,corner,1,1.0000,3,2096
11726,1863717,corner,1,1.0000,3,2097
11727,1863874,corner,1,1.0000,3,2098
11728,1864026,corner,1,1.0000,3,2099
11729,1864156,corner,1,1.0000,3,2100
11730,1864346,corner,1,1.0000,3,2101
11731,1864456,corner,1,1.0000,3,2102
11732,1864609,corner,1,1.0000,3,2103
11733,1864772,corner,1,1.0000,3,2104
11734,1864921,corner,1,1.0000,3,2105
11735,1865061,corner,1,1.0000,3,2106
11736,1865192,corner,1,1.0000,3,2107
11737,1865332,corner,1,1.0000,3,2108
11738,1865439,corner,0,0.9900,3,2109
11739,1865571,corner,1,0.9900,3,2110
11740,1865692,corner,1,0.9900,3,2111
11741,1865802,corner,1,0.9900,3,2112
11742,1865943,corner,1,0.9900,3,2113
11743,1866057,corner,1,0.9900,3,2114
11744,1866221,corner,1,0.9900,3,2115
11745,1866465,corner,1,0.9900,3,2116
11746,1866629,corner,1,0.9900,3,2117
11747,1866804,corner,1,0.9900,3,2118
11748,1866932,corner,1,0.9900,3,2119
11749,1867072,corner,1,0.9900,3,2120
11750,1867179,corner,1,0.9900,3,2121
11751,1867283,corner,1,0.9900,3,2122
11752,1867395,corner,1,0.9900,3,2123
11753,1867535,corner,1,0.9900,3,2124
11754,1867670,corner,1,0.9900,3,2125
11755,1867838,corner,1,0.9900,3,2126
11756,1867942,corner,1,0.9900,3,2127
11757,1868076,corner,1,0.9900,3,2128
11758,1868207,corner,1,0.9900,3,2129
11759,1868350,corner,1,0.9900,3,2130
11760,1868488,corner,1,0.9900,3,2131
11761,1868602,corner,1,0.9900,3,2132
11762,1868733,corner,1,0.9900,3,2133
11763,1868840,corner,1,0.9900,3,2134
11764,1868965,corner,1,0.9900,3,2135
11765,1869100,corner,1,0.9900,3,2136
11766,1869232,corner,1,0.9900,3,2137
11767,1869410,corner,1,0.9900,3,2138
11768,1869516,corner,1,0.9900,3,2139
11769,1869623,corner,1,0.9900,3,2140
11770,1869793,corner,1,0.9900,3,2141
11771,1869902,corner,1,0.9900,3,2142
11772,1870052,corner,1,0.9900,3,2143
11773,1870182,corner,1,0.9900,3,2144
11774,1870354,corner,1,0.9900,3,2145
11775,1870496,corner,1,0.9900,3,2146
11776,1870628,corner,1,0.9900,3,2147
11777,1870781,corner,1,0.9900,3,2148
11778,1870926,corner,1,0.9900,3,2149
11779,1871034,corner,1,0.9900,3,2150
11780,1871193,corner,1,0.9900,3,2151
11781,1871295,corner,1,0.9900,3,2152
11782,1871396,corner,1,0.9900,3,2153
11783,1871545,corner,1,0.9900,3,2154
11784,1871686,corner,1,0.9900,3,2155
11785,1871833,corner,1,0.9900,3,2156
11786,1871946,corner,1,0.9900,3,2157
11787,1872124,corner,1,0.9900,3,2158
11788,1872259,corner,1,0.9900,3,2159
11789,1872426,corner,1,0.9900,3,2160
11790,1872548,corner,1,0.9900,3,2161
11791,1872686,corner,1,0.9900,3,2162
11792,1872821,corner,1,0.9900,3,2163
11793,1872929,corner,1,0.9900,3,2164
11794,1873065,corner,1,0.9900,3,2165
11795,1873180,corner,1,0.9900,3,2166
11796,1873336,corner,1,0.9900,3,2167
11797,1873526,corner,1,0.9900,3,2168
11798,1873662,corner,1,0.9900,3,2169
11799,1873797,corner,1,0.9900,3,2170
11800,1873945,corner,1,0.9900,3,2171
11801,1874113,corner,1,0.9900,3,2172
11802,1874229,corner,1,0.9900,3,2173
11803,1874376,corner,1,0.9900,3,2174
11804,1874510,corner,1,0.9900,3,2175
11805,1874641,corner,1,0.9900,3,2176
11806,1874758,corner,1,0.9900,3,2177
11807,1874906,corner,1,0.9900,3,2178
11808,1875039,corner,1,0.9900,3,2179
11809,1875226,corner,1,0.9900,3,2180
11810,1875405,corner,1,0.9900,3,2181
11811,1875508,corner,1,0.9900,3,2182
11812,1875667,corner,1,0.9900,3,2183
11813,1875773,corner,1,0.9900,3,2184
11814,1875897,corner,1,0.9900,3,2185
11815,1876063,corner,1,0.9900,3,2186
11816,1876248,corner,1,0.9900,3,2187
11817,1876406,corner,1,0.9900,3,2188
11818,1876556,corner,1,0.9900,3,2189
11819,1876695,corner,1,0.9900,3,2190
11820,1876801,corner,1,0.9900,3,2191
11821,1876984,corner,1,0.9900,3,2192
11822,1877112,corner,1,0.9900,3,2193
11823,1877239,corner,1,0.9900,3,2194
11824,1877391,corner,1,0.9900,3,2195
11825,1877533,corner,1,0.9900,3,2196
11826,1877643,corner,1,0.9900,3,2197
11827,1877764,corner,1,0.9900,3,2198
11828,1877889,corner,1,0.9900,3,2199
11829,1878021,corner,1,0.9900,3,2200
11830,1878151,corner,1,0.9900,3,2201
11831,1878271,corner,1,0.9900,3,2202
11832,1878370,corner,0,0.9800,3,2203
11833,1878507,corner,1,0.9800,3,2204
11834,1878677,corner,1,0.9800,3,2205
11835,1878780,corner,1,0.9800,3,2206
11836,1878957,corner,1,0.9800,3,2207
11837,1879097,corner,1,0.9800,3,2208
11838,1879204,corner,1,0.9900,3,2209
11839,1879378,corner,1,0.9900,3,2210
11840,1879491,corner,1,0.9900,3,2211
11841,1879639,corner,1,0.9900,3,2212
11842,1879758,corner,1,0.9900,3,2213
11843,1879873,corner,1,0.9900,3,2214
11844,1879984,corner,1,0.9900,3,2215
11845,1880120,corner,1,0.9900,3,2216
11846,1880271,corner,1,0.9900,3,2217
11847,1880404,corner,1,0.9900,3,2218
11848,1880509,corner,1,0.9900,3,2219
11849,1880631,corner,1,0.9900,3,2220
11850,1880736,corner,1,0.9900,3,2221
11851,1880888,corner,1,0.9900,3,2222
11852,1881008,corner,1,0.9900,3,2223
11853,1881150,corner,1,0.9900,3,2224
11854,1881344,corner,1,0.9900,3,2225
11855,1881453,corner,1,0.9900,3,2226
11856,1881563,corner,1,0.9900,3,2227
11857,1881681,corner,1,0.9900,3,2228
11858,1881792,corner,1,0.9900,3,2229
11859,1881915,corner,1,0.9900,3,2230
11860,1882018,corner,1,0.9900,3,2231
11861,1882158,corner,1,0.9900,3,2232
11862,1882266,corner,1,0.9900,3,2233
11863,1882375,corner,1,0.9900,3,2234
11864,1882514,corner,1,0.9900,3,2235
11865,1882626,corner,1,0.9900,3,2236
11866,1882788,corner,1,0.9900,3,2237
11867,1882966,corner,1,0.9900,3,2238
11868,1883083,corner,1,0.9900,3,2239
11869,1883220,corner,1,0.9900,3,2240
11870,1883339,corner,1,0.9900,3,2241
11871,1883451,corner,1,0.9900,3,2242
11872,1883598,corner,1,0.9900,3,2243
11873,1883725,corner,1,0.9900,3,2244
11874,1883844,corner,1,0.9900,3,2245
11875,1884001,corner,1,0.9900,3,2246
11876,1884161,corner,1,0.9900,3,2247
11877,1884353,corner,1,0.9900,3,2248
11878,1884595,corner,1,0.9900,3,2249
11879,1884717,corner,1,0.9900,3,2250
11880,1884854,corner,1,0.9900,3,2251
11881,1884963,corner,1,0.9900,3,2252
11882,1885071,corner,1,0.9900,3,2253
11883,1885233,corner,1,0.9900,3,2254
11884,1885426,corner,1,0.9900,3,2255
11885,1885562,corner,1,0.9900,3,2256
11886,1885710,corner,1,0.9900,3,2257
11887,1885861,corner,1,0.9900,3,2258
11888,1885996,corner,1,0.9900,3,2259
11889,1886100,corner,1,0.9900,3,2260
11890,1886271,corner,1,0.9900,3,2261
11891,1886378,corner,1,0.9900,3,2262
11892,1886519,corner,1,0.9900,3,2263
11893,1886650,corner,1,0.9900,3,2264
11894,1886817,corner,1,0.9900,3,2265
11895,1886984,corner,1,0.9900,3,2266
11896,1887117,corner,1,0.9900,3,2267
11897,1887265,corner,1,0.9900,3,2268
11898,1887383,corner,1,0.9900,3,2269
11899,1887501,corner,1,0.9900,3,2270
11900,1887652,corner,1,0.9900,3,2271
11901,1887811,corner,1,0.9900,3,2272
11902,1887971,corner,1,0.9900,3,2273
11903,1888124,corner,1,0.9900,3,2274
11904,1888270,corner,1,0.9900,3,2275
11905,1888437,corner,1,0.9900,3,2276
11906,1888564,corner,1,0.9900,3,2277
11907,1888701,corner,1,0.9900,3,2278
11908,1888856,corner,1,0.9900,3,2279
11909,1888976,corner,0,0.9800,3,2280
11910,1889111,corner,1,0.9800,3,2281
11911,1889257,corner,1,0.9800,3,2282
11912,1889368,corner,1,0.9800,3,2283
11913,1889504,corner,1,0.9800,3,2284
11914,1889636,corner,1,0.9800,3,2285
11915,1889769,corner,1,0.9800,3,2286
11916,1889931,corner,1,0.9800,3,2287
11917,1890073,corner,1,0.9800,3,2288
11918,1890207,corner,1,0.9800,3,2289
11919,1890372,corner,1,0.9800,3,2290
11920,1890569,corner,1,0.9800,3,2291
11921,1890721,corner,1,0.9800,3,2292
11922,1890829,corner,1,0.9800,3,2293
11923,1890963,corner,1,0.9800,3,2294
11924,1891102,corner,1,0.9800,3,2295
11925,1891207,corner,1,0.9800,3,2296
11926,1891341,corner,1,0.9800,3,2297
11927,1891486,corner,1,0.9800,3,2298
11928,1891592,corner,1,0.9800,3,2299
11929,1891756,corner,1,0.9800,3,2300
11930,1891864,corner,1,0.9800,3,2301
11931,1892004,corner,1,0.9800,3,2302
11932,1892114,corner,1,0.9900,3,2303
11933,1892259,corner,1,0.9900,3,2304
11934,1892385,corner,1,0.9900,3,2305
11935,1892484,corner,0,0.9800,3,2306
11936,1892596,corner,1,0.9800,3,2307
11937,1892710,corner,1,0.9800,3,2308
11938,1892908,corner,1,0.9800,3,2309
11939,1893086,corner,1,0.9800,3,2310
11940,1893226,corner,1,0.9800,3,2311
11941,1893374,corner,1,0.9800,3,2312
11942,1893480,corner,1,0.9800,3,2313
11943,1893617,corner,1,0.9800,3,2314
11944,1893752,corner,1,0.9800,3,2315
11945,1893881,corner,1,0.9800,3,2316
11946,1893986,corner,1,0.9800,3,2317
11947,1894126,corner,1,0.9800,3,2318
11948,1894266,corner,1,0.9800,3,2319
11949,1894369,corner,1,0.9800,3,2320
11950,1894502,corner,1,0.9800,3,2321
11951,1894631,corner,1,0.9800,3,2322
11952,1894738,corner,1,0.9800,3,2323
11953,1894996,corner,1,0.9800,3,2324
11954,1895106,corner,1,0.9800,3,2325
11955,1895242,corner,1,0.9800,3,2326
11956,1895388,corner,1,0.9800,3,2327
11957,1895493,corner,1,0.9800,3,2328
11958,1895622,corner,1,0.9800,3,2329
11959,1895763,corner,1,0.9800,3,2330
11960,1895908,corner,1,0.9800,3,2331
11961,1896064,corner,1,0.9800,3,2332
11962,1896207,corner,1,0.9800,3,2333
11963,1896312,corner,1,0.9800,3,2334
11964,1896422,corner,1,0.9800,3,2335
11965,1896527,corner,1,0.9800,3,2336
11966,1896653,corner,1,0.9800,3,2337
11967,1896788,corner,1,0.9800,3,2338
11968,1896922,corner,1,0.9800,3,2339
11969,1897041,corner,1,0.9800,3,2340
11970,1897180,corner,1,0.9800,3,2341
11971,1897304,corner,1,0.9800,3,2342
11972,1897411,corner,1,0.9800,3,2343
11973,1897645,corner,1,0.9800,3,2344
11974,1897797,corner,1,0.9800,3,2345
11975,1897929,corner,1,0.9800,3,2346
11976,1898045,corner,1,0.9800,3,2347
11977,1898187,corner,1,0.9800,3,2348
11978,1898329,corner,1,0.9800,3,2349
11979,1898443,corner,1,0.9800,3,2350
11980,1898582,corner,1,0.9800,3,2351
11981,1898733,corner,1,0.9800,3,2352
11982,1898883,corner,1,0.9800,3,2353
11983,1899014,corner,1,0.9800,3,2354
11984,1899147,corner,1,0.9800,3,2355
11985,1899473,corner,1,0.9800,3,2356
11986,1899618,corner,1,0.9800,3,2357
11987,1899747,corner,1,0.9800,3,2358
11988,1899893,corner,1,0.9800,3,2359
11989,1900028,corner,1,0.9800,3,2360
11990,1900176,defensive,1,0.9800,4,1
11991,1900325,defensive,1,0.9800,4,2
11992,1900473,defensive,1,0.9800,4,3
11993,1900652,defensive,1,0.9800,4,4
11994,1900788,defensive,1,0.9800,4,5
11995,1900915,defensive,1,0.9800,4,6
11996,1901039,defensive,1,0.9800,4,7
11997,1901187,defensive,1,0.9800,4,8
11998,1901313,defensive,1,0.9800,4,9
11999,1901514,defensive,1,0.9800,4,10
12000,1901670,defensive,1,0.9800,4,11
12001,1901819,defensive,1,0.9800,4,12
12002,1901956,defensive,1,0.9800,4,13
12003,1902088,defensive,1,0.9800,4,14
12004,1902219,defensive,1,0.9800,4,15
12005,1902377,defensive,1,0.9800,4,16
12006,1902594,defensive,1,0.9800,4,17
12007,1902728,defensive,1,0.9800,4,18
12008,1902880,defensive,1,0.9800,4,19
12009,1903054,defensive,1,0.9900,4,20
12010,1903210,defensive,1,0.9900,4,21
12011,1903377,defensive,1,0.9900,4,22
12012,1903556,defensive,1,0.9900,4,23
12013,1903707,defensive,1,0.9900,4,24
12014,1903840,defensive,1,0.9900,4,25
12015,1903986,defensive,1,0.9900,4,26
12016,1905338,defensive,1,0.9900,4,27
12017,1905510,defensive,1,0.9900,4,28
12018,1905700,defensive,1,0.9900,4,29
12019,1905842,defensive,1,0.9900,4,30
12020,1905959,defensive,0,0.9800,4,31
12021,1906080,defensive,1,0.9800,4,32
12022,1906215,defensive,1,0.9800,4,33
12023,1906344,defensive,1,0.9800,4,34
12024,1906496,defensive,1,0.9800,4,35
12025,1906679,defensive,1,0.9800,4,36
12026,1906806,defensive,1,0.9800,4,37
12027,1906932,defensive,1,0.9800,4,38
12028,1907097,defensive,1,0.9800,4,39
12029,1907256,defensive,1,0.9800,4,40
12030,1907579,defensive,1,0.9800,4,41
12031,1907749,defensive,1,0.9800,4,42
12032,1907905,defensive,1,0.9800,4,43
12033,1908054,defensive,1,0.9800,4,44
12034,1908176,defensive,1,0.9800,4,45
12035,1908328,defensive,1,0.9900,4,46
12036,1908461,defensive,1,0.9900,4,47
12037,1908632,defensive,1,0.9900,4,48
12038,1908792,defensive,1,0.9900,4,49
12039,1908951,defensive,1,0.9900,4,50
12040,1909100,defensive,1,0.9900,4,51
12041,1909265,defensive,1,0.9900,4,52
12042,1909424,defensive,1,0.9900,4,53
12043,1909573,defensive,1,0.9900,4,54
12044,1909725,defensive,1,0.9900,4,55
12045,1909952,defensive,1,0.9900,4,56
12046,1910090,defensive,1,0.9900,4,57
12047,1910214,defensive,1,0.9900,4,58
12048,1910375,defensive,1,0.9900,4,59
12049,1910615,defensive,1,0.9900,4,60
12050,1910777,defensive,1,0.9900,4,61
12051,1910936,defensive,1,0.9900,4,62
12052,1911081,defensive,1,0.9900,4,63
12053,1911258,defensive,1,0.9900,4,64
12054,1911449,defensive,1,0.9900,4,65
12055,1911613,defensive,1,0.9900,4,66
12056,1911762,defensive,1,0.9900,4,67
12057,1911889,defensive,1,0.9900,4,68
12058,1912016,defensive,1,0.9900,4,69
12059,1912174,defensive,1,0.9900,4,70
12060,1912326,defensive,1,0.9900,4,71
12061,1912482,defensive,1,0.9900,4,72
12062,1912624,defensive,1,0.9900,4,73
12063,1912843,defensive,1,0.9900,4,74
12064,1912994,defensive,1,0.9900,4,75
12065,1913122,defensive,1,0.9900,4,76
12066,1913243,defensive,1,0.9900,4,77
12067,1913395,defensive,1,0.9900,4,78
12068,1913526,defensive,1,0.9900,4,79
12069,1913654,defensive,1,0.9900,4,80
12070,1913961,defensive,1,0.9900,4,81
12071,1914177,defensive,1,0.9900,4,82
12072,1914331,defensive,1,0.9900,4,83
12073,1914500,defensive,1,0.9900,4,84
12074,1914651,defensive,1,0.9900,4,85
12075,1914891,defensive,1,0.9900,4,86
12076,1915012,defensive,1,0.9900,4,87
12077,1915153,defensive,1,0.9900,4,88
12078,1915285,defensive,1,0.9900,4,89
12079,1915413,defensive,1,0.9900,4,90
12080,1915539,defensive,1,0.9900,4,91
12081,1915685,defensive,1,0.9900,4,92
12082,1915831,defensive,1,0.9900,4,93
12083,1916021,defensive,1,0.9900,4,94
12084,1916214,defensive,1,0.9900,4,95
12085,1916343,defensive,1,0.9900,4,96
12086,1916473,defensive,1,0.9900,4,97
12087,1916629,defensive,1,0.9900,4,98
12088,1916752,defensive,1,0.9900,4,99
12089,1916892,defensive,1,0.9900,4,100
12090,1917035,defensive,1,0.9900,4,101
12091,1917169,defensive,1,0.9900,4,102
12092,1917306,defensive,1,0.9900,4,103
12093,1917489,defensive,1,0.9900,4,104
12094,1917676,defensive,1,0.9900,4,105
12095,1917814,defensive,1,0.9900,4,106
12096,1917972,defensive,1,0.9900,4,107
12097,1918116,defensive,1,0.9900,4,108
12098,1918277,defensive,1,0.9900,4,109
12099,1918448,defensive,1,0.9900,4,110
12100,1918616,defensive,1,0.9900,4,111
12101,1918778,defensive,1,0.9900,4,112
12102,1918917,defensive,1,0.9900,4,113
12103,1919047,defensive,1,0.9900,4,114
12104,1919215,defensive,1,0.9900,4,115
12105,1919385,defensive,1,0.9900,4,116
12106,1919546,defensive,1,0.9900,4,117
12107,1919682,defensive,1,0.9900,4,118
12108,1919808,defensive,1,0.9900,4,119
12109,1919940,defensive,1,0.9900,4,120
12110,1920096,defensive,1,0.9900,4,121
12111,1920225,defensive,1,0.9900,4,122
12112,1920396,defensive,1,0.9900,4,123
12113,1920518,defensive,1,0.9900,4,124
12114,1920709,defensive,1,0.9900,4,125
12115,1920845,defensive,1,0.9900,4,126
12116,1920985,defensive,1,0.9900,4,127
12117,1921131,defensive,1,0.9900,4,128
12118,1921294,defensive,1,0.9900,4,129
12119,1921439,defensive,1,0.9900,4,130
12120,1921572,defensive,1,1.0000,4,131
12121,1921748,defensive,1,1.0000,4,132
12122,1921970,defensive,1,1.0000,4,133
12123,1922149,defensive,1,1.0000,4,134
12124,1922287,defensive,1,1.0000,4,135
12125,1922434,defensive,1,1.0000,4,136
12126,1922595,defensive,1,1.0000,4,137
12127,1922753,defensive,1,1.0000,4,138
12128,1922921,defensive,1,1.0000,4,139
12129,1923076,defensive,1,1.0000,4,140
12130,1923231,defensive,1,1.0000,4,141
12131,1923354,defensive,1,1.0000,4,142
12132,1923516,defensive,1,1.0000,4,143
12133,1923722,defensive,1,1.0000,4,144
12134,1923837,defensive,1,1.0000,4,145
12135,1923970,defensive,1,1.0000,4,146
12136,1924118,defensive,1,1.0000,4,147
12137,1924257,defensive,1,1.0000,4,148
12138,1924386,defensive,1,1.0000,4,149
12139,1924556,defensive,1,1.0000,4,150
12140,1924694,defensive,1,1.0000,4,151
12141,1924849,defensive,1,1.0000,4,152
12142,1925000,defensive,1,1.0000,4,153
12143,1925201,defensive,1,1.0000,4,154
12144,1925334,defensive,1,1.0000,4,155
12145,1925464,defensive,1,1.0000,4,156
12146,1925682,defensive,1,1.0000,4,157
12147,1925830,defensive,1,1.0000,4,158
12148,1925959,defensive,1,1.0000,4,159
12149,1926142,defensive,1,1.0000,4,160
12150,1926304,defensive,1,1.0000,4,161
12151,1926488,defensive,1,1.0000,4,162
12152,1926614,defensive,1,1.0000,4,163
12153,1926774,defensive,1,1.0000,4,164
12154,1926898,defensive,1,1.0000,4,165
12155,1927043,defensive,1,1.0000,4,166
12156,1927202,defensive,1,1.0000,4,167
12157,1927394,defensive,1,1.0000,4,168
12158,1927567,defensive,1,1.0000,4,169
12159,1927710,defensive,1,1.0000,4,170
12160,1927861,defensive,1,1.0000,4,171
12161,1927978,defensive,1,1.0000,4,172
12162,1928110,defensive,1,1.0000,4,173
12163,1928264,defensive,1,1.0000,4,174
12164,1928451,defensive,1,1.0000,4,175
12165,1928764,defensive,1,1.0000,4,176
12166,1928895,defensive,1,1.0000,4,177
12167,1929026,defensive,1,1.0000,4,178
12168,1929161,defensive,1,1.0000,4,179
12169,1929309,defensive,1,1.0000,4,180
12170,1929457,defensive,1,1.0000,4,181
12171,1929626,defensive,1,1.0000,4,182
12172,1929746,defensive,1,1.0000,4,183
12173,1929897,defensive,1,1.0000,4,184
12174,1930029,defensive,1,1.0000,4,185
12175,1930197,defensive,1,1.0000,4,186
12176,1930390,defensive,1,1.0000,4,187
12177,1930562,defensive,1,1.0000,4,188
12178,1930697,defensive,1,1.0000,4,189
12179,1930903,defensive,1,1.0000,4,190
12180,1931065,defensive,1,1.0000,4,191
12181,1931222,defensive,1,1.0000,4,192
12182,1931361,defensive,1,1.0000,4,193
12183,1931486,defensive,1,1.0000,4,194
12184,1931616,defensive,1,1.0000,4,195
12185,1931734,defensive,1,1.0000,4,196
12186,1931913,defensive,1,1.0000,4,197
12187,1932039,defensive,1,1.0000,4,198
12188,1932174,defensive,1,1.0000,4,199
12189,1932308,defensive,1,1.0000,4,200
12190,1932470,defensive,1,1.0000,4,201
12191,1932603,defensive,1,1.0000,4,202
12192,1932732,defensive,1,1.0000,4,203
12193,1932901,defensive,1,1.0000,4,204
12194,1933019,defensive,1,1.0000,4,205
12195,1933181,defensive,1,1.0000,4,206
12196,1933310,defensive,1,1.0000,4,207
12197,1933440,defensive,1,1.0000,4,208
12198,1933605,defensive,1,1.0000,4,209
12199,1933762,defensive,1,1.0000,4,210
12200,1933950,defensive,1,1.0000,4,211
12201,1934117,defensive,1,1.0000,4,212
12202,1934263,defensive,1,1.0000,4,213
12203,1934405,defensive,1,1.0000,4,214
12204,1934538,defensive,1,1.0000,4,215
12205,1934669,defensive,1,1.0000,4,216
12206,1934866,defensive,1,1.0000,4,217
12207,1935002,defensive,1,1.0000,4,218
12208,1935178,defensive,1,1.0000,4,219
12209,1935348,defensive,1,1.0000,4,220
12210,1935505,defensive,1,1.0000,4,221
12211,1935637,defensive,1,1.0000,4,222
12212,1935836,defensive,1,1.0000,4,223
12213,1935982,defensive,1,1.0000,4,224
12214,1936138,defensive,1,1.0000,4,225
12215,1936321,defensive,1,1.0000,4,226
12216,1936447,defensive,1,1.0000,4,227
12217,1936610,defensive,1,1.0000,4,228
12218,1936805,defensive,1,1.0000,4,229
12219,1936934,defensive,1,1.0000,4,230
12220,1937066,defensive,1,1.0000,4,231
12221,1937235,defensive,1,1.0000,4,232
12222,1937355,defensive,1,1.0000,4,233
12223,1937481,defensive,1,1.0000,4,234
12224,1937617,defensive,1,1.0000,4,235
12225,1937774,defensive,1,1.0000,4,236
12226,1937990,defensive,1,1.0000,4,237
12227,1938127,defensive,1,1.0000,4,238
12228,1938279,defensive,1,1.0000,4,239
12229,1938433,defensive,1,1.0000,4,240
12230,1938570,defensive,1,1.0000,4,241
12231,1938737,defensive,1,1.0000,4,242
12232,1938945,defensive,1,1.0000,4,243
12233,1940297,defensive,1,1.0000,4,244
12234,1940487,defensive,1,1.0000,4,245
12235,1940583,defensive,0,0.9900,4,246
12236,1940737,defensive,1,0.9900,4,247
12237,1940949,defensive,1,0.9900,4,248
12238,1941037,defensive,0,0.9800,4,249
12239,1941174,defensive,1,0.9800,4,250
12240,1941344,defensive,1,0.9800,4,251
12241,1941440,defensive,0,0.9700,4,252
12242,1941589,defensive,1,0.9700,4,253
12243,1941729,defensive,1,0.9700,4,254
12244,1941852,defensive,1,0.9700,4,255
12245,1941980,defensive,1,0.9700,4,256
12246,1942115,defensive,1,0.9700,4,257
12247,1942271,defensive,1,0.9700,4,258
12248,1942530,defensive,1,0.9700,4,259
12249,1942674,defensive,1,0.9700,4,260
12250,1942814,defensive,1,0.9700,4,261
12251,1942942,defensive,1,0.9700,4,262
12252,1943090,defensive,1,0.9700,4,263
12253,1943211,defensive,1,0.9700,4,264
12254,1943316,defensive,0,0.9600,4,265
12255,1943452,defensive,1,0.9600,4,266
12256,1943585,defensive,1,0.9600,4,267
12257,1943742,defensive,1,0.9600,4,268
12258,1943933,defensive,1,0.9600,4,269
12259,1944077,defensive,1,0.9600,4,270
12260,1944208,defensive,1,0.9600,4,271
12261,1944344,defensive,1,0.9600,4,272
12262,1944487,defensive,1,0.9600,4,273
12263,1944644,defensive,1,0.9600,4,274
12264,1944909,defensive,1,0.9600,4,275
12265,1945048,defensive,1,0.9600,4,276
12266,1945175,defensive,1,0.9600,4,277
12267,1945343,defensive,1,0.9600,4,278
12268,1945500,defensive,1,0.9600,4,279
12269,1945655,defensive,1,0.9600,4,280
12270,1945781,defensive,1,0.9600,4,281
12271,1945927,defensive,1,0.9600,4,282
12272,1946093,defensive,1,0.9600,4,283
12273,1946266,defensive,1,0.9600,4,284
12274,1946564,defensive,1,0.9600,4,285
12275,1946736,defensive,1,0.9600,4,286
12276,1946874,defensive,1,0.9600,4,287
12277,1947009,defensive,1,0.9600,4,288
12278,1947159,defensive,1,0.9600,4,289
12279,1947292,defensive,1,0.9600,4,290
12280,1947473,defensive,1,0.9600,4,291
12281,1948108,defensive,1,0.9600,4,292
12282,1948251,defensive,1,0.9600,4,293
12283,1948434,defensive,1,0.9600,4,294
12284,1948595,defensive,1,0.9600,4,295
12285,1948727,defensive,1,0.9600,4,296
12286,1948934,defensive,1,0.9600,4,297
12287,1949093,defensive,1,0.9600,4,298
12288,1949232,defensive,1,0.9600,4,299
12289,1949396,defensive,1,0.9600,4,300
12290,1949536,defensive,1,0.9600,4,301
12291,1949745,defensive,1,0.9600,4,302
12292,1949918,defensive,1,0.9600,4,303
12293,1950059,defensive,1,0.9600,4,304
12294,1950187,defensive,1,0.9600,4,305
12295,1950332,defensive,1,0.9600,4,306
12296,1950457,defensive,1,0.9600,4,307
12297,1950589,defensive,1,0.9600,4,308
12298,1951941,defensive,1,0.9600,4,309
12299,1952197,defensive,1,0.9600,4,310
12300,1952320,defensive,1,0.9600,4,311
12301,1952447,defensive,1,0.9600,4,312
12302,1952673,defensive,1,0.9600,4,313
12303,1952874,defensive,1,0.9600,4,314
12304,1953005,defensive,1,0.9600,4,315
12305,1953132,defensive,1,0.9600,4,316
12306,1953257,defensive,1,0.9600,4,317
12307,1953421,defensive,1,0.9600,4,318
12308,1953632,defensive,1,0.9600,4,319
12309,1953766,defensive,1,0.9600,4,320
12310,1953930,defensive,1,0.9600,4,321
12311,1954065,defensive,1,0.9600,4,322
12312,1954201,defensive,1,0.9600,4,323
12313,1954324,defensive,1,0.9600,4,324
12314,1954465,defensive,1,0.9600,4,325
12315,1954616,defensive,1,0.9600,4,326
12316,1954867,defensive,1,0.9600,4,327
12317,1955005,defensive,1,0.9600,4,328
12318,1955130,defensive,1,0.9600,4,329
12319,1955310,defensive,1,0.9600,4,330
12320,1955465,defensive,1,0.9600,4,331
12321,1955594,defensive,1,0.9600,4,332
12322,1955710,defensive,1,0.9600,4,333
12323,1955855,defensive,1,0.9600,4,334
12324,1955986,defensive,1,0.9600,4,335
12325,1956070,defensive,0,0.9500,4,336
12326,1956394,defensive,1,0.9500,4,337
12327,1956674,defensive,1,0.9500,4,338
12328,1956801,defensive,1,0.9500,4,339
12329,1956968,defensive,1,0.9500,4,340
12330,1957137,defensive,1,0.9500,4,341
12331,1957267,defensive,1,0.9500,4,342
12332,1957360,defensive,0,0.9400,4,343
12333,1957495,defensive,1,0.9400,4,344
12334,1957640,defensive,1,0.9400,4,345
12335,1957791,defensive,1,0.9500,4,346
12336,1957932,defensive,1,0.9500,4,347
12337,1958050,defensive,1,0.9500,4,348
12338,1958183,defensive,1,0.9600,4,349
12339,1958329,defensive,1,0.9600,4,350
12340,1958451,defensive,1,0.9600,4,351
12341,1958593,defensive,1,0.9700,4,352
12342,1958899,defensive,1,0.9700,4,353
12343,1959031,defensive,1,0.9700,4,354
12344,1959179,defensive,1,0.9700,4,355
12345,1959301,defensive,1,0.9700,4,356
12346,1959436,defensive,1,0.9700,4,357
12347,1959583,defensive,1,0.9700,4,358
12348,1959725,defensive,1,0.9700,4,359
12349,1959883,defensive,1,0.9700,4,360
12350,1960055,defensive,1,0.9700,4,361
12351,1960177,defensive,1,0.9700,4,362
12352,1960327,defensive,1,0.9700,4,363
12353,1960495,defensive,1,0.9700,4,364
12354,1960642,defensive,1,0.9800,4,365
12355,1960904,defensive,1,0.9800,4,366
12356,1961067,defensive,1,0.9800,4,367
12357,1961277,defensive,1,0.9800,4,368
12358,1961504,defensive,1,0.9800,4,369
12359,1961637,defensive,1,0.9800,4,370
12360,1961787,defensive,1,0.9800,4,371
12361,1961955,defensive,1,0.9800,4,372
12362,1962099,defensive,1,0.9800,4,373
12363,1962323,defensive,1,0.9800,4,374
12364,1962467,defensive,1,0.9800,4,375
12365,1962663,defensive,1,0.9800,4,376
12366,1962790,defensive,1,0.9800,4,377
12367,1962919,defensive,1,0.9800,4,378
12368,1963049,defensive,1,0.9800,4,379
12369,1963315,defensive,1,0.9800,4,380
12370,1963433,defensive,1,0.9800,4,381
12371,1963536,defensive,1,0.9800,4,382
12372,1963661,defensive,1,0.9800,4,383
12373,1965013,defensive,1,0.9800,4,384
12374,1965197,defensive,1,0.9800,4,385
12375,1965351,defensive,1,0.9800,4,386
12376,1965483,defensive,1,0.9800,4,387
12377,1965635,defensive,1,0.9800,4,388
12378,1965756,defensive,1,0.9800,4,389
12379,1965889,defensive,1,0.9800,4,390
12380,1966033,defensive,1,0.9800,4,391
12381,1966159,defensive,1,0.9800,4,392
12382,1966279,defensive,1,0.9800,4,393
12383,1966427,defensive,1,0.9800,4,394
12384,1966574,defensive,1,0.9800,4,395
12385,1967926,defensive,1,0.9800,4,396
12386,1968076,defensive,1,0.9800,4,397
12387,1968259,defensive,1,0.9800,4,398
12388,1968388,defensive,1,0.9800,4,399
12389,1968595,defensive,1,0.9800,4,400
12390,1968720,defensive,1,0.9800,4,401
12391,1968849,defensive,1,0.9800,4,402
12392,1969014,defensive,1,0.9800,4,403
12393,1969152,defensive,1,0.9800,4,404
12394,1969276,defensive,1,0.9800,4,405
12395,1969400,defensive,1,0.9800,4,406
12396,1969550,defensive,1,0.9800,4,407
12397,1969714,defensive,1,0.9800,4,408
12398,1969856,defensive,1,0.9800,4,409
12399,1969991,defensive,1,0.9800,4,410
12400,1970135,defensive,1,0.9800,4,411
12401,1970266,defensive,1,0.9800,4,412
12402,1970408,defensive,1,0.9800,4,413
12403,1970543,defensive,1,0.9800,4,414
12404,1970668,defensive,1,0.9800,4,415
12405,1970806,defensive,1,0.9800,4,416
12406,1970952,defensive,1,0.9800,4,417
12407,1971093,defensive,1,0.9800,4,418
12408,1971263,defensive,1,0.9800,4,419
12409,1971404,defensive,1,0.9800,4,420
12410,1971552,defensive,1,0.9800,4,421
12411,1971693,defensive,1,0.9800,4,422
12412,1971825,defensive,1,0.9800,4,423
12413,1971965,defensive,1,0.9800,4,424
12414,1972088,defensive,1,0.9800,4,425
12415,1972384,defensive,1,0.9800,4,426
12416,1972558,defensive,1,0.9800,4,427
12417,1972679,defensive,1,0.9800,4,428
12418,1972802,defensive,1,0.9800,4,429
12419,1972950,defensive,1,0.9800,4,430
12420,1973075,defensive,1,0.9800,4,431
12421,1973197,defensive,1,0.9800,4,432
12422,1973347,defensive,1,0.9800,4,433
12423,1973476,defensive,1,0.9800,4,434
12424,1973685,defensive,1,0.9800,4,435
12425,1973829,defensive,1,0.9900,4,436
12426,1973967,defensive,1,0.9900,4,437
12427,1974118,defensive,1,0.9900,4,438
12428,1974280,defensive,1,0.9900,4,439
12429,1974435,defensive,1,0.9900,4,440
12430,1974562,defensive,1,0.9900,4,441
12431,1974697,defensive,1,0.9900,4,442
12432,1974826,defensive,1,1.0000,4,443
12433,1974995,defensive,1,1.0000,4,444
12434,1975118,defensive,1,1.0000,4,445
12435,1975262,defensive,1,1.0000,4,446
12436,1975398,defensive,1,1.0000,4,447
12437,1976750,defensive,1,1.0000,4,448
12438,1976875,defensive,1,1.0000,4,449
12439,1977041,defensive,1,1.0000,4,450
12440,1977172,defensive,1,1.0000,4,451
12441,1977307,defensive,1,1.0000,4,452
12442,1977443,defensive,1,1.0000,4,453
12443,1977590,defensive,1,1.0000,4,454
12444,1977738,defensive,1,1.0000,4,455
12445,1977865,defensive,1,1.0000,4,456
12446,1978013,defensive,1,1.0000,4,457
12447,1978172,defensive,1,1.0000,4,458
12448,1978304,defensive,1,1.0000,4,459
12449,1978538,defensive,1,1.0000,4,460
12450,1978657,defensive,1,1.0000,4,461
12451,1978843,defensive,1,1.0000,4,462
12452,1978989,defensive,1,1.0000,4,463
12453,1979112,defensive,1,1.0000,4,464
12454,1979260,defensive,1,1.0000,4,465
12455,1979387,defensive,1,1.0000,4,466
12456,1979516,defensive,1,1.0000,4,467
12457,1979700,defensive,1,1.0000,4,468
12458,1979865,defensive,1,1.0000,4,469
12459,1980019,defensive,1,1.0000,4,470
12460,1980187,defensive,1,1.0000,4,471
12461,1980346,defensive,1,1.0000,4,472
12462,1980514,defensive,1,1.0000,4,473
12463,1980647,defensive,1,1.0000,4,474
12464,1980776,defensive,1,1.0000,4,475
12465,1980902,defensive,1,1.0000,4,476
12466,1981055,defensive,1,1.0000,4,477
12467,1981229,defensive,1,1.0000,4,478
12468,1981450,defensive,1,1.0000,4,479
12469,1981581,defensive,1,1.0000,4,480
12470,1981730,defensive,1,1.0000,4,481
12471,1981862,defensive,1,1.0000,4,482
12472,1982000,defensive,1,1.0000,4,483
12473,1982242,defensive,1,1.0000,4,484
12474,1982370,defensive,1,1.0000,4,485
12475,1982503,defensive,1,1.0000,4,486
12476,1982658,defensive,1,1.0000,4,487
12477,1982968,defensive,1,1.0000,4,488
12478,1983105,defensive,1,1.0000,4,489
12479,1983293,defensive,1,1.0000,4,490
12480,1983418,defensive,1,1.0000,4,491
12481,1983550,defensive,1,1.0000,4,492
12482,1983715,defensive,1,1.0000,4,493
12483,1983861,defensive,1,1.0000,4,494
12484,1984004,defensive,1,1.0000,4,495
12485,1984167,defensive,1,1.0000,4,496
12486,1984297,defensive,1,1.0000,4,497
12487,1984447,defensive,1,1.0000,4,498
12488,1984567,defensive,1,1.0000,4,499
12489,1984799,defensive,1,1.0000,4,500
12490,1984922,defensive,1,1.0000,4,501
12491,1985017,defensive,0,0.9900,4,502
12492,1985150,defensive,1,0.9900,4,503
12493,1985279,defensive,1,0.9900,4,504
12494,1985400,defensive,1,0.9900,4,505
12495,1985538,defensive,1,0.9900,4,506
12496,1985759,defensive,1,0.9900,4,507
12497,1985901,defensive,1,0.9900,4,508
12498,1986049,defensive,1,0.9900,4,509
12499,1986196,defensive,1,0.9900,4,510
12500,1986320,defensive,1,0.9900,4,511
12501,1986486,defensive,1,0.9900,4,512
12502,1986629,defensive,1,0.9900,4,513
12503,1986757,defensive,1,0.9900,4,514
12504,1986914,defensive,1,0.9900,4,515
12505,1987091,defensive,1,0.9900,4,516
12506,1987215,defensive,1,0.9900,4,517
12507,1987341,defensive,1,0.9900,4,518
12508,1987483,defensive,1,0.9900,4,519
12509,1987612,defensive,1,0.9900,4,520
12510,1987758,defensive,1,0.9900,4,521
12511,1987971,defensive,1,0.9900,4,522
12512,1988224,defensive,1,0.9900,4,523
12513,1988357,defensive,1,0.9900,4,524
12514,1988528,defensive,1,0.9900,4,525
12515,1988681,defensive,1,0.9900,4,526
12516,1988827,defensive,1,0.9900,4,527
12517,1988981,defensive,1,0.9900,4,528
12518,1989230,defensive,1,0.9900,4,529
12519,1989353,defensive,1,0.9900,4,530
12520,1989481,defensive,1,0.9900,4,531
12521,1989581,defensive,1,0.9900,4,532
12522,1989737,defensive,1,0.9900,4,533
12523,1989863,defensive,1,0.9900,4,534
12524,1990036,defensive,1,0.9900,4,535
12525,1990181,defensive,1,0.9900,4,536
12526,1990312,defensive,1,0.9900,4,537
12527,1990446,defensive,1,0.9900,4,538
12528,1990593,defensive,1,0.9900,4,539
12529,1990747,defensive,1,0.9900,4,540
12530,1990886,defensive,1,0.9900,4,541
12531,1991020,defensive,1,0.9900,4,542
12532,1991167,defensive,1,0.9900,4,543
12533,1991371,defensive,1,0.9900,4,544
12534,1991521,defensive,1,0.9900,4,545
12535,1991651,defensive,1,0.9900,4,546
12536,1991774,defensive,1,0.9900,4,547
12537,1991948,defensive,1,0.9900,4,548
12538,1992060,defensive,1,0.9900,4,549
12539,1992150,defensive,0,0.9800,4,550
12540,1992281,defensive,1,0.9800,4,551
12541,1992406,defensive,1,0.9800,4,552
12542,1992530,defensive,1,0.9800,4,553
12543,1992671,defensive,1,0.9800,4,554
12544,1992887,defensive,1,0.9800,4,555
12545,1993055,defensive,1,0.9800,4,556
12546,1993257,defensive,1,0.9800,4,557
12547,1993433,defensive,1,0.9800,4,558
12548,1993566,defensive,1,0.9800,4,559
12549,1993691,defensive,1,0.9800,4,560
12550,1993813,defensive,1,0.9800,4,561
12551,1993985,defensive,1,0.9800,4,562
12552,1994112,defensive,1,0.9800,4,563
12553,1994235,defensive,1,0.9800,4,564
12554,1994422,defensive,1,0.9800,4,565
12555,1994558,defensive,1,0.9800,4,566
12556,1994744,defensive,1,0.9800,4,567
12557,1994831,defensive,0,0.9700,4,568
12558,1994954,defensive,1,0.9700,4,569
12559,1995080,defensive,1,0.9700,4,570
12560,1995262,defensive,1,0.9700,4,571
12561,1995461,defensive,1,0.9700,4,572
12562,1995614,defensive,1,0.9700,4,573
12563,1995746,defensive,1,0.9700,4,574
12564,1995877,defensive,1,0.9700,4,575
12565,1996008,defensive,1,0.9700,4,576
12566,1996192,defensive,1,0.9700,4,577
12567,1996316,defensive,1,0.9700,4,578
12568,1996447,defensive,1,0.9700,4,579
12569,1996601,defensive,1,0.9700,4,580
12570,1996749,defensive,1,0.9700,4,581
12571,1996881,defensive,1,0.9700,4,582
12572,1997047,defensive,1,0.9700,4,583
12573,1997147,defensive,1,0.9700,4,584
12574,1997280,defensive,1,0.9700,4,585
12575,1997408,defensive,1,0.9700,4,586
12576,1997562,defensive,1,0.9700,4,587
12577,1997702,defensive,1,0.9700,4,588
12578,1997838,defensive,1,0.9700,4,589
12579,1998005,defensive,1,0.9700,4,590
12580,1998145,defensive,1,0.9700,4,591
12581,1998238,defensive,1,0.9700,4,592
12582,1998366,defensive,1,0.9700,4,593
12583,1998503,defensive,1,0.9700,4,594
12584,1998641,defensive,1,0.9700,4,595
12585,1998785,defensive,1,0.9700,4,596
12586,1998952,defensive,1,0.9700,4,597
12587,2000304,defensive,1,0.9700,4,598
12588,2000434,defensive,1,0.9700,4,599
12589,2000564,defensive,1,0.9700,4,600
12590,2000732,defensive,1,0.9700,4,601
12591,2000827,defensive,1,0.9800,4,602
12592,2000950,defensive,1,0.9800,4,603
12593,2001071,defensive,1,0.9800,4,604
12594,2001314,defensive,1,0.9800,4,605
12595,2001432,defensive,1,0.9800,4,606
12596,2001583,defensive,1,0.9800,4,607
12597,2001715,defensive,1,0.9800,4,608
12598,2001887,defensive,1,0.9800,4,609
12599,2002024,defensive,1,0.9800,4,610
12600,2002153,defensive,1,0.9800,4,611
12601,2002366,defensive,1,0.9800,4,612
12602,2002514,defensive,1,0.9800,4,613
12603,2002642,defensive,1,0.9800,4,614
12604,2002784,defensive,1,0.9800,4,615
12605,2002876,defensive,1,0.9800,4,616
12606,2003004,defensive,1,0.9800,4,617
12607,2003137,defensive,1,0.9800,4,618
12608,2003329,defensive,1,0.9800,4,619
12609,2003455,defensive,1,0.9800,4,620
12610,2003580,defensive,1,0.9800,4,621
12611,2003726,defensive,1,0.9800,4,622
12612,2003878,defensive,1,0.9800,4,623
12613,2003972,defensive,1,0.9800,4,624
12614,2004101,defensive,1,0.9800,4,625
12615,2004231,defensive,1,0.9800,4,626
12616,2004359,defensive,1,0.9800,4,627
12617,2004537,defensive,1,0.9800,4,628
12618,2004662,defensive,1,0.9800,4,629
12619,2004786,defensive,1,0.9800,4,630
12620,2004942,defensive,1,0.9800,4,631
12621,2005071,defensive,1,0.9800,4,632
12622,2005197,defensive,1,0.9800,4,633
12623,2005317,defensive,1,0.9800,4,634
12624,2005469,defensive,1,0.9800,4,635
12625,2005571,defensive,1,0.9800,4,636
12626,2005702,defensive,1,0.9800,4,637
12627,2005827,defensive,1,0.9800,4,638
12628,2005984,defensive,1,0.9800,4,639
12629,2006153,defensive,1,0.9800,4,640
12630,2006244,defensive,1,0.9800,4,641
12631,2006385,defensive,1,0.9800,4,642
12632,2006527,defensive,1,0.9800,4,643
12633,2006707,defensive,1,0.9800,4,644
12634,2006841,defensive,1,0.9800,4,645
12635,2006966,defensive,1,0.9800,4,646
12636,2007113,defensive,1,0.9800,4,647
12637,2007250,defensive,1,0.9800,4,648
12638,2007403,defensive,1,0.9800,4,649
12639,2007506,defensive,1,0.9900,4,650
12640,2007627,defensive,1,0.9900,4,651
12641,2007834,defensive,1,0.9900,4,652
12642,2007995,defensive,1,0.9900,4,653
12643,2008113,defensive,1,0.9900,4,654
12644,2008207,defensive,1,0.9900,4,655
12645,2008346,defensive,1,0.9900,4,656
12646,2008486,defensive,1,0.9900,4,657
12647,2008679,defensive,1,0.9900,4,658
12648,2008814,defensive,1,0.9900,4,659
12649,2008974,defensive,1,0.9900,4,660
12650,2009171,defensive,1,0.9900,4,661
12651,2009306,defensive,1,0.9900,4,662
12652,2009458,defensive,1,0.9900,4,663
12653,2010810,defensive,1,0.9900,4,664
12654,2010936,defensive,1,0.9900,4,665
12655,2011056,defensive,1,0.9900,4,666
12656,2011196,defensive,1,0.9900,4,667
12657,2011325,defensive,1,1.0000,4,668
12658,2011453,defensive,1,1.0000,4,669
12659,2011590,defensive,1,1.0000,4,670
12660,2011756,defensive,1,1.0000,4,671
12661,2011915,defensive,1,1.0000,4,672
12662,2012043,defensive,1,1.0000,4,673
12663,2012160,defensive,1,1.0000,4,674
12664,2012327,defensive,1,1.0000,4,675
12665,2012448,defensive,1,1.0000,4,676
12666,2012697,defensive,1,1.0000,4,677
12667,2012849,defensive,1,1.0000,4,678
12668,2012979,defensive,1,1.0000,4,679
12669,2013128,defensive,1,1.0000,4,680
12670,2013264,defensive,1,1.0000,4,681
12671,2013402,defensive,1,1.0000,4,682
12672,2013561,defensive,1,1.0000,4,683
12673,2013684,defensive,1,1.0000,4,684
12674,2013818,defensive,1,1.0000,4,685
12675,2013949,defensive,1,1.0000,4,686
12676,2014104,defensive,1,1.0000,4,687
12677,2014256,defensive,1,1.0000,4,688
12678,2014395,defensive,1,1.0000,4,689
12679,2014526,defensive,1,1.0000,4,690
12680,2014681,defensive,1,1.0000,4,691
12681,2014810,defensive,1,1.0000,4,692
12682,2014911,defensive,0,0.9900,4,693
12683,2015061,defensive,1,0.9900,4,694
12684,2015216,defensive,1,0.9900,4,695
12685,2015344,defensive,1,0.9900,4,696
12686,2015467,defensive,1,0.9900,4,697
12687,2015559,defensive,0,0.9800,4,698
12688,2015689,defensive,1,0.9800,4,699
12689,2015777,defensive,0,0.9700,4,700
12690,2015926,defensive,1,0.9700,4,701
12691,2016051,defensive,1,0.9700,4,702
12692,2016149,defensive,0,0.9600,4,703
12693,2016299,defensive,1,0.9600,4,704
12694,2016455,defensive,1,0.9600,4,705
12695,2016586,defensive,1,0.9600,4,706
12696,2016713,defensive,1,0.9600,4,707
12697,2016952,defensive,1,0.9600,4,708
12698,2017081,defensive,1,0.9600,4,709
12699,2017225,defensive,1,0.9600,4,710
12700,2017354,defensive,1,0.9600,4,711
12701,2017483,defensive,1,0.9600,4,712
12702,2017639,defensive,1,0.9600,4,713
12703,2017767,defensive,1,0.9600,4,714
12704,2017901,defensive,1,0.9600,4,715
12705,2017986,defensive,0,0.9500,4,716
12706,2018103,defensive,1,0.9500,4,717
12707,2018242,defensive,1,0.9500,4,718
12708,2018365,defensive,1,0.9500,4,719
12709,2018465,defensive,1,0.9500,4,720
12710,2018596,defensive,1,0.9500,4,721
12711,2018730,defensive,1,0.9500,4,722
12712,2018920,defensive,1,0.9500,4,723
12713,2019068,defensive,1,0.9500,4,724
12714,2019211,defensive,1,0.9500,4,725
12715,2019337,defensive,1,0.9500,4,726
12716,2019616,defensive,1,0.9500,4,727
12717,2019754,defensive,1,0.9500,4,728
12718,2020015,defensive,1,0.9500,4,729
12719,2020151,defensive,1,0.9500,4,730
12720,2020611,defensive,1,0.9500,4,731
12721,2020740,defensive,1,0.9500,4,732
12722,2022092,defensive,1,0.9500,4,733
12723,2022288,defensive,1,0.9500,4,734
12724,2022417,defensive,1,0.9500,4,735
12725,2022543,defensive,1,0.9500,4,736
12726,2022671,defensive,1,0.9500,4,737
12727,2022818,defensive,1,0.9500,4,738
12728,2022948,defensive,1,0.9500,4,739
12729,2023074,defensive,1,0.9500,4,740
12730,2023219,defensive,1,0.9500,4,741
12731,2023354,defensive,1,0.9500,4,742
12732,2023541,defensive,1,0.9500,4,743
12733,2023747,defensive,1,0.9500,4,744
12734,2023872,defensive,1,0.9500,4,745
12735,2024018,defensive,1,0.9500,4,746
12736,2024169,defensive,1,0.9500,4,747
12737,2024295,defensive,1,0.9500,4,748
12738,2024421,defensive,1,0.9500,4,749
12739,2024553,defensive,1,0.9500,4,750
12740,2024677,defensive,1,0.9500,4,751
12741,2024809,defensive,1,0.9500,4,752
12742,2024939,defensive,1,0.9500,4,753
12743,2025063,defensive,1,0.9500,4,754
12744,2025189,defensive,1,0.9500,4,755
12745,2025309,defensive,1,0.9500,4,756
12746,2025436,defensive,1,0.9500,4,757
12747,2025555,defensive,1,0.9500,4,758
12748,2025685,defensive,1,0.9500,4,759
12749,2025843,defensive,1,0.9500,4,760
12750,2025997,defensive,1,0.9500,4,761
12751,2026150,defensive,1,0.9500,4,762
12752,2026274,defensive,1,0.9500,4,763
12753,2026411,defensive,1,0.9500,4,764
12754,2026549,defensive,1,0.9500,4,765
12755,2026666,defensive,1,0.9500,4,766
12756,2026802,defensive,1,0.9500,4,767
12757,2026923,defensive,1,0.9500,4,768
12758,2027049,defensive,1,0.9500,4,769
12759,2027175,defensive,1,0.9500,4,770
12760,2027346,defensive,1,0.9500,4,771
12761,2027466,defensive,1,0.9500,4,772
12762,2027615,defensive,1,0.9500,4,773
12763,2027711,defensive,0,0.9400,4,774
12764,2027835,defensive,1,0.9400,4,775
12765,2027972,defensive,1,0.9400,4,776
12766,2028250,defensive,1,0.9400,4,777
12767,2028385,defensive,1,0.9400,4,778
12768,2028518,defensive,1,0.9400,4,779
12769,2028646,defensive,1,0.9400,4,780
12770,2028770,defensive,1,0.9400,4,781
12771,2028932,defensive,1,0.9400,4,782
12772,2029102,defensive,1,0.9400,4,783
12773,2029217,defensive,1,0.9400,4,784
12774,2029361,defensive,1,0.9400,4,785
12775,2029500,defensive,1,0.9400,4,786
12776,2029651,defensive,1,0.9400,4,787
12777,2029785,defensive,1,0.9400,4,788
12778,2029918,defensive,1,0.9400,4,789
12779,2030061,defensive,1,0.9400,4,790
12780,2030212,defensive,1,0.9400,4,791
12781,2030380,defensive,1,0.9400,4,792
12782,2030569,defensive,1,0.9500,4,793
12783,2030705,defensive,1,0.9500,4,794
12784,2030861,defensive,1,0.9500,4,795
12785,2030985,defensive,1,0.9500,4,796
12786,2031110,defensive,1,0.9500,4,797
12787,2031260,defensive,1,0.9600,4,798
12788,2031394,defensive,1,0.9600,4,799
12789,2031535,defensive,1,0.9700,4,800
12790,2031706,defensive,1,0.9700,4,801
12791,2031832,defensive,1,0.9700,4,802
12792,2031963,defensive,1,0.9800,4,803
12793,2032141,defensive,1,0.9800,4,804
12794,2032263,defensive,1,0.9800,4,805
12795,2032389,defensive,1,0.9800,4,806
12796,2032505,defensive,1,0.9800,4,807
12797,2032679,defensive,1,0.9800,4,808
12798,2032814,defensive,1,0.9800,4,809
12799,2032939,defensive,1,0.9800,4,810
12800,2033068,defensive,1,0.9800,4,811
12801,2033199,defensive,1,0.9800,4,812
12802,2033300,defensive,1,0.9800,4,813
12803,2033444,defensive,1,0.9800,4,814
12804,2033566,defensive,1,0.9800,4,815
12805,2033702,defensive,1,0.9900,4,816
12806,2033826,defensive,1,0.9900,4,817
12807,2033945,defensive,1,0.9900,4,818
12808,2034068,defensive,1,0.9900,4,819
12809,2034194,defensive,1,0.9900,4,820
12810,2034324,defensive,1,0.9900,4,821
12811,2034444,defensive,1,0.9900,4,822
12812,2034562,defensive,1,0.9900,4,823
12813,2034707,defensive,1,0.9900,4,824
12814,2034827,defensive,1,0.9900,4,825
12815,2034958,defensive,1,0.9900,4,826
12816,2035133,defensive,1,0.9900,4,827
12817,2035261,defensive,1,0.9900,4,828
12818,2035383,defensive,1,0.9900,4,829
12819,2035510,defensive,1,0.9900,4,830
12820,2035635,defensive,1,0.9900,4,831
12821,2035760,defensive,1,0.9900,4,832
12822,2035922,defensive,1,0.9900,4,833
12823,2036073,defensive,1,0.9900,4,834
12824,2036193,defensive,1,0.9900,4,835
12825,2036324,defensive,1,0.9900,4,836
12826,2036455,defensive,1,0.9900,4,837
12827,2036601,defensive,1,0.9900,4,838
12828,2036731,defensive,1,0.9900,4,839
12829,2036863,defensive,1,0.9900,4,840
12830,2036994,defensive,1,0.9900,4,841
12831,2037131,defensive,1,0.9900,4,842
12832,2037285,defensive,1,0.9900,4,843
12833,2037405,defensive,1,0.9900,4,844
12834,2037615,defensive,1,0.9900,4,845
12835,2037754,defensive,1,0.9900,4,846
12836,2037902,defensive,1,0.9900,4,847
12837,2038047,defensive,1,0.9900,4,848
12838,2038205,defensive,1,0.9900,4,849
12839,2038326,defensive,1,0.9900,4,850
12840,2038556,defensive,1,0.9900,4,851
12841,2038693,defensive,1,0.9900,4,852
12842,2038795,defensive,1,0.9900,4,853
12843,2038932,defensive,1,0.9900,4,854
12844,2039100,defensive,1,0.9900,4,855
12845,2039233,defensive,1,0.9900,4,856
12846,2039371,defensive,1,0.9900,4,857
12847,2039523,defensive,1,0.9900,4,858
12848,2039682,defensive,1,0.9900,4,859
12849,2039802,defensive,1,0.9900,4,860
12850,2039916,defensive,1,0.9900,4,861
12851,2040047,defensive,1,0.9900,4,862
12852,2040202,defensive,1,0.9900,4,863
12853,2040341,defensive,1,0.9900,4,864
12854,2040477,defensive,1,0.9900,4,865
12855,2040601,defensive,1,0.9900,4,866
12856,2040696,defensive,1,0.9900,4,867
12857,2040835,defensive,1,0.9900,4,868
12858,2041010,defensive,1,0.9900,4,869
12859,2041145,defensive,1,0.9900,4,870
12860,2041281,defensive,1,0.9900,4,871
12861,2041424,defensive,1,0.9900,4,872
12862,2041538,defensive,1,0.9900,4,873
12863,2041658,defensive,1,1.0000,4,874
12864,2041800,defensive,1,1.0000,4,875
12865,2041934,defensive,1,1.0000,4,876
12866,2042087,defensive,1,1.0000,4,877
12867,2042222,defensive,1,1.0000,4,878
12868,2042346,defensive,1,1.0000,4,879
12869,2042467,defensive,1,1.0000,4,880
12870,2042617,defensive,1,1.0000,4,881
12871,2042741,defensive,1,1.0000,4,882
12872,2042876,defensive,1,1.0000,4,883
12873,2043056,defensive,1,1.0000,4,884
12874,2043191,defensive,1,1.0000,4,885
12875,2043293,defensive,1,1.0000,4,886
12876,2043433,defensive,1,1.0000,4,887
12877,2043582,defensive,1,1.0000,4,888
12878,2043705,defensive,1,1.0000,4,889
12879,2043840,defensive,1,1.0000,4,890
12880,2043976,defensive,1,1.0000,4,891
12881,2044148,defensive,1,1.0000,4,892
12882,2044356,defensive,1,1.0000,4,893
12883,2044482,defensive,1,1.0000,4,894
12884,2044604,defensive,1,1.0000,4,895
12885,2044724,defensive,1,1.0000,4,896
12886,2044981,defensive,1,1.0000,4,897
12887,2045130,defensive,1,1.0000,4,898
12888,2045261,defensive,1,1.0000,4,899
12889,2045379,defensive,1,1.0000,4,900
12890,2045519,defensive,1,1.0000,4,901
12891,2045659,defensive,1,1.0000,4,902
12892,2045829,defensive,1,1.0000,4,903
12893,2045963,defensive,1,1.0000,4,904
12894,2046093,defensive,1,1.0000,4,905
12895,2046219,defensive,1,1.0000,4,906
12896,2046316,defensive,1,1.0000,4,907
12897,2046442,defensive,1,1.0000,4,908
12898,2046614,defensive,1,1.0000,4,909
12899,2046713,defensive,1,1.0000,4,910
12900,2046903,defensive,1,1.0000,4,911
12901,2046997,defensive,1,1.0000,4,912
12902,2047142,defensive,1,1.0000,4,913
12903,2047287,defensive,1,1.0000,4,914
12904,2047436,defensive,1,1.0000,4,915
12905,2047556,defensive,1,1.0000,4,916
12906,2047723,defensive,1,1.0000,4,917
12907,2047860,defensive,1,1.0000,4,918
12908,2048003,defensive,1,1.0000,4,919
12909,2048166,defensive,1,1.0000,4,920
12910,2048303,defensive,1,1.0000,4,921
12911,2048428,defensive,1,1.0000,4,922
12912,2048548,defensive,1,1.0000,4,923
12913,2048672,defensive,1,1.0000,4,924
12914,2048842,defensive,1,1.0000,4,925
12915,2048937,defensive,1,1.0000,4,926
12916,2049085,defensive,1,1.0000,4,927
12917,2049216,defensive,1,1.0000,4,928
12918,2049339,defensive,1,1.0000,4,929
12919,2049551,defensive,1,1.0000,4,930
12920,2049689,defensive,1,1.0000,4,931
12921,2049839,defensive,1,1.0000,4,932
12922,2049969,defensive,1,1.0000,4,933
12923,2050092,defensive,1,1.0000,4,934
12924,2050215,defensive,1,1.0000,4,935
12925,2050354,defensive,1,1.0000,4,936
12926,2050492,defensive,1,1.0000,4,937
12927,2050729,defensive,1,1.0000,4,938
12928,2050880,defensive,1,1.0000,4,939
12929,2051001,defensive,1,1.0000,4,940
12930,2051128,defensive,1,1.0000,4,941
12931,2051224,defensive,1,1.0000,4,942
12932,2051355,defensive,1,1.0000,4,943
12933,2051493,defensive,1,1.0000,4,944
12934,2051588,defensive,1,1.0000,4,945
12935,2051707,defensive,1,1.0000,4,946
12936,2051851,defensive,1,1.0000,4,947
12937,2051995,defensive,1,1.0000,4,948
12938,2052136,defensive,1,1.0000,4,949
12939,2052289,defensive,1,1.0000,4,950
12940,2052473,defensive,1,1.0000,4,951
12941,2052570,defensive,1,1.0000,4,952
12942,2052713,defensive,1,1.0000,4,953
12943,2052856,defensive,1,1.0000,4,954
12944,2052983,defensive,1,1.0000,4,955
12945,2053114,defensive,1,1.0000,4,956
12946,2053284,defensive,1,1.0000,4,957
12947,2053424,defensive,1,1.0000,4,958
12948,2053562,defensive,1,1.0000,4,959
12949,2053690,defensive,1,1.0000,4,960
12950,2053813,defensive,1,1.0000,4,961
12951,2053970,defensive,1,1.0000,4,962
12952,2054101,defensive,1,1.0000,4,963
12953,2054200,defensive,1,1.0000,4,964
12954,2054286,defensive,0,0.9900,4,965
12955,2054452,defensive,1,0.9900,4,966
12956,2054599,defensive,1,0.9900,4,967
12957,2054751,defensive,1,0.9900,4,968
12958,2054878,defensive,1,0.9900,4,969
12959,2055139,defensive,1,0.9900,4,970
12960,2055269,defensive,1,0.9900,4,971
12961,2055491,defensive,1,0.9900,4,972
12962,2055630,defensive,1,0.9900,4,973
12963,2055777,defensive,1,0.9900,4,974
12964,2055910,defensive,1,0.9900,4,975
12965,2056037,defensive,1,0.9900,4,976
12966,2056248,defensive,1,0.9900,4,977
12967,2056363,defensive,1,0.9900,4,978
12968,2056500,defensive,1,0.9900,4,979
12969,2056644,defensive,1,0.9900,4,980
12970,2056767,defensive,1,0.9900,4,981
12971,2056913,defensive,1,0.9900,4,982
12972,2057051,defensive,1,0.9900,4,983
12973,2057176,defensive,1,0.9900,4,984
12974,2057327,defensive,1,0.9900,4,985
12975,2057482,defensive,1,0.9900,4,986
12976,2057575,defensive,1,0.9900,4,987
12977,2057723,defensive,1,0.9900,4,988
12978,2057857,defensive,1,0.9900,4,989
12979,2058004,defensive,1,0.9900,4,990
12980,2058132,defensive,1,0.9900,4,991
12981,2058253,defensive,1,0.9900,4,992
12982,2058383,defensive,1,0.9900,4,993
12983,2058510,defensive,1,0.9900,4,994
12984,2058626,defensive,1,0.9900,4,995
12985,2058801,defensive,1,0.9900,4,996
12986,2058983,defensive,1,0.9900,4,997
12987,2059176,defensive,1,0.9900,4,998
12988,2059274,defensive,1,0.9900,4,999
12989,2059404,defensive,1,0.9900,4,1000
12990,2059521,defensive,1,0.9900,4,1001
12991,2059643,defensive,1,0.9900,4,1002
12992,2059771,defensive,1,0.9900,4,1003
12993,2059916,defensive,1,0.9900,4,1004
12994,2060037,defensive,1,0.9900,4,1005
12995,2060164,defensive,1,0.9900,4,1006
12996,2060314,defensive,1,0.9900,4,1007
12997,2060444,defensive,1,0.9900,4,1008
12998,2060603,defensive,1,0.9900,4,1009
12999,2060743,defensive,1,0.9900,4,1010
13000,2060862,defensive,1,0.9900,4,1011
13001,2061019,defensive,1,0.9900,4,1012
13002,2061179,defensive,1,0.9900,4,1013
13003,2061319,defensive,1,0.9900,4,1014
13004,2061456,defensive,1,0.9900,4,1015
13005,2061593,defensive,1,0.9900,4,1016
13006,2061738,defensive,1,0.9900,4,1017
13007,2061888,defensive,1,0.9900,4,1018
13008,2061988,defensive,1,0.9900,4,1019
13009,2062114,defensive,1,0.9900,4,1020
13010,2062275,defensive,1,0.9900,4,1021
13011,2062428,defensive,1,0.9900,4,1022
13012,2062567,defensive,1,0.9900,4,1023
13013,2062748,defensive,1,0.9900,4,1024
13014,2062882,defensive,1,0.9900,4,1025
13015,2063008,defensive,1,0.9900,4,1026
13016,2063159,defensive,1,0.9900,4,1027
13017,2063289,defensive,1,0.9900,4,1028
13018,2063435,defensive,1,0.9900,4,1029
13019,2063618,defensive,1,0.9900,4,1030
13020,2063746,defensive,1,0.9900,4,1031
13021,2063887,defensive,1,0.9900,4,1032
13022,2064014,defensive,1,0.9900,4,1033
13023,2064134,defensive,1,0.9900,4,1034
13024,2064237,defensive,1,0.9900,4,1035
13025,2064369,defensive,1,0.9900,4,1036
13026,2064642,defensive,1,0.9900,4,1037
13027,2064788,defensive,1,0.9900,4,1038
13028,2064923,defensive,1,0.9900,4,1039
13029,2065040,defensive,1,0.9900,4,1040
13030,2065182,defensive,1,0.9900,4,1041
13031,2065329,defensive,1,0.9900,4,1042
13032,2065502,defensive,1,0.9900,4,1043
13033,2065655,defensive,1,0.9900,4,1044
13034,2065791,defensive,1,0.9900,4,1045
13035,2065928,defensive,1,0.9900,4,1046
13036,2066073,defensive,1,0.9900,4,1047
13037,2066197,defensive,1,0.9900,4,1048
13038,2066336,defensive,1,0.9900,4,1049
13039,2066528,defensive,1,0.9900,4,1050
13040,2066672,defensive,1,0.9900,4,1051
13041,2066793,defensive,1,0.9900,4,1052
13042,2067018,defensive,1,0.9900,4,1053
13043,2067139,defensive,1,0.9900,4,1054
13044,2067279,defensive,1,0.9900,4,1055
13045,2067397,defensive,1,0.9900,4,1056
13046,2067532,defensive,1,0.9900,4,1057
13047,2067655,defensive,1,0.9900,4,1058
13048,2067776,defensive,1,0.9900,4,1059
13049,2067921,defensive,1,0.9900,4,1060
13050,2068091,defensive,1,0.9900,4,1061
13051,2068296,defensive,1,0.9900,4,1062
13052,2068392,defensive,1,0.9900,4,1063
13053,2068548,defensive,1,0.9900,4,1064
13054,2068723,defensive,1,1.0000,4,1065
13055,2068852,defensive,1,1.0000,4,1066
13056,2068970,defensive,1,1.0000,4,1067
13057,2069092,defensive,1,1.0000,4,1068
13058,2069222,defensive,1,1.0000,4,1069
13059,2069367,defensive,1,1.0000,4,1070
13060,2069495,defensive,1,1.0000,4,1071
13061,2069633,defensive,1,1.0000,4,1072
13062,2069751,defensive,1,1.0000,4,1073
13063,2069871,defensive,1,1.0000,4,1074
13064,2070039,defensive,1,1.0000,4,1075
13065,2070181,defensive,1,1.0000,4,1076
13066,2070307,defensive,1,1.0000,4,1077
13067,2070425,defensive,1,1.0000,4,1078
13068,2070556,defensive,1,1.0000,4,1079
13069,2070748,defensive,1,1.0000,4,1080
13070,2070898,defensive,1,1.0000,4,1081
13071,2070995,defensive,1,1.0000,4,1082
13072,2071126,defensive,1,1.0000,4,1083
13073,2071249,defensive,1,1.0000,4,1084
13074,2071380,defensive,1,1.0000,4,1085
13075,2071483,defensive,1,1.0000,4,1086
13076,2071628,defensive,1,1.0000,4,1087
13077,2071820,defensive,1,1.0000,4,1088
13078,2072065,defensive,1,1.0000,4,1089
13079,2072185,defensive,1,1.0000,4,1090
13080,2072344,defensive,1,1.0000,4,1091
13081,2072469,defensive,1,1.0000,4,1092
13082,2072605,defensive,1,1.0000,4,1093
13083,2072798,defensive,1,1.0000,4,1094
13084,2072928,defensive,1,1.0000,4,1095
13085,2073065,defensive,1,1.0000,4,1096
13086,2073196,defensive,1,1.0000,4,1097
13087,2073336,defensive,1,1.0000,4,1098
13088,2073439,defensive,1,1.0000,4,1099
13089,2073554,defensive,1,1.0000,4,1100
13090,2073678,defensive,1,1.0000,4,1101
13091,2073776,defensive,0,0.9900,4,1102
13092,2073910,defensive,1,0.9900,4,1103
13093,2074059,defensive,1,0.9900,4,1104
13094,2074220,defensive,1,0.9900,4,1105
13095,2074358,defensive,1,0.9900,4,1106
13096,2074473,defensive,1,0.9900,4,1107
13097,2074618,defensive,1,0.9900,4,1108
13098,2074734,defensive,1,0.9900,4,1109
13099,2074874,defensive,1,0.9900,4,1110
13100,2075013,defensive,1,0.9900,4,1111
13101,2075174,defensive,1,0.9900,4,1112
13102,2075331,defensive,1,0.9900,4,1113
13103,2075488,defensive,1,0.9900,4,1114
13104,2075607,defensive,1,0.9900,4,1115
13105,2075753,defensive,1,0.9900,4,1116
13106,2075885,defensive,1,0.9900,4,1117
13107,2076009,defensive,1,0.9900,4,1118
13108,2076198,defensive,1,0.9900,4,1119
13109,2076335,defensive,1,0.9900,4,1120
13110,2076454,defensive,1,0.9900,4,1121
13111,2076685,defensive,1,0.9900,4,1122
13112,2076818,defensive,1,0.9900,4,1123
13113,2076948,defensive,1,0.9900,4,1124
13114,2077101,defensive,1,0.9900,4,1125
13115,2077285,defensive,1,0.9900,4,1126
13116,2077410,defensive,1,0.9900,4,1127
13117,2077554,defensive,1,0.9900,4,1128
13118,2077674,defensive,1,0.9900,4,1129
13119,2077821,defensive,1,0.9900,4,1130
13120,2077955,defensive,1,0.9900,4,1131
13121,2078108,defensive,1,0.9900,4,1132
13122,2078246,defensive,1,0.9900,4,1133
13123,2078385,defensive,1,0.9900,4,1134
13124,2078514,defensive,1,0.9900,4,1135
13125,2078673,defensive,1,0.9900,4,1136
13126,2078947,defensive,1,0.9900,4,1137
13127,2079096,defensive,1,0.9900,4,1138
13128,2079245,defensive,1,0.9900,4,1139
13129,2079399,defensive,1,0.9900,4,1140
13130,2079520,defensive,1,0.9900,4,1141
13131,2079645,defensive,1,0.9900,4,1142
13132,2079764,defensive,1,0.9900,4,1143
13133,2079988,defensive,1,0.9900,4,1144
13134,2080121,defensive,1,0.9900,4,1145
13135,2080263,defensive,1,0.9900,4,1146
13136,2080398,defensive,1,0.9900,4,1147
13137,2080529,defensive,1,0.9900,4,1148
13138,2080623,defensive,1,0.9900,4,1149
13139,2080741,defensive,1,0.9900,4,1150
13140,2080860,defensive,1,0.9900,4,1151
13141,2080996,defensive,1,0.9900,4,1152
13142,2081122,defensive,1,0.9900,4,1153
13143,2081250,defensive,1,0.9900,4,1154
13144,2081363,defensive,1,0.9900,4,1155
13145,2081512,defensive,1,0.9900,4,1156
13146,2081670,defensive,1,0.9900,4,1157
13147,2081797,defensive,1,0.9900,4,1158
13148,2081926,defensive,1,0.9900,4,1159
13149,2082054,defensive,1,0.9900,4,1160
13150,2082208,defensive,1,0.9900,4,1161
13151,2082345,defensive,1,0.9900,4,1162
13152,2082477,defensive,1,0.9900,4,1163
13153,2082597,defensive,1,0.9900,4,1164
13154,2082724,defensive,1,0.9900,4,1165
13155,2082957,defensive,1,0.9900,4,1166
13156,2083113,defensive,1,0.9900,4,1167
13157,2083266,defensive,1,0.9900,4,1168
13158,2083413,defensive,1,0.9900,4,1169
13159,2083560,defensive,1,0.9900,4,1170
13160,2083685,defensive,1,0.9900,4,1171
13161,2083848,defensive,1,0.9900,4,1172
13162,2083974,defensive,1,0.9900,4,1173
13163,2084120,defensive,1,0.9900,4,1174
13164,2084211,defensive,1,0.9900,4,1175
13165,2084345,defensive,1,0.9900,4,1176
13166,2084462,defensive,1,0.9900,4,1177
13167,2084616,defensive,1,0.9900,4,1178
13168,2084715,defensive,1,0.9900,4,1179
13169,2084854,defensive,1,0.9900,4,1180
13170,2085013,defensive,1,0.9900,4,1181
13171,2085155,defensive,1,0.9900,4,1182
13172,2085294,defensive,1,0.9900,4,1183
13173,2085424,defensive,1,0.9900,4,1184
13174,2085544,defensive,1,0.9900,4,1185
13175,2085670,defensive,1,0.9900,4,1186
13176,2085766,defensive,1,0.9900,4,1187
13177,2085911,defensive,1,0.9900,4,1188
13178,2086045,defensive,1,0.9900,4,1189
13179,2086180,defensive,1,0.9900,4,1190
13180,2086309,defensive,1,0.9900,4,1191
13181,2086431,defensive,1,0.9900,4,1192
13182,2086575,defensive,1,0.9900,4,1193
13183,2086718,defensive,1,0.9900,4,1194
13184,2086865,defensive,1,0.9900,4,1195
13185,2086993,defensive,1,0.9900,4,1196
13186,2087136,defensive,1,0.9900,4,1197
13187,2087265,defensive,1,0.9900,4,1198
13188,2087404,defensive,1,0.9900,4,1199
13189,2087526,defensive,1,0.9900,4,1200
13190,2087672,defensive,1,0.9900,4,1201
13191,2087797,defensive,1,1.0000,4,1202
13192,2087927,defensive,1,1.0000,4,1203
13193,2088077,defensive,1,1.0000,4,1204
13194,2088203,defensive,1,1.0000,4,1205
13195,2088381,defensive,1,1.0000,4,1206
13196,2088531,defensive,1,1.0000,4,1207
13197,2088680,defensive,1,1.0000,4,1208
13198,2088822,defensive,1,1.0000,4,1209
13199,2088922,defensive,1,1.0000,4,1210
13200,2089019,defensive,1,1.0000,4,1211
13201,2089164,defensive,1,1.0000,4,1212
13202,2089281,defensive,1,1.0000,4,1213
13203,2089405,defensive,1,1.0000,4,1214
13204,2089499,defensive,1,1.0000,4,1215
13205,2089649,defensive,1,1.0000,4,1216
13206,2089773,defensive,1,1.0000,4,1217
13207,2089926,defensive,1,1.0000,4,1218
13208,2090049,defensive,1,1.0000,4,1219
13209,2090208,defensive,1,1.0000,4,1220
13210,2090351,defensive,1,1.0000,4,1221
13211,2090490,defensive,1,1.0000,4,1222
13212,2090618,defensive,1,1.0000,4,1223
13213,2090801,defensive,1,1.0000,4,1224
13214,2090940,defensive,1,1.0000,4,1225
13215,2091084,defensive,1,1.0000,4,1226
13216,2091175,defensive,1,1.0000,4,1227
13217,2091269,defensive,1,1.0000,4,1228
13218,2091409,defensive,1,1.0000,4,1229
13219,2091528,defensive,1,1.0000,4,1230
13220,2091657,defensive,1,1.0000,4,1231
13221,2091771,defensive,1,1.0000,4,1232
13222,2091984,defensive,1,1.0000,4,1233
13223,2092128,defensive,1,1.0000,4,1234
13224,2092270,defensive,1,1.0000,4,1235
13225,2092417,defensive,1,1.0000,4,1236
13226,2092764,defensive,1,1.0000,4,1237
13227,2092882,defensive,1,1.0000,4,1238
13228,2093008,defensive,1,1.0000,4,1239
13229,2093233,defensive,1,1.0000,4,1240
13230,2093393,defensive,1,1.0000,4,1241
13231,2093555,defensive,1,1.0000,4,1242
13232,2093686,defensive,1,1.0000,4,1243
13233,2093882,defensive,1,1.0000,4,1244
13234,2094020,defensive,1,1.0000,4,1245
13235,2094172,defensive,1,1.0000,4,1246
13236,2094335,defensive,1,1.0000,4,1247
13237,2094530,defensive,1,1.0000,4,1248
13238,2094666,defensive,1,1.0000,4,1249
13239,2094791,defensive,1,1.0000,4,1250
13240,2094928,defensive,1,1.0000,4,1251
13241,2095055,defensive,1,1.0000,4,1252
13242,2095227,defensive,1,1.0000,4,1253
13243,2095352,defensive,1,1.0000,4,1254
13244,2095481,defensive,1,1.0000,4,1255
13245,2095607,defensive,1,1.0000,4,1256
13246,2095750,defensive,1,1.0000,4,1257
13247,2095869,defensive,1,1.0000,4,1258
13248,2095997,defensive,1,1.0000,4,1259
13249,2096152,defensive,1,1.0000,4,1260
13250,2096271,defensive,1,1.0000,4,1261
13251,2096438,defensive,1,1.0000,4,1262
13252,2096532,defensive,1,1.0000,4,1263
13253,2096674,defensive,1,1.0000,4,1264
13254,2096792,defensive,1,1.0000,4,1265
13255,2096920,defensive,1,1.0000,4,1266
13256,2097059,defensive,1,1.0000,4,1267
13257,2097187,defensive,1,1.0000,4,1268
13258,2097314,defensive,1,1.0000,4,1269
13259,2097433,defensive,1,1.0000,4,1270
13260,2097552,defensive,1,1.0000,4,1271
13261,2097729,defensive,1,1.0000,4,1272
13262,2097914,defensive,1,1.0000,4,1273
13263,2098036,defensive,1,1.0000,4,1274
13264,2098196,defensive,1,1.0000,4,1275
13265,2098345,defensive,1,1.0000,4,1276
13266,2098478,defensive,1,1.0000,4,1277
13267,2098617,defensive,1,1.0000,4,1278
13268,2098757,defensive,1,1.0000,4,1279
13269,2098897,defensive,1,1.0000,4,1280
13270,2099026,defensive,1,1.0000,4,1281
13271,2099144,defensive,1,1.0000,4,1282
13272,2099245,defensive,1,1.0000,4,1283
13273,2099343,defensive,0,0.9900,4,1284
13274,2099461,defensive,1,0.9900,4,1285
13275,2099654,defensive,1,0.9900,4,1286
13276,2099841,defensive,1,0.9900,4,1287
13277,2099975,defensive,1,0.9900,4,1288
13278,2100104,defensive,1,0.9900,4,1289
13279,2100258,defensive,1,0.9900,4,1290
13280,2100425,defensive,1,0.9900,4,1291
13281,2100553,defensive,1,0.9900,4,1292
13282,2100711,defensive,1,0.9900,4,1293
13283,2100810,defensive,1,0.9900,4,1294
13284,2100938,defensive,1,0.9900,4,1295
13285,2101060,defensive,1,0.9900,4,1296
13286,2101199,defensive,1,0.9900,4,1297
13287,2101327,defensive,1,0.9900,4,1298
13288,2101446,defensive,1,0.9900,4,1299
13289,2101609,defensive,1,0.9900,4,1300
13290,2101728,defensive,1,0.9900,4,1301
13291,2101849,defensive,1,0.9900,4,1302
13292,2101980,defensive,1,0.9900,4,1303
13293,2102238,defensive,1,0.9900,4,1304
13294,2102402,defensive,1,0.9900,4,1305
13295,2102582,defensive,1,0.9900,4,1306
13296,2102748,defensive,1,0.9900,4,1307
13297,2102869,defensive,1,0.9900,4,1308
13298,2102997,defensive,1,0.9900,4,1309
13299,2103121,defensive,1,0.9900,4,1310
13300,2103260,defensive,1,0.9900,4,1311
13301,2103355,defensive,0,0.9800,4,1312
13302,2103486,defensive,1,0.9800,4,1313
13303,2103615,defensive,1,0.9800,4,1314
13304,2103746,defensive,1,0.9800,4,1315
13305,2103870,defensive,1,0.9800,4,1316
13306,2103992,defensive,1,0.9800,4,1317
13307,2104141,defensive,1,0.9800,4,1318
13308,2104241,defensive,1,0.9800,4,1319
13309,2104337,defensive,1,0.9800,4,1320
13310,2104466,defensive,1,0.9800,4,1321
13311,2104634,defensive,1,0.9800,4,1322
13312,2104769,defensive,1,0.9800,4,1323
13313,2104887,defensive,1,0.9800,4,1324
13314,2105034,defensive,1,0.9800,4,1325
13315,2105154,defensive,1,0.9800,4,1326
13316,2105290,defensive,1,0.9800,4,1327
13317,2105405,defensive,1,0.9800,4,1328
13318,2105562,defensive,1,0.9800,4,1329
13319,2105695,defensive,1,0.9800,4,1330
13320,2105812,defensive,1,0.9800,4,1331
13321,2105941,defensive,1,0.9800,4,1332
13322,2106067,defensive,1,0.9800,4,1333
13323,2106200,defensive,1,0.9800,4,1334
13324,2106334,defensive,1,0.9800,4,1335
13325,2106458,defensive,1,0.9800,4,1336
13326,2106587,defensive,1,0.9800,4,1337
13327,2106745,defensive,1,0.9800,4,1338
13328,2106972,defensive,1,0.9800,4,1339
13329,2107112,defensive,1,0.9800,4,1340
13330,2107278,defensive,1,0.9800,4,1341
13331,2107394,defensive,1,0.9800,4,1342
13332,2107554,defensive,1,0.9800,4,1343
13333,2107677,defensive,1,0.9800,4,1344
13334,2107942,defensive,0,0.9700,4,1345
13335,2108067,defensive,1,0.9700,4,1346
13336,2108199,defensive,1,0.9700,4,1347
13337,2108372,defensive,1,0.9700,4,1348
13338,2108536,defensive,1,0.9700,4,1349
13339,2108631,defensive,1,0.9700,4,1350
13340,2108730,defensive,1,0.9700,4,1351
13341,2108861,defensive,1,0.9700,4,1352
13342,2108986,defensive,1,0.9700,4,1353
13343,2109143,defensive,1,0.9700,4,1354
13344,2109278,defensive,1,0.9700,4,1355
13345,2109395,defensive,1,0.9700,4,1356
13346,2109574,defensive,1,0.9700,4,1357
13347,2109736,defensive,1,0.9700,4,1358
13348,2109855,defensive,1,0.9700,4,1359
13349,2109992,defensive,1,0.9700,4,1360
13350,2110201,defensive,1,0.9700,4,1361
13351,2110356,defensive,1,0.9700,4,1362
13352,2110500,defensive,1,0.9700,4,1363
13353,2110665,defensive,1,0.9700,4,1364
13354,2110792,defensive,1,0.9700,4,1365
13355,2110946,defensive,1,0.9700,4,1366
13356,2111078,defensive,1,0.9700,4,1367
13357,2111198,defensive,1,0.9700,4,1368
13358,2111344,defensive,1,0.9700,4,1369
13359,2111489,defensive,1,0.9700,4,1370
13360,2111630,defensive,1,0.9700,4,1371
13361,2111829,defensive,1,0.9700,4,1372
13362,2111966,defensive,1,0.9700,4,1373
13363,2112087,defensive,1,0.9700,4,1374
13364,2112212,defensive,1,0.9700,4,1375
13365,2112353,defensive,1,0.9700,4,1376
13366,2112498,defensive,1,0.9700,4,1377
13367,2112650,defensive,1,0.9700,4,1378
13368,2112791,defensive,1,0.9700,4,1379
13369,2112925,defensive,1,0.9700,4,1380
13370,2113052,defensive,1,0.9700,4,1381
13371,2113183,defensive,1,0.9700,4,1382
13372,2113302,defensive,1,0.9700,4,1383
13373,2113549,defensive,1,0.9800,4,1384
13374,2113706,defensive,1,0.9800,4,1385
13375,2113824,defensive,1,0.9800,4,1386
13376,2114068,defensive,1,0.9800,4,1387
13377,2114210,defensive,1,0.9800,4,1388
13378,2114479,defensive,1,0.9800,4,1389
13379,2114606,defensive,1,0.9800,4,1390
13380,2114723,defensive,1,0.9800,4,1391
13381,2114877,defensive,1,0.9800,4,1392
13382,2115006,defensive,1,0.9800,4,1393
13383,2115133,defensive,1,0.9800,4,1394
13384,2115279,defensive,1,0.9800,4,1395
13385,2115413,defensive,1,0.9800,4,1396
13386,2115547,defensive,1,0.9800,4,1397
13387,2115637,defensive,1,0.9800,4,1398
13388,2115765,defensive,1,0.9800,4,1399
13389,2115878,defensive,1,0.9800,4,1400
13390,2116130,defensive,1,0.9800,4,1401
13391,2116247,defensive,1,0.9800,4,1402
13392,2116370,defensive,1,0.9800,4,1403
13393,2116501,defensive,1,0.9800,4,1404
13394,2116667,defensive,1,0.9800,4,1405
13395,2116764,defensive,1,0.9800,4,1406
13396,2116892,defensive,1,0.9800,4,1407
13397,2117034,defensive,1,0.9800,4,1408
13398,2117173,defensive,1,0.9800,4,1409
13399,2117470,defensive,1,0.9800,4,1410
13400,2117606,defensive,1,0.9800,4,1411
13401,2117730,defensive,1,0.9900,4,1412
13402,2117869,defensive,1,0.9900,4,1413
13403,2117995,defensive,1,0.9900,4,1414
13404,2118133,defensive,1,0.9900,4,1415
13405,2118256,defensive,1,0.9900,4,1416
13406,2118524,defensive,1,0.9900,4,1417
13407,2118670,defensive,1,0.9900,4,1418
13408,2118797,defensive,1,0.9900,4,1419
13409,2118918,defensive,1,0.9900,4,1420
13410,2119088,defensive,1,0.9900,4,1421
13411,2119224,defensive,1,0.9900,4,1422
13412,2119363,defensive,1,0.9900,4,1423
13413,2119514,defensive,1,0.9900,4,1424
13414,2119644,defensive,1,0.9900,4,1425
13415,2119782,defensive,1,0.9900,4,1426
13416,2119901,defensive,1,0.9900,4,1427
13417,2120055,defensive,1,0.9900,4,1428
13418,2120258,defensive,1,0.9900,4,1429
13419,2120404,defensive,1,0.9900,4,1430
13420,2120531,defensive,1,0.9900,4,1431
13421,2120649,defensive,1,0.9900,4,1432
13422,2120781,defensive,1,0.9900,4,1433
13423,2120942,defensive,1,0.9900,4,1434
13424,2121062,defensive,1,0.9900,4,1435
13425,2121207,defensive,1,0.9900,4,1436
13426,2121334,defensive,1,0.9900,4,1437
13427,2121470,defensive,1,0.9900,4,1438
13428,2121608,defensive,1,0.9900,4,1439
13429,2121732,defensive,1,0.9900,4,1440
13430,2121827,defensive,1,0.9900,4,1441
13431,2121959,defensive,1,0.9900,4,1442
13432,2122078,defensive,1,0.9900,4,1443
13433,2122243,defensive,1,0.9900,4,1444
13434,2122375,defensive,1,1.0000,4,1445
13435,2122496,defensive,1,1.0000,4,1446
13436,2122624,defensive,1,1.0000,4,1447
13437,2122747,defensive,1,1.0000,4,1448
13438,2122885,defensive,1,1.0000,4,1449
13439,2123046,defensive,1,1.0000,4,1450
13440,2123162,defensive,1,1.0000,4,1451
13441,2123297,defensive,1,1.0000,4,1452
13442,2123451,defensive,1,1.0000,4,1453
13443,2123580,defensive,1,1.0000,4,1454
13444,2123680,defensive,1,1.0000,4,1455
13445,2123807,defensive,1,1.0000,4,1456
13446,2124032,defensive,1,1.0000,4,1457
13447,2124191,defensive,1,1.0000,4,1458
13448,2124344,defensive,1,1.0000,4,1459
13449,2124483,defensive,1,1.0000,4,1460
13450,2124607,defensive,1,1.0000,4,1461
13451,2124758,defensive,1,1.0000,4,1462
13452,2124876,defensive,1,1.0000,4,1463
13453,2125012,defensive,1,1.0000,4,1464
13454,2125137,defensive,1,1.0000,4,1465
13455,2125267,defensive,1,1.0000,4,1466
13456,2125389,defensive,1,1.0000,4,1467
13457,2125518,defensive,1,1.0000,4,1468
13458,2125642,defensive,1,1.0000,4,1469
13459,2125766,defensive,1,1.0000,4,1470
13460,2127118,defensive,1,1.0000,4,1471
13461,2127272,defensive,1,1.0000,4,1472
13462,2127424,defensive,1,1.0000,4,1473
13463,2127548,defensive,1,1.0000,4,1474
13464,2127666,defensive,1,1.0000,4,1475
13465,2127848,defensive,1,1.0000,4,1476
13466,2127976,defensive,1,1.0000,4,1477
13467,2128093,defensive,1,1.0000,4,1478
13468,2128265,defensive,1,1.0000,4,1479
13469,2128394,defensive,1,1.0000,4,1480
13470,2128514,defensive,1,1.0000,4,1481
13471,2128647,defensive,1,1.0000,4,1482
13472,2128776,defensive,1,1.0000,4,1483
13473,2128909,defensive,1,1.0000,4,1484
13474,2129038,defensive,1,1.0000,4,1485
13475,2129175,defensive,1,1.0000,4,1486
13476,2129306,defensive,1,1.0000,4,1487
13477,2129468,defensive,1,1.0000,4,1488
13478,2129630,defensive,1,1.0000,4,1489
13479,2129762,defensive,1,1.0000,4,1490
13480,2129887,defensive,1,1.0000,4,1491
13481,2130008,defensive,1,1.0000,4,1492
13482,2130131,defensive,1,1.0000,4,1493
13483,2130309,defensive,1,1.0000,4,1494
13484,2130453,defensive,1,1.0000,4,1495
13485,2130630,defensive,1,1.0000,4,1496
13486,2130728,defensive,1,1.0000,4,1497
13487,2130856,defensive,1,1.0000,4,1498
13488,2131147,defensive,1,1.0000,4,1499
13489,2131280,defensive,1,1.0000,4,1500
13490,2131425,defensive,1,1.0000,4,1501
13491,2131552,defensive,1,1.0000,4,1502
13492,2131650,defensive,1,1.0000,4,1503
13493,2131774,defensive,1,1.0000,4,1504
13494,2131896,defensive,1,1.0000,4,1505
13495,2132013,defensive,1,1.0000,4,1506
13496,2132147,defensive,1,1.0000,4,1507
13497,2132269,defensive,1,1.0000,4,1508
13498,2132385,defensive,1,1.0000,4,1509
13499,2132584,defensive,1,1.0000,4,1510
13500,2132711,defensive,1,1.0000,4,1511
13501,2132840,defensive,1,1.0000,4,1512
13502,2132972,defensive,1,1.0000,4,1513
13503,2133126,defensive,1,1.0000,4,1514
13504,2133267,defensive,1,1.0000,4,1515
13505,2133387,defensive,1,1.0000,4,1516
13506,2133524,defensive,1,1.0000,4,1517
13507,2133629,defensive,0,0.9900,4,1518
13508,2133772,defensive,1,0.9900,4,1519
13509,2133916,defensive,1,0.9900,4,1520
13510,2134035,defensive,1,0.9900,4,1521
13511,2134167,defensive,1,0.9900,4,1522
13512,2134328,defensive,1,0.9900,4,1523
13513,2134449,defensive,1,0.9900,4,1524
13514,2134575,defensive,1,0.9900,4,1525
13515,2134706,defensive,1,0.9900,4,1526
13516,2134847,defensive,1,0.9900,4,1527
13517,2134991,defensive,1,0.9900,4,1528
13518,2135126,defensive,1,0.9900,4,1529
13519,2135224,defensive,1,0.9900,4,1530
13520,2135317,defensive,1,0.9900,4,1531
13521,2135453,defensive,1,0.9900,4,1532
13522,2135591,defensive,1,0.9900,4,1533
13523,2135718,defensive,1,0.9900,4,1534
13524,2135863,defensive,1,0.9900,4,1535
13525,2135994,defensive,1,0.9900,4,1536
13526,2136118,defensive,1,0.9900,4,1537
13527,2136242,defensive,1,0.9900,4,1538
13528,2136433,defensive,1,0.9900,4,1539
13529,2136582,defensive,1,0.9900,4,1540
13530,2136725,defensive,1,0.9900,4,1541
13531,2136870,defensive,1,0.9900,4,1542
13532,2136972,defensive,1,0.9900,4,1543
13533,2137120,defensive,1,0.9900,4,1544
13534,2137252,defensive,1,0.9900,4,1545
13535,2137399,defensive,1,0.9900,4,1546
13536,2137527,defensive,1,0.9900,4,1547
13537,2137646,defensive,1,0.9900,4,1548
13538,2137763,defensive,1,0.9900,4,1549
13539,2137887,defensive,1,0.9900,4,1550
13540,2138029,defensive,1,0.9900,4,1551
13541,2138148,defensive,1,0.9900,4,1552
13542,2138287,defensive,1,0.9900,4,1553
13543,2138418,defensive,1,0.9900,4,1554
13544,2138539,defensive,1,0.9900,4,1555
13545,2138673,defensive,1,0.9900,4,1556
13546,2138790,defensive,1,0.9900,4,1557
13547,2138931,defensive,1,0.9900,4,1558
13548,2139067,defensive,1,0.9900,4,1559
13549,2139197,defensive,1,0.9900,4,1560
13550,2139336,defensive,1,0.9900,4,1561
13551,2139487,defensive,1,0.9900,4,1562
13552,2139620,defensive,1,0.9900,4,1563
13553,2139764,defensive,1,0.9900,4,1564
13554,2139885,defensive,1,0.9900,4,1565
13555,2140018,defensive,1,0.9900,4,1566
13556,2140153,defensive,1,0.9900,4,1567
13557,2140305,defensive,1,0.9900,4,1568
13558,2140424,defensive,1,0.9900,4,1569
13559,2140558,defensive,1,0.9900,4,1570
13560,2140700,defensive,1,0.9900,4,1571
13561,2140838,defensive,1,0.9900,4,1572
13562,2140975,defensive,1,0.9900,4,1573
13563,2141193,defensive,1,0.9900,4,1574
13564,2141291,defensive,1,0.9900,4,1575
13565,2141475,defensive,1,0.9900,4,1576
13566,2141636,defensive,1,0.9900,4,1577
13567,2141750,defensive,1,0.9900,4,1578
13568,2141879,defensive,1,0.9900,4,1579
13569,2141977,defensive,1,0.9900,4,1580
13570,2142123,defensive,1,0.9900,4,1581
13571,2142243,defensive,1,0.9900,4,1582
13572,2142371,defensive,1,0.9900,4,1583
13573,2142467,defensive,1,0.9900,4,1584
13574,2142589,defensive,1,0.9900,4,1585
13575,2142736,defensive,1,0.9900,4,1586
13576,2142912,defensive,1,0.9900,4,1587
13577,2143033,defensive,1,0.9900,4,1588
13578,2143167,defensive,1,0.9900,4,1589
13579,2143289,defensive,1,0.9900,4,1590
13580,2143385,defensive,1,0.9900,4,1591
13581,2143484,defensive,1,0.9900,4,1592
13582,2143602,defensive,1,0.9900,4,1593
13583,2143724,defensive,1,0.9900,4,1594
13584,2143846,defensive,1,0.9900,4,1595
13585,2143944,defensive,1,0.9900,4,1596
13586,2144072,defensive,1,0.9900,4,1597
13587,2144205,defensive,1,0.9900,4,1598
13588,2144324,defensive,1,0.9900,4,1599
13589,2144421,defensive,1,0.9900,4,1600
13590,2144544,defensive,1,0.9900,4,1601
13591,2144634,defensive,0,0.9800,4,1602
13592,2144770,defensive,1,0.9800,4,1603
13593,2144899,defensive,1,0.9800,4,1604
13594,2145046,defensive,1,0.9800,4,1605
13595,2145160,defensive,1,0.9800,4,1606
13596,2145577,defensive,1,0.9800,4,1607
13597,2145717,defensive,1,0.9800,4,1608
13598,2145843,defensive,1,0.9800,4,1609
13599,2146004,defensive,1,0.9800,4,1610
13600,2146124,defensive,1,0.9800,4,1611
13601,2146280,defensive,1,0.9800,4,1612
13602,2146430,defensive,1,0.9800,4,1613
13603,2146550,defensive,1,0.9800,4,1614
13604,2146670,defensive,1,0.9800,4,1615
13605,2146827,defensive,1,0.9800,4,1616
13606,2146955,defensive,1,0.9800,4,1617
13607,2147086,defensive,1,0.9900,4,1618
13608,2147219,defensive,1,0.9900,4,1619
13609,2147341,defensive,1,0.9900,4,1620
13610,2147508,defensive,1,0.9900,4,1621
13611,2147635,defensive,1,0.9900,4,1622
13612,2147773,defensive,1,0.9900,4,1623
13613,2147891,defensive,1,0.9900,4,1624
13614,2148045,defensive,1,0.9900,4,1625
13615,2148316,defensive,1,0.9900,4,1626
13616,2148482,defensive,1,0.9900,4,1627
13617,2148599,defensive,1,0.9900,4,1628
13618,2148727,defensive,1,0.9900,4,1629
13619,2148869,defensive,1,0.9900,4,1630
13620,2148999,defensive,1,0.9900,4,1631
13621,2149130,defensive,1,0.9900,4,1632
13622,2149279,defensive,1,0.9900,4,1633
13623,2149408,defensive,1,0.9900,4,1634
13624,2149543,defensive,1,0.9900,4,1635
13625,2149677,defensive,1,0.9900,4,1636
13626,2149829,defensive,1,0.9900,4,1637
13627,2149964,defensive,1,0.9900,4,1638
13628,2150108,defensive,1,0.9900,4,1639
13629,2150258,defensive,1,0.9900,4,1640
13630,2150378,defensive,1,0.9900,4,1641
13631,2150508,defensive,1,0.9900,4,1642
13632,2150632,defensive,1,0.9900,4,1643
13633,2150788,defensive,1,0.9900,4,1644
13634,2150936,defensive,1,0.9900,4,1645
13635,2151030,defensive,1,0.9900,4,1646
13636,2151181,defensive,1,0.9900,4,1647
13637,2151335,defensive,1,0.9900,4,1648
13638,2151463,defensive,1,0.9900,4,1649
13639,2151593,defensive,1,0.9900,4,1650
13640,2151720,defensive,1,0.9900,4,1651
13641,2151840,defensive,1,0.9900,4,1652
13642,2151964,defensive,1,0.9900,4,1653
13643,2152084,defensive,1,0.9900,4,1654
13644,2152227,defensive,1,0.9900,4,1655
13645,2152367,defensive,1,0.9900,4,1656
13646,2152505,defensive,1,0.9900,4,1657
13647,2152651,defensive,1,0.9900,4,1658
13648,2152808,defensive,1,0.9900,4,1659
13649,2152930,defensive,1,0.9900,4,1660
13650,2153051,defensive,1,0.9900,4,1661
13651,2153231,defensive,1,0.9900,4,1662
13652,2153363,defensive,1,0.9900,4,1663
13653,2153457,defensive,1,0.9900,4,1664
13654,2153582,defensive,1,0.9900,4,1665
13655,2153701,defensive,1,0.9900,4,1666
13656,2153832,defensive,1,0.9900,4,1667
13657,2153958,defensive,1,0.9900,4,1668
13658,2154081,defensive,1,0.9900,4,1669
13659,2154254,defensive,1,0.9900,4,1670
13660,2154546,defensive,1,0.9900,4,1671
13661,2154703,defensive,1,0.9900,4,1672
13662,2154836,defensive,1,0.9900,4,1673
13663,2154967,defensive,1,0.9900,4,1674
13664,2155092,defensive,1,0.9900,4,1675
13665,2155223,defensive,1,0.9900,4,1676
13666,2155341,defensive,1,0.9900,4,1677
13667,2155441,defensive,1,0.9900,4,1678
13668,2155554,defensive,1,0.9900,4,1679
13669,2155741,defensive,1,0.9900,4,1680
13670,2155869,defensive,1,0.9900,4,1681
13671,2155997,defensive,1,0.9900,4,1682
13672,2156119,defensive,1,0.9900,4,1683
13673,2156235,defensive,1,0.9900,4,1684
13674,2156333,defensive,1,0.9900,4,1685
13675,2156428,defensive,1,0.9900,4,1686
13676,2156543,defensive,1,0.9900,4,1687
13677,2156639,defensive,1,0.9900,4,1688
13678,2156761,defensive,1,0.9900,4,1689
13679,2156976,defensive,1,0.9900,4,1690
13680,2157116,defensive,1,0.9900,4,1691
13681,2157249,defensive,1,0.9900,4,1692
13682,2157403,defensive,1,0.9900,4,1693
13683,2157540,defensive,1,0.9900,4,1694
13684,2157670,defensive,1,0.9900,4,1695
13685,2157797,defensive,1,0.9900,4,1696
13686,2157926,defensive,1,0.9900,4,1697
13687,2158064,defensive,1,0.9900,4,1698
13688,2158196,defensive,1,0.9900,4,1699
13689,2158314,defensive,1,0.9900,4,1700
13690,2158464,defensive,1,0.9900,4,1701
13691,2158583,defensive,1,1.0000,4,1702
13692,2158704,defensive,1,1.0000,4,1703
13693,2158842,defensive,1,1.0000,4,1704
13694,2158969,defensive,1,1.0000,4,1705
13695,2159090,defensive,1,1.0000,4,1706
13696,2159204,defensive,1,1.0000,4,1707
13697,2159323,defensive,1,1.0000,4,1708
13698,2159457,defensive,1,1.0000,4,1709
13699,2159593,defensive,1,1.0000,4,1710
13700,2159886,defensive,1,1.0000,4,1711
13701,2160033,defensive,1,1.0000,4,1712
13702,2160129,defensive,1,1.0000,4,1713
13703,2160252,defensive,1,1.0000,4,1714
13704,2160372,defensive,1,1.0000,4,1715
13705,2160517,defensive,1,1.0000,4,1716
13706,2160637,defensive,1,1.0000,4,1717
13707,2160758,defensive,1,1.0000,4,1718
13708,2160881,defensive,1,1.0000,4,1719
13709,2161039,defensive,1,1.0000,4,1720
13710,2161336,defensive,1,1.0000,4,1721
13711,2161435,defensive,1,1.0000,4,1722
13712,2161604,defensive,1,1.0000,4,1723
13713,2161722,defensive,1,1.0000,4,1724
13714,2161862,defensive,1,1.0000,4,1725
13715,2161999,defensive,1,1.0000,4,1726
13716,2162150,defensive,1,1.0000,4,1727
13717,2162288,defensive,1,1.0000,4,1728
13718,2162427,defensive,1,1.0000,4,1729
13719,2162545,defensive,1,1.0000,4,1730
13720,2162679,defensive,1,1.0000,4,1731
13721,2162818,defensive,1,1.0000,4,1732
13722,2163014,defensive,1,1.0000,4,1733
13723,2163141,defensive,1,1.0000,4,1734
13724,2163335,defensive,1,1.0000,4,1735
13725,2163454,defensive,1,1.0000,4,1736
13726,2163593,defensive,1,1.0000,4,1737
13727,2163753,defensive,1,1.0000,4,1738
13728,2163881,defensive,1,1.0000,4,1739
13729,2164001,defensive,1,1.0000,4,1740
13730,2164120,defensive,1,1.0000,4,1741
13731,2164240,defensive,1,1.0000,4,1742
13732,2164361,defensive,1,1.0000,4,1743
13733,2164494,defensive,1,1.0000,4,1744
13734,2164621,defensive,1,1.0000,4,1745
13735,2164745,defensive,1,1.0000,4,1746
13736,2164899,defensive,1,1.0000,4,1747
13737,2165027,defensive,1,1.0000,4,1748
13738,2165152,defensive,1,1.0000,4,1749
13739,2165274,defensive,1,1.0000,4,1750
13740,2165377,defensive,1,1.0000,4,1751
13741,2165502,defensive,1,1.0000,4,1752
13742,2165695,defensive,1,1.0000,4,1753
13743,2165815,defensive,1,1.0000,4,1754
13744,2165944,defensive,1,1.0000,4,1755
13745,2166065,defensive,1,1.0000,4,1756
13746,2166210,defensive,1,1.0000,4,1757
13747,2166363,defensive,1,1.0000,4,1758
13748,2166515,defensive,1,1.0000,4,1759
13749,2166643,defensive,1,1.0000,4,1760
13750,2166795,defensive,1,1.0000,4,1761
13751,2166988,defensive,1,1.0000,4,1762
13752,2167113,defensive,1,1.0000,4,1763
13753,2167230,defensive,1,1.0000,4,1764
13754,2167385,defensive,1,1.0000,4,1765
13755,2167618,defensive,1,1.0000,4,1766
13756,2167721,defensive,1,1.0000,4,1767
13757,2167881,defensive,1,1.0000,4,1768
13758,2168010,defensive,1,1.0000,4,1769
13759,2168135,defensive,1,1.0000,4,1770
13760,2168253,defensive,1,1.0000,4,1771
13761,2168383,defensive,1,1.0000,4,1772
13762,2168500,defensive,1,1.0000,4,1773
13763,2168649,defensive,1,1.0000,4,1774
13764,2168803,defensive,1,1.0000,4,1775
13765,2168934,defensive,1,1.0000,4,1776
13766,2169057,defensive,1,1.0000,4,1777
13767,2169178,defensive,1,1.0000,4,1778
13768,2169344,defensive,1,1.0000,4,1779
13769,2169461,defensive,1,1.0000,4,1780
13770,2169555,defensive,0,0.9900,4,1781
13771,2169655,defensive,1,0.9900,4,1782
13772,2169803,defensive,1,0.9900,4,1783
13773,2169966,defensive,1,0.9900,4,1784
13774,2170096,defensive,1,0.9900,4,1785
13775,2170233,defensive,1,0.9900,4,1786
13776,2170353,defensive,1,0.9900,4,1787
13777,2170455,defensive,1,0.9900,4,1788
13778,2170594,defensive,1,0.9900,4,1789
13779,2170747,defensive,1,0.9900,4,1790
13780,2170868,defensive,1,0.9900,4,1791
13781,2171000,defensive,1,0.9900,4,1792
13782,2171095,defensive,1,0.9900,4,1793
13783,2171260,defensive,1,0.9900,4,1794
13784,2171379,defensive,1,0.9900,4,1795
13785,2171515,defensive,1,0.9900,4,1796
13786,2171669,defensive,1,0.9900,4,1797
13787,2171796,defensive,1,0.9900,4,1798
13788,2171921,defensive,1,0.9900,4,1799
13789,2172082,defensive,1,0.9900,4,1800
13790,2172215,defensive,1,0.9900,4,1801
13791,2172351,defensive,1,0.9900,4,1802
13792,2172491,defensive,1,0.9900,4,1803
13793,2172609,defensive,1,0.9900,4,1804
13794,2172710,defensive,1,0.9900,4,1805
13795,2172843,defensive,1,0.9900,4,1806
13796,2172967,defensive,1,0.9900,4,1807
13797,2173109,defensive,1,0.9900,4,1808
13798,2173263,defensive,1,0.9900,4,1809
13799,2173363,defensive,1,0.9900,4,1810
13800,2173491,defensive,1,0.9900,4,1811
13801,2173579,defensive,0,0.9800,4,1812
13802,2173711,defensive,1,0.9800,4,1813
13803,2173828,defensive,1,0.9800,4,1814
13804,2173920,defensive,0,0.9700,4,1815
13805,2174052,defensive,1,0.9700,4,1816
13806,2174205,defensive,1,0.9700,4,1817
13807,2174327,defensive,1,0.9700,4,1818
13808,2174456,defensive,1,0.9700,4,1819
13809,2174595,defensive,1,0.9700,4,1820
13810,2174734,defensive,1,0.9700,4,1821
13811,2174833,defensive,1,0.9700,4,1822
13812,2174955,defensive,1,0.9700,4,1823
13813,2175083,defensive,1,0.9700,4,1824
13814,2175198,defensive,1,0.9700,4,1825
13815,2175341,defensive,1,0.9700,4,1826
13816,2175526,defensive,1,0.9700,4,1827
13817,2175685,defensive,1,0.9700,4,1828
13818,2175803,defensive,1,0.9700,4,1829
13819,2175933,defensive,1,0.9700,4,1830
13820,2176052,defensive,1,0.9700,4,1831
13821,2176177,defensive,1,0.9700,4,1832
13822,2176311,defensive,1,0.9700,4,1833
13823,2176438,defensive,1,0.9700,4,1834
13824,2176573,defensive,1,0.9700,4,1835
13825,2176711,defensive,1,0.9700,4,1836
13826,2176828,defensive,1,0.9700,4,1837
13827,2176956,defensive,1,0.9700,4,1838
13828,2177074,defensive,1,0.9700,4,1839
13829,2177284,defensive,1,0.9700,4,1840
13830,2177430,defensive,1,0.9700,4,1841
13831,2177576,defensive,1,0.9700,4,1842
13832,2177708,defensive,1,0.9700,4,1843
13833,2177830,defensive,1,0.9700,4,1844
13834,2177968,defensive,1,0.9700,4,1845
13835,2178090,defensive,1,0.9700,4,1846
13836,2178219,defensive,1,0.9700,4,1847
13837,2178306,defensive,0,0.9600,4,1848
13838,2178426,defensive,1,0.9600,4,1849
13839,2178558,defensive,1,0.9600,4,1850
13840,2178691,defensive,1,0.9600,4,1851
13841,2178810,defensive,1,0.9600,4,1852
13842,2178935,defensive,1,0.9600,4,1853
13843,2179049,defensive,1,0.9600,4,1854
13844,2179189,defensive,1,0.9600,4,1855
13845,2179316,defensive,1,0.9600,4,1856
13846,2179443,defensive,1,0.9600,4,1857
13847,2179565,defensive,1,0.9600,4,1858
13848,2179683,defensive,1,0.9600,4,1859
13849,2179846,defensive,1,0.9600,4,1860
13850,2179941,defensive,1,0.9600,4,1861
13851,2180088,defensive,1,0.9600,4,1862
13852,2180222,defensive,1,0.9600,4,1863
13853,2180360,defensive,1,0.9600,4,1864
13854,2180540,defensive,1,0.9600,4,1865
13855,2180691,defensive,1,0.9600,4,1866
13856,2180833,defensive,1,0.9600,4,1867
13857,2180933,defensive,1,0.9600,4,1868
13858,2181060,defensive,1,0.9600,4,1869
13859,2181179,defensive,1,0.9600,4,1870
13860,2181304,defensive,1,0.9600,4,1871
13861,2181419,defensive,1,0.9600,4,1872
13862,2181567,defensive,1,0.9600,4,1873
13863,2181708,defensive,1,0.9600,4,1874
13864,2181846,defensive,1,0.9600,4,1875
13865,2182004,defensive,1,0.9600,4,1876
13866,2182120,defensive,1,0.9600,4,1877
13867,2182465,defensive,1,0.9600,4,1878
13868,2182602,defensive,1,0.9600,4,1879
13869,2182749,defensive,1,0.9600,4,1880
13870,2182877,defensive,1,0.9700,4,1881
13871,2183019,defensive,1,0.9700,4,1882
13872,2183154,defensive,1,0.9700,4,1883
13873,2183290,defensive,1,0.9700,4,1884
13874,2183418,defensive,1,0.9700,4,1885
13875,2183531,defensive,1,0.9700,4,1886
13876,2183648,defensive,1,0.9700,4,1887
13877,2183765,defensive,1,0.9700,4,1888
13878,2183861,defensive,1,0.9700,4,1889
13879,2184015,defensive,1,0.9700,4,1890
13880,2184157,defensive,1,0.9700,4,1891
13881,2184337,defensive,1,0.9700,4,1892
13882,2184485,defensive,1,0.9700,4,1893
13883,2184584,defensive,1,0.9700,4,1894
13884,2184679,defensive,1,0.9700,4,1895
13885,2184806,defensive,1,0.9700,4,1896
13886,2184933,defensive,1,0.9700,4,1897
13887,2185066,defensive,1,0.9700,4,1898
13888,2185212,defensive,1,0.9700,4,1899
13889,2185376,defensive,1,0.9700,4,1900
13890,2185473,defensive,1,0.9700,4,1901
13891,2185596,defensive,1,0.9700,4,1902
13892,2185758,defensive,1,0.9700,4,1903
13893,2185882,defensive,1,0.9700,4,1904
13894,2186027,defensive,1,0.9700,4,1905
13895,2186119,defensive,0,0.9600,4,1906
13896,2186237,defensive,1,0.9600,4,1907
13897,2186394,defensive,1,0.9600,4,1908
13898,2186486,defensive,1,0.9600,4,1909
13899,2186581,defensive,1,0.9600,4,1910
13900,2186720,defensive,1,0.9600,4,1911
13901,2186857,defensive,1,0.9700,4,1912
13902,2187013,defensive,1,0.9700,4,1913
13903,2187136,defensive,1,0.9700,4,1914
13904,2187258,defensive,1,0.9800,4,1915
13905,2187379,defensive,1,0.9800,4,1916
13906,2187495,defensive,1,0.9800,4,1917
13907,2187616,defensive,1,0.9800,4,1918
13908,2187752,defensive,1,0.9800,4,1919
13909,2187902,defensive,1,0.9800,4,1920
13910,2188021,defensive,1,0.9800,4,1921
13911,2188161,defensive,1,0.9800,4,1922
13912,2188296,defensive,1,0.9800,4,1923
13913,2188427,defensive,1,0.9800,4,1924
13914,2188571,defensive,1,0.9800,4,1925
13915,2188696,defensive,1,0.9800,4,1926
13916,2188821,defensive,1,0.9800,4,1927
13917,2188932,defensive,1,0.9800,4,1928
13918,2189068,defensive,1,0.9800,4,1929
13919,2189215,defensive,1,0.9800,4,1930
13920,2189411,defensive,1,0.9800,4,1931
13921,2189531,defensive,1,0.9800,4,1932
13922,2189654,defensive,1,0.9800,4,1933
13923,2189890,defensive,1,0.9800,4,1934
13924,2190018,defensive,1,0.9800,4,1935
13925,2190122,defensive,1,0.9800,4,1936
13926,2190270,defensive,1,0.9800,4,1937
13927,2190401,defensive,1,0.9800,4,1938
13928,2190530,defensive,1,0.9800,4,1939
13929,2190661,defensive,1,0.9800,4,1940
13930,2190790,defensive,1,0.9800,4,1941
13931,2190925,defensive,1,0.9800,4,1942
13932,2191045,defensive,1,0.9800,4,1943
13933,2191185,defensive,1,0.9800,4,1944
13934,2191315,defensive,1,0.9800,4,1945
13935,2191433,defensive,1,0.9800,4,1946
13936,2191575,defensive,1,0.9800,4,1947
13937,2191725,defensive,1,0.9900,4,1948
13938,2191872,defensive,1,0.9900,4,1949
13939,2191966,defensive,1,0.9900,4,1950
13940,2192163,defensive,1,0.9900,4,1951
13941,2192469,defensive,1,0.9900,4,1952
13942,2192621,defensive,1,0.9900,4,1953
13943,2192775,defensive,1,0.9900,4,1954
13944,2192871,defensive,1,0.9900,4,1955
13945,2192966,defensive,1,0.9900,4,1956
13946,2193089,defensive,1,0.9900,4,1957
13947,2193219,defensive,1,0.9900,4,1958
13948,2193316,defensive,1,0.9900,4,1959
13949,2193445,defensive,1,0.9900,4,1960
13950,2193538,defensive,0,0.9800,4,1961
13951,2193634,defensive,1,0.9800,4,1962
13952,2193788,defensive,1,0.9800,4,1963
13953,2193919,defensive,1,0.9800,4,1964
13954,2194147,defensive,1,0.9800,4,1965
13955,2194286,defensive,1,0.9800,4,1966
13956,2194470,defensive,1,0.9800,4,1967
13957,2194641,defensive,1,0.9800,4,1968
13958,2194762,defensive,1,0.9800,4,1969
13959,2194880,defensive,1,0.9800,4,1970
13960,2195000,defensive,1,0.9800,4,1971
13961,2195136,defensive,1,0.9800,4,1972
13962,2195252,defensive,1,0.9800,4,1973
13963,2195392,defensive,1,0.9800,4,1974
13964,2195551,defensive,1,0.9800,4,1975
13965,2195676,defensive,1,0.9800,4,1976
13966,2195805,defensive,1,0.9800,4,1977
13967,2195946,defensive,1,0.9800,4,1978
13968,2196205,defensive,1,0.9800,4,1979
13969,2196398,defensive,1,0.9800,4,1980
13970,2196521,defensive,1,0.9800,4,1981
13971,2196652,defensive,1,0.9800,4,1982
13972,2196782,defensive,1,0.9800,4,1983
13973,2196937,defensive,1,0.9800,4,1984
13974,2197063,defensive,1,0.9800,4,1985
13975,2197190,defensive,1,0.9800,4,1986
13976,2197322,defensive,1,0.9800,4,1987
13977,2197523,defensive,1,0.9800,4,1988
13978,2197654,defensive,1,0.9800,4,1989
13979,2197774,defensive,1,0.9800,4,1990
13980,2197904,defensive,1,0.9800,4,1991
13981,2198052,defensive,1,0.9800,4,1992
13982,2198221,defensive,1,0.9800,4,1993
13983,2198396,defensive,1,0.9800,4,1994
13984,2198543,defensive,1,0.9800,4,1995
13985,2198670,defensive,1,0.9800,4,1996
13986,2198802,defensive,1,0.9800,4,1997
13987,2198930,defensive,1,0.9800,4,1998
13988,2199046,defensive,1,0.9800,4,1999
13989,2199165,defensive,1,0.9800,4,2000
13990,2199309,defensive,1,0.9800,4,2001
13991,2199432,defensive,1,0.9800,4,2002
13992,2199561,defensive,1,0.9800,4,2003
13993,2199685,defensive,1,0.9800,4,2004
13994,2199854,defensive,1,0.9800,4,2005
13995,2200047,defensive,1,0.9900,4,2006
13996,2200182,defensive,1,0.9900,4,2007
13997,2200298,defensive,1,0.9900,4,2008
13998,2200432,defensive,1,0.9900,4,2009
13999,2200604,defensive,1,0.9900,4,2010
14000,2200786,defensive,1,0.9900,4,2011
14001,2200916,defensive,1,0.9900,4,2012
14002,2201041,defensive,1,0.9900,4,2013
14003,2201160,defensive,1,0.9900,4,2014
14004,2201312,defensive,1,0.9900,4,2015
14005,2201416,defensive,1,0.9900,4,2016
14006,2201548,defensive,1,0.9900,4,2017
14007,2201673,defensive,1,0.9900,4,2018
14008,2201829,defensive,1,0.9900,4,2019
14009,2201976,defensive,1,0.9900,4,2020
14010,2202098,defensive,1,0.9900,4,2021
14011,2202221,defensive,1,0.9900,4,2022
14012,2202348,defensive,1,0.9900,4,2023
14013,2202503,defensive,1,0.9900,4,2024
14014,2202637,defensive,1,0.9900,4,2025
14015,2202730,defensive,1,0.9900,4,2026
14016,2202874,defensive,1,0.9900,4,2027
14017,2203026,defensive,1,0.9900,4,2028
14018,2203206,defensive,1,0.9900,4,2029
14019,2203343,defensive,1,0.9900,4,2030
14020,2203441,defensive,1,0.9900,4,2031
14021,2203613,defensive,1,0.9900,4,2032
14022,2203747,defensive,1,0.9900,4,2033
14023,2203866,defensive,1,0.9900,4,2034
14024,2203992,defensive,1,0.9900,4,2035
14025,2204118,defensive,1,0.9900,4,2036
14026,2204267,defensive,1,0.9900,4,2037
14027,2204392,defensive,1,0.9900,4,2038
14028,2204527,defensive,1,0.9900,4,2039
14029,2204644,defensive,1,0.9900,4,2040
14030,2204887,defensive,1,0.9900,4,2041
14031,2205035,defensive,1,0.9900,4,2042
14032,2205193,defensive,1,0.9900,4,2043
14033,2205332,defensive,1,0.9900,4,2044
14034,2205423,defensive,0,0.9800,4,2045
14035,2205567,defensive,1,0.9800,4,2046
14036,2205696,defensive,1,0.9800,4,2047
14037,2205836,defensive,1,0.9800,4,2048
14038,2205958,defensive,1,0.9800,4,2049
14039,2206051,defensive,1,0.9800,4,2050
14040,2206172,defensive,1,0.9800,4,2051
14041,2206285,defensive,1,0.9800,4,2052
14042,2206431,defensive,1,0.9800,4,2053
14043,2206553,defensive,1,0.9800,4,2054
14044,2206682,defensive,1,0.9800,4,2055
14045,2206812,defensive,1,0.9800,4,2056
14046,2206936,defensive,1,0.9800,4,2057
14047,2207080,defensive,1,0.9800,4,2058
14048,2207205,defensive,1,0.9800,4,2059
14049,2207317,defensive,1,0.9800,4,2060
14050,2207457,defensive,1,0.9900,4,2061
14051,2207645,defensive,1,0.9900,4,2062
14052,2207776,defensive,1,0.9900,4,2063
14053,2207971,defensive,1,0.9900,4,2064
14054,2208067,defensive,1,0.9900,4,2065
14055,2208181,defensive,1,0.9900,4,2066
14056,2208310,defensive,1,0.9900,4,2067
14057,2208403,defensive,1,0.9900,4,2068
14058,2208658,defensive,1,0.9900,4,2069
14059,2208790,defensive,1,0.9900,4,2070
14060,2208930,defensive,1,0.9900,4,2071
14061,2209060,defensive,1,0.9900,4,2072
14062,2209183,defensive,1,0.9900,4,2073
14063,2209301,defensive,1,0.9900,4,2074
14064,2209422,defensive,1,0.9900,4,2075
14065,2209545,defensive,1,0.9900,4,2076
14066,2209686,defensive,1,0.9900,4,2077
14067,2209842,defensive,1,0.9900,4,2078
14068,2209958,defensive,1,0.9900,4,2079
14069,2210098,defensive,1,0.9900,4,2080
14070,2210262,defensive,1,0.9900,4,2081
14071,2210392,defensive,1,0.9900,4,2082
14072,2210526,defensive,1,0.9900,4,2083
14073,2210648,defensive,1,0.9900,4,2084
14074,2210781,defensive,1,0.9900,4,2085
14075,2210909,defensive,1,0.9900,4,2086
14076,2211036,defensive,1,0.9900,4,2087
14077,2211129,defensive,1,0.9900,4,2088
14078,2211256,defensive,1,0.9900,4,2089
14079,2211373,defensive,1,0.9900,4,2090
14080,2211527,defensive,1,0.9900,4,2091
14081,2211667,defensive,1,0.9900,4,2092
14082,2211783,defensive,1,0.9900,4,2093
14083,2211928,defensive,1,0.9900,4,2094
14084,2212084,defensive,1,0.9900,4,2095
14085,2212214,defensive,1,0.9900,4,2096
14086,2212313,defensive,1,0.9900,4,2097
14087,2212473,defensive,1,0.9900,4,2098
14088,2212594,defensive,1,0.9900,4,2099
14089,2212755,defensive,1,0.9900,4,2100
14090,2212873,defensive,1,0.9900,4,2101
14091,2213016,defensive,1,0.9900,4,2102
14092,2213136,defensive,1,0.9900,4,2103
14093,2213277,defensive,1,0.9900,4,2104
14094,2213404,defensive,1,0.9900,4,2105
14095,2213567,defensive,1,0.9900,4,2106
14096,2213687,defensive,1,0.9900,4,2107
14097,2213827,defensive,1,0.9900,4,2108
14098,2213925,defensive,0,0.9800,4,2109
14099,2214079,defensive,1,0.9800,4,2110
14100,2214195,defensive,1,0.9800,4,2111
14101,2214381,defensive,1,0.9800,4,2112
14102,2214509,defensive,1,0.9800,4,2113
14103,2214689,defensive,1,0.9800,4,2114
14104,2214889,defensive,1,0.9800,4,2115
14105,2215028,defensive,1,0.9800,4,2116
14106,2215160,defensive,1,0.9800,4,2117
14107,2215349,defensive,1,0.9800,4,2118
14108,2215467,defensive,1,0.9800,4,2119
14109,2215562,defensive,1,0.9800,4,2120
14110,2215705,defensive,1,0.9800,4,2121
14111,2215894,defensive,1,0.9800,4,2122
14112,2216077,defensive,1,0.9800,4,2123
14113,2216211,defensive,1,0.9800,4,2124
14114,2216334,defensive,1,0.9800,4,2125
14115,2216454,defensive,1,0.9800,4,2126
14116,2216575,defensive,1,0.9800,4,2127
14117,2216714,defensive,1,0.9800,4,2128
14118,2216852,defensive,1,0.9800,4,2129
14119,2217005,defensive,1,0.9800,4,2130
14120,2217136,defensive,1,0.9800,4,2131
14121,2217257,defensive,1,0.9800,4,2132
14122,2217429,defensive,1,0.9800,4,2133
14123,2217564,defensive,1,0.9800,4,2134
14124,2217683,defensive,1,0.9800,4,2135
14125,2217782,defensive,1,0.9800,4,2136
14126,2217907,defensive,1,0.9800,4,2137
14127,2218025,defensive,1,0.9800,4,2138
14128,2218156,defensive,1,0.9800,4,2139
14129,2218280,defensive,1,0.9800,4,2140
14130,2218418,defensive,1,0.9800,4,2141
14131,2218565,defensive,1,0.9800,4,2142
14132,2218682,defensive,1,0.9800,4,2143
14133,2218819,defensive,1,0.9800,4,2144
14134,2218942,defensive,1,0.9900,4,2145
14135,2219103,defensive,1,0.9900,4,2146
14136,2219237,defensive,1,0.9900,4,2147
14137,2219415,defensive,1,0.9900,4,2148
14138,2219574,defensive,1,0.9900,4,2149
14139,2219699,defensive,1,0.9900,4,2150
14140,2219831,defensive,1,0.9900,4,2151
14141,2219963,defensive,1,0.9900,4,2152
14142,2220081,defensive,1,0.9900,4,2153
14143,2220206,defensive,1,0.9900,4,2154
14144,2220323,defensive,1,0.9900,4,2155
14145,2220453,defensive,1,0.9900,4,2156
14146,2220606,defensive,1,0.9900,4,2157
14147,2220725,defensive,1,0.9900,4,2158
14148,2220852,defensive,1,0.9900,4,2159
14149,2220973,defensive,1,0.9900,4,2160
14150,2221092,defensive,1,0.9900,4,2161
14151,2221254,defensive,1,0.9900,4,2162
14152,2221393,defensive,1,0.9900,4,2163
14153,2221514,defensive,1,0.9900,4,2164
14154,2221721,defensive,1,0.9900,4,2165
14155,2221871,defensive,1,0.9900,4,2166
14156,2221964,defensive,1,0.9900,4,2167
14157,2222091,defensive,1,0.9900,4,2168
14158,2222279,defensive,1,0.9900,4,2169
14159,2222426,defensive,1,0.9900,4,2170
14160,2222559,defensive,1,0.9900,4,2171
14161,2222681,defensive,1,0.9900,4,2172
14162,2222805,defensive,1,0.9900,4,2173
14163,2222902,defensive,1,0.9900,4,2174
14164,2222998,defensive,1,0.9900,4,2175
14165,2223138,defensive,1,0.9900,4,2176
14166,2223270,defensive,1,0.9900,4,2177
14167,2223412,defensive,1,0.9900,4,2178
14168,2223535,defensive,1,0.9900,4,2179
14169,2223653,defensive,1,0.9900,4,2180
14170,2223774,defensive,1,0.9900,4,2181
14171,2223893,defensive,1,0.9900,4,2182
14172,2224013,defensive,1,0.9900,4,2183
14173,2224112,defensive,1,0.9900,4,2184
14174,2224230,defensive,1,0.9900,4,2185
14175,2224433,defensive,1,0.9900,4,2186
14176,2224585,defensive,1,0.9900,4,2187
14177,2224738,defensive,1,0.9900,4,2188
14178,2224881,defensive,1,0.9900,4,2189
14179,2224979,defensive,0,0.9800,4,2190
14180,2225121,defensive,1,0.9800,4,2191
14181,2225268,defensive,1,0.9800,4,2192
14182,2225414,defensive,1,0.9800,4,2193
14183,2225509,defensive,0,0.9700,4,2194
14184,2225768,defensive,1,0.9700,4,2195
14185,2225915,defensive,1,0.9700,4,2196
14186,2226051,defensive,1,0.9700,4,2197
14187,2226187,defensive,1,0.9700,4,2198
14188,2226364,defensive,1,0.9700,4,2199
14189,2226498,defensive,1,0.9700,4,2200
14190,2226617,defensive,1,0.9700,4,2201
14191,2226743,defensive,1,0.9700,4,2202
14192,2226871,defensive,1,0.9700,4,2203
14193,2226984,defensive,1,0.9700,4,2204
14194,2227186,defensive,1,0.9700,4,2205
14195,2227282,defensive,1,0.9700,4,2206
14196,2227419,defensive,1,0.9700,4,2207
14197,2227567,defensive,1,0.9700,4,2208
14198,2227717,defensive,1,0.9800,4,2209
14199,2227874,defensive,1,0.9800,4,2210
14200,2228004,defensive,1,0.9800,4,2211
14201,2228136,defensive,1,0.9800,4,2212
14202,2228262,defensive,1,0.9800,4,2213
14203,2228466,defensive,1,0.9800,4,2214
14204,2228586,defensive,1,0.9800,4,2215
14205,2228708,defensive,1,0.9800,4,2216
14206,2228840,defensive,1,0.9800,4,2217
14207,2228965,defensive,1,0.9800,4,2218
14208,2229078,defensive,1,0.9800,4,2219
14209,2229217,defensive,1,0.9800,4,2220
14210,2229341,defensive,1,0.9800,4,2221
14211,2229459,defensive,1,0.9800,4,2222
14212,2229740,defensive,1,0.9800,4,2223
14213,2229857,defensive,1,0.9800,4,2224
14214,2229957,defensive,1,0.9800,4,2225
14215,2230080,defensive,1,0.9800,4,2226
14216,2230174,defensive,0,0.9700,4,2227
14217,2230270,defensive,1,0.9700,4,2228
14218,2230358,defensive,1,0.9700,4,2229
14219,2230485,defensive,1,0.9700,4,2230
14220,2230624,defensive,1,0.9700,4,2231
14221,2230774,defensive,1,0.9700,4,2232
14222,2230900,defensive,1,0.9700,4,2233
14223,2231019,defensive,1,0.9700,4,2234
14224,2231142,defensive,1,0.9700,4,2235
14225,2231310,defensive,1,0.9700,4,2236
14226,2231436,defensive,1,0.9700,4,2237
14227,2231558,defensive,1,0.9700,4,2238
14228,2231688,defensive,1,0.9700,4,2239
14229,2231854,defensive,1,0.9700,4,2240
14230,2232012,defensive,1,0.9700,4,2241
14231,2232133,defensive,1,0.9700,4,2242
14232,2232229,defensive,1,0.9700,4,2243
14233,2232318,defensive,1,0.9700,4,2244
14234,2232461,defensive,1,0.9700,4,2245
14235,2232557,defensive,1,0.9700,4,2246
14236,2232652,defensive,1,0.9700,4,2247
14237,2232785,defensive,1,0.9700,4,2248
14238,2232919,defensive,1,0.9700,4,2249
14239,2233073,defensive,1,0.9700,4,2250
14240,2233169,defensive,1,0.9700,4,2251
14241,2233288,defensive,1,0.9700,4,2252
14242,2233420,defensive,1,0.9700,4,2253
14243,2233565,defensive,1,0.9700,4,2254
14244,2233706,defensive,1,0.9700,4,2255
14245,2233806,defensive,0,0.9600,4,2256
14246,2233923,defensive,1,0.9600,4,2257
14247,2234066,defensive,1,0.9600,4,2258
14248,2234236,defensive,1,0.9600,4,2259
14249,2234330,defensive,0,0.9500,4,2260
14250,2234451,defensive,1,0.9500,4,2261
14251,2234573,defensive,1,0.9500,4,2262
14252,2234747,defensive,1,0.9500,4,2263
14253,2234895,defensive,1,0.9500,4,2264
14254,2234995,defensive,1,0.9500,4,2265
14255,2235139,defensive,1,0.9500,4,2266
14256,2235288,defensive,1,0.9500,4,2267
14257,2235410,defensive,1,0.9500,4,2268
14258,2235535,defensive,1,0.9500,4,2269
14259,2235683,defensive,1,0.9500,4,2270
14260,2235826,defensive,1,0.9500,4,2271
14261,2235959,defensive,1,0.9500,4,2272
14262,2236095,defensive,1,0.9500,4,2273
14263,2236219,defensive,1,0.9500,4,2274
14264,2236312,defensive,0,0.9400,4,2275
14265,2236452,defensive,1,0.9400,4,2276
14266,2236583,defensive,1,0.9400,4,2277
14267,2236707,defensive,1,0.9400,4,2278
14268,2236824,defensive,1,0.9400,4,2279
14269,2236955,defensive,1,0.9400,4,2280
14270,2237104,defensive,1,0.9400,4,2281
14271,2237224,defensive,1,0.9400,4,2282
14272,2237358,defensive,1,0.9400,4,2283
14273,2237477,defensive,1,0.9400,4,2284
14274,2237572,defensive,1,0.9400,4,2285
14275,2237702,defensive,1,0.9400,4,2286
14276,2237822,defensive,1,0.9400,4,2287
14277,2237965,defensive,1,0.9400,4,2288
14278,2238092,defensive,1,0.9400,4,2289
14279,2238223,defensive,1,0.9500,4,2290
14280,2238336,defensive,1,0.9500,4,2291
14281,2238472,defensive,1,0.9500,4,2292
14282,2238603,defensive,1,0.9500,4,2293
14283,2238768,defensive,1,0.9600,4,2294
14284,2238902,defensive,1,0.9600,4,2295
14285,2239063,defensive,1,0.9600,4,2296
14286,2239182,defensive,1,0.9600,4,2297
14287,2239311,defensive,1,0.9600,4,2298
14288,2239445,defensive,1,0.9600,4,2299
14289,2239592,defensive,1,0.9600,4,2300
14290,2239738,defensive,1,0.9600,4,2301
14291,2239910,defensive,1,0.9600,4,2302
14292,2240033,defensive,1,0.9600,4,2303
14293,2240174,defensive,1,0.9600,4,2304
14294,2240377,defensive,1,0.9600,4,2305
14295,2240471,defensive,0,0.9500,4,2306
14296,2240595,defensive,1,0.9500,4,2307
14297,2240730,defensive,1,0.9500,4,2308
14298,2240883,defensive,1,0.9500,4,2309
14299,2241006,defensive,1,0.9500,4,2310
14300,2241094,defensive,0,0.9400,4,2311
14301,2241222,defensive,1,0.9400,4,2312
14302,2241367,defensive,1,0.9400,4,2313
14303,2241529,defensive,1,0.9400,4,2314
14304,2241622,defensive,1,0.9400,4,2315
14305,2241752,defensive,1,0.9400,4,2316
14306,2241877,defensive,1,0.9400,4,2317
14307,2242047,defensive,1,0.9400,4,2318
14308,2242199,defensive,1,0.9400,4,2319
14309,2242413,defensive,1,0.9400,4,2320
14310,2242536,defensive,1,0.9400,4,2321
14311,2242659,defensive,1,0.9400,4,2322
14312,2242784,defensive,1,0.9400,4,2323
14313,2242906,defensive,1,0.9400,4,2324
14314,2243009,defensive,0,0.9300,4,2325
14315,2243132,defensive,1,0.9300,4,2326
14316,2243272,defensive,1,0.9400,4,2327
14317,2243388,defensive,1,0.9400,4,2328
14318,2243502,defensive,1,0.9400,4,2329
14319,2243659,defensive,1,0.9400,4,2330
14320,2243789,defensive,1,0.9400,4,2331
14321,2243939,defensive,1,0.9400,4,2332
14322,2244068,defensive,1,0.9400,4,2333
14323,2244198,defensive,1,0.9400,4,2334
14324,2244365,defensive,1,0.9400,4,2335
14325,2244459,defensive,1,0.9400,4,2336
14326,2244595,defensive,1,0.9400,4,2337
14327,2244719,defensive,1,0.9400,4,2338
14328,2244810,defensive,0,0.9300,4,2339
14329,2244948,defensive,1,0.9300,4,2340
14330,2245073,defensive,1,0.9300,4,2341
14331,2245192,defensive,1,0.9300,4,2342
14332,2245283,defensive,0,0.9200,4,2343
14333,2245508,defensive,1,0.9200,4,2344
14334,2245659,defensive,1,0.9200,4,2345
14335,2245850,defensive,1,0.9200,4,2346
14336,2245973,defensive,1,0.9200,4,2347
14337,2246116,defensive,1,0.9200,4,2348
14338,2246244,defensive,1,0.9200,4,2349
14339,2246373,defensive,1,0.9200,4,2350
14340,2246498,defensive,1,0.9200,4,2351
14341,2246588,defensive,0,0.9100,4,2352
14342,2246709,defensive,1,0.9100,4,2353
14343,2246828,defensive,1,0.9100,4,2354
14344,2246925,defensive,1,0.9100,4,2355
14345,2247062,defensive,1,0.9200,4,2356
14346,2247205,defensive,1,0.9200,4,2357
14347,2247291,defensive,0,0.9100,4,2358
14348,2247424,defensive,1,0.9100,4,2359
14349,2247552,defensive,1,0.9200,4,2360
14350,2247733,defensive,1,0.9200,4,2361
14351,2247947,defensive,1,0.9200,4,2362
14352,2248177,defensive,1,0.9200,4,2363
14353,2248336,defensive,1,0.9200,4,2364
14354,2248454,defensive,1,0.9200,4,2365
14355,2248582,defensive,1,0.9200,4,2366
14356,2248782,defensive,1,0.9200,4,2367
14357,2248960,defensive,1,0.9200,4,2368
14358,2249047,defensive,0,0.9100,4,2369
14359,2249166,defensive,1,0.9100,4,2370
14360,2249301,defensive,1,0.9100,4,2371
14361,2249428,defensive,1,0.9100,4,2372
14362,2249543,defensive,1,0.9100,4,2373
14363,2249668,defensive,1,0.9100,4,2374
14364,2249790,defensive,1,0.9200,4,2375
14365,2249888,defensive,0,0.9100,4,2376
14366,2250011,defensive,1,0.9100,4,2377
14367,2250301,corner,1,0.9100,5,1
14368,2250462,corner,1,0.9100,5,2
14369,2250644,corner,1,0.9100,5,3
14370,2250787,corner,1,0.9100,5,4
14371,2250933,corner,1,0.9100,5,5
14372,2251083,corner,1,0.9100,5,6
14373,2251213,corner,1,0.9100,5,7
14374,2251383,corner,1,0.9100,5,8
14375,2251723,corner,1,0.9100,5,9
14376,2251888,corner,1,0.9100,5,10
14377,2252030,corner,1,0.9100,5,11
14378,2252231,corner,1,0.9100,5,12
14379,2252338,corner,0,0.9000,5,13
14380,2252822,corner,1,0.9000,5,14
14381,2252997,corner,1,0.9000,5,15
14382,2253312,corner,1,0.9000,5,16
14383,2253468,corner,1,0.9000,5,17
14384,2253671,corner,1,0.9000,5,18
14385,2253811,corner,1,0.9000,5,19
14386,2253972,corner,1,0.9000,5,20
14387,2254481,corner,1,0.9000,5,21
14388,2255145,corner,1,0.9000,5,22
14389,2255338,corner,1,0.9000,5,23
14390,2255501,corner,1,0.9000,5,24
14391,2255669,corner,1,0.9000,5,25
14392,2255808,corner,1,0.9000,5,26
14393,2255975,corner,1,0.9000,5,27
14394,2256439,corner,1,0.9000,5,28
14395,2256596,corner,1,0.9100,5,29
14396,2256904,corner,1,0.9100,5,30
14397,2257008,corner,1,0.9100,5,31
14398,2257858,corner,1,0.9100,5,32
14399,2258037,corner,1,0.9100,5,33
14400,2258198,corner,1,0.9200,5,34
14401,2258594,corner,1,0.9200,5,35
14402,2258730,corner,1,0.9200,5,36
14403,2258868,corner,1,0.9200,5,37
14404,2259045,corner,1,0.9200,5,38
14405,2259221,corner,1,0.9200,5,39
14406,2259389,corner,1,0.9200,5,40
14407,2259499,corner,0,0.9100,5,41
14408,2259659,corner,1,0.9100,5,42
14409,2260187,corner,1,0.9100,5,43
14410,2260350,corner,1,0.9100,5,44
14411,2260532,corner,1,0.9100,5,45
14412,2261884,corner,1,0.9100,5,46
14413,2262056,corner,1,0.9100,5,47
14414,2262371,corner,1,0.9200,5,48
14415,2262522,corner,1,0.9200,5,49
14416,2263059,corner,1,0.9200,5,50
14417,2263383,corner,1,0.9200,5,51
14418,2263640,corner,1,0.9200,5,52
14419,2263904,corner,1,0.9200,5,53
14420,2264081,corner,1,0.9200,5,54
14421,2264267,corner,1,0.9200,5,55
14422,2264438,corner,1,0.9200,5,56
14423,2264583,corner,1,0.9200,5,57
14424,2264748,corner,1,0.9200,5,58
14425,2264896,corner,1,0.9200,5,59
14426,2265571,corner,1,0.9200,5,60
14427,2266030,corner,1,0.9200,5,61
14428,2266159,corner,1,0.9300,5,62
14429,2266312,corner,1,0.9300,5,63
14430,2266472,corner,1,0.9300,5,64
14431,2266664,corner,1,0.9300,5,65
14432,2266773,corner,1,0.9400,5,66
14433,2267612,corner,1,0.9400,5,67
14434,2267802,corner,1,0.9400,5,68
14435,2268036,corner,1,0.9400,5,69
14436,2268398,corner,1,0.9400,5,70
14437,2268696,corner,1,0.9400,5,71
14438,2268831,corner,1,0.9400,5,72
14439,2268984,corner,1,0.9400,5,73
14440,2269297,corner,1,0.9400,5,74
14441,2269421,corner,1,0.9500,5,75
14442,2269568,corner,1,0.9500,5,76
14443,2270195,corner,1,0.9500,5,77
14444,2270335,corner,1,0.9500,5,78
14445,2270530,corner,1,0.9500,5,79
14446,2270635,corner,0,0.9400,5,80
14447,2270875,corner,1,0.9500,5,81
14448,2271380,corner,1,0.9500,5,82
14449,2271510,corner,1,0.9500,5,83
14450,2271659,corner,1,0.9500,5,84
14451,2272033,corner,1,0.9500,5,85
14452,2272203,corner,1,0.9500,5,86
14453,2272308,corner,1,0.9500,5,87
14454,2272775,corner,1,0.9500,5,88
14455,2273115,corner,1,0.9500,5,89
14456,2273290,corner,1,0.9500,5,90
14457,2273502,corner,1,0.9500,5,91
14458,2273764,corner,1,0.9600,5,92
14459,2273914,corner,1,0.9600,5,93
14460,2274237,corner,1,0.9600,5,94
14461,2274507,corner,1,0.9600,5,95
14462,2275009,corner,1,0.9600,5,96
14463,2275140,corner,1,0.9600,5,97
14464,2275466,corner,1,0.9600,5,98
14465,2275704,corner,1,0.9700,5,99
14466,2275932,corner,1,0.9700,5,100
14467,2276096,corner,1,0.9700,5,101
14468,2276226,corner,1,0.9700,5,102
14469,2276396,corner,1,0.9700,5,103
14470,2276557,corner,1,0.9700,5,104
14471,2276704,corner,1,0.9700,5,105
14472,2276883,corner,1,0.9700,5,106
14473,2277046,corner,1,0.9700,5,107
14474,2277200,corner,1,0.9700,5,108
14475,2278163,corner,1,0.9700,5,109
14476,2278334,corner,1,0.9700,5,110
14477,2278561,corner,1,0.9700,5,111
14478,2278739,corner,1,0.9700,5,112
14479,2278897,corner,1,0.9800,5,113
14480,2279091,corner,1,0.9800,5,114
14481,2279257,corner,1,0.9800,5,115
14482,2279785,corner,1,0.9800,5,116
14483,2280301,corner,1,0.9800,5,117
14484,2280668,corner,1,0.9800,5,118
14485,2280824,corner,1,0.9800,5,119
14486,2281505,corner,1,0.9800,5,120
14487,2281856,corner,1,0.9800,5,121
14488,2282040,corner,1,0.9800,5,122
14489,2282199,corner,1,0.9800,5,123
14490,2282357,corner,1,0.9800,5,124
14491,2282556,corner,1,0.9800,5,125
14492,2282728,corner,1,0.9800,5,126
14493,2282884,corner,1,0.9800,5,127
14494,2283411,corner,1,0.9800,5,128
14495,2283565,corner,1,0.9800,5,129
14496,2283736,corner,1,0.9800,5,130
14497,2283875,corner,1,0.9800,5,131
14498,2284043,corner,1,0.9800,5,132
14499,2284156,corner,1,0.9800,5,133
14500,2284496,corner,1,0.9800,5,134
14501,2284642,corner,1,0.9800,5,135
14502,2284779,corner,1,0.9800,5,136
14503,2285162,corner,1,0.9800,5,137
14504,2285395,corner,1,0.9800,5,138
14505,2285563,corner,1,0.9800,5,139
14506,2286052,corner,1,0.9800,5,140
14507,2286202,corner,1,0.9900,5,141
14508,2286386,corner,1,0.9900,5,142
14509,2286501,corner,1,0.9900,5,143
14510,2286649,corner,1,0.9900,5,144
14511,2286824,corner,1,0.9900,5,145
14512,2286944,corner,1,0.9900,5,146
14513,2287505,corner,1,0.9900,5,147
14514,2287615,corner,1,0.9900,5,148
14515,2287762,corner,1,0.9900,5,149
14516,2287900,corner,1,0.9900,5,150
14517,2288042,corner,1,0.9900,5,151
14518,2288190,corner,1,0.9900,5,152
14519,2288465,corner,1,0.9900,5,153
14520,2288632,corner,1,0.9900,5,154
14521,2288765,corner,1,0.9900,5,155
14522,2288912,corner,1,0.9900,5,156
14523,2289258,corner,1,0.9900,5,157
14524,2289388,corner,1,0.9900,5,158
14525,2289911,corner,1,0.9900,5,159
14526,2290067,corner,1,0.9900,5,160
14527,2291419,corner,1,0.9900,5,161
14528,2291752,corner,1,0.9900,5,162
14529,2292056,corner,1,0.9900,5,163
14530,2292211,corner,1,0.9900,5,164
14531,2292351,corner,1,0.9900,5,165
14532,2292684,corner,1,0.9900,5,166
14533,2292983,corner,1,0.9900,5,167
14534,2293167,corner,1,0.9900,5,168
14535,2293341,corner,1,0.9900,5,169
14536,2294693,corner,1,0.9900,5,170
14537,2294860,corner,1,0.9900,5,171
14538,2295026,corner,1,0.9900,5,172
14539,2295512,corner,1,0.9900,5,173
14540,2295837,corner,1,0.9900,5,174
14541,2296025,corner,1,0.9900,5,175
14542,2296185,corner,1,0.9900,5,176
14543,2296324,corner,1,0.9900,5,177
14544,2296786,corner,1,0.9900,5,178
14545,2296956,corner,1,0.9900,5,179
14546,2297124,corner,1,1.0000,5,180
14547,2297278,corner,1,1.0000,5,181
14548,2297562,corner,1,1.0000,5,182
14549,2298001,corner,1,1.0000,5,183
14550,2298293,corner,1,1.0000,5,184
14551,2298410,corner,1,1.0000,5,185
14552,2298915,corner,1,1.0000,5,186
14553,2299065,corner,1,1.0000,5,187
14554,2299249,corner,1,1.0000,5,188
14555,2299532,corner,1,1.0000,5,189
14556,2299674,corner,1,1.0000,5,190
14557,2300010,corner,1,1.0000,5,191
14558,2300325,corner,1,1.0000,5,192
14559,2300546,corner,1,1.0000,5,193
14560,2300718,corner,1,1.0000,5,194
14561,2301076,corner,1,1.0000,5,195
14562,2301207,corner,1,1.0000,5,196
14563,2301371,corner,1,1.0000,5,197
14564,2301540,corner,1,1.0000,5,198
14565,2301862,corner,1,1.0000,5,199
14566,2302220,corner,1,1.0000,5,200
14567,2302380,corner,1,1.0000,5,201
14568,2302483,corner,1,1.0000,5,202
14569,2302686,corner,1,1.0000,5,203
14570,2302848,corner,1,1.0000,5,204
14571,2302977,corner,1,1.0000,5,205
14572,2303141,corner,1,1.0000,5,206
14573,2303281,corner,1,1.0000,5,207
14574,2303449,corner,1,1.0000,5,208
14575,2303595,corner,1,1.0000,5,209
14576,2303798,corner,1,1.0000,5,210
14577,2304156,corner,1,1.0000,5,211
14578,2304323,corner,1,1.0000,5,212
14579,2304488,corner,1,1.0000,5,213
14580,2304656,corner,1,1.0000,5,214
14581,2304991,corner,1,1.0000,5,215
14582,2305188,corner,1,1.0000,5,216
14583,2305366,corner,1,1.0000,5,217
14584,2305920,corner,1,1.0000,5,218
14585,2306227,corner,1,1.0000,5,219
14586,2306560,corner,1,1.0000,5,220
14587,2306747,corner,1,1.0000,5,221
14588,2306900,corner,1,1.0000,5,222
14589,2307075,corner,1,1.0000,5,223
14590,2307326,corner,1,1.0000,5,224
14591,2307467,corner,1,1.0000,5,225
14592,2307677,corner,1,1.0000,5,226
14593,2307787,corner,1,1.0000,5,227
14594,2307953,corner,1,1.0000,5,228
14595,2308115,corner,1,1.0000,5,229
14596,2308248,corner,1,1.0000,5,230
14597,2308391,corner,1,1.0000,5,231
14598,2308538,corner,1,1.0000,5,232
14599,2308665,corner,1,1.0000,5,233
14600,2308837,corner,1,1.0000,5,234
14601,2308951,corner,1,1.0000,5,235
14602,2309309,corner,1,1.0000,5,236
14603,2309625,corner,1,1.0000,5,237
14604,2309946,corner,1,1.0000,5,238
14605,2310065,corner,1,1.0000,5,239
14606,2310209,corner,1,1.0000,5,240
14607,2310445,corner,1,1.0000,5,241
14608,2310588,corner,1,1.0000,5,242
14609,2310708,corner,1,1.0000,5,243
14610,2310845,corner,1,1.0000,5,244
14611,2310970,corner,1,1.0000,5,245
14612,2311108,corner,1,1.0000,5,246
14613,2311249,corner,1,1.0000,5,247
14614,2311383,corner,1,1.0000,5,248
14615,2311542,corner,1,1.0000,5,249
14616,2311795,corner,1,1.0000,5,250
14617,2311930,corner,1,1.0000,5,251
14618,2312400,corner,1,1.0000,5,252
14619,2312653,corner,1,1.0000,5,253
14620,2314005,corner,1,1.0000,5,254
14621,2314144,corner,1,1.0000,5,255
14622,2314305,corner,1,1.0000,5,256
14623,2315657,corner,1,1.0000,5,257
14624,2315786,corner,1,1.0000,5,258
14625,2315954,corner,1,1.0000,5,259
14626,2316128,corner,1,1.0000,5,260
14627,2316260,corner,1,1.0000,5,261
14628,2316764,corner,1,1.0000,5,262
14629,2316936,corner,1,1.0000,5,263
14630,2317280,corner,1,1.0000,5,264
14631,2317421,corner,1,1.0000,5,265
14632,2317516,corner,0,0.9900,5,266
14633,2317670,corner,1,0.9900,5,267
14634,2317966,corner,1,0.9900,5,268
14635,2318125,corner,1,0.9900,5,269
14636,2318466,corner,1,0.9900,5,270
14637,2318646,corner,1,0.9900,5,271
14638,2318795,corner,1,0.9900,5,272
14639,2318924,corner,1,0.9900,5,273
14640,2319107,corner,1,0.9900,5,274
14641,2319248,corner,1,0.9900,5,275
14642,2319592,corner,1,0.9900,5,276
14643,2320944,corner,1,0.9900,5,277
14644,2321308,corner,1,0.9900,5,278
14645,2321471,corner,1,0.9900,5,279
14646,2321698,corner,1,0.9900,5,280
14647,2321822,corner,1,0.9900,5,281
14648,2321969,corner,1,0.9900,5,282
14649,2322136,corner,1,0.9900,5,283
14650,2322271,corner,1,0.9900,5,284
14651,2322474,corner,1,0.9900,5,285
14652,2322606,corner,1,0.9900,5,286
14653,2322915,corner,1,0.9900,5,287
14654,2323065,corner,1,0.9900,5,288
14655,2323224,corner,1,0.9900,5,289
14656,2323368,corner,1,0.9900,5,290
14657,2323519,corner,1,0.9900,5,291
14658,2324871,corner,1,0.9900,5,292
14659,2325026,corner,1,0.9900,5,293
14660,2325254,corner,1,0.9900,5,294
14661,2325418,corner,1,0.9900,5,295
14662,2325546,corner,1,0.9900,5,296
14663,2325859,corner,1,0.9900,5,297
14664,2326128,corner,1,0.9900,5,298
14665,2326240,corner,1,0.9900,5,299
14666,2326388,corner,1,0.9900,5,300
14667,2326558,corner,1,0.9900,5,301
14668,2326720,corner,1,0.9900,5,302
14669,2326865,corner,1,0.9900,5,303
14670,2327020,corner,1,0.9900,5,304
14671,2327205,corner,1,0.9900,5,305
14672,2327309,corner,1,0.9900,5,306
14673,2327468,corner,1,0.9900,5,307
14674,2327626,corner,1,0.9900,5,308
14675,2327762,corner,1,0.9900,5,309
14676,2327898,corner,1,0.9900,5,310
14677,2328150,corner,1,0.9900,5,311
14678,2328334,corner,1,0.9900,5,312
14679,2328452,corner,1,0.9900,5,313
14680,2328597,corner,1,0.9900,5,314
14681,2328785,corner,1,0.9900,5,315
14682,2328984,corner,1,0.9900,5,316
14683,2329340,corner,1,0.9900,5,317
14684,2329506,corner,1,0.9900,5,318
14685,2329653,corner,1,0.9900,5,319
14686,2329810,corner,1,0.9900,5,320
14687,2330123,corner,1,0.9900,5,321
14688,2330284,corner,1,0.9900,5,322
14689,2330604,corner,1,0.9900,5,323
14690,2330744,corner,1,0.9900,5,324
14691,2330864,corner,1,0.9900,5,325
14692,2331041,corner,1,0.9900,5,326
14693,2331152,corner,1,0.9900,5,327
14694,2331319,corner,1,0.9900,5,328
14695,2331482,corner,1,0.9900,5,329
14696,2331644,corner,1,0.9900,5,330
14697,2331791,corner,1,0.9900,5,331
14698,2331927,corner,1,0.9900,5,332
14699,2332094,corner,1,0.9900,5,333
14700,2332249,corner,1,0.9900,5,334
14701,2332428,corner,1,0.9900,5,335
14702,2332613,corner,1,0.9900,5,336
14703,2332772,corner,1,0.9900,5,337
14704,2332915,corner,1,0.9900,5,338
14705,2333080,corner,1,0.9900,5,339
14706,2333204,corner,1,0.9900,5,340
14707,2333528,corner,1,0.9900,5,341
14708,2333668,corner,1,0.9900,5,342
14709,2335020,corner,1,0.9900,5,343
14710,2335172,corner,1,0.9900,5,344
14711,2335342,corner,1,0.9900,5,345
14712,2335488,corner,1,0.9900,5,346
14713,2335651,corner,1,0.9900,5,347
14714,2337003,corner,1,0.9900,5,348
14715,2337154,corner,1,0.9900,5,349
14716,2337330,corner,1,0.9900,5,350
14717,2337495,corner,1,0.9900,5,351
14718,2337640,corner,1,0.9900,5,352
14719,2337798,corner,1,0.9900,5,353
14720,2337941,corner,1,0.9900,5,354
14721,2338110,corner,1,0.9900,5,355
14722,2338251,corner,1,0.9900,5,356
14723,2338403,corner,1,0.9900,5,357
14724,2338588,corner,1,0.9900,5,358
14725,2338706,corner,1,0.9900,5,359
14726,2338856,corner,1,0.9900,5,360
14727,2339116,corner,1,0.9900,5,361
14728,2339244,corner,1,0.9900,5,362
14729,2339385,corner,1,0.9900,5,363
14730,2339534,corner,1,0.9900,5,364
14731,2339710,corner,1,0.9900,5,365
14732,2339861,corner,1,1.0000,5,366
14733,2340004,corner,1,1.0000,5,367
14734,2340126,corner,1,1.0000,5,368
14735,2340426,corner,1,1.0000,5,369
14736,2340582,corner,1,1.0000,5,370
14737,2340711,corner,1,1.0000,5,371
14738,2340837,corner,1,1.0000,5,372
14739,2340968,corner,1,1.0000,5,373
14740,2341104,corner,1,1.0000,5,374
14741,2341236,corner,1,1.0000,5,375
14742,2341355,corner,1,1.0000,5,376
14743,2341513,corner,1,1.0000,5,377
14744,2341829,corner,1,1.0000,5,378
14745,2342089,corner,1,1.0000,5,379
14746,2342214,corner,1,1.0000,5,380
14747,2342475,corner,1,1.0000,5,381
14748,2342623,corner,1,1.0000,5,382
14749,2342791,corner,1,1.0000,5,383
14750,2342958,corner,1,1.0000,5,384
14751,2343091,corner,1,1.0000,5,385
14752,2343206,corner,1,1.0000,5,386
14753,2343337,corner,1,1.0000,5,387
14754,2343485,corner,1,1.0000,5,388
14755,2343677,corner,1,1.0000,5,389
14756,2343811,corner,1,1.0000,5,390
14757,2343929,corner,0,0.9900,5,391
14758,2344122,corner,1,0.9900,5,392
14759,2344275,corner,1,0.9900,5,393
14760,2344400,corner,1,0.9900,5,394
14761,2344557,corner,1,0.9900,5,395
14762,2344743,corner,1,0.9900,5,396
14763,2344976,corner,1,0.9900,5,397
14764,2345155,corner,1,0.9900,5,398
14765,2345300,corner,1,0.9900,5,399
14766,2345455,corner,1,0.9900,5,400
14767,2345619,corner,1,0.9900,5,401
14768,2345898,corner,1,0.9900,5,402
14769,2346731,corner,1,0.9900,5,403
14770,2347048,corner,1,0.9900,5,404
14771,2347198,corner,1,0.9900,5,405
14772,2347339,corner,1,0.9900,5,406
14773,2347450,corner,1,0.9900,5,407
14774,2347576,corner,1,0.9900,5,408
14775,2347738,corner,1,0.9900,5,409
14776,2347898,corner,1,0.9900,5,410
14777,2348012,corner,1,0.9900,5,411
14778,2348149,corner,1,0.9900,5,412
14779,2348335,corner,1,0.9900,5,413
14780,2348484,corner,1,0.9900,5,414
14781,2348631,corner,1,0.9900,5,415
14782,2349983,corner,1,0.9900,5,416
14783,2350127,corner,1,0.9900,5,417
14784,2350257,corner,1,0.9900,5,418
14785,2350389,corner,1,0.9900,5,419
14786,2350547,corner,1,0.9900,5,420
14787,2350687,corner,1,0.9900,5,421
14788,2350881,corner,1,0.9900,5,422
14789,2351022,corner,1,0.9900,5,423
14790,2351176,corner,1,0.9900,5,424
14791,2351305,corner,1,0.9900,5,425
14792,2351514,corner,1,0.9900,5,426
14793,2351657,corner,1,0.9900,5,427
14794,2351800,corner,1,0.9900,5,428
14795,2352117,corner,1,0.9900,5,429
14796,2352264,corner,1,0.9900,5,430
14797,2352537,corner,1,0.9900,5,431
14798,2353889,corner,0,0.9800,5,432
14799,2354036,corner,1,0.9800,5,433
14800,2354166,corner,1,0.9800,5,434
14801,2354333,corner,1,0.9800,5,435
14802,2354473,corner,1,0.9800,5,436
14803,2354595,corner,1,0.9800,5,437
14804,2354731,corner,1,0.9800,5,438
14805,2354913,corner,1,0.9800,5,439
14806,2355115,corner,1,0.9800,5,440
14807,2355420,corner,1,0.9800,5,441
14808,2355576,corner,1,0.9800,5,442
14809,2355860,corner,1,0.9800,5,443
14810,2355977,corner,1,0.9800,5,444
14811,2356093,corner,1,0.9800,5,445
14812,2356212,corner,1,0.9800,5,446
14813,2356342,corner,1,0.9800,5,447
14814,2356471,corner,1,0.9800,5,448
14815,2356639,corner,1,0.9800,5,449
14816,2356806,corner,1,0.9800,5,450
14817,2356913,corner,1,0.9800,5,451
14818,2357090,corner,1,0.9800,5,452
14819,2357230,corner,1,0.9800,5,453
14820,2357411,corner,1,0.9800,5,454
14821,2357580,corner,1,0.9800,5,455
14822,2357713,corner,1,0.9800,5,456
14823,2357831,corner,1,0.9800,5,457
14824,2357992,corner,1,0.9800,5,458
14825,2358174,corner,1,0.9800,5,459
14826,2358284,corner,1,0.9800,5,460
14827,2358386,corner,0,0.9700,5,461
14828,2358520,corner,1,0.9700,5,462
14829,2358682,corner,1,0.9700,5,463
14830,2360034,corner,1,0.9700,5,464
14831,2360171,corner,1,0.9700,5,465
14832,2360341,corner,1,0.9700,5,466
14833,2360453,corner,1,0.9700,5,467
14834,2360602,corner,1,0.9700,5,468
14835,2360759,corner,1,0.9700,5,469
14836,2360873,corner,1,0.9700,5,470
14837,2361017,corner,1,0.9700,5,471
14838,2361127,corner,1,0.9700,5,472
14839,2361268,corner,1,0.9700,5,473
14840,2361416,corner,1,0.9700,5,474
14841,2361598,corner,1,0.9700,5,475
14842,2361907,corner,1,0.9700,5,476
14843,2362058,corner,1,0.9700,5,477
14844,2362201,corner,1,0.9700,5,478
14845,2362312,corner,1,0.9700,5,479
14846,2362461,corner,1,0.9700,5,480
14847,2362601,corner,1,0.9700,5,481
14848,2362733,corner,1,0.9700,5,482
14849,2362839,corner,1,0.9700,5,483
14850,2362978,corner,1,0.9700,5,484
14851,2363103,corner,1,0.9700,5,485
14852,2363397,corner,1,0.9700,5,486
14853,2364749,corner,1,0.9700,5,487
14854,2364891,corner,1,0.9700,5,488
14855,2365015,corner,1,0.9700,5,489
14856,2366367,corner,1,0.9700,5,490
14857,2366497,corner,0,0.9700,5,491
14858,2366603,corner,1,0.9700,5,492
14859,2366732,corner,1,0.9700,5,493
14860,2366865,corner,1,0.9700,5,494
14861,2367001,corner,1,0.9700,5,495
14862,2367146,corner,1,0.9700,5,496
14863,2367262,corner,1,0.9700,5,497
14864,2367399,corner,1,0.9700,5,498
14865,2367555,corner,1,0.9700,5,499
14866,2367683,corner,1,0.9700,5,500
14867,2367864,corner,1,0.9700,5,501
14868,2367983,corner,1,0.9700,5,502
14869,2368117,corner,1,0.9700,5,503
14870,2368471,corner,1,0.9700,5,504
14871,2368613,corner,1,0.9700,5,505
14872,2368748,corner,1,0.9700,5,506
14873,2368890,corner,1,0.9700,5,507
14874,2369018,corner,1,0.9700,5,508
14875,2369141,corner,1,0.9700,5,509
14876,2369275,corner,1,0.9700,5,510
14877,2369385,corner,1,0.9700,5,511
14878,2369577,corner,1,0.9700,5,512
14879,2369735,corner,1,0.9700,5,513
14880,2369875,corner,1,0.9700,5,514
14881,2370015,corner,1,0.9700,5,515
14882,2370155,corner,1,0.9700,5,516
14883,2370321,corner,1,0.9700,5,517
14884,2370467,corner,1,0.9700,5,518
14885,2370597,corner,1,0.9700,5,519
14886,2370753,corner,1,0.9700,5,520
14887,2370903,corner,1,0.9700,5,521
14888,2371067,corner,1,0.9700,5,522
14889,2371180,corner,1,0.9700,5,523
14890,2371324,corner,1,0.9700,5,524
14891,2371477,corner,1,0.9700,5,525
14892,2371638,corner,1,0.9700,5,526
14893,2371749,corner,1,0.9700,5,527
14894,2371897,corner,1,0.9700,5,528
14895,2372013,corner,1,0.9700,5,529
14896,2372164,corner,1,0.9700,5,530
14897,2372668,corner,1,0.9700,5,531
14898,2373020,corner,1,0.9800,5,532
14899,2373151,corner,1,0.9800,5,533
14900,2373289,corner,1,0.9800,5,534
14901,2373423,corner,1,0.9800,5,535
14902,2373559,corner,1,0.9800,5,536
14903,2373792,corner,1,0.9800,5,537
14904,2373918,corner,1,0.9800,5,538
14905,2374066,corner,1,0.9800,5,539
14906,2374245,corner,1,0.9800,5,540
14907,2374379,corner,1,0.9800,5,541
14908,2374511,corner,1,0.9800,5,542
14909,2374616,corner,1,0.9800,5,543
14910,2374742,corner,1,0.9800,5,544
14911,2374875,corner,1,0.9800,5,545
14912,2375038,corner,1,0.9800,5,546
14913,2375182,corner,1,0.9800,5,547
14914,2375327,corner,1,0.9800,5,548
14915,2375453,corner,1,0.9800,5,549
14916,2375602,corner,1,0.9800,5,550
14917,2375722,corner,1,0.9800,5,551
14918,2375855,corner,1,0.9800,5,552
14919,2376010,corner,1,0.9800,5,553
14920,2376125,corner,1,0.9800,5,554
14921,2376275,corner,1,0.9800,5,555
14922,2376416,corner,1,0.9800,5,556
14923,2376616,corner,1,0.9800,5,557
14924,2376772,corner,1,0.9800,5,558
14925,2376925,corner,1,0.9800,5,559
14926,2377065,corner,1,0.9800,5,560
14927,2377216,corner,1,0.9900,5,561
14928,2377393,corner,1,0.9900,5,562
14929,2377523,corner,1,0.9900,5,563
14930,2377783,corner,1,0.9900,5,564
14931,2377930,corner,1,0.9900,5,565
14932,2378067,corner,1,0.9900,5,566
14933,2378197,corner,1,0.9900,5,567
14934,2378323,corner,1,0.9900,5,568
14935,2378455,corner,1,0.9900,5,569
14936,2378587,corner,1,0.9900,5,570
14937,2378704,corner,1,0.9900,5,571
14938,2378839,corner,1,0.9900,5,572
14939,2378989,corner,1,0.9900,5,573
14940,2379141,corner,1,0.9900,5,574
14941,2379266,corner,1,0.9900,5,575
14942,2379752,corner,1,0.9900,5,576
14943,2379893,corner,1,0.9900,5,577
14944,2380023,corner,1,0.9900,5,578
14945,2380149,corner,1,0.9900,5,579
14946,2380284,corner,1,0.9900,5,580
14947,2380401,corner,1,0.9900,5,581
14948,2380538,corner,1,0.9900,5,582
14949,2380650,corner,1,0.9900,5,583
14950,2380780,corner,1,0.9900,5,584
14951,2380894,corner,1,0.9900,5,585
14952,2381037,corner,1,0.9900,5,586
14953,2381148,corner,1,0.9900,5,587
14954,2381294,corner,1,0.9900,5,588
14955,2381407,corner,1,0.9900,5,589
14956,2381544,corner,1,0.9900,5,590
14957,2381655,corner,1,1.0000,5,591
14958,2381791,corner,1,1.0000,5,592
14959,2381932,corner,1,1.0000,5,593
14960,2382078,corner,1,1.0000,5,594
14961,2382212,corner,1,1.0000,5,595
14962,2382371,corner,1,1.0000,5,596
14963,2382487,corner,1,1.0000,5,597
14964,2382615,corner,1,1.0000,5,598
14965,2382726,corner,1,1.0000,5,599
14966,2382832,corner,1,1.0000,5,600
14967,2382946,corner,1,1.0000,5,601
14968,2383062,corner,1,1.0000,5,602
14969,2383215,corner,1,1.0000,5,603
14970,2383332,corner,1,1.0000,5,604
14971,2383462,corner,1,1.0000,5,605
14972,2383597,corner,1,1.0000,5,606
14973,2383750,corner,1,1.0000,5,607
14974,2383901,corner,1,1.0000,5,608
14975,2384047,corner,1,1.0000,5,609
14976,2384159,corner,1,1.0000,5,610
14977,2384287,corner,1,1.0000,5,611
14978,2384425,corner,1,1.0000,5,612
14979,2384563,corner,1,1.0000,5,613
14980,2384672,corner,1,1.0000,5,614
14981,2384805,corner,1,1.0000,5,615
14982,2384934,corner,1,1.0000,5,616
14983,2385104,corner,1,1.0000,5,617
14984,2385219,corner,1,1.0000,5,618
14985,2385353,corner,1,1.0000,5,619
14986,2385481,corner,1,1.0000,5,620
14987,2386833,corner,1,1.0000,5,621
14988,2386963,corner,1,1.0000,5,622
14989,2387102,corner,1,1.0000,5,623
14990,2387228,corner,1,1.0000,5,624
14991,2387398,corner,1,1.0000,5,625
14992,2387525,corner,1,1.0000,5,626
14993,2387656,corner,1,1.0000,5,627
14994,2387767,corner,1,1.0000,5,628
14995,2387897,corner,1,1.0000,5,629
14996,2388036,corner,1,1.0000,5,630
14997,2388186,corner,1,1.0000,5,631
14998,2388301,corner,1,1.0000,5,632
14999,2388442,corner,1,1.0000,5,633
15000,2388586,corner,1,1.0000,5,634
15001,2388726,corner,1,1.0000,5,635
15002,2388978,corner,1,1.0000,5,636
15003,2389128,corner,1,1.0000,5,637
15004,2389276,corner,1,1.0000,5,638
15005,2389415,corner,1,1.0000,5,639
15006,2389530,corner,1,1.0000,5,640
15007,2389704,corner,1,1.0000,5,641
15008,2389845,corner,1,1.0000,5,642
15009,2389981,corner,1,1.0000,5,643
15010,2390137,corner,1,1.0000,5,644
15011,2390270,corner,1,1.0000,5,645
15012,2390411,corner,1,1.0000,5,646
15013,2390517,corner,1,1.0000,5,647
15014,2390637,corner,1,1.0000,5,648
15015,2390773,corner,1,1.0000,5,649
15016,2390891,corner,1,1.0000,5,650
15017,2391050,corner,1,1.0000,5,651
15018,2391224,corner,1,1.0000,5,652
15019,2391361,corner,1,1.0000,5,653
15020,2391503,corner,1,1.0000,5,654
15021,2391660,corner,1,1.0000,5,655
15022,2391771,corner,1,1.0000,5,656
15023,2391902,corner,1,1.0000,5,657
15024,2392017,corner,1,1.0000,5,658
15025,2392127,corner,1,1.0000,5,659
15026,2392239,corner,1,1.0000,5,660
15027,2392428,corner,1,1.0000,5,661
15028,2392563,corner,1,1.0000,5,662
15029,2392721,corner,1,1.0000,5,663
15030,2394073,corner,1,1.0000,5,664
15031,2394214,corner,1,1.0000,5,665
15032,2394383,corner,1,1.0000,5,666
15033,2394542,corner,1,1.0000,5,667
15034,2394679,corner,1,1.0000,5,668
15035,2394786,corner,1,1.0000,5,669
15036,2394933,corner,1,1.0000,5,670
15037,2395061,corner,1,1.0000,5,671
15038,2395188,corner,1,1.0000,5,672
15039,2395336,corner,1,1.0000,5,673
15040,2395472,corner,1,1.0000,5,674
15041,2395639,corner,1,1.0000,5,675
15042,2395749,corner,1,1.0000,5,676
15043,2395861,corner,1,1.0000,5,677
15044,2396216,corner,1,1.0000,5,678
15045,2396366,corner,1,1.0000,5,679
15046,2396559,corner,1,1.0000,5,680
15047,2396666,corner,1,1.0000,5,681
15048,2398018,corner,1,1.0000,5,682
15049,2398152,corner,1,1.0000,5,683
15050,2398297,corner,1,1.0000,5,684
15051,2398445,corner,1,1.0000,5,685
15052,2398579,corner,1,1.0000,5,686
15053,2398931,corner,1,1.0000,5,687
15054,2399043,corner,1,1.0000,5,688
15055,2399192,corner,1,1.0000,5,689
15056,2399338,corner,1,1.0000,5,690
15057,2399456,corner,1,1.0000,5,691
15058,2399601,corner,1,1.0000,5,692
15059,2399727,corner,1,1.0000,5,693
15060,2399843,corner,1,1.0000,5,694
15061,2399957,corner,1,1.0000,5,695
15062,2400073,corner,1,1.0000,5,696
15063,2400192,corner,1,1.0000,5,697
15064,2400318,corner,1,1.0000,5,698
15065,2400444,corner,1,1.0000,5,699
15066,2400602,corner,1,1.0000,5,700
15067,2400713,corner,1,1.0000,5,701
15068,2400874,corner,1,1.0000,5,702
15069,2402226,corner,1,1.0000,5,703
15070,2402363,corner,1,1.0000,5,704
15071,2402493,corner,1,1.0000,5,705
15072,2402606,corner,1,1.0000,5,706
15073,2402739,corner,1,1.0000,5,707
15074,2402850,corner,1,1.0000,5,708
15075,2402961,corner,1,1.0000,5,709
15076,2403078,corner,1,1.0000,5,710
15077,2403230,corner,1,1.0000,5,711
15078,2403347,corner,1,1.0000,5,712
15079,2403479,corner,1,1.0000,5,713
15080,2403586,corner,1,1.0000,5,714
15081,2403697,corner,1,1.0000,5,715
15082,2403811,corner,1,1.0000,5,716
15083,2403920,corner,1,1.0000,5,717
15084,2404047,corner,1,1.0000,5,718
15085,2404225,corner,1,1.0000,5,719
15086,2405577,corner,1,1.0000,5,720
15087,2405684,corner,1,1.0000,5,721
15088,2405833,corner,1,1.0000,5,722
15089,2405963,corner,1,1.0000,5,723
15090,2406100,corner,1,1.0000,5,724
15091,2406236,corner,1,1.0000,5,725
15092,2406382,corner,1,1.0000,5,726
15093,2406496,corner,1,1.0000,5,727
15094,2406608,corner,1,1.0000,5,728
15095,2406789,corner,1,1.0000,5,729
15096,2406900,corner,1,1.0000,5,730
15097,2407046,corner,1,1.0000,5,731
15098,2407182,corner,1,1.0000,5,732
15099,2407317,corner,1,1.0000,5,733
15100,2407467,corner,1,1.0000,5,734
15101,2407596,corner,1,1.0000,5,735
15102,2407734,corner,1,1.0000,5,736
15103,2407852,corner,1,1.0000,5,737
15104,2408008,corner,1,1.0000,5,738
15105,2408142,corner,1,1.0000,5,739
15106,2408261,corner,1,1.0000,5,740
15107,2408418,corner,1,1.0000,5,741
15108,2408572,corner,1,1.0000,5,742
15109,2408712,corner,1,1.0000,5,743
15110,2408854,corner,1,1.0000,5,744
15111,2408971,corner,1,1.0000,5,745
15112,2409088,corner,1,1.0000,5,746
15113,2409225,corner,1,1.0000,5,747
15114,2409333,corner,1,1.0000,5,748
15115,2409499,corner,1,1.0000,5,749
15116,2409633,corner,1,1.0000,5,750
15117,2409808,corner,1,1.0000,5,751
15118,2409916,corner,1,1.0000,5,752
15119,2410063,corner,1,1.0000,5,753
15120,2411415,corner,1,1.0000,5,754
15121,2411526,corner,1,1.0000,5,755
15122,2411649,corner,1,1.0000,5,756
15123,2411848,corner,1,1.0000,5,757
15124,2413200,corner,1,1.0000,5,758
15125,2413309,corner,1,1.0000,5,759
15126,2413423,corner,1,1.0000,5,760
15127,2413561,corner,1,1.0000,5,761
15128,2413673,corner,1,1.0000,5,762
15129,2413832,corner,1,1.0000,5,763
15130,2413969,corner,1,1.0000,5,764
15131,2414081,corner,1,1.0000,5,765
15132,2414185,corner,1,1.0000,5,766
15133,2414330,corner,1,1.0000,5,767
15134,2414433,corner,1,1.0000,5,768
15135,2414592,corner,1,1.0000,5,769
15136,2414732,corner,1,1.0000,5,770
15137,2414862,corner,1,1.0000,5,771
15138,2414976,corner,1,1.0000,5,772
15139,2415100,corner,1,1.0000,5,773
15140,2415210,corner,1,1.0000,5,774
15141,2415329,corner,1,1.0000,5,775
15142,2415448,corner,1,1.0000,5,776
15143,2415568,corner,1,1.0000,5,777
15144,2415720,corner,1,1.0000,5,778
15145,2415836,corner,1,1.0000,5,779
15146,2415958,corner,1,1.0000,5,780
15147,2417310,corner,1,1.0000,5,781
15148,2417428,corner,1,1.0000,5,782
15149,2417585,corner,1,1.0000,5,783
15150,2417688,corner,0,0.9900,5,784
15151,2417954,corner,1,0.9900,5,785
15152,2418106,corner,1,0.9900,5,786
15153,2418241,corner,1,0.9900,5,787
15154,2418362,corner,1,0.9900,5,788
15155,2418539,corner,1,0.9900,5,789
15156,2418674,corner,1,0.9900,5,790
15157,2418794,corner,1,0.9900,5,791
15158,2418946,corner,1,0.9900,5,792
15159,2419085,corner,1,0.9900,5,793
15160,2420437,corner,1,0.9900,5,794
15161,2420550,corner,1,0.9900,5,795
15162,2420656,corner,1,0.9900,5,796
15163,2420800,corner,1,0.9900,5,797
15164,2420947,corner,1,0.9900,5,798
15165,2421052,corner,1,0.9900,5,799
15166,2421162,corner,1,0.9900,5,800
15167,2421272,corner,1,0.9900,5,801
15168,2421412,corner,1,0.9900,5,802
15169,2421556,corner,1,0.9900,5,803
15170,2421670,corner,1,0.9900,5,804
15171,2421783,corner,1,0.9900,5,805
15172,2421891,corner,1,0.9900,5,806
15173,2421991,corner,1,0.9900,5,807
15174,2422122,corner,1,0.9900,5,808
15175,2422275,corner,1,0.9900,5,809
15176,2422410,corner,1,0.9900,5,810
15177,2422526,corner,1,0.9900,5,811
15178,2422640,corner,1,0.9900,5,812
15179,2422754,corner,1,0.9900,5,813
15180,2422868,corner,1,0.9900,5,814
15181,2422982,corner,1,0.9900,5,815
15182,2424334,corner,1,0.9900,5,816
15183,2424439,corner,1,0.9900,5,817
15184,2424564,corner,1,0.9900,5,818
15185,2424689,corner,1,0.9900,5,819
15186,2424831,corner,1,0.9900,5,820
15187,2424946,corner,1,0.9900,5,821
15188,2425089,corner,1,0.9900,5,822
15189,2426441,corner,1,0.9900,5,823
15190,2427134,corner,1,0.9900,5,824
15191,2427253,corner,1,0.9900,5,825
15192,2428605,corner,1,0.9900,5,826
15193,2428752,corner,1,0.9900,5,827
15194,2430104,corner,1,0.9900,5,828
15195,2430229,corner,1,0.9900,5,829
15196,2430336,corner,1,0.9900,5,830
15197,2430493,corner,1,0.9900,5,831
15198,2430655,corner,1,0.9900,5,832
15199,2430785,corner,1,0.9900,5,833
15200,2430887,corner,1,0.9900,5,834
15201,2432239,corner,1,0.9900,5,835
15202,2433591,corner,1,0.9900,5,836
15203,2433740,corner,1,0.9900,5,837
15204,2433890,corner,1,0.9900,5,838
15205,2434005,corner,1,0.9900,5,839
15206,2434128,corner,1,0.9900,5,840
15207,2434232,corner,1,0.9900,5,841
15208,2434348,corner,1,0.9900,5,842
15209,2434457,corner,1,0.9900,5,843
15210,2434620,corner,1,0.9900,5,844
15211,2434731,corner,1,0.9900,5,845
15212,2434875,corner,1,0.9900,5,846
15213,2434985,corner,1,0.9900,5,847
15214,2435123,corner,1,0.9900,5,848
15215,2435238,corner,1,0.9900,5,849
15216,2435396,corner,1,0.9900,5,850
15217,2435530,corner,1,0.9900,5,851
15218,2435650,corner,1,0.9900,5,852
15219,2435770,corner,1,0.9900,5,853
15220,2437122,corner,1,0.9900,5,854
15221,2437279,corner,1,0.9900,5,855
15222,2437393,corner,1,0.9900,5,856
15223,2438745,corner,1,0.9900,5,857
15224,2438930,corner,1,0.9900,5,858
15225,2439077,corner,1,0.9900,5,859
15226,2439214,corner,1,0.9900,5,860
15227,2439347,corner,1,0.9900,5,861
15228,2439499,corner,1,0.9900,5,862
15229,2439634,corner,1,0.9900,5,863
15230,2439745,corner,1,0.9900,5,864
15231,2439883,corner,1,0.9900,5,865
15232,2439987,corner,1,0.9900,5,866
15233,2440288,corner,1,0.9900,5,867
15234,2440424,corner,1,0.9900,5,868
15235,2440537,corner,1,0.9900,5,869
15236,2440695,corner,1,0.9900,5,870
15237,2440844,corner,1,0.9900,5,871
15238,2440989,corner,1,0.9900,5,872
15239,2441128,corner,1,0.9900,5,873
15240,2441244,corner,1,0.9900,5,874
15241,2441382,corner,1,0.9900,5,875
15242,2441520,corner,1,0.9900,5,876
15243,2441657,corner,1,0.9900,5,877
15244,2441777,corner,1,0.9900,5,878
15245,2441891,corner,1,0.9900,5,879
15246,2442035,corner,1,0.9900,5,880
15247,2442143,corner,1,0.9900,5,881
15248,2442263,corner,1,0.9900,5,882
15249,2442411,corner,1,0.9900,5,883
15250,2442522,corner,1,1.0000,5,884
15251,2442627,corner,1,1.0000,5,885
15252,2442747,corner,1,1.0000,5,886
15253,2442888,corner,1,1.0000,5,887
15254,2443082,corner,1,1.0000,5,888
15255,2443192,corner,1,1.0000,5,889
15256,2443302,corner,1,1.0000,5,890
15257,2443431,corner,1,1.0000,5,891
15258,2443540,corner,1,1.0000,5,892
15259,2443653,corner,1,1.0000,5,893
15260,2443769,corner,0,0.9900,5,894
15261,2443881,corner,1,0.9900,5,895
15262,2443999,corner,1,0.9900,5,896
15263,2444110,corner,1,0.9900,5,897
15264,2444229,corner,1,0.9900,5,898
15265,2444380,corner,1,0.9900,5,899
15266,2444487,corner,1,0.9900,5,900
15267,2444604,corner,1,0.9900,5,901
15268,2445956,corner,1,0.9900,5,902
15269,2446106,corner,1,0.9900,5,903
15270,2447458,corner,1,0.9900,5,904
15271,2447572,corner,1,0.9900,5,905
15272,2447685,corner,0,0.9800,5,906
15273,2447795,corner,1,0.9800,5,907
15274,2447906,corner,1,0.9800,5,908
15275,2448028,corner,1,0.9800,5,909
15276,2448167,corner,1,0.9800,5,910
15277,2448310,corner,1,0.9800,5,911
15278,2448419,corner,1,0.9800,5,912
15279,2448527,corner,1,0.9800,5,913
15280,2448635,corner,1,0.9800,5,914
15281,2448736,corner,1,0.9800,5,915
15282,2448839,corner,1,0.9800,5,916
15283,2448978,corner,1,0.9800,5,917
15284,2449094,corner,1,0.9800,5,918
15285,2449213,corner,1,0.9800,5,919
15286,2449343,corner,1,0.9800,5,920
15287,2449487,corner,1,0.9800,5,921
15288,2449635,corner,1,0.9800,5,922
15289,2449805,corner,1,0.9800,5,923
15290,2449943,corner,1,0.9800,5,924
15291,2450076,corner,1,0.9800,5,925
15292,2450187,corner,1,0.9800,5,926
15293,2450357,corner,1,0.9800,5,927
15294,2450517,corner,1,0.9800,5,928
15295,2450644,corner,1,0.9800,5,929
15296,2450771,corner,1,0.9800,5,930
15297,2450907,corner,1,0.9800,5,931
15298,2451023,corner,1,0.9800,5,932
15299,2451135,corner,1,0.9800,5,933
15300,2451252,corner,1,0.9800,5,934
15301,2451418,corner,1,0.9800,5,935
15302,2451532,corner,1,0.9800,5,936
15303,2451634,corner,1,0.9800,5,937
15304,2451757,corner,1,0.9800,5,938
15305,2451867,corner,1,0.9800,5,939
15306,2451983,corner,1,0.9800,5,940
15307,2452099,corner,1,0.9800,5,941
15308,2452210,corner,0,0.9700,5,942
15309,2453562,corner,1,0.9700,5,943
15310,2453735,corner,1,0.9700,5,944
15311,2453845,corner,1,0.9700,5,945
15312,2453993,corner,1,0.9700,5,946
15313,2454111,corner,1,0.9700,5,947
15314,2454229,corner,1,0.9700,5,948
15315,2454405,corner,1,0.9700,5,949
15316,2454550,corner,1,0.9700,5,950
15317,2454665,corner,1,0.9700,5,951
15318,2454780,corner,1,0.9700,5,952
15319,2454946,corner,1,0.9700,5,953
15320,2455089,corner,1,0.9700,5,954
15321,2455260,corner,1,0.9700,5,955
15322,2455393,corner,1,0.9700,5,956
15323,2456745,corner,1,0.9700,5,957
15324,2456862,corner,1,0.9700,5,958
15325,2457020,corner,1,0.9700,5,959
15326,2457130,corner,1,0.9700,5,960
15327,2457244,corner,1,0.9700,5,961
15328,2457355,corner,1,0.9700,5,962
15329,2457500,corner,1,0.9700,5,963
15330,2457613,corner,1,0.9700,5,964
15331,2457755,corner,1,0.9700,5,965
15332,2457905,corner,1,0.9700,5,966
15333,2458054,corner,1,0.9700,5,967
15334,2458193,corner,1,0.9700,5,968
15335,2458310,corner,1,0.9700,5,969
15336,2458475,corner,1,0.9700,5,970
15337,2458630,corner,1,0.9700,5,971
15338,2458737,corner,1,0.9700,5,972
15339,2458858,corner,1,0.9700,5,973
15340,2458975,corner,1,0.9700,5,974
15341,2459137,corner,1,0.9700,5,975
15342,2459243,corner,1,0.9700,5,976
15343,2459354,corner,1,0.9700,5,977
15344,2459463,corner,1,0.9700,5,978
15345,2459572,corner,1,0.9700,5,979
15346,2459686,corner,1,0.9700,5,980
15347,2459832,corner,1,0.9700,5,981
15348,2459982,corner,1,0.9700,5,982
15349,2460151,corner,1,0.9700,5,983
15350,2460257,corner,1,0.9700,5,984
15351,2460437,corner,1,0.9700,5,985
15352,2460553,corner,1,0.9700,5,986
15353,2460661,corner,1,0.9700,5,987
15354,2460802,corner,1,0.9700,5,988
15355,2460951,corner,1,0.9700,5,989
15356,2461089,corner,1,0.9700,5,990
15357,2461202,corner,1,0.9700,5,991
15358,2461317,corner,1,0.9700,5,992
15359,2461430,corner,1,0.9700,5,993
15360,2461572,corner,1,0.9800,5,994
15361,2461718,corner,1,0.9800,5,995
15362,2461831,corner,1,0.9800,5,996
15363,2461941,corner,1,0.9800,5,997
15364,2462058,corner,1,0.9800,5,998
15365,2462188,corner,1,0.9800,5,999
15366,2462300,corner,1,0.9800,5,1000
15367,2462414,corner,1,0.9800,5,1001
15368,2462526,corner,1,0.9800,5,1002
15369,2462645,corner,1,0.9800,5,1003
15370,2462757,corner,1,0.9800,5,1004
15371,2462871,corner,1,0.9800,5,1005
15372,2463006,corner,1,0.9900,5,1006
15373,2463123,corner,1,0.9900,5,1007
15374,2463240,corner,1,0.9900,5,1008
15375,2463349,corner,1,0.9900,5,1009
15376,2463497,corner,1,0.9900,5,1010
15377,2463610,corner,1,0.9900,5,1011
15378,2463726,corner,1,0.9900,5,1012
15379,2465078,corner,1,0.9900,5,1013
15380,2465192,corner,0,0.9800,5,1014
15381,2465311,corner,1,0.9800,5,1015
15382,2465424,corner,1,0.9800,5,1016
15383,2465536,corner,1,0.9800,5,1017
15384,2465672,corner,1,0.9800,5,1018
15385,2465799,corner,1,0.9800,5,1019
15386,2465914,corner,1,0.9800,5,1020
15387,2466028,corner,1,0.9800,5,1021
15388,2466141,corner,1,0.9800,5,1022
15389,2466254,corner,1,0.9800,5,1023
15390,2466401,corner,1,0.9800,5,1024
15391,2466514,corner,1,0.9800,5,1025
15392,2467866,corner,1,0.9800,5,1026
15393,2467978,corner,1,0.9800,5,1027
15394,2468082,corner,1,0.9800,5,1028
15395,2468215,corner,1,0.9800,5,1029
15396,2468328,corner,1,0.9800,5,1030
15397,2468468,corner,1,0.9800,5,1031
15398,2469820,corner,1,0.9800,5,1032
15399,2469972,corner,1,0.9800,5,1033
15400,2470085,corner,1,0.9800,5,1034
15401,2470193,corner,1,0.9800,5,1035
15402,2470308,corner,1,0.9800,5,1036
15403,2470425,corner,1,0.9800,5,1037
15404,2470529,corner,1,0.9800,5,1038
15405,2470652,corner,1,0.9800,5,1039
15406,2470795,corner,1,0.9800,5,1040
15407,2470908,corner,1,0.9800,5,1041
15408,2471029,corner,1,0.9900,5,1042
15409,2471147,corner,1,0.9900,5,1043
15410,2471264,corner,1,0.9900,5,1044
15411,2471383,corner,1,0.9900,5,1045
15412,2472735,corner,0,0.9800,5,1046
15413,2472854,corner,1,0.9800,5,1047
15414,2473017,corner,1,0.9800,5,1048
15415,2473143,corner,1,0.9800,5,1049
15416,2473259,corner,1,0.9800,5,1050
15417,2473386,corner,1,0.9800,5,1051
15418,2473508,corner,1,0.9800,5,1052
15419,2473629,corner,1,0.9800,5,1053
15420,2473750,corner,1,0.9800,5,1054
15421,2473874,corner,1,0.9800,5,1055
15422,2473987,corner,1,0.9800,5,1056
15423,2474118,corner,1,0.9800,5,1057
15424,2474234,corner,1,0.9800,5,1058
15425,2474345,corner,1,0.9800,5,1059
15426,2474461,corner,1,0.9800,5,1060
15427,2474576,corner,1,0.9800,5,1061
15428,2475928,corner,1,0.9800,5,1062
15429,2476056,corner,1,0.9800,5,1063
15430,2476199,corner,1,0.9800,5,1064
15431,2477551,corner,1,0.9800,5,1065
15432,2477715,corner,1,0.9800,5,1066
15433,2477848,corner,1,0.9800,5,1067
15434,2479200,corner,1,0.9800,5,1068
15435,2479314,corner,1,0.9800,5,1069
15436,2479428,corner,1,0.9800,5,1070
15437,2479544,corner,1,0.9800,5,1071
15438,2479659,corner,1,0.9800,5,1072
15439,2479775,corner,1,0.9800,5,1073
15440,2479889,corner,1,0.9800,5,1074
15441,2480002,corner,1,0.9800,5,1075
15442,2480117,corner,1,0.9800,5,1076
15443,2480265,corner,1,0.9800,5,1077
15444,2480378,corner,1,0.9800,5,1078
15445,2480487,corner,1,0.9800,5,1079
15446,2480602,corner,1,0.9800,5,1080
15447,2480715,corner,1,0.9800,5,1081
15448,2480829,corner,1,0.9800,5,1082
15449,2480988,corner,1,0.9800,5,1083
15450,2481134,corner,1,0.9800,5,1084
15451,2481256,corner,1,0.9800,5,1085
15452,2481383,corner,1,0.9800,5,1086
15453,2481518,corner,1,0.9800,5,1087
15454,2481636,corner,1,0.9800,5,1088
15455,2481786,corner,1,0.9800,5,1089
15456,2481934,corner,1,0.9800,5,1090
15457,2482100,corner,1,0.9800,5,1091
15458,2483452,corner,1,0.9800,5,1092
15459,2483568,corner,1,0.9800,5,1093
15460,2483682,corner,1,0.9800,5,1094
15461,2483792,corner,1,0.9800,5,1095
15462,2484170,corner,1,0.9800,5,1096
15463,2484319,corner,1,0.9800,5,1097
15464,2485671,corner,1,0.9800,5,1098
15465,2485829,corner,1,0.9800,5,1099
15466,2485944,corner,1,0.9800,5,1100
15467,2486110,corner,1,0.9800,5,1101
15468,2486232,corner,1,0.9800,5,1102
15469,2486345,corner,1,0.9800,5,1103
15470,2486461,corner,1,0.9800,5,1104
15471,2486606,corner,1,0.9800,5,1105
15472,2486770,corner,1,0.9800,5,1106
15473,2486887,corner,1,0.9800,5,1107
15474,2487042,corner,1,0.9800,5,1108
15475,2487161,corner,1,0.9800,5,1109
15476,2487280,corner,1,0.9800,5,1110
15477,2487387,corner,1,0.9800,5,1111
15478,2487504,corner,1,0.9800,5,1112
15479,2487607,corner,1,0.9800,5,1113
15480,2487720,corner,1,0.9900,5,1114
15481,2487844,corner,1,0.9900,5,1115
15482,2487946,corner,1,0.9900,5,1116
15483,2488332,corner,1,0.9900,5,1117
15484,2488463,corner,1,0.9900,5,1118
15485,2488596,corner,1,0.9900,5,1119
15486,2488713,corner,1,0.9900,5,1120
15487,2488823,corner,1,0.9900,5,1121
15488,2488927,corner,1,0.9900,5,1122
15489,2489048,corner,1,0.9900,5,1123
15490,2490400,corner,1,0.9900,5,1124
15491,2490514,corner,1,0.9900,5,1125
15492,2490634,corner,1,0.9900,5,1126
15493,2490750,corner,1,0.9900,5,1127
15494,2490873,corner,1,0.9900,5,1128
15495,2490986,corner,1,0.9900,5,1129
15496,2491102,corner,1,0.9900,5,1130
15497,2491213,corner,1,0.9900,5,1131
15498,2491329,corner,1,0.9900,5,1132
15499,2491479,corner,1,0.9900,5,1133
15500,2491616,corner,1,0.9900,5,1134
15501,2491736,corner,1,0.9900,5,1135
15502,2491849,corner,1,0.9900,5,1136
15503,2492003,corner,1,0.9900,5,1137
15504,2492208,corner,1,0.9900,5,1138
15505,2492366,corner,1,0.9900,5,1139
15506,2492475,corner,1,0.9900,5,1140
15507,2492597,corner,1,0.9900,5,1141
15508,2492720,corner,1,0.9900,5,1142
15509,2494072,corner,1,0.9900,5,1143
15510,2494247,corner,1,0.9900,5,1144
15511,2494358,corner,1,0.9900,5,1145
15512,2494493,corner,1,1.0000,5,1146
15513,2494612,corner,1,1.0000,5,1147
15514,2494797,corner,1,1.0000,5,1148
15515,2494912,corner,1,1.0000,5,1149
15516,2495060,corner,1,1.0000,5,1150
15517,2495172,corner,1,1.0000,5,1151
15518,2495326,corner,1,1.0000,5,1152
15519,2495448,corner,1,1.0000,5,1153
15520,2496800,corner,1,1.0000,5,1154
15521,2496902,corner,1,1.0000,5,1155
15522,2497016,corner,1,1.0000,5,1156
15523,2497132,corner,1,1.0000,5,1157
15524,2497294,corner,1,1.0000,5,1158
15525,2498646,corner,0,0.9900,5,1159
15526,2498770,corner,1,0.9900,5,1160
15527,2498884,corner,1,0.9900,5,1161
15528,2499000,corner,1,0.9900,5,1162
15529,2499155,corner,1,0.9900,5,1163
15530,2500507,corner,1,0.9900,5,1164
15531,2500622,corner,1,0.9900,5,1165
15532,2500739,corner,1,0.9900,5,1166
15533,2500841,corner,1,0.9900,5,1167
15534,2500993,corner,1,0.9900,5,1168
15535,2501121,corner,1,0.9900,5,1169
15536,2501244,corner,1,0.9900,5,1170
15537,2501358,corner,1,0.9900,5,1171
15538,2501501,corner,1,0.9900,5,1172
15539,2501609,corner,1,0.9900,5,1173
15540,2501724,corner,1,0.9900,5,1174
15541,2501900,corner,1,0.9900,5,1175
15542,2502017,corner,1,0.9900,5,1176
15543,2502131,corner,1,0.9900,5,1177
15544,2502278,corner,1,0.9900,5,1178
15545,2502392,corner,1,0.9900,5,1179
15546,2502495,corner,1,0.9900,5,1180
15547,2502608,corner,0,0.9800,5,1181
15548,2502729,corner,1,0.9800,5,1182
15549,2502885,corner,1,0.9800,5,1183
15550,2503006,corner,1,0.9800,5,1184
15551,2504358,corner,1,0.9800,5,1185
15552,2504477,corner,1,0.9800,5,1186
15553,2504587,corner,1,0.9800,5,1187
15554,2504732,corner,1,0.9800,5,1188
15555,2504844,corner,1,0.9800,5,1189
15556,2504989,corner,1,0.9800,5,1190
15557,2506341,corner,1,0.9800,5,1191
15558,2506453,corner,1,0.9800,5,1192
15559,2506569,corner,1,0.9800,5,1193
15560,2506679,corner,1,0.9800,5,1194
15561,2508031,corner,1,0.9800,5,1195
15562,2508140,corner,1,0.9800,5,1196
15563,2508254,corner,1,0.9800,5,1197
15564,2508395,corner,1,0.9800,5,1198
15565,2508541,corner,1,0.9800,5,1199
15566,2508656,corner,1,0.9800,5,1200
15567,2508781,corner,1,0.9800,5,1201
15568,2508891,corner,1,0.9800,5,1202
15569,2509005,corner,1,0.9800,5,1203
15570,2509113,corner,1,0.9800,5,1204
15571,2509224,corner,1,0.9800,5,1205
15572,2509361,corner,1,0.9800,5,1206
15573,2509502,corner,1,0.9800,5,1207
15574,2509649,corner,1,0.9800,5,1208
15575,2509768,corner,1,0.9800,5,1209
15576,2509890,corner,1,0.9800,5,1210
15577,2509999,corner,1,0.9800,5,1211
15578,2510119,corner,1,0.9800,5,1212
15579,2510231,corner,1,0.9800,5,1213
15580,2510348,corner,1,0.9800,5,1214
15581,2511700,corner,1,0.9800,5,1215
15582,2511861,corner,1,0.9800,5,1216
15583,2511975,corner,1,0.9800,5,1217
15584,2512082,corner,0,0.9700,5,1218
15585,2512238,corner,1,0.9700,5,1219
15586,2512392,corner,1,0.9700,5,1220
15587,2512518,corner,1,0.9700,5,1221
15588,2512643,corner,1,0.9700,5,1222
15589,2512764,corner,1,0.9700,5,1223
15590,2512919,corner,1,0.9700,5,1224
15591,2514271,corner,1,0.9700,5,1225
15592,2514378,corner,1,0.9700,5,1226
15593,2514485,corner,1,0.9700,5,1227
15594,2514602,corner,1,0.9700,5,1228
15595,2514728,corner,1,0.9700,5,1229
15596,2514842,corner,1,0.9700,5,1230
15597,2514949,corner,1,0.9700,5,1231
15598,2515074,corner,1,0.9700,5,1232
15599,2515184,corner,1,0.9700,5,1233
15600,2515292,corner,1,0.9700,5,1234
15601,2515413,corner,1,0.9700,5,1235
15602,2515533,corner,1,0.9700,5,1236
15603,2515665,corner,1,0.9700,5,1237
15604,2515840,corner,1,0.9700,5,1238
15605,2515953,corner,1,0.9700,5,1239
15606,2516071,corner,1,0.9700,5,1240
15607,2516189,corner,1,0.9700,5,1241
15608,2517541,corner,1,0.9700,5,1242
15609,2517650,corner,1,0.9700,5,1243
15610,2517821,corner,1,0.9700,5,1244
15611,2517930,corner,1,0.9700,5,1245
15612,2518062,corner,1,0.9700,5,1246
15613,2518213,corner,1,0.9700,5,1247
15614,2518317,corner,1,0.9700,5,1248
15615,2519669,corner,1,0.9700,5,1249
15616,2519778,corner,0,0.9600,5,1250
15617,2519890,corner,1,0.9600,5,1251
15618,2520001,corner,1,0.9600,5,1252
15619,2520111,corner,1,0.9600,5,1253
15620,2520224,corner,1,0.9600,5,1254
15621,2520326,corner,1,0.9600,5,1255
15622,2520433,corner,1,0.9600,5,1256
15623,2520541,corner,1,0.9600,5,1257
15624,2520661,corner,1,0.9600,5,1258
15625,2520778,corner,1,0.9700,5,1259
15626,2520896,corner,1,0.9700,5,1260
15627,2521022,corner,1,0.9700,5,1261
15628,2521169,corner,1,0.9700,5,1262
15629,2521296,corner,1,0.9700,5,1263
15630,2521408,corner,1,0.9700,5,1264
15631,2521517,corner,1,0.9700,5,1265
15632,2521621,corner,1,0.9700,5,1266
15633,2521731,corner,1,0.9700,5,1267
15634,2521840,corner,1,0.9700,5,1268
15635,2521950,corner,1,0.9700,5,1269
15636,2522112,corner,1,0.9700,5,1270
15637,2522226,corner,1,0.9700,5,1271
15638,2522353,corner,1,0.9700,5,1272
15639,2522467,corner,1,0.9700,5,1273
15640,2522576,corner,1,0.9700,5,1274
15641,2522680,corner,1,0.9700,5,1275
15642,2522788,corner,1,0.9700,5,1276
15643,2522895,corner,1,0.9700,5,1277
15644,2523007,corner,1,0.9700,5,1278
15645,2523126,corner,1,0.9700,5,1279
15646,2523234,corner,1,0.9700,5,1280
15647,2523349,corner,1,0.9800,5,1281
15648,2523470,corner,1,0.9800,5,1282
15649,2523605,corner,1,0.9800,5,1283
15650,2523716,corner,1,0.9800,5,1284
15651,2523823,corner,1,0.9800,5,1285
15652,2523936,corner,1,0.9800,5,1286
15653,2524098,corner,1,0.9800,5,1287
15654,2524270,corner,1,0.9800,5,1288
15655,2524392,corner,1,0.9800,5,1289
15656,2524504,corner,1,0.9800,5,1290
15657,2524617,corner,1,0.9800,5,1291
15658,2524735,corner,1,0.9800,5,1292
15659,2524895,corner,1,0.9800,5,1293
15660,2526247,corner,1,0.9800,5,1294
15661,2526376,corner,1,0.9800,5,1295
15662,2526487,corner,1,0.9800,5,1296
15663,2526601,corner,1,0.9800,5,1297
15664,2526750,corner,1,0.9800,5,1298
15665,2526859,corner,1,0.9800,5,1299
15666,2526976,corner,1,0.9800,5,1300
15667,2527091,corner,1,0.9800,5,1301
15668,2527235,corner,1,0.9800,5,1302
15669,2527351,corner,1,0.9800,5,1303
15670,2527468,corner,1,0.9800,5,1304
15671,2527577,corner,1,0.9800,5,1305
15672,2527695,corner,1,0.9800,5,1306
15673,2527809,corner,1,0.9800,5,1307
15674,2527912,corner,1,0.9800,5,1308
15675,2528025,corner,1,0.9800,5,1309
15676,2528135,corner,1,0.9800,5,1310
15677,2529487,corner,1,0.9800,5,1311
15678,2529646,corner,1,0.9800,5,1312
15679,2529756,corner,1,0.9800,5,1313
15680,2529870,corner,1,0.9800,5,1314
15681,2529991,corner,1,0.9800,5,1315
15682,2530099,corner,1,0.9800,5,1316
15683,2530251,corner,1,0.9800,5,1317
15684,2530368,corner,1,0.9900,5,1318
15685,2530498,corner,1,0.9900,5,1319
15686,2530608,corner,1,0.9900,5,1320
15687,2530750,corner,1,0.9900,5,1321
15688,2532102,corner,1,0.9900,5,1322
15689,2532223,corner,1,0.9900,5,1323
15690,2532334,corner,1,0.9900,5,1324
15691,2532442,corner,1,0.9900,5,1325
15692,2532553,corner,1,0.9900,5,1326
15693,2532664,corner,1,0.9900,5,1327
15694,2532773,corner,1,0.9900,5,1328
15695,2532892,corner,1,0.9900,5,1329
15696,2533173,corner,1,0.9900,5,1330
15697,2533276,corner,1,0.9900,5,1331
15698,2533380,corner,1,0.9900,5,1332
15699,2534732,corner,1,0.9900,5,1333
15700,2534849,corner,1,0.9900,5,1334
15701,2534971,corner,1,0.9900,5,1335
15702,2535084,corner,1,0.9900,5,1336
15703,2535205,corner,1,0.9900,5,1337
15704,2535317,corner,1,0.9900,5,1338
15705,2535466,corner,1,0.9900,5,1339
15706,2535578,corner,1,0.9900,5,1340
15707,2535692,corner,1,0.9900,5,1341
15708,2535804,corner,1,0.9900,5,1342
15709,2535915,corner,1,0.9900,5,1343
15710,2536081,corner,1,0.9900,5,1344
15711,2536190,corner,1,0.9900,5,1345
15712,2536349,corner,1,0.9900,5,1346
15713,2536484,corner,1,0.9900,5,1347
15714,2536593,corner,1,0.9900,5,1348
15715,2536706,corner,1,0.9900,5,1349
15716,2536823,corner,1,1.0000,5,1350
15717,2536951,corner,1,1.0000,5,1351
15718,2537064,corner,1,1.0000,5,1352
15719,2537165,corner,1,1.0000,5,1353
15720,2537281,corner,1,1.0000,5,1354
15721,2537395,corner,1,1.0000,5,1355
15722,2537503,corner,1,1.0000,5,1356
15723,2537615,corner,1,1.0000,5,1357
15724,2537715,corner,1,1.0000,5,1358
15725,2537831,corner,1,1.0000,5,1359
15726,2537941,corner,1,1.0000,5,1360
15727,2538060,corner,1,1.0000,5,1361
15728,2538171,corner,1,1.0000,5,1362
15729,2538310,corner,1,1.0000,5,1363
15730,2538422,corner,1,1.0000,5,1364
15731,2538538,corner,1,1.0000,5,1365
15732,2538672,corner,1,1.0000,5,1366
15733,2538781,corner,1,1.0000,5,1367
15734,2538882,corner,1,1.0000,5,1368
15735,2538997,corner,1,1.0000,5,1369
15736,2539105,corner,1,1.0000,5,1370
15737,2539220,corner,1,1.0000,5,1371
15738,2539328,corner,1,1.0000,5,1372
15739,2539440,corner,1,1.0000,5,1373
15740,2539550,corner,1,1.0000,5,1374
15741,2539668,corner,1,1.0000,5,1375
15742,2539787,corner,1,1.0000,5,1376
15743,2539902,corner,1,1.0000,5,1377
15744,2540019,corner,1,1.0000,5,1378
15745,2540132,corner,1,1.0000,5,1379
15746,2540242,corner,1,1.0000,5,1380
15747,2540359,corner,1,1.0000,5,1381
15748,2540481,corner,1,1.0000,5,1382
15749,2540591,corner,1,1.0000,5,1383
15750,2540728,corner,1,1.0000,5,1384
15751,2540839,corner,1,1.0000,5,1385
15752,2540959,corner,1,1.0000,5,1386
15753,2541074,corner,1,1.0000,5,1387
15754,2541184,corner,1,1.0000,5,1388
15755,2541296,corner,1,1.0000,5,1389
15756,2541409,corner,1,1.0000,5,1390
15757,2541528,corner,1,1.0000,5,1391
15758,2541648,corner,1,1.0000,5,1392
15759,2541769,corner,1,1.0000,5,1393
15760,2541913,corner,1,1.0000,5,1394
15761,2542021,corner,1,1.0000,5,1395
15762,2542140,corner,1,1.0000,5,1396
15763,2542257,corner,1,1.0000,5,1397
15764,2542379,corner,1,1.0000,5,1398
15765,2542497,corner,1,1.0000,5,1399
15766,2542615,corner,0,0.9900,5,1400
15767,2542732,corner,1,0.9900,5,1401
15768,2542845,corner,1,0.9900,5,1402
15769,2542959,corner,1,0.9900,5,1403
15770,2543067,corner,1,0.9900,5,1404
15771,2543177,corner,1,0.9900,5,1405
15772,2543290,corner,1,0.9900,5,1406
15773,2543398,corner,1,0.9900,5,1407
15774,2543504,corner,1,0.9900,5,1408
15775,2543620,corner,1,0.9900,5,1409
15776,2543748,corner,1,0.9900,5,1410
15777,2543865,corner,1,0.9900,5,1411
15778,2545217,corner,1,0.9900,5,1412
15779,2545333,corner,1,0.9900,5,1413
15780,2545449,corner,1,0.9900,5,1414
15781,2545556,corner,1,0.9900,5,1415
15782,2545670,corner,1,0.9900,5,1416
15783,2545793,corner,1,0.9900,5,1417
15784,2545908,corner,1,0.9900,5,1418
15785,2546029,corner,1,0.9900,5,1419
15786,2546201,corner,1,0.9900,5,1420
15787,2546336,corner,1,0.9900,5,1421
15788,2546530,corner,1,0.9900,5,1422
15789,2546682,corner,1,0.9900,5,1423
15790,2546827,corner,1,0.9900,5,1424
15791,2546948,corner,1,0.9900,5,1425
15792,2547127,corner,1,0.9900,5,1426
15793,2547236,corner,1,0.9900,5,1427
15794,2547370,corner,1,0.9900,5,1428
15795,2547482,corner,1,0.9900,5,1429
15796,2547616,corner,1,0.9900,5,1430
15797,2547731,corner,1,0.9900,5,1431
15798,2547844,corner,1,0.9900,5,1432
15799,2547975,corner,1,0.9900,5,1433
15800,2548112,corner,1,0.9900,5,1434
15801,2548227,corner,1,0.9900,5,1435
15802,2548342,corner,1,0.9900,5,1436
15803,2548473,corner,1,0.9900,5,1437
15804,2548591,corner,1,0.9900,5,1438
15805,2548697,corner,1,0.9900,5,1439
15806,2548847,corner,1,0.9900,5,1440
15807,2548966,corner,1,0.9900,5,1441
15808,2549080,corner,1,0.9900,5,1442
15809,2549198,corner,1,0.9900,5,1443
15810,2549300,corner,1,0.9900,5,1444
15811,2549415,corner,1,0.9900,5,1445
15812,2549560,corner,1,0.9900,5,1446
15813,2549709,corner,1,0.9900,5,1447
15814,2549821,corner,1,0.9900,5,1448
15815,2549940,corner,1,0.9900,5,1449
15816,2550061,corner,1,0.9900,5,1450
15817,2550206,corner,1,0.9900,5,1451
15818,2550317,corner,1,0.9900,5,1452
15819,2550433,corner,1,0.9900,5,1453
15820,2550554,corner,1,0.9900,5,1454
15821,2550681,corner,1,0.9900,5,1455
15822,2550799,corner,1,0.9900,5,1456
15823,2550947,corner,1,0.9900,5,1457
15824,2551063,corner,1,0.9900,5,1458
15825,2551179,corner,1,0.9900,5,1459
15826,2551352,corner,1,0.9900,5,1460
15827,2551469,corner,1,0.9900,5,1461
15828,2551591,corner,1,0.9900,5,1462
15829,2551755,corner,1,0.9900,5,1463
15830,2551873,corner,1,0.9900,5,1464
15831,2551997,corner,1,0.9900,5,1465
15832,2552109,corner,1,0.9900,5,1466
15833,2552224,corner,1,0.9900,5,1467
15834,2552344,corner,1,0.9900,5,1468
15835,2552495,corner,1,0.9900,5,1469
15836,2552635,corner,1,0.9900,5,1470
15837,2552735,corner,1,0.9900,5,1471
15838,2552847,corner,1,0.9900,5,1472
15839,2552996,corner,1,0.9900,5,1473
15840,2553113,corner,1,0.9900,5,1474
15841,2553213,corner,1,0.9900,5,1475
15842,2553335,corner,1,0.9900,5,1476
15843,2553493,corner,1,0.9900,5,1477
15844,2553613,corner,1,0.9900,5,1478
15845,2553779,corner,1,0.9900,5,1479
15846,2553902,corner,1,0.9900,5,1480
15847,2554014,corner,1,0.9900,5,1481
15848,2554171,corner,1,0.9900,5,1482
15849,2554323,corner,1,0.9900,5,1483
15850,2554470,corner,1,0.9900,5,1484
15851,2554585,corner,1,0.9900,5,1485
15852,2554694,corner,1,0.9900,5,1486
15853,2554811,corner,1,0.9900,5,1487
15854,2554929,corner,1,0.9900,5,1488
15855,2555049,corner,1,0.9900,5,1489
15856,2555151,corner,1,0.9900,5,1490
15857,2555252,corner,1,0.9900,5,1491
15858,2555372,corner,1,0.9900,5,1492
15859,2555494,corner,1,0.9900,5,1493
15860,2555605,corner,1,0.9900,5,1494
15861,2555721,corner,1,0.9900,5,1495
15862,2555832,corner,1,0.9900,5,1496
15863,2555948,corner,1,0.9900,5,1497
15864,2556063,corner,1,0.9900,5,1498
15865,2556181,corner,1,0.9900,5,1499
15866,2556335,corner,1,1.0000,5,1500
15867,2556457,corner,1,1.0000,5,1501
15868,2556580,corner,1,1.0000,5,1502
15869,2556695,corner,1,1.0000,5,1503
15870,2556813,corner,1,1.0000,5,1504
15871,2556912,corner,1,1.0000,5,1505
15872,2557068,corner,1,1.0000,5,1506
15873,2557186,corner,1,1.0000,5,1507
15874,2557301,corner,1,1.0000,5,1508
15875,2557421,corner,1,1.0000,5,1509
15876,2557531,corner,1,1.0000,5,1510
15877,2557647,corner,1,1.0000,5,1511
15878,2557763,corner,1,1.0000,5,1512
15879,2557881,corner,1,1.0000,5,1513
15880,2557997,corner,1,1.0000,5,1514
15881,2558106,corner,1,1.0000,5,1515
15882,2558263,corner,1,1.0000,5,1516
15883,2558372,corner,1,1.0000,5,1517
15884,2558489,corner,1,1.0000,5,1518
15885,2558609,corner,1,1.0000,5,1519
15886,2558748,corner,1,1.0000,5,1520
15887,2558890,corner,1,1.0000,5,1521
15888,2558997,corner,1,1.0000,5,1522
15889,2559117,corner,1,1.0000,5,1523
15890,2559232,corner,1,1.0000,5,1524
15891,2559353,corner,1,1.0000,5,1525
15892,2559470,corner,1,1.0000,5,1526
15893,2559593,corner,1,1.0000,5,1527
15894,2560945,corner,1,1.0000,5,1528
15895,2561104,corner,1,1.0000,5,1529
15896,2561208,corner,1,1.0000,5,1530
15897,2561438,corner,1,1.0000,5,1531
15898,2561543,corner,1,1.0000,5,1532
15899,2561658,corner,1,1.0000,5,1533
15900,2561761,corner,1,1.0000,5,1534
15901,2561878,corner,1,1.0000,5,1535
15902,2561997,corner,1,1.0000,5,1536
15903,2562145,corner,1,1.0000,5,1537
15904,2562255,corner,1,1.0000,5,1538
15905,2562368,corner,1,1.0000,5,1539
15906,2562528,corner,1,1.0000,5,1540
15907,2562641,corner,1,1.0000,5,1541
15908,2562780,corner,1,1.0000,5,1542
15909,2562913,corner,1,1.0000,5,1543
15910,2563025,corner,1,1.0000,5,1544
15911,2563145,corner,1,1.0000,5,1545
15912,2563266,corner,1,1.0000,5,1546
15913,2563381,corner,1,1.0000,5,1547
15914,2563497,corner,1,1.0000,5,1548
15915,2563615,corner,1,1.0000,5,1549
15916,2563748,corner,1,1.0000,5,1550
15917,2563901,corner,1,1.0000,5,1551
15918,2564003,corner,1,1.0000,5,1552
15919,2564110,corner,1,1.0000,5,1553
15920,2564223,corner,1,1.0000,5,1554
15921,2564333,corner,1,1.0000,5,1555
15922,2564484,corner,1,1.0000,5,1556
15923,2564644,corner,1,1.0000,5,1557
15924,2564757,corner,1,1.0000,5,1558
15925,2564898,corner,1,1.0000,5,1559
15926,2565018,corner,1,1.0000,5,1560
15927,2565196,corner,1,1.0000,5,1561
15928,2566548,corner,1,1.0000,5,1562
15929,2566699,corner,1,1.0000,5,1563
15930,2566853,corner,1,1.0000,5,1564
15931,2566976,corner,1,1.0000,5,1565
15932,2567081,corner,1,1.0000,5,1566
15933,2567237,corner,1,1.0000,5,1567
15934,2567417,corner,1,1.0000,5,1568
15935,2567528,corner,1,1.0000,5,1569
15936,2567677,corner,1,1.0000,5,1570
15937,2567780,corner,1,1.0000,5,1571
15938,2567890,corner,1,1.0000,5,1572
15939,2568041,corner,1,1.0000,5,1573
15940,2568154,corner,1,1.0000,5,1574
15941,2568306,corner,1,1.0000,5,1575
15942,2568449,corner,1,1.0000,5,1576
15943,2568568,corner,1,1.0000,5,1577
15944,2568748,corner,1,1.0000,5,1578
15945,2568896,corner,1,1.0000,5,1579
15946,2569005,corner,1,1.0000,5,1580
15947,2569109,corner,1,1.0000,5,1581
15948,2569216,corner,1,1.0000,5,1582
15949,2569371,corner,1,1.0000,5,1583
15950,2569496,corner,1,1.0000,5,1584
15951,2569635,corner,1,1.0000,5,1585
15952,2569752,corner,1,1.0000,5,1586
15953,2569866,corner,1,1.0000,5,1587
15954,2569976,corner,1,1.0000,5,1588
15955,2570117,corner,1,1.0000,5,1589
15956,2570231,corner,1,1.0000,5,1590
15957,2570335,corner,1,1.0000,5,1591
15958,2570447,corner,1,1.0000,5,1592
15959,2570589,corner,1,1.0000,5,1593
15960,2570704,corner,1,1.0000,5,1594
15961,2570813,corner,1,1.0000,5,1595
15962,2570932,corner,1,1.0000,5,1596
15963,2571049,corner,1,1.0000,5,1597
15964,2571164,corner,1,1.0000,5,1598
15965,2571269,corner,1,1.0000,5,1599
15966,2571385,corner,1,1.0000,5,1600
15967,2571499,corner,1,1.0000,5,1601
15968,2571624,corner,1,1.0000,5,1602
15969,2571741,corner,1,1.0000,5,1603
15970,2571856,corner,1,1.0000,5,1604
15971,2571962,corner,1,1.0000,5,1605
15972,2572072,corner,1,1.0000,5,1606
15973,2572225,corner,1,1.0000,5,1607
15974,2572338,corner,1,1.0000,5,1608
15975,2572454,corner,1,1.0000,5,1609
15976,2572569,corner,1,1.0000,5,1610
15977,2572677,corner,1,1.0000,5,1611
15978,2572831,corner,1,1.0000,5,1612
15979,2573016,corner,1,1.0000,5,1613
15980,2573137,corner,1,1.0000,5,1614
15981,2573254,corner,1,1.0000,5,1615
15982,2573375,corner,1,1.0000,5,1616
15983,2573516,corner,1,1.0000,5,1617
15984,2573634,corner,1,1.0000,5,1618
15985,2573792,corner,1,1.0000,5,1619
15986,2573903,corner,1,1.0000,5,1620
15987,2574024,corner,1,1.0000,5,1621
15988,2574164,corner,1,1.0000,5,1622
15989,2574281,corner,1,1.0000,5,1623
15990,2574473,corner,1,1.0000,5,1624
15991,2574619,corner,1,1.0000,5,1625
15992,2574729,corner,1,1.0000,5,1626
15993,2574833,corner,1,1.0000,5,1627
15994,2574935,corner,1,1.0000,5,1628
15995,2575042,corner,1,1.0000,5,1629
15996,2575159,corner,1,1.0000,5,1630
15997,2575300,corner,1,1.0000,5,1631
15998,2575410,corner,1,1.0000,5,1632
15999,2575516,corner,1,1.0000,5,1633
16000,2575626,corner,1,1.0000,5,1634
16001,2575771,corner,1,1.0000,5,1635
16002,2577123,corner,1,1.0000,5,1636
16003,2577241,corner,1,1.0000,5,1637
16004,2577356,corner,1,1.0000,5,1638
16005,2577464,corner,1,1.0000,5,1639
16006,2577583,corner,1,1.0000,5,1640
16007,2577687,corner,1,1.0000,5,1641
16008,2577846,corner,1,1.0000,5,1642
16009,2577968,corner,1,1.0000,5,1643
16010,2578075,corner,1,1.0000,5,1644
16011,2578183,corner,1,1.0000,5,1645
16012,2578288,corner,1,1.0000,5,1646
16013,2578415,corner,1,1.0000,5,1647
16014,2578575,corner,1,1.0000,5,1648
16015,2578691,corner,1,1.0000,5,1649
16016,2578813,corner,1,1.0000,5,1650
16017,2578919,corner,1,1.0000,5,1651
16018,2579060,corner,1,1.0000,5,1652
16019,2580412,corner,1,1.0000,5,1653
16020,2580536,corner,1,1.0000,5,1654
16021,2580653,corner,1,1.0000,5,1655
16022,2580773,corner,1,1.0000,5,1656
16023,2580924,corner,1,1.0000,5,1657
16024,2581041,corner,1,1.0000,5,1658
16025,2581156,corner,1,1.0000,5,1659
16026,2581264,corner,1,1.0000,5,1660
16027,2581422,corner,1,1.0000,5,1661
16028,2581537,corner,1,1.0000,5,1662
16029,2581654,corner,1,1.0000,5,1663
16030,2581769,corner,1,1.0000,5,1664
16031,2581876,corner,1,1.0000,5,1665
16032,2582019,corner,1,1.0000,5,1666
16033,2582135,corner,1,1.0000,5,1667
16034,2582320,corner,1,1.0000,5,1668
16035,2582432,corner,1,1.0000,5,1669
16036,2582550,corner,1,1.0000,5,1670
16037,2582660,corner,0,0.9900,5,1671
16038,2582770,corner,0,0.9800,5,1672
16039,2582892,corner,1,0.9800,5,1673
16040,2583009,corner,1,0.9800,5,1674
16041,2583119,corner,1,0.9800,5,1675
16042,2583230,corner,1,0.9800,5,1676
16043,2583349,corner,1,0.9800,5,1677
16044,2583457,corner,0,0.9700,5,1678
16045,2583583,corner,1,0.9700,5,1679
16046,2583686,corner,1,0.9700,5,1680
16047,2583822,corner,1,0.9700,5,1681
16048,2583943,corner,1,0.9700,5,1682
16049,2584058,corner,1,0.9700,5,1683
16050,2584169,corner,1,0.9700,5,1684
16051,2584288,corner,1,0.9700,5,1685
16052,2584400,corner,1,0.9700,5,1686
16053,2584522,corner,1,0.9700,5,1687
16054,2584640,corner,1,0.9700,5,1688
16055,2584762,corner,1,0.9700,5,1689
16056,2584880,corner,1,0.9700,5,1690
16057,2584990,corner,1,0.9700,5,1691
16058,2585103,corner,1,0.9700,5,1692
16059,2585222,corner,1,0.9700,5,1693
16060,2585345,corner,1,0.9700,5,1694
16061,2585480,corner,1,0.9700,5,1695
16062,2585633,corner,1,0.9700,5,1696
16063,2585745,corner,1,0.9700,5,1697
16064,2585857,corner,1,0.9700,5,1698
16065,2586047,corner,1,0.9700,5,1699
16066,2586158,corner,1,0.9700,5,1700
16067,2586277,corner,1,0.9700,5,1701
16068,2586382,corner,1,0.9700,5,1702
16069,2586503,corner,1,0.9700,5,1703
16070,2586664,corner,1,0.9700,5,1704
16071,2586775,corner,1,0.9700,5,1705
16072,2586888,corner,1,0.9700,5,1706
16073,2586993,corner,1,0.9700,5,1707
16074,2587111,corner,1,0.9700,5,1708
16075,2587227,corner,1,0.9700,5,1709
16076,2587353,corner,1,0.9700,5,1710
16077,2587471,corner,1,0.9700,5,1711
16078,2587607,corner,1,0.9700,5,1712
16079,2587729,corner,1,0.9700,5,1713
16080,2587839,corner,1,0.9700,5,1714
16081,2587947,corner,1,0.9700,5,1715
16082,2588050,corner,1,0.9700,5,1716
16083,2588157,corner,1,0.9700,5,1717
16084,2588265,corner,1,0.9700,5,1718
16085,2588387,corner,1,0.9700,5,1719
16086,2588500,corner,1,0.9700,5,1720
16087,2588616,corner,1,0.9700,5,1721
16088,2588728,corner,0,0.9600,5,1722
16089,2588843,corner,1,0.9600,5,1723
16090,2588997,corner,1,0.9600,5,1724
16091,2589128,corner,1,0.9600,5,1725
16092,2589290,corner,1,0.9600,5,1726
16093,2589412,corner,1,0.9600,5,1727
16094,2589521,corner,0,0.9500,5,1728
16095,2589632,corner,1,0.9500,5,1729
16096,2589743,corner,1,0.9500,5,1730
16097,2589849,corner,1,0.9500,5,1731
16098,2589975,corner,1,0.9500,5,1732
16099,2590127,corner,1,0.9500,5,1733
16100,2590239,corner,1,0.9500,5,1734
16101,2590344,corner,1,0.9500,5,1735
16102,2590485,corner,1,0.9500,5,1736
16103,2590648,corner,1,0.9500,5,1737
16104,2590765,corner,1,0.9500,5,1738
16105,2590879,corner,1,0.9500,5,1739
16106,2590993,corner,1,0.9500,5,1740
16107,2591120,corner,1,0.9500,5,1741
16108,2591242,corner,1,0.9500,5,1742
16109,2591372,corner,1,0.9500,5,1743
16110,2591479,corner,1,0.9500,5,1744
16111,2591589,corner,1,0.9500,5,1745
16112,2591696,corner,1,0.9500,5,1746
16113,2591815,corner,1,0.9500,5,1747
16114,2593167,corner,1,0.9500,5,1748
16115,2593338,corner,1,0.9500,5,1749
16116,2593447,corner,1,0.9500,5,1750
16117,2593569,corner,1,0.9500,5,1751
16118,2593680,corner,1,0.9500,5,1752
16119,2593799,corner,1,0.9500,5,1753
16120,2593913,corner,1,0.9500,5,1754
16121,2594024,corner,1,0.9500,5,1755
16122,2594167,corner,1,0.9500,5,1756
16123,2594282,corner,1,0.9500,5,1757
16124,2594399,corner,1,0.9500,5,1758
16125,2594512,corner,1,0.9500,5,1759
16126,2594626,corner,1,0.9500,5,1760
16127,2594735,corner,1,0.9500,5,1761
16128,2594852,corner,1,0.9500,5,1762
16129,2594984,corner,1,0.9500,5,1763
16130,2595094,corner,1,0.9500,5,1764
16131,2595198,corner,1,0.9500,5,1765
16132,2595311,corner,1,0.9500,5,1766
16133,2595446,corner,1,0.9500,5,1767
16134,2595563,corner,1,0.9500,5,1768
16135,2595666,corner,1,0.9500,5,1769
16136,2595773,corner,1,0.9500,5,1770
16137,2595879,corner,1,0.9600,5,1771
16138,2595991,corner,1,0.9700,5,1772
16139,2596104,corner,1,0.9700,5,1773
16140,2596210,corner,0,0.9600,5,1774
16141,2596316,corner,0,0.9500,5,1775
16142,2596454,corner,1,0.9500,5,1776
16143,2596598,corner,1,0.9500,5,1777
16144,2596712,corner,1,0.9600,5,1778
16145,2596831,corner,1,0.9600,5,1779
16146,2596936,corner,1,0.9600,5,1780
16147,2597051,corner,1,0.9600,5,1781
16148,2597161,corner,1,0.9600,5,1782
16149,2597316,corner,1,0.9600,5,1783
16150,2597416,corner,1,0.9600,5,1784
16151,2597531,corner,1,0.9600,5,1785
16152,2597649,corner,1,0.9600,5,1786
16153,2597764,corner,1,0.9600,5,1787
16154,2597916,corner,1,0.9600,5,1788
16155,2598030,corner,1,0.9600,5,1789
16156,2598148,corner,1,0.9600,5,1790
16157,2598255,corner,1,0.9600,5,1791
16158,2598378,corner,1,0.9600,5,1792
16159,2598540,corner,1,0.9600,5,1793
16160,2598660,corner,1,0.9600,5,1794
16161,2598763,corner,1,0.9600,5,1795
16162,2598876,corner,1,0.9600,5,1796
16163,2599029,corner,1,0.9600,5,1797
16164,2599146,corner,1,0.9600,5,1798
16165,2599259,corner,1,0.9600,5,1799
16166,2599374,corner,1,0.9600,5,1800
16167,2599514,corner,1,0.9600,5,1801
16168,2599631,corner,1,0.9600,5,1802
16169,2599739,corner,1,0.9600,5,1803
16170,2599852,corner,1,0.9600,5,1804
16171,2600013,corner,1,0.9600,5,1805
16172,2600191,defensive,1,0.9600,6,1
16173,2600325,defensive,1,0.9600,6,2
16174,2600446,defensive,1,0.9600,6,3
16175,2600583,defensive,1,0.9600,6,4
16176,2600749,defensive,1,0.9600,6,5
16177,2600899,defensive,1,0.9600,6,6
16178,2601027,defensive,1,0.9600,6,7
16179,2601172,defensive,1,0.9600,6,8
16180,2601293,defensive,1,0.9600,6,9
16181,2601434,defensive,1,0.9600,6,10
16182,2601603,defensive,1,0.9600,6,11
16183,2601698,defensive,0,0.9500,6,12
16184,2601820,defensive,1,0.9500,6,13
16185,2601960,defensive,1,0.9500,6,14
16186,2602109,defensive,1,0.9500,6,15
16187,2602275,defensive,1,0.9500,6,16
16188,2602436,defensive,1,0.9600,6,17
16189,2602588,defensive,1,0.9600,6,18
16190,2602739,defensive,1,0.9600,6,19
16191,2602932,defensive,1,0.9600,6,20
16192,2603032,defensive,1,0.9600,6,21
16193,2603194,defensive,1,0.9600,6,22
16194,2603333,defensive,1,0.9700,6,23
16195,2603486,defensive,1,0.9700,6,24
16196,2603610,defensive,1,0.9700,6,25
16197,2603734,defensive,1,0.9700,6,26
16198,2603860,defensive,1,0.9700,6,27
16199,2604030,defensive,1,0.9700,6,28
16200,2604159,defensive,1,0.9700,6,29
16201,2604320,defensive,1,0.9700,6,30
16202,2604461,defensive,1,0.9700,6,31
16203,2604755,defensive,1,0.9700,6,32
16204,2604878,defensive,1,0.9700,6,33
16205,2604973,defensive,0,0.9600,6,34
16206,2605143,defensive,1,0.9600,6,35
16207,2605266,defensive,1,0.9600,6,36
16208,2605388,defensive,1,0.9600,6,37
16209,2605518,defensive,1,0.9600,6,38
16210,2605666,defensive,1,0.9600,6,39
16211,2605760,defensive,1,0.9600,6,40
16212,2605935,defensive,1,0.9600,6,41
16213,2606084,defensive,1,0.9600,6,42
16214,2606180,defensive,1,0.9600,6,43
16215,2606305,defensive,1,0.9600,6,44
16216,2606402,defensive,1,0.9600,6,45
16217,2606555,defensive,1,0.9600,6,46
16218,2606691,defensive,1,0.9600,6,47
16219,2606830,defensive,1,0.9600,6,48
16220,2606981,defensive,1,0.9600,6,49
16221,2607105,defensive,1,0.9600,6,50
16222,2607205,defensive,1,0.9600,6,51
16223,2607350,defensive,1,0.9600,6,52
16224,2607482,defensive,1,0.9600,6,53
16225,2607581,defensive,1,0.9600,6,54
16226,2607723,defensive,1,0.9600,6,55
16227,2607814,defensive,0,0.9500,6,56
16228,2607951,defensive,1,0.9500,6,57
16229,2608078,defensive,1,0.9500,6,58
16230,2608225,defensive,1,0.9500,6,59
16231,2608352,defensive,1,0.9500,6,60
16232,2608498,defensive,1,0.9500,6,61
16233,2608626,defensive,1,0.9500,6,62
16234,2608792,defensive,1,0.9500,6,63
16235,2608917,defensive,1,0.9500,6,64
16236,2609016,defensive,1,0.9500,6,65
16237,2609141,defensive,1,0.9500,6,66
16238,2609290,defensive,1,0.9500,6,67
16239,2609411,defensive,1,0.9500,6,68
16240,2609552,defensive,1,0.9600,6,69
16241,2609680,defensive,1,0.9700,6,70
16242,2609774,defensive,1,0.9700,6,71
16243,2609920,defensive,1,0.9700,6,72
16244,2610040,defensive,1,0.9700,6,73
16245,2610238,defensive,1,0.9700,6,74
16246,2610397,defensive,1,0.9700,6,75
16247,2610547,defensive,1,0.9700,6,76
16248,2610663,defensive,1,0.9700,6,77
16249,2610806,defensive,1,0.9700,6,78
16250,2610977,defensive,1,0.9700,6,79
16251,2611127,defensive,1,0.9700,6,80
16252,2611250,defensive,1,0.9700,6,81
16253,2611377,defensive,1,0.9700,6,82
16254,2611502,defensive,1,0.9700,6,83
16255,2611670,defensive,1,0.9700,6,84
16256,2611792,defensive,1,0.9700,6,85
16257,2611893,defensive,1,0.9700,6,86
16258,2612016,defensive,1,0.9700,6,87
16259,2612163,defensive,1,0.9700,6,88
16260,2612321,defensive,1,0.9700,6,89
16261,2612482,defensive,1,0.9700,6,90
16262,2612642,defensive,1,0.9700,6,91
16263,2612788,defensive,1,0.9700,6,92
16264,2612914,defensive,1,0.9700,6,93
16265,2613044,defensive,1,0.9700,6,94
16266,2613218,defensive,1,0.9700,6,95
16267,2613436,defensive,1,0.9700,6,96
16268,2613694,defensive,1,0.9700,6,97
16269,2613828,defensive,1,0.9700,6,98
16270,2613961,defensive,1,0.9700,6,99
16271,2614115,defensive,1,0.9700,6,100
16272,2614240,defensive,1,0.9700,6,101
16273,2614362,defensive,1,0.9700,6,102
16274,2614465,defensive,0,0.9600,6,103
16275,2614565,defensive,1,0.9600,6,104
16276,2614710,defensive,1,0.9600,6,105
16277,2614851,defensive,1,0.9600,6,106
16278,2614971,defensive,1,0.9600,6,107
16279,2615124,defensive,1,0.9600,6,108
16280,2615358,defensive,1,0.9600,6,109
16281,2615525,defensive,1,0.9600,6,110
16282,2615649,defensive,1,0.9600,6,111
16283,2615789,defensive,1,0.9700,6,112
16284,2615909,defensive,1,0.9700,6,113
16285,2616031,defensive,1,0.9700,6,114
16286,2616191,defensive,1,0.9700,6,115
16287,2616285,defensive,1,0.9700,6,116
16288,2616379,defensive,1,0.9700,6,117
16289,2616514,defensive,1,0.9700,6,118
16290,2616646,defensive,1,0.9700,6,119
16291,2616767,defensive,1,0.9700,6,120
16292,2616890,defensive,1,0.9700,6,121
16293,2617018,defensive,1,0.9700,6,122
16294,2617161,defensive,1,0.9700,6,123
16295,2617255,defensive,1,0.9700,6,124
16296,2617387,defensive,1,0.9700,6,125
16297,2617558,defensive,1,0.9700,6,126
16298,2617650,defensive,1,0.9700,6,127
16299,2617796,defensive,1,0.9700,6,128
16300,2617966,defensive,1,0.9700,6,129
16301,2618088,defensive,1,0.9700,6,130
16302,2618233,defensive,1,0.9700,6,131
16303,2618373,defensive,1,0.9700,6,132
16304,2618511,defensive,1,0.9700,6,133
16305,2618649,defensive,1,0.9800,6,134
16306,2618829,defensive,1,0.9800,6,135
16307,2618962,defensive,1,0.9800,6,136
16308,2619102,defensive,1,0.9800,6,137
16309,2619391,defensive,1,0.9800,6,138
16310,2619600,defensive,1,0.9800,6,139
16311,2619695,defensive,1,0.9800,6,140
16312,2619894,defensive,1,0.9800,6,141
16313,2620045,defensive,1,0.9800,6,142
16314,2620211,defensive,1,0.9800,6,143
16315,2620331,defensive,1,0.9800,6,144
16316,2620453,defensive,1,0.9800,6,145
16317,2620548,defensive,1,0.9800,6,146
16318,2620670,defensive,1,0.9800,6,147
16319,2620827,defensive,1,0.9800,6,148
16320,2620980,defensive,1,0.9800,6,149
16321,2621131,defensive,1,0.9800,6,150
16322,2621255,defensive,1,0.9800,6,151
16323,2621394,defensive,1,0.9800,6,152
16324,2621525,defensive,1,0.9800,6,153
16325,2621666,defensive,1,0.9800,6,154
16326,2621795,defensive,1,0.9800,6,155
16327,2621926,defensive,1,0.9900,6,156
16328,2622084,defensive,1,0.9900,6,157
16329,2622272,defensive,1,0.9900,6,158
16330,2622370,defensive,1,0.9900,6,159
16331,2622488,defensive,1,0.9900,6,160
16332,2622640,defensive,1,0.9900,6,161
16333,2622813,defensive,1,0.9900,6,162
16334,2622958,defensive,1,0.9900,6,163
16335,2623124,defensive,1,0.9900,6,164
16336,2623272,defensive,1,0.9900,6,165
16337,2623401,defensive,1,0.9900,6,166
16338,2623528,defensive,1,0.9900,6,167
16339,2623701,defensive,1,0.9900,6,168
16340,2623876,defensive,1,0.9900,6,169
16341,2623970,defensive,0,0.9800,6,170
16342,2624123,defensive,1,0.9800,6,171
16343,2624269,defensive,1,0.9800,6,172
16344,2624415,defensive,1,0.9800,6,173
16345,2624538,defensive,1,0.9800,6,174
16346,2624724,defensive,1,0.9800,6,175
16347,2624876,defensive,1,0.9800,6,176
16348,2625030,defensive,1,0.9800,6,177
16349,2625166,defensive,1,0.9800,6,178
16350,2625313,defensive,1,0.9800,6,179
16351,2625478,defensive,1,0.9800,6,180
16352,2625621,defensive,1,0.9800,6,181
16353,2625742,defensive,1,0.9800,6,182
16354,2625874,defensive,1,0.9800,6,183
16355,2626045,defensive,1,0.9800,6,184
16356,2626191,defensive,1,0.9800,6,185
16357,2626324,defensive,1,0.9800,6,186
16358,2626490,defensive,1,0.9800,6,187
16359,2626623,defensive,1,0.9800,6,188
16360,2626773,defensive,1,0.9800,6,189
16361,2626912,defensive,1,0.9800,6,190
16362,2627011,defensive,1,0.9800,6,191
16363,2627134,defensive,1,0.9800,6,192
16364,2627270,defensive,1,0.9800,6,193
16365,2627418,defensive,1,0.9800,6,194
16366,2627517,defensive,1,0.9800,6,195
16367,2627638,defensive,1,0.9800,6,196
16368,2627762,defensive,1,0.9800,6,197
16369,2627933,defensive,1,0.9800,6,198
16370,2628071,defensive,1,0.9800,6,199
16371,2628243,defensive,1,0.9800,6,200
16372,2628344,defensive,1,0.9800,6,201
16373,2628480,defensive,1,0.9800,6,202
16374,2628616,defensive,1,0.9900,6,203
16375,2628738,defensive,1,0.9900,6,204
16376,2628869,defensive,1,0.9900,6,205
16377,2628991,defensive,1,0.9900,6,206
16378,2629131,defensive,1,0.9900,6,207
16379,2629316,defensive,1,0.9900,6,208
16380,2629456,defensive,1,0.9900,6,209
16381,2629613,defensive,1,0.9900,6,210
16382,2629735,defensive,1,0.9900,6,211
16383,2629852,defensive,1,0.9900,6,212
16384,2629999,defensive,1,0.9900,6,213
16385,2630227,defensive,1,0.9900,6,214
16386,2630411,defensive,1,0.9900,6,215
16387,2630582,defensive,1,0.9900,6,216
16388,2630717,defensive,1,0.9900,6,217
16389,2630886,defensive,1,0.9900,6,218
16390,2631016,defensive,1,0.9900,6,219
16391,2631148,defensive,1,0.9900,6,220
16392,2631302,defensive,1,0.9900,6,221
16393,2631400,defensive,1,0.9900,6,222
16394,2631619,defensive,1,0.9900,6,223
16395,2631745,defensive,1,0.9900,6,224
16396,2631868,defensive,1,0.9900,6,225
16397,2631995,defensive,1,0.9900,6,226
16398,2632188,defensive,1,0.9900,6,227
16399,2632285,defensive,1,0.9900,6,228
16400,2632469,defensive,1,0.9900,6,229
16401,2632589,defensive,1,0.9900,6,230
16402,2632763,defensive,1,0.9900,6,231
16403,2632888,defensive,1,0.9900,6,232
16404,2633011,defensive,1,0.9900,6,233
16405,2633157,defensive,1,0.9900,6,234
16406,2633284,defensive,1,0.9900,6,235
16407,2633433,defensive,1,0.9900,6,236
16408,2633575,defensive,1,0.9900,6,237
16409,2633708,defensive,1,0.9900,6,238
16410,2633856,defensive,1,0.9900,6,239
16411,2633958,defensive,1,0.9900,6,240
16412,2634114,defensive,1,0.9900,6,241
16413,2634278,defensive,1,0.9900,6,242
16414,2634495,defensive,1,0.9900,6,243
16415,2634593,defensive,1,0.9900,6,244
16416,2634894,defensive,1,0.9900,6,245
16417,2635077,defensive,1,0.9900,6,246
16418,2635203,defensive,1,0.9900,6,247
16419,2635344,defensive,1,0.9900,6,248
16420,2635548,defensive,1,0.9900,6,249
16421,2635674,defensive,1,0.9900,6,250
16422,2635817,defensive,1,0.9900,6,251
16423,2636085,defensive,1,0.9900,6,252
16424,2636218,defensive,1,0.9900,6,253
16425,2636356,defensive,1,0.9900,6,254
16426,2636481,defensive,1,0.9900,6,255
16427,2636579,defensive,1,0.9900,6,256
16428,2636743,defensive,1,0.9900,6,257
16429,2636865,defensive,1,0.9900,6,258
16430,2636999,defensive,1,0.9900,6,259
16431,2637098,defensive,1,0.9900,6,260
16432,2637220,defensive,1,0.9900,6,261
16433,2637346,defensive,1,0.9900,6,262
16434,2637517,defensive,1,0.9900,6,263
16435,2637698,defensive,1,0.9900,6,264
16436,2637855,defensive,1,0.9900,6,265
16437,2638034,defensive,1,0.9900,6,266
16438,2638157,defensive,1,0.9900,6,267
16439,2638324,defensive,1,0.9900,6,268
16440,2638415,defensive,1,0.9900,6,269
16441,2638559,defensive,1,1.0000,6,270
16442,2638686,defensive,1,1.0000,6,271
16443,2638819,defensive,1,1.0000,6,272
16444,2638941,defensive,1,1.0000,6,273
16445,2639068,defensive,1,1.0000,6,274
16446,2639201,defensive,1,1.0000,6,275
16447,2639331,defensive,1,1.0000,6,276
16448,2639459,defensive,1,1.0000,6,277
16449,2639601,defensive,1,1.0000,6,278
16450,2639776,defensive,1,1.0000,6,279
16451,2639910,defensive,1,1.0000,6,280
16452,2640030,defensive,1,1.0000,6,281
16453,2640156,defensive,1,1.0000,6,282
16454,2640280,defensive,1,1.0000,6,283
16455,2640476,defensive,1,1.0000,6,284
16456,2640647,defensive,1,1.0000,6,285
16457,2640792,defensive,1,1.0000,6,286
16458,2640915,defensive,1,1.0000,6,287
16459,2641045,defensive,1,1.0000,6,288
16460,2641164,defensive,1,1.0000,6,289
16461,2641313,defensive,1,1.0000,6,290
16462,2641444,defensive,1,1.0000,6,291
16463,2641563,defensive,1,1.0000,6,292
16464,2641691,defensive,1,1.0000,6,293
16465,2641829,defensive,1,1.0000,6,294
16466,2641950,defensive,1,1.0000,6,295
16467,2642074,defensive,1,1.0000,6,296
16468,2642168,defensive,1,1.0000,6,297
16469,2642266,defensive,1,1.0000,6,298
16470,2642416,defensive,1,1.0000,6,299
16471,2642541,defensive,1,1.0000,6,300
16472,2642664,defensive,1,1.0000,6,301
16473,2642788,defensive,1,1.0000,6,302
16474,2642998,defensive,1,1.0000,6,303
16475,2643208,defensive,1,1.0000,6,304
16476,2643365,defensive,1,1.0000,6,305
16477,2643461,defensive,1,1.0000,6,306
16478,2643584,defensive,1,1.0000,6,307
16479,2643719,defensive,1,1.0000,6,308
16480,2643935,defensive,1,1.0000,6,309
16481,2644062,defensive,1,1.0000,6,310
16482,2644189,defensive,1,1.0000,6,311
16483,2644361,defensive,1,1.0000,6,312
16484,2644515,defensive,1,1.0000,6,313
16485,2644644,defensive,1,1.0000,6,314
16486,2644766,defensive,1,1.0000,6,315
16487,2644889,defensive,1,1.0000,6,316
16488,2645010,defensive,1,1.0000,6,317
16489,2645133,defensive,1,1.0000,6,318
16490,2645277,defensive,1,1.0000,6,319
16491,2645452,defensive,1,1.0000,6,320
16492,2645613,defensive,1,1.0000,6,321
16493,2645736,defensive,1,1.0000,6,322
16494,2645863,defensive,1,1.0000,6,323
16495,2645993,defensive,1,1.0000,6,324
16496,2646142,defensive,1,1.0000,6,325
16497,2646297,defensive,1,1.0000,6,326
16498,2646432,defensive,1,1.0000,6,327
16499,2646585,defensive,1,1.0000,6,328
16500,2646757,defensive,1,1.0000,6,329
16501,2646881,defensive,1,1.0000,6,330
16502,2647048,defensive,1,1.0000,6,331
16503,2647192,defensive,1,1.0000,6,332
16504,2647515,defensive,1,1.0000,6,333
16505,2647613,defensive,1,1.0000,6,334
16506,2647764,defensive,1,1.0000,6,335
16507,2647884,defensive,1,1.0000,6,336
16508,2648007,defensive,1,1.0000,6,337
16509,2648141,defensive,1,1.0000,6,338
16510,2648259,defensive,1,1.0000,6,339
16511,2648382,defensive,1,1.0000,6,340
16512,2648504,defensive,1,1.0000,6,341
16513,2648627,defensive,1,1.0000,6,342
16514,2648753,defensive,1,1.0000,6,343
16515,2648876,defensive,1,1.0000,6,344
16516,2649035,defensive,1,1.0000,6,345
16517,2649186,defensive,1,1.0000,6,346
16518,2649317,defensive,1,1.0000,6,347
16519,2649435,defensive,1,1.0000,6,348
16520,2649593,defensive,1,1.0000,6,349
16521,2649765,defensive,1,1.0000,6,350
16522,2649924,defensive,1,1.0000,6,351
16523,2650068,defensive,1,1.0000,6,352
16524,2650207,defensive,1,1.0000,6,353
16525,2650344,defensive,1,1.0000,6,354
16526,2650465,defensive,1,1.0000,6,355
16527,2650632,defensive,1,1.0000,6,356
16528,2650753,defensive,1,1.0000,6,357
16529,2650871,defensive,1,1.0000,6,358
16530,2651001,defensive,1,1.0000,6,359
16531,2651136,defensive,1,1.0000,6,360
16532,2651295,defensive,1,1.0000,6,361
16533,2651443,defensive,1,1.0000,6,362
16534,2651571,defensive,1,1.0000,6,363
16535,2651706,defensive,1,1.0000,6,364
16536,2651806,defensive,1,1.0000,6,365
16537,2651899,defensive,1,1.0000,6,366
16538,2652068,defensive,1,1.0000,6,367
16539,2652195,defensive,1,1.0000,6,368
16540,2652347,defensive,1,1.0000,6,369
16541,2652568,defensive,1,1.0000,6,370
16542,2652699,defensive,1,1.0000,6,371
16543,2652823,defensive,1,1.0000,6,372
16544,2652983,defensive,1,1.0000,6,373
16545,2653107,defensive,1,1.0000,6,374
16546,2653230,defensive,1,1.0000,6,375
16547,2653383,defensive,1,1.0000,6,376
16548,2653512,defensive,1,1.0000,6,377
16549,2653666,defensive,1,1.0000,6,378
16550,2653812,defensive,1,1.0000,6,379
16551,2653956,defensive,1,1.0000,6,380
16552,2654049,defensive,0,0.9900,6,381
16553,2654209,defensive,1,0.9900,6,382
16554,2654355,defensive,1,0.9900,6,383
16555,2654524,defensive,1,0.9900,6,384
16556,2654727,defensive,1,0.9900,6,385
16557,2654856,defensive,1,0.9900,6,386
16558,2655012,defensive,1,0.9900,6,387
16559,2655139,defensive,1,0.9900,6,388
16560,2655295,defensive,1,0.9900,6,389
16561,2655441,defensive,1,0.9900,6,390
16562,2655601,defensive,1,0.9900,6,391
16563,2655697,defensive,1,0.9900,6,392
16564,2655793,defensive,1,0.9900,6,393
16565,2655921,defensive,1,0.9900,6,394
16566,2656080,defensive,1,0.9900,6,395
16567,2656235,defensive,1,0.9900,6,396
16568,2656403,defensive,1,0.9900,6,397
16569,2656547,defensive,1,0.9900,6,398
16570,2656706,defensive,1,0.9900,6,399
16571,2656855,defensive,1,0.9900,6,400
16572,2657003,defensive,1,0.9900,6,401
16573,2657101,defensive,1,0.9900,6,402
16574,2657372,defensive,1,0.9900,6,403
16575,2657500,defensive,1,0.9900,6,404
16576,2657702,defensive,1,0.9900,6,405
16577,2657824,defensive,1,0.9900,6,406
16578,2657960,defensive,1,0.9900,6,407
16579,2658054,defensive,1,0.9900,6,408
16580,2658214,defensive,1,0.9900,6,409
16581,2658355,defensive,1,0.9900,6,410
16582,2658508,defensive,1,0.9900,6,411
16583,2658635,defensive,1,0.9900,6,412
16584,2658770,defensive,1,0.9900,6,413
16585,2658900,defensive,1,0.9900,6,414
16586,2659068,defensive,1,0.9900,6,415
16587,2659214,defensive,1,0.9900,6,416
16588,2659331,defensive,1,0.9900,6,417
16589,2659455,defensive,1,0.9900,6,418
16590,2659576,defensive,1,0.9900,6,419
16591,2659734,defensive,1,0.9900,6,420
16592,2659895,defensive,1,0.9900,6,421
16593,2660049,defensive,1,0.9900,6,422
16594,2660335,defensive,1,0.9900,6,423
16595,2660464,defensive,1,0.9900,6,424
16596,2660589,defensive,1,0.9900,6,425
16597,2660709,defensive,1,0.9900,6,426
16598,2660824,defensive,0,0.9800,6,427
16599,2660951,defensive,1,0.9800,6,428
16600,2661056,defensive,0,0.9700,6,429
16601,2661196,defensive,1,0.9700,6,430
16602,2661322,defensive,1,0.9700,6,431
16603,2661456,defensive,1,0.9700,6,432
16604,2661580,defensive,1,0.9700,6,433
16605,2661726,defensive,1,0.9700,6,434
16606,2661878,defensive,1,0.9700,6,435
16607,2662022,defensive,1,0.9700,6,436
16608,2662178,defensive,1,0.9700,6,437
16609,2662272,defensive,1,0.9700,6,438
16610,2662402,defensive,1,0.9700,6,439
16611,2662526,defensive,1,0.9700,6,440
16612,2662669,defensive,1,0.9700,6,441
16613,2662822,defensive,1,0.9700,6,442
16614,2662973,defensive,1,0.9700,6,443
16615,2663101,defensive,1,0.9700,6,444
16616,2663273,defensive,1,0.9700,6,445
16617,2663415,defensive,1,0.9700,6,446
16618,2663542,defensive,1,0.9700,6,447
16619,2663722,defensive,1,0.9700,6,448
16620,2663861,defensive,1,0.9700,6,449
16621,2664004,defensive,1,0.9700,6,450
16622,2664126,defensive,1,0.9700,6,451
16623,2664267,defensive,1,0.9700,6,452
16624,2664391,defensive,1,0.9700,6,453
16625,2664526,defensive,1,0.9700,6,454
16626,2664665,defensive,1,0.9700,6,455
16627,2664825,defensive,1,0.9700,6,456
16628,2664951,defensive,1,0.9700,6,457
16629,2665107,defensive,1,0.9700,6,458
16630,2665237,defensive,1,0.9700,6,459
16631,2665357,defensive,1,0.9700,6,460
16632,2665479,defensive,1,0.9700,6,461
16633,2665610,defensive,1,0.9700,6,462
16634,2665748,defensive,1,0.9700,6,463
16635,2665906,defensive,1,0.9700,6,464
16636,2666030,defensive,1,0.9700,6,465
16637,2666324,defensive,1,0.9700,6,466
16638,2666451,defensive,1,0.9700,6,467
16639,2666596,defensive,1,0.9700,6,468
16640,2666751,defensive,1,0.9700,6,469
16641,2666871,defensive,1,0.9700,6,470
16642,2666969,defensive,0,0.9600,6,471
16643,2667125,defensive,1,0.9600,6,472
16644,2667428,defensive,1,0.9600,6,473
16645,2667566,defensive,1,0.9600,6,474
16646,2667741,defensive,1,0.9600,6,475
16647,2667906,defensive,1,0.9600,6,476
16648,2668033,defensive,1,0.9600,6,477
16649,2668187,defensive,1,0.9600,6,478
16650,2668307,defensive,1,0.9600,6,479
16651,2668397,defensive,1,0.9600,6,480
16652,2668514,defensive,1,0.9700,6,481
16653,2668660,defensive,1,0.9700,6,482
16654,2668821,defensive,1,0.9700,6,483
16655,2668917,defensive,1,0.9700,6,484
16656,2669145,defensive,1,0.9700,6,485
16657,2669299,defensive,1,0.9700,6,486
16658,2669402,defensive,1,0.9700,6,487
16659,2669557,defensive,1,0.9700,6,488
16660,2669651,defensive,0,0.9600,6,489
16661,2669753,defensive,1,0.9600,6,490
16662,2669890,defensive,1,0.9600,6,491
16663,2669979,defensive,1,0.9600,6,492
16664,2670074,defensive,1,0.9600,6,493
16665,2670206,defensive,1,0.9600,6,494
16666,2670327,defensive,1,0.9600,6,495
16667,2670468,defensive,1,0.9600,6,496
16668,2670589,defensive,1,0.9600,6,497
16669,2670718,defensive,1,0.9600,6,498
16670,2670867,defensive,1,0.9600,6,499
16671,2671035,defensive,1,0.9600,6,500
16672,2671194,defensive,1,0.9600,6,501
16673,2671343,defensive,1,0.9600,6,502
16674,2671468,defensive,1,0.9600,6,503
16675,2671564,defensive,1,0.9600,6,504
16676,2671710,defensive,1,0.9600,6,505
16677,2671804,defensive,1,0.9600,6,506
16678,2671899,defensive,1,0.9600,6,507
16679,2672024,defensive,1,0.9600,6,508
16680,2672167,defensive,1,0.9600,6,509
16681,2672309,defensive,1,0.9600,6,510
16682,2672434,defensive,1,0.9600,6,511
16683,2672587,defensive,1,0.9600,6,512
16684,2672681,defensive,1,0.9600,6,513
16685,2672815,defensive,1,0.9600,6,514
16686,2672914,defensive,1,0.9600,6,515
16687,2673082,defensive,1,0.9600,6,516
16688,2673218,defensive,1,0.9600,6,517
16689,2673361,defensive,1,0.9600,6,518
16690,2673506,defensive,1,0.9600,6,519
16691,2673663,defensive,1,0.9600,6,520
16692,2673782,defensive,1,0.9600,6,521
16693,2673911,defensive,1,0.9600,6,522
16694,2674117,defensive,1,0.9600,6,523
16695,2674257,defensive,1,0.9600,6,524
16696,2674381,defensive,1,0.9600,6,525
16697,2674523,defensive,1,0.9600,6,526
16698,2674684,defensive,1,0.9700,6,527
16699,2674774,defensive,1,0.9700,6,528
16700,2674910,defensive,1,0.9800,6,529
16701,2675033,defensive,1,0.9800,6,530
16702,2675211,defensive,1,0.9800,6,531
16703,2675308,defensive,1,0.9800,6,532
16704,2675459,defensive,1,0.9800,6,533
16705,2675597,defensive,1,0.9800,6,534
16706,2675755,defensive,1,0.9800,6,535
16707,2675890,defensive,1,0.9800,6,536
16708,2676022,defensive,1,0.9800,6,537
16709,2676166,defensive,1,0.9800,6,538
16710,2676305,defensive,1,0.9800,6,539
16711,2676403,defensive,1,0.9800,6,540
16712,2676524,defensive,1,0.9800,6,541
16713,2676674,defensive,1,0.9800,6,542
16714,2676798,defensive,1,0.9800,6,543
16715,2676954,defensive,1,0.9800,6,544
16716,2677051,defensive,1,0.9800,6,545
16717,2677249,defensive,1,0.9800,6,546
16718,2677341,defensive,1,0.9800,6,547
16719,2677494,defensive,1,0.9800,6,548
16720,2677600,defensive,0,0.9700,6,549
16721,2677762,defensive,1,0.9700,6,550
16722,2677897,defensive,1,0.9700,6,551
16723,2678051,defensive,1,0.9700,6,552
16724,2678225,defensive,1,0.9700,6,553
16725,2678397,defensive,1,0.9700,6,554
16726,2678529,defensive,1,0.9700,6,555
16727,2678627,defensive,1,0.9700,6,556
16728,2678775,defensive,1,0.9700,6,557
16729,2678901,defensive,1,0.9700,6,558
16730,2679026,defensive,1,0.9700,6,559
16731,2679148,defensive,1,0.9700,6,560
16732,2679279,defensive,1,0.9700,6,561
16733,2679430,defensive,1,0.9700,6,562
16734,2679583,defensive,1,0.9700,6,563
16735,2679757,defensive,1,0.9700,6,564
16736,2679942,defensive,1,0.9700,6,565
16737,2680111,defensive,1,0.9700,6,566
16738,2680323,defensive,1,0.9700,6,567
16739,2680482,defensive,1,0.9700,6,568
16740,2680577,defensive,1,0.9700,6,569
16741,2680701,defensive,1,0.9700,6,570
16742,2680880,defensive,1,0.9800,6,571
16743,2681051,defensive,1,0.9800,6,572
16744,2681206,defensive,1,0.9800,6,573
16745,2681377,defensive,1,0.9800,6,574
16746,2681471,defensive,1,0.9800,6,575
16747,2681677,defensive,1,0.9800,6,576
16748,2681808,defensive,1,0.9800,6,577
16749,2681901,defensive,1,0.9800,6,578
16750,2682137,defensive,1,0.9800,6,579
16751,2682385,defensive,1,0.9800,6,580
16752,2682511,defensive,1,0.9800,6,581
16753,2682637,defensive,1,0.9800,6,582
16754,2682825,defensive,1,0.9800,6,583
16755,2682921,defensive,0,0.9700,6,584
16756,2683046,defensive,1,0.9700,6,585
16757,2683181,defensive,1,0.9700,6,586
16758,2683278,defensive,1,0.9700,6,587
16759,2683374,defensive,1,0.9700,6,588
16760,2683556,defensive,1,0.9800,6,589
16761,2683700,defensive,1,0.9800,6,590
16762,2683825,defensive,1,0.9800,6,591
16763,2683983,defensive,1,0.9800,6,592
16764,2684116,defensive,1,0.9800,6,593
16765,2684221,defensive,0,0.9700,6,594
16766,2684346,defensive,1,0.9700,6,595
16767,2684482,defensive,1,0.9700,6,596
16768,2684670,defensive,1,0.9700,6,597
16769,2684854,defensive,1,0.9700,6,598
16770,2684996,defensive,1,0.9700,6,599
16771,2685143,defensive,1,0.9700,6,600
16772,2685273,defensive,1,0.9700,6,601
16773,2685400,defensive,1,0.9700,6,602
16774,2685539,defensive,1,0.9700,6,603
16775,2685717,defensive,1,0.9700,6,604
16776,2685894,defensive,1,0.9700,6,605
16777,2686043,defensive,1,0.9700,6,606
16778,2686165,defensive,1,0.9700,6,607
16779,2686298,defensive,1,0.9700,6,608
16780,2686438,defensive,1,0.9700,6,609
16781,2686564,defensive,1,0.9700,6,610
16782,2686690,defensive,1,0.9700,6,611
16783,2686862,defensive,1,0.9700,6,612
16784,2686987,defensive,1,0.9700,6,613
16785,2687143,defensive,1,0.9700,6,614
16786,2687277,defensive,1,0.9700,6,615
16787,2687373,defensive,1,0.9700,6,616
16788,2687514,defensive,1,0.9700,6,617
16789,2687636,defensive,1,0.9700,6,618
16790,2687804,defensive,1,0.9700,6,619
16791,2688117,defensive,1,0.9700,6,620
16792,2688264,defensive,1,0.9700,6,621
16793,2688387,defensive,1,0.9700,6,622
16794,2688481,defensive,1,0.9700,6,623
16795,2688578,defensive,1,0.9700,6,624
16796,2688703,defensive,1,0.9700,6,625
16797,2688869,defensive,1,0.9700,6,626
16798,2689000,defensive,1,0.9700,6,627
16799,2689169,defensive,1,0.9700,6,628
16800,2689291,defensive,1,0.9700,6,629
16801,2689430,defensive,1,0.9700,6,630
16802,2689532,defensive,0,0.9600,6,631
16803,2689679,defensive,1,0.9600,6,632
16804,2689828,defensive,1,0.9600,6,633
16805,2689967,defensive,1,0.9600,6,634
16806,2690132,defensive,1,0.9600,6,635
16807,2690283,defensive,1,0.9600,6,636
16808,2690407,defensive,1,0.9600,6,637
16809,2690567,defensive,1,0.9600,6,638
16810,2690728,defensive,1,0.9600,6,639
16811,2690829,defensive,1,0.9600,6,640
16812,2690978,defensive,1,0.9600,6,641
16813,2691139,defensive,1,0.9600,6,642
16814,2691283,defensive,1,0.9600,6,643
16815,2691439,defensive,1,0.9600,6,644
16816,2691590,defensive,1,0.9600,6,645
16817,2691777,defensive,1,0.9600,6,646
16818,2692019,defensive,1,0.9600,6,647
16819,2692158,defensive,1,0.9600,6,648
16820,2692354,defensive,1,0.9700,6,649
16821,2692508,defensive,1,0.9700,6,650
16822,2692678,defensive,1,0.9700,6,651
16823,2692815,defensive,1,0.9700,6,652
16824,2692953,defensive,1,0.9700,6,653
16825,2693109,defensive,1,0.9700,6,654
16826,2693233,defensive,1,0.9700,6,655
16827,2693372,defensive,1,0.9700,6,656
16828,2693527,defensive,1,0.9700,6,657
16829,2693673,defensive,1,0.9700,6,658
16830,2693771,defensive,1,0.9700,6,659
16831,2693891,defensive,1,0.9700,6,660
16832,2694046,defensive,1,0.9700,6,661
16833,2694170,defensive,1,0.9700,6,662
16834,2694268,defensive,0,0.9600,6,663
16835,2694406,defensive,1,0.9600,6,664
16836,2694579,defensive,1,0.9600,6,665
16837,2694706,defensive,1,0.9600,6,666
16838,2694833,defensive,1,0.9600,6,667
16839,2694961,defensive,1,0.9600,6,668
16840,2695090,defensive,1,0.9600,6,669
16841,2695217,defensive,1,0.9600,6,670
16842,2695389,defensive,1,0.9600,6,671
16843,2695512,defensive,1,0.9600,6,672
16844,2695648,defensive,1,0.9600,6,673
16845,2695745,defensive,1,0.9600,6,674
16846,2695921,defensive,1,0.9600,6,675
16847,2696057,defensive,1,0.9600,6,676
16848,2696199,defensive,1,0.9600,6,677
16849,2696323,defensive,1,0.9600,6,678
16850,2696480,defensive,1,0.9600,6,679
16851,2696601,defensive,1,0.9600,6,680
16852,2696726,defensive,1,0.9600,6,681
16853,2696824,defensive,1,0.9600,6,682
16854,2696961,defensive,1,0.9600,6,683
16855,2697122,defensive,1,0.9700,6,684
16856,2697289,defensive,1,0.9700,6,685
16857,2697411,defensive,1,0.9700,6,686
16858,2697576,defensive,1,0.9700,6,687
16859,2697873,defensive,1,0.9700,6,688
16860,2697998,defensive,1,0.9700,6,689
16861,2698117,defensive,1,0.9700,6,690
16862,2698245,defensive,1,0.9700,6,691
16863,2698374,defensive,1,0.9700,6,692
16864,2698472,defensive,1,0.9700,6,693
16865,2698607,defensive,1,0.9800,6,694
16866,2698774,defensive,1,0.9800,6,695
16867,2698899,defensive,1,0.9800,6,696
16868,2699049,defensive,1,0.9800,6,697
16869,2699190,defensive,1,0.9800,6,698
16870,2699317,defensive,1,0.9800,6,699
16871,2699472,defensive,1,0.9800,6,700
16872,2699651,defensive,1,0.9800,6,701
16873,2699745,defensive,1,0.9800,6,702
16874,2699888,defensive,1,0.9800,6,703
16875,2699981,defensive,1,0.9800,6,704
16876,2700136,defensive,1,0.9800,6,705
16877,2700227,defensive,1,0.9800,6,706
16878,2700356,defensive,1,0.9800,6,707
16879,2700481,defensive,1,0.9800,6,708
16880,2700599,defensive,1,0.9800,6,709
16881,2700730,defensive,1,0.9800,6,710
16882,2700858,defensive,1,0.9800,6,711
16883,2701002,defensive,1,0.9800,6,712
16884,2701123,defensive,1,0.9800,6,713
16885,2701249,defensive,1,0.9800,6,714
16886,2701372,defensive,1,0.9800,6,715
16887,2701467,defensive,1,0.9800,6,716
16888,2701594,defensive,1,0.9800,6,717
16889,2701728,defensive,1,0.9800,6,718
16890,2701863,defensive,1,0.9800,6,719
16891,2702046,defensive,1,0.9800,6,720
16892,2702199,defensive,1,0.9800,6,721
16893,2702321,defensive,1,0.9800,6,722
16894,2702419,defensive,1,0.9800,6,723
16895,2702543,defensive,1,0.9800,6,724
16896,2702669,defensive,1,0.9800,6,725
16897,2702765,defensive,1,0.9800,6,726
16898,2702961,defensive,1,0.9800,6,727
16899,2703130,defensive,1,0.9800,6,728
16900,2703251,defensive,1,0.9800,6,729
16901,2703424,defensive,1,0.9800,6,730
16902,2703551,defensive,1,0.9900,6,731
16903,2703722,defensive,1,0.9900,6,732
16904,2703847,defensive,1,0.9900,6,733
16905,2704005,defensive,1,0.9900,6,734
16906,2704138,defensive,1,0.9900,6,735
16907,2704282,defensive,1,0.9900,6,736
16908,2704429,defensive,1,0.9900,6,737
16909,2704590,defensive,1,0.9900,6,738
16910,2704691,defensive,1,0.9900,6,739
16911,2704838,defensive,1,0.9900,6,740
16912,2704962,defensive,1,0.9900,6,741
16913,2705091,defensive,1,0.9900,6,742
16914,2705223,defensive,1,0.9900,6,743
16915,2705319,defensive,1,0.9900,6,744
16916,2705465,defensive,1,0.9900,6,745
16917,2705587,defensive,1,0.9900,6,746
16918,2705745,defensive,1,0.9900,6,747
16919,2705972,defensive,1,0.9900,6,748
16920,2706110,defensive,1,0.9900,6,749
16921,2706239,defensive,1,0.9900,6,750
16922,2706400,defensive,1,0.9900,6,751
16923,2706518,defensive,1,0.9900,6,752
16924,2706649,defensive,1,0.9900,6,753
16925,2706794,defensive,1,0.9900,6,754
16926,2706917,defensive,1,0.9900,6,755
16927,2707017,defensive,1,0.9900,6,756
16928,2707114,defensive,0,0.9800,6,757
16929,2707238,defensive,1,0.9800,6,758
16930,2707365,defensive,1,0.9800,6,759
16931,2707512,defensive,1,0.9800,6,760
16932,2707638,defensive,1,0.9800,6,761
16933,2707820,defensive,1,0.9800,6,762
16934,2707943,defensive,1,0.9900,6,763
16935,2708070,defensive,1,0.9900,6,764
16936,2708223,defensive,1,0.9900,6,765
16937,2708366,defensive,1,0.9900,6,766
16938,2708526,defensive,1,0.9900,6,767
16939,2708649,defensive,1,0.9900,6,768
16940,2708774,defensive,1,0.9900,6,769
16941,2708896,defensive,1,0.9900,6,770
16942,2709050,defensive,1,0.9900,6,771
16943,2709189,defensive,1,0.9900,6,772
16944,2709341,defensive,1,0.9900,6,773
16945,2709475,defensive,1,0.9900,6,774
16946,2709626,defensive,1,0.9900,6,775
16947,2709744,defensive,1,0.9900,6,776
16948,2709879,defensive,1,0.9900,6,777
16949,2710030,defensive,1,0.9900,6,778
16950,2710158,defensive,1,0.9900,6,779
16951,2710280,defensive,1,0.9900,6,780
16952,2710376,defensive,1,0.9900,6,781
16953,2710519,defensive,1,0.9900,6,782
16954,2710646,defensive,1,0.9900,6,783
16955,2710770,defensive,1,0.9900,6,784
16956,2710864,defensive,0,0.9800,6,785
16957,2710984,defensive,1,0.9800,6,786
16958,2711103,defensive,1,0.9800,6,787
16959,2711273,defensive,1,0.9800,6,788
16960,2711395,defensive,1,0.9800,6,789
16961,2711518,defensive,1,0.9800,6,790
16962,2711640,defensive,1,0.9800,6,791
16963,2711760,defensive,1,0.9800,6,792
16964,2711926,defensive,1,0.9800,6,793
16965,2712020,defensive,0,0.9700,6,794
16966,2712170,defensive,1,0.9700,6,795
16967,2712301,defensive,1,0.9700,6,796
16968,2712574,defensive,1,0.9700,6,797
16969,2712742,defensive,1,0.9700,6,798
16970,2712902,defensive,1,0.9700,6,799
16971,2713004,defensive,1,0.9700,6,800
16972,2713182,defensive,1,0.9700,6,801
16973,2713305,defensive,1,0.9700,6,802
16974,2713459,defensive,1,0.9700,6,803
16975,2713552,defensive,1,0.9700,6,804
16976,2713757,defensive,1,0.9700,6,805
16977,2713884,defensive,1,0.9700,6,806
16978,2714016,defensive,1,0.9700,6,807
16979,2714142,defensive,1,0.9700,6,808
16980,2714295,defensive,1,0.9700,6,809
16981,2714418,defensive,1,0.9700,6,810
16982,2714551,defensive,1,0.9700,6,811
16983,2714681,defensive,1,0.9700,6,812
16984,2714775,defensive,1,0.9700,6,813
16985,2714910,defensive,1,0.9700,6,814
16986,2715006,defensive,1,0.9700,6,815
16987,2715130,defensive,1,0.9700,6,816
16988,2715228,defensive,1,0.9700,6,817
16989,2715320,defensive,0,0.9600,6,818
16990,2715463,defensive,1,0.9600,6,819
16991,2715601,defensive,1,0.9600,6,820
16992,2715733,defensive,1,0.9600,6,821
16993,2715868,defensive,1,0.9600,6,822
16994,2715964,defensive,1,0.9600,6,823
16995,2716064,defensive,1,0.9600,6,824
16996,2716183,defensive,1,0.9600,6,825
16997,2716334,defensive,1,0.9600,6,826
16998,2716453,defensive,1,0.9600,6,827
16999,2716549,defensive,1,0.9600,6,828
17000,2716698,defensive,1,0.9600,6,829
17001,2716790,defensive,0,0.9500,6,830
17002,2716947,defensive,1,0.9500,6,831
17003,2717118,defensive,1,0.9500,6,832
17004,2717293,defensive,1,0.9500,6,833
17005,2717423,defensive,1,0.9500,6,834
17006,2717601,defensive,1,0.9500,6,835
17007,2717790,defensive,1,0.9500,6,836
17008,2717885,defensive,1,0.9500,6,837
17009,2718011,defensive,1,0.9500,6,838
17010,2718169,defensive,1,0.9500,6,839
17011,2718304,defensive,1,0.9500,6,840
17012,2718439,defensive,1,0.9500,6,841
17013,2718576,defensive,1,0.9500,6,842
17014,2718700,defensive,1,0.9500,6,843
17015,2718792,defensive,1,0.9500,6,844
17016,2718918,defensive,1,0.9500,6,845
17017,2719047,defensive,1,0.9500,6,846
17018,2719190,defensive,1,0.9500,6,847
17019,2719319,defensive,1,0.9500,6,848
17020,2719419,defensive,1,0.9500,6,849
17021,2719519,defensive,1,0.9500,6,850
17022,2719677,defensive,1,0.9500,6,851
17023,2719930,defensive,1,0.9500,6,852
17024,2720065,defensive,1,0.9500,6,853
17025,2720192,defensive,1,0.9500,6,854
17026,2720322,defensive,1,0.9500,6,855
17027,2720447,defensive,1,0.9500,6,856
17028,2720573,defensive,1,0.9600,6,857
17029,2720700,defensive,1,0.9600,6,858
17030,2720795,defensive,1,0.9600,6,859
17031,2720928,defensive,1,0.9600,6,860
17032,2721093,defensive,1,0.9600,6,861
17033,2721183,defensive,1,0.9600,6,862
17034,2721281,defensive,1,0.9600,6,863
17035,2721438,defensive,1,0.9600,6,864
17036,2721560,defensive,1,0.9600,6,865
17037,2721708,defensive,1,0.9600,6,866
17038,2721848,defensive,1,0.9600,6,867
17039,2722091,defensive,1,0.9600,6,868
17040,2722230,defensive,1,0.9600,6,869
17041,2722355,defensive,1,0.9600,6,870
17042,2722510,defensive,1,0.9600,6,871
17043,2722672,defensive,1,0.9600,6,872
17044,2722826,defensive,1,0.9600,6,873
17045,2722948,defensive,1,0.9600,6,874
17046,2723086,defensive,1,0.9600,6,875
17047,2723248,defensive,1,0.9600,6,876
17048,2723376,defensive,1,0.9600,6,877
17049,2723604,defensive,1,0.9600,6,878
17050,2723696,defensive,1,0.9600,6,879
17051,2723818,defensive,1,0.9600,6,880
17052,2723954,defensive,1,0.9600,6,881
17053,2724053,defensive,1,0.9600,6,882
17054,2724175,defensive,1,0.9600,6,883
17055,2724310,defensive,1,0.9600,6,884
17056,2724433,defensive,1,0.9700,6,885
17057,2724553,defensive,1,0.9700,6,886
17058,2724784,defensive,1,0.9700,6,887
17059,2724943,defensive,1,0.9700,6,888
17060,2725142,defensive,1,0.9700,6,889
17061,2725402,defensive,0,0.9600,6,890
17062,2725496,defensive,1,0.9600,6,891
17063,2725634,defensive,1,0.9600,6,892
17064,2725753,defensive,1,0.9600,6,893
17065,2725882,defensive,1,0.9700,6,894
17066,2726010,defensive,1,0.9700,6,895
17067,2726209,defensive,1,0.9700,6,896
17068,2726334,defensive,1,0.9700,6,897
17069,2726447,defensive,1,0.9700,6,898
17070,2726575,defensive,1,0.9700,6,899
17071,2726712,defensive,1,0.9700,6,900
17072,2726839,defensive,1,0.9700,6,901
17073,2726993,defensive,1,0.9700,6,902
17074,2727132,defensive,1,0.9700,6,903
17075,2727257,defensive,1,0.9700,6,904
17076,2727389,defensive,1,0.9700,6,905
17077,2727549,defensive,1,0.9700,6,906
17078,2727674,defensive,1,0.9700,6,907
17079,2727802,defensive,1,0.9700,6,908
17080,2727934,defensive,1,0.9700,6,909
17081,2728239,defensive,1,0.9700,6,910
17082,2728362,defensive,1,0.9700,6,911
17083,2728484,defensive,1,0.9700,6,912
17084,2728582,defensive,1,0.9700,6,913
17085,2728702,defensive,1,0.9700,6,914
17086,2728852,defensive,1,0.9700,6,915
17087,2728969,defensive,1,0.9700,6,916
17088,2729094,defensive,1,0.9700,6,917
17089,2729219,defensive,1,0.9800,6,918
17090,2729339,defensive,1,0.9800,6,919
17091,2729468,defensive,1,0.9800,6,920
17092,2729614,defensive,1,0.9800,6,921
17093,2729755,defensive,1,0.9800,6,922
17094,2729851,defensive,1,0.9800,6,923
17095,2729947,defensive,0,0.9700,6,924
17096,2730039,defensive,1,0.9700,6,925
17097,2730133,defensive,1,0.9700,6,926
17098,2730273,defensive,1,0.9700,6,927
17099,2730395,defensive,1,0.9700,6,928
17100,2730528,defensive,1,0.9700,6,929
17101,2730653,defensive,1,0.9800,6,930
17102,2730783,defensive,1,0.9800,6,931
17103,2730879,defensive,0,0.9700,6,932
17104,2730999,defensive,1,0.9700,6,933
17105,2731122,defensive,1,0.9700,6,934
17106,2731253,defensive,1,0.9700,6,935
17107,2731377,defensive,1,0.9700,6,936
17108,2731498,defensive,1,0.9700,6,937
17109,2731603,defensive,0,0.9600,6,938
17110,2731753,defensive,1,0.9600,6,939
17111,2731885,defensive,1,0.9600,6,940
17112,2732010,defensive,1,0.9600,6,941
17113,2732171,defensive,1,0.9600,6,942
17114,2732264,defensive,1,0.9600,6,943
17115,2732390,defensive,1,0.9600,6,944
17116,2732518,defensive,1,0.9600,6,945
17117,2732637,defensive,1,0.9600,6,946
17118,2732756,defensive,1,0.9600,6,947
17119,2732917,defensive,1,0.9600,6,948
17120,2733055,defensive,1,0.9600,6,949
17121,2733199,defensive,1,0.9600,6,950
17122,2733292,defensive,0,0.9500,6,951
17123,2733416,defensive,1,0.9500,6,952
17124,2733546,defensive,1,0.9500,6,953
17125,2733669,defensive,1,0.9500,6,954
17126,2733790,defensive,1,0.9500,6,955
17127,2733885,defensive,1,0.9500,6,956
17128,2734027,defensive,1,0.9500,6,957
17129,2734272,defensive,1,0.9500,6,958
17130,2734371,defensive,0,0.9400,6,959
17131,2734503,defensive,1,0.9400,6,960
17132,2734625,defensive,1,0.9400,6,961
17133,2734878,defensive,1,0.9400,6,962
17134,2735022,defensive,1,0.9400,6,963
17135,2735186,defensive,1,0.9400,6,964
17136,2735308,defensive,1,0.9400,6,965
17137,2735433,defensive,1,0.9400,6,966
17138,2735531,defensive,1,0.9400,6,967
17139,2735651,defensive,1,0.9400,6,968
17140,2735748,defensive,1,0.9400,6,969
17141,2735902,defensive,1,0.9400,6,970
17142,2736046,defensive,1,0.9400,6,971
17143,2736214,defensive,1,0.9400,6,972
17144,2736352,defensive,1,0.9400,6,973
17145,2736475,defensive,1,0.9400,6,974
17146,2736619,defensive,1,0.9400,6,975
17147,2736748,defensive,1,0.9400,6,976
17148,2736925,defensive,1,0.9400,6,977
17149,2737049,defensive,1,0.9400,6,978
17150,2737205,defensive,1,0.9400,6,979
17151,2737299,defensive,1,0.9400,6,980
17152,2737425,defensive,1,0.9400,6,981
17153,2737599,defensive,1,0.9400,6,982
17154,2737744,defensive,1,0.9400,6,983
17155,2737867,defensive,1,0.9400,6,984
17156,2737982,defensive,1,0.9400,6,985
17157,2738106,defensive,1,0.9400,6,986
17158,2738230,defensive,1,0.9400,6,987
17159,2738502,defensive,1,0.9400,6,988
17160,2738641,defensive,1,0.9400,6,989
17161,2738737,defensive,1,0.9500,6,990
17162,2738832,defensive,1,0.9500,6,991
17163,2738970,defensive,1,0.9500,6,992
17164,2739102,defensive,1,0.9500,6,993
17165,2739289,defensive,1,0.9500,6,994
17166,2739412,defensive,1,0.9500,6,995
17167,2739535,defensive,1,0.9500,6,996
17168,2739631,defensive,1,0.9500,6,997
17169,2739724,defensive,1,0.9500,6,998
17170,2739845,defensive,1,0.9500,6,999
17171,2740011,defensive,1,0.9500,6,1000
17172,2740145,defensive,1,0.9500,6,1001
17173,2740246,defensive,1,0.9500,6,1002
17174,2740383,defensive,1,0.9500,6,1003
17175,2740479,defensive,1,0.9500,6,1004
17176,2740626,defensive,1,0.9500,6,1005
17177,2740749,defensive,1,0.9500,6,1006
17178,2740886,defensive,1,0.9500,6,1007
17179,2741013,defensive,1,0.9500,6,1008
17180,2741135,defensive,1,0.9500,6,1009
17181,2741258,defensive,1,0.9500,6,1010
17182,2741431,defensive,1,0.9500,6,1011
17183,2741561,defensive,1,0.9500,6,1012
17184,2741686,defensive,1,0.9500,6,1013
17185,2741879,defensive,1,0.9500,6,1014
17186,2741999,defensive,1,0.9500,6,1015
17187,2742355,defensive,1,0.9500,6,1016
17188,2742526,defensive,1,0.9500,6,1017
17189,2742649,defensive,1,0.9500,6,1018
17190,2742747,defensive,1,0.9500,6,1019
17191,2742870,defensive,1,0.9500,6,1020
17192,2743042,defensive,1,0.9500,6,1021
17193,2743196,defensive,1,0.9500,6,1022
17194,2743293,defensive,0,0.9400,6,1023
17195,2743415,defensive,1,0.9500,6,1024
17196,2743560,defensive,1,0.9500,6,1025
17197,2743698,defensive,1,0.9500,6,1026
17198,2743828,defensive,1,0.9500,6,1027
17199,2743951,defensive,1,0.9500,6,1028
17200,2744075,defensive,1,0.9500,6,1029
17201,2744214,defensive,1,0.9500,6,1030
17202,2744346,defensive,1,0.9500,6,1031
17203,2744469,defensive,1,0.9600,6,1032
17204,2744598,defensive,1,0.9600,6,1033
17205,2744732,defensive,1,0.9600,6,1034
17206,2744907,defensive,1,0.9600,6,1035
17207,2745097,defensive,1,0.9600,6,1036
17208,2745220,defensive,1,0.9600,6,1037
17209,2745360,defensive,1,0.9700,6,1038
17210,2745494,defensive,1,0.9700,6,1039
17211,2745640,defensive,1,0.9700,6,1040
17212,2745764,defensive,1,0.9700,6,1041
17213,2745888,defensive,1,0.9700,6,1042
17214,2746011,defensive,1,0.9700,6,1043
17215,2746176,defensive,1,0.9700,6,1044
17216,2746296,defensive,1,0.9700,6,1045
17217,2746419,defensive,1,0.9700,6,1046
17218,2746549,defensive,1,0.9700,6,1047
17219,2746672,defensive,1,0.9700,6,1048
17220,2746766,defensive,1,0.9700,6,1049
17221,2746908,defensive,1,0.9700,6,1050
17222,2747054,defensive,1,0.9800,6,1051
17223,2747208,defensive,1,0.9800,6,1052
17224,2747353,defensive,1,0.9800,6,1053
17225,2747477,defensive,1,0.9800,6,1054
17226,2747602,defensive,1,0.9800,6,1055
17227,2747726,defensive,1,0.9800,6,1056
17228,2749078,defensive,1,0.9800,6,1057
17229,2749216,defensive,1,0.9800,6,1058
17230,2749340,defensive,1,0.9900,6,1059
17231,2749469,defensive,1,0.9900,6,1060
17232,2749590,defensive,1,0.9900,6,1061
17233,2749710,defensive,1,0.9900,6,1062
17234,2749806,defensive,0,0.9800,6,1063
17235,2749935,defensive,1,0.9800,6,1064
17236,2750174,defensive,1,0.9800,6,1065
17237,2750274,defensive,1,0.9800,6,1066
17238,2750428,defensive,1,0.9800,6,1067
17239,2750547,defensive,1,0.9800,6,1068
17240,2750665,defensive,1,0.9800,6,1069
17241,2750770,defensive,0,0.9700,6,1070
17242,2750908,defensive,1,0.9700,6,1071
17243,2751054,defensive,1,0.9700,6,1072
17244,2751148,defensive,1,0.9700,6,1073
17245,2751269,defensive,1,0.9700,6,1074
17246,2751399,defensive,1,0.9700,6,1075
17247,2751523,defensive,1,0.9700,6,1076
17248,2751666,defensive,1,0.9700,6,1077
17249,2751797,defensive,1,0.9700,6,1078
17250,2751915,defensive,1,0.9700,6,1079
17251,2752048,defensive,1,0.9700,6,1080
17252,2752191,defensive,1,0.9700,6,1081
17253,2752331,defensive,1,0.9700,6,1082
17254,2752457,defensive,1,0.9700,6,1083
17255,2752574,defensive,1,0.9700,6,1084
17256,2752695,defensive,1,0.9700,6,1085
17257,2752835,defensive,1,0.9700,6,1086
17258,2752960,defensive,1,0.9700,6,1087
17259,2753100,defensive,1,0.9700,6,1088
17260,2753232,defensive,1,0.9700,6,1089
17261,2753323,defensive,1,0.9700,6,1090
17262,2753420,defensive,1,0.9700,6,1091
17263,2753554,defensive,1,0.9700,6,1092
17264,2753651,defensive,1,0.9700,6,1093
17265,2753780,defensive,1,0.9700,6,1094
17266,2753928,defensive,1,0.9700,6,1095
17267,2754085,defensive,1,0.9700,6,1096
17268,2754251,defensive,1,0.9700,6,1097
17269,2754405,defensive,1,0.9700,6,1098
17270,2754548,defensive,1,0.9700,6,1099
17271,2754642,defensive,1,0.9700,6,1100
17272,2754784,defensive,1,0.9700,6,1101
17273,2754911,defensive,1,0.9700,6,1102
17274,2755054,defensive,1,0.9700,6,1103
17275,2755180,defensive,1,0.9700,6,1104
17276,2755303,defensive,1,0.9700,6,1105
17277,2755423,defensive,1,0.9700,6,1106
17278,2755544,defensive,1,0.9700,6,1107
17279,2755662,defensive,1,0.9700,6,1108
17280,2755948,defensive,1,0.9700,6,1109
17281,2756095,defensive,1,0.9700,6,1110
17282,2756217,defensive,1,0.9700,6,1111
17283,2756334,defensive,1,0.9700,6,1112
17284,2756456,defensive,1,0.9700,6,1113
17285,2756755,defensive,1,0.9700,6,1114
17286,2756883,defensive,1,0.9700,6,1115
17287,2757017,defensive,1,0.9700,6,1116
17288,2757149,defensive,1,0.9700,6,1117
17289,2757244,defensive,1,0.9700,6,1118
17290,2757387,defensive,1,0.9700,6,1119
17291,2757483,defensive,1,0.9700,6,1120
17292,2757657,defensive,1,0.9700,6,1121
17293,2757780,defensive,1,0.9700,6,1122
17294,2757905,defensive,1,0.9800,6,1123
17295,2758000,defensive,0,0.9700,6,1124
17296,2758137,defensive,1,0.9700,6,1125
17297,2758267,defensive,1,0.9700,6,1126
17298,2758415,defensive,1,0.9700,6,1127
17299,2758541,defensive,1,0.9700,6,1128
17300,2758757,defensive,1,0.9700,6,1129
17301,2758880,defensive,1,0.9700,6,1130
17302,2759021,defensive,1,0.9700,6,1131
17303,2759174,defensive,1,0.9700,6,1132
17304,2759312,defensive,1,0.9700,6,1133
17305,2759442,defensive,1,0.9700,6,1134
17306,2759565,defensive,1,0.9700,6,1135
17307,2759684,defensive,1,0.9700,6,1136
17308,2759807,defensive,1,0.9700,6,1137
17309,2759927,defensive,1,0.9700,6,1138
17310,2760044,defensive,1,0.9700,6,1139
17311,2760141,defensive,1,0.9700,6,1140
17312,2760279,defensive,0,0.9600,6,1141
17313,2760416,defensive,1,0.9600,6,1142
17314,2760560,defensive,1,0.9600,6,1143
17315,2760680,defensive,1,0.9600,6,1144
17316,2760806,defensive,1,0.9600,6,1145
17317,2760899,defensive,1,0.9600,6,1146
17318,2761021,defensive,1,0.9600,6,1147
17319,2761187,defensive,1,0.9600,6,1148
17320,2761342,defensive,1,0.9600,6,1149
17321,2761437,defensive,0,0.9500,6,1150
17322,2761578,defensive,1,0.9500,6,1151
17323,2761728,defensive,1,0.9500,6,1152
17324,2761847,defensive,1,0.9500,6,1153
17325,2761969,defensive,1,0.9500,6,1154
17326,2762111,defensive,1,0.9500,6,1155
17327,2762236,defensive,1,0.9500,6,1156
17328,2762355,defensive,1,0.9500,6,1157
17329,2762475,defensive,1,0.9500,6,1158
17330,2762571,defensive,1,0.9500,6,1159
17331,2762768,defensive,1,0.9500,6,1160
17332,2762898,defensive,1,0.9500,6,1161
17333,2763016,defensive,1,0.9500,6,1162
17334,2763116,defensive,1,0.9600,6,1163
17335,2763250,defensive,1,0.9600,6,1164
17336,2763379,defensive,1,0.9600,6,1165
17337,2763502,defensive,1,0.9600,6,1166
17338,2763602,defensive,1,0.9600,6,1167
17339,2763698,defensive,1,0.9600,6,1168
17340,2763790,defensive,1,0.9600,6,1169
17341,2763920,defensive,1,0.9700,6,1170
17342,2764074,defensive,1,0.9700,6,1171
17343,2764195,defensive,1,0.9700,6,1172
17344,2764313,defensive,1,0.9700,6,1173
17345,2764451,defensive,1,0.9700,6,1174
17346,2764546,defensive,1,0.9700,6,1175
17347,2764666,defensive,1,0.9700,6,1176
17348,2764836,defensive,1,0.9700,6,1177
17349,2764960,defensive,1,0.9700,6,1178
17350,2765111,defensive,1,0.9700,6,1179
17351,2765213,defensive,1,0.9700,6,1180
17352,2765355,defensive,1,0.9700,6,1181
17353,2765484,defensive,1,0.9700,6,1182
17354,2765608,defensive,1,0.9700,6,1183
17355,2765732,defensive,1,0.9700,6,1184
17356,2765862,defensive,1,0.9700,6,1185
17357,2766058,defensive,1,0.9700,6,1186
17358,2766208,defensive,1,0.9700,6,1187
17359,2766439,defensive,1,0.9700,6,1188
17360,2766562,defensive,1,0.9700,6,1189
17361,2766711,defensive,1,0.9700,6,1190
17362,2766934,defensive,1,0.9700,6,1191
17363,2767058,defensive,1,0.9700,6,1192
17364,2767185,defensive,1,0.9700,6,1193
17365,2767324,defensive,1,0.9700,6,1194
17366,2767455,defensive,1,0.9700,6,1195
17367,2767596,defensive,1,0.9700,6,1196
17368,2767694,defensive,0,0.9600,6,1197
17369,2767869,defensive,1,0.9600,6,1198
17370,2767992,defensive,1,0.9600,6,1199
17371,2768128,defensive,1,0.9600,6,1200
17372,2768272,defensive,1,0.9600,6,1201
17373,2768399,defensive,1,0.9600,6,1202
17374,2768496,defensive,1,0.9600,6,1203
17375,2768626,defensive,1,0.9600,6,1204
17376,2768758,defensive,1,0.9600,6,1205
17377,2768875,defensive,1,0.9600,6,1206
17378,2768994,defensive,1,0.9600,6,1207
17379,2769126,defensive,1,0.9600,6,1208
17380,2769273,defensive,1,0.9600,6,1209
17381,2769412,defensive,1,0.9600,6,1210
17382,2769546,defensive,1,0.9600,6,1211
17383,2769685,defensive,1,0.9600,6,1212
17384,2769777,defensive,1,0.9600,6,1213
17385,2769898,defensive,1,0.9600,6,1214
17386,2770049,defensive,1,0.9600,6,1215
17387,2770171,defensive,1,0.9600,6,1216
17388,2770319,defensive,1,0.9600,6,1217
17389,2770504,defensive,1,0.9600,6,1218
17390,2770742,defensive,1,0.9600,6,1219
17391,2770869,defensive,1,0.9600,6,1220
17392,2771020,defensive,1,0.9600,6,1221
17393,2771116,defensive,1,0.9600,6,1222
17394,2771212,defensive,1,0.9600,6,1223
17395,2771359,defensive,1,0.9700,6,1224
17396,2771481,defensive,1,0.9700,6,1225
17397,2771600,defensive,1,0.9700,6,1226
17398,2771733,defensive,1,0.9700,6,1227
17399,2771854,defensive,1,0.9700,6,1228
17400,2771987,defensive,1,0.9700,6,1229
17401,2772085,defensive,0,0.9600,6,1230
17402,2772206,defensive,1,0.9600,6,1231
17403,2772335,defensive,1,0.9600,6,1232
17404,2772448,defensive,1,0.9600,6,1233
17405,2772573,defensive,1,0.9600,6,1234
17406,2772693,defensive,1,0.9600,6,1235
17407,2772827,defensive,1,0.9600,6,1236
17408,2772981,defensive,1,0.9600,6,1237
17409,2773104,defensive,1,0.9600,6,1238
17410,2773228,defensive,1,0.9600,6,1239
17411,2773362,defensive,1,0.9600,6,1240
17412,2773512,defensive,1,0.9700,6,1241
17413,2773637,defensive,1,0.9700,6,1242
17414,2773758,defensive,1,0.9700,6,1243
17415,2773932,defensive,1,0.9700,6,1244
17416,2774055,defensive,1,0.9700,6,1245
17417,2774178,defensive,1,0.9700,6,1246
17418,2774297,defensive,1,0.9700,6,1247
17419,2774415,defensive,1,0.9700,6,1248
17420,2774510,defensive,0,0.9600,6,1249
17421,2774648,defensive,1,0.9700,6,1250
17422,2774786,defensive,1,0.9700,6,1251
17423,2774911,defensive,1,0.9700,6,1252
17424,2775034,defensive,1,0.9700,6,1253
17425,2775209,defensive,1,0.9700,6,1254
17426,2775327,defensive,1,0.9700,6,1255
17427,2775451,defensive,1,0.9700,6,1256
17428,2775575,defensive,1,0.9700,6,1257
17429,2775700,defensive,1,0.9700,6,1258
17430,2775823,defensive,1,0.9700,6,1259
17431,2775956,defensive,1,0.9700,6,1260
17432,2776079,defensive,1,0.9700,6,1261
17433,2776206,defensive,1,0.9700,6,1262
17434,2776327,defensive,1,0.9700,6,1263
17435,2776449,defensive,1,0.9700,6,1264
17436,2776608,defensive,1,0.9700,6,1265
17437,2776747,defensive,1,0.9700,6,1266
17438,2776873,defensive,1,0.9700,6,1267
17439,2778225,defensive,1,0.9700,6,1268
17440,2778358,defensive,1,0.9700,6,1269
17441,2778493,defensive,1,0.9700,6,1270
17442,2778615,defensive,1,0.9700,6,1271
17443,2778764,defensive,1,0.9700,6,1272
17444,2778890,defensive,1,0.9700,6,1273
17445,2778986,defensive,1,0.9700,6,1274
17446,2779114,defensive,1,0.9700,6,1275
17447,2779263,defensive,1,0.9700,6,1276
17448,2779402,defensive,1,0.9700,6,1277
17449,2779519,defensive,1,0.9700,6,1278
17450,2779647,defensive,1,0.9700,6,1279
17451,2779793,defensive,1,0.9700,6,1280
17452,2779936,defensive,1,0.9700,6,1281
17453,2780063,defensive,1,0.9700,6,1282
17454,2780249,defensive,1,0.9700,6,1283
17455,2780386,defensive,1,0.9700,6,1284
17456,2780532,defensive,1,0.9700,6,1285
17457,2780679,defensive,1,0.9700,6,1286
17458,2780814,defensive,1,0.9700,6,1287
17459,2780976,defensive,1,0.9700,6,1288
17460,2781095,defensive,1,0.9700,6,1289
17461,2781253,defensive,1,0.9700,6,1290
17462,2781374,defensive,1,0.9700,6,1291
17463,2781494,defensive,0,0.9600,6,1292
17464,2781622,defensive,1,0.9600,6,1293
17465,2781744,defensive,1,0.9600,6,1294
17466,2781866,defensive,1,0.9600,6,1295
17467,2782039,defensive,1,0.9600,6,1296
17468,2782132,defensive,1,0.9700,6,1297
17469,2782258,defensive,1,0.9700,6,1298
17470,2782395,defensive,1,0.9700,6,1299
17471,2782533,defensive,1,0.9700,6,1300
17472,2782638,defensive,0,0.9600,6,1301
17473,2782762,defensive,1,0.9600,6,1302
17474,2782903,defensive,1,0.9600,6,1303
17475,2783031,defensive,1,0.9600,6,1304
17476,2783128,defensive,1,0.9600,6,1305
17477,2783258,defensive,1,0.9600,6,1306
17478,2783384,defensive,1,0.9600,6,1307
17479,2783504,defensive,1,0.9600,6,1308
17480,2783619,defensive,1,0.9600,6,1309
17481,2783765,defensive,1,0.9600,6,1310
17482,2785117,defensive,1,0.9600,6,1311
17483,2785239,defensive,1,0.9600,6,1312
17484,2785332,defensive,1,0.9600,6,1313
17485,2785457,defensive,1,0.9600,6,1314
17486,2785583,defensive,1,0.9600,6,1315
17487,2785674,defensive,0,0.9500,6,1316
17488,2785815,defensive,1,0.9500,6,1317
17489,2785960,defensive,1,0.9500,6,1318
17490,2786114,defensive,1,0.9500,6,1319
17491,2786303,defensive,1,0.9500,6,1320
17492,2786430,defensive,1,0.9500,6,1321
17493,2786554,defensive,1,0.9500,6,1322
17494,2786689,defensive,1,0.9500,6,1323
17495,2786870,defensive,1,0.9500,6,1324
17496,2786991,defensive,1,0.9500,6,1325
17497,2787117,defensive,1,0.9500,6,1326
17498,2787214,defensive,1,0.9500,6,1327
17499,2787308,defensive,1,0.9500,6,1328
17500,2787461,defensive,1,0.9500,6,1329
17501,2787582,defensive,1,0.9600,6,1330
17502,2787733,defensive,1,0.9600,6,1331
17503,2787876,defensive,1,0.9600,6,1332
17504,2788002,defensive,1,0.9600,6,1333
17505,2788127,defensive,1,0.9600,6,1334
17506,2788263,defensive,1,0.9600,6,1335
17507,2788387,defensive,1,0.9600,6,1336
17508,2788522,defensive,1,0.9600,6,1337
17509,2788655,defensive,1,0.9600,6,1338
17510,2788777,defensive,1,0.9600,6,1339
17511,2788866,defensive,1,0.9600,6,1340
17512,2788988,defensive,1,0.9600,6,1341
17513,2789116,defensive,1,0.9600,6,1342
17514,2789208,defensive,1,0.9600,6,1343
17515,2789342,defensive,1,0.9600,6,1344
17516,2789462,defensive,1,0.9600,6,1345
17517,2789585,defensive,1,0.9600,6,1346
17518,2789706,defensive,1,0.9600,6,1347
17519,2789801,defensive,1,0.9600,6,1348
17520,2789939,defensive,1,0.9700,6,1349
17521,2790058,defensive,1,0.9700,6,1350
17522,2790159,defensive,1,0.9700,6,1351
17523,2790281,defensive,1,0.9700,6,1352
17524,2790404,defensive,1,0.9700,6,1353
17525,2790535,defensive,1,0.9700,6,1354
17526,2790688,defensive,1,0.9700,6,1355
17527,2790807,defensive,1,0.9700,6,1356
17528,2790957,defensive,1,0.9700,6,1357
17529,2791076,defensive,1,0.9700,6,1358
17530,2791203,defensive,1,0.9700,6,1359
17531,2791337,defensive,1,0.9700,6,1360
17532,2791486,defensive,1,0.9700,6,1361
17533,2791611,defensive,1,0.9700,6,1362
17534,2791744,defensive,1,0.9700,6,1363
17535,2791869,defensive,1,0.9700,6,1364
17536,2791992,defensive,1,0.9700,6,1365
17537,2792186,defensive,1,0.9700,6,1366
17538,2792324,defensive,1,0.9700,6,1367
17539,2792467,defensive,1,0.9700,6,1368
17540,2792659,defensive,1,0.9700,6,1369
17541,2792886,defensive,1,0.9700,6,1370
17542,2793005,defensive,1,0.9700,6,1371
17543,2793179,defensive,1,0.9700,6,1372
17544,2793355,defensive,1,0.9700,6,1373
17545,2793479,defensive,1,0.9700,6,1374
17546,2793635,defensive,1,0.9700,6,1375
17547,2793766,defensive,1,0.9700,6,1376
17548,2793906,defensive,1,0.9700,6,1377
17549,2794052,defensive,1,0.9700,6,1378
17550,2794176,defensive,1,0.9700,6,1379
17551,2794494,defensive,1,0.9700,6,1380
17552,2794639,defensive,1,0.9700,6,1381
17553,2794761,defensive,1,0.9700,6,1382
17554,2794893,defensive,1,0.9700,6,1383
17555,2795030,defensive,1,0.9700,6,1384
17556,2795174,defensive,1,0.9700,6,1385
17557,2795305,defensive,1,0.9700,6,1386
17558,2795438,defensive,1,0.9700,6,1387
17559,2795533,defensive,1,0.9700,6,1388
17560,2795688,defensive,1,0.9700,6,1389
17561,2795824,defensive,1,0.9700,6,1390
17562,2795967,defensive,1,0.9700,6,1391
17563,2796097,defensive,1,0.9800,6,1392
17564,2796239,defensive,1,0.9800,6,1393
17565,2796440,defensive,1,0.9800,6,1394
17566,2796562,defensive,1,0.9800,6,1395
17567,2796690,defensive,1,0.9800,6,1396
17568,2796834,defensive,1,0.9800,6,1397
17569,2796928,defensive,1,0.9800,6,1398
17570,2797067,defensive,1,0.9800,6,1399
17571,2797192,defensive,1,0.9800,6,1400
17572,2797334,defensive,1,0.9900,6,1401
17573,2797472,defensive,1,0.9900,6,1402
17574,2797616,defensive,1,0.9900,6,1403
17575,2797709,defensive,1,0.9900,6,1404
17576,2797856,defensive,1,0.9900,6,1405
17577,2797979,defensive,1,0.9900,6,1406
17578,2798103,defensive,1,0.9900,6,1407
17579,2798250,defensive,1,0.9900,6,1408
17580,2798382,defensive,1,0.9900,6,1409
17581,2798514,defensive,1,0.9900,6,1410
17582,2798659,defensive,1,0.9900,6,1411
17583,2798814,defensive,1,0.9900,6,1412
17584,2798939,defensive,1,0.9900,6,1413
17585,2799092,defensive,1,0.9900,6,1414
17586,2799213,defensive,1,0.9900,6,1415
17587,2799347,defensive,1,1.0000,6,1416
17588,2799469,defensive,1,1.0000,6,1417
17589,2799559,defensive,0,0.9900,6,1418
17590,2799731,defensive,1,0.9900,6,1419
17591,2799845,defensive,0,0.9800,6,1420
17592,2799975,defensive,1,0.9800,6,1421
17593,2800101,defensive,1,0.9800,6,1422
17594,2800223,defensive,1,0.9800,6,1423
17595,2800351,defensive,1,0.9800,6,1424
17596,2800494,defensive,1,0.9800,6,1425
17597,2800615,defensive,1,0.9800,6,1426
17598,2800775,defensive,1,0.9800,6,1427
17599,2800931,defensive,1,0.9800,6,1428
17600,2801053,defensive,1,0.9800,6,1429
17601,2801177,defensive,1,0.9800,6,1430
17602,2801306,defensive,1,0.9800,6,1431
17603,2801456,defensive,1,0.9800,6,1432
17604,2801577,defensive,1,0.9800,6,1433
17605,2801704,defensive,1,0.9800,6,1434
17606,2801824,defensive,1,0.9800,6,1435
17607,2802101,defensive,0,0.9700,6,1436
17608,2802256,defensive,1,0.9700,6,1437
17609,2802378,defensive,1,0.9700,6,1438
17610,2802500,defensive,1,0.9700,6,1439
17611,2802591,defensive,0,0.9600,6,1440
17612,2802718,defensive,1,0.9600,6,1441
17613,2802875,defensive,1,0.9600,6,1442
17614,2803001,defensive,1,0.9600,6,1443
17615,2803122,defensive,1,0.9600,6,1444
17616,2803245,defensive,1,0.9600,6,1445
17617,2803419,defensive,1,0.9600,6,1446
17618,2803546,defensive,1,0.9600,6,1447
17619,2803797,defensive,1,0.9600,6,1448
17620,2803926,defensive,1,0.9600,6,1449
17621,2804020,defensive,1,0.9600,6,1450
17622,2804159,defensive,1,0.9600,6,1451
17623,2804282,defensive,1,0.9600,6,1452
17624,2804406,defensive,1,0.9600,6,1453
17625,2804502,defensive,1,0.9600,6,1454
17626,2804626,defensive,1,0.9600,6,1455
17627,2804748,defensive,1,0.9600,6,1456
17628,2804865,defensive,1,0.9600,6,1457
17629,2804964,defensive,1,0.9600,6,1458
17630,2805091,defensive,1,0.9600,6,1459
17631,2805286,defensive,1,0.9600,6,1460
17632,2805405,defensive,1,0.9600,6,1461
17633,2805544,defensive,1,0.9600,6,1462
17634,2805672,defensive,1,0.9600,6,1463
17635,2805811,defensive,1,0.9600,6,1464
17636,2805936,defensive,1,0.9600,6,1465
17637,2806136,defensive,1,0.9600,6,1466
17638,2806262,defensive,1,0.9600,6,1467
17639,2806391,defensive,1,0.9600,6,1468
17640,2806493,defensive,1,0.9600,6,1469
17641,2806586,defensive,1,0.9600,6,1470
17642,2806707,defensive,1,0.9600,6,1471
17643,2806844,defensive,1,0.9600,6,1472
17644,2806939,defensive,1,0.9600,6,1473
17645,2807856,defensive,1,0.9600,6,1474
17646,2807999,defensive,1,0.9600,6,1475
17647,2808146,defensive,1,0.9600,6,1476
17648,2808240,defensive,1,0.9600,6,1477
17649,2808336,defensive,1,0.9600,6,1478
17650,2808474,defensive,1,0.9600,6,1479
17651,2808597,defensive,1,0.9600,6,1480
17652,2808801,defensive,1,0.9600,6,1481
17653,2808899,defensive,1,0.9600,6,1482
17654,2809035,defensive,1,0.9600,6,1483
17655,2809158,defensive,1,0.9600,6,1484
17656,2809279,defensive,1,0.9600,6,1485
17657,2809373,defensive,1,0.9600,6,1486
17658,2809549,defensive,1,0.9600,6,1487
17659,2809672,defensive,1,0.9600,6,1488
17660,2809766,defensive,1,0.9600,6,1489
17661,2809887,defensive,1,0.9600,6,1490
17662,2810066,defensive,1,0.9600,6,1491
17663,2810189,defensive,1,0.9600,6,1492
17664,2810317,defensive,1,0.9600,6,1493
17665,2810443,defensive,1,0.9600,6,1494
17666,2810570,defensive,1,0.9600,6,1495
17667,2810691,defensive,1,0.9600,6,1496
17668,2810938,defensive,1,0.9600,6,1497
17669,2811156,defensive,1,0.9600,6,1498
17670,2811281,defensive,1,0.9600,6,1499
17671,2811408,defensive,1,0.9600,6,1500
17672,2811502,defensive,1,0.9600,6,1501
17673,2811633,defensive,1,0.9600,6,1502
17674,2811755,defensive,1,0.9600,6,1503
17675,2811885,defensive,1,0.9600,6,1504
17676,2812019,defensive,1,0.9600,6,1505
17677,2812164,defensive,1,0.9600,6,1506
17678,2812301,defensive,1,0.9600,6,1507
17679,2812476,defensive,1,0.9600,6,1508
17680,2812609,defensive,1,0.9600,6,1509
17681,2812734,defensive,1,0.9600,6,1510
17682,2812870,defensive,1,0.9600,6,1511
17683,2812993,defensive,1,0.9600,6,1512
17684,2813116,defensive,1,0.9600,6,1513
17685,2813235,defensive,1,0.9600,6,1514
17686,2813364,defensive,1,0.9600,6,1515
17687,2813464,defensive,1,0.9600,6,1516
17688,2813610,defensive,1,0.9600,6,1517
17689,2813749,defensive,1,0.9700,6,1518
17690,2813892,defensive,1,0.9700,6,1519
17691,2814072,defensive,1,0.9800,6,1520
17692,2814196,defensive,1,0.9800,6,1521
17693,2814333,defensive,1,0.9800,6,1522
17694,2814429,defensive,1,0.9800,6,1523
17695,2814558,defensive,1,0.9800,6,1524
17696,2814692,defensive,1,0.9800,6,1525
17697,2814789,defensive,1,0.9800,6,1526
17698,2814946,defensive,1,0.9800,6,1527
17699,2815039,defensive,1,0.9800,6,1528
17700,2815157,defensive,1,0.9800,6,1529
17701,2815283,defensive,1,0.9800,6,1530
17702,2815429,defensive,1,0.9800,6,1531
17703,2815523,defensive,0,0.9700,6,1532
17704,2815648,defensive,1,0.9700,6,1533
17705,2815772,defensive,1,0.9700,6,1534
17706,2815891,defensive,1,0.9700,6,1535
17707,2815987,defensive,1,0.9800,6,1536
17708,2816113,defensive,1,0.9800,6,1537
17709,2816240,defensive,1,0.9800,6,1538
17710,2816373,defensive,1,0.9800,6,1539
17711,2816492,defensive,1,0.9900,6,1540
17712,2816587,defensive,1,0.9900,6,1541
17713,2816745,defensive,1,0.9900,6,1542
17714,2816907,defensive,1,0.9900,6,1543
17715,2817035,defensive,1,0.9900,6,1544
17716,2817171,defensive,1,0.9900,6,1545
17717,2817304,defensive,1,0.9900,6,1546
17718,2817426,defensive,1,0.9900,6,1547
17719,2817553,defensive,1,0.9900,6,1548
17720,2817673,defensive,1,0.9900,6,1549
17721,2817829,defensive,1,0.9900,6,1550
17722,2817955,defensive,1,0.9900,6,1551
17723,2818083,defensive,1,0.9900,6,1552
17724,2818274,defensive,1,0.9900,6,1553
17725,2818428,defensive,1,0.9900,6,1554
17726,2818552,defensive,1,0.9900,6,1555
17727,2818674,defensive,1,0.9900,6,1556
17728,2818817,defensive,1,0.9900,6,1557
17729,2818944,defensive,1,0.9900,6,1558
17730,2819134,defensive,1,0.9900,6,1559
17731,2819258,defensive,1,0.9900,6,1560
17732,2819384,defensive,1,0.9900,6,1561
17733,2819527,defensive,1,0.9900,6,1562
17734,2819657,defensive,1,0.9900,6,1563
17735,2819786,defensive,1,0.9900,6,1564
17736,2819976,defensive,1,0.9900,6,1565
17737,2820110,defensive,1,0.9900,6,1566
17738,2820245,defensive,1,0.9900,6,1567
17739,2820377,defensive,1,0.9900,6,1568
17740,2820475,defensive,1,0.9900,6,1569
17741,2820602,defensive,1,0.9900,6,1570
17742,2820729,defensive,1,0.9900,6,1571
17743,2820884,defensive,1,0.9900,6,1572
17744,2821030,defensive,1,0.9900,6,1573
17745,2821258,defensive,1,0.9900,6,1574
17746,2821376,defensive,1,0.9900,6,1575
17747,2821506,defensive,1,0.9900,6,1576
17748,2821629,defensive,1,0.9900,6,1577
17749,2821783,defensive,1,0.9900,6,1578
17750,2821937,defensive,1,0.9900,6,1579
17751,2822100,defensive,1,0.9900,6,1580
17752,2822234,defensive,1,0.9900,6,1581
17753,2822363,defensive,1,0.9900,6,1582
17754,2822486,defensive,1,0.9900,6,1583
17755,2822613,defensive,1,0.9900,6,1584
17756,2822749,defensive,1,0.9900,6,1585
17757,2822847,defensive,0,0.9800,6,1586
17758,2822982,defensive,1,0.9800,6,1587
17759,2823117,defensive,1,0.9800,6,1588
17760,2823238,defensive,1,0.9800,6,1589
17761,2823333,defensive,1,0.9800,6,1590
17762,2823488,defensive,1,0.9800,6,1591
17763,2823612,defensive,1,0.9800,6,1592
17764,2823740,defensive,1,0.9800,6,1593
17765,2823863,defensive,1,0.9800,6,1594
17766,2824007,defensive,1,0.9800,6,1595
17767,2824141,defensive,1,0.9800,6,1596
17768,2824233,defensive,1,0.9800,6,1597
17769,2824367,defensive,1,0.9800,6,1598
17770,2824483,defensive,1,0.9800,6,1599
17771,2824617,defensive,1,0.9800,6,1600
17772,2824786,defensive,1,0.9800,6,1601
17773,2824885,defensive,1,0.9800,6,1602
17774,2825012,defensive,1,0.9800,6,1603
17775,2825146,defensive,1,0.9800,6,1604
17776,2825280,defensive,1,0.9800,6,1605
17777,2825433,defensive,1,0.9800,6,1606
17778,2825564,defensive,1,0.9800,6,1607
17779,2825704,defensive,1,0.9800,6,1608
17780,2825843,defensive,1,0.9800,6,1609
17781,2825973,defensive,1,0.9800,6,1610
17782,2826145,defensive,1,0.9800,6,1611
17783,2826290,defensive,1,0.9800,6,1612
17784,2826415,defensive,1,0.9800,6,1613
17785,2826568,defensive,1,0.9800,6,1614
17786,2826698,defensive,1,0.9800,6,1615
17787,2826865,defensive,1,0.9800,6,1616
17788,2827000,defensive,1,0.9800,6,1617
17789,2827129,defensive,1,0.9800,6,1618
17790,2827300,defensive,1,0.9800,6,1619
17791,2827454,defensive,1,0.9800,6,1620
17792,2827585,defensive,1,0.9800,6,1621
17793,2827704,defensive,1,0.9800,6,1622
17794,2827831,defensive,1,0.9800,6,1623
17795,2827993,defensive,1,0.9800,6,1624
17796,2828122,defensive,1,0.9800,6,1625
17797,2828246,defensive,1,0.9800,6,1626
17798,2828365,defensive,1,0.9800,6,1627
17799,2828492,defensive,1,0.9800,6,1628
17800,2828612,defensive,1,0.9800,6,1629
17801,2828736,defensive,1,0.9800,6,1630
17802,2828892,defensive,1,0.9800,6,1631
17803,2829053,defensive,1,0.9900,6,1632
17804,2829174,defensive,1,0.9900,6,1633
17805,2829300,defensive,1,0.9900,6,1634
17806,2829443,defensive,1,0.9900,6,1635
17807,2829568,defensive,1,0.9900,6,1636
17808,2829747,defensive,1,0.9900,6,1637
17809,2829888,defensive,1,0.9900,6,1638
17810,2829989,defensive,1,0.9900,6,1639
17811,2830108,defensive,1,0.9900,6,1640
17812,2830231,defensive,1,0.9900,6,1641
17813,2830354,defensive,1,0.9900,6,1642
17814,2830478,defensive,1,0.9900,6,1643
17815,2830600,defensive,1,0.9900,6,1644
17816,2830734,defensive,1,0.9900,6,1645
17817,2830861,defensive,1,0.9900,6,1646
17818,2830998,defensive,1,0.9900,6,1647
17819,2831131,defensive,1,0.9900,6,1648
17820,2831307,defensive,1,0.9900,6,1649
17821,2831452,defensive,1,0.9900,6,1650
17822,2831642,defensive,1,0.9900,6,1651
17823,2831762,defensive,1,0.9900,6,1652
17824,2831900,defensive,1,0.9900,6,1653
17825,2832039,defensive,1,0.9900,6,1654
17826,2832162,defensive,1,0.9900,6,1655
17827,2832287,defensive,1,0.9900,6,1656
17828,2832415,defensive,1,0.9900,6,1657
17829,2832552,defensive,1,0.9900,6,1658
17830,2832672,defensive,1,0.9900,6,1659
17831,2832865,defensive,1,0.9900,6,1660
17832,2832955,defensive,0,0.9800,6,1661
17833,2833085,defensive,1,0.9800,6,1662
17834,2833220,defensive,1,0.9800,6,1663
17835,2833317,defensive,1,0.9800,6,1664
17836,2833435,defensive,1,0.9800,6,1665
17837,2833557,defensive,1,0.9800,6,1666
17838,2833685,defensive,1,0.9800,6,1667
17839,2833818,defensive,1,0.9800,6,1668
17840,2833913,defensive,1,0.9800,6,1669
17841,2834048,defensive,1,0.9800,6,1670
17842,2834194,defensive,1,0.9800,6,1671
17843,2834332,defensive,1,0.9800,6,1672
17844,2834465,defensive,1,0.9800,6,1673
17845,2834584,defensive,1,0.9800,6,1674
17846,2834708,defensive,1,0.9800,6,1675
17847,2834833,defensive,1,0.9800,6,1676
17848,2834929,defensive,1,0.9800,6,1677
17849,2835028,defensive,1,0.9800,6,1678
17850,2835171,defensive,1,0.9800,6,1679
17851,2836523,defensive,1,0.9800,6,1680
17852,2836647,defensive,1,0.9800,6,1681
17853,2836885,defensive,1,0.9800,6,1682
17854,2837025,defensive,1,0.9800,6,1683
17855,2837210,defensive,1,0.9800,6,1684
17856,2837332,defensive,1,0.9800,6,1685
17857,2837461,defensive,1,0.9900,6,1686
17858,2837584,defensive,1,0.9900,6,1687
17859,2837707,defensive,1,0.9900,6,1688
17860,2837828,defensive,1,0.9900,6,1689
17861,2837920,defensive,1,0.9900,6,1690
17862,2838076,defensive,1,0.9900,6,1691
17863,2838200,defensive,1,0.9900,6,1692
17864,2838320,defensive,1,0.9900,6,1693
17865,2838458,defensive,1,0.9900,6,1694
17866,2838610,defensive,1,0.9900,6,1695
17867,2838753,defensive,1,0.9900,6,1696
17868,2838901,defensive,1,0.9900,6,1697
17869,2839096,defensive,1,0.9900,6,1698
17870,2839225,defensive,1,0.9900,6,1699
17871,2839352,defensive,1,0.9900,6,1700
17872,2839489,defensive,1,0.9900,6,1701
17873,2839664,defensive,1,0.9900,6,1702
17874,2839787,defensive,1,0.9900,6,1703
17875,2839922,defensive,1,0.9900,6,1704
17876,2840156,defensive,1,0.9900,6,1705
17877,2840255,defensive,1,0.9900,6,1706
17878,2840376,defensive,1,0.9900,6,1707
17879,2840493,defensive,1,0.9900,6,1708
17880,2840611,defensive,1,0.9900,6,1709
17881,2840738,defensive,1,0.9900,6,1710
17882,2840860,defensive,1,0.9900,6,1711
17883,2840954,defensive,1,0.9900,6,1712
17884,2841113,defensive,1,0.9900,6,1713
17885,2841238,defensive,1,0.9900,6,1714
17886,2841367,defensive,1,0.9900,6,1715
17887,2841490,defensive,1,0.9900,6,1716
17888,2841618,defensive,1,0.9900,6,1717
17889,2841741,defensive,1,0.9900,6,1718
17890,2841865,defensive,1,0.9900,6,1719
17891,2841986,defensive,1,0.9900,6,1720
17892,2842106,defensive,1,0.9900,6,1721
17893,2842226,defensive,1,0.9900,6,1722
17894,2842360,defensive,1,0.9900,6,1723
17895,2842491,defensive,1,0.9900,6,1724
17896,2842642,defensive,1,0.9900,6,1725
17897,2842770,defensive,1,0.9900,6,1726
17898,2842938,defensive,1,0.9900,6,1727
17899,2843068,defensive,1,0.9900,6,1728
17900,2843191,defensive,1,0.9900,6,1729
17901,2843325,defensive,1,0.9900,6,1730
17902,2843446,defensive,1,0.9900,6,1731
17903,2843573,defensive,1,0.9900,6,1732
17904,2843694,defensive,1,0.9900,6,1733
17905,2843840,defensive,1,0.9900,6,1734
17906,2843965,defensive,1,0.9900,6,1735
17907,2844124,defensive,1,0.9900,6,1736
17908,2844250,defensive,1,0.9900,6,1737
17909,2844371,defensive,1,0.9900,6,1738
17910,2844498,defensive,1,0.9900,6,1739
17911,2844636,defensive,1,0.9900,6,1740
17912,2844772,defensive,1,0.9900,6,1741
17913,2844868,defensive,1,0.9900,6,1742
17914,2845002,defensive,1,0.9900,6,1743
17915,2845129,defensive,1,0.9900,6,1744
17916,2845253,defensive,1,0.9900,6,1745
17917,2845388,defensive,1,0.9900,6,1746
17918,2845535,defensive,1,0.9900,6,1747
17919,2845658,defensive,1,0.9900,6,1748
17920,2845749,defensive,1,0.9900,6,1749
17921,2845844,defensive,0,0.9800,6,1750
17922,2845993,defensive,1,0.9800,6,1751
17923,2846178,defensive,1,0.9800,6,1752
17924,2846332,defensive,1,0.9800,6,1753
17925,2846448,defensive,1,0.9800,6,1754
17926,2846570,defensive,1,0.9800,6,1755
17927,2846715,defensive,1,0.9800,6,1756
17928,2846836,defensive,1,0.9800,6,1757
17929,2846974,defensive,1,0.9800,6,1758
17930,2847116,defensive,1,0.9800,6,1759
17931,2847252,defensive,1,0.9800,6,1760
17932,2847383,defensive,1,0.9900,6,1761
17933,2847522,defensive,1,0.9900,6,1762
17934,2847660,defensive,1,0.9900,6,1763
17935,2847866,defensive,1,0.9900,6,1764
17936,2847999,defensive,1,0.9900,6,1765
17937,2848098,defensive,0,0.9800,6,1766
17938,2848219,defensive,1,0.9800,6,1767
17939,2848372,defensive,1,0.9800,6,1768
17940,2848495,defensive,1,0.9800,6,1769
17941,2848619,defensive,1,0.9800,6,1770
17942,2848742,defensive,1,0.9800,6,1771
17943,2848896,defensive,1,0.9800,6,1772
17944,2848999,defensive,1,0.9800,6,1773
17945,2849134,defensive,1,0.9800,6,1774
17946,2849259,defensive,1,0.9800,6,1775
17947,2849516,defensive,1,0.9800,6,1776
17948,2849652,defensive,1,0.9800,6,1777
17949,2849784,defensive,1,0.9800,6,1778
17950,2849918,defensive,1,0.9800,6,1779
17951,2850042,defensive,1,0.9800,6,1780
17952,2850175,defensive,1,0.9800,6,1781
17953,2850304,defensive,1,0.9800,6,1782
17954,2850400,defensive,1,0.9800,6,1783
17955,2850561,defensive,1,0.9800,6,1784
17956,2850733,defensive,1,0.9800,6,1785
17957,2850858,defensive,1,0.9800,6,1786
17958,2850984,defensive,1,0.9800,6,1787
17959,2851108,defensive,1,0.9800,6,1788
17960,2851232,defensive,1,0.9800,6,1789
17961,2851357,defensive,1,0.9800,6,1790
17962,2851525,defensive,1,0.9800,6,1791
17963,2851656,defensive,1,0.9800,6,1792
17964,2851773,defensive,1,0.9800,6,1793
17965,2851897,defensive,1,0.9800,6,1794
17966,2852045,defensive,1,0.9800,6,1795
17967,2852199,defensive,1,0.9800,6,1796
17968,2852318,defensive,1,0.9800,6,1797
17969,2852438,defensive,1,0.9800,6,1798
17970,2852571,defensive,1,0.9800,6,1799
17971,2852696,defensive,1,0.9800,6,1800
17972,2852814,defensive,1,0.9800,6,1801
17973,2852935,defensive,1,0.9800,6,1802
17974,2853056,defensive,1,0.9800,6,1803
17975,2853177,defensive,1,0.9800,6,1804
17976,2853305,defensive,1,0.9800,6,1805
17977,2853433,defensive,1,0.9800,6,1806
17978,2853600,defensive,1,0.9800,6,1807
17979,2853740,defensive,1,0.9800,6,1808
17980,2853864,defensive,1,0.9800,6,1809
17981,2853990,defensive,1,0.9800,6,1810
17982,2854116,defensive,1,0.9800,6,1811
17983,2854270,defensive,1,0.9800,6,1812
17984,2854423,defensive,1,0.9800,6,1813
17985,2854566,defensive,1,0.9800,6,1814
17986,2854665,defensive,1,0.9800,6,1815
17987,2854800,defensive,1,0.9800,6,1816
17988,2854942,defensive,1,0.9800,6,1817
17989,2855096,defensive,1,0.9800,6,1818
17990,2855191,defensive,0,0.9700,6,1819
17991,2855311,defensive,1,0.9700,6,1820
17992,2855434,defensive,1,0.9700,6,1821
17993,2855535,defensive,1,0.9700,6,1822
17994,2855669,defensive,1,0.9700,6,1823
17995,2855890,defensive,1,0.9700,6,1824
17996,2856034,defensive,1,0.9700,6,1825
17997,2856222,defensive,1,0.9700,6,1826
17998,2856381,defensive,1,0.9700,6,1827
17999,2856513,defensive,1,0.9700,6,1828
18000,2856655,defensive,1,0.9700,6,1829
18001,2856779,defensive,1,0.9700,6,1830
18002,2856901,defensive,1,0.9700,6,1831
18003,2857044,defensive,1,0.9700,6,1832
18004,2857167,defensive,1,0.9700,6,1833
18005,2857264,defensive,1,0.9700,6,1834
18006,2857401,defensive,1,0.9700,6,1835
18007,2857643,defensive,1,0.9700,6,1836
18008,2857766,defensive,1,0.9700,6,1837
18009,2857890,defensive,1,0.9700,6,1838
18010,2857984,defensive,1,0.9700,6,1839
18011,2858126,defensive,1,0.9700,6,1840
18012,2858246,defensive,1,0.9700,6,1841
18013,2858397,defensive,1,0.9700,6,1842
18014,2858538,defensive,1,0.9700,6,1843
18015,2858662,defensive,1,0.9700,6,1844
18016,2858827,defensive,1,0.9700,6,1845
18017,2858928,defensive,1,0.9700,6,1846
18018,2859066,defensive,1,0.9700,6,1847
18019,2859189,defensive,1,0.9700,6,1848
18020,2859311,defensive,1,0.9700,6,1849
18021,2859455,defensive,1,0.9800,6,1850
18022,2859597,defensive,1,0.9800,6,1851
18023,2859716,defensive,1,0.9800,6,1852
18024,2859851,defensive,1,0.9800,6,1853
18025,2859976,defensive,1,0.9800,6,1854
18026,2860099,defensive,1,0.9800,6,1855
18027,2860223,defensive,1,0.9800,6,1856
18028,2860392,defensive,1,0.9800,6,1857
18029,2860518,defensive,1,0.9800,6,1858
18030,2860648,defensive,1,0.9800,6,1859
18031,2860768,defensive,1,0.9800,6,1860
18032,2860931,defensive,1,0.9800,6,1861
18033,2861229,defensive,1,0.9800,6,1862
18034,2861350,defensive,1,0.9800,6,1863
18035,2861472,defensive,1,0.9800,6,1864
18036,2861607,defensive,1,0.9800,6,1865
18037,2861736,defensive,1,0.9900,6,1866
18038,2861860,defensive,1,0.9900,6,1867
18039,2861984,defensive,1,0.9900,6,1868
18040,2862103,defensive,1,0.9900,6,1869
18041,2862344,defensive,1,0.9900,6,1870
18042,2862442,defensive,1,0.9900,6,1871
18043,2862572,defensive,1,0.9900,6,1872
18044,2862722,defensive,1,0.9900,6,1873
18045,2862900,defensive,1,0.9900,6,1874
18046,2863035,defensive,1,0.9900,6,1875
18047,2863171,defensive,1,0.9900,6,1876
18048,2863322,defensive,1,0.9900,6,1877
18049,2863444,defensive,1,0.9900,6,1878
18050,2863584,defensive,1,0.9900,6,1879
18051,2863964,defensive,1,0.9900,6,1880
18052,2864082,defensive,1,0.9900,6,1881
18053,2864213,defensive,1,0.9900,6,1882
18054,2864336,defensive,1,0.9900,6,1883
18055,2864479,defensive,1,0.9900,6,1884
18056,2864621,defensive,1,0.9900,6,1885
18057,2864719,defensive,1,0.9900,6,1886
18058,2864850,defensive,1,0.9900,6,1887
18059,2864989,defensive,1,0.9900,6,1888
18060,2865111,defensive,1,0.9900,6,1889
18061,2865231,defensive,1,0.9900,6,1890
18062,2865361,defensive,1,0.9900,6,1891
18063,2865489,defensive,1,0.9900,6,1892
18064,2865612,defensive,1,0.9900,6,1893
18065,2865763,defensive,1,0.9900,6,1894
18066,2865892,defensive,1,0.9900,6,1895
18067,2866029,defensive,1,0.9900,6,1896
18068,2866148,defensive,1,0.9900,6,1897
18069,2866269,defensive,1,0.9900,6,1898
18070,2866409,defensive,1,0.9900,6,1899
18071,2866531,defensive,1,0.9900,6,1900
18072,2866668,defensive,1,0.9900,6,1901
18073,2866842,defensive,1,0.9900,6,1902
18074,2866986,defensive,1,0.9900,6,1903
18075,2867119,defensive,1,0.9900,6,1904
18076,2867245,defensive,1,0.9900,6,1905
18077,2867379,defensive,1,0.9900,6,1906
18078,2867497,defensive,1,0.9900,6,1907
18079,2867635,defensive,1,0.9900,6,1908
18080,2867762,defensive,1,0.9900,6,1909
18081,2867883,defensive,1,0.9900,6,1910
18082,2868012,defensive,1,0.9900,6,1911
18083,2868132,defensive,1,0.9900,6,1912
18084,2868267,defensive,1,0.9900,6,1913
18085,2868458,defensive,1,0.9900,6,1914
18086,2868592,defensive,1,0.9900,6,1915
18087,2868710,defensive,1,0.9900,6,1916
18088,2868863,defensive,1,0.9900,6,1917
18089,2868989,defensive,1,0.9900,6,1918
18090,2869111,defensive,1,1.0000,6,1919
18091,2869248,defensive,1,1.0000,6,1920
18092,2869340,defensive,1,1.0000,6,1921
18093,2869492,defensive,1,1.0000,6,1922
18094,2869586,defensive,1,1.0000,6,1923
18095,2869713,defensive,1,1.0000,6,1924
18096,2869810,defensive,1,1.0000,6,1925
18097,2869933,defensive,1,1.0000,6,1926
18098,2870059,defensive,1,1.0000,6,1927
18099,2870181,defensive,1,1.0000,6,1928
18100,2870273,defensive,1,1.0000,6,1929
18101,2870401,defensive,1,1.0000,6,1930
18102,2870523,defensive,1,1.0000,6,1931
18103,2870661,defensive,1,1.0000,6,1932
18104,2870818,defensive,1,1.0000,6,1933
18105,2870949,defensive,1,1.0000,6,1934
18106,2871075,defensive,1,1.0000,6,1935
18107,2871194,defensive,1,1.0000,6,1936
18108,2871319,defensive,1,1.0000,6,1937
18109,2871447,defensive,1,1.0000,6,1938
18110,2871596,defensive,1,1.0000,6,1939
18111,2871770,defensive,1,1.0000,6,1940
18112,2871891,defensive,1,1.0000,6,1941
18113,2872026,defensive,1,1.0000,6,1942
18114,2872158,defensive,1,1.0000,6,1943
18115,2872305,defensive,1,1.0000,6,1944
18116,2872435,defensive,1,1.0000,6,1945
18117,2872585,defensive,1,1.0000,6,1946
18118,2872703,defensive,1,1.0000,6,1947
18119,2872833,defensive,1,1.0000,6,1948
18120,2872956,defensive,1,1.0000,6,1949
18121,2873105,defensive,1,1.0000,6,1950
18122,2873249,defensive,1,1.0000,6,1951
18123,2873368,defensive,1,1.0000,6,1952
18124,2873520,defensive,1,1.0000,6,1953
18125,2873617,defensive,1,1.0000,6,1954
18126,2873779,defensive,1,1.0000,6,1955
18127,2873873,defensive,0,0.9900,6,1956
18128,2873998,defensive,1,0.9900,6,1957
18129,2874122,defensive,1,0.9900,6,1958
18130,2874264,defensive,1,0.9900,6,1959
18131,2874367,defensive,0,0.9800,6,1960
18132,2874488,defensive,1,0.9800,6,1961
18133,2874626,defensive,1,0.9800,6,1962
18134,2874781,defensive,1,0.9800,6,1963
18135,2874900,defensive,1,0.9800,6,1964
18136,2875025,defensive,1,0.9800,6,1965
18137,2875176,defensive,1,0.9800,6,1966
18138,2875329,defensive,1,0.9800,6,1967
18139,2875422,defensive,1,0.9800,6,1968
18140,2875542,defensive,1,0.9800,6,1969
18141,2875670,defensive,1,0.9800,6,1970
18142,2875776,defensive,1,0.9800,6,1971
18143,2875874,defensive,0,0.9700,6,1972
18144,2876008,defensive,1,0.9700,6,1973
18145,2876146,defensive,1,0.9700,6,1974
18146,2876332,defensive,1,0.9700,6,1975
18147,2876453,defensive,1,0.9700,6,1976
18148,2876587,defensive,1,0.9700,6,1977
18149,2876831,defensive,1,0.9700,6,1978
18150,2876954,defensive,1,0.9700,6,1979
18151,2877079,defensive,1,0.9700,6,1980
18152,2877205,defensive,1,0.9700,6,1981
18153,2877337,defensive,1,0.9700,6,1982
18154,2877477,defensive,1,0.9700,6,1983
18155,2877620,defensive,1,0.9700,6,1984
18156,2877794,defensive,1,0.9700,6,1985
18157,2877911,defensive,1,0.9700,6,1986
18158,2878044,defensive,1,0.9700,6,1987
18159,2878164,defensive,1,0.9700,6,1988
18160,2878300,defensive,1,0.9700,6,1989
18161,2878419,defensive,1,0.9700,6,1990
18162,2878561,defensive,1,0.9700,6,1991
18163,2878680,defensive,1,0.9700,6,1992
18164,2878812,defensive,1,0.9700,6,1993
18165,2878979,defensive,1,0.9700,6,1994
18166,2879103,defensive,1,0.9700,6,1995
18167,2879241,defensive,1,0.9700,6,1996
18168,2879361,defensive,1,0.9700,6,1997
18169,2879482,defensive,1,0.9700,6,1998
18170,2879623,defensive,1,0.9700,6,1999
18171,2879752,defensive,1,0.9700,6,2000
18172,2879850,defensive,1,0.9700,6,2001
18173,2879984,defensive,1,0.9700,6,2002
18174,2880111,defensive,1,0.9700,6,2003
18175,2880238,defensive,1,0.9700,6,2004
18176,2880364,defensive,1,0.9700,6,2005
18177,2880487,defensive,1,0.9700,6,2006
18178,2880613,defensive,1,0.9700,6,2007
18179,2880746,defensive,1,0.9700,6,2008
18180,2880899,defensive,1,0.9700,6,2009
18181,2880991,defensive,0,0.9600,6,2010
18182,2881138,defensive,1,0.9600,6,2011
18183,2881266,defensive,1,0.9600,6,2012
18184,2881390,defensive,1,0.9600,6,2013
18185,2881521,defensive,1,0.9600,6,2014
18186,2881638,defensive,1,0.9600,6,2015
18187,2881769,defensive,1,0.9600,6,2016
18188,2881896,defensive,1,0.9600,6,2017
18189,2882020,defensive,1,0.9600,6,2018
18190,2882139,defensive,1,0.9600,6,2019
18191,2882269,defensive,1,0.9600,6,2020
18192,2882403,defensive,1,0.9600,6,2021
18193,2882548,defensive,1,0.9600,6,2022
18194,2882708,defensive,1,0.9600,6,2023
18195,2882834,defensive,1,0.9600,6,2024
18196,2882954,defensive,1,0.9600,6,2025
18197,2883106,defensive,1,0.9600,6,2026
18198,2883263,defensive,1,0.9600,6,2027
18199,2883359,defensive,1,0.9600,6,2028
18200,2883482,defensive,1,0.9600,6,2029
18201,2883613,defensive,1,0.9600,6,2030
18202,2883733,defensive,1,0.9600,6,2031
18203,2883859,defensive,1,0.9600,6,2032
18204,2883996,defensive,1,0.9600,6,2033
18205,2884123,defensive,1,0.9600,6,2034
18206,2884245,defensive,1,0.9600,6,2035
18207,2884396,defensive,1,0.9600,6,2036
18208,2884522,defensive,1,0.9600,6,2037
18209,2884656,defensive,1,0.9600,6,2038
18210,2884879,defensive,1,0.9600,6,2039
18211,2885002,defensive,1,0.9600,6,2040
18212,2885139,defensive,1,0.9600,6,2041
18213,2885234,defensive,1,0.9600,6,2042
18214,2885367,defensive,1,0.9600,6,2043
18215,2885494,defensive,1,0.9600,6,2044
18216,2885618,defensive,1,0.9600,6,2045
18217,2885793,defensive,1,0.9600,6,2046
18218,2885913,defensive,1,0.9600,6,2047
18219,2886053,defensive,1,0.9600,6,2048
18220,2886198,defensive,1,0.9600,6,2049
18221,2886322,defensive,1,0.9600,6,2050
18222,2886444,defensive,1,0.9600,6,2051
18223,2886567,defensive,1,0.9600,6,2052
18224,2886702,defensive,1,0.9600,6,2053
18225,2886821,defensive,1,0.9600,6,2054
18226,2886919,defensive,0,0.9500,6,2055
18227,2887067,defensive,1,0.9600,6,2056
18228,2887191,defensive,1,0.9600,6,2057
18229,2887335,defensive,1,0.9600,6,2058
18230,2887452,defensive,1,0.9600,6,2059
18231,2887582,defensive,1,0.9700,6,2060
18232,2887703,defensive,1,0.9700,6,2061
18233,2887803,defensive,0,0.9600,6,2062
18234,2887903,defensive,1,0.9600,6,2063
18235,2888035,defensive,1,0.9600,6,2064
18236,2888137,defensive,1,0.9600,6,2065
18237,2888279,defensive,1,0.9600,6,2066
18238,2888421,defensive,1,0.9600,6,2067
18239,2888545,defensive,1,0.9600,6,2068
18240,2888795,defensive,1,0.9600,6,2069
18241,2888955,defensive,1,0.9600,6,2070
18242,2889084,defensive,1,0.9600,6,2071
18243,2889205,defensive,1,0.9700,6,2072
18244,2889374,defensive,1,0.9700,6,2073
18245,2889520,defensive,1,0.9700,6,2074
18246,2889701,defensive,1,0.9700,6,2075
18247,2889834,defensive,1,0.9700,6,2076
18248,2889954,defensive,1,0.9700,6,2077
18249,2890084,defensive,1,0.9700,6,2078
18250,2890213,defensive,1,0.9700,6,2079
18251,2890376,defensive,1,0.9700,6,2080
18252,2890495,defensive,1,0.9700,6,2081
18253,2890615,defensive,1,0.9700,6,2082
18254,2890772,defensive,1,0.9700,6,2083
18255,2890895,defensive,1,0.9700,6,2084
18256,2890997,defensive,1,0.9700,6,2085
18257,2891118,defensive,1,0.9700,6,2086
18258,2891267,defensive,1,0.9700,6,2087
18259,2891434,defensive,1,0.9700,6,2088
18260,2891558,defensive,1,0.9700,6,2089
18261,2891688,defensive,1,0.9700,6,2090
18262,2891818,defensive,1,0.9700,6,2091
18263,2891977,defensive,1,0.9700,6,2092
18264,2892115,defensive,1,0.9700,6,2093
18265,2892320,defensive,1,0.9700,6,2094
18266,2892464,defensive,1,0.9700,6,2095
18267,2892586,defensive,1,0.9700,6,2096
18268,2892729,defensive,1,0.9700,6,2097
18269,2892868,defensive,1,0.9700,6,2098
18270,2893009,defensive,1,0.9700,6,2099
18271,2893124,defensive,1,0.9700,6,2100
18272,2893257,defensive,1,0.9700,6,2101
18273,2893435,defensive,1,0.9700,6,2102
18274,2893563,defensive,1,0.9700,6,2103
18275,2893737,defensive,1,0.9700,6,2104
18276,2893871,defensive,1,0.9700,6,2105
18277,2894058,defensive,1,0.9700,6,2106
18278,2894232,defensive,1,0.9700,6,2107
18279,2894359,defensive,1,0.9700,6,2108
18280,2894482,defensive,1,0.9700,6,2109
18281,2894608,defensive,1,0.9800,6,2110
18282,2894730,defensive,1,0.9800,6,2111
18283,2894882,defensive,1,0.9800,6,2112
18284,2895064,defensive,1,0.9800,6,2113
18285,2895186,defensive,1,0.9800,6,2114
18286,2895304,defensive,1,0.9800,6,2115
18287,2895451,defensive,1,0.9800,6,2116
18288,2895585,defensive,1,0.9800,6,2117
18289,2895747,defensive,1,0.9800,6,2118
18290,2895907,defensive,1,0.9800,6,2119
18291,2896060,defensive,1,0.9800,6,2120
18292,2896180,defensive,1,0.9800,6,2121
18293,2896304,defensive,1,0.9800,6,2122
18294,2896426,defensive,1,0.9800,6,2123
18295,2896551,defensive,1,0.9800,6,2124
18296,2896643,defensive,1,0.9800,6,2125
18297,2896758,defensive,1,0.9800,6,2126
18298,2896898,defensive,1,0.9800,6,2127
18299,2897024,defensive,1,0.9800,6,2128
18300,2897166,defensive,1,0.9800,6,2129
18301,2897289,defensive,1,0.9800,6,2130
18302,2897414,defensive,1,0.9800,6,2131
18303,2897533,defensive,1,0.9800,6,2132
18304,2897680,defensive,1,0.9800,6,2133
18305,2897961,defensive,1,0.9800,6,2134
18306,2898082,defensive,1,0.9800,6,2135
18307,2898208,defensive,1,0.9800,6,2136
18308,2898341,defensive,1,0.9800,6,2137
18309,2898483,defensive,1,0.9800,6,2138
18310,2898619,defensive,1,0.9800,6,2139
18311,2898740,defensive,1,0.9800,6,2140
18312,2898865,defensive,1,0.9800,6,2141
18313,2898955,defensive,0,0.9700,6,2142
18314,2899081,defensive,1,0.9700,6,2143
18315,2899201,defensive,1,0.9700,6,2144
18316,2899346,defensive,1,0.9700,6,2145
18317,2899477,defensive,1,0.9700,6,2146
18318,2899574,defensive,1,0.9700,6,2147
18319,2899700,defensive,1,0.9700,6,2148
18320,2899844,defensive,1,0.9700,6,2149
18321,2899962,defensive,1,0.9700,6,2150
18322,2900115,defensive,1,0.9700,6,2151
18323,2900235,defensive,1,0.9700,6,2152
18324,2900359,defensive,1,0.9700,6,2153
18325,2900496,defensive,1,0.9700,6,2154
18326,2900654,defensive,1,0.9800,6,2155
18327,2900785,defensive,1,0.9800,6,2156
18328,2900904,defensive,1,0.9800,6,2157
18329,2901031,defensive,1,0.9800,6,2158
18330,2901165,defensive,1,0.9800,6,2159
18331,2901294,defensive,1,0.9800,6,2160
18332,2901392,defensive,0,0.9700,6,2161
18333,2901518,defensive,1,0.9800,6,2162
18334,2901676,defensive,1,0.9800,6,2163
18335,2901873,defensive,1,0.9800,6,2164
18336,2902005,defensive,1,0.9800,6,2165
18337,2902104,defensive,0,0.9700,6,2166
18338,2902221,defensive,1,0.9700,6,2167
18339,2902371,defensive,1,0.9700,6,2168
18340,2902514,defensive,1,0.9700,6,2169
18341,2902654,defensive,1,0.9700,6,2170
18342,2902790,defensive,1,0.9700,6,2171
18343,2902918,defensive,1,0.9700,6,2172
18344,2903055,defensive,1,0.9700,6,2173
18345,2903182,defensive,1,0.9700,6,2174
18346,2903315,defensive,1,0.9700,6,2175
18347,2903552,defensive,1,0.9700,6,2176
18348,2903683,defensive,1,0.9700,6,2177
18349,2903802,defensive,1,0.9700,6,2178
18350,2903925,defensive,1,0.9700,6,2179
18351,2904050,defensive,1,0.9700,6,2180
18352,2904169,defensive,1,0.9700,6,2181
18353,2904303,defensive,1,0.9700,6,2182
18354,2904437,defensive,1,0.9700,6,2183
18355,2904579,defensive,1,0.9700,6,2184
18356,2904734,defensive,1,0.9700,6,2185
18357,2904854,defensive,1,0.9700,6,2186
18358,2905012,defensive,1,0.9700,6,2187
18359,2905133,defensive,1,0.9700,6,2188
18360,2905255,defensive,1,0.9700,6,2189
18361,2905380,defensive,1,0.9700,6,2190
18362,2905500,defensive,1,0.9700,6,2191
18363,2905628,defensive,1,0.9700,6,2192
18364,2905749,defensive,1,0.9700,6,2193
18365,2905876,defensive,1,0.9700,6,2194
18366,2906007,defensive,1,0.9700,6,2195
18367,2906137,defensive,1,0.9700,6,2196
18368,2906258,defensive,1,0.9700,6,2197
18369,2906383,defensive,1,0.9700,6,2198
18370,2906673,defensive,1,0.9700,6,2199
18371,2906817,defensive,1,0.9700,6,2200
18372,2906913,defensive,1,0.9700,6,2201
18373,2907084,defensive,1,0.9700,6,2202
18374,2907355,defensive,1,0.9700,6,2203
18375,2907492,defensive,1,0.9700,6,2204
18376,2907609,defensive,1,0.9700,6,2205
18377,2907767,defensive,1,0.9700,6,2206
18378,2907887,defensive,1,0.9700,6,2207
18379,2908027,defensive,1,0.9700,6,2208
18380,2908149,defensive,1,0.9700,6,2209
18381,2908290,defensive,1,0.9700,6,2210
18382,2908444,defensive,1,0.9700,6,2211
18383,2908565,defensive,1,0.9700,6,2212
18384,2908720,defensive,1,0.9700,6,2213
18385,2908844,defensive,1,0.9700,6,2214
18386,2908969,defensive,1,0.9700,6,2215
18387,2909063,defensive,0,0.9600,6,2216
18388,2909194,defensive,1,0.9600,6,2217
18389,2909287,defensive,1,0.9600,6,2218
18390,2909414,defensive,1,0.9600,6,2219
18391,2909541,defensive,1,0.9600,6,2220
18392,2909662,defensive,1,0.9600,6,2221
18393,2909787,defensive,1,0.9600,6,2222
18394,2909915,defensive,1,0.9600,6,2223
18395,2910046,defensive,1,0.9600,6,2224
18396,2910166,defensive,1,0.9600,6,2225
18397,2910291,defensive,1,0.9600,6,2226
18398,2910451,defensive,1,0.9600,6,2227
18399,2910602,defensive,1,0.9600,6,2228
18400,2910726,defensive,1,0.9600,6,2229
18401,2910866,defensive,1,0.9600,6,2230
18402,2910964,defensive,1,0.9600,6,2231
18403,2911087,defensive,1,0.9600,6,2232
18404,2911211,defensive,1,0.9600,6,2233
18405,2911306,defensive,1,0.9600,6,2234
18406,2911441,defensive,1,0.9600,6,2235
18407,2911599,defensive,1,0.9600,6,2236
18408,2911728,defensive,1,0.9600,6,2237
18409,2911854,defensive,1,0.9600,6,2238
18410,2912008,defensive,1,0.9600,6,2239
18411,2912147,defensive,1,0.9600,6,2240
18412,2912319,defensive,1,0.9600,6,2241
18413,2912442,defensive,1,0.9700,6,2242
18414,2912578,defensive,1,0.9700,6,2243
18415,2912696,defensive,1,0.9700,6,2244
18416,2912869,defensive,1,0.9700,6,2245
18417,2913020,defensive,1,0.9700,6,2246
18418,2913148,defensive,1,0.9700,6,2247
18419,2913269,defensive,1,0.9700,6,2248
18420,2913393,defensive,1,0.9700,6,2249
18421,2913553,defensive,1,0.9700,6,2250
18422,2913680,defensive,1,0.9700,6,2251
18423,2913832,defensive,1,0.9700,6,2252
18424,2913970,defensive,1,0.9700,6,2253
18425,2914144,defensive,1,0.9700,6,2254
18426,2914312,defensive,1,0.9700,6,2255
18427,2914465,defensive,1,0.9700,6,2256
18428,2914582,defensive,1,0.9700,6,2257
18429,2914788,defensive,1,0.9700,6,2258
18430,2914920,defensive,1,0.9700,6,2259
18431,2915046,defensive,1,0.9700,6,2260
18432,2915187,defensive,1,0.9800,6,2261
18433,2915315,defensive,1,0.9800,6,2262
18434,2915449,defensive,1,0.9800,6,2263
18435,2915573,defensive,1,0.9800,6,2264
18436,2915717,defensive,1,0.9800,6,2265
18437,2915912,defensive,1,0.9900,6,2266
18438,2916072,defensive,1,0.9900,6,2267
18439,2916189,defensive,1,0.9900,6,2268
18440,2916323,defensive,1,0.9900,6,2269
18441,2916451,defensive,1,0.9900,6,2270
18442,2916596,defensive,1,0.9900,6,2271
18443,2916739,defensive,1,0.9900,6,2272
18444,2916875,defensive,1,0.9900,6,2273
18445,2916996,defensive,1,0.9900,6,2274
18446,2917116,defensive,1,0.9900,6,2275
18447,2917256,defensive,1,0.9900,6,2276
18448,2917420,defensive,1,0.9900,6,2277
18449,2917555,defensive,1,0.9900,6,2278
18450,2917672,defensive,1,0.9900,6,2279
18451,2917801,defensive,1,0.9900,6,2280
18452,2917967,defensive,1,0.9900,6,2281
18453,2918096,defensive,1,0.9900,6,2282
18454,2918274,defensive,1,0.9900,6,2283
18455,2918399,defensive,1,0.9900,6,2284
18456,2918521,defensive,1,0.9900,6,2285
18457,2918685,defensive,1,0.9900,6,2286
18458,2918820,defensive,1,0.9900,6,2287
18459,2918987,defensive,1,0.9900,6,2288
18460,2919113,defensive,1,0.9900,6,2289
18461,2919251,defensive,1,0.9900,6,2290
18462,2919373,defensive,1,0.9900,6,2291
18463,2919491,defensive,1,0.9900,6,2292
18464,2919614,defensive,1,0.9900,6,2293
18465,2919750,defensive,1,0.9900,6,2294
18466,2919929,defensive,1,0.9900,6,2295
18467,2920021,defensive,1,0.9900,6,2296
18468,2920116,defensive,1,0.9900,6,2297
18469,2920294,defensive,1,0.9900,6,2298
18470,2920444,defensive,1,0.9900,6,2299
18471,2920575,defensive,1,0.9900,6,2300
18472,2920701,defensive,1,0.9900,6,2301
18473,2920878,defensive,1,0.9900,6,2302
18474,2921019,defensive,1,0.9900,6,2303
18475,2921143,defensive,1,0.9900,6,2304
18476,2921271,defensive,1,0.9900,6,2305
18477,2921398,defensive,1,0.9900,6,2306
18478,2921516,defensive,1,0.9900,6,2307
18479,2921648,defensive,1,0.9900,6,2308
18480,2921764,defensive,1,0.9900,6,2309
18481,2921931,defensive,1,0.9900,6,2310
18482,2922054,defensive,1,0.9900,6,2311
18483,2922147,defensive,1,0.9900,6,2312
18484,2922272,defensive,1,0.9900,6,2313
18485,2922394,defensive,1,0.9900,6,2314
18486,2922518,defensive,1,0.9900,6,2315
18487,2922643,defensive,1,1.0000,6,2316
18488,2922804,defensive,1,1.0000,6,2317
18489,2923002,defensive,1,1.0000,6,2318
18490,2923149,defensive,1,1.0000,6,2319
18491,2923278,defensive,1,1.0000,6,2320
18492,2923373,defensive,1,1.0000,6,2321
18493,2923493,defensive,1,1.0000,6,2322
18494,2923619,defensive,1,1.0000,6,2323
18495,2923751,defensive,1,1.0000,6,2324
18496,2923887,defensive,1,1.0000,6,2325
18497,2924009,defensive,1,1.0000,6,2326
18498,2924140,defensive,1,1.0000,6,2327
18499,2924268,defensive,1,1.0000,6,2328
18500,2924392,defensive,1,1.0000,6,2329
18501,2924489,defensive,1,1.0000,6,2330
18502,2924607,defensive,1,1.0000,6,2331
18503,2924728,defensive,1,1.0000,6,2332
18504,2924862,defensive,1,1.0000,6,2333
18505,2924987,defensive,1,1.0000,6,2334
18506,2925129,defensive,1,1.0000,6,2335
18507,2925264,defensive,1,1.0000,6,2336
18508,2925386,defensive,1,1.0000,6,2337
18509,2925513,defensive,1,1.0000,6,2338
18510,2925635,defensive,1,1.0000,6,2339
18511,2925756,defensive,1,1.0000,6,2340
18512,2925985,defensive,1,1.0000,6,2341
18513,2926102,defensive,1,1.0000,6,2342
18514,2926224,defensive,1,1.0000,6,2343
18515,2926374,defensive,1,1.0000,6,2344
18516,2926508,defensive,1,1.0000,6,2345
18517,2926667,defensive,1,1.0000,6,2346
18518,2926787,defensive,1,1.0000,6,2347
18519,2926911,defensive,1,1.0000,6,2348
18520,2927055,defensive,1,1.0000,6,2349
18521,2927192,defensive,1,1.0000,6,2350
18522,2927316,defensive,1,1.0000,6,2351
18523,2927516,defensive,1,1.0000,6,2352
18524,2927642,defensive,1,1.0000,6,2353
18525,2927763,defensive,1,1.0000,6,2354
18526,2927887,defensive,1,1.0000,6,2355
18527,2928103,defensive,1,1.0000,6,2356
18528,2928207,defensive,0,0.9900,6,2357
18529,2928330,defensive,1,0.9900,6,2358
18530,2928466,defensive,1,0.9900,6,2359
18531,2928600,defensive,1,0.9900,6,2360
18532,2928757,defensive,1,0.9900,6,2361
18533,2928898,defensive,1,0.9900,6,2362
18534,2929046,defensive,1,0.9900,6,2363
18535,2929229,defensive,1,0.9900,6,2364
18536,2929358,defensive,1,0.9900,6,2365
18537,2929477,defensive,1,0.9900,6,2366
18538,2929632,defensive,1,0.9900,6,2367
18539,2929754,defensive,1,0.9900,6,2368
18540,2929879,defensive,1,0.9900,6,2369
18541,2930029,defensive,1,0.9900,6,2370
18542,2930159,defensive,1,0.9900,6,2371
18543,2930284,defensive,1,0.9900,6,2372
18544,2930409,defensive,1,0.9900,6,2373
18545,2930552,defensive,1,0.9900,6,2374
18546,2930679,defensive,1,0.9900,6,2375
18547,2930818,defensive,1,0.9900,6,2376
18548,2930942,defensive,1,0.9900,6,2377
18549,2931065,defensive,1,0.9900,6,2378
18550,2931192,defensive,1,0.9900,6,2379
18551,2931330,defensive,1,0.9900,6,2380
18552,2931447,defensive,1,0.9900,6,2381
18553,2931576,defensive,1,0.9900,6,2382
18554,2931674,defensive,1,0.9900,6,2383
18555,2931808,defensive,1,0.9900,6,2384
18556,2931974,defensive,1,0.9900,6,2385
18557,2932107,defensive,1,0.9900,6,2386
18558,2932235,defensive,1,0.9900,6,2387
18559,2932372,defensive,1,0.9900,6,2388
18560,2932503,defensive,1,0.9900,6,2389
18561,2932644,defensive,1,0.9900,6,2390
18562,2932789,defensive,1,0.9900,6,2391
18563,2932912,defensive,1,0.9900,6,2392
18564,2933098,defensive,1,0.9900,6,2393
18565,2933240,defensive,1,0.9900,6,2394
18566,2933383,defensive,1,0.9900,6,2395
18567,2933515,defensive,1,0.9900,6,2396
18568,2933646,defensive,1,0.9900,6,2397
18569,2933745,defensive,1,0.9900,6,2398
18570,2933838,defensive,0,0.9800,6,2399
18571,2933987,defensive,1,0.9800,6,2400
18572,2934136,defensive,1,0.9800,6,2401
18573,2934256,defensive,1,0.9800,6,2402
18574,2934364,defensive,1,0.9800,6,2403
18575,2934488,defensive,1,0.9800,6,2404
18576,2934621,defensive,1,0.9800,6,2405
18577,2934769,defensive,1,0.9800,6,2406
18578,2934898,defensive,1,0.9800,6,2407
18579,2935039,defensive,1,0.9800,6,2408
18580,2935167,defensive,1,0.9800,6,2409
18581,2935290,defensive,1,0.9800,6,2410
18582,2935420,defensive,1,0.9800,6,2411
18583,2935548,defensive,1,0.9800,6,2412
18584,2935676,defensive,1,0.9800,6,2413
18585,2935809,defensive,1,0.9800,6,2414
18586,2935960,defensive,1,0.9800,6,2415
18587,2936087,defensive,1,0.9800,6,2416
18588,2936216,defensive,1,0.9800,6,2417
18589,2936353,defensive,1,0.9800,6,2418
18590,2936446,defensive,0,0.9700,6,2419
18591,2936572,defensive,1,0.9700,6,2420
18592,2936709,defensive,1,0.9700,6,2421
18593,2936993,defensive,1,0.9700,6,2422
18594,2937125,defensive,1,0.9700,6,2423
18595,2937248,defensive,1,0.9700,6,2424
18596,2937368,defensive,1,0.9700,6,2425
18597,2937664,defensive,1,0.9700,6,2426
18598,2937845,defensive,1,0.9700,6,2427
18599,2937978,defensive,1,0.9700,6,2428
18600,2938106,defensive,1,0.9700,6,2429
18601,2938226,defensive,1,0.9700,6,2430
18602,2938362,defensive,1,0.9700,6,2431
18603,2938481,defensive,1,0.9700,6,2432
18604,2938610,defensive,1,0.9700,6,2433
18605,2938743,defensive,1,0.9700,6,2434
18606,2938877,defensive,1,0.9700,6,2435
18607,2939001,defensive,1,0.9700,6,2436
18608,2939121,defensive,1,0.9700,6,2437
18609,2939261,defensive,1,0.9700,6,2438
18610,2939403,defensive,1,0.9700,6,2439
18611,2939544,defensive,1,0.9700,6,2440
18612,2939681,defensive,1,0.9700,6,2441
18613,2939781,defensive,1,0.9700,6,2442
18614,2939929,defensive,1,0.9700,6,2443
18615,2940064,defensive,1,0.9700,6,2444
18616,2940185,defensive,1,0.9700,6,2445
18617,2940320,defensive,1,0.9700,6,2446
18618,2940480,defensive,1,0.9700,6,2447
18619,2940609,defensive,1,0.9700,6,2448
18620,2940730,defensive,1,0.9700,6,2449
18621,2940855,defensive,1,0.9700,6,2450
18622,2941002,defensive,1,0.9700,6,2451
18623,2941121,defensive,1,0.9700,6,2452
18624,2941268,defensive,1,0.9700,6,2453
18625,2941393,defensive,1,0.9700,6,2454
18626,2941530,defensive,1,0.9700,6,2455
18627,2941690,defensive,1,0.9700,6,2456
18628,2941876,defensive,1,0.9800,6,2457
18629,2942027,defensive,1,0.9800,6,2458
18630,2942151,defensive,1,0.9800,6,2459
18631,2942290,defensive,1,0.9800,6,2460
18632,2942411,defensive,1,0.9800,6,2461
18633,2942543,defensive,1,0.9800,6,2462
18634,2942698,defensive,1,0.9800,6,2463
18635,2942833,defensive,1,0.9800,6,2464
18636,2942961,defensive,1,0.9800,6,2465
18637,2943111,defensive,1,0.9800,6,2466
18638,2943209,defensive,1,0.9800,6,2467
18639,2943339,defensive,1,0.9800,6,2468
18640,2943469,defensive,1,0.9800,6,2469
18641,2943596,defensive,1,0.9800,6,2470
18642,2943728,defensive,1,0.9800,6,2471
18643,2943823,defensive,1,0.9800,6,2472
18644,2943950,defensive,1,0.9800,6,2473
18645,2944132,defensive,1,0.9800,6,2474
18646,2944254,defensive,1,0.9800,6,2475
18647,2944379,defensive,1,0.9800,6,2476
18648,2944506,defensive,1,0.9800,6,2477
18649,2944633,defensive,1,0.9800,6,2478
18650,2944750,defensive,1,0.9800,6,2479
18651,2944904,defensive,1,0.9800,6,2480
18652,2945033,defensive,1,0.9800,6,2481
18653,2945221,defensive,1,0.9800,6,2482
18654,2945348,defensive,1,0.9800,6,2483
18655,2945514,defensive,1,0.9800,6,2484
18656,2945660,defensive,1,0.9800,6,2485
18657,2945796,defensive,1,0.9800,6,2486
18658,2945925,defensive,1,0.9800,6,2487
18659,2946063,defensive,1,0.9800,6,2488
18660,2946185,defensive,1,0.9800,6,2489
18661,2946306,defensive,1,0.9800,6,2490
18662,2946434,defensive,1,0.9800,6,2491
18663,2946567,defensive,1,0.9800,6,2492
18664,2946676,defensive,0,0.9700,6,2493
18665,2946804,defensive,1,0.9700,6,2494
18666,2946924,defensive,1,0.9700,6,2495
18667,2947059,defensive,1,0.9700,6,2496
18668,2947182,defensive,1,0.9700,6,2497
18669,2947385,defensive,1,0.9700,6,2498
18670,2947509,defensive,1,0.9800,6,2499
18671,2947644,defensive,1,0.9800,6,2500
18672,2947783,defensive,1,0.9800,6,2501
18673,2947913,defensive,1,0.9800,6,2502
18674,2948084,defensive,1,0.9800,6,2503
18675,2948213,defensive,1,0.9800,6,2504
18676,2948362,defensive,1,0.9800,6,2505
18677,2948519,defensive,1,0.9800,6,2506
18678,2948647,defensive,1,0.9800,6,2507
18679,2948776,defensive,1,0.9800,6,2508
18680,2948899,defensive,1,0.9800,6,2509
18681,2949003,defensive,1,0.9800,6,2510
18682,2949127,defensive,1,0.9800,6,2511
18683,2949249,defensive,1,0.9800,6,2512
18684,2949376,defensive,1,0.9800,6,2513
18685,2949591,defensive,1,0.9800,6,2514
18686,2949725,defensive,1,0.9800,6,2515
18687,2949849,defensive,1,0.9800,6,2516
18688,2949965,defensive,0,0.9700,6,2517
18689,2950050,defensive,1,0.9700,6,2518
18690,2950194,corner,1,0.9800,7,1
18691,2950387,corner,1,0.9800,7,2
18692,2950490,corner,1,0.9800,7,3
18693,2951083,corner,1,0.9800,7,4
18694,2951481,corner,1,0.9800,7,5
18695,2951593,corner,0,0.9700,7,6
18696,2951708,corner,1,0.9700,7,7
18697,2951888,corner,1,0.9700,7,8
18698,2952066,corner,1,0.9700,7,9
18699,2952412,corner,1,0.9700,7,10
18700,2952582,corner,1,0.9700,7,11
18701,2953934,corner,1,0.9700,7,12
18702,2954261,corner,1,0.9700,7,13
18703,2954418,corner,1,0.9700,7,14
18704,2954593,corner,1,0.9700,7,15
18705,2954704,corner,1,0.9700,7,16
18706,2955012,corner,1,0.9700,7,17
18707,2955147,corner,1,0.9700,7,18
18708,2955662,corner,1,0.9700,7,19
18709,2955792,corner,1,0.9700,7,20
18710,2956120,corner,1,0.9700,7,21
18711,2956271,corner,1,0.9700,7,22
18712,2956424,corner,1,0.9700,7,23
18713,2956562,corner,1,0.9700,7,24
18714,2956741,corner,1,0.9700,7,25
18715,2957082,corner,1,0.9700,7,26
18716,2957429,corner,1,0.9700,7,27
18717,2957772,corner,1,0.9700,7,28
18718,2958051,corner,1,0.9700,7,29
18719,2958216,corner,1,0.9700,7,30
18720,2958412,corner,1,0.9700,7,31
18721,2958566,corner,1,0.9700,7,32
18722,2958911,corner,1,0.9700,7,33
18723,2959091,corner,1,0.9700,7,34
18724,2959197,corner,1,0.9700,7,35
18725,2959349,corner,1,0.9700,7,36
18726,2959557,corner,1,0.9700,7,37
18727,2959702,corner,1,0.9700,7,38
18728,2961054,corner,1,0.9700,7,39
18729,2961226,corner,1,0.9700,7,40
18730,2961398,corner,1,0.9700,7,41
18731,2961741,corner,1,0.9700,7,42
18732,2961889,corner,1,0.9700,7,43
18733,2962000,corner,0,0.9600,7,44
18734,2962349,corner,1,0.9600,7,45
18735,2962533,corner,1,0.9600,7,46
18736,2963038,corner,1,0.9600,7,47
18737,2963394,corner,1,0.9600,7,48
18738,2963608,corner,1,0.9600,7,49
18739,2963796,corner,1,0.9600,7,50
18740,2963994,corner,1,0.9600,7,51
18741,2964183,corner,1,0.9600,7,52
18742,2964364,corner,1,0.9600,7,53
18743,2964522,corner,1,0.9600,7,54
18744,2965874,corner,1,0.9600,7,55
18745,2967226,corner,0,0.9500,7,56
18746,2967377,corner,1,0.9500,7,57
18747,2967512,corner,1,0.9500,7,58
18748,2967678,corner,1,0.9500,7,59
18749,2968003,corner,1,0.9500,7,60
18750,2968340,corner,1,0.9500,7,61
18751,2968514,corner,1,0.9500,7,62
18752,2968674,corner,1,0.9500,7,63
18753,2969040,corner,1,0.9500,7,64
18754,2969241,corner,1,0.9500,7,65
18755,2969400,corner,1,0.9500,7,66
18756,2969573,corner,1,0.9500,7,67
18757,2969737,corner,1,0.9500,7,68
18758,2969852,corner,1,0.9500,7,69
18759,2969999,corner,1,0.9500,7,70
18760,2970108,corner,1,0.9500,7,71
18761,2970315,corner,1,0.9500,7,72
18762,2970526,corner,1,0.9500,7,73
18763,2970996,corner,1,0.9500,7,74
18764,2971137,corner,1,0.9600,7,75
18765,2971280,corner,1,0.9600,7,76
18766,2972632,corner,0,0.9500,7,77
18767,2972794,corner,1,0.9500,7,78
18768,2972967,corner,1,0.9500,7,79
18769,2973125,corner,1,0.9500,7,80
18770,2973477,corner,1,0.9500,7,81
18771,2973621,corner,1,0.9500,7,82
18772,2973795,corner,1,0.9500,7,83
18773,2973955,corner,1,0.9500,7,84
18774,2975307,corner,1,0.9500,7,85
18775,2975472,corner,1,0.9500,7,86
18776,2975831,corner,1,0.9500,7,87
18777,2976002,corner,1,0.9500,7,88
18778,2976167,corner,1,0.9500,7,89
18779,2976398,corner,1,0.9500,7,90
18780,2976720,corner,1,0.9500,7,91
18781,2978072,corner,1,0.9500,7,92
18782,2978219,corner,1,0.9500,7,93
18783,2978411,corner,1,0.9500,7,94
18784,2979763,corner,1,0.9500,7,95
18785,2979876,corner,1,0.9500,7,96
18786,2980054,corner,1,0.9500,7,97
18787,2980163,corner,1,0.9500,7,98
18788,2980326,corner,1,0.9600,7,99
18789,2980442,corner,1,0.9600,7,100
18790,2980579,corner,1,0.9600,7,101
18791,2980729,corner,1,0.9600,7,102
18792,2981105,corner,1,0.9600,7,103
18793,2981387,corner,1,0.9600,7,104
18794,2981504,corner,1,0.9600,7,105
18795,2981614,corner,1,0.9700,7,106
18796,2981769,corner,1,0.9700,7,107
18797,2981923,corner,1,0.9700,7,108
18798,2982244,corner,1,0.9700,7,109
18799,2982423,corner,1,0.9700,7,110
18800,2982532,corner,1,0.9700,7,111
18801,2982657,corner,1,0.9700,7,112
18802,2982932,corner,1,0.9700,7,113
18803,2983087,corner,1,0.9700,7,114
18804,2983219,corner,1,0.9700,7,115
18805,2983350,corner,1,0.9700,7,116
18806,2983501,corner,1,0.9700,7,117
18807,2983662,corner,1,0.9700,7,118
18808,2983863,corner,1,0.9700,7,119
18809,2984035,corner,1,0.9700,7,120
18810,2984192,corner,1,0.9700,7,121
18811,2984363,corner,1,0.9700,7,122
18812,2984571,corner,1,0.9700,7,123
18813,2984682,corner,1,0.9700,7,124
18814,2984909,corner,1,0.9700,7,125
18815,2985073,corner,1,0.9700,7,126
18816,2985225,corner,1,0.9700,7,127
18817,2985344,corner,1,0.9700,7,128
18818,2985539,corner,1,0.9700,7,129
18819,2985685,corner,1,0.9700,7,130
18820,2985999,corner,1,0.9700,7,131
18821,2986165,corner,1,0.9700,7,132
18822,2986325,corner,1,0.9700,7,133
18823,2986472,corner,1,0.9700,7,134
18824,2986821,corner,1,0.9700,7,135
18825,2986947,corner,1,0.9700,7,136
18826,2987100,corner,1,0.9700,7,137
18827,2987289,corner,1,0.9700,7,138
18828,2987431,corner,1,0.9700,7,139
18829,2987601,corner,1,0.9700,7,140
18830,2987760,corner,1,0.9700,7,141
18831,2987917,corner,1,0.9700,7,142
18832,2988081,corner,1,0.9700,7,143
18833,2988215,corner,1,0.9800,7,144
18834,2989567,corner,0,0.9700,7,145
18835,2989830,corner,1,0.9700,7,146
18836,2989977,corner,1,0.9700,7,147
18837,2990156,corner,1,0.9700,7,148
18838,2990339,corner,1,0.9700,7,149
18839,2990677,corner,1,0.9700,7,150
18840,2992029,corner,1,0.9700,7,151
18841,2992216,corner,1,0.9700,7,152
18842,2992403,corner,1,0.9700,7,153
18843,2992712,corner,1,0.9700,7,154
18844,2992913,corner,1,0.9700,7,155
18845,2994265,corner,1,0.9800,7,156
18846,2994382,corner,1,0.9800,7,157
18847,2994556,corner,1,0.9800,7,158
18848,2995107,corner,1,0.9800,7,159
18849,2996459,corner,0,0.9700,7,160
18850,2996770,corner,1,0.9700,7,161
18851,2996931,corner,1,0.9700,7,162
18852,2997633,corner,1,0.9700,7,163
18853,2997796,corner,1,0.9700,7,164
18854,2997963,corner,1,0.9700,7,165
18855,2998126,corner,1,0.9700,7,166
18856,2998298,corner,1,0.9700,7,167
18857,2998544,corner,1,0.9700,7,168
18858,2998690,corner,1,0.9700,7,169
18859,3000042,corner,1,0.9700,7,170
18860,3000156,corner,1,0.9700,7,171
18861,3000487,corner,1,0.9700,7,172
18862,3000674,corner,1,0.9700,7,173
18863,3000992,corner,1,0.9700,7,174
18864,3001160,corner,1,0.9700,7,175
18865,3001355,corner,1,0.9700,7,176
18866,3001533,corner,1,0.9800,7,177
18867,3001655,corner,1,0.9800,7,178
18868,3001839,corner,1,0.9800,7,179
18869,3001973,corner,1,0.9800,7,180
18870,3002136,corner,1,0.9800,7,181
18871,3002292,corner,1,0.9800,7,182
18872,3002636,corner,1,0.9800,7,183
18873,3002811,corner,1,0.9800,7,184
18874,3002982,corner,1,0.9800,7,185
18875,3003154,corner,1,0.9800,7,186
18876,3003274,corner,1,0.9800,7,187
18877,3003515,corner,1,0.9800,7,188
18878,3003677,corner,1,0.9800,7,189
18879,3003836,corner,1,0.9800,7,190
18880,3003995,corner,1,0.9800,7,191
18881,3004163,corner,1,0.9800,7,192
18882,3004363,corner,1,0.9800,7,193
18883,3004665,corner,1,0.9800,7,194
18884,3004820,corner,1,0.9800,7,195
18885,3005031,corner,1,0.9800,7,196
18886,3005188,corner,1,0.9800,7,197
18887,3005389,corner,1,0.9800,7,198
18888,3005589,corner,1,0.9800,7,199
18889,3005951,corner,1,0.9800,7,200
18890,3007303,corner,1,0.9800,7,201
18891,3008655,corner,1,0.9800,7,202
18892,3008802,corner,1,0.9800,7,203
18893,3008966,corner,1,0.9800,7,204
18894,3009077,corner,1,0.9800,7,205
18895,3010429,corner,1,0.9800,7,206
18896,3010576,corner,1,0.9800,7,207
18897,3010742,corner,1,0.9800,7,208
18898,3010907,corner,1,0.9800,7,209
18899,3011077,corner,1,0.9800,7,210
18900,3011234,corner,1,0.9800,7,211
18901,3011383,corner,1,0.9800,7,212
18902,3011526,corner,1,0.9800,7,213
18903,3011707,corner,1,0.9800,7,214
18904,3011880,corner,1,0.9800,7,215
18905,3012019,corner,1,0.9800,7,216
18906,3012155,corner,1,0.9800,7,217
18907,3012459,corner,1,0.9800,7,218
18908,3012594,corner,1,0.9800,7,219
18909,3012807,corner,1,0.9800,7,220
18910,3013238,corner,1,0.9800,7,221
18911,3013346,corner,1,0.9800,7,222
18912,3013484,corner,1,0.9800,7,223
18913,3013758,corner,1,0.9800,7,224
18914,3013912,corner,1,0.9800,7,225
18915,3014102,corner,1,0.9800,7,226
18916,3014272,corner,1,0.9800,7,227
18917,3015624,corner,1,0.9800,7,228
18918,3015818,corner,1,0.9800,7,229
18919,3016007,corner,1,0.9800,7,230
18920,3016128,corner,1,0.9800,7,231
18921,3016381,corner,1,0.9800,7,232
18922,3016507,corner,1,0.9800,7,233
18923,3016629,corner,1,0.9800,7,234
18924,3016779,corner,1,0.9800,7,235
18925,3016946,corner,1,0.9800,7,236
18926,3017110,corner,1,0.9800,7,237
18927,3017254,corner,1,0.9800,7,238
18928,3017388,corner,1,0.9800,7,239
18929,3017591,corner,1,0.9800,7,240
18930,3017747,corner,1,0.9800,7,241
18931,3017863,corner,1,0.9800,7,242
18932,3018021,corner,1,0.9800,7,243
18933,3018229,corner,1,0.9800,7,244
18934,3018418,corner,1,0.9900,7,245
18935,3018540,corner,0,0.9800,7,246
18936,3018641,corner,1,0.9800,7,247
18937,3018794,corner,1,0.9800,7,248
18938,3018914,corner,1,0.9800,7,249
18939,3019075,corner,1,0.9800,7,250
18940,3019231,corner,1,0.9800,7,251
18941,3020583,corner,1,0.9800,7,252
18942,3020695,corner,1,0.9800,7,253
18943,3020808,corner,1,0.9800,7,254
18944,3020916,corner,1,0.9800,7,255
18945,3021130,corner,1,0.9800,7,256
18946,3021271,corner,1,0.9800,7,257
18947,3021460,corner,1,0.9800,7,258
18948,3021611,corner,1,0.9800,7,259
18949,3022963,corner,1,0.9900,7,260
18950,3023081,corner,1,0.9900,7,261
18951,3024433,corner,1,0.9900,7,262
18952,3024800,corner,1,0.9900,7,263
18953,3024958,corner,1,0.9900,7,264
18954,3025126,corner,1,0.9900,7,265
18955,3025265,corner,1,0.9900,7,266
18956,3026617,corner,0,0.9800,7,267
18957,3026736,corner,1,0.9800,7,268
18958,3026854,corner,1,0.9800,7,269
18959,3027003,corner,1,0.9800,7,270
18960,3027158,corner,1,0.9800,7,271
18961,3027323,corner,1,0.9800,7,272
18962,3027711,corner,1,0.9800,7,273
18963,3027842,corner,1,0.9800,7,274
18964,3028032,corner,1,0.9800,7,275
18965,3028149,corner,1,0.9800,7,276
18966,3028319,corner,1,0.9800,7,277
18967,3028485,corner,1,0.9800,7,278
18968,3028744,corner,1,0.9800,7,279
18969,3028909,corner,1,0.9800,7,280
18970,3029071,corner,1,0.9800,7,281
18971,3029205,corner,1,0.9800,7,282
18972,3029322,corner,1,0.9800,7,283
18973,3029450,corner,1,0.9800,7,284
18974,3029604,corner,1,0.9800,7,285
18975,3029726,corner,1,0.9800,7,286
18976,3029842,corner,1,0.9800,7,287
18977,3029991,corner,1,0.9800,7,288
18978,3030138,corner,1,0.9800,7,289
18979,3030347,corner,1,0.9800,7,290
18980,3030499,corner,1,0.9800,7,291
18981,3030670,corner,1,0.9800,7,292
18982,3030782,corner,1,0.9800,7,293
18983,3030940,corner,1,0.9800,7,294
18984,3031091,corner,1,0.9800,7,295
18985,3031263,corner,1,0.9800,7,296
18986,3031368,corner,1,0.9800,7,297
18987,3031513,corner,1,0.9800,7,298
18988,3031664,corner,1,0.9800,7,299
18989,3031857,corner,1,0.9800,7,300
18990,3032017,corner,1,0.9800,7,301
18991,3032149,corner,1,0.9800,7,302
18992,3032332,corner,1,0.9800,7,303
18993,3032469,corner,1,0.9800,7,304
18994,3032586,corner,1,0.9800,7,305
18995,3032939,corner,0,0.9700,7,306
18996,3033113,corner,1,0.9700,7,307
18997,3033281,corner,1,0.9700,7,308
18998,3033392,corner,1,0.9700,7,309
18999,3033539,corner,1,0.9700,7,310
19000,3033684,corner,1,0.9700,7,311
19001,3033874,corner,1,0.9700,7,312
19002,3035226,corner,1,0.9700,7,313
19003,3035345,corner,1,0.9700,7,314
19004,3035452,corner,1,0.9700,7,315
19005,3035604,corner,1,0.9700,7,316
19006,3035753,corner,1,0.9700,7,317
19007,3035864,corner,1,0.9700,7,318
19008,3035974,corner,1,0.9700,7,319
19009,3036081,corner,0,0.9600,7,320
19010,3036213,corner,1,0.9600,7,321
19011,3036335,corner,1,0.9600,7,322
19012,3036508,corner,1,0.9600,7,323
19013,3036645,corner,1,0.9600,7,324
19014,3036795,corner,1,0.9600,7,325
19015,3036943,corner,1,0.9600,7,326
19016,3037067,corner,1,0.9600,7,327
19017,3037248,corner,1,0.9600,7,328
19018,3037450,corner,1,0.9600,7,329
19019,3037570,corner,1,0.9600,7,330
19020,3037690,corner,1,0.9600,7,331
19021,3037861,corner,1,0.9600,7,332
19022,3037998,corner,1,0.9600,7,333
19023,3038168,corner,1,0.9600,7,334
19024,3038328,corner,1,0.9600,7,335
19025,3038479,corner,1,0.9600,7,336
19026,3038656,corner,1,0.9600,7,337
19027,3038798,corner,1,0.9600,7,338
19028,3038951,corner,1,0.9600,7,339
19029,3039102,corner,1,0.9600,7,340
19030,3039307,corner,1,0.9600,7,341
19031,3040659,corner,0,0.9500,7,342
19032,3040782,corner,1,0.9500,7,343
19033,3040924,corner,1,0.9500,7,344
19034,3042276,corner,1,0.9500,7,345
19035,3042468,corner,1,0.9600,7,346
19036,3042614,corner,1,0.9600,7,347
19037,3042747,corner,1,0.9600,7,348
19038,3042922,corner,1,0.9600,7,349
19039,3043266,corner,1,0.9600,7,350
19040,3043390,corner,1,0.9600,7,351
19041,3043511,corner,1,0.9600,7,352
19042,3043636,corner,1,0.9600,7,353
19043,3043825,corner,1,0.9600,7,354
19044,3043982,corner,1,0.9600,7,355
19045,3044211,corner,1,0.9600,7,356
19046,3044355,corner,1,0.9600,7,357
19047,3045707,corner,0,0.9500,7,358
19048,3045854,corner,1,0.9500,7,359
19049,3046017,corner,1,0.9500,7,360
19050,3047369,corner,1,0.9500,7,361
19051,3047555,corner,1,0.9500,7,362
19052,3047693,corner,1,0.9500,7,363
19053,3047822,corner,1,0.9500,7,364
19054,3048003,corner,1,0.9500,7,365
19055,3048164,corner,1,0.9500,7,366
19056,3048312,corner,1,0.9600,7,367
19057,3048467,corner,1,0.9600,7,368
19058,3048618,corner,1,0.9600,7,369
19059,3048886,corner,1,0.9600,7,370
19060,3049001,corner,1,0.9600,7,371
19061,3049130,corner,1,0.9600,7,372
19062,3049242,corner,1,0.9600,7,373
19063,3049373,corner,1,0.9600,7,374
19064,3050725,corner,1,0.9600,7,375
19065,3050894,corner,1,0.9600,7,376
19066,3051034,corner,1,0.9600,7,377
19067,3051181,corner,1,0.9600,7,378
19068,3051330,corner,1,0.9600,7,379
19069,3051450,corner,1,0.9600,7,380
19070,3052802,corner,1,0.9600,7,381
19071,3052937,corner,1,0.9600,7,382
19072,3053099,corner,1,0.9600,7,383
19073,3053226,corner,1,0.9600,7,384
19074,3053365,corner,1,0.9600,7,385
19075,3053534,corner,1,0.9600,7,386
19076,3053656,corner,1,0.9600,7,387
19077,3055008,corner,1,0.9600,7,388
19078,3055166,corner,1,0.9600,7,389
19079,3055301,corner,1,0.9600,7,390
19080,3055603,corner,1,0.9600,7,391
19081,3055749,corner,1,0.9600,7,392
19082,3055892,corner,1,0.9600,7,393
19083,3057244,corner,1,0.9600,7,394
19084,3057369,corner,1,0.9600,7,395
19085,3057521,corner,1,0.9600,7,396
19086,3057664,corner,1,0.9600,7,397
19087,3057835,corner,1,0.9600,7,398
19088,3057958,corner,1,0.9600,7,399
19089,3058139,corner,1,0.9600,7,400
19090,3058282,corner,1,0.9600,7,401
19091,3058426,corner,1,0.9600,7,402
19092,3059778,corner,1,0.9600,7,403
19093,3059924,corner,1,0.9600,7,404
19094,3060041,corner,1,0.9600,7,405
19095,3060183,corner,1,0.9700,7,406
19096,3060343,corner,1,0.9700,7,407
19097,3060480,corner,1,0.9700,7,408
19098,3060596,corner,1,0.9700,7,409
19099,3060772,corner,1,0.9700,7,410
19100,3060912,corner,1,0.9700,7,411
19101,3061068,corner,1,0.9700,7,412
19102,3061230,corner,1,0.9700,7,413
19103,3061393,corner,1,0.9700,7,414
19104,3061525,corner,1,0.9700,7,415
19105,3061656,corner,1,0.9700,7,416
19106,3061789,corner,1,0.9700,7,417
19107,3061928,corner,1,0.9700,7,418
19108,3062076,corner,1,0.9700,7,419
19109,3062230,corner,1,0.9800,7,420
19110,3062359,corner,1,0.9800,7,421
19111,3062551,corner,1,0.9800,7,422
19112,3062698,corner,1,0.9800,7,423
19113,3062846,corner,1,0.9800,7,424
19114,3062987,corner,1,0.9800,7,425
19115,3063140,corner,1,0.9800,7,426
19116,3063288,corner,1,0.9800,7,427
19117,3063442,corner,1,0.9800,7,428
19118,3063606,corner,1,0.9800,7,429
19119,3063740,corner,1,0.9800,7,430
19120,3063885,corner,1,0.9800,7,431
19121,3064007,corner,1,0.9800,7,432
19122,3064140,corner,1,0.9800,7,433
19123,3064290,corner,1,0.9800,7,434
19124,3064445,corner,1,0.9800,7,435
19125,3064595,corner,1,0.9800,7,436
19126,3064745,corner,1,0.9800,7,437
19127,3064896,corner,1,0.9800,7,438
19128,3065033,corner,1,0.9800,7,439
19129,3065178,corner,1,0.9800,7,440
19130,3065292,corner,1,0.9800,7,441
19131,3065418,corner,1,0.9900,7,442
19132,3065598,corner,1,0.9900,7,443
19133,3065713,corner,1,0.9900,7,444
19134,3065850,corner,1,0.9900,7,445
19135,3066029,corner,1,0.9900,7,446
19136,3066168,corner,1,0.9900,7,447
19137,3066292,corner,1,0.9900,7,448
19138,3067644,corner,1,0.9900,7,449
19139,3067797,corner,1,0.9900,7,450
19140,3067947,corner,1,0.9900,7,451
19141,3068071,corner,1,0.9900,7,452
19142,3068181,corner,1,0.9900,7,453
19143,3068328,corner,1,0.9900,7,454
19144,3068444,corner,1,0.9900,7,455
19145,3068584,corner,1,0.9900,7,456
19146,3068749,corner,1,0.9900,7,457
19147,3068890,corner,1,1.0000,7,458
19148,3069009,corner,1,1.0000,7,459
19149,3069154,corner,1,1.0000,7,460
19150,3069509,corner,1,1.0000,7,461
19151,3069678,corner,1,1.0000,7,462
19152,3069862,corner,1,1.0000,7,463
19153,3070012,corner,1,1.0000,7,464
19154,3070127,corner,1,1.0000,7,465
19155,3071479,corner,1,1.0000,7,466
19156,3072831,corner,1,1.0000,7,467
19157,3072948,corner,1,1.0000,7,468
19158,3073113,corner,1,1.0000,7,469
19159,3073248,corner,1,1.0000,7,470
19160,3073393,corner,1,1.0000,7,471
19161,3073562,corner,1,1.0000,7,472
19162,3073685,corner,1,1.0000,7,473
19163,3073823,corner,1,1.0000,7,474
19164,3074059,corner,1,1.0000,7,475
19165,3075411,corner,1,1.0000,7,476
19166,3075581,corner,1,1.0000,7,477
19167,3075696,corner,1,1.0000,7,478
19168,3077048,corner,1,1.0000,7,479
19169,3077159,corner,1,1.0000,7,480
19170,3077306,corner,1,1.0000,7,481
19171,3077462,corner,1,1.0000,7,482
19172,3077625,corner,1,1.0000,7,483
19173,3077764,corner,1,1.0000,7,484
19174,3077894,corner,1,1.0000,7,485
19175,3078029,corner,1,1.0000,7,486
19176,3078172,corner,1,1.0000,7,487
19177,3078293,corner,1,1.0000,7,488
19178,3078436,corner,1,1.0000,7,489
19179,3078567,corner,1,1.0000,7,490
19180,3078719,corner,1,1.0000,7,491
19181,3078833,corner,1,1.0000,7,492
19182,3078985,corner,1,1.0000,7,493
19183,3079146,corner,1,1.0000,7,494
19184,3079267,corner,1,1.0000,7,495
19185,3079403,corner,1,1.0000,7,496
19186,3079545,corner,1,1.0000,7,497
19187,3080897,corner,1,1.0000,7,498
19188,3081025,corner,1,1.0000,7,499
19189,3081167,corner,1,1.0000,7,500
19190,3081324,corner,1,1.0000,7,501
19191,3081469,corner,1,1.0000,7,502
19192,3081629,corner,1,1.0000,7,503
19193,3081795,corner,1,1.0000,7,504
19194,3081940,corner,1,1.0000,7,505
19195,3082092,corner,1,1.0000,7,506
19196,3082238,corner,1,1.0000,7,507
19197,3082387,corner,1,1.0000,7,508
19198,3082545,corner,1,1.0000,7,509
19199,3082683,corner,1,1.0000,7,510
19200,3082827,corner,1,1.0000,7,511
19201,3084179,corner,1,1.0000,7,512
19202,3084308,corner,1,1.0000,7,513
19203,3084452,corner,1,1.0000,7,514
19204,3084611,corner,1,1.0000,7,515
19205,3084788,corner,1,1.0000,7,516
19206,3086140,corner,1,1.0000,7,517
19207,3086279,corner,1,1.0000,7,518
19208,3086390,corner,1,1.0000,7,519
19209,3086518,corner,1,1.0000,7,520
19210,3086667,corner,1,1.0000,7,521
19211,3086781,corner,1,1.0000,7,522
19212,3086916,corner,1,1.0000,7,523
19213,3087059,corner,1,1.0000,7,524
19214,3087211,corner,1,1.0000,7,525
19215,3087357,corner,1,1.0000,7,526
19216,3087502,corner,1,1.0000,7,527
19217,3087616,corner,1,1.0000,7,528
19218,3087752,corner,1,1.0000,7,529
19219,3087911,corner,1,1.0000,7,530
19220,3088069,corner,1,1.0000,7,531
19221,3088222,corner,1,1.0000,7,532
19222,3088365,corner,1,1.0000,7,533
19223,3089717,corner,1,1.0000,7,534
19224,3089827,corner,1,1.0000,7,535
19225,3089972,corner,1,1.0000,7,536
19226,3090114,corner,1,1.0000,7,537
19227,3090267,corner,1,1.0000,7,538
19228,3090388,corner,1,1.0000,7,539
19229,3090522,corner,1,1.0000,7,540
19230,3091874,corner,1,1.0000,7,541
19231,3092012,corner,1,1.0000,7,542
19232,3092150,corner,1,1.0000,7,543
19233,3092327,corner,1,1.0000,7,544
19234,3092453,corner,1,1.0000,7,545
19235,3092588,corner,1,1.0000,7,546
19236,3092739,corner,1,1.0000,7,547
19237,3092865,corner,1,1.0000,7,548
19238,3092968,corner,1,1.0000,7,549
19239,3093114,corner,1,1.0000,7,550
19240,3093254,corner,1,1.0000,7,551
19241,3093957,corner,1,1.0000,7,552
19242,3094076,corner,1,1.0000,7,553
19243,3094227,corner,1,1.0000,7,554
19244,3094359,corner,1,1.0000,7,555
19245,3094501,corner,1,1.0000,7,556
19246,3094634,corner,1,1.0000,7,557
19247,3094767,corner,1,1.0000,7,558
19248,3094894,corner,1,1.0000,7,559
19249,3095028,corner,1,1.0000,7,560
19250,3095155,corner,1,1.0000,7,561
19251,3095307,corner,1,1.0000,7,562
19252,3095425,corner,1,1.0000,7,563
19253,3096056,corner,1,1.0000,7,564
19254,3096179,corner,1,1.0000,7,565
19255,3097531,corner,1,1.0000,7,566
19256,3097660,corner,1,1.0000,7,567
19257,3097797,corner,1,1.0000,7,568
19258,3097936,corner,1,1.0000,7,569
19259,3098096,corner,1,1.0000,7,570
19260,3098233,corner,1,1.0000,7,571
19261,3098753,corner,1,1.0000,7,572
19262,3098947,corner,1,1.0000,7,573
19263,3100299,corner,1,1.0000,7,574
19264,3100711,corner,1,1.0000,7,575
19265,3100854,corner,1,1.0000,7,576
19266,3102206,corner,1,1.0000,7,577
19267,3102370,corner,1,1.0000,7,578
19268,3102529,corner,1,1.0000,7,579
19269,3102671,corner,1,1.0000,7,580
19270,3102800,corner,1,1.0000,7,581
19271,3102949,corner,1,1.0000,7,582
19272,3103084,corner,1,1.0000,7,583
19273,3103247,corner,1,1.0000,7,584
19274,3103390,corner,1,1.0000,7,585
19275,3103544,corner,1,1.0000,7,586
19276,3103679,corner,1,1.0000,7,587
19277,3103825,corner,1,1.0000,7,588
19278,3104001,corner,1,1.0000,7,589
19279,3104139,corner,1,1.0000,7,590
19280,3104266,corner,1,1.0000,7,591
19281,3104400,corner,1,1.0000,7,592
19282,3104545,corner,1,1.0000,7,593
19283,3104908,corner,1,1.0000,7,594
19284,3105096,corner,1,1.0000,7,595
19285,3105258,corner,1,1.0000,7,596
19286,3105392,corner,1,1.0000,7,597
19287,3105542,corner,1,1.0000,7,598
19288,3105678,corner,1,1.0000,7,599
19289,3105794,corner,1,1.0000,7,600
19290,3105913,corner,1,1.0000,7,601
19291,3106030,corner,1,1.0000,7,602
19292,3106168,corner,1,1.0000,7,603
19293,3106307,corner,1,1.0000,7,604
19294,3106449,corner,1,1.0000,7,605
19295,3106584,corner,1,1.0000,7,606
19296,3106741,corner,1,1.0000,7,607
19297,3106878,corner,1,1.0000,7,608
19298,3106982,corner,1,1.0000,7,609
19299,3107144,corner,1,1.0000,7,610
19300,3108496,corner,1,1.0000,7,611
19301,3108616,corner,1,1.0000,7,612
19302,3108753,corner,1,1.0000,7,613
19303,3108883,corner,1,1.0000,7,614
19304,3109022,corner,1,1.0000,7,615
19305,3109143,corner,1,1.0000,7,616
19306,3109290,corner,1,1.0000,7,617
19307,3109434,corner,1,1.0000,7,618
19308,3109586,corner,1,1.0000,7,619
19309,3109739,corner,1,1.0000,7,620
19310,3109872,corner,1,1.0000,7,621
19311,3109998,corner,1,1.0000,7,622
19312,3110145,corner,1,1.0000,7,623
19313,3110296,corner,1,1.0000,7,624
19314,3111648,corner,1,1.0000,7,625
19315,3113000,corner,1,1.0000,7,626
19316,3113118,corner,1,1.0000,7,627
19317,3113270,corner,1,1.0000,7,628
19318,3113409,corner,1,1.0000,7,629
19319,3113568,corner,1,1.0000,7,630
19320,3113718,corner,1,1.0000,7,631
19321,3114010,corner,1,1.0000,7,632
19322,3114154,corner,1,1.0000,7,633
19323,3114299,corner,1,1.0000,7,634
19324,3114435,corner,1,1.0000,7,635
19325,3114572,corner,1,1.0000,7,636
19326,3114709,corner,1,1.0000,7,637
19327,3114871,corner,1,1.0000,7,638
19328,3115014,corner,1,1.0000,7,639
19329,3115147,corner,1,1.0000,7,640
19330,3115302,corner,1,1.0000,7,641
19331,3115436,corner,1,1.0000,7,642
19332,3115582,corner,1,1.0000,7,643
19333,3115692,corner,1,1.0000,7,644
19334,3115828,corner,1,1.0000,7,645
19335,3115938,corner,1,1.0000,7,646
19336,3116089,corner,1,1.0000,7,647
19337,3116229,corner,1,1.0000,7,648
19338,3116372,corner,1,1.0000,7,649
19339,3116504,corner,1,1.0000,7,650
19340,3116636,corner,1,1.0000,7,651
19341,3116772,corner,1,1.0000,7,652
19342,3116925,corner,1,1.0000,7,653
19343,3117069,corner,1,1.0000,7,654
19344,3117198,corner,1,1.0000,7,655
19345,3117355,corner,1,1.0000,7,656
19346,3117471,corner,1,1.0000,7,657
19347,3117616,corner,1,1.0000,7,658
19348,3117777,corner,1,1.0000,7,659
19349,3117956,corner,1,1.0000,7,660
19350,3118092,corner,1,1.0000,7,661
19351,3118232,corner,1,1.0000,7,662
19352,3118390,corner,1,1.0000,7,663
19353,3118530,corner,1,1.0000,7,664
19354,3118663,corner,1,1.0000,7,665
19355,3118788,corner,1,1.0000,7,666
19356,3118952,corner,1,1.0000,7,667
19357,3119056,corner,1,1.0000,7,668
19358,3119224,corner,1,1.0000,7,669
19359,3119392,corner,1,1.0000,7,670
19360,3119542,corner,1,1.0000,7,671
19361,3119718,corner,1,1.0000,7,672
19362,3119874,corner,1,1.0000,7,673
19363,3120019,corner,1,1.0000,7,674
19364,3120141,corner,1,1.0000,7,675
19365,3120286,corner,1,1.0000,7,676
19366,3120418,corner,1,1.0000,7,677
19367,3120551,corner,1,1.0000,7,678
19368,3120701,corner,1,1.0000,7,679
19369,3120815,corner,1,1.0000,7,680
19370,3120941,corner,1,1.0000,7,681
19371,3121088,corner,1,1.0000,7,682
19372,3121224,corner,1,1.0000,7,683
19373,3121358,corner,1,1.0000,7,684
19374,3121496,corner,1,1.0000,7,685
19375,3121616,corner,1,1.0000,7,686
19376,3121737,corner,1,1.0000,7,687
19377,3121873,corner,1,1.0000,7,688
19378,3122007,corner,1,1.0000,7,689
19379,3122154,corner,1,1.0000,7,690
19380,3122320,corner,1,1.0000,7,691
19381,3122452,corner,1,1.0000,7,692
19382,3122562,corner,1,1.0000,7,693
19383,3122682,corner,1,1.0000,7,694
19384,3122809,corner,1,1.0000,7,695
19385,3124161,corner,1,1.0000,7,696
19386,3124271,corner,1,1.0000,7,697
19387,3124420,corner,1,1.0000,7,698
19388,3124568,corner,1,1.0000,7,699
19389,3124689,corner,1,1.0000,7,700
19390,3124838,corner,1,1.0000,7,701
19391,3124980,corner,1,1.0000,7,702
19392,3125099,corner,1,1.0000,7,703
19393,3125246,corner,1,1.0000,7,704
19394,3125374,corner,1,1.0000,7,705
19395,3125527,corner,1,1.0000,7,706
19396,3125659,corner,1,1.0000,7,707
19397,3125798,corner,1,1.0000,7,708
19398,3125923,corner,1,1.0000,7,709
19399,3126061,corner,1,1.0000,7,710
19400,3126192,corner,1,1.0000,7,711
19401,3126343,corner,1,1.0000,7,712
19402,3126469,corner,1,1.0000,7,713
19403,3126619,corner,1,1.0000,7,714
19404,3126767,corner,1,1.0000,7,715
19405,3126916,corner,1,1.0000,7,716
19406,3127071,corner,1,1.0000,7,717
19407,3127197,corner,1,1.0000,7,718
19408,3127342,corner,1,1.0000,7,719
19409,3127472,corner,1,1.0000,7,720
19410,3127582,corner,1,1.0000,7,721
19411,3127740,corner,1,1.0000,7,722
19412,3127888,corner,1,1.0000,7,723
19413,3128038,corner,1,1.0000,7,724
19414,3128178,corner,1,1.0000,7,725
19415,3128309,corner,1,1.0000,7,726
19416,3128457,corner,1,1.0000,7,727
19417,3128590,corner,1,1.0000,7,728
19418,3128749,corner,1,1.0000,7,729
19419,3128912,corner,1,1.0000,7,730
19420,3129051,corner,1,1.0000,7,731
19421,3129202,corner,1,1.0000,7,732
19422,3129330,corner,1,1.0000,7,733
19423,3129462,corner,1,1.0000,7,734
19424,3129598,corner,1,1.0000,7,735
19425,3129731,corner,1,1.0000,7,736
19426,3129855,corner,0,0.9900,7,737
19427,3129990,corner,1,0.9900,7,738
19428,3130134,corner,1,0.9900,7,739
19429,3130271,corner,1,0.9900,7,740
19430,3130412,corner,1,0.9900,7,741
19431,3130529,corner,1,0.9900,7,742
19432,3130654,corner,1,0.9900,7,743
19433,3130797,corner,1,0.9900,7,744
19434,3130916,corner,1,0.9900,7,745
19435,3131054,corner,1,0.9900,7,746
19436,3131194,corner,1,0.9900,7,747
19437,3131341,corner,1,0.9900,7,748
19438,3131474,corner,1,0.9900,7,749
19439,3131607,corner,1,0.9900,7,750
19440,3131754,corner,1,0.9900,7,751
19441,3131901,corner,1,0.9900,7,752
19442,3132015,corner,1,0.9900,7,753
19443,3132306,corner,1,0.9900,7,754
19444,3132442,corner,1,0.9900,7,755
19445,3132583,corner,1,0.9900,7,756
19446,3132722,corner,1,0.9900,7,757
19447,3132833,corner,1,0.9900,7,758
19448,3132945,corner,1,0.9900,7,759
19449,3133073,corner,1,0.9900,7,760
19450,3133205,corner,1,0.9900,7,761
19451,3133348,corner,1,0.9900,7,762
19452,3133483,corner,1,0.9900,7,763
19453,3133648,corner,1,0.9900,7,764
19454,3133789,corner,1,0.9900,7,765
19455,3133935,corner,1,0.9900,7,766
19456,3134067,corner,1,0.9900,7,767
19457,3134186,corner,1,0.9900,7,768
19458,3134338,corner,1,0.9900,7,769
19459,3134490,corner,1,0.9900,7,770
19460,3134627,corner,1,0.9900,7,771
19461,3134775,corner,1,0.9900,7,772
19462,3134905,corner,1,0.9900,7,773
19463,3135021,corner,1,0.9900,7,774
19464,3135179,corner,1,0.9900,7,775
19465,3135323,corner,1,0.9900,7,776
19466,3135471,corner,1,0.9900,7,777
19467,3135579,corner,1,0.9900,7,778
19468,3135716,corner,1,0.9900,7,779
19469,3135858,corner,1,0.9900,7,780
19470,3136005,corner,1,0.9900,7,781
19471,3136150,corner,1,0.9900,7,782
19472,3137502,corner,1,0.9900,7,783
19473,3137665,corner,1,0.9900,7,784
19474,3137814,corner,1,0.9900,7,785
19475,3137952,corner,1,0.9900,7,786
19476,3138062,corner,1,0.9900,7,787
19477,3138224,corner,1,0.9900,7,788
19478,3138350,corner,1,0.9900,7,789
19479,3138486,corner,1,0.9900,7,790
19480,3138639,corner,1,0.9900,7,791
19481,3138776,corner,1,0.9900,7,792
19482,3138908,corner,1,0.9900,7,793
19483,3139046,corner,1,0.9900,7,794
19484,3139161,corner,1,0.9900,7,795
19485,3139315,corner,1,0.9900,7,796
19486,3139422,corner,1,0.9900,7,797
19487,3139558,corner,1,0.9900,7,798
19488,3139693,corner,1,0.9900,7,799
19489,3139851,corner,1,0.9900,7,800
19490,3139991,corner,1,0.9900,7,801
19491,3140132,corner,1,0.9900,7,802
19492,3140267,corner,1,0.9900,7,803
19493,3140393,corner,1,0.9900,7,804
19494,3140541,corner,1,0.9900,7,805
19495,3140685,corner,1,0.9900,7,806
19496,3140847,corner,1,0.9900,7,807
19497,3141181,corner,1,0.9900,7,808
19498,3141339,corner,1,0.9900,7,809
19499,3141472,corner,1,0.9900,7,810
19500,3141582,corner,1,0.9900,7,811
19501,3141725,corner,1,0.9900,7,812
19502,3141837,corner,1,0.9900,7,813
19503,3141948,corner,1,0.9900,7,814
19504,3142097,corner,1,0.9900,7,815
19505,3142215,corner,1,0.9900,7,816
19506,3142361,corner,1,0.9900,7,817
19507,3142500,corner,1,0.9900,7,818
19508,3142644,corner,1,0.9900,7,819
19509,3142773,corner,1,0.9900,7,820
19510,3142916,corner,1,0.9900,7,821
19511,3143060,corner,1,0.9900,7,822
19512,3143254,corner,1,0.9900,7,823
19513,3143416,corner,1,0.9900,7,824
19514,3143554,corner,1,0.9900,7,825
19515,3143669,corner,1,0.9900,7,826
19516,3143810,corner,1,0.9900,7,827
19517,3143997,corner,1,0.9900,7,828
19518,3144106,corner,1,0.9900,7,829
19519,3144220,corner,1,0.9900,7,830
19520,3144353,corner,1,0.9900,7,831
19521,3144499,corner,1,0.9900,7,832
19522,3144642,corner,1,0.9900,7,833
19523,3144788,corner,1,0.9900,7,834
19524,3144906,corner,1,0.9900,7,835
19525,3145033,corner,1,0.9900,7,836
19526,3145159,corner,1,1.0000,7,837
19527,3145304,corner,1,1.0000,7,838
19528,3145425,corner,1,1.0000,7,839
19529,3145566,corner,1,1.0000,7,840
19530,3146918,corner,1,1.0000,7,841
19531,3147051,corner,1,1.0000,7,842
19532,3147158,corner,1,1.0000,7,843
19533,3147303,corner,1,1.0000,7,844
19534,3147449,corner,1,1.0000,7,845
19535,3147598,corner,1,1.0000,7,846
19536,3147736,corner,1,1.0000,7,847
19537,3147866,corner,1,1.0000,7,848
19538,3148004,corner,1,1.0000,7,849
19539,3148144,corner,1,1.0000,7,850
19540,3148259,corner,1,1.0000,7,851
19541,3148376,corner,1,1.0000,7,852
19542,3148503,corner,1,1.0000,7,853
19543,3148637,corner,1,1.0000,7,854
19544,3148784,corner,1,1.0000,7,855
19545,3148897,corner,1,1.0000,7,856
19546,3149054,corner,1,1.0000,7,857
19547,3149183,corner,1,1.0000,7,858
19548,3149294,corner,1,1.0000,7,859
19549,3149406,corner,1,1.0000,7,860
19550,3149537,corner,1,1.0000,7,861
19551,3149683,corner,1,1.0000,7,862
19552,3149814,corner,1,1.0000,7,863
19553,3149933,corner,1,1.0000,7,864
19554,3150100,corner,1,1.0000,7,865
19555,3150231,corner,1,1.0000,7,866
19556,3150379,corner,1,1.0000,7,867
19557,3150630,corner,1,1.0000,7,868
19558,3150775,corner,1,1.0000,7,869
19559,3150927,corner,1,1.0000,7,870
19560,3151077,corner,1,1.0000,7,871
19561,3151188,corner,1,1.0000,7,872
19562,3151322,corner,1,1.0000,7,873
19563,3151475,corner,1,1.0000,7,874
19564,3151629,corner,1,1.0000,7,875
19565,3151766,corner,1,1.0000,7,876
19566,3151918,corner,1,1.0000,7,877
19567,3152050,corner,1,1.0000,7,878
19568,3152204,corner,1,1.0000,7,879
19569,3152314,corner,1,1.0000,7,880
19570,3152427,corner,1,1.0000,7,881
19571,3152569,corner,1,1.0000,7,882
19572,3152707,corner,1,1.0000,7,883
19573,3152843,corner,1,1.0000,7,884
19574,3152996,corner,1,1.0000,7,885
19575,3153143,corner,1,1.0000,7,886
19576,3153288,corner,1,1.0000,7,887
19577,3153426,corner,1,1.0000,7,888
19578,3153565,corner,1,1.0000,7,889
19579,3153710,corner,1,1.0000,7,890
19580,3153820,corner,1,1.0000,7,891
19581,3153953,corner,1,1.0000,7,892
19582,3154090,corner,1,1.0000,7,893
19583,3154243,corner,1,1.0000,7,894
19584,3154355,corner,1,1.0000,7,895
19585,3154490,corner,1,1.0000,7,896
19586,3154649,corner,1,1.0000,7,897
19587,3154787,corner,1,1.0000,7,898
19588,3154897,corner,1,1.0000,7,899
19589,3155051,corner,1,1.0000,7,900
19590,3155186,corner,1,1.0000,7,901
19591,3155328,corner,1,1.0000,7,902
19592,3155470,corner,1,1.0000,7,903
19593,3155634,corner,1,1.0000,7,904
19594,3155750,corner,1,1.0000,7,905
19595,3155867,corner,1,1.0000,7,906
19596,3155981,corner,1,1.0000,7,907
19597,3156093,corner,1,1.0000,7,908
19598,3156257,corner,1,1.0000,7,909
19599,3156364,corner,1,1.0000,7,910
19600,3156508,corner,1,1.0000,7,911
19601,3156621,corner,1,1.0000,7,912
19602,3156761,corner,1,1.0000,7,913
19603,3156896,corner,1,1.0000,7,914
19604,3157044,corner,1,1.0000,7,915
19605,3157160,corner,1,1.0000,7,916
19606,3157301,corner,1,1.0000,7,917
19607,3157433,corner,1,1.0000,7,918
19608,3157577,corner,1,1.0000,7,919
19609,3157716,corner,1,1.0000,7,920
19610,3157852,corner,1,1.0000,7,921
19611,3157975,corner,1,1.0000,7,922
19612,3158121,corner,1,1.0000,7,923
19613,3158262,corner,1,1.0000,7,924
19614,3158399,corner,1,1.0000,7,925
19615,3158548,corner,1,1.0000,7,926
19616,3158661,corner,1,1.0000,7,927
19617,3158795,corner,1,1.0000,7,928
19618,3158908,corner,1,1.0000,7,929
19619,3159038,corner,1,1.0000,7,930
19620,3159179,corner,1,1.0000,7,931
19621,3159293,corner,1,1.0000,7,932
19622,3159436,corner,1,1.0000,7,933
19623,3159575,corner,1,1.0000,7,934
19624,3159721,corner,1,1.0000,7,935
19625,3159884,corner,1,1.0000,7,936
19626,3160018,corner,1,1.0000,7,937
19627,3160158,corner,1,1.0000,7,938
19628,3160288,corner,1,1.0000,7,939
19629,3160432,corner,1,1.0000,7,940
19630,3160631,corner,1,1.0000,7,941
19631,3160781,corner,1,1.0000,7,942
19632,3160930,corner,1,1.0000,7,943
19633,3161085,corner,1,1.0000,7,944
19634,3161230,corner,1,1.0000,7,945
19635,3161343,corner,1,1.0000,7,946
19636,3161481,corner,1,1.0000,7,947
19637,3161593,corner,1,1.0000,7,948
19638,3161727,corner,1,1.0000,7,949
19639,3161858,corner,1,1.0000,7,950
19640,3161995,corner,1,1.0000,7,951
19641,3162108,corner,1,1.0000,7,952
19642,3162220,corner,1,1.0000,7,953
19643,3162376,corner,1,1.0000,7,954
19644,3162513,corner,1,1.0000,7,955
19645,3162625,corner,1,1.0000,7,956
19646,3162739,corner,1,1.0000,7,957
19647,3162888,corner,1,1.0000,7,958
19648,3163022,corner,1,1.0000,7,959
19649,3163185,corner,1,1.0000,7,960
19650,3163322,corner,1,1.0000,7,961
19651,3163439,corner,1,1.0000,7,962
19652,3163580,corner,1,1.0000,7,963
19653,3163727,corner,1,1.0000,7,964
19654,3163839,corner,1,1.0000,7,965
19655,3163976,corner,1,1.0000,7,966
19656,3164117,corner,1,1.0000,7,967
19657,3164230,corner,1,1.0000,7,968
19658,3164369,corner,1,1.0000,7,969
19659,3164511,corner,1,1.0000,7,970
19660,3164654,corner,1,1.0000,7,971
19661,3164769,corner,1,1.0000,7,972
19662,3164919,corner,1,1.0000,7,973
19663,3165054,corner,1,1.0000,7,974
19664,3165207,corner,1,1.0000,7,975
19665,3165347,corner,1,1.0000,7,976
19666,3165510,corner,1,1.0000,7,977
19667,3165675,corner,1,1.0000,7,978
19668,3165815,corner,1,1.0000,7,979
19669,3165957,corner,1,1.0000,7,980
19670,3166077,corner,1,1.0000,7,981
19671,3166213,corner,1,1.0000,7,982
19672,3166350,corner,1,1.0000,7,983
19673,3166472,corner,1,1.0000,7,984
19674,3166613,corner,1,1.0000,7,985
19675,3166753,corner,1,1.0000,7,986
19676,3166894,corner,1,1.0000,7,987
19677,3167028,corner,1,1.0000,7,988
19678,3167177,corner,1,1.0000,7,989
19679,3167326,corner,1,1.0000,7,990
19680,3167483,corner,1,1.0000,7,991
19681,3167593,corner,1,1.0000,7,992
19682,3167727,corner,1,1.0000,7,993
19683,3167871,corner,1,1.0000,7,994
19684,3168320,corner,1,1.0000,7,995
19685,3168470,corner,1,1.0000,7,996
19686,3168616,corner,1,1.0000,7,997
19687,3168728,corner,1,1.0000,7,998
19688,3168876,corner,1,1.0000,7,999
19689,3169020,corner,1,1.0000,7,1000
19690,3169127,corner,1,1.0000,7,1001
19691,3169315,corner,1,1.0000,7,1002
19692,3169437,corner,1,1.0000,7,1003
19693,3169584,corner,1,1.0000,7,1004
19694,3169724,corner,1,1.0000,7,1005
19695,3169857,corner,1,1.0000,7,1006
19696,3169967,corner,1,1.0000,7,1007
19697,3170107,corner,1,1.0000,7,1008
19698,3170246,corner,1,1.0000,7,1009
19699,3170358,corner,1,1.0000,7,1010
19700,3170506,corner,1,1.0000,7,1011
19701,3170648,corner,1,1.0000,7,1012
19702,3170757,corner,1,1.0000,7,1013
19703,3170895,corner,1,1.0000,7,1014
19704,3171036,corner,1,1.0000,7,1015
19705,3171175,corner,1,1.0000,7,1016
19706,3171314,corner,1,1.0000,7,1017
19707,3171460,corner,1,1.0000,7,1018
19708,3171595,corner,1,1.0000,7,1019
19709,3171707,corner,1,1.0000,7,1020
19710,3171819,corner,1,1.0000,7,1021
19711,3171932,corner,1,1.0000,7,1022
19712,3172078,corner,1,1.0000,7,1023
19713,3172227,corner,1,1.0000,7,1024
19714,3172355,corner,1,1.0000,7,1025
19715,3172468,corner,1,1.0000,7,1026
19716,3172612,corner,1,1.0000,7,1027
19717,3172755,corner,1,1.0000,7,1028
19718,3172869,corner,1,1.0000,7,1029
19719,3172986,corner,1,1.0000,7,1030
19720,3173123,corner,1,1.0000,7,1031
19721,3173264,corner,1,1.0000,7,1032
19722,3173372,corner,1,1.0000,7,1033
19723,3173502,corner,1,1.0000,7,1034
19724,3173640,corner,1,1.0000,7,1035
19725,3173750,corner,1,1.0000,7,1036
19726,3173862,corner,1,1.0000,7,1037
19727,3173974,corner,1,1.0000,7,1038
19728,3174112,corner,1,1.0000,7,1039
19729,3174226,corner,1,1.0000,7,1040
19730,3174342,corner,1,1.0000,7,1041
19731,3174454,corner,1,1.0000,7,1042
19732,3174562,corner,1,1.0000,7,1043
19733,3174674,corner,1,1.0000,7,1044
19734,3174780,corner,1,1.0000,7,1045
19735,3174891,corner,1,1.0000,7,1046
19736,3175031,corner,1,1.0000,7,1047
19737,3175168,corner,1,1.0000,7,1048
19738,3175307,corner,1,1.0000,7,1049
19739,3175444,corner,1,1.0000,7,1050
19740,3175579,corner,1,1.0000,7,1051
19741,3175709,corner,1,1.0000,7,1052
19742,3175838,corner,1,1.0000,7,1053
19743,3175981,corner,1,1.0000,7,1054
19744,3176113,corner,1,1.0000,7,1055
19745,3176237,corner,1,1.0000,7,1056
19746,3176374,corner,1,1.0000,7,1057
19747,3176513,corner,1,1.0000,7,1058
19748,3176624,corner,1,1.0000,7,1059
19749,3176738,corner,1,1.0000,7,1060
19750,3176849,corner,1,1.0000,7,1061
19751,3176960,corner,1,1.0000,7,1062
19752,3177072,corner,1,1.0000,7,1063
19753,3177218,corner,1,1.0000,7,1064
19754,3177328,corner,1,1.0000,7,1065
19755,3177440,corner,1,1.0000,7,1066
19756,3177580,corner,1,1.0000,7,1067
19757,3177720,corner,1,1.0000,7,1068
19758,3177858,corner,1,1.0000,7,1069
19759,3177970,corner,1,1.0000,7,1070
19760,3178093,corner,1,1.0000,7,1071
19761,3178229,corner,1,1.0000,7,1072
19762,3179581,corner,1,1.0000,7,1073
19763,3179701,corner,1,1.0000,7,1074
19764,3179811,corner,1,1.0000,7,1075
19765,3179936,corner,1,1.0000,7,1076
19766,3180069,corner,1,1.0000,7,1077
19767,3180180,corner,1,1.0000,7,1078
19768,3180314,corner,1,1.0000,7,1079
19769,3181666,corner,1,1.0000,7,1080
19770,3181804,corner,1,1.0000,7,1081
19771,3183156,corner,1,1.0000,7,1082
19772,3183267,corner,1,1.0000,7,1083
19773,3183378,corner,1,1.0000,7,1084
19774,3183524,corner,1,1.0000,7,1085
19775,3183635,corner,1,1.0000,7,1086
19776,3183784,corner,1,1.0000,7,1087
19777,3183900,corner,1,1.0000,7,1088
19778,3184010,corner,1,1.0000,7,1089
19779,3184161,corner,1,1.0000,7,1090
19780,3184315,corner,1,1.0000,7,1091
19781,3184426,corner,1,1.0000,7,1092
19782,3184535,corner,1,1.0000,7,1093
19783,3184671,corner,1,1.0000,7,1094
19784,3184816,corner,1,1.0000,7,1095
19785,3184975,corner,1,1.0000,7,1096
19786,3186327,corner,1,1.0000,7,1097
19787,3186439,corner,1,1.0000,7,1098
19788,3186582,corner,1,1.0000,7,1099
19789,3186731,corner,1,1.0000,7,1100
19790,3186869,corner,1,1.0000,7,1101
19791,3186981,corner,1,1.0000,7,1102
19792,3187091,corner,1,1.0000,7,1103
19793,3187204,corner,1,1.0000,7,1104
19794,3187315,corner,1,1.0000,7,1105
19795,3187441,corner,1,1.0000,7,1106
19796,3187553,corner,1,1.0000,7,1107
19797,3187690,corner,1,1.0000,7,1108
19798,3187840,corner,1,1.0000,7,1109
19799,3187999,corner,1,1.0000,7,1110
19800,3188136,corner,1,1.0000,7,1111
19801,3188280,corner,1,1.0000,7,1112
19802,3188395,corner,1,1.0000,7,1113
19803,3188534,corner,1,1.0000,7,1114
19804,3188676,corner,1,1.0000,7,1115
19805,3188803,corner,1,1.0000,7,1116
19806,3188943,corner,1,1.0000,7,1117
19807,3189075,corner,1,1.0000,7,1118
19808,3189208,corner,1,1.0000,7,1119
19809,3189320,corner,1,1.0000,7,1120
19810,3189456,corner,1,1.0000,7,1121
19811,3189568,corner,1,1.0000,7,1122
19812,3190796,corner,1,1.0000,7,1123
19813,3190951,corner,1,1.0000,7,1124
19814,3191090,corner,1,1.0000,7,1125
19815,3191204,corner,1,1.0000,7,1126
19816,3191376,corner,1,1.0000,7,1127
19817,3191488,corner,1,1.0000,7,1128
19818,3191631,corner,1,1.0000,7,1129
19819,3191743,corner,1,1.0000,7,1130
19820,3191901,corner,1,1.0000,7,1131
19821,3192019,corner,1,1.0000,7,1132
19822,3192132,corner,1,1.0000,7,1133
19823,3192270,corner,1,1.0000,7,1134
19824,3192411,corner,1,1.0000,7,1135
19825,3192549,corner,1,1.0000,7,1136
19826,3192659,corner,1,1.0000,7,1137
19827,3192771,corner,1,1.0000,7,1138
19828,3192910,corner,1,1.0000,7,1139
19829,3193029,corner,1,1.0000,7,1140
19830,3193140,corner,1,1.0000,7,1141
19831,3193254,corner,1,1.0000,7,1142
19832,3193416,corner,1,1.0000,7,1143
19833,3194768,corner,1,1.0000,7,1144
19834,3194902,corner,1,1.0000,7,1145
19835,3195034,corner,1,1.0000,7,1146
19836,3195144,corner,1,1.0000,7,1147
19837,3195257,corner,1,1.0000,7,1148
19838,3195433,corner,1,1.0000,7,1149
19839,3195572,corner,1,1.0000,7,1150
19840,3195703,corner,1,1.0000,7,1151
19841,3195837,corner,1,1.0000,7,1152
19842,3195987,corner,1,1.0000,7,1153
19843,3196098,corner,1,1.0000,7,1154
19844,3196211,corner,1,1.0000,7,1155
19845,3196342,corner,1,1.0000,7,1156
19846,3196455,corner,1,1.0000,7,1157
19847,3196571,corner,1,1.0000,7,1158
19848,3196719,corner,1,1.0000,7,1159
19849,3196853,corner,1,1.0000,7,1160
19850,3196984,corner,1,1.0000,7,1161
19851,3197126,corner,1,1.0000,7,1162
19852,3197238,corner,1,1.0000,7,1163
19853,3197349,corner,1,1.0000,7,1164
19854,3197459,corner,1,1.0000,7,1165
19855,3197570,corner,1,1.0000,7,1166
19856,3197685,corner,1,1.0000,7,1167
19857,3197796,corner,1,1.0000,7,1168
19858,3197940,corner,1,1.0000,7,1169
19859,3198051,corner,1,1.0000,7,1170
19860,3198163,corner,1,1.0000,7,1171
19861,3198306,corner,1,1.0000,7,1172
19862,3198458,corner,1,1.0000,7,1173
19863,3198570,corner,1,1.0000,7,1174
19864,3198717,corner,1,1.0000,7,1175
19865,3198835,corner,1,1.0000,7,1176
19866,3198973,corner,1,1.0000,7,1177
19867,3199091,corner,1,1.0000,7,1178
19868,3199207,corner,1,1.0000,7,1179
19869,3199342,corner,1,1.0000,7,1180
19870,3199479,corner,1,1.0000,7,1181
19871,3199621,corner,1,1.0000,7,1182
19872,3199732,corner,1,1.0000,7,1183
19873,3199866,corner,1,1.0000,7,1184
19874,3200020,corner,1,1.0000,7,1185
19875,3200175,corner,1,1.0000,7,1186
19876,3200312,corner,1,1.0000,7,1187
19877,3200424,corner,1,1.0000,7,1188
19878,3200529,corner,1,1.0000,7,1189
19879,3200668,corner,1,1.0000,7,1190
19880,3200780,corner,1,1.0000,7,1191
19881,3200925,corner,1,1.0000,7,1192
19882,3201064,corner,1,1.0000,7,1193
19883,3201223,corner,1,1.0000,7,1194
19884,3201378,corner,1,1.0000,7,1195
19885,3201520,corner,1,1.0000,7,1196
19886,3201630,corner,1,1.0000,7,1197
19887,3201775,corner,1,1.0000,7,1198
19888,3201888,corner,1,1.0000,7,1199
19889,3202027,corner,1,1.0000,7,1200
19890,3202142,corner,1,1.0000,7,1201
19891,3202254,corner,1,1.0000,7,1202
19892,3202392,corner,1,1.0000,7,1203
19893,3202544,corner,1,1.0000,7,1204
19894,3202704,corner,1,1.0000,7,1205
19895,3202841,corner,1,1.0000,7,1206
19896,3202969,corner,1,1.0000,7,1207
19897,3203097,corner,1,1.0000,7,1208
19898,3203237,corner,1,1.0000,7,1209
19899,3203348,corner,1,1.0000,7,1210
19900,3203479,corner,1,1.0000,7,1211
19901,3203618,corner,1,1.0000,7,1212
19902,3203755,corner,1,1.0000,7,1213
19903,3203868,corner,1,1.0000,7,1214
19904,3203981,corner,1,1.0000,7,1215
19905,3204128,corner,1,1.0000,7,1216
19906,3204263,corner,1,1.0000,7,1217
19907,3204413,corner,1,1.0000,7,1218
19908,3204590,corner,1,1.0000,7,1219
19909,3204728,corner,1,1.0000,7,1220
19910,3204865,corner,1,1.0000,7,1221
19911,3204992,corner,1,1.0000,7,1222
19912,3205127,corner,1,1.0000,7,1223
19913,3205270,corner,1,1.0000,7,1224
19914,3205381,corner,1,1.0000,7,1225
19915,3205517,corner,1,1.0000,7,1226
19916,3205655,corner,1,1.0000,7,1227
19917,3205791,corner,1,1.0000,7,1228
19918,3205942,corner,1,1.0000,7,1229
19919,3206084,corner,1,1.0000,7,1230
19920,3206217,corner,1,1.0000,7,1231
19921,3206361,corner,1,1.0000,7,1232
19922,3206494,corner,1,1.0000,7,1233
19923,3206630,corner,1,1.0000,7,1234
19924,3206767,corner,1,1.0000,7,1235
19925,3206900,corner,1,1.0000,7,1236
19926,3207012,corner,1,1.0000,7,1237
19927,3207165,corner,1,1.0000,7,1238
19928,3207281,corner,1,1.0000,7,1239
19929,3207415,corner,1,1.0000,7,1240
19930,3207552,corner,1,1.0000,7,1241
19931,3207690,corner,1,1.0000,7,1242
19932,3207829,corner,1,1.0000,7,1243
19933,3207941,corner,1,1.0000,7,1244
19934,3208097,corner,1,1.0000,7,1245
19935,3208227,corner,1,1.0000,7,1246
19936,3208357,corner,1,1.0000,7,1247
19937,3208470,corner,1,1.0000,7,1248
19938,3208617,corner,1,1.0000,7,1249
19939,3208768,corner,1,1.0000,7,1250
19940,3208903,corner,1,1.0000,7,1251
19941,3209044,corner,1,1.0000,7,1252
19942,3209188,corner,1,1.0000,7,1253
19943,3210540,corner,1,1.0000,7,1254
19944,3210700,corner,1,1.0000,7,1255
19945,3210832,corner,1,1.0000,7,1256
19946,3210972,corner,1,1.0000,7,1257
19947,3211103,corner,1,1.0000,7,1258
19948,3211238,corner,1,1.0000,7,1259
19949,3211378,corner,1,1.0000,7,1260
19950,3211519,corner,1,1.0000,7,1261
19951,3211634,corner,1,1.0000,7,1262
19952,3211769,corner,1,1.0000,7,1263
19953,3211918,corner,1,1.0000,7,1264
19954,3212060,corner,1,1.0000,7,1265
19955,3212199,corner,1,1.0000,7,1266
19956,3212334,corner,1,1.0000,7,1267
19957,3212474,corner,1,1.0000,7,1268
19958,3212615,corner,1,1.0000,7,1269
19959,3212746,corner,1,1.0000,7,1270
19960,3212863,corner,1,1.0000,7,1271
19961,3213021,corner,1,1.0000,7,1272
19962,3213140,corner,1,1.0000,7,1273
19963,3213279,corner,1,1.0000,7,1274
19964,3213391,corner,1,1.0000,7,1275
19965,3213528,corner,1,1.0000,7,1276
19966,3213677,corner,1,1.0000,7,1277
19967,3213813,corner,1,1.0000,7,1278
19968,3213952,corner,1,1.0000,7,1279
19969,3214087,corner,1,1.0000,7,1280
19970,3214227,corner,1,1.0000,7,1281
19971,3214368,corner,1,1.0000,7,1282
19972,3214509,corner,1,1.0000,7,1283
19973,3214643,corner,1,1.0000,7,1284
19974,3214785,corner,1,1.0000,7,1285
19975,3214922,corner,1,1.0000,7,1286
19976,3215054,corner,1,1.0000,7,1287
19977,3215186,corner,1,1.0000,7,1288
19978,3215318,corner,1,1.0000,7,1289
19979,3215431,corner,1,1.0000,7,1290
19980,3215570,corner,1,1.0000,7,1291
19981,3215683,corner,1,1.0000,7,1292
19982,3215798,corner,1,1.0000,7,1293
19983,3215944,corner,1,1.0000,7,1294
19984,3216161,corner,1,1.0000,7,1295
19985,3216296,corner,1,1.0000,7,1296
19986,3216430,corner,1,1.0000,7,1297
19987,3216573,corner,1,1.0000,7,1298
19988,3216718,corner,1,1.0000,7,1299
19989,3216850,corner,1,1.0000,7,1300
19990,3217002,corner,1,1.0000,7,1301
19991,3217112,corner,1,1.0000,7,1302
19992,3217223,corner,1,1.0000,7,1303
19993,3217359,corner,1,1.0000,7,1304
19994,3217497,corner,1,1.0000,7,1305
19995,3217633,corner,1,1.0000,7,1306
19996,3217745,corner,1,1.0000,7,1307
19997,3217883,corner,1,1.0000,7,1308
19998,3217992,corner,1,1.0000,7,1309
19999,3218128,corner,1,1.0000,7,1310
20000,3218249,corner,1,1.0000,7,1311
20001,3218390,corner,1,1.0000,7,1312
20002,3218523,corner,1,1.0000,7,1313
20003,3218636,corner,1,1.0000,7,1314
20004,3218754,corner,1,1.0000,7,1315
20005,3218865,corner,1,1.0000,7,1316
20006,3218977,corner,1,1.0000,7,1317
20007,3219091,corner,1,1.0000,7,1318
20008,3219223,corner,1,1.0000,7,1319
20009,3219331,corner,1,1.0000,7,1320
20010,3219468,corner,1,1.0000,7,1321
20011,3219603,corner,1,1.0000,7,1322
20012,3219716,corner,1,1.0000,7,1323
20013,3219826,corner,1,1.0000,7,1324
20014,3219963,corner,1,1.0000,7,1325
20015,3220097,corner,1,1.0000,7,1326
20016,3220208,corner,1,1.0000,7,1327
20017,3220343,corner,1,1.0000,7,1328
20018,3221695,corner,1,1.0000,7,1329
20019,3221801,corner,1,1.0000,7,1330
20020,3221942,corner,1,1.0000,7,1331
20021,3222081,corner,1,1.0000,7,1332
20022,3223433,corner,1,1.0000,7,1333
20023,3223541,corner,1,1.0000,7,1334
20024,3223654,corner,1,1.0000,7,1335
20025,3223793,corner,1,1.0000,7,1336
20026,3223926,corner,1,1.0000,7,1337
20027,3224041,corner,1,1.0000,7,1338
20028,3224181,corner,1,1.0000,7,1339
20029,3224338,corner,1,1.0000,7,1340
20030,3224476,corner,1,1.0000,7,1341
20031,3224643,corner,1,1.0000,7,1342
20032,3224777,corner,1,1.0000,7,1343
20033,3224918,corner,1,1.0000,7,1344
20034,3225034,corner,1,1.0000,7,1345
20035,3225173,corner,1,1.0000,7,1346
20036,3225283,corner,1,1.0000,7,1347
20037,3225429,corner,1,1.0000,7,1348
20038,3226781,corner,1,1.0000,7,1349
20039,3226897,corner,1,1.0000,7,1350
20040,3227005,corner,1,1.0000,7,1351
20041,3227119,corner,1,1.0000,7,1352
20042,3227234,corner,1,1.0000,7,1353
20043,3227369,corner,1,1.0000,7,1354
20044,3227513,corner,1,1.0000,7,1355
20045,3227645,corner,1,1.0000,7,1356
20046,3227754,corner,1,1.0000,7,1357
20047,3227880,corner,1,1.0000,7,1358
20048,3227996,corner,1,1.0000,7,1359
20049,3228161,corner,1,1.0000,7,1360
20050,3228276,corner,1,1.0000,7,1361
20051,3228385,corner,1,1.0000,7,1362
20052,3228526,corner,1,1.0000,7,1363
20053,3228660,corner,1,1.0000,7,1364
20054,3228770,corner,1,1.0000,7,1365
20055,3230122,corner,0,0.9900,7,1366
20056,3230263,corner,1,0.9900,7,1367
20057,3230373,corner,1,0.9900,7,1368
20058,3230535,corner,1,0.9900,7,1369
20059,3230647,corner,1,0.9900,7,1370
20060,3230798,corner,1,0.9900,7,1371
20061,3230934,corner,1,0.9900,7,1372
20062,3231045,corner,1,0.9900,7,1373
20063,3231155,corner,1,0.9900,7,1374
20064,3231264,corner,1,0.9900,7,1375
20065,3231396,corner,1,0.9900,7,1376
20066,3232748,corner,1,0.9900,7,1377
20067,3232913,corner,1,0.9900,7,1378
20068,3233022,corner,1,0.9900,7,1379
20069,3233171,corner,1,0.9900,7,1380
20070,3233304,corner,1,0.9900,7,1381
20071,3233435,corner,1,0.9900,7,1382
20072,3233576,corner,1,0.9900,7,1383
20073,3233719,corner,1,0.9900,7,1384
20074,3233855,corner,1,0.9900,7,1385
20075,3234005,corner,1,0.9900,7,1386
20076,3234148,corner,1,0.9900,7,1387
20077,3234260,corner,1,0.9900,7,1388
20078,3234400,corner,1,0.9900,7,1389
20079,3234544,corner,1,0.9900,7,1390
20080,3234690,corner,1,0.9900,7,1391
20081,3234828,corner,1,0.9900,7,1392
20082,3234963,corner,1,0.9900,7,1393
20083,3235073,corner,1,0.9900,7,1394
20084,3235187,corner,1,0.9900,7,1395
20085,3235326,corner,1,0.9900,7,1396
20086,3235466,corner,1,0.9900,7,1397
20087,3235579,corner,1,0.9900,7,1398
20088,3235720,corner,1,0.9900,7,1399
20089,3235861,corner,1,0.9900,7,1400
20090,3235971,corner,1,0.9900,7,1401
20091,3236113,corner,1,0.9900,7,1402
20092,3236226,corner,1,0.9900,7,1403
20093,3236364,corner,1,0.9900,7,1404
20094,3236503,corner,1,0.9900,7,1405
20095,3236611,corner,1,0.9900,7,1406
20096,3236747,corner,1,0.9900,7,1407
20097,3236918,corner,1,0.9900,7,1408
20098,3237050,corner,1,0.9900,7,1409
20099,3237158,corner,1,0.9900,7,1410
20100,3237295,corner,1,0.9900,7,1411
20101,3237439,corner,1,0.9900,7,1412
20102,3237592,corner,1,0.9900,7,1413
20103,3237727,corner,1,0.9900,7,1414
20104,3237868,corner,1,0.9900,7,1415
20105,3238033,corner,1,0.9900,7,1416
20106,3238142,corner,1,0.9900,7,1417
20107,3238260,corner,1,0.9900,7,1418
20108,3238398,corner,1,0.9900,7,1419
20109,3238532,corner,1,0.9900,7,1420
20110,3238664,corner,1,0.9900,7,1421
20111,3238802,corner,1,0.9900,7,1422
20112,3238960,corner,1,0.9900,7,1423
20113,3239068,corner,1,0.9900,7,1424
20114,3239205,corner,1,0.9900,7,1425
20115,3239342,corner,1,0.9900,7,1426
20116,3239476,corner,1,0.9900,7,1427
20117,3239619,corner,1,0.9900,7,1428
20118,3239760,corner,1,0.9900,7,1429
20119,3239900,corner,1,0.9900,7,1430
20120,3240035,corner,1,0.9900,7,1431
20121,3240143,corner,1,0.9900,7,1432
20122,3240254,corner,1,0.9900,7,1433
20123,3240410,corner,1,0.9900,7,1434
20124,3240557,corner,1,0.9900,7,1435
20125,3240689,corner,1,0.9900,7,1436
20126,3240817,corner,1,0.9900,7,1437
20127,3241078,corner,1,0.9900,7,1438
20128,3241195,corner,1,0.9900,7,1439
20129,3241342,corner,1,0.9900,7,1440
20130,3242694,corner,1,0.9900,7,1441
20131,3242840,corner,1,0.9900,7,1442
20132,3242949,corner,1,0.9900,7,1443
20133,3243097,corner,1,0.9900,7,1444
20134,3243219,corner,1,0.9900,7,1445
20135,3243365,corner,1,0.9900,7,1446
20136,3243517,corner,1,0.9900,7,1447
20137,3243652,corner,1,0.9900,7,1448
20138,3243789,corner,1,0.9900,7,1449
20139,3243929,corner,1,0.9900,7,1450
20140,3244065,corner,1,0.9900,7,1451
20141,3244194,corner,1,0.9900,7,1452
20142,3244344,corner,1,0.9900,7,1453
20143,3244452,corner,1,0.9900,7,1454
20144,3244593,corner,1,0.9900,7,1455
20145,3244708,corner,1,0.9900,7,1456
20146,3244851,corner,1,0.9900,7,1457
20147,3244959,corner,1,0.9900,7,1458
20148,3245111,corner,1,0.9900,7,1459
20149,3245245,corner,1,0.9900,7,1460
20150,3245379,corner,1,0.9900,7,1461
20151,3245527,corner,1,0.9900,7,1462
20152,3245658,corner,1,0.9900,7,1463
20153,3245791,corner,1,0.9900,7,1464
20154,3245932,corner,1,0.9900,7,1465
20155,3246078,corner,1,1.0000,7,1466
20156,3246189,corner,1,1.0000,7,1467
20157,3246334,corner,1,1.0000,7,1468
20158,3247091,corner,1,1.0000,7,1469
20159,3247204,corner,1,1.0000,7,1470
20160,3247345,corner,1,1.0000,7,1471
20161,3247477,corner,1,1.0000,7,1472
20162,3247638,corner,1,1.0000,7,1473
20163,3247775,corner,1,1.0000,7,1474
20164,3247883,corner,1,1.0000,7,1475
20165,3248012,corner,1,1.0000,7,1476
20166,3248150,corner,1,1.0000,7,1477
20167,3248260,corner,1,1.0000,7,1478
20168,3249612,corner,1,1.0000,7,1479
20169,3249760,corner,1,1.0000,7,1480
20170,3249902,corner,1,1.0000,7,1481
20171,3250038,corner,1,1.0000,7,1482
20172,3250148,corner,1,1.0000,7,1483
20173,3250302,corner,1,1.0000,7,1484
20174,3250410,corner,1,1.0000,7,1485
20175,3250552,corner,1,1.0000,7,1486
20176,3250694,corner,1,1.0000,7,1487
20177,3250802,corner,1,1.0000,7,1488
20178,3250912,corner,1,1.0000,7,1489
20179,3251057,corner,1,1.0000,7,1490
20180,3251190,corner,1,1.0000,7,1491
20181,3251335,corner,1,1.0000,7,1492
20182,3251446,corner,1,1.0000,7,1493
20183,3251604,corner,1,1.0000,7,1494
20184,3251714,corner,1,1.0000,7,1495
20185,3251848,corner,1,1.0000,7,1496
20186,3251968,corner,1,1.0000,7,1497
20187,3252301,corner,1,1.0000,7,1498
20188,3252411,corner,1,1.0000,7,1499
20189,3252520,corner,1,1.0000,7,1500
20190,3252630,corner,1,1.0000,7,1501
20191,3252786,corner,1,1.0000,7,1502
20192,3252933,corner,1,1.0000,7,1503
20193,3253072,corner,1,1.0000,7,1504
20194,3253218,corner,1,1.0000,7,1505
20195,3253327,corner,1,1.0000,7,1506
20196,3253437,corner,1,1.0000,7,1507
20197,3253547,corner,1,1.0000,7,1508
20198,3253695,corner,1,1.0000,7,1509
20199,3253834,corner,1,1.0000,7,1510
20200,3253943,corner,1,1.0000,7,1511
20201,3254056,corner,1,1.0000,7,1512
20202,3254205,corner,1,1.0000,7,1513
20203,3254315,corner,1,1.0000,7,1514
20204,3254423,corner,1,1.0000,7,1515
20205,3254572,corner,1,1.0000,7,1516
20206,3254684,corner,1,1.0000,7,1517
20207,3254791,corner,1,1.0000,7,1518
20208,3254904,corner,1,1.0000,7,1519
20209,3255012,corner,1,1.0000,7,1520
20210,3255121,corner,1,1.0000,7,1521
20211,3255231,corner,1,1.0000,7,1522
20212,3255339,corner,1,1.0000,7,1523
20213,3255469,corner,1,1.0000,7,1524
20214,3255632,corner,1,1.0000,7,1525
20215,3255741,corner,1,1.0000,7,1526
20216,3255850,corner,1,1.0000,7,1527
20217,3255966,corner,1,1.0000,7,1528
20218,3256096,corner,1,1.0000,7,1529
20219,3256233,corner,1,1.0000,7,1530
20220,3256393,corner,1,1.0000,7,1531
20221,3256501,corner,1,1.0000,7,1532
20222,3256610,corner,1,1.0000,7,1533
20223,3256748,corner,1,1.0000,7,1534
20224,3256857,corner,1,1.0000,7,1535
20225,3256999,corner,1,1.0000,7,1536
20226,3257109,corner,1,1.0000,7,1537
20227,3257249,corner,1,1.0000,7,1538
20228,3257367,corner,1,1.0000,7,1539
20229,3258719,corner,1,1.0000,7,1540
20230,3258857,corner,1,1.0000,7,1541
20231,3258987,corner,1,1.0000,7,1542
20232,3259104,corner,1,1.0000,7,1543
20233,3259240,corner,1,1.0000,7,1544
20234,3259348,corner,1,1.0000,7,1545
20235,3259488,corner,1,1.0000,7,1546
20236,3259635,corner,1,1.0000,7,1547
20237,3259768,corner,1,1.0000,7,1548
20238,3259910,corner,1,1.0000,7,1549
20239,3260041,corner,1,1.0000,7,1550
20240,3260149,corner,1,1.0000,7,1551
20241,3260258,corner,1,1.0000,7,1552
20242,3260394,corner,1,1.0000,7,1553
20243,3260530,corner,1,1.0000,7,1554
20244,3260687,corner,1,1.0000,7,1555
20245,3260821,corner,1,1.0000,7,1556
20246,3260932,corner,1,1.0000,7,1557
20247,3261080,corner,1,1.0000,7,1558
20248,3261189,corner,1,1.0000,7,1559
20249,3261333,corner,1,1.0000,7,1560
20250,3261479,corner,1,1.0000,7,1561
20251,3261592,corner,1,1.0000,7,1562
20252,3261729,corner,1,1.0000,7,1563
20253,3261837,corner,1,1.0000,7,1564
20254,3261968,corner,1,1.0000,7,1565
20255,3262108,corner,1,1.0000,7,1566
20256,3262256,corner,1,1.0000,7,1567
20257,3262381,corner,1,1.0000,7,1568
20258,3262498,corner,1,1.0000,7,1569
20259,3262630,corner,1,1.0000,7,1570
20260,3262769,corner,1,1.0000,7,1571
20261,3262878,corner,1,1.0000,7,1572
20262,3263028,corner,1,1.0000,7,1573
20263,3263166,corner,1,1.0000,7,1574
20264,3263307,corner,1,1.0000,7,1575
20265,3263441,corner,1,1.0000,7,1576
20266,3263568,corner,1,1.0000,7,1577
20267,3263686,corner,1,1.0000,7,1578
20268,3263934,corner,1,1.0000,7,1579
20269,3264069,corner,1,1.0000,7,1580
20270,3264222,corner,1,1.0000,7,1581
20271,3264365,corner,1,1.0000,7,1582
20272,3264500,corner,1,1.0000,7,1583
20273,3264644,corner,1,1.0000,7,1584
20274,3264788,corner,1,1.0000,7,1585
20275,3264952,corner,1,1.0000,7,1586
20276,3265068,corner,1,1.0000,7,1587
20277,3265213,corner,1,1.0000,7,1588
20278,3265359,corner,1,1.0000,7,1589
20279,3265489,corner,1,1.0000,7,1590
20280,3265629,corner,1,1.0000,7,1591
20281,3265740,corner,1,1.0000,7,1592
20282,3265875,corner,1,1.0000,7,1593
20283,3266001,corner,1,1.0000,7,1594
20284,3266137,corner,1,1.0000,7,1595
20285,3266271,corner,1,1.0000,7,1596
20286,3266420,corner,1,1.0000,7,1597
20287,3266528,corner,1,1.0000,7,1598
20288,3266658,corner,1,1.0000,7,1599
20289,3266801,corner,1,1.0000,7,1600
20290,3266943,corner,1,1.0000,7,1601
20291,3267076,corner,1,1.0000,7,1602
20292,3267206,corner,1,1.0000,7,1603
20293,3267350,corner,1,1.0000,7,1604
20294,3267492,corner,1,1.0000,7,1605
20295,3267625,corner,1,1.0000,7,1606
20296,3267771,corner,1,1.0000,7,1607
20297,3267916,corner,1,1.0000,7,1608
20298,3268024,corner,1,1.0000,7,1609
20299,3268154,corner,1,1.0000,7,1610
20300,3268290,corner,1,1.0000,7,1611
20301,3268399,corner,1,1.0000,7,1612
20302,3268544,corner,1,1.0000,7,1613
20303,3268653,corner,1,1.0000,7,1614
20304,3268774,corner,1,1.0000,7,1615
20305,3268916,corner,1,1.0000,7,1616
20306,3269051,corner,1,1.0000,7,1617
20307,3269207,corner,1,1.0000,7,1618
20308,3269318,corner,1,1.0000,7,1619
20309,3269463,corner,1,1.0000,7,1620
20310,3269604,corner,1,1.0000,7,1621
20311,3269735,corner,1,1.0000,7,1622
20312,3269880,corner,1,1.0000,7,1623
20313,3270013,corner,1,1.0000,7,1624
20314,3270167,corner,1,1.0000,7,1625
20315,3270276,corner,1,1.0000,7,1626
20316,3270422,corner,1,1.0000,7,1627
20317,3270530,corner,1,1.0000,7,1628
20318,3270699,corner,1,1.0000,7,1629
20319,3270848,corner,1,1.0000,7,1630
20320,3270959,corner,1,1.0000,7,1631
20321,3271117,corner,1,1.0000,7,1632
20322,3271225,corner,1,1.0000,7,1633
20323,3271365,corner,1,1.0000,7,1634
20324,3271503,corner,1,1.0000,7,1635
20325,3271640,corner,1,1.0000,7,1636
20326,3271749,corner,1,1.0000,7,1637
20327,3271898,corner,1,1.0000,7,1638
20328,3272053,corner,1,1.0000,7,1639
20329,3272164,corner,1,1.0000,7,1640
20330,3272307,corner,1,1.0000,7,1641
20331,3272445,corner,1,1.0000,7,1642
20332,3272561,corner,1,1.0000,7,1643
20333,3272673,corner,1,1.0000,7,1644
20334,3272781,corner,1,1.0000,7,1645
20335,3272911,corner,1,1.0000,7,1646
20336,3273054,corner,1,1.0000,7,1647
20337,3273164,corner,1,1.0000,7,1648
20338,3273275,corner,1,1.0000,7,1649
20339,3273411,corner,1,1.0000,7,1650
20340,3273576,corner,1,1.0000,7,1651
20341,3273721,corner,1,1.0000,7,1652
20342,3273865,corner,1,1.0000,7,1653
20343,3274011,corner,1,1.0000,7,1654
20344,3274169,corner,1,1.0000,7,1655
20345,3274318,corner,1,1.0000,7,1656
20346,3274452,corner,1,1.0000,7,1657
20347,3274596,corner,1,1.0000,7,1658
20348,3274738,corner,1,1.0000,7,1659
20349,3276090,corner,1,1.0000,7,1660
20350,3276242,corner,1,1.0000,7,1661
20351,3276377,corner,1,1.0000,7,1662
20352,3276511,corner,1,1.0000,7,1663
20353,3276621,corner,1,1.0000,7,1664
20354,3276758,corner,1,1.0000,7,1665
20355,3277062,corner,1,1.0000,7,1666
20356,3277199,corner,1,1.0000,7,1667
20357,3277336,corner,1,1.0000,7,1668
20358,3277444,corner,1,1.0000,7,1669
20359,3277588,corner,1,1.0000,7,1670
20360,3277734,corner,1,1.0000,7,1671
20361,3277885,corner,1,1.0000,7,1672
20362,3278015,corner,1,1.0000,7,1673
20363,3278159,corner,1,1.0000,7,1674
20364,3278296,corner,1,1.0000,7,1675
20365,3278444,corner,1,1.0000,7,1676
20366,3278582,corner,1,1.0000,7,1677
20367,3278691,corner,1,1.0000,7,1678
20368,3278832,corner,1,1.0000,7,1679
20369,3278941,corner,1,1.0000,7,1680
20370,3279051,corner,1,1.0000,7,1681
20371,3279172,corner,1,1.0000,7,1682
20372,3279287,corner,1,1.0000,7,1683
20373,3279421,corner,1,1.0000,7,1684
20374,3279557,corner,1,1.0000,7,1685
20375,3279673,corner,1,1.0000,7,1686
20376,3279787,corner,1,1.0000,7,1687
20377,3279939,corner,1,1.0000,7,1688
20378,3280052,corner,1,1.0000,7,1689
20379,3280164,corner,1,1.0000,7,1690
20380,3280307,corner,1,1.0000,7,1691
20381,3280449,corner,1,1.0000,7,1692
20382,3280591,corner,1,1.0000,7,1693
20383,3280733,corner,1,1.0000,7,1694
20384,3280843,corner,1,1.0000,7,1695
20385,3280953,corner,1,1.0000,7,1696
20386,3281092,corner,1,1.0000,7,1697
20387,3281201,corner,1,1.0000,7,1698
20388,3281336,corner,1,1.0000,7,1699
20389,3281444,corner,1,1.0000,7,1700
20390,3281602,corner,1,1.0000,7,1701
20391,3281753,corner,1,1.0000,7,1702
20392,3281861,corner,1,1.0000,7,1703
20393,3281993,corner,1,1.0000,7,1704
20394,3282102,corner,1,1.0000,7,1705
20395,3282242,corner,1,1.0000,7,1706
20396,3282382,corner,1,1.0000,7,1707
20397,3282490,corner,1,1.0000,7,1708
20398,3282644,corner,1,1.0000,7,1709
20399,3282778,corner,1,1.0000,7,1710
20400,3282921,corner,1,1.0000,7,1711
20401,3283060,corner,1,1.0000,7,1712
20402,3283200,corner,1,1.0000,7,1713
20403,3283308,corner,1,1.0000,7,1714
20404,3283446,corner,1,1.0000,7,1715
20405,3283566,corner,1,1.0000,7,1716
20406,3283680,corner,1,1.0000,7,1717
20407,3283818,corner,1,1.0000,7,1718
20408,3283954,corner,1,1.0000,7,1719
20409,3284062,corner,1,1.0000,7,1720
20410,3284198,corner,1,1.0000,7,1721
20411,3284304,corner,1,1.0000,7,1722
20412,3284413,corner,1,1.0000,7,1723
20413,3284527,corner,1,1.0000,7,1724
20414,3284664,corner,1,1.0000,7,1725
20415,3284792,corner,1,1.0000,7,1726
20416,3284900,corner,1,1.0000,7,1727
20417,3285053,corner,1,1.0000,7,1728
20418,3285161,corner,1,1.0000,7,1729
20419,3285269,corner,1,1.0000,7,1730
20420,3285378,corner,1,1.0000,7,1731
20421,3285489,corner,1,1.0000,7,1732
20422,3285613,corner,1,1.0000,7,1733
20423,3285723,corner,1,1.0000,7,1734
20424,3287075,corner,1,1.0000,7,1735
20425,3287183,corner,1,1.0000,7,1736
20426,3287290,corner,1,1.0000,7,1737
20427,3287422,corner,1,1.0000,7,1738
20428,3287531,corner,1,1.0000,7,1739
20429,3287667,corner,1,1.0000,7,1740
20430,3287777,corner,1,1.0000,7,1741
20431,3287886,corner,1,1.0000,7,1742
20432,3287995,corner,1,1.0000,7,1743
20433,3288142,corner,1,1.0000,7,1744
20434,3288275,corner,1,1.0000,7,1745
20435,3288384,corner,1,1.0000,7,1746
20436,3288531,corner,1,1.0000,7,1747
20437,3288670,corner,1,1.0000,7,1748
20438,3288786,corner,1,1.0000,7,1749
20439,3288923,corner,1,1.0000,7,1750
20440,3289059,corner,1,1.0000,7,1751
20441,3289168,corner,1,1.0000,7,1752
20442,3289277,corner,1,1.0000,7,1753
20443,3289386,corner,1,1.0000,7,1754
20444,3289524,corner,1,1.0000,7,1755
20445,3289639,corner,1,1.0000,7,1756
20446,3289744,corner,1,1.0000,7,1757
20447,3289854,corner,1,1.0000,7,1758
20448,3289962,corner,1,1.0000,7,1759
20449,3290070,corner,1,1.0000,7,1760
20450,3291422,corner,1,1.0000,7,1761
20451,3291530,corner,1,1.0000,7,1762
20452,3291642,corner,1,1.0000,7,1763
20453,3291751,corner,1,1.0000,7,1764
20454,3291859,corner,1,1.0000,7,1765
20455,3291989,corner,1,1.0000,7,1766
20456,3292127,corner,1,1.0000,7,1767
20457,3292245,corner,1,1.0000,7,1768
20458,3292369,corner,1,1.0000,7,1769
20459,3292496,corner,1,1.0000,7,1770
20460,3292620,corner,1,1.0000,7,1771
20461,3292731,corner,1,1.0000,7,1772
20462,3292840,corner,1,1.0000,7,1773
20463,3292948,corner,1,1.0000,7,1774
20464,3293079,corner,1,1.0000,7,1775
20465,3293220,corner,1,1.0000,7,1776
20466,3293333,corner,1,1.0000,7,1777
20467,3293445,corner,1,1.0000,7,1778
20468,3293553,corner,1,1.0000,7,1779
20469,3293672,corner,1,1.0000,7,1780
20470,3293809,corner,1,1.0000,7,1781
20471,3293947,corner,1,1.0000,7,1782
20472,3294064,corner,1,1.0000,7,1783
20473,3294173,corner,1,1.0000,7,1784
20474,3294313,corner,1,1.0000,7,1785
20475,3294451,corner,1,1.0000,7,1786
20476,3294559,corner,1,1.0000,7,1787
20477,3294667,corner,1,1.0000,7,1788
20478,3294776,corner,1,1.0000,7,1789
20479,3294914,corner,1,1.0000,7,1790
20480,3295038,corner,1,1.0000,7,1791
20481,3295172,corner,1,1.0000,7,1792
20482,3296524,corner,1,1.0000,7,1793
20483,3296721,corner,1,1.0000,7,1794
20484,3296853,corner,1,1.0000,7,1795
20485,3296990,corner,1,1.0000,7,1796
20486,3297118,corner,1,1.0000,7,1797
20487,3297261,corner,1,1.0000,7,1798
20488,3297393,corner,1,1.0000,7,1799
20489,3297547,corner,1,1.0000,7,1800
20490,3297686,corner,1,1.0000,7,1801
20491,3297794,corner,1,1.0000,7,1802
20492,3297903,corner,1,1.0000,7,1803
20493,3298034,corner,1,1.0000,7,1804
20494,3298180,corner,1,1.0000,7,1805
20495,3298314,corner,1,1.0000,7,1806
20496,3298429,corner,1,1.0000,7,1807
20497,3298538,corner,1,1.0000,7,1808
20498,3298657,corner,1,1.0000,7,1809
20499,3298791,corner,1,1.0000,7,1810
20500,3298921,corner,1,1.0000,7,1811
20501,3299031,corner,1,1.0000,7,1812
20502,3299139,corner,1,1.0000,7,1813
20503,3299249,corner,1,1.0000,7,1814
20504,3299357,corner,1,1.0000,7,1815
20505,3299501,corner,1,1.0000,7,1816
20506,3299610,corner,1,1.0000,7,1817
20507,3299758,corner,1,1.0000,7,1818
20508,3299920,corner,1,1.0000,7,1819
20509,3300056,corner,1,1.0000,7,1820
20510,3300179,defensive,1,1.0000,8,1
20511,3300305,defensive,1,1.0000,8,2
20512,3300444,defensive,1,1.0000,8,3
20513,3300584,defensive,1,1.0000,8,4
20514,3300710,defensive,1,1.0000,8,5
20515,3300836,defensive,1,1.0000,8,6
20516,3300962,defensive,1,1.0000,8,7
20517,3301082,defensive,1,1.0000,8,8
20518,3301217,defensive,1,1.0000,8,9
20519,3301361,defensive,1,1.0000,8,10
20520,3301534,defensive,1,1.0000,8,11
20521,3301662,defensive,1,1.0000,8,12
20522,3301801,defensive,1,1.0000,8,13
20523,3301923,defensive,1,1.0000,8,14
20524,3302052,defensive,1,1.0000,8,15
20525,3302178,defensive,1,1.0000,8,16
20526,3302351,defensive,1,1.0000,8,17
20527,3302540,defensive,1,1.0000,8,18
20528,3302692,defensive,1,1.0000,8,19
20529,3302835,defensive,1,1.0000,8,20
20530,3302961,defensive,1,1.0000,8,21
20531,3303089,defensive,1,1.0000,8,22
20532,3303221,defensive,1,1.0000,8,23
20533,3303353,defensive,1,1.0000,8,24
20534,3303524,defensive,1,1.0000,8,25
20535,3303649,defensive,1,1.0000,8,26
20536,3303767,defensive,1,1.0000,8,27
20537,3303892,defensive,1,1.0000,8,28
20538,3304020,defensive,1,1.0000,8,29
20539,3304146,defensive,1,1.0000,8,30
20540,3304335,defensive,1,1.0000,8,31
20541,3304467,defensive,1,1.0000,8,32
20542,3304613,defensive,1,1.0000,8,33
20543,3304740,defensive,1,1.0000,8,34
20544,3304864,defensive,1,1.0000,8,35
20545,3304988,defensive,1,1.0000,8,36
20546,3305203,defensive,1,1.0000,8,37
20547,3305350,defensive,1,1.0000,8,38
20548,3305471,defensive,1,1.0000,8,39
20549,3305606,defensive,1,1.0000,8,40
20550,3305732,defensive,1,1.0000,8,41
20551,3305866,defensive,1,1.0000,8,42
20552,3305994,defensive,1,1.0000,8,43
20553,3306121,defensive,1,1.0000,8,44
20554,3306251,defensive,1,1.0000,8,45
20555,3306415,defensive,1,1.0000,8,46
20556,3306557,defensive,1,1.0000,8,47
20557,3306696,defensive,1,1.0000,8,48
20558,3306822,defensive,1,1.0000,8,49
20559,3306946,defensive,1,1.0000,8,50
20560,3307068,defensive,1,1.0000,8,51
20561,3307204,defensive,1,1.0000,8,52
20562,3307349,defensive,1,1.0000,8,53
20563,3307492,defensive,1,1.0000,8,54
20564,3307631,defensive,1,1.0000,8,55
20565,3307761,defensive,1,1.0000,8,56
20566,3307920,defensive,1,1.0000,8,57
20567,3308057,defensive,1,1.0000,8,58
20568,3308188,defensive,1,1.0000,8,59
20569,3308343,defensive,1,1.0000,8,60
20570,3308482,defensive,1,1.0000,8,61
20571,3308613,defensive,1,1.0000,8,62
20572,3308734,defensive,1,1.0000,8,63
20573,3308854,defensive,1,1.0000,8,64
20574,3308988,defensive,1,1.0000,8,65
20575,3309140,defensive,1,1.0000,8,66
20576,3309267,defensive,1,1.0000,8,67
20577,3309406,defensive,1,1.0000,8,68
20578,3309528,defensive,1,1.0000,8,69
20579,3309672,defensive,1,1.0000,8,70
20580,3309848,defensive,1,1.0000,8,71
20581,3309972,defensive,1,1.0000,8,72
20582,3310097,defensive,1,1.0000,8,73
20583,3310223,defensive,1,1.0000,8,74
20584,3310401,defensive,1,1.0000,8,75
20585,3310525,defensive,1,1.0000,8,76
20586,3310682,defensive,1,1.0000,8,77
20587,3310819,defensive,1,1.0000,8,78
20588,3310944,defensive,1,1.0000,8,79
20589,3311076,defensive,1,1.0000,8,80
20590,3311204,defensive,1,1.0000,8,81
20591,3311336,defensive,1,1.0000,8,82
20592,3311483,defensive,1,1.0000,8,83
20593,3311607,defensive,1,1.0000,8,84
20594,3311737,defensive,1,1.0000,8,85
20595,3311882,defensive,1,1.0000,8,86
20596,3312017,defensive,1,1.0000,8,87
20597,3312152,defensive,1,1.0000,8,88
20598,3312344,defensive,1,1.0000,8,89
20599,3312465,defensive,1,1.0000,8,90
20600,3312616,defensive,1,1.0000,8,91
20601,3312743,defensive,1,1.0000,8,92
20602,3312867,defensive,1,1.0000,8,93
20603,3312995,defensive,1,1.0000,8,94
20604,3313129,defensive,1,1.0000,8,95
20605,3313257,defensive,1,1.0000,8,96
20606,3313380,defensive,1,1.0000,8,97
20607,3313530,defensive,1,1.0000,8,98
20608,3313688,defensive,1,1.0000,8,99
20609,3313815,defensive,1,1.0000,8,100
20610,3313950,defensive,1,1.0000,8,101
20611,3314075,defensive,1,1.0000,8,102
20612,3314239,defensive,1,1.0000,8,103
20613,3314396,defensive,1,1.0000,8,104
20614,3314521,defensive,1,1.0000,8,105
20615,3314654,defensive,1,1.0000,8,106
20616,3314785,defensive,1,1.0000,8,107
20617,3314906,defensive,1,1.0000,8,108
20618,3314997,defensive,1,1.0000,8,109
20619,3315129,defensive,1,1.0000,8,110
20620,3315268,defensive,1,1.0000,8,111
20621,3315431,defensive,1,1.0000,8,112
20622,3315588,defensive,1,1.0000,8,113
20623,3315727,defensive,1,1.0000,8,114
20624,3315856,defensive,1,1.0000,8,115
20625,3315990,defensive,1,1.0000,8,116
20626,3316231,defensive,1,1.0000,8,117
20627,3316354,defensive,1,1.0000,8,118
20628,3316562,defensive,1,1.0000,8,119
20629,3316664,defensive,1,1.0000,8,120
20630,3316808,defensive,1,1.0000,8,121
20631,3316940,defensive,1,1.0000,8,122
20632,3317067,defensive,1,1.0000,8,123
20633,3317206,defensive,1,1.0000,8,124
20634,3317336,defensive,1,1.0000,8,125
20635,3317498,defensive,1,1.0000,8,126
20636,3317627,defensive,1,1.0000,8,127
20637,3317752,defensive,1,1.0000,8,128
20638,3317876,defensive,1,1.0000,8,129
20639,3318026,defensive,1,1.0000,8,130
20640,3318227,defensive,1,1.0000,8,131
20641,3318409,defensive,1,1.0000,8,132
20642,3318562,defensive,1,1.0000,8,133
20643,3318735,defensive,1,1.0000,8,134
20644,3318890,defensive,1,1.0000,8,135
20645,3319016,defensive,1,1.0000,8,136
20646,3319170,defensive,1,1.0000,8,137
20647,3319323,defensive,1,1.0000,8,138
20648,3319616,defensive,1,1.0000,8,139
20649,3319749,defensive,1,1.0000,8,140
20650,3319847,defensive,1,1.0000,8,141
20651,3320015,defensive,1,1.0000,8,142
20652,3320201,defensive,1,1.0000,8,143
20653,3320326,defensive,1,1.0000,8,144
20654,3320486,defensive,1,1.0000,8,145
20655,3320616,defensive,1,1.0000,8,146
20656,3320737,defensive,1,1.0000,8,147
20657,3320863,defensive,1,1.0000,8,148
20658,3320992,defensive,1,1.0000,8,149
20659,3321160,defensive,1,1.0000,8,150
20660,3321297,defensive,1,1.0000,8,151
20661,3321439,defensive,1,1.0000,8,152
20662,3321577,defensive,1,1.0000,8,153
20663,3321713,defensive,1,1.0000,8,154
20664,3321864,defensive,1,1.0000,8,155
20665,3321992,defensive,1,1.0000,8,156
20666,3322127,defensive,1,1.0000,8,157
20667,3322260,defensive,1,1.0000,8,158
20668,3322397,defensive,1,1.0000,8,159
20669,3322551,defensive,1,1.0000,8,160
20670,3322673,defensive,1,1.0000,8,161
20671,3322803,defensive,1,1.0000,8,162
20672,3322930,defensive,1,1.0000,8,163
20673,3323093,defensive,1,1.0000,8,164
20674,3323250,defensive,1,1.0000,8,165
20675,3323415,defensive,1,1.0000,8,166
20676,3323539,defensive,1,1.0000,8,167
20677,3323662,defensive,1,1.0000,8,168
20678,3323792,defensive,1,1.0000,8,169
20679,3323915,defensive,1,1.0000,8,170
20680,3324190,defensive,1,1.0000,8,171
20681,3324334,defensive,1,1.0000,8,172
20682,3324477,defensive,1,1.0000,8,173
20683,3324610,defensive,1,1.0000,8,174
20684,3324795,defensive,1,1.0000,8,175
20685,3324935,defensive,1,1.0000,8,176
20686,3325115,defensive,1,1.0000,8,177
20687,3325253,defensive,1,1.0000,8,178
20688,3325402,defensive,1,1.0000,8,179
20689,3325491,defensive,0,0.9900,8,180
20690,3325631,defensive,1,0.9900,8,181
20691,3325783,defensive,1,0.9900,8,182
20692,3325914,defensive,1,0.9900,8,183
20693,3326040,defensive,1,0.9900,8,184
20694,3326170,defensive,1,0.9900,8,185
20695,3326311,defensive,1,0.9900,8,186
20696,3326491,defensive,1,0.9900,8,187
20697,3326624,defensive,1,0.9900,8,188
20698,3326749,defensive,1,0.9900,8,189
20699,3326871,defensive,1,0.9900,8,190
20700,3326999,defensive,1,0.9900,8,191
20701,3327126,defensive,1,0.9900,8,192
20702,3327225,defensive,1,0.9900,8,193
20703,3327324,defensive,1,0.9900,8,194
20704,3327495,defensive,1,0.9900,8,195
20705,3327649,defensive,1,0.9900,8,196
20706,3327772,defensive,1,0.9900,8,197
20707,3327931,defensive,1,0.9900,8,198
20708,3328063,defensive,1,0.9900,8,199
20709,3328182,defensive,1,0.9900,8,200
20710,3328302,defensive,1,0.9900,8,201
20711,3328434,defensive,1,0.9900,8,202
20712,3328674,defensive,1,0.9900,8,203
20713,3328801,defensive,1,0.9900,8,204
20714,3328969,defensive,1,0.9900,8,205
20715,3329101,defensive,1,0.9900,8,206
20716,3329280,defensive,1,0.9900,8,207
20717,3329416,defensive,1,0.9900,8,208
20718,3329566,defensive,1,0.9900,8,209
20719,3329759,defensive,1,0.9900,8,210
20720,3329891,defensive,1,0.9900,8,211
20721,3330013,defensive,1,0.9900,8,212
20722,3330381,defensive,1,0.9900,8,213
20723,3330511,defensive,1,0.9900,8,214
20724,3330627,defensive,1,0.9900,8,215
20725,3330765,defensive,1,0.9900,8,216
20726,3330903,defensive,1,0.9900,8,217
20727,3331030,defensive,1,0.9900,8,218
20728,3331200,defensive,1,0.9900,8,219
20729,3331399,defensive,1,0.9900,8,220
20730,3331533,defensive,1,0.9900,8,221
20731,3331673,defensive,1,0.9900,8,222
20732,3331815,defensive,1,0.9900,8,223
20733,3331955,defensive,1,0.9900,8,224
20734,3332109,defensive,1,0.9900,8,225
20735,3332317,defensive,1,0.9900,8,226
20736,3332460,defensive,1,0.9900,8,227
20737,3332593,defensive,1,0.9900,8,228
20738,3332750,defensive,1,0.9900,8,229
20739,3332891,defensive,1,0.9900,8,230
20740,3333042,defensive,1,0.9900,8,231
20741,3333169,defensive,1,0.9900,8,232
20742,3333302,defensive,1,0.9900,8,233
20743,3333428,defensive,1,0.9900,8,234
20744,3333590,defensive,1,0.9900,8,235
20745,3333735,defensive,1,0.9900,8,236
20746,3333859,defensive,1,0.9900,8,237
20747,3333983,defensive,1,0.9900,8,238
20748,3334107,defensive,1,0.9900,8,239
20749,3334234,defensive,1,0.9900,8,240
20750,3334377,defensive,1,0.9900,8,241
20751,3334524,defensive,1,0.9900,8,242
20752,3334662,defensive,1,0.9900,8,243
20753,3334785,defensive,1,0.9900,8,244
20754,3334960,defensive,1,0.9900,8,245
20755,3335092,defensive,1,0.9900,8,246
20756,3335232,defensive,1,0.9900,8,247
20757,3335392,defensive,1,0.9900,8,248
20758,3335557,defensive,1,0.9900,8,249
20759,3335685,defensive,1,0.9900,8,250
20760,3335842,defensive,1,0.9900,8,251
20761,3335989,defensive,1,0.9900,8,252
20762,3336151,defensive,1,0.9900,8,253
20763,3336294,defensive,1,0.9900,8,254
20764,3336453,defensive,1,0.9900,8,255
20765,3336576,defensive,1,0.9900,8,256
20766,3336706,defensive,1,0.9900,8,257
20767,3336831,defensive,1,0.9900,8,258
20768,3336963,defensive,1,0.9900,8,259
20769,3337120,defensive,1,0.9900,8,260
20770,3337310,defensive,1,0.9900,8,261
20771,3337504,defensive,1,0.9900,8,262
20772,3337706,defensive,1,0.9900,8,263
20773,3337855,defensive,1,0.9900,8,264
20774,3338001,defensive,1,0.9900,8,265
20775,3338147,defensive,1,0.9900,8,266
20776,3338251,defensive,1,0.9900,8,267
20777,3338408,defensive,1,0.9900,8,268
20778,3338566,defensive,1,0.9900,8,269
20779,3338712,defensive,1,0.9900,8,270
20780,3338846,defensive,1,0.9900,8,271
20781,3338974,defensive,1,0.9900,8,272
20782,3339103,defensive,1,0.9900,8,273
20783,3339240,defensive,1,0.9900,8,274
20784,3339375,defensive,1,0.9900,8,275
20785,3339509,defensive,1,0.9900,8,276
20786,3339647,defensive,1,0.9900,8,277
20787,3339787,defensive,1,0.9900,8,278
20788,3339930,defensive,1,0.9900,8,279
20789,3340053,defensive,1,1.0000,8,280
20790,3340184,defensive,1,1.0000,8,281
20791,3340349,defensive,1,1.0000,8,282
20792,3340523,defensive,1,1.0000,8,283
20793,3340651,defensive,1,1.0000,8,284
20794,3340780,defensive,1,1.0000,8,285
20795,3340904,defensive,1,1.0000,8,286
20796,3341050,defensive,1,1.0000,8,287
20797,3341237,defensive,1,1.0000,8,288
20798,3341364,defensive,1,1.0000,8,289
20799,3341498,defensive,1,1.0000,8,290
20800,3341723,defensive,1,1.0000,8,291
20801,3341849,defensive,1,1.0000,8,292
20802,3341984,defensive,1,1.0000,8,293
20803,3342113,defensive,1,1.0000,8,294
20804,3342235,defensive,1,1.0000,8,295
20805,3342367,defensive,1,1.0000,8,296
20806,3342493,defensive,1,1.0000,8,297
20807,3342621,defensive,1,1.0000,8,298
20808,3342761,defensive,1,1.0000,8,299
20809,3342853,defensive,0,0.9900,8,300
20810,3343087,defensive,1,0.9900,8,301
20811,3343237,defensive,1,0.9900,8,302
20812,3343377,defensive,1,0.9900,8,303
20813,3343504,defensive,1,0.9900,8,304
20814,3343643,defensive,1,0.9900,8,305
20815,3343771,defensive,1,0.9900,8,306
20816,3343938,defensive,1,0.9900,8,307
20817,3344070,defensive,1,0.9900,8,308
20818,3344198,defensive,1,0.9900,8,309
20819,3344328,defensive,1,0.9900,8,310
20820,3344478,defensive,1,0.9900,8,311
20821,3344623,defensive,1,0.9900,8,312
20822,3344749,defensive,1,0.9900,8,313
20823,3344880,defensive,1,0.9900,8,314
20824,3345014,defensive,1,0.9900,8,315
20825,3345164,defensive,1,0.9900,8,316
20826,3345291,defensive,1,0.9900,8,317
20827,3345454,defensive,1,0.9900,8,318
20828,3345582,defensive,1,0.9900,8,319
20829,3345718,defensive,1,0.9900,8,320
20830,3345892,defensive,1,0.9900,8,321
20831,3346020,defensive,1,0.9900,8,322
20832,3346162,defensive,1,0.9900,8,323
20833,3346293,defensive,1,0.9900,8,324
20834,3346443,defensive,1,0.9900,8,325
20835,3346569,defensive,1,0.9900,8,326
20836,3346703,defensive,1,0.9900,8,327
20837,3346833,defensive,1,0.9900,8,328
20838,3346970,defensive,1,0.9900,8,329
20839,3347161,defensive,1,0.9900,8,330
20840,3347287,defensive,1,0.9900,8,331
20841,3347422,defensive,1,0.9900,8,332
20842,3347558,defensive,1,0.9900,8,333
20843,3347691,defensive,1,0.9900,8,334
20844,3347831,defensive,1,0.9900,8,335
20845,3347973,defensive,1,0.9900,8,336
20846,3348105,defensive,1,0.9900,8,337
20847,3348266,defensive,1,0.9900,8,338
20848,3348410,defensive,1,0.9900,8,339
20849,3348571,defensive,1,0.9900,8,340
20850,3348697,defensive,1,0.9900,8,341
20851,3348884,defensive,1,0.9900,8,342
20852,3349020,defensive,1,0.9900,8,343
20853,3349149,defensive,1,0.9900,8,344
20854,3349277,defensive,1,0.9900,8,345
20855,3349485,defensive,1,0.9900,8,346
20856,3349625,defensive,1,0.9900,8,347
20857,3349787,defensive,1,0.9900,8,348
20858,3349970,defensive,1,0.9900,8,349
20859,3350096,defensive,1,0.9900,8,350
20860,3350221,defensive,1,0.9900,8,351
20861,3350372,defensive,1,0.9900,8,352
20862,3350500,defensive,1,0.9900,8,353
20863,3350652,defensive,1,0.9900,8,354
20864,3350741,defensive,0,0.9800,8,355
20865,3350880,defensive,1,0.9800,8,356
20866,3351002,defensive,1,0.9800,8,357
20867,3351153,defensive,1,0.9800,8,358
20868,3351396,defensive,1,0.9800,8,359
20869,3351528,defensive,1,0.9800,8,360
20870,3351661,defensive,1,0.9800,8,361
20871,3351789,defensive,1,0.9800,8,362
20872,3351931,defensive,1,0.9800,8,363
20873,3352109,defensive,1,0.9800,8,364
20874,3352269,defensive,1,0.9800,8,365
20875,3352395,defensive,1,0.9800,8,366
20876,3352585,defensive,1,0.9800,8,367
20877,3352748,defensive,1,0.9800,8,368
20878,3353030,defensive,1,0.9800,8,369
20879,3353163,defensive,1,0.9800,8,370
20880,3353314,defensive,1,0.9800,8,371
20881,3353439,defensive,1,0.9800,8,372
20882,3353592,defensive,1,0.9800,8,373
20883,3353745,defensive,1,0.9800,8,374
20884,3353868,defensive,1,0.9800,8,375
20885,3354037,defensive,1,0.9800,8,376
20886,3354171,defensive,1,0.9800,8,377
20887,3354307,defensive,1,0.9800,8,378
20888,3354435,defensive,1,0.9800,8,379
20889,3354563,defensive,1,0.9800,8,380
20890,3354719,defensive,1,0.9800,8,381
20891,3354858,defensive,1,0.9800,8,382
20892,3354987,defensive,1,0.9800,8,383
20893,3355138,defensive,1,0.9800,8,384
20894,3355304,defensive,1,0.9800,8,385
20895,3355462,defensive,1,0.9800,8,386
20896,3355588,defensive,1,0.9800,8,387
20897,3355740,defensive,1,0.9800,8,388
20898,3355875,defensive,1,0.9800,8,389
20899,3356027,defensive,1,0.9800,8,390
20900,3356155,defensive,1,0.9800,8,391
20901,3356282,defensive,1,0.9800,8,392
20902,3356405,defensive,1,0.9800,8,393
20903,3356546,defensive,1,0.9800,8,394
20904,3356678,defensive,1,0.9800,8,395
20905,3356803,defensive,1,0.9800,8,396
20906,3356931,defensive,1,0.9800,8,397
20907,3357059,defensive,1,0.9800,8,398
20908,3357219,defensive,1,0.9800,8,399
20909,3357352,defensive,1,0.9900,8,400
20910,3357475,defensive,1,0.9900,8,401
20911,3357604,defensive,1,0.9900,8,402
20912,3357795,defensive,1,0.9900,8,403
20913,3357922,defensive,1,0.9900,8,404
20914,3358061,defensive,1,0.9900,8,405
20915,3358252,defensive,1,0.9900,8,406
20916,3358383,defensive,1,0.9900,8,407
20917,3358516,defensive,1,0.9900,8,408
20918,3358656,defensive,1,0.9900,8,409
20919,3358881,defensive,1,0.9900,8,410
20920,3359010,defensive,1,0.9900,8,411
20921,3359151,defensive,1,0.9900,8,412
20922,3359280,defensive,1,0.9900,8,413
20923,3359419,defensive,1,0.9900,8,414
20924,3359553,defensive,1,0.9900,8,415
20925,3359755,defensive,1,0.9900,8,416
20926,3359886,defensive,1,0.9900,8,417
20927,3360008,defensive,1,0.9900,8,418
20928,3360152,defensive,1,0.9900,8,419
20929,3360293,defensive,1,0.9900,8,420
20930,3360425,defensive,1,0.9900,8,421
20931,3360587,defensive,1,0.9900,8,422
20932,3360737,defensive,1,0.9900,8,423
20933,3360892,defensive,1,0.9900,8,424
20934,3361027,defensive,1,0.9900,8,425
20935,3361208,defensive,1,0.9900,8,426
20936,3361333,defensive,1,0.9900,8,427
20937,3361461,defensive,1,0.9900,8,428
20938,3361635,defensive,1,0.9900,8,429
20939,3361787,defensive,1,0.9900,8,430
20940,3361926,defensive,1,0.9900,8,431
20941,3362060,defensive,1,0.9900,8,432
20942,3362199,defensive,1,0.9900,8,433
20943,3362343,defensive,1,0.9900,8,434
20944,3362487,defensive,1,0.9900,8,435
20945,3362627,defensive,1,0.9900,8,436
20946,3362764,defensive,1,0.9900,8,437
20947,3362913,defensive,1,0.9900,8,438
20948,3363048,defensive,1,0.9900,8,439
20949,3363184,defensive,1,0.9900,8,440
20950,3363321,defensive,1,0.9900,8,441
20951,3363517,defensive,1,0.9900,8,442
20952,3363643,defensive,1,0.9900,8,443
20953,3363770,defensive,1,0.9900,8,444
20954,3363891,defensive,1,0.9900,8,445
20955,3364026,defensive,1,0.9900,8,446
20956,3364167,defensive,1,0.9900,8,447
20957,3364301,defensive,1,0.9900,8,448
20958,3364462,defensive,1,0.9900,8,449
20959,3364615,defensive,1,0.9900,8,450
20960,3364776,defensive,1,0.9900,8,451
20961,3364898,defensive,1,0.9900,8,452
20962,3365067,defensive,1,0.9900,8,453
20963,3365192,defensive,1,0.9900,8,454
20964,3365365,defensive,1,1.0000,8,455
20965,3365493,defensive,1,1.0000,8,456
20966,3365626,defensive,1,1.0000,8,457
20967,3365761,defensive,1,1.0000,8,458
20968,3365895,defensive,1,1.0000,8,459
20969,3366033,defensive,1,1.0000,8,460
20970,3366165,defensive,1,1.0000,8,461
20971,3366297,defensive,1,1.0000,8,462
20972,3366463,defensive,1,1.0000,8,463
20973,3366596,defensive,1,1.0000,8,464
20974,3366724,defensive,1,1.0000,8,465
20975,3366930,defensive,1,1.0000,8,466
20976,3367081,defensive,1,1.0000,8,467
20977,3367210,defensive,1,1.0000,8,468
20978,3367347,defensive,1,1.0000,8,469
20979,3367474,defensive,1,1.0000,8,470
20980,3367605,defensive,1,1.0000,8,471
20981,3367748,defensive,1,1.0000,8,472
20982,3367874,defensive,1,1.0000,8,473
20983,3368032,defensive,1,1.0000,8,474
20984,3368204,defensive,1,1.0000,8,475
20985,3368331,defensive,1,1.0000,8,476
20986,3368522,defensive,1,1.0000,8,477
20987,3368652,defensive,1,1.0000,8,478
20988,3368786,defensive,1,1.0000,8,479
20989,3368916,defensive,1,1.0000,8,480
20990,3369081,defensive,1,1.0000,8,481
20991,3369206,defensive,1,1.0000,8,482
20992,3369371,defensive,1,1.0000,8,483
20993,3369520,defensive,1,1.0000,8,484
20994,3369717,defensive,1,1.0000,8,485
20995,3369844,defensive,1,1.0000,8,486
20996,3369965,defensive,1,1.0000,8,487
20997,3370118,defensive,1,1.0000,8,488
20998,3370263,defensive,1,1.0000,8,489
20999,3370396,defensive,1,1.0000,8,490
21000,3370529,defensive,1,1.0000,8,491
21001,3370682,defensive,1,1.0000,8,492
21002,3370810,defensive,1,1.0000,8,493
21003,3370950,defensive,1,1.0000,8,494
21004,3371094,defensive,1,1.0000,8,495
21005,3371236,defensive,1,1.0000,8,496
21006,3371401,defensive,1,1.0000,8,497
21007,3371527,defensive,1,1.0000,8,498
21008,3371654,defensive,1,1.0000,8,499
21009,3371800,defensive,1,1.0000,8,500
21010,3371947,defensive,1,1.0000,8,501
21011,3372087,defensive,1,1.0000,8,502
21012,3372209,defensive,1,1.0000,8,503
21013,3372344,defensive,1,1.0000,8,504
21014,3372509,defensive,1,1.0000,8,505
21015,3372642,defensive,1,1.0000,8,506
21016,3372768,defensive,1,1.0000,8,507
21017,3372927,defensive,1,1.0000,8,508
21018,3373053,defensive,1,1.0000,8,509
21019,3373191,defensive,1,1.0000,8,510
21020,3373330,defensive,1,1.0000,8,511
21021,3373458,defensive,1,1.0000,8,512
21022,3373584,defensive,1,1.0000,8,513
21023,3373747,defensive,1,1.0000,8,514
21024,3373882,defensive,1,1.0000,8,515
21025,3374026,defensive,1,1.0000,8,516
21026,3374274,defensive,1,1.0000,8,517
21027,3374406,defensive,1,1.0000,8,518
21028,3374544,defensive,1,1.0000,8,519
21029,3374665,defensive,1,1.0000,8,520
21030,3374790,defensive,1,1.0000,8,521
21031,3374969,defensive,1,1.0000,8,522
21032,3375103,defensive,1,1.0000,8,523
21033,3375233,defensive,1,1.0000,8,524
21034,3375383,defensive,1,1.0000,8,525
21035,3375499,defensive,1,1.0000,8,526
21036,3375630,defensive,1,1.0000,8,527
21037,3375762,defensive,1,1.0000,8,528
21038,3375891,defensive,1,1.0000,8,529
21039,3376038,defensive,1,1.0000,8,530
21040,3376164,defensive,1,1.0000,8,531
21041,3376282,defensive,1,1.0000,8,532
21042,3376419,defensive,1,1.0000,8,533
21043,3376596,defensive,1,1.0000,8,534
21044,3376734,defensive,1,1.0000,8,535
21045,3376892,defensive,1,1.0000,8,536
21046,3377061,defensive,1,1.0000,8,537
21047,3377194,defensive,1,1.0000,8,538
21048,3377345,defensive,1,1.0000,8,539
21049,3377481,defensive,1,1.0000,8,540
21050,3377678,defensive,1,1.0000,8,541
21051,3377799,defensive,1,1.0000,8,542
21052,3377942,defensive,1,1.0000,8,543
21053,3378080,defensive,1,1.0000,8,544
21054,3378201,defensive,1,1.0000,8,545
21055,3378326,defensive,1,1.0000,8,546
21056,3378474,defensive,1,1.0000,8,547
21057,3378643,defensive,1,1.0000,8,548
21058,3378798,defensive,1,1.0000,8,549
21059,3378929,defensive,1,1.0000,8,550
21060,3379071,defensive,1,1.0000,8,551
21061,3379197,defensive,1,1.0000,8,552
21062,3379322,defensive,1,1.0000,8,553
21063,3379455,defensive,1,1.0000,8,554
21064,3379617,defensive,1,1.0000,8,555
21065,3379775,defensive,1,1.0000,8,556
21066,3379900,defensive,1,1.0000,8,557
21067,3380023,defensive,1,1.0000,8,558
21068,3380161,defensive,1,1.0000,8,559
21069,3380285,defensive,1,1.0000,8,560
21070,3380441,defensive,1,1.0000,8,561
21071,3380578,defensive,1,1.0000,8,562
21072,3380701,defensive,1,1.0000,8,563
21073,3380833,defensive,1,1.0000,8,564
21074,3380958,defensive,1,1.0000,8,565
21075,3381077,defensive,1,1.0000,8,566
21076,3381212,defensive,1,1.0000,8,567
21077,3381344,defensive,1,1.0000,8,568
21078,3381532,defensive,1,1.0000,8,569
21079,3381652,defensive,1,1.0000,8,570
21080,3381778,defensive,1,1.0000,8,571
21081,3381968,defensive,1,1.0000,8,572
21082,3382094,defensive,1,1.0000,8,573
21083,3382218,defensive,1,1.0000,8,574
21084,3382363,defensive,1,1.0000,8,575
21085,3382484,defensive,1,1.0000,8,576
21086,3382617,defensive,1,1.0000,8,577
21087,3382801,defensive,1,1.0000,8,578
21088,3382927,defensive,1,1.0000,8,579
21089,3383054,defensive,1,1.0000,8,580
21090,3383180,defensive,1,1.0000,8,581
21091,3383309,defensive,1,1.0000,8,582
21092,3383433,defensive,1,1.0000,8,583
21093,3383582,defensive,1,1.0000,8,584
21094,3383718,defensive,1,1.0000,8,585
21095,3383877,defensive,1,1.0000,8,586
21096,3384075,defensive,1,1.0000,8,587
21097,3384207,defensive,1,1.0000,8,588
21098,3384357,defensive,1,1.0000,8,589
21099,3384502,defensive,1,1.0000,8,590
21100,3384626,defensive,1,1.0000,8,591
21101,3384757,defensive,1,1.0000,8,592
21102,3384915,defensive,1,1.0000,8,593
21103,3385038,defensive,1,1.0000,8,594
21104,3385315,defensive,1,1.0000,8,595
21105,3385593,defensive,1,1.0000,8,596
21106,3385736,defensive,1,1.0000,8,597
21107,3385919,defensive,1,1.0000,8,598
21108,3386088,defensive,1,1.0000,8,599
21109,3386229,defensive,1,1.0000,8,600
21110,3386373,defensive,1,1.0000,8,601
21111,3386504,defensive,1,1.0000,8,602
21112,3386624,defensive,1,1.0000,8,603
21113,3386792,defensive,1,1.0000,8,604
21114,3386911,defensive,1,1.0000,8,605
21115,3387054,defensive,1,1.0000,8,606
21116,3387189,defensive,1,1.0000,8,607
21117,3387337,defensive,1,1.0000,8,608
21118,3387473,defensive,1,1.0000,8,609
21119,3387613,defensive,1,1.0000,8,610
21120,3387750,defensive,1,1.0000,8,611
21121,3387875,defensive,1,1.0000,8,612
21122,3388010,defensive,1,1.0000,8,613
21123,3388136,defensive,1,1.0000,8,614
21124,3388304,defensive,1,1.0000,8,615
21125,3388462,defensive,1,1.0000,8,616
21126,3388585,defensive,1,1.0000,8,617
21127,3388710,defensive,1,1.0000,8,618
21128,3388863,defensive,1,1.0000,8,619
21129,3389011,defensive,1,1.0000,8,620
21130,3389137,defensive,1,1.0000,8,621
21131,3389307,defensive,1,1.0000,8,622
21132,3389430,defensive,1,1.0000,8,623
21133,3389575,defensive,1,1.0000,8,624
21134,3389710,defensive,1,1.0000,8,625
21135,3389858,defensive,1,1.0000,8,626
21136,3390016,defensive,1,1.0000,8,627
21137,3390138,defensive,1,1.0000,8,628
21138,3390272,defensive,1,1.0000,8,629
21139,3390402,defensive,1,1.0000,8,630
21140,3390530,defensive,1,1.0000,8,631
21141,3390662,defensive,1,1.0000,8,632
21142,3390813,defensive,1,1.0000,8,633
21143,3390941,defensive,1,1.0000,8,634
21144,3391067,defensive,1,1.0000,8,635
21145,3391197,defensive,1,1.0000,8,636
21146,3391359,defensive,1,1.0000,8,637
21147,3391488,defensive,1,1.0000,8,638
21148,3391670,defensive,1,1.0000,8,639
21149,3391814,defensive,1,1.0000,8,640
21150,3392009,defensive,1,1.0000,8,641
21151,3392135,defensive,1,1.0000,8,642
21152,3392288,defensive,1,1.0000,8,643
21153,3392422,defensive,1,1.0000,8,644
21154,3392569,defensive,1,1.0000,8,645
21155,3392710,defensive,1,1.0000,8,646
21156,3392838,defensive,1,1.0000,8,647
21157,3392969,defensive,1,1.0000,8,648
21158,3393096,defensive,1,1.0000,8,649
21159,3393228,defensive,1,1.0000,8,650
21160,3393348,defensive,1,1.0000,8,651
21161,3393475,defensive,1,1.0000,8,652
21162,3393603,defensive,1,1.0000,8,653
21163,3393741,defensive,1,1.0000,8,654
21164,3393878,defensive,1,1.0000,8,655
21165,3394025,defensive,1,1.0000,8,656
21166,3394173,defensive,1,1.0000,8,657
21167,3394332,defensive,1,1.0000,8,658
21168,3394502,defensive,1,1.0000,8,659
21169,3394632,defensive,1,1.0000,8,660
21170,3394780,defensive,1,1.0000,8,661
21171,3394938,defensive,1,1.0000,8,662
21172,3395075,defensive,1,1.0000,8,663
21173,3395206,defensive,1,1.0000,8,664
21174,3395336,defensive,1,1.0000,8,665
21175,3395472,defensive,1,1.0000,8,666
21176,3395598,defensive,1,1.0000,8,667
21177,3395720,defensive,1,1.0000,8,668
21178,3395896,defensive,1,1.0000,8,669
21179,3396033,defensive,1,1.0000,8,670
21180,3396221,defensive,1,1.0000,8,671
21181,3396367,defensive,1,1.0000,8,672
21182,3396505,defensive,1,1.0000,8,673
21183,3396628,defensive,1,1.0000,8,674
21184,3396750,defensive,1,1.0000,8,675
21185,3396905,defensive,1,1.0000,8,676
21186,3397045,defensive,1,1.0000,8,677
21187,3397168,defensive,1,1.0000,8,678
21188,3397288,defensive,1,1.0000,8,679
21189,3397427,defensive,1,1.0000,8,680
21190,3397548,defensive,1,1.0000,8,681
21191,3397693,defensive,1,1.0000,8,682
21192,3397843,defensive,1,1.0000,8,683
21193,3397991,defensive,1,1.0000,8,684
21194,3398113,defensive,1,1.0000,8,685
21195,3398241,defensive,1,1.0000,8,686
21196,3398386,defensive,1,1.0000,8,687
21197,3398546,defensive,1,1.0000,8,688
21198,3398666,defensive,1,1.0000,8,689
21199,3398798,defensive,1,1.0000,8,690
21200,3398919,defensive,1,1.0000,8,691
21201,3399041,defensive,1,1.0000,8,692
21202,3399188,defensive,1,1.0000,8,693
21203,3399306,defensive,1,1.0000,8,694
21204,3399424,defensive,1,1.0000,8,695
21205,3399596,defensive,1,1.0000,8,696
21206,3399725,defensive,1,1.0000,8,697
21207,3399853,defensive,1,1.0000,8,698
21208,3399998,defensive,1,1.0000,8,699
21209,3400120,defensive,1,1.0000,8,700
21210,3400286,defensive,1,1.0000,8,701
21211,3400409,defensive,1,1.0000,8,702
21212,3400528,defensive,1,1.0000,8,703
21213,3400657,defensive,1,1.0000,8,704
21214,3400792,defensive,1,1.0000,8,705
21215,3400933,defensive,1,1.0000,8,706
21216,3401080,defensive,1,1.0000,8,707
21217,3401202,defensive,1,1.0000,8,708
21218,3401332,defensive,1,1.0000,8,709
21219,3401465,defensive,1,1.0000,8,710
21220,3401594,defensive,1,1.0000,8,711
21221,3401718,defensive,1,1.0000,8,712
21222,3401872,defensive,1,1.0000,8,713
21223,3402014,defensive,1,1.0000,8,714
21224,3402138,defensive,1,1.0000,8,715
21225,3402240,defensive,1,1.0000,8,716
21226,3402431,defensive,1,1.0000,8,717
21227,3402558,defensive,1,1.0000,8,718
21228,3402701,defensive,1,1.0000,8,719
21229,3402852,defensive,1,1.0000,8,720
21230,3403019,defensive,1,1.0000,8,721
21231,3403202,defensive,1,1.0000,8,722
21232,3403327,defensive,1,1.0000,8,723
21233,3403480,defensive,1,1.0000,8,724
21234,3403601,defensive,1,1.0000,8,725
21235,3403749,defensive,1,1.0000,8,726
21236,3403899,defensive,1,1.0000,8,727
21237,3404021,defensive,1,1.0000,8,728
21238,3404152,defensive,1,1.0000,8,729
21239,3404298,defensive,1,1.0000,8,730
21240,3404422,defensive,1,1.0000,8,731
21241,3404570,defensive,1,1.0000,8,732
21242,3404711,defensive,1,1.0000,8,733
21243,3404839,defensive,1,1.0000,8,734
21244,3404961,defensive,1,1.0000,8,735
21245,3405089,defensive,1,1.0000,8,736
21246,3405225,defensive,1,1.0000,8,737
21247,3405346,defensive,1,1.0000,8,738
21248,3405489,defensive,1,1.0000,8,739
21249,3405655,defensive,1,1.0000,8,740
21250,3405780,defensive,1,1.0000,8,741
21251,3405910,defensive,1,1.0000,8,742
21252,3406100,defensive,1,1.0000,8,743
21253,3406231,defensive,1,1.0000,8,744
21254,3406398,defensive,1,1.0000,8,745
21255,3406558,defensive,1,1.0000,8,746
21256,3406677,defensive,1,1.0000,8,747
21257,3406799,defensive,1,1.0000,8,748
21258,3406946,defensive,1,1.0000,8,749
21259,3407104,defensive,1,1.0000,8,750
21260,3407228,defensive,1,1.0000,8,751
21261,3407351,defensive,1,1.0000,8,752
21262,3407474,defensive,1,1.0000,8,753
21263,3407633,defensive,1,1.0000,8,754
21264,3407883,defensive,1,1.0000,8,755
21265,3408167,defensive,1,1.0000,8,756
21266,3408468,defensive,1,1.0000,8,757
21267,3408602,defensive,1,1.0000,8,758
21268,3408787,defensive,1,1.0000,8,759
21269,3408912,defensive,1,1.0000,8,760
21270,3409049,defensive,1,1.0000,8,761
21271,3409201,defensive,1,1.0000,8,762
21272,3409326,defensive,1,1.0000,8,763
21273,3409488,defensive,1,1.0000,8,764
21274,3409638,defensive,1,1.0000,8,765
21275,3409742,defensive,1,1.0000,8,766
21276,3409839,defensive,1,1.0000,8,767
21277,3409995,defensive,1,1.0000,8,768
21278,3410117,defensive,1,1.0000,8,769
21279,3410245,defensive,1,1.0000,8,770
21280,3410370,defensive,1,1.0000,8,771
21281,3410494,defensive,1,1.0000,8,772
21282,3410681,defensive,1,1.0000,8,773
21283,3410818,defensive,1,1.0000,8,774
21284,3410948,defensive,1,1.0000,8,775
21285,3411069,defensive,1,1.0000,8,776
21286,3411188,defensive,1,1.0000,8,777
21287,3411322,defensive,1,1.0000,8,778
21288,3411472,defensive,1,1.0000,8,779
21289,3411610,defensive,1,1.0000,8,780
21290,3411764,defensive,1,1.0000,8,781
21291,3411893,defensive,1,1.0000,8,782
21292,3412016,defensive,1,1.0000,8,783
21293,3412144,defensive,1,1.0000,8,784
21294,3412285,defensive,1,1.0000,8,785
21295,3412428,defensive,1,1.0000,8,786
21296,3412584,defensive,1,1.0000,8,787
21297,3412733,defensive,1,1.0000,8,788
21298,3412905,defensive,1,1.0000,8,789
21299,3413055,defensive,1,1.0000,8,790
21300,3413181,defensive,1,1.0000,8,791
21301,3413307,defensive,1,1.0000,8,792
21302,3413441,defensive,1,1.0000,8,793
21303,3413650,defensive,1,1.0000,8,794
21304,3413798,defensive,1,1.0000,8,795
21305,3413928,defensive,1,1.0000,8,796
21306,3414088,defensive,1,1.0000,8,797
21307,3414225,defensive,1,1.0000,8,798
21308,3414359,defensive,1,1.0000,8,799
21309,3414492,defensive,1,1.0000,8,800
21310,3414616,defensive,1,1.0000,8,801
21311,3414747,defensive,1,1.0000,8,802
21312,3414871,defensive,1,1.0000,8,803
21313,3415001,defensive,1,1.0000,8,804
21314,3415145,defensive,1,1.0000,8,805
21315,3415272,defensive,1,1.0000,8,806
21316,3415364,defensive,0,0.9900,8,807
21317,3415505,defensive,1,0.9900,8,808
21318,3415631,defensive,1,0.9900,8,809
21319,3415728,defensive,1,0.9900,8,810
21320,3415849,defensive,1,0.9900,8,811
21321,3415971,defensive,1,0.9900,8,812
21322,3416162,defensive,1,0.9900,8,813
21323,3416292,defensive,1,0.9900,8,814
21324,3416411,defensive,1,0.9900,8,815
21325,3416537,defensive,1,0.9900,8,816
21326,3416658,defensive,1,0.9900,8,817
21327,3416799,defensive,1,0.9900,8,818
21328,3416920,defensive,1,0.9900,8,819
21329,3417156,defensive,1,0.9900,8,820
21330,3417276,defensive,1,0.9900,8,821
21331,3417403,defensive,1,0.9900,8,822
21332,3417546,defensive,1,0.9900,8,823
21333,3417676,defensive,1,0.9900,8,824
21334,3417795,defensive,1,0.9900,8,825
21335,3417916,defensive,1,0.9900,8,826
21336,3418075,defensive,1,0.9900,8,827
21337,3418203,defensive,1,0.9900,8,828
21338,3418355,defensive,1,0.9900,8,829
21339,3418454,defensive,1,0.9900,8,830
21340,3418621,defensive,1,0.9900,8,831
21341,3418761,defensive,1,0.9900,8,832
21342,3418890,defensive,1,0.9900,8,833
21343,3419024,defensive,1,0.9900,8,834
21344,3419160,defensive,1,0.9900,8,835
21345,3419279,defensive,1,0.9900,8,836
21346,3419420,defensive,1,0.9900,8,837
21347,3419547,defensive,1,0.9900,8,838
21348,3419704,defensive,1,0.9900,8,839
21349,3419839,defensive,1,0.9900,8,840
21350,3419987,defensive,1,0.9900,8,841
21351,3420121,defensive,1,0.9900,8,842
21352,3420242,defensive,1,0.9900,8,843
21353,3420424,defensive,1,0.9900,8,844
21354,3420581,defensive,1,0.9900,8,845
21355,3420743,defensive,1,0.9900,8,846
21356,3420867,defensive,1,0.9900,8,847
21357,3420961,defensive,1,0.9900,8,848
21358,3421088,defensive,1,0.9900,8,849
21359,3421256,defensive,1,0.9900,8,850
21360,3421405,defensive,1,0.9900,8,851
21361,3421557,defensive,1,0.9900,8,852
21362,3421691,defensive,1,0.9900,8,853
21363,3421819,defensive,1,0.9900,8,854
21364,3421944,defensive,1,0.9900,8,855
21365,3422092,defensive,1,0.9900,8,856
21366,3422220,defensive,1,0.9900,8,857
21367,3422340,defensive,1,0.9900,8,858
21368,3422508,defensive,1,0.9900,8,859
21369,3422637,defensive,1,0.9900,8,860
21370,3422733,defensive,1,0.9900,8,861
21371,3422893,defensive,1,0.9900,8,862
21372,3423128,defensive,1,0.9900,8,863
21373,3423260,defensive,1,0.9900,8,864
21374,3423393,defensive,1,0.9900,8,865
21375,3423524,defensive,1,0.9900,8,866
21376,3423681,defensive,1,0.9900,8,867
21377,3423812,defensive,1,0.9900,8,868
21378,3423940,defensive,1,0.9900,8,869
21379,3424083,defensive,1,0.9900,8,870
21380,3424181,defensive,1,0.9900,8,871
21381,3424325,defensive,1,0.9900,8,872
21382,3424451,defensive,1,0.9900,8,873
21383,3424548,defensive,1,0.9900,8,874
21384,3424685,defensive,1,0.9900,8,875
21385,3424859,defensive,1,0.9900,8,876
21386,3424991,defensive,1,0.9900,8,877
21387,3425131,defensive,1,0.9900,8,878
21388,3425251,defensive,1,0.9900,8,879
21389,3425386,defensive,1,0.9900,8,880
21390,3425527,defensive,1,0.9900,8,881
21391,3425652,defensive,1,0.9900,8,882
21392,3425776,defensive,1,0.9900,8,883
21393,3425916,defensive,1,0.9900,8,884
21394,3426043,defensive,1,0.9900,8,885
21395,3426169,defensive,1,0.9900,8,886
21396,3426272,defensive,0,0.9800,8,887
21397,3426400,defensive,1,0.9800,8,888
21398,3426535,defensive,1,0.9800,8,889
21399,3426655,defensive,1,0.9800,8,890
21400,3426792,defensive,1,0.9800,8,891
21401,3426911,defensive,1,0.9800,8,892
21402,3427115,defensive,1,0.9800,8,893
21403,3427264,defensive,1,0.9800,8,894
21404,3427388,defensive,1,0.9800,8,895
21405,3427565,defensive,1,0.9800,8,896
21406,3427689,defensive,1,0.9800,8,897
21407,3427827,defensive,1,0.9800,8,898
21408,3427979,defensive,1,0.9800,8,899
21409,3428108,defensive,1,0.9800,8,900
21410,3428249,defensive,1,0.9800,8,901
21411,3428398,defensive,1,0.9800,8,902
21412,3428529,defensive,1,0.9800,8,903
21413,3428665,defensive,1,0.9800,8,904
21414,3428795,defensive,1,0.9800,8,905
21415,3428973,defensive,1,0.9800,8,906
21416,3429096,defensive,1,0.9900,8,907
21417,3429265,defensive,1,0.9900,8,908
21418,3429386,defensive,1,0.9900,8,909
21419,3429517,defensive,1,0.9900,8,910
21420,3429684,defensive,1,0.9900,8,911
21421,3429819,defensive,1,0.9900,8,912
21422,3429943,defensive,1,0.9900,8,913
21423,3430096,defensive,1,0.9900,8,914
21424,3430217,defensive,1,0.9900,8,915
21425,3430360,defensive,1,0.9900,8,916
21426,3430498,defensive,1,0.9900,8,917
21427,3430622,defensive,1,0.9900,8,918
21428,3430751,defensive,1,0.9900,8,919
21429,3430903,defensive,1,0.9900,8,920
21430,3431031,defensive,1,0.9900,8,921
21431,3431203,defensive,1,0.9900,8,922
21432,3431331,defensive,1,0.9900,8,923
21433,3431455,defensive,1,0.9900,8,924
21434,3431578,defensive,1,0.9900,8,925
21435,3431722,defensive,1,0.9900,8,926
21436,3431848,defensive,1,0.9900,8,927
21437,3431984,defensive,1,0.9900,8,928
21438,3432206,defensive,1,0.9900,8,929
21439,3432340,defensive,1,0.9900,8,930
21440,3432472,defensive,1,0.9900,8,931
21441,3432600,defensive,1,0.9900,8,932
21442,3432765,defensive,1,0.9900,8,933
21443,3432894,defensive,1,0.9900,8,934
21444,3433020,defensive,1,0.9900,8,935
21445,3433243,defensive,1,0.9900,8,936
21446,3433439,defensive,1,0.9900,8,937
21447,3433640,defensive,1,0.9900,8,938
21448,3433765,defensive,1,0.9900,8,939
21449,3433889,defensive,1,0.9900,8,940
21450,3434019,defensive,1,0.9900,8,941
21451,3434180,defensive,1,0.9900,8,942
21452,3434312,defensive,1,0.9900,8,943
21453,3434458,defensive,1,0.9900,8,944
21454,3434585,defensive,1,0.9900,8,945
21455,3434727,defensive,1,0.9900,8,946
21456,3434854,defensive,1,0.9900,8,947
21457,3434977,defensive,1,0.9900,8,948
21458,3435111,defensive,1,0.9900,8,949
21459,3435300,defensive,1,0.9900,8,950
21460,3435434,defensive,1,0.9900,8,951
21461,3435534,defensive,0,0.9800,8,952
21462,3435717,defensive,1,0.9800,8,953
21463,3435843,defensive,1,0.9800,8,954
21464,3435984,defensive,1,0.9800,8,955
21465,3436163,defensive,1,0.9800,8,956
21466,3436290,defensive,1,0.9800,8,957
21467,3436492,defensive,1,0.9800,8,958
21468,3436586,defensive,1,0.9800,8,959
21469,3436708,defensive,1,0.9800,8,960
21470,3436843,defensive,1,0.9800,8,961
21471,3437020,defensive,1,0.9800,8,962
21472,3437148,defensive,1,0.9800,8,963
21473,3437314,defensive,1,0.9800,8,964
21474,3437466,defensive,1,0.9800,8,965
21475,3437610,defensive,1,0.9800,8,966
21476,3437755,defensive,1,0.9800,8,967
21477,3437883,defensive,1,0.9800,8,968
21478,3438021,defensive,1,0.9800,8,969
21479,3438176,defensive,1,0.9800,8,970
21480,3438303,defensive,1,0.9800,8,971
21481,3438433,defensive,1,0.9800,8,972
21482,3438595,defensive,1,0.9800,8,973
21483,3438725,defensive,1,0.9800,8,974
21484,3438850,defensive,1,0.9800,8,975
21485,3438986,defensive,1,0.9800,8,976
21486,3439128,defensive,1,0.9800,8,977
21487,3439255,defensive,1,0.9800,8,978
21488,3439372,defensive,1,0.9800,8,979
21489,3439569,defensive,1,0.9800,8,980
21490,3439726,defensive,1,0.9800,8,981
21491,3439874,defensive,1,0.9800,8,982
21492,3440060,defensive,1,0.9800,8,983
21493,3440198,defensive,1,0.9800,8,984
21494,3440321,defensive,1,0.9800,8,985
21495,3440440,defensive,1,0.9800,8,986
21496,3440638,defensive,1,0.9900,8,987
21497,3440802,defensive,1,0.9900,8,988
21498,3440958,defensive,1,0.9900,8,989
21499,3441116,defensive,1,0.9900,8,990
21500,3441245,defensive,1,0.9900,8,991
21501,3441389,defensive,1,0.9900,8,992
21502,3441522,defensive,1,0.9900,8,993
21503,3441652,defensive,1,0.9900,8,994
21504,3441783,defensive,1,0.9900,8,995
21505,3441884,defensive,1,0.9900,8,996
21506,3442008,defensive,1,0.9900,8,997
21507,3442137,defensive,1,0.9900,8,998
21508,3442269,defensive,1,0.9900,8,999
21509,3442427,defensive,1,0.9900,8,1000
21510,3442571,defensive,1,0.9900,8,1001
21511,3442702,defensive,1,0.9900,8,1002
21512,3442836,defensive,1,0.9900,8,1003
21513,3442986,defensive,1,0.9900,8,1004
21514,3443127,defensive,1,0.9900,8,1005
21515,3443261,defensive,1,0.9900,8,1006
21516,3443392,defensive,1,0.9900,8,1007
21517,3443652,defensive,1,0.9900,8,1008
21518,3443772,defensive,1,0.9900,8,1009
21519,3443909,defensive,1,0.9900,8,1010
21520,3444112,defensive,1,0.9900,8,1011
21521,3444303,defensive,1,0.9900,8,1012
21522,3444449,defensive,1,0.9900,8,1013
21523,3444600,defensive,1,0.9900,8,1014
21524,3444743,defensive,1,0.9900,8,1015
21525,3444895,defensive,1,0.9900,8,1016
21526,3445026,defensive,1,0.9900,8,1017
21527,3445158,defensive,1,0.9900,8,1018
21528,3445280,defensive,1,0.9900,8,1019
21529,3445412,defensive,1,0.9900,8,1020
21530,3445545,defensive,1,0.9900,8,1021
21531,3445684,defensive,1,0.9900,8,1022
21532,3445852,defensive,1,0.9900,8,1023
21533,3446002,defensive,1,0.9900,8,1024
21534,3446126,defensive,1,0.9900,8,1025
21535,3446228,defensive,1,0.9900,8,1026
21536,3446371,defensive,1,0.9900,8,1027
21537,3446493,defensive,1,0.9900,8,1028
21538,3446622,defensive,1,0.9900,8,1029
21539,3446770,defensive,1,0.9900,8,1030
21540,3446889,defensive,1,0.9900,8,1031
21541,3447009,defensive,1,0.9900,8,1032
21542,3447192,defensive,1,0.9900,8,1033
21543,3447320,defensive,1,0.9900,8,1034
21544,3447485,defensive,1,0.9900,8,1035
21545,3447612,defensive,1,0.9900,8,1036
21546,3447736,defensive,1,0.9900,8,1037
21547,3447904,defensive,1,0.9900,8,1038
21548,3448005,defensive,1,0.9900,8,1039
21549,3448127,defensive,1,0.9900,8,1040
21550,3448261,defensive,1,0.9900,8,1041
21551,3448393,defensive,1,0.9900,8,1042
21552,3448518,defensive,1,0.9900,8,1043
21553,3448680,defensive,1,0.9900,8,1044
21554,3448808,defensive,1,0.9900,8,1045
21555,3448933,defensive,1,0.9900,8,1046
21556,3449060,defensive,1,0.9900,8,1047
21557,3449254,defensive,1,0.9900,8,1048
21558,3449396,defensive,1,0.9900,8,1049
21559,3449534,defensive,1,0.9900,8,1050
21560,3449654,defensive,1,0.9900,8,1051
21561,3449773,defensive,1,1.0000,8,1052
21562,3449900,defensive,1,1.0000,8,1053
21563,3450041,defensive,1,1.0000,8,1054
21564,3450160,defensive,1,1.0000,8,1055
21565,3450289,defensive,1,1.0000,8,1056
21566,3450438,defensive,1,1.0000,8,1057
21567,3450583,defensive,1,1.0000,8,1058
21568,3450736,defensive,1,1.0000,8,1059
21569,3450867,defensive,1,1.0000,8,1060
21570,3451090,defensive,1,1.0000,8,1061
21571,3451245,defensive,1,1.0000,8,1062
21572,3451403,defensive,1,1.0000,8,1063
21573,3451533,defensive,1,1.0000,8,1064
21574,3451676,defensive,1,1.0000,8,1065
21575,3451866,defensive,1,1.0000,8,1066
21576,3451986,defensive,1,1.0000,8,1067
21577,3452113,defensive,1,1.0000,8,1068
21578,3452244,defensive,1,1.0000,8,1069
21579,3452369,defensive,1,1.0000,8,1070
21580,3452506,defensive,1,1.0000,8,1071
21581,3452625,defensive,1,1.0000,8,1072
21582,3452759,defensive,1,1.0000,8,1073
21583,3452855,defensive,1,1.0000,8,1074
21584,3452985,defensive,1,1.0000,8,1075
21585,3453138,defensive,1,1.0000,8,1076
21586,3453231,defensive,0,0.9900,8,1077
21587,3453389,defensive,1,0.9900,8,1078
21588,3453524,defensive,1,0.9900,8,1079
21589,3453691,defensive,1,0.9900,8,1080
21590,3453883,defensive,1,0.9900,8,1081
21591,3454008,defensive,1,0.9900,8,1082
21592,3454191,defensive,1,0.9900,8,1083
21593,3454319,defensive,1,0.9900,8,1084
21594,3454479,defensive,1,0.9900,8,1085
21595,3454614,defensive,1,0.9900,8,1086
21596,3454757,defensive,1,0.9900,8,1087
21597,3454884,defensive,1,0.9900,8,1088
21598,3455025,defensive,1,0.9900,8,1089
21599,3455164,defensive,1,0.9900,8,1090
21600,3455337,defensive,1,0.9900,8,1091
21601,3455474,defensive,1,0.9900,8,1092
21602,3455602,defensive,1,0.9900,8,1093
21603,3455723,defensive,1,0.9900,8,1094
21604,3455862,defensive,1,0.9900,8,1095
21605,3455995,defensive,1,0.9900,8,1096
21606,3456133,defensive,1,0.9900,8,1097
21607,3456283,defensive,1,0.9900,8,1098
21608,3456382,defensive,0,0.9800,8,1099
21609,3456523,defensive,1,0.9800,8,1100
21610,3456695,defensive,1,0.9800,8,1101
21611,3456823,defensive,1,0.9800,8,1102
21612,3456966,defensive,1,0.9800,8,1103
21613,3457103,defensive,1,0.9800,8,1104
21614,3457226,defensive,1,0.9800,8,1105
21615,3457351,defensive,1,0.9800,8,1106
21616,3457524,defensive,1,0.9800,8,1107
21617,3457646,defensive,1,0.9800,8,1108
21618,3457837,defensive,1,0.9800,8,1109
21619,3458006,defensive,1,0.9800,8,1110
21620,3458138,defensive,1,0.9800,8,1111
21621,3458284,defensive,1,0.9800,8,1112
21622,3458416,defensive,1,0.9800,8,1113
21623,3458559,defensive,1,0.9800,8,1114
21624,3458690,defensive,1,0.9800,8,1115
21625,3458817,defensive,1,0.9800,8,1116
21626,3458989,defensive,1,0.9800,8,1117
21627,3459114,defensive,1,0.9800,8,1118
21628,3459276,defensive,1,0.9800,8,1119
21629,3459398,defensive,1,0.9800,8,1120
21630,3459518,defensive,1,0.9800,8,1121
21631,3459674,defensive,1,0.9800,8,1122
21632,3459808,defensive,1,0.9800,8,1123
21633,3459937,defensive,1,0.9800,8,1124
21634,3460081,defensive,1,0.9800,8,1125
21635,3460222,defensive,1,0.9800,8,1126
21636,3460346,defensive,1,0.9800,8,1127
21637,3460470,defensive,1,0.9800,8,1128
21638,3460598,defensive,1,0.9800,8,1129
21639,3460730,defensive,1,0.9800,8,1130
21640,3460906,defensive,1,0.9800,8,1131
21641,3461035,defensive,1,0.9800,8,1132
21642,3461151,defensive,1,0.9800,8,1133
21643,3461295,defensive,1,0.9800,8,1134
21644,3461422,defensive,1,0.9800,8,1135
21645,3461579,defensive,1,0.9800,8,1136
21646,3461703,defensive,1,0.9800,8,1137
21647,3461849,defensive,1,0.9800,8,1138
21648,3461980,defensive,1,0.9800,8,1139
21649,3462110,defensive,1,0.9800,8,1140
21650,3462266,defensive,1,0.9800,8,1141
21651,3462412,defensive,1,0.9800,8,1142
21652,3462584,defensive,1,0.9800,8,1143
21653,3462757,defensive,1,0.9800,8,1144
21654,3462895,defensive,1,0.9800,8,1145
21655,3463054,defensive,1,0.9800,8,1146
21656,3463201,defensive,1,0.9800,8,1147
21657,3463351,defensive,1,0.9800,8,1148
21658,3463479,defensive,1,0.9800,8,1149
21659,3463637,defensive,1,0.9800,8,1150
21660,3463760,defensive,1,0.9800,8,1151
21661,3463884,defensive,1,0.9800,8,1152
21662,3464013,defensive,1,0.9800,8,1153
21663,3464141,defensive,1,0.9800,8,1154
21664,3464304,defensive,1,0.9800,8,1155
21665,3464428,defensive,1,0.9800,8,1156
21666,3464562,defensive,1,0.9800,8,1157
21667,3464708,defensive,1,0.9800,8,1158
21668,3464844,defensive,1,0.9800,8,1159
21669,3464967,defensive,1,0.9800,8,1160
21670,3465088,defensive,1,0.9800,8,1161
21671,3465255,defensive,1,0.9800,8,1162
21672,3465385,defensive,1,0.9800,8,1163
21673,3465562,defensive,1,0.9800,8,1164
21674,3465742,defensive,1,0.9800,8,1165
21675,3465920,defensive,1,0.9800,8,1166
21676,3466049,defensive,1,0.9800,8,1167
21677,3466204,defensive,1,0.9800,8,1168
21678,3466354,defensive,1,0.9800,8,1169
21679,3466476,defensive,1,0.9800,8,1170
21680,3466601,defensive,1,0.9800,8,1171
21681,3466795,defensive,1,0.9800,8,1172
21682,3466937,defensive,1,0.9800,8,1173
21683,3467078,defensive,1,0.9800,8,1174
21684,3467231,defensive,1,0.9800,8,1175
21685,3467371,defensive,1,0.9800,8,1176
21686,3467520,defensive,1,0.9900,8,1177
21687,3467661,defensive,1,0.9900,8,1178
21688,3467832,defensive,1,0.9900,8,1179
21689,3467972,defensive,1,0.9900,8,1180
21690,3468107,defensive,1,0.9900,8,1181
21691,3468231,defensive,1,0.9900,8,1182
21692,3468393,defensive,1,0.9900,8,1183
21693,3468534,defensive,1,0.9900,8,1184
21694,3468696,defensive,1,0.9900,8,1185
21695,3468819,defensive,1,0.9900,8,1186
21696,3468946,defensive,1,0.9900,8,1187
21697,3469083,defensive,1,0.9900,8,1188
21698,3469207,defensive,1,0.9900,8,1189
21699,3469330,defensive,1,0.9900,8,1190
21700,3469457,defensive,1,0.9900,8,1191
21701,3469590,defensive,1,0.9900,8,1192
21702,3469738,defensive,1,0.9900,8,1193
21703,3469891,defensive,1,0.9900,8,1194
21704,3470015,defensive,1,0.9900,8,1195
21705,3470164,defensive,1,0.9900,8,1196
21706,3470291,defensive,1,0.9900,8,1197
21707,3470431,defensive,1,0.9900,8,1198
21708,3470564,defensive,1,1.0000,8,1199
21709,3470698,defensive,1,1.0000,8,1200
21710,3470837,defensive,1,1.0000,8,1201
21711,3470967,defensive,1,1.0000,8,1202
21712,3471136,defensive,1,1.0000,8,1203
21713,3471272,defensive,1,1.0000,8,1204
21714,3471404,defensive,1,1.0000,8,1205
21715,3471535,defensive,1,1.0000,8,1206
21716,3471658,defensive,1,1.0000,8,1207
21717,3471781,defensive,1,1.0000,8,1208
21718,3471913,defensive,1,1.0000,8,1209
21719,3472122,defensive,1,1.0000,8,1210
21720,3472247,defensive,1,1.0000,8,1211
21721,3472369,defensive,1,1.0000,8,1212
21722,3472552,defensive,1,1.0000,8,1213
21723,3472686,defensive,1,1.0000,8,1214
21724,3472836,defensive,1,1.0000,8,1215
21725,3472956,defensive,1,1.0000,8,1216
21726,3473093,defensive,1,1.0000,8,1217
21727,3473219,defensive,1,1.0000,8,1218
21728,3473344,defensive,1,1.0000,8,1219
21729,3473531,defensive,1,1.0000,8,1220
21730,3473669,defensive,1,1.0000,8,1221
21731,3473796,defensive,1,1.0000,8,1222
21732,3473917,defensive,1,1.0000,8,1223
21733,3474041,defensive,1,1.0000,8,1224
21734,3474182,defensive,1,1.0000,8,1225
21735,3474282,defensive,1,1.0000,8,1226
21736,3474418,defensive,1,1.0000,8,1227
21737,3474541,defensive,1,1.0000,8,1228
21738,3474668,defensive,1,1.0000,8,1229
21739,3474798,defensive,1,1.0000,8,1230
21740,3474921,defensive,1,1.0000,8,1231
21741,3475047,defensive,1,1.0000,8,1232
21742,3475195,defensive,1,1.0000,8,1233
21743,3475331,defensive,1,1.0000,8,1234
21744,3475463,defensive,1,1.0000,8,1235
21745,3475619,defensive,1,1.0000,8,1236
21746,3475754,defensive,1,1.0000,8,1237
21747,3475876,defensive,1,1.0000,8,1238
21748,3476005,defensive,1,1.0000,8,1239
21749,3476125,defensive,1,1.0000,8,1240
21750,3476270,defensive,1,1.0000,8,1241
21751,3476403,defensive,1,1.0000,8,1242
21752,3476691,defensive,1,1.0000,8,1243
21753,3476833,defensive,1,1.0000,8,1244
21754,3476981,defensive,1,1.0000,8,1245
21755,3477111,defensive,1,1.0000,8,1246
21756,3477260,defensive,1,1.0000,8,1247
21757,3477452,defensive,1,1.0000,8,1248
21758,3477586,defensive,1,1.0000,8,1249
21759,3477717,defensive,1,1.0000,8,1250
21760,3477888,defensive,1,1.0000,8,1251
21761,3478023,defensive,1,1.0000,8,1252
21762,3478214,defensive,1,1.0000,8,1253
21763,3478344,defensive,1,1.0000,8,1254
21764,3478451,defensive,1,1.0000,8,1255
21765,3478575,defensive,1,1.0000,8,1256
21766,3478719,defensive,1,1.0000,8,1257
21767,3478816,defensive,1,1.0000,8,1258
21768,3478943,defensive,1,1.0000,8,1259
21769,3479068,defensive,1,1.0000,8,1260
21770,3479189,defensive,1,1.0000,8,1261
21771,3479310,defensive,1,1.0000,8,1262
21772,3479435,defensive,1,1.0000,8,1263
21773,3479580,defensive,1,1.0000,8,1264
21774,3479706,defensive,1,1.0000,8,1265
21775,3479837,defensive,1,1.0000,8,1266
21776,3479933,defensive,1,1.0000,8,1267
21777,3480081,defensive,1,1.0000,8,1268
21778,3480293,defensive,1,1.0000,8,1269
21779,3480427,defensive,1,1.0000,8,1270
21780,3480560,defensive,1,1.0000,8,1271
21781,3480687,defensive,1,1.0000,8,1272
21782,3480818,defensive,1,1.0000,8,1273
21783,3480945,defensive,1,1.0000,8,1274
21784,3481275,defensive,1,1.0000,8,1275
21785,3481413,defensive,1,1.0000,8,1276
21786,3481534,defensive,1,1.0000,8,1277
21787,3481666,defensive,1,1.0000,8,1278
21788,3481815,defensive,1,1.0000,8,1279
21789,3481985,defensive,1,1.0000,8,1280
21790,3482115,defensive,1,1.0000,8,1281
21791,3482258,defensive,1,1.0000,8,1282
21792,3482380,defensive,1,1.0000,8,1283
21793,3482575,defensive,1,1.0000,8,1284
21794,3482695,defensive,1,1.0000,8,1285
21795,3482857,defensive,1,1.0000,8,1286
21796,3482991,defensive,1,1.0000,8,1287
21797,3483129,defensive,1,1.0000,8,1288
21798,3483250,defensive,1,1.0000,8,1289
21799,3483392,defensive,1,1.0000,8,1290
21800,3483515,defensive,1,1.0000,8,1291
21801,3483649,defensive,1,1.0000,8,1292
21802,3483769,defensive,1,1.0000,8,1293
21803,3483909,defensive,1,1.0000,8,1294
21804,3484052,defensive,1,1.0000,8,1295
21805,3484173,defensive,1,1.0000,8,1296
21806,3484348,defensive,1,1.0000,8,1297
21807,3484508,defensive,1,1.0000,8,1298
21808,3484641,defensive,1,1.0000,8,1299
21809,3484865,defensive,1,1.0000,8,1300
21810,3485022,defensive,1,1.0000,8,1301
21811,3485145,defensive,1,1.0000,8,1302
21812,3485295,defensive,1,1.0000,8,1303
21813,3485418,defensive,1,1.0000,8,1304
21814,3485543,defensive,1,1.0000,8,1305
21815,3485667,defensive,1,1.0000,8,1306
21816,3485812,defensive,1,1.0000,8,1307
21817,3485936,defensive,1,1.0000,8,1308
21818,3486077,defensive,1,1.0000,8,1309
21819,3486231,defensive,1,1.0000,8,1310
21820,3486347,defensive,0,0.9900,8,1311
21821,3486500,defensive,1,0.9900,8,1312
21822,3486701,defensive,1,0.9900,8,1313
21823,3486844,defensive,1,0.9900,8,1314
21824,3487000,defensive,1,0.9900,8,1315
21825,3487122,defensive,1,0.9900,8,1316
21826,3487271,defensive,1,0.9900,8,1317
21827,3487404,defensive,1,0.9900,8,1318
21828,3487550,defensive,1,0.9900,8,1319
21829,3487690,defensive,1,0.9900,8,1320
21830,3487791,defensive,1,0.9900,8,1321
21831,3487917,defensive,1,0.9900,8,1322
21832,3488056,defensive,1,0.9900,8,1323
21833,3488179,defensive,1,0.9900,8,1324
21834,3488275,defensive,1,0.9900,8,1325
21835,3488434,defensive,1,0.9900,8,1326
21836,3488644,defensive,1,0.9900,8,1327
21837,3488786,defensive,1,0.9900,8,1328
21838,3488904,defensive,1,0.9900,8,1329
21839,3489024,defensive,1,0.9900,8,1330
21840,3489171,defensive,1,0.9900,8,1331
21841,3489293,defensive,1,0.9900,8,1332
21842,3489433,defensive,1,0.9900,8,1333
21843,3489554,defensive,1,0.9900,8,1334
21844,3489676,defensive,1,0.9900,8,1335
21845,3489800,defensive,1,0.9900,8,1336
21846,3489926,defensive,1,0.9900,8,1337
21847,3490065,defensive,1,0.9900,8,1338
21848,3490168,defensive,1,0.9900,8,1339
21849,3490299,defensive,1,0.9900,8,1340
21850,3490447,defensive,1,0.9900,8,1341
21851,3490641,defensive,1,0.9900,8,1342
21852,3490781,defensive,1,0.9900,8,1343
21853,3490874,defensive,0,0.9800,8,1344
21854,3491052,defensive,1,0.9800,8,1345
21855,3491233,defensive,1,0.9800,8,1346
21856,3491401,defensive,1,0.9800,8,1347
21857,3491579,defensive,1,0.9800,8,1348
21858,3491696,defensive,1,0.9800,8,1349
21859,3491821,defensive,1,0.9800,8,1350
21860,3491949,defensive,1,0.9800,8,1351
21861,3492085,defensive,1,0.9800,8,1352
21862,3492208,defensive,1,0.9800,8,1353
21863,3492351,defensive,1,0.9800,8,1354
21864,3492477,defensive,1,0.9800,8,1355
21865,3492598,defensive,1,0.9800,8,1356
21866,3492728,defensive,1,0.9800,8,1357
21867,3492862,defensive,1,0.9800,8,1358
21868,3493000,defensive,1,0.9800,8,1359
21869,3493123,defensive,1,0.9800,8,1360
21870,3493229,defensive,1,0.9800,8,1361
21871,3493359,defensive,1,0.9800,8,1362
21872,3493485,defensive,1,0.9800,8,1363
21873,3493629,defensive,1,0.9800,8,1364
21874,3493765,defensive,1,0.9800,8,1365
21875,3494043,defensive,1,0.9800,8,1366
21876,3494163,defensive,1,0.9800,8,1367
21877,3494307,defensive,1,0.9800,8,1368
21878,3494481,defensive,1,0.9800,8,1369
21879,3494614,defensive,1,0.9800,8,1370
21880,3494740,defensive,1,0.9800,8,1371
21881,3494861,defensive,1,0.9800,8,1372
21882,3495040,defensive,1,0.9800,8,1373
21883,3495179,defensive,1,0.9800,8,1374
21884,3495319,defensive,1,0.9800,8,1375
21885,3495449,defensive,1,0.9800,8,1376
21886,3495604,defensive,1,0.9800,8,1377
21887,3495736,defensive,1,0.9800,8,1378
21888,3495869,defensive,1,0.9800,8,1379
21889,3496000,defensive,1,0.9800,8,1380
21890,3496138,defensive,1,0.9800,8,1381
21891,3496294,defensive,1,0.9800,8,1382
21892,3496410,defensive,1,0.9800,8,1383
21893,3496537,defensive,1,0.9800,8,1384
21894,3496661,defensive,1,0.9800,8,1385
21895,3496765,defensive,1,0.9800,8,1386
21896,3496926,defensive,1,0.9800,8,1387
21897,3497052,defensive,1,0.9800,8,1388
21898,3497173,defensive,1,0.9800,8,1389
21899,3497297,defensive,1,0.9800,8,1390
21900,3497451,defensive,1,0.9800,8,1391
21901,3497577,defensive,1,0.9800,8,1392
21902,3497731,defensive,1,0.9800,8,1393
21903,3497855,defensive,1,0.9800,8,1394
21904,3497980,defensive,1,0.9800,8,1395
21905,3498167,defensive,1,0.9800,8,1396
21906,3498337,defensive,1,0.9800,8,1397
21907,3498469,defensive,1,0.9800,8,1398
21908,3498604,defensive,1,0.9800,8,1399
21909,3498723,defensive,1,0.9800,8,1400
21910,3498849,defensive,1,0.9800,8,1401
21911,3499027,defensive,1,0.9800,8,1402
21912,3499164,defensive,1,0.9800,8,1403
21913,3499295,defensive,1,0.9800,8,1404
21914,3499421,defensive,1,0.9800,8,1405
21915,3499569,defensive,1,0.9800,8,1406
21916,3499670,defensive,1,0.9800,8,1407
21917,3499791,defensive,1,0.9800,8,1408
21918,3499947,defensive,1,0.9800,8,1409
21919,3500069,defensive,1,0.9800,8,1410
21920,3500200,defensive,1,0.9900,8,1411
21921,3500294,defensive,1,0.9900,8,1412
21922,3500415,defensive,1,0.9900,8,1413
21923,3500554,defensive,1,0.9900,8,1414
21924,3500735,defensive,1,0.9900,8,1415
21925,3500990,defensive,1,0.9900,8,1416
21926,3501117,defensive,1,0.9900,8,1417
21927,3501304,defensive,1,0.9900,8,1418
21928,3501426,defensive,1,0.9900,8,1419
21929,3501522,defensive,1,0.9900,8,1420
21930,3501650,defensive,1,0.9900,8,1421
21931,3501783,defensive,1,0.9900,8,1422
21932,3501950,defensive,1,0.9900,8,1423
21933,3502090,defensive,1,0.9900,8,1424
21934,3502220,defensive,1,0.9900,8,1425
21935,3502370,defensive,1,0.9900,8,1426
21936,3502510,defensive,1,0.9900,8,1427
21937,3502637,defensive,1,0.9900,8,1428
21938,3502795,defensive,1,0.9900,8,1429
21939,3502960,defensive,1,0.9900,8,1430
21940,3503127,defensive,1,0.9900,8,1431
21941,3503251,defensive,1,0.9900,8,1432
21942,3503392,defensive,1,0.9900,8,1433
21943,3503658,defensive,1,0.9900,8,1434
21944,3503783,defensive,1,0.9900,8,1435
21945,3503879,defensive,0,0.9800,8,1436
21946,3504014,defensive,1,0.9800,8,1437
21947,3504156,defensive,1,0.9800,8,1438
21948,3504301,defensive,1,0.9800,8,1439
21949,3504433,defensive,1,0.9800,8,1440
21950,3504523,defensive,1,0.9800,8,1441
21951,3504640,defensive,1,0.9800,8,1442
21952,3504773,defensive,1,0.9800,8,1443
21953,3504936,defensive,1,0.9900,8,1444
21954,3505101,defensive,1,0.9900,8,1445
21955,3505328,defensive,1,0.9900,8,1446
21956,3505466,defensive,1,0.9900,8,1447
21957,3505674,defensive,1,0.9900,8,1448
21958,3505803,defensive,1,0.9900,8,1449
21959,3505938,defensive,1,0.9900,8,1450
21960,3506073,defensive,1,0.9900,8,1451
21961,3506196,defensive,1,0.9900,8,1452
21962,3506319,defensive,1,0.9900,8,1453
21963,3506479,defensive,1,0.9900,8,1454
21964,3506630,defensive,1,0.9900,8,1455
21965,3506772,defensive,1,0.9900,8,1456
21966,3506912,defensive,1,0.9900,8,1457
21967,3507018,defensive,1,0.9900,8,1458
21968,3507204,defensive,1,0.9900,8,1459
21969,3507326,defensive,1,0.9900,8,1460
21970,3507458,defensive,1,0.9900,8,1461
21971,3507601,defensive,1,0.9900,8,1462
21972,3507724,defensive,1,0.9900,8,1463
21973,3507850,defensive,1,0.9900,8,1464
21974,3507988,defensive,1,0.9900,8,1465
21975,3508175,defensive,1,0.9900,8,1466
21976,3508326,defensive,1,0.9900,8,1467
21977,3508450,defensive,1,0.9900,8,1468
21978,3508581,defensive,1,0.9900,8,1469
21979,3508722,defensive,1,0.9900,8,1470
21980,3508852,defensive,1,0.9900,8,1471
21981,3508974,defensive,1,0.9900,8,1472
21982,3509171,defensive,1,0.9900,8,1473
21983,3509293,defensive,1,0.9900,8,1474
21984,3509411,defensive,1,0.9900,8,1475
21985,3509559,defensive,1,0.9900,8,1476
21986,3509682,defensive,1,0.9900,8,1477
21987,3509834,defensive,1,0.9900,8,1478
21988,3509951,defensive,1,0.9900,8,1479
21989,3510050,defensive,1,0.9900,8,1480
21990,3510185,defensive,1,0.9900,8,1481
21991,3510311,defensive,1,0.9900,8,1482
21992,3510446,defensive,1,0.9900,8,1483
21993,3510592,defensive,1,0.9900,8,1484
21994,3510712,defensive,1,0.9900,8,1485
21995,3510835,defensive,1,0.9900,8,1486
21996,3510972,defensive,1,0.9900,8,1487
21997,3511117,defensive,1,0.9900,8,1488
21998,3511250,defensive,1,0.9900,8,1489
21999,3511377,defensive,1,0.9900,8,1490
22000,3511499,defensive,1,0.9900,8,1491
22001,3511624,defensive,1,0.9900,8,1492
22002,3511758,defensive,1,0.9900,8,1493
22003,3511879,defensive,1,0.9900,8,1494
22004,3512016,defensive,1,0.9900,8,1495
22005,3512164,defensive,1,0.9900,8,1496
22006,3512286,defensive,1,0.9900,8,1497
22007,3512614,defensive,1,0.9900,8,1498
22008,3512772,defensive,1,0.9900,8,1499
22009,3513075,defensive,1,0.9900,8,1500
22010,3513196,defensive,1,0.9900,8,1501
22011,3513357,defensive,1,0.9900,8,1502
22012,3513448,defensive,1,0.9900,8,1503
22013,3513580,defensive,1,0.9900,8,1504
22014,3513704,defensive,1,0.9900,8,1505
22015,3513828,defensive,1,0.9900,8,1506
22016,3513951,defensive,1,0.9900,8,1507
22017,3514078,defensive,1,0.9900,8,1508
22018,3514220,defensive,1,0.9900,8,1509
22019,3514358,defensive,1,0.9900,8,1510
22020,3514509,defensive,1,0.9900,8,1511
22021,3514641,defensive,1,0.9900,8,1512
22022,3514787,defensive,1,0.9900,8,1513
22023,3514908,defensive,1,0.9900,8,1514
22024,3515031,defensive,1,0.9900,8,1515
22025,3515168,defensive,1,0.9900,8,1516
22026,3515301,defensive,1,0.9900,8,1517
22027,3515434,defensive,1,0.9900,8,1518
22028,3515564,defensive,1,0.9900,8,1519
22029,3515739,defensive,1,0.9900,8,1520
22030,3515881,defensive,1,0.9900,8,1521
22031,3516003,defensive,1,0.9900,8,1522
22032,3516130,defensive,1,0.9900,8,1523
22033,3516249,defensive,1,0.9900,8,1524
22034,3516383,defensive,1,0.9900,8,1525
22035,3516524,defensive,1,0.9900,8,1526
22036,3516657,defensive,1,0.9900,8,1527
22037,3516815,defensive,1,0.9900,8,1528
22038,3516952,defensive,1,0.9900,8,1529
22039,3517073,defensive,1,0.9900,8,1530
22040,3517195,defensive,1,0.9900,8,1531
22041,3517356,defensive,1,0.9900,8,1532
22042,3517521,defensive,1,0.9900,8,1533
22043,3517660,defensive,1,0.9900,8,1534
22044,3517796,defensive,1,0.9900,8,1535
22045,3517936,defensive,1,1.0000,8,1536
22046,3518084,defensive,1,1.0000,8,1537
22047,3518212,defensive,1,1.0000,8,1538
22048,3518331,defensive,1,1.0000,8,1539
22049,3518479,defensive,1,1.0000,8,1540
22050,3518604,defensive,1,1.0000,8,1541
22051,3518744,defensive,1,1.0000,8,1542
22052,3518910,defensive,1,1.0000,8,1543
22053,3519064,defensive,1,1.0000,8,1544
22054,3519245,defensive,1,1.0000,8,1545
22055,3519414,defensive,1,1.0000,8,1546
22056,3519540,defensive,1,1.0000,8,1547
22057,3519665,defensive,1,1.0000,8,1548
22058,3519833,defensive,1,1.0000,8,1549
22059,3519958,defensive,1,1.0000,8,1550
22060,3520059,defensive,1,1.0000,8,1551
22061,3520162,defensive,1,1.0000,8,1552
22062,3520292,defensive,1,1.0000,8,1553
22063,3520439,defensive,1,1.0000,8,1554
22064,3520608,defensive,1,1.0000,8,1555
22065,3520731,defensive,1,1.0000,8,1556
22066,3520863,defensive,1,1.0000,8,1557
22067,3520957,defensive,0,0.9900,8,1558
22068,3521079,defensive,1,0.9900,8,1559
22069,3521181,defensive,1,0.9900,8,1560
22070,3521314,defensive,1,0.9900,8,1561
22071,3521452,defensive,1,0.9900,8,1562
22072,3521577,defensive,1,0.9900,8,1563
22073,3521702,defensive,1,0.9900,8,1564
22074,3521832,defensive,1,0.9900,8,1565
22075,3521968,defensive,1,0.9900,8,1566
22076,3522118,defensive,1,0.9900,8,1567
22077,3522421,defensive,1,0.9900,8,1568
22078,3522603,defensive,1,0.9900,8,1569
22079,3522742,defensive,1,0.9900,8,1570
22080,3522897,defensive,1,0.9900,8,1571
22081,3523021,defensive,1,0.9900,8,1572
22082,3523149,defensive,1,0.9900,8,1573
22083,3523268,defensive,1,0.9900,8,1574
22084,3523405,defensive,1,0.9900,8,1575
22085,3523528,defensive,1,0.9900,8,1576
22086,3523674,defensive,1,0.9900,8,1577
22087,3523808,defensive,1,0.9900,8,1578
22088,3523972,defensive,1,0.9900,8,1579
22089,3524118,defensive,1,0.9900,8,1580
22090,3524284,defensive,1,0.9900,8,1581
22091,3524408,defensive,1,0.9900,8,1582
22092,3524528,defensive,1,0.9900,8,1583
22093,3524688,defensive,1,0.9900,8,1584
22094,3524806,defensive,1,0.9900,8,1585
22095,3524932,defensive,1,0.9900,8,1586
22096,3525080,defensive,1,0.9900,8,1587
22097,3525229,defensive,1,0.9900,8,1588
22098,3525363,defensive,1,0.9900,8,1589
22099,3525494,defensive,1,0.9900,8,1590
22100,3525650,defensive,1,0.9900,8,1591
22101,3525820,defensive,1,0.9900,8,1592
22102,3525953,defensive,1,0.9900,8,1593
22103,3526087,defensive,1,0.9900,8,1594
22104,3526263,defensive,1,0.9900,8,1595
22105,3526402,defensive,1,0.9900,8,1596
22106,3526659,defensive,1,0.9900,8,1597
22107,3526779,defensive,1,0.9900,8,1598
22108,3526946,defensive,1,0.9900,8,1599
22109,3527091,defensive,1,0.9900,8,1600
22110,3527222,defensive,1,0.9900,8,1601
22111,3527364,defensive,1,0.9900,8,1602
22112,3527510,defensive,1,0.9900,8,1603
22113,3527667,defensive,1,0.9900,8,1604
22114,3527809,defensive,1,0.9900,8,1605
22115,3527931,defensive,1,0.9900,8,1606
22116,3528025,defensive,0,0.9800,8,1607
22117,3528152,defensive,1,0.9800,8,1608
22118,3528301,defensive,1,0.9800,8,1609
22119,3528431,defensive,1,0.9800,8,1610
22120,3528599,defensive,1,0.9800,8,1611
22121,3528752,defensive,1,0.9800,8,1612
22122,3528890,defensive,1,0.9800,8,1613
22123,3529030,defensive,1,0.9800,8,1614
22124,3529215,defensive,1,0.9800,8,1615
22125,3529379,defensive,1,0.9800,8,1616
22126,3529519,defensive,1,0.9800,8,1617
22127,3529643,defensive,1,0.9800,8,1618
22128,3529795,defensive,1,0.9800,8,1619
22129,3529927,defensive,1,0.9800,8,1620
22130,3530051,defensive,1,0.9800,8,1621
22131,3530175,defensive,1,0.9800,8,1622
22132,3530302,defensive,1,0.9800,8,1623
22133,3530521,defensive,1,0.9800,8,1624
22134,3530651,defensive,1,0.9800,8,1625
22135,3530778,defensive,1,0.9800,8,1626
22136,3530924,defensive,1,0.9800,8,1627
22137,3531075,defensive,1,0.9800,8,1628
22138,3531208,defensive,1,0.9800,8,1629
22139,3531358,defensive,1,0.9800,8,1630
22140,3531453,defensive,0,0.9700,8,1631
22141,3531585,defensive,1,0.9700,8,1632
22142,3531708,defensive,1,0.9700,8,1633
22143,3531834,defensive,1,0.9700,8,1634
22144,3531970,defensive,1,0.9700,8,1635
22145,3532091,defensive,1,0.9700,8,1636
22146,3532239,defensive,1,0.9700,8,1637
22147,3532359,defensive,1,0.9700,8,1638
22148,3532498,defensive,1,0.9700,8,1639
22149,3532725,defensive,1,0.9700,8,1640
22150,3532847,defensive,1,0.9700,8,1641
22151,3533005,defensive,1,0.9700,8,1642
22152,3533133,defensive,1,0.9700,8,1643
22153,3533259,defensive,1,0.9700,8,1644
22154,3533410,defensive,1,0.9700,8,1645
22155,3533530,defensive,1,0.9700,8,1646
22156,3533664,defensive,1,0.9700,8,1647
22157,3533790,defensive,1,0.9700,8,1648
22158,3533935,defensive,1,0.9700,8,1649
22159,3534172,defensive,1,0.9700,8,1650
22160,3534292,defensive,1,0.9700,8,1651
22161,3534441,defensive,1,0.9700,8,1652
22162,3534592,defensive,1,0.9700,8,1653
22163,3534717,defensive,1,0.9700,8,1654
22164,3534861,defensive,1,0.9700,8,1655
22165,3534990,defensive,1,0.9700,8,1656
22166,3535127,defensive,1,0.9700,8,1657
22167,3535273,defensive,1,0.9800,8,1658
22168,3535394,defensive,1,0.9800,8,1659
22169,3535537,defensive,1,0.9800,8,1660
22170,3535678,defensive,1,0.9800,8,1661
22171,3535813,defensive,1,0.9800,8,1662
22172,3535932,defensive,1,0.9800,8,1663
22173,3536067,defensive,1,0.9800,8,1664
22174,3536187,defensive,1,0.9800,8,1665
22175,3536287,defensive,1,0.9800,8,1666
22176,3536427,defensive,1,0.9800,8,1667
22177,3536606,defensive,1,0.9800,8,1668
22178,3536732,defensive,1,0.9800,8,1669
22179,3536898,defensive,1,0.9800,8,1670
22180,3537067,defensive,1,0.9800,8,1671
22181,3537206,defensive,1,0.9800,8,1672
22182,3537354,defensive,1,0.9800,8,1673
22183,3537495,defensive,1,0.9800,8,1674
22184,3537588,defensive,0,0.9700,8,1675
22185,3537721,defensive,1,0.9700,8,1676
22186,3538480,defensive,1,0.9700,8,1677
22187,3538613,defensive,1,0.9700,8,1678
22188,3538743,defensive,1,0.9700,8,1679
22189,3538860,defensive,1,0.9700,8,1680
22190,3538990,defensive,1,0.9700,8,1681
22191,3539130,defensive,1,0.9700,8,1682
22192,3539276,defensive,1,0.9700,8,1683
22193,3539401,defensive,1,0.9700,8,1684
22194,3539528,defensive,1,0.9700,8,1685
22195,3539665,defensive,1,0.9700,8,1686
22196,3539904,defensive,1,0.9700,8,1687
22197,3540044,defensive,1,0.9700,8,1688
22198,3540183,defensive,1,0.9700,8,1689
22199,3540309,defensive,1,0.9700,8,1690
22200,3540456,defensive,1,0.9700,8,1691
22201,3540616,defensive,1,0.9700,8,1692
22202,3540757,defensive,1,0.9700,8,1693
22203,3540917,defensive,1,0.9700,8,1694
22204,3541059,defensive,1,0.9700,8,1695
22205,3541200,defensive,1,0.9700,8,1696
22206,3541317,defensive,1,0.9700,8,1697
22207,3541487,defensive,1,0.9700,8,1698
22208,3541638,defensive,1,0.9700,8,1699
22209,3541767,defensive,1,0.9700,8,1700
22210,3541963,defensive,1,0.9700,8,1701
22211,3542168,defensive,1,0.9700,8,1702
22212,3542294,defensive,1,0.9700,8,1703
22213,3542429,defensive,1,0.9700,8,1704
22214,3542564,defensive,1,0.9700,8,1705
22215,3542694,defensive,1,0.9700,8,1706
22216,3542824,defensive,1,0.9800,8,1707
22217,3542965,defensive,1,0.9800,8,1708
22218,3543088,defensive,1,0.9800,8,1709
22219,3543208,defensive,1,0.9800,8,1710
22220,3543334,defensive,1,0.9800,8,1711
22221,3543462,defensive,1,0.9800,8,1712
22222,3543597,defensive,1,0.9800,8,1713
22223,3543732,defensive,1,0.9800,8,1714
22224,3543906,defensive,1,0.9800,8,1715
22225,3544212,defensive,1,0.9800,8,1716
22226,3544339,defensive,1,0.9800,8,1717
22227,3544494,defensive,1,0.9800,8,1718
22228,3544615,defensive,1,0.9800,8,1719
22229,3544741,defensive,1,0.9800,8,1720
22230,3544867,defensive,1,0.9800,8,1721
22231,3544999,defensive,1,0.9800,8,1722
22232,3545118,defensive,1,0.9800,8,1723
22233,3545249,defensive,1,0.9800,8,1724
22234,3545351,defensive,1,0.9800,8,1725
22235,3545480,defensive,1,0.9800,8,1726
22236,3546798,defensive,1,0.9800,8,1727
22237,3546953,defensive,1,0.9800,8,1728
22238,3547078,defensive,1,0.9800,8,1729
22239,3547230,defensive,1,0.9800,8,1730
22240,3547403,defensive,1,0.9900,8,1731
22241,3547536,defensive,1,0.9900,8,1732
22242,3547674,defensive,1,0.9900,8,1733
22243,3547804,defensive,1,0.9900,8,1734
22244,3547928,defensive,1,0.9900,8,1735
22245,3548044,defensive,1,0.9900,8,1736
22246,3548218,defensive,1,0.9900,8,1737
22247,3548354,defensive,1,0.9900,8,1738
22248,3548479,defensive,1,0.9900,8,1739
22249,3548597,defensive,1,0.9900,8,1740
22250,3548729,defensive,1,0.9900,8,1741
22251,3548857,defensive,1,0.9900,8,1742
22252,3549003,defensive,1,0.9900,8,1743
22253,3549144,defensive,1,0.9900,8,1744
22254,3549324,defensive,1,0.9900,8,1745
22255,3549495,defensive,1,0.9900,8,1746
22256,3549641,defensive,1,0.9900,8,1747
22257,3549776,defensive,1,0.9900,8,1748
22258,3549898,defensive,1,0.9900,8,1749
22259,3550034,defensive,1,0.9900,8,1750
22260,3550162,defensive,1,0.9900,8,1751
22261,3550289,defensive,1,0.9900,8,1752
22262,3550427,defensive,1,0.9900,8,1753
22263,3550557,defensive,1,0.9900,8,1754
22264,3550684,defensive,1,0.9900,8,1755
22265,3550803,defensive,1,0.9900,8,1756
22266,3550944,defensive,1,0.9900,8,1757
22267,3551071,defensive,1,0.9900,8,1758
22268,3551251,defensive,1,0.9900,8,1759
22269,3551368,defensive,1,0.9900,8,1760
22270,3551489,defensive,1,0.9900,8,1761
22271,3551660,defensive,1,0.9900,8,1762
22272,3551786,defensive,1,0.9900,8,1763
22273,3551933,defensive,1,0.9900,8,1764
22274,3552052,defensive,1,0.9900,8,1765
22275,3552181,defensive,1,0.9900,8,1766
22276,3552301,defensive,1,0.9900,8,1767
22277,3552444,defensive,1,0.9900,8,1768
22278,3552598,defensive,1,0.9900,8,1769
22279,3552756,defensive,1,0.9900,8,1770
22280,3552893,defensive,1,0.9900,8,1771
22281,3553011,defensive,1,0.9900,8,1772
22282,3553203,defensive,1,0.9900,8,1773
22283,3553331,defensive,1,0.9900,8,1774
22284,3553453,defensive,1,1.0000,8,1775
22285,3553588,defensive,1,1.0000,8,1776
22286,3553758,defensive,1,1.0000,8,1777
22287,3553911,defensive,1,1.0000,8,1778
22288,3554058,defensive,1,1.0000,8,1779
22289,3554181,defensive,1,1.0000,8,1780
22290,3554311,defensive,1,1.0000,8,1781
22291,3554430,defensive,1,1.0000,8,1782
22292,3554574,defensive,1,1.0000,8,1783
22293,3554722,defensive,1,1.0000,8,1784
22294,3554842,defensive,1,1.0000,8,1785
22295,3554988,defensive,1,1.0000,8,1786
22296,3555110,defensive,1,1.0000,8,1787
22297,3555250,defensive,1,1.0000,8,1788
22298,3555386,defensive,1,1.0000,8,1789
22299,3555530,defensive,1,1.0000,8,1790
22300,3555677,defensive,1,1.0000,8,1791
22301,3555814,defensive,1,1.0000,8,1792
22302,3555994,defensive,1,1.0000,8,1793
22303,3556137,defensive,1,1.0000,8,1794
22304,3556240,defensive,1,1.0000,8,1795
22305,3556378,defensive,1,1.0000,8,1796
22306,3556505,defensive,1,1.0000,8,1797
22307,3556627,defensive,1,1.0000,8,1798
22308,3556796,defensive,1,1.0000,8,1799
22309,3556938,defensive,1,1.0000,8,1800
22310,3557066,defensive,1,1.0000,8,1801
22311,3557187,defensive,1,1.0000,8,1802
22312,3557314,defensive,1,1.0000,8,1803
22313,3557447,defensive,1,1.0000,8,1804
22314,3557572,defensive,1,1.0000,8,1805
22315,3557754,defensive,1,1.0000,8,1806
22316,3557891,defensive,1,1.0000,8,1807
22317,3558018,defensive,1,1.0000,8,1808
22318,3558141,defensive,1,1.0000,8,1809
22319,3558267,defensive,1,1.0000,8,1810
22320,3558393,defensive,1,1.0000,8,1811
22321,3558521,defensive,1,1.0000,8,1812
22322,3558646,defensive,1,1.0000,8,1813
22323,3558820,defensive,1,1.0000,8,1814
22324,3558950,defensive,1,1.0000,8,1815
22325,3559094,defensive,1,1.0000,8,1816
22326,3559216,defensive,1,1.0000,8,1817
22327,3559342,defensive,1,1.0000,8,1818
22328,3559482,defensive,1,1.0000,8,1819
22329,3559631,defensive,1,1.0000,8,1820
22330,3559755,defensive,1,1.0000,8,1821
22331,3559896,defensive,1,1.0000,8,1822
22332,3560035,defensive,1,1.0000,8,1823
22333,3560164,defensive,1,1.0000,8,1824
22334,3560294,defensive,1,1.0000,8,1825
22335,3560432,defensive,1,1.0000,8,1826
22336,3560555,defensive,1,1.0000,8,1827
22337,3560712,defensive,1,1.0000,8,1828
22338,3560850,defensive,1,1.0000,8,1829
22339,3560990,defensive,1,1.0000,8,1830
22340,3561171,defensive,1,1.0000,8,1831
22341,3561307,defensive,1,1.0000,8,1832
22342,3561454,defensive,1,1.0000,8,1833
22343,3561584,defensive,1,1.0000,8,1834
22344,3561724,defensive,1,1.0000,8,1835
22345,3561854,defensive,1,1.0000,8,1836
22346,3561969,defensive,1,1.0000,8,1837
22347,3562115,defensive,1,1.0000,8,1838
22348,3562234,defensive,1,1.0000,8,1839
22349,3562356,defensive,1,1.0000,8,1840
22350,3562545,defensive,1,1.0000,8,1841
22351,3562644,defensive,1,1.0000,8,1842
22352,3562774,defensive,1,1.0000,8,1843
22353,3562891,defensive,1,1.0000,8,1844
22354,3563009,defensive,1,1.0000,8,1845
22355,3563130,defensive,1,1.0000,8,1846
22356,3563266,defensive,1,1.0000,8,1847
22357,3563398,defensive,1,1.0000,8,1848
22358,3563530,defensive,1,1.0000,8,1849
22359,3563655,defensive,1,1.0000,8,1850
22360,3563758,defensive,1,1.0000,8,1851
22361,3563890,defensive,1,1.0000,8,1852
22362,3564022,defensive,1,1.0000,8,1853
22363,3564120,defensive,1,1.0000,8,1854
22364,3564292,defensive,1,1.0000,8,1855
22365,3564419,defensive,1,1.0000,8,1856
22366,3564560,defensive,1,1.0000,8,1857
22367,3564690,defensive,1,1.0000,8,1858
22368,3564812,defensive,1,1.0000,8,1859
22369,3564932,defensive,1,1.0000,8,1860
22370,3565058,defensive,1,1.0000,8,1861
22371,3565185,defensive,1,1.0000,8,1862
22372,3565331,defensive,1,1.0000,8,1863
22373,3565467,defensive,1,1.0000,8,1864
22374,3565594,defensive,1,1.0000,8,1865
22375,3565748,defensive,1,1.0000,8,1866
22376,3565879,defensive,1,1.0000,8,1867
22377,3566075,defensive,1,1.0000,8,1868
22378,3566217,defensive,1,1.0000,8,1869
22379,3566338,defensive,1,1.0000,8,1870
22380,3566519,defensive,1,1.0000,8,1871
22381,3566741,defensive,1,1.0000,8,1872
22382,3566877,defensive,1,1.0000,8,1873
22383,3567016,defensive,1,1.0000,8,1874
22384,3567170,defensive,1,1.0000,8,1875
22385,3567302,defensive,1,1.0000,8,1876
22386,3567429,defensive,1,1.0000,8,1877
22387,3567547,defensive,1,1.0000,8,1878
22388,3567669,defensive,1,1.0000,8,1879
22389,3567792,defensive,1,1.0000,8,1880
22390,3567939,defensive,1,1.0000,8,1881
22391,3568075,defensive,1,1.0000,8,1882
22392,3568221,defensive,1,1.0000,8,1883
22393,3568343,defensive,1,1.0000,8,1884
22394,3568466,defensive,1,1.0000,8,1885
22395,3568599,defensive,1,1.0000,8,1886
22396,3568734,defensive,1,1.0000,8,1887
22397,3568831,defensive,1,1.0000,8,1888
22398,3568957,defensive,1,1.0000,8,1889
22399,3569088,defensive,1,1.0000,8,1890
22400,3569224,defensive,1,1.0000,8,1891
22401,3569358,defensive,1,1.0000,8,1892
22402,3569492,defensive,1,1.0000,8,1893
22403,3569636,defensive,1,1.0000,8,1894
22404,3569736,defensive,1,1.0000,8,1895
22405,3569865,defensive,1,1.0000,8,1896
22406,3569999,defensive,1,1.0000,8,1897
22407,3570150,defensive,1,1.0000,8,1898
22408,3570284,defensive,1,1.0000,8,1899
22409,3570443,defensive,1,1.0000,8,1900
22410,3570584,defensive,1,1.0000,8,1901
22411,3570715,defensive,1,1.0000,8,1902
22412,3570840,defensive,1,1.0000,8,1903
22413,3570989,defensive,1,1.0000,8,1904
22414,3571135,defensive,1,1.0000,8,1905
22415,3571271,defensive,1,1.0000,8,1906
22416,3571458,defensive,1,1.0000,8,1907
22417,3571586,defensive,1,1.0000,8,1908
22418,3571722,defensive,1,1.0000,8,1909
22419,3571848,defensive,1,1.0000,8,1910
22420,3571968,defensive,1,1.0000,8,1911
22421,3572149,defensive,1,1.0000,8,1912
22422,3572250,defensive,1,1.0000,8,1913
22423,3572380,defensive,1,1.0000,8,1914
22424,3572545,defensive,1,1.0000,8,1915
22425,3572661,defensive,1,1.0000,8,1916
22426,3572848,defensive,1,1.0000,8,1917
22427,3572980,defensive,1,1.0000,8,1918
22428,3573116,defensive,1,1.0000,8,1919
22429,3573239,defensive,1,1.0000,8,1920
22430,3573377,defensive,1,1.0000,8,1921
22431,3573518,defensive,1,1.0000,8,1922
22432,3573734,defensive,1,1.0000,8,1923
22433,3573887,defensive,1,1.0000,8,1924
22434,3574012,defensive,1,1.0000,8,1925
22435,3574162,defensive,1,1.0000,8,1926
22436,3574316,defensive,1,1.0000,8,1927
22437,3574440,defensive,1,1.0000,8,1928
22438,3574573,defensive,1,1.0000,8,1929
22439,3574712,defensive,1,1.0000,8,1930
22440,3574832,defensive,1,1.0000,8,1931
22441,3574952,defensive,1,1.0000,8,1932
22442,3575105,defensive,1,1.0000,8,1933
22443,3575227,defensive,1,1.0000,8,1934
22444,3575366,defensive,1,1.0000,8,1935
22445,3575501,defensive,1,1.0000,8,1936
22446,3575651,defensive,1,1.0000,8,1937
22447,3575745,defensive,1,1.0000,8,1938
22448,3575868,defensive,1,1.0000,8,1939
22449,3576003,defensive,1,1.0000,8,1940
22450,3576125,defensive,1,1.0000,8,1941
22451,3576245,defensive,1,1.0000,8,1942
22452,3576383,defensive,1,1.0000,8,1943
22453,3576527,defensive,1,1.0000,8,1944
22454,3576647,defensive,1,1.0000,8,1945
22455,3576773,defensive,1,1.0000,8,1946
22456,3576905,defensive,1,1.0000,8,1947
22457,3577033,defensive,1,1.0000,8,1948
22458,3577209,defensive,1,1.0000,8,1949
22459,3577378,defensive,1,1.0000,8,1950
22460,3577536,defensive,1,1.0000,8,1951
22461,3577666,defensive,1,1.0000,8,1952
22462,3577801,defensive,1,1.0000,8,1953
22463,3577923,defensive,1,1.0000,8,1954
22464,3578018,defensive,1,1.0000,8,1955
22465,3578161,defensive,1,1.0000,8,1956
22466,3578281,defensive,1,1.0000,8,1957
22467,3578434,defensive,1,1.0000,8,1958
22468,3578552,defensive,1,1.0000,8,1959
22469,3578761,defensive,1,1.0000,8,1960
22470,3578896,defensive,1,1.0000,8,1961
22471,3579089,defensive,1,1.0000,8,1962
22472,3579217,defensive,1,1.0000,8,1963
22473,3579357,defensive,1,1.0000,8,1964
22474,3579492,defensive,1,1.0000,8,1965
22475,3579636,defensive,1,1.0000,8,1966
22476,3579786,defensive,1,1.0000,8,1967
22477,3579924,defensive,1,1.0000,8,1968
22478,3580053,defensive,1,1.0000,8,1969
22479,3580180,defensive,1,1.0000,8,1970
22480,3580306,defensive,1,1.0000,8,1971
22481,3580449,defensive,1,1.0000,8,1972
22482,3580608,defensive,1,1.0000,8,1973
22483,3580800,defensive,1,1.0000,8,1974
22484,3580919,defensive,1,1.0000,8,1975
22485,3581040,defensive,1,1.0000,8,1976
22486,3581179,defensive,1,1.0000,8,1977
22487,3581273,defensive,1,1.0000,8,1978
22488,3581410,defensive,1,1.0000,8,1979
22489,3581536,defensive,1,1.0000,8,1980
22490,3581689,defensive,1,1.0000,8,1981
22491,3581815,defensive,1,1.0000,8,1982
22492,3581973,defensive,1,1.0000,8,1983
22493,3582068,defensive,1,1.0000,8,1984
22494,3582213,defensive,1,1.0000,8,1985
22495,3582351,defensive,1,1.0000,8,1986
22496,3582480,defensive,1,1.0000,8,1987
22497,3582615,defensive,1,1.0000,8,1988
22498,3582764,defensive,1,1.0000,8,1989
22499,3582894,defensive,1,1.0000,8,1990
22500,3583046,defensive,1,1.0000,8,1991
22501,3583169,defensive,1,1.0000,8,1992
22502,3583264,defensive,1,1.0000,8,1993
22503,3583358,defensive,1,1.0000,8,1994
22504,3583536,defensive,1,1.0000,8,1995
22505,3583653,defensive,1,1.0000,8,1996
22506,3585005,defensive,1,1.0000,8,1997
22507,3585148,defensive,1,1.0000,8,1998
22508,3585295,defensive,1,1.0000,8,1999
22509,3585423,defensive,1,1.0000,8,2000
22510,3585550,defensive,1,1.0000,8,2001
22511,3585685,defensive,1,1.0000,8,2002
22512,3585824,defensive,1,1.0000,8,2003
22513,3585961,defensive,1,1.0000,8,2004
22514,3586091,defensive,1,1.0000,8,2005
22515,3586386,defensive,1,1.0000,8,2006
22516,3586525,defensive,1,1.0000,8,2007
22517,3586646,defensive,1,1.0000,8,2008
22518,3586782,defensive,1,1.0000,8,2009
22519,3586921,defensive,1,1.0000,8,2010
22520,3587042,defensive,1,1.0000,8,2011
22521,3587149,defensive,0,0.9900,8,2012
22522,3587287,defensive,1,0.9900,8,2013
22523,3587413,defensive,1,0.9900,8,2014
22524,3587583,defensive,1,0.9900,8,2015
22525,3587708,defensive,1,0.9900,8,2016
22526,3587830,defensive,1,0.9900,8,2017
22527,3587969,defensive,1,0.9900,8,2018
22528,3588089,defensive,1,0.9900,8,2019
22529,3588213,defensive,1,0.9900,8,2020
22530,3588367,defensive,1,0.9900,8,2021
22531,3588491,defensive,1,0.9900,8,2022
22532,3588612,defensive,1,0.9900,8,2023
22533,3588819,defensive,1,0.9900,8,2024
22534,3588950,defensive,1,0.9900,8,2025
22535,3589073,defensive,1,0.9900,8,2026
22536,3589195,defensive,1,0.9900,8,2027
22537,3589290,defensive,1,0.9900,8,2028
22538,3589421,defensive,1,0.9900,8,2029
22539,3589547,defensive,1,0.9900,8,2030
22540,3589673,defensive,1,0.9900,8,2031
22541,3589805,defensive,1,0.9900,8,2032
22542,3589930,defensive,1,0.9900,8,2033
22543,3590049,defensive,1,0.9900,8,2034
22544,3590175,defensive,1,0.9900,8,2035
22545,3590312,defensive,1,0.9900,8,2036
22546,3590433,defensive,1,0.9900,8,2037
22547,3590574,defensive,1,0.9900,8,2038
22548,3590713,defensive,1,0.9900,8,2039
22549,3590844,defensive,1,0.9900,8,2040
22550,3590975,defensive,1,0.9900,8,2041
22551,3591120,defensive,1,0.9900,8,2042
22552,3591236,defensive,1,0.9900,8,2043
22553,3591368,defensive,1,0.9900,8,2044
22554,3591501,defensive,1,0.9900,8,2045
22555,3591618,defensive,1,0.9900,8,2046
22556,3591753,defensive,1,0.9900,8,2047
22557,3591897,defensive,1,0.9900,8,2048
22558,3592053,defensive,1,0.9900,8,2049
22559,3592175,defensive,1,0.9900,8,2050
22560,3592295,defensive,1,0.9900,8,2051
22561,3592426,defensive,1,0.9900,8,2052
22562,3592578,defensive,1,0.9900,8,2053
22563,3592724,defensive,1,0.9900,8,2054
22564,3592854,defensive,1,0.9900,8,2055
22565,3592979,defensive,1,0.9900,8,2056
22566,3593109,defensive,1,0.9900,8,2057
22567,3593224,defensive,1,0.9900,8,2058
22568,3593347,defensive,1,0.9900,8,2059
22569,3593475,defensive,1,0.9900,8,2060
22570,3593601,defensive,1,0.9900,8,2061
22571,3593758,defensive,1,0.9900,8,2062
22572,3593879,defensive,1,0.9900,8,2063
22573,3594004,defensive,1,0.9900,8,2064
22574,3594130,defensive,1,0.9900,8,2065
22575,3594253,defensive,1,0.9900,8,2066
22576,3594389,defensive,1,0.9900,8,2067
22577,3594578,defensive,1,0.9900,8,2068
22578,3594703,defensive,1,0.9900,8,2069
22579,3594833,defensive,1,0.9900,8,2070
22580,3594961,defensive,1,0.9900,8,2071
22581,3595104,defensive,1,0.9900,8,2072
22582,3595260,defensive,1,0.9900,8,2073
22583,3595392,defensive,1,0.9900,8,2074
22584,3595503,defensive,0,0.9800,8,2075
22585,3595621,defensive,1,0.9800,8,2076
22586,3595715,defensive,1,0.9800,8,2077
22587,3595870,defensive,1,0.9800,8,2078
22588,3596012,defensive,1,0.9800,8,2079
22589,3596140,defensive,1,0.9800,8,2080
22590,3596265,defensive,1,0.9800,8,2081
22591,3596392,defensive,1,0.9800,8,2082
22592,3596537,defensive,1,0.9800,8,2083
22593,3596629,defensive,0,0.9700,8,2084
22594,3596757,defensive,1,0.9700,8,2085
22595,3596894,defensive,1,0.9700,8,2086
22596,3597014,defensive,1,0.9700,8,2087
22597,3597175,defensive,1,0.9700,8,2088
22598,3597298,defensive,1,0.9700,8,2089
22599,3597445,defensive,1,0.9700,8,2090
22600,3597573,defensive,1,0.9700,8,2091
22601,3597693,defensive,1,0.9700,8,2092
22602,3597838,defensive,1,0.9700,8,2093
22603,3597974,defensive,1,0.9700,8,2094
22604,3598109,defensive,1,0.9700,8,2095
22605,3598207,defensive,1,0.9700,8,2096
22606,3598303,defensive,0,0.9600,8,2097
22607,3598428,defensive,1,0.9600,8,2098
22608,3598585,defensive,1,0.9600,8,2099
22609,3598708,defensive,1,0.9600,8,2100
22610,3598834,defensive,1,0.9600,8,2101
22611,3598951,defensive,1,0.9600,8,2102
22612,3599080,defensive,1,0.9600,8,2103
22613,3599201,defensive,1,0.9600,8,2104
22614,3599354,defensive,1,0.9600,8,2105
22615,3599474,defensive,1,0.9600,8,2106
22616,3599604,defensive,1,0.9600,8,2107
22617,3599738,defensive,1,0.9600,8,2108
22618,3599873,defensive,1,0.9600,8,2109
22619,3599991,defensive,1,0.9600,8,2110
22620,3600107,defensive,1,0.9600,8,2111
22621,3600252,defensive,1,0.9700,8,2112
22622,3600409,defensive,1,0.9700,8,2113
22623,3600536,defensive,1,0.9700,8,2114
22624,3600674,defensive,0,0.9600,8,2115
22625,3600798,defensive,1,0.9600,8,2116
22626,3600919,defensive,1,0.9600,8,2117
22627,3601044,defensive,1,0.9600,8,2118
22628,3601183,defensive,1,0.9600,8,2119
22629,3601310,defensive,1,0.9600,8,2120
22630,3601446,defensive,1,0.9600,8,2121
22631,3601576,defensive,1,0.9600,8,2122
22632,3601702,defensive,1,0.9600,8,2123
22633,3601852,defensive,1,0.9600,8,2124
22634,3601980,defensive,1,0.9600,8,2125
22635,3602244,defensive,1,0.9600,8,2126
22636,3602387,defensive,1,0.9600,8,2127
22637,3602509,defensive,1,0.9600,8,2128
22638,3602628,defensive,1,0.9600,8,2129
22639,3602808,defensive,1,0.9600,8,2130
22640,3602953,defensive,1,0.9600,8,2131
22641,3603073,defensive,1,0.9600,8,2132
22642,3603195,defensive,1,0.9600,8,2133
22643,3603324,defensive,1,0.9600,8,2134
22644,3603489,defensive,1,0.9600,8,2135
22645,3603605,defensive,1,0.9600,8,2136
22646,3603725,defensive,1,0.9600,8,2137
22647,3603853,defensive,1,0.9600,8,2138
22648,3603993,defensive,1,0.9600,8,2139
22649,3604089,defensive,1,0.9600,8,2140
22650,3604225,defensive,1,0.9600,8,2141
22651,3604368,defensive,1,0.9600,8,2142
22652,3604507,defensive,1,0.9600,8,2143
22653,3604632,defensive,1,0.9600,8,2144
22654,3604773,defensive,1,0.9600,8,2145
22655,3604902,defensive,1,0.9600,8,2146
22656,3605026,defensive,1,0.9600,8,2147
22657,3605146,defensive,1,0.9600,8,2148
22658,3605278,defensive,1,0.9600,8,2149
22659,3605406,defensive,1,0.9600,8,2150
22660,3605499,defensive,0,0.9500,8,2151
22661,3605659,defensive,1,0.9500,8,2152
22662,3605755,defensive,0,0.9400,8,2153
22663,3605899,defensive,1,0.9400,8,2154
22664,3606058,defensive,1,0.9400,8,2155
22665,3606191,defensive,1,0.9400,8,2156
22666,3606360,defensive,1,0.9400,8,2157
22667,3606509,defensive,1,0.9400,8,2158
22668,3606640,defensive,1,0.9400,8,2159
22669,3606772,defensive,1,0.9400,8,2160
22670,3606898,defensive,1,0.9400,8,2161
22671,3607020,defensive,1,0.9400,8,2162
22672,3607118,defensive,1,0.9400,8,2163
22673,3607250,defensive,1,0.9400,8,2164
22674,3607374,defensive,1,0.9400,8,2165
22675,3607535,defensive,1,0.9400,8,2166
22676,3607631,defensive,1,0.9400,8,2167
22677,3607753,defensive,1,0.9400,8,2168
22678,3607880,defensive,1,0.9400,8,2169
22679,3608002,defensive,1,0.9400,8,2170
22680,3608159,defensive,1,0.9400,8,2171
22681,3608289,defensive,1,0.9400,8,2172
22682,3608382,defensive,1,0.9400,8,2173
22683,3608504,defensive,1,0.9400,8,2174
22684,3608641,defensive,1,0.9500,8,2175
22685,3608786,defensive,1,0.9500,8,2176
22686,3608945,defensive,1,0.9500,8,2177
22687,3609059,defensive,1,0.9500,8,2178
22688,3609323,defensive,1,0.9500,8,2179
22689,3609437,defensive,1,0.9500,8,2180
22690,3609590,defensive,1,0.9500,8,2181
22691,3609713,defensive,1,0.9500,8,2182
22692,3609845,defensive,1,0.9500,8,2183
22693,3609975,defensive,1,0.9600,8,2184
22694,3610112,defensive,1,0.9600,8,2185
22695,3610235,defensive,1,0.9600,8,2186
22696,3610362,defensive,1,0.9600,8,2187
22697,3610543,defensive,1,0.9600,8,2188
22698,3610695,defensive,1,0.9600,8,2189
22699,3610798,defensive,1,0.9600,8,2190
22700,3610901,defensive,0,0.9500,8,2191
22701,3611034,defensive,1,0.9500,8,2192
22702,3611181,defensive,1,0.9500,8,2193
22703,3611306,defensive,1,0.9500,8,2194
22704,3611445,defensive,1,0.9500,8,2195
22705,3611574,defensive,1,0.9500,8,2196
22706,3611702,defensive,1,0.9600,8,2197
22707,3611826,defensive,1,0.9600,8,2198
22708,3611965,defensive,1,0.9600,8,2199
22709,3612103,defensive,1,0.9600,8,2200
22710,3612224,defensive,1,0.9600,8,2201
22711,3612355,defensive,1,0.9600,8,2202
22712,3612491,defensive,1,0.9600,8,2203
22713,3612590,defensive,1,0.9600,8,2204
22714,3612804,defensive,1,0.9600,8,2205
22715,3612897,defensive,0,0.9500,8,2206
22716,3613034,defensive,1,0.9500,8,2207
22717,3613183,defensive,1,0.9500,8,2208
22718,3613322,defensive,1,0.9500,8,2209
22719,3613448,defensive,1,0.9500,8,2210
22720,3613594,defensive,1,0.9500,8,2211
22721,3613741,defensive,1,0.9500,8,2212
22722,3613868,defensive,1,0.9500,8,2213
22723,3614031,defensive,1,0.9500,8,2214
22724,3614177,defensive,1,0.9600,8,2215
22725,3614341,defensive,1,0.9600,8,2216
22726,3614475,defensive,1,0.9600,8,2217
22727,3614591,defensive,1,0.9600,8,2218
22728,3614711,defensive,1,0.9600,8,2219
22729,3614837,defensive,1,0.9600,8,2220
22730,3615090,defensive,1,0.9600,8,2221
22731,3615217,defensive,1,0.9600,8,2222
22732,3615347,defensive,1,0.9600,8,2223
22733,3615511,defensive,1,0.9600,8,2224
22734,3615636,defensive,1,0.9600,8,2225
22735,3615778,defensive,1,0.9600,8,2226
22736,3615900,defensive,1,0.9600,8,2227
22737,3616030,defensive,1,0.9600,8,2228
22738,3616193,defensive,1,0.9600,8,2229
22739,3616327,defensive,1,0.9600,8,2230
22740,3616453,defensive,1,0.9600,8,2231
22741,3616593,defensive,1,0.9600,8,2232
22742,3616715,defensive,1,0.9600,8,2233
22743,3616835,defensive,1,0.9600,8,2234
22744,3616962,defensive,1,0.9600,8,2235
22745,3617063,defensive,0,0.9500,8,2236
22746,3617217,defensive,1,0.9500,8,2237
22747,3617345,defensive,1,0.9500,8,2238
22748,3617472,defensive,1,0.9500,8,2239
22749,3617596,defensive,1,0.9500,8,2240
22750,3617735,defensive,1,0.9500,8,2241
22751,3617865,defensive,1,0.9500,8,2242
22752,3618036,defensive,1,0.9500,8,2243
22753,3618180,defensive,1,0.9500,8,2244
22754,3618342,defensive,1,0.9500,8,2245
22755,3618462,defensive,1,0.9500,8,2246
22756,3618587,defensive,1,0.9500,8,2247
22757,3618748,defensive,1,0.9500,8,2248
22758,3618928,defensive,1,0.9500,8,2249
22759,3619072,defensive,1,0.9500,8,2250
22760,3619196,defensive,1,0.9600,8,2251
22761,3619322,defensive,1,0.9600,8,2252
22762,3619444,defensive,1,0.9700,8,2253
22763,3619569,defensive,1,0.9700,8,2254
22764,3619705,defensive,1,0.9700,8,2255
22765,3619846,defensive,1,0.9700,8,2256
22766,3619984,defensive,1,0.9700,8,2257
22767,3620110,defensive,1,0.9700,8,2258
22768,3620241,defensive,1,0.9700,8,2259
22769,3620442,defensive,1,0.9700,8,2260
22770,3620570,defensive,1,0.9700,8,2261
22771,3620697,defensive,1,0.9700,8,2262
22772,3620843,defensive,1,0.9700,8,2263
22773,3620989,defensive,1,0.9700,8,2264
22774,3621109,defensive,1,0.9700,8,2265
22775,3621230,defensive,1,0.9700,8,2266
22776,3621353,defensive,1,0.9700,8,2267
22777,3621483,defensive,1,0.9700,8,2268
22778,3621615,defensive,1,0.9700,8,2269
22779,3621755,defensive,1,0.9700,8,2270
22780,3621897,defensive,1,0.9700,8,2271
22781,3622029,defensive,1,0.9700,8,2272
22782,3622175,defensive,1,0.9700,8,2273
22783,3622300,defensive,1,0.9700,8,2274
22784,3622446,defensive,1,0.9700,8,2275
22785,3622568,defensive,1,0.9700,8,2276
22786,3622712,defensive,1,0.9700,8,2277
22787,3622844,defensive,1,0.9700,8,2278
22788,3622981,defensive,1,0.9700,8,2279
22789,3623106,defensive,1,0.9700,8,2280
22790,3623228,defensive,1,0.9700,8,2281
22791,3623362,defensive,1,0.9700,8,2282
22792,3623487,defensive,1,0.9700,8,2283
22793,3623625,defensive,1,0.9700,8,2284
22794,3623809,defensive,1,0.9700,8,2285
22795,3623962,defensive,1,0.9700,8,2286
22796,3624086,defensive,1,0.9700,8,2287
22797,3624206,defensive,1,0.9700,8,2288
22798,3624328,defensive,1,0.9700,8,2289
22799,3624464,defensive,1,0.9700,8,2290
22800,3624596,defensive,1,0.9800,8,2291
22801,3624742,defensive,1,0.9800,8,2292
22802,3624892,defensive,1,0.9800,8,2293
22803,3625017,defensive,1,0.9800,8,2294
22804,3625142,defensive,1,0.9800,8,2295
22805,3625272,defensive,1,0.9800,8,2296
22806,3625399,defensive,1,0.9800,8,2297
22807,3625529,defensive,1,0.9800,8,2298
22808,3625652,defensive,1,0.9800,8,2299
22809,3625771,defensive,1,0.9800,8,2300
22810,3625930,defensive,1,0.9800,8,2301
22811,3626064,defensive,1,0.9800,8,2302
22812,3626159,defensive,1,0.9800,8,2303
22813,3626289,defensive,1,0.9800,8,2304
22814,3626460,defensive,1,0.9800,8,2305
22815,3626583,defensive,1,0.9900,8,2306
22816,3626716,defensive,1,0.9900,8,2307
22817,3626909,defensive,1,0.9900,8,2308
22818,3627039,defensive,1,0.9900,8,2309
22819,3627138,defensive,1,0.9900,8,2310
22820,3627272,defensive,1,0.9900,8,2311
22821,3627395,defensive,1,0.9900,8,2312
22822,3627516,defensive,1,0.9900,8,2313
22823,3627656,defensive,1,0.9900,8,2314
22824,3627781,defensive,1,0.9900,8,2315
22825,3627928,defensive,1,0.9900,8,2316
22826,3628052,defensive,1,0.9900,8,2317
22827,3628223,defensive,1,0.9900,8,2318
22828,3628350,defensive,1,0.9900,8,2319
22829,3628475,defensive,1,0.9900,8,2320
22830,3628598,defensive,1,0.9900,8,2321
22831,3628722,defensive,1,0.9900,8,2322
22832,3628845,defensive,1,0.9900,8,2323
22833,3628972,defensive,1,0.9900,8,2324
22834,3629095,defensive,1,0.9900,8,2325
22835,3629226,defensive,1,0.9900,8,2326
22836,3629366,defensive,1,0.9900,8,2327
22837,3629486,defensive,1,0.9900,8,2328
22838,3629660,defensive,1,0.9900,8,2329
22839,3629791,defensive,1,0.9900,8,2330
22840,3629934,defensive,1,0.9900,8,2331
22841,3630083,defensive,1,0.9900,8,2332
22842,3630204,defensive,1,0.9900,8,2333
22843,3630323,defensive,1,0.9900,8,2334
22844,3630471,defensive,1,0.9900,8,2335
22845,3630592,defensive,1,1.0000,8,2336
22846,3630732,defensive,1,1.0000,8,2337
22847,3630874,defensive,1,1.0000,8,2338
22848,3631009,defensive,1,1.0000,8,2339
22849,3631161,defensive,1,1.0000,8,2340
22850,3631333,defensive,1,1.0000,8,2341
22851,3631457,defensive,1,1.0000,8,2342
22852,3631599,defensive,1,1.0000,8,2343
22853,3631734,defensive,1,1.0000,8,2344
22854,3631873,defensive,1,1.0000,8,2345
22855,3632003,defensive,1,1.0000,8,2346
22856,3632120,defensive,1,1.0000,8,2347
22857,3632269,defensive,1,1.0000,8,2348
22858,3632406,defensive,1,1.0000,8,2349
22859,3632543,defensive,1,1.0000,8,2350
22860,3632673,defensive,1,1.0000,8,2351
22861,3632804,defensive,1,1.0000,8,2352
22862,3632924,defensive,1,1.0000,8,2353
22863,3633051,defensive,1,1.0000,8,2354
22864,3633181,defensive,1,1.0000,8,2355
22865,3633320,defensive,1,1.0000,8,2356
22866,3633449,defensive,1,1.0000,8,2357
22867,3633579,defensive,1,1.0000,8,2358
22868,3633736,defensive,1,1.0000,8,2359
22869,3633867,defensive,1,1.0000,8,2360
22870,3633998,defensive,1,1.0000,8,2361
22871,3634120,defensive,1,1.0000,8,2362
22872,3634242,defensive,1,1.0000,8,2363
22873,3634382,defensive,1,1.0000,8,2364
22874,3634504,defensive,1,1.0000,8,2365
22875,3634645,defensive,1,1.0000,8,2366
22876,3634766,defensive,1,1.0000,8,2367
22877,3634891,defensive,1,1.0000,8,2368
22878,3635012,defensive,1,1.0000,8,2369
22879,3635192,defensive,1,1.0000,8,2370
22880,3635312,defensive,1,1.0000,8,2371
22881,3635462,defensive,1,1.0000,8,2372
22882,3635565,defensive,1,1.0000,8,2373
22883,3635694,defensive,1,1.0000,8,2374
22884,3637046,defensive,1,1.0000,8,2375
22885,3637165,defensive,1,1.0000,8,2376
22886,3637296,defensive,1,1.0000,8,2377
22887,3637416,defensive,1,1.0000,8,2378
22888,3637572,defensive,1,1.0000,8,2379
22889,3637700,defensive,1,1.0000,8,2380
22890,3637833,defensive,1,1.0000,8,2381
22891,3637950,defensive,1,1.0000,8,2382
22892,3638084,defensive,1,1.0000,8,2383
22893,3638274,defensive,1,1.0000,8,2384
22894,3638402,defensive,1,1.0000,8,2385
22895,3638524,defensive,1,1.0000,8,2386
22896,3638691,defensive,1,1.0000,8,2387
22897,3638817,defensive,1,1.0000,8,2388
22898,3638941,defensive,1,1.0000,8,2389
22899,3639079,defensive,1,1.0000,8,2390
22900,3639179,defensive,1,1.0000,8,2391
22901,3639313,defensive,1,1.0000,8,2392
22902,3639432,defensive,1,1.0000,8,2393
22903,3639565,defensive,1,1.0000,8,2394
22904,3639693,defensive,1,1.0000,8,2395
22905,3639836,defensive,1,1.0000,8,2396
22906,3639982,defensive,1,1.0000,8,2397
22907,3640119,defensive,1,1.0000,8,2398
22908,3640245,defensive,1,1.0000,8,2399
22909,3640372,defensive,1,1.0000,8,2400
22910,3640503,defensive,1,1.0000,8,2401
22911,3640680,defensive,1,1.0000,8,2402
22912,3640815,defensive,1,1.0000,8,2403
22913,3640933,defensive,1,1.0000,8,2404
22914,3641064,defensive,1,1.0000,8,2405
22915,3641191,defensive,1,1.0000,8,2406
22916,3641328,defensive,1,1.0000,8,2407
22917,3641567,defensive,1,1.0000,8,2408
22918,3641699,defensive,1,1.0000,8,2409
22919,3641845,defensive,1,1.0000,8,2410
22920,3641969,defensive,1,1.0000,8,2411
22921,3642096,defensive,1,1.0000,8,2412
22922,3642245,defensive,1,1.0000,8,2413
22923,3642374,defensive,1,1.0000,8,2414
22924,3642499,defensive,1,1.0000,8,2415
22925,3642633,defensive,1,1.0000,8,2416
22926,3642767,defensive,1,1.0000,8,2417
22927,3642886,defensive,1,1.0000,8,2418
22928,3643073,defensive,1,1.0000,8,2419
22929,3643197,defensive,1,1.0000,8,2420
22930,3643334,defensive,1,1.0000,8,2421
22931,3643453,defensive,1,1.0000,8,2422
22932,3643575,defensive,1,1.0000,8,2423
22933,3643678,defensive,1,1.0000,8,2424
22934,3643814,defensive,1,1.0000,8,2425
22935,3643935,defensive,1,1.0000,8,2426
22936,3644076,defensive,1,1.0000,8,2427
22937,3644219,defensive,1,1.0000,8,2428
22938,3644339,defensive,1,1.0000,8,2429
22939,3644430,defensive,0,0.9900,8,2430
22940,3644555,defensive,1,0.9900,8,2431
22941,3644681,defensive,1,0.9900,8,2432
22942,3644804,defensive,1,0.9900,8,2433
22943,3644930,defensive,1,0.9900,8,2434
22944,3645098,defensive,1,0.9900,8,2435
22945,3645221,defensive,1,0.9900,8,2436
22946,3645357,defensive,1,0.9900,8,2437
22947,3645478,defensive,1,0.9900,8,2438
22948,3645604,defensive,1,0.9900,8,2439
22949,3645729,defensive,1,0.9900,8,2440
22950,3645853,defensive,1,0.9900,8,2441
22951,3645975,defensive,1,0.9900,8,2442
22952,3646106,defensive,1,0.9900,8,2443
22953,3646228,defensive,1,0.9900,8,2444
22954,3646388,defensive,1,0.9900,8,2445
22955,3646542,defensive,1,0.9900,8,2446
22956,3646637,defensive,0,0.9800,8,2447
22957,3646762,defensive,1,0.9800,8,2448
22958,3646911,defensive,1,0.9800,8,2449
22959,3647048,defensive,1,0.9800,8,2450
22960,3647173,defensive,1,0.9800,8,2451
22961,3647296,defensive,1,0.9800,8,2452
22962,3647446,defensive,1,0.9800,8,2453
22963,3647622,defensive,1,0.9800,8,2454
22964,3647751,defensive,1,0.9800,8,2455
22965,3647892,defensive,1,0.9800,8,2456
22966,3648058,defensive,1,0.9800,8,2457
22967,3648186,defensive,1,0.9800,8,2458
22968,3648303,defensive,1,0.9800,8,2459
22969,3648428,defensive,1,0.9800,8,2460
22970,3648553,defensive,1,0.9800,8,2461
22971,3648683,defensive,1,0.9800,8,2462
22972,3648810,defensive,1,0.9800,8,2463
22973,3648933,defensive,1,0.9800,8,2464
22974,3649055,defensive,1,0.9800,8,2465
22975,3649206,defensive,1,0.9800,8,2466
22976,3649322,defensive,1,0.9800,8,2467
22977,3649452,defensive,1,0.9800,8,2468
22978,3649582,defensive,1,0.9800,8,2469
22979,3649717,defensive,1,0.9800,8,2470
22980,3649848,defensive,1,0.9800,8,2471
22981,3649983,defensive,1,0.9800,8,2472
22982,3650148,defensive,1,0.9800,8,2473
22983,3650291,corner,1,0.9800,9,1
22984,3650862,corner,1,0.9800,9,2
22985,3651017,corner,1,0.9800,9,3
22986,3651151,corner,1,0.9800,9,4
22987,3651498,corner,1,0.9800,9,5
22988,3651618,corner,1,0.9800,9,6
22989,3651773,corner,1,0.9800,9,7
22990,3653125,corner,1,0.9800,9,8
22991,3653451,corner,1,0.9800,9,9
22992,3653606,corner,1,0.9800,9,10
22993,3653716,corner,1,0.9800,9,11
22994,3653888,corner,1,0.9800,9,12
22995,3654223,corner,1,0.9800,9,13
22996,3654333,corner,1,0.9800,9,14
22997,3654469,corner,1,0.9800,9,15
22998,3654616,corner,1,0.9800,9,16
22999,3654760,corner,1,0.9800,9,17
23000,3654928,corner,1,0.9800,9,18
23001,3655061,corner,1,0.9800,9,19
23002,3655202,corner,1,0.9800,9,20
23003,3655350,corner,1,0.9800,9,21
23004,3655502,corner,1,0.9800,9,22
23005,3655617,corner,1,0.9800,9,23
23006,3655759,corner,1,0.9800,9,24
23007,3655908,corner,1,0.9800,9,25
23008,3656451,corner,1,0.9800,9,26
23009,3656585,corner,1,0.9800,9,27
23010,3656727,corner,1,0.9800,9,28
23011,3656858,corner,1,0.9800,9,29
23012,3656990,corner,1,0.9800,9,30
23013,3657152,corner,1,0.9800,9,31
23014,3657285,corner,1,0.9800,9,32
23015,3657421,corner,1,0.9800,9,33
23016,3657572,corner,1,0.9800,9,34
23017,3657741,corner,1,0.9800,9,35
23018,3657885,corner,1,0.9800,9,36
23019,3658028,corner,1,0.9800,9,37
23020,3658192,corner,1,0.9800,9,38
23021,3658329,corner,1,0.9800,9,39
23022,3658475,corner,1,0.9800,9,40
23023,3658613,corner,1,0.9800,9,41
23024,3658766,corner,1,0.9800,9,42
23025,3658914,corner,1,0.9800,9,43
23026,3659111,corner,1,0.9800,9,44
23027,3659246,corner,1,0.9800,9,45
23028,3659404,corner,1,0.9800,9,46
23029,3659539,corner,1,0.9800,9,47
23030,3659988,corner,1,0.9800,9,48
23031,3660133,corner,1,0.9800,9,49
23032,3660250,corner,1,0.9800,9,50
23033,3660388,corner,1,0.9800,9,51
23034,3660538,corner,1,0.9800,9,52
23035,3660703,corner,1,0.9800,9,53
23036,3662055,corner,1,0.9800,9,54
23037,3662213,corner,1,0.9800,9,55
23038,3662356,corner,1,0.9800,9,56
23039,3662483,corner,1,0.9900,9,57
23040,3662634,corner,1,0.9900,9,58
23041,3662778,corner,1,0.9900,9,59
23042,3662924,corner,1,0.9900,9,60
23043,3663068,corner,1,0.9900,9,61
23044,3663221,corner,1,0.9900,9,62
23045,3663356,corner,1,0.9900,9,63
23046,3663551,corner,1,0.9900,9,64
23047,3663696,corner,1,0.9900,9,65
23048,3663836,corner,1,0.9900,9,66
23049,3663984,corner,1,0.9900,9,67
23050,3664262,corner,1,0.9900,9,68
23051,3664397,corner,1,0.9900,9,69
23052,3664554,corner,1,0.9900,9,70
23053,3664695,corner,1,0.9900,9,71
23054,3664841,corner,1,0.9900,9,72
23055,3666193,corner,1,0.9900,9,73
23056,3666328,corner,1,1.0000,9,74
23057,3666467,corner,1,1.0000,9,75
23058,3666612,corner,1,1.0000,9,76
23059,3666766,corner,1,1.0000,9,77
23060,3666910,corner,1,1.0000,9,78
23061,3667058,corner,1,1.0000,9,79
23062,3667203,corner,1,1.0000,9,80
23063,3667354,corner,1,1.0000,9,81
23064,3667491,corner,1,1.0000,9,82
23065,3667624,corner,1,1.0000,9,83
23066,3667786,corner,1,1.0000,9,84
23067,3667927,corner,1,1.0000,9,85
23068,3668074,corner,1,1.0000,9,86
23069,3668234,corner,1,1.0000,9,87
23070,3668379,corner,1,1.0000,9,88
23071,3668540,corner,1,1.0000,9,89
23072,3668686,corner,1,1.0000,9,90
23073,3668828,corner,1,1.0000,9,91
23074,3669032,corner,1,1.0000,9,92
23075,3669155,corner,1,1.0000,9,93
23076,3669294,corner,1,1.0000,9,94
23077,3669434,corner,1,1.0000,9,95
23078,3669570,corner,1,1.0000,9,96
23079,3669726,corner,1,1.0000,9,97
23080,3669867,corner,1,1.0000,9,98
23081,3670007,corner,1,1.0000,9,99
23082,3670151,corner,1,1.0000,9,100
23083,3670299,corner,1,1.0000,9,101
23084,3670447,corner,1,1.0000,9,102
23085,3670612,corner,1,1.0000,9,103
23086,3670725,corner,1,1.0000,9,104
23087,3670895,corner,1,1.0000,9,105
23088,3671048,corner,1,1.0000,9,106
23089,3671181,corner,1,1.0000,9,107
23090,3671294,corner,1,1.0000,9,108
23091,3671407,corner,1,1.0000,9,109
23092,3671564,corner,1,1.0000,9,110
23093,3671708,corner,1,1.0000,9,111
23094,3671855,corner,1,1.0000,9,112
23095,3671998,corner,1,1.0000,9,113
23096,3672146,corner,1,1.0000,9,114
23097,3672281,corner,1,1.0000,9,115
23098,3672430,corner,1,1.0000,9,116
23099,3672591,corner,1,1.0000,9,117
23100,3672754,corner,1,1.0000,9,118
23101,3672916,corner,1,1.0000,9,119
23102,3673053,corner,1,1.0000,9,120
23103,3673214,corner,1,1.0000,9,121
23104,3673356,corner,1,1.0000,9,122
23105,3673514,corner,1,1.0000,9,123
23106,3673667,corner,1,1.0000,9,124
23107,3673815,corner,1,1.0000,9,125
23108,3673957,corner,1,1.0000,9,126
23109,3674075,corner,1,1.0000,9,127
23110,3674223,corner,1,1.0000,9,128
23111,3674577,corner,1,1.0000,9,129
23112,3674720,corner,1,1.0000,9,130
23113,3674853,corner,1,1.0000,9,131
23114,3674997,corner,1,1.0000,9,132
23115,3675151,corner,1,1.0000,9,133
23116,3675332,corner,1,1.0000,9,134
23117,3675468,corner,1,1.0000,9,135
23118,3675640,corner,1,1.0000,9,136
23119,3675784,corner,1,1.0000,9,137
23120,3677136,corner,1,1.0000,9,138
23121,3677276,corner,1,1.0000,9,139
23122,3677433,corner,1,1.0000,9,140
23123,3677576,corner,1,1.0000,9,141
23124,3677693,corner,1,1.0000,9,142
23125,3677839,corner,1,1.0000,9,143
23126,3678010,corner,1,1.0000,9,144
23127,3678157,corner,1,1.0000,9,145
23128,3678310,corner,1,1.0000,9,146
23129,3678577,corner,1,1.0000,9,147
23130,3678728,corner,1,1.0000,9,148
23131,3678868,corner,1,1.0000,9,149
23132,3679003,corner,1,1.0000,9,150
23133,3679160,corner,1,1.0000,9,151
23134,3679305,corner,1,1.0000,9,152
23135,3679424,corner,1,1.0000,9,153
23136,3679563,corner,1,1.0000,9,154
23137,3679708,corner,1,1.0000,9,155
23138,3679846,corner,1,1.0000,9,156
23139,3679981,corner,1,1.0000,9,157
23140,3680117,corner,1,1.0000,9,158
23141,3680257,corner,1,1.0000,9,159
23142,3680403,corner,1,1.0000,9,160
23143,3680552,corner,1,1.0000,9,161
23144,3680693,corner,1,1.0000,9,162
23145,3680802,corner,1,1.0000,9,163
23146,3680943,corner,1,1.0000,9,164
23147,3681084,corner,1,1.0000,9,165
23148,3681216,corner,1,1.0000,9,166
23149,3681363,corner,1,1.0000,9,167
23150,3681532,corner,1,1.0000,9,168
23151,3681670,corner,1,1.0000,9,169
23152,3681814,corner,1,1.0000,9,170
23153,3681947,corner,1,1.0000,9,171
23154,3682097,corner,1,1.0000,9,172
23155,3682242,corner,1,1.0000,9,173
23156,3682387,corner,1,1.0000,9,174
23157,3682524,corner,1,1.0000,9,175
23158,3682674,corner,1,1.0000,9,176
23159,3682822,corner,1,1.0000,9,177
23160,3682965,corner,1,1.0000,9,178
23161,3683101,corner,1,1.0000,9,179
23162,3683249,corner,1,1.0000,9,180
23163,3683387,corner,1,1.0000,9,181
23164,3683565,corner,1,1.0000,9,182
23165,3684116,corner,1,1.0000,9,183
23166,3685468,corner,0,0.9900,9,184
23167,3685603,corner,1,0.9900,9,185
23168,3685749,corner,1,0.9900,9,186
23169,3685889,corner,1,0.9900,9,187
23170,3686050,corner,1,0.9900,9,188
23171,3686187,corner,1,0.9900,9,189
23172,3686329,corner,1,0.9900,9,190
23173,3686490,corner,1,0.9900,9,191
23174,3686634,corner,1,0.9900,9,192
23175,3686778,corner,1,0.9900,9,193
23176,3686920,corner,1,0.9900,9,194
23177,3687137,corner,1,0.9900,9,195
23178,3687286,corner,1,0.9900,9,196
23179,3687427,corner,1,0.9900,9,197
23180,3687569,corner,1,0.9900,9,198
23181,3687706,corner,1,0.9900,9,199
23182,3687873,corner,1,0.9900,9,200
23183,3688021,corner,1,0.9900,9,201
23184,3688167,corner,1,0.9900,9,202
23185,3688309,corner,1,0.9900,9,203
23186,3688450,corner,1,0.9900,9,204
23187,3688708,corner,1,0.9900,9,205
23188,3688852,corner,1,0.9900,9,206
23189,3689008,corner,1,0.9900,9,207
23190,3689148,corner,1,0.9900,9,208
23191,3689298,corner,1,0.9900,9,209
23192,3689459,corner,1,0.9900,9,210
23193,3689605,corner,1,0.9900,9,211
23194,3689739,corner,1,0.9900,9,212
23195,3690125,corner,1,0.9900,9,213
23196,3690271,corner,1,0.9900,9,214
23197,3690374,corner,1,0.9900,9,215
23198,3690509,corner,1,0.9900,9,216
23199,3690642,corner,1,0.9900,9,217
23200,3690777,corner,1,0.9900,9,218
23201,3690913,corner,1,0.9900,9,219
23202,3691058,corner,1,0.9900,9,220
23203,3691209,corner,1,0.9900,9,221
23204,3691326,corner,1,0.9900,9,222
23205,3691476,corner,1,0.9900,9,223
23206,3691615,corner,1,0.9900,9,224
23207,3691755,corner,1,0.9900,9,225
23208,3691887,corner,1,0.9900,9,226
23209,3691999,corner,1,0.9900,9,227
23210,3692144,corner,1,0.9900,9,228
23211,3692289,corner,1,0.9900,9,229
23212,3692419,corner,1,0.9900,9,230
23213,3692534,corner,1,0.9900,9,231
23214,3692696,corner,1,0.9900,9,232
23215,3692853,corner,1,0.9900,9,233
23216,3693009,corner,1,0.9900,9,234
23217,3693154,corner,1,0.9900,9,235
23218,3693305,corner,1,0.9900,9,236
23219,3693425,corner,1,0.9900,9,237
23220,3693539,corner,1,0.9900,9,238
23221,3693673,corner,1,0.9900,9,239
23222,3693827,corner,1,0.9900,9,240
23223,3693972,corner,1,0.9900,9,241
23224,3694318,corner,1,0.9900,9,242
23225,3694468,corner,1,0.9900,9,243
23226,3694631,corner,1,0.9900,9,244
23227,3694769,corner,1,0.9900,9,245
23228,3694912,corner,1,0.9900,9,246
23229,3695051,corner,1,0.9900,9,247
23230,3695206,corner,1,0.9900,9,248
23231,3695328,corner,1,0.9900,9,249
23232,3695469,corner,1,0.9900,9,250
23233,3695626,corner,1,0.9900,9,251
23234,3695752,corner,1,0.9900,9,252
23235,3695896,corner,1,0.9900,9,253
23236,3696043,corner,1,0.9900,9,254
23237,3696185,corner,1,0.9900,9,255
23238,3696327,corner,1,0.9900,9,256
23239,3696469,corner,1,0.9900,9,257
23240,3696610,corner,1,0.9900,9,258
23241,3696849,corner,1,0.9900,9,259
23242,3696990,corner,1,0.9900,9,260
23243,3697117,corner,1,0.9900,9,261
23244,3697248,corner,1,0.9900,9,262
23245,3697384,corner,1,0.9900,9,263
23246,3697526,corner,1,0.9900,9,264
23247,3697691,corner,1,0.9900,9,265
23248,3697824,corner,1,0.9900,9,266
23249,3697960,corner,1,0.9900,9,267
23250,3698120,corner,1,0.9900,9,268
23251,3698267,corner,1,0.9900,9,269
23252,3698407,corner,1,0.9900,9,270
23253,3698544,corner,1,0.9900,9,271
23254,3698683,corner,1,0.9900,9,272
23255,3698827,corner,1,0.9900,9,273
23256,3698970,corner,1,0.9900,9,274
23257,3699093,corner,1,0.9900,9,275
23258,3699231,corner,1,0.9900,9,276
23259,3699382,corner,1,0.9900,9,277
23260,3699524,corner,1,0.9900,9,278
23261,3699865,corner,1,0.9900,9,279
23262,3700008,corner,1,0.9900,9,280
23263,3700168,corner,1,0.9900,9,281
23264,3700284,corner,1,0.9900,9,282
23265,3700440,corner,1,0.9900,9,283
23266,3700572,corner,1,1.0000,9,284
23267,3700713,corner,1,1.0000,9,285
23268,3700831,corner,1,1.0000,9,286
23269,3700980,corner,1,1.0000,9,287
23270,3701111,corner,1,1.0000,9,288
23271,3701247,corner,1,1.0000,9,289
23272,3701389,corner,1,1.0000,9,290
23273,3701542,corner,1,1.0000,9,291
23274,3701659,corner,1,1.0000,9,292
23275,3701800,corner,1,1.0000,9,293
23276,3701948,corner,1,1.0000,9,294
23277,3702086,corner,1,1.0000,9,295
23278,3702226,corner,1,1.0000,9,296
23279,3702375,corner,1,1.0000,9,297
23280,3702514,corner,1,1.0000,9,298
23281,3702653,corner,1,1.0000,9,299
23282,3702768,corner,1,1.0000,9,300
23283,3702926,corner,1,1.0000,9,301
23284,3703059,corner,1,1.0000,9,302
23285,3703191,corner,1,1.0000,9,303
23286,3703320,corner,1,1.0000,9,304
23287,3703431,corner,1,1.0000,9,305
23288,3703578,corner,1,1.0000,9,306
23289,3703711,corner,1,1.0000,9,307
23290,3703904,corner,1,1.0000,9,308
23291,3705256,corner,1,1.0000,9,309
23292,3705390,corner,1,1.0000,9,310
23293,3705504,corner,1,1.0000,9,311
23294,3705617,corner,1,1.0000,9,312
23295,3705766,corner,1,1.0000,9,313
23296,3705901,corner,1,1.0000,9,314
23297,3706009,corner,1,1.0000,9,315
23298,3706167,corner,1,1.0000,9,316
23299,3706300,corner,1,1.0000,9,317
23300,3706449,corner,1,1.0000,9,318
23301,3706631,corner,1,1.0000,9,319
23302,3706783,corner,1,1.0000,9,320
23303,3706950,corner,1,1.0000,9,321
23304,3707100,corner,1,1.0000,9,322
23305,3707249,corner,1,1.0000,9,323
23306,3707392,corner,1,1.0000,9,324
23307,3707536,corner,1,1.0000,9,325
23308,3707654,corner,1,1.0000,9,326
23309,3707794,corner,1,1.0000,9,327
23310,3707946,corner,1,1.0000,9,328
23311,3708067,corner,1,1.0000,9,329
23312,3708208,corner,1,1.0000,9,330
23313,3708355,corner,1,1.0000,9,331
23314,3708503,corner,1,1.0000,9,332
23315,3708638,corner,1,1.0000,9,333
23316,3708789,corner,1,1.0000,9,334
23317,3708900,corner,1,1.0000,9,335
23318,3709044,corner,1,1.0000,9,336
23319,3709195,corner,1,1.0000,9,337
23320,3709307,corner,1,1.0000,9,338
23321,3709441,corner,1,1.0000,9,339
23322,3709583,corner,1,1.0000,9,340
23323,3709767,corner,1,1.0000,9,341
23324,3709922,corner,1,1.0000,9,342
23325,3710059,corner,1,1.0000,9,343
23326,3710172,corner,1,1.0000,9,344
23327,3710317,corner,1,1.0000,9,345
23328,3710845,corner,1,1.0000,9,346
23329,3710986,corner,1,1.0000,9,347
23330,3711100,corner,1,1.0000,9,348
23331,3711235,corner,1,1.0000,9,349
23332,3711367,corner,1,1.0000,9,350
23333,3711488,corner,1,1.0000,9,351
23334,3711636,corner,1,1.0000,9,352
23335,3711958,corner,1,1.0000,9,353
23336,3712107,corner,1,1.0000,9,354
23337,3712249,corner,1,1.0000,9,355
23338,3712360,corner,1,1.0000,9,356
23339,3712496,corner,1,1.0000,9,357
23340,3712647,corner,1,1.0000,9,358
23341,3712780,corner,1,1.0000,9,359
23342,3712899,corner,1,1.0000,9,360
23343,3713042,corner,1,1.0000,9,361
23344,3713182,corner,1,1.0000,9,362
23345,3713326,corner,1,1.0000,9,363
23346,3713478,corner,1,1.0000,9,364
23347,3713604,corner,1,1.0000,9,365
23348,3713761,corner,1,1.0000,9,366
23349,3713912,corner,1,1.0000,9,367
23350,3714051,corner,1,1.0000,9,368
23351,3714200,corner,1,1.0000,9,369
23352,3714318,corner,1,1.0000,9,370
23353,3714463,corner,1,1.0000,9,371
23354,3714575,corner,1,1.0000,9,372
23355,3714721,corner,1,1.0000,9,373
23356,3714872,corner,1,1.0000,9,374
23357,3714984,corner,1,1.0000,9,375
23358,3715256,corner,1,1.0000,9,376
23359,3715402,corner,1,1.0000,9,377
23360,3715565,corner,1,1.0000,9,378
23361,3715890,corner,1,1.0000,9,379
23362,3716030,corner,1,1.0000,9,380
23363,3716172,corner,1,1.0000,9,381
23364,3716295,corner,1,1.0000,9,382
23365,3716434,corner,1,1.0000,9,383
23366,3716590,corner,1,1.0000,9,384
23367,3716733,corner,1,1.0000,9,385
23368,3716881,corner,1,1.0000,9,386
23369,3717027,corner,1,1.0000,9,387
23370,3717169,corner,1,1.0000,9,388
23371,3717311,corner,1,1.0000,9,389
23372,3717451,corner,1,1.0000,9,390
23373,3717594,corner,1,1.0000,9,391
23374,3717708,corner,1,1.0000,9,392
23375,3717828,corner,1,1.0000,9,393
23376,3717983,corner,1,1.0000,9,394
23377,3718120,corner,1,1.0000,9,395
23378,3718262,corner,1,1.0000,9,396
23379,3718399,corner,1,1.0000,9,397
23380,3718535,corner,1,1.0000,9,398
23381,3718673,corner,1,1.0000,9,399
23382,3718814,corner,1,1.0000,9,400
23383,3719333,corner,1,1.0000,9,401
23384,3719454,corner,1,1.0000,9,402
23385,3719572,corner,1,1.0000,9,403
23386,3719711,corner,1,1.0000,9,404
23387,3719857,corner,1,1.0000,9,405
23388,3719990,corner,1,1.0000,9,406
23389,3720131,corner,1,1.0000,9,407
23390,3720243,corner,1,1.0000,9,408
23391,3720379,corner,1,1.0000,9,409
23392,3720512,corner,1,1.0000,9,410
23393,3720654,corner,1,1.0000,9,411
23394,3720788,corner,1,1.0000,9,412
23395,3720926,corner,1,1.0000,9,413
23396,3721036,corner,1,1.0000,9,414
23397,3721176,corner,1,1.0000,9,415
23398,3721310,corner,1,1.0000,9,416
23399,3721531,corner,1,1.0000,9,417
23400,3721661,corner,1,1.0000,9,418
23401,3721804,corner,1,1.0000,9,419
23402,3721951,corner,1,1.0000,9,420
23403,3722090,corner,1,1.0000,9,421
23404,3722237,corner,1,1.0000,9,422
23405,3722424,corner,1,1.0000,9,423
23406,3722564,corner,1,1.0000,9,424
23407,3722702,corner,1,1.0000,9,425
23408,3722838,corner,1,1.0000,9,426
23409,3722948,corner,1,1.0000,9,427
23410,3723055,corner,1,1.0000,9,428
23411,3723200,corner,1,1.0000,9,429
23412,3723315,corner,1,1.0000,9,430
23413,3723679,corner,1,1.0000,9,431
23414,3723828,corner,1,1.0000,9,432
23415,3723947,corner,1,1.0000,9,433
23416,3724095,corner,1,1.0000,9,434
23417,3724232,corner,1,1.0000,9,435
23418,3724368,corner,1,1.0000,9,436
23419,3724503,corner,1,1.0000,9,437
23420,3724613,corner,1,1.0000,9,438
23421,3724748,corner,1,1.0000,9,439
23422,3724882,corner,1,1.0000,9,440
23423,3726234,corner,1,1.0000,9,441
23424,3726374,corner,1,1.0000,9,442
23425,3726531,corner,1,1.0000,9,443
23426,3726672,corner,1,1.0000,9,444
23427,3726789,corner,1,1.0000,9,445
23428,3726907,corner,1,1.0000,9,446
23429,3728259,corner,0,0.9900,9,447
23430,3728366,corner,1,0.9900,9,448
23431,3728486,corner,1,0.9900,9,449
23432,3728608,corner,1,0.9900,9,450
23433,3728749,corner,1,0.9900,9,451
23434,3730101,corner,1,0.9900,9,452
23435,3730231,corner,1,0.9900,9,453
23436,3730382,corner,1,0.9900,9,454
23437,3730602,corner,1,0.9900,9,455
23438,3730811,corner,1,0.9900,9,456
23439,3730974,corner,1,0.9900,9,457
23440,3731163,corner,1,0.9900,9,458
23441,3731299,corner,1,0.9900,9,459
23442,3731432,corner,1,0.9900,9,460
23443,3731565,corner,1,0.9900,9,461
23444,3731738,corner,1,0.9900,9,462
23445,3731857,corner,1,0.9900,9,463
23446,3731992,corner,1,0.9900,9,464
23447,3732130,corner,1,0.9900,9,465
23448,3733482,corner,0,0.9800,9,466
23449,3733621,corner,1,0.9800,9,467
23450,3733760,corner,1,0.9800,9,468
23451,3733898,corner,1,0.9800,9,469
23452,3734068,corner,1,0.9800,9,470
23453,3734251,corner,1,0.9800,9,471
23454,3734408,corner,1,0.9800,9,472
23455,3734542,corner,1,0.9800,9,473
23456,3734719,corner,1,0.9800,9,474
23457,3734855,corner,1,0.9800,9,475
23458,3734966,corner,1,0.9800,9,476
23459,3735097,corner,1,0.9800,9,477
23460,3735259,corner,1,0.9800,9,478
23461,3735390,corner,1,0.9800,9,479
23462,3735520,corner,1,0.9800,9,480
23463,3735665,corner,1,0.9800,9,481
23464,3735824,corner,1,0.9800,9,482
23465,3735964,corner,1,0.9800,9,483
23466,3736071,corner,1,0.9800,9,484
23467,3736218,corner,1,0.9800,9,485
23468,3736361,corner,1,0.9800,9,486
23469,3736475,corner,1,0.9800,9,487
23470,3737673,corner,1,0.9800,9,488
23471,3737780,corner,1,0.9800,9,489
23472,3737923,corner,1,0.9800,9,490
23473,3738062,corner,1,0.9800,9,491
23474,3738174,corner,1,0.9800,9,492
23475,3738303,corner,1,0.9800,9,493
23476,3738438,corner,1,0.9800,9,494
23477,3738556,corner,1,0.9800,9,495
23478,3738692,corner,1,0.9800,9,496
23479,3738865,corner,1,0.9800,9,497
23480,3738974,corner,1,0.9800,9,498
23481,3739079,corner,1,0.9800,9,499
23482,3739223,corner,1,0.9800,9,500
23483,3739366,corner,1,0.9800,9,501
23484,3739508,corner,1,0.9800,9,502
23485,3739628,corner,1,0.9800,9,503
23486,3739762,corner,1,0.9800,9,504
23487,3739904,corner,1,0.9800,9,505
23488,3740020,corner,1,0.9800,9,506
23489,3740181,corner,1,0.9800,9,507
23490,3740297,corner,1,0.9800,9,508
23491,3740412,corner,1,0.9800,9,509
23492,3740553,corner,1,0.9800,9,510
23493,3740705,corner,1,0.9800,9,511
23494,3740942,corner,1,0.9800,9,512
23495,3741077,corner,1,0.9800,9,513
23496,3741214,corner,1,0.9800,9,514
23497,3742566,corner,0,0.9700,9,515
23498,3742690,corner,1,0.9700,9,516
23499,3742804,corner,1,0.9700,9,517
23500,3742914,corner,1,0.9700,9,518
23501,3743046,corner,1,0.9700,9,519
23502,3743172,corner,1,0.9700,9,520
23503,3744524,corner,1,0.9700,9,521
23504,3745181,corner,1,0.9700,9,522
23505,3745294,corner,1,0.9700,9,523
23506,3745432,corner,1,0.9700,9,524
23507,3745572,corner,1,0.9700,9,525
23508,3745678,corner,1,0.9700,9,526
23509,3745827,corner,1,0.9700,9,527
23510,3745954,corner,1,0.9700,9,528
23511,3746091,corner,1,0.9700,9,529
23512,3746252,corner,1,0.9700,9,530
23513,3746403,corner,1,0.9700,9,531
23514,3746543,corner,1,0.9700,9,532
23515,3746686,corner,1,0.9700,9,533
23516,3746797,corner,1,0.9700,9,534
23517,3746938,corner,1,0.9700,9,535
23518,3747103,corner,1,0.9700,9,536
23519,3747215,corner,1,0.9700,9,537
23520,3747359,corner,1,0.9700,9,538
23521,3747500,corner,1,0.9700,9,539
23522,3747638,corner,1,0.9700,9,540
23523,3747768,corner,1,0.9700,9,541
23524,3747875,corner,1,0.9700,9,542
23525,3749227,corner,0,0.9600,9,543
23526,3749386,corner,1,0.9600,9,544
23527,3749545,corner,1,0.9600,9,545
23528,3749698,corner,1,0.9600,9,546
23529,3749815,corner,1,0.9700,9,547
23530,3749955,corner,1,0.9700,9,548
23531,3751307,corner,1,0.9700,9,549
23532,3751440,corner,1,0.9700,9,550
23533,3751543,corner,1,0.9700,9,551
23534,3751682,corner,1,0.9700,9,552
23535,3751928,corner,1,0.9700,9,553
23536,3752048,corner,1,0.9700,9,554
23537,3752210,corner,1,0.9700,9,555
23538,3752466,corner,1,0.9700,9,556
23539,3752582,corner,1,0.9700,9,557
23540,3752720,corner,1,0.9700,9,558
23541,3752857,corner,1,0.9700,9,559
23542,3752992,corner,1,0.9700,9,560
23543,3753129,corner,1,0.9700,9,561
23544,3753272,corner,1,0.9700,9,562
23545,3753406,corner,1,0.9700,9,563
23546,3753521,corner,1,0.9700,9,564
23547,3753646,corner,1,0.9700,9,565
23548,3753783,corner,1,0.9800,9,566
23549,3753891,corner,1,0.9800,9,567
23550,3754059,corner,1,0.9800,9,568
23551,3754164,corner,1,0.9800,9,569
23552,3754307,corner,1,0.9800,9,570
23553,3754475,corner,1,0.9800,9,571
23554,3754621,corner,1,0.9800,9,572
23555,3754745,corner,1,0.9800,9,573
23556,3754880,corner,1,0.9800,9,574
23557,3754992,corner,1,0.9800,9,575
23558,3755327,corner,1,0.9800,9,576
23559,3755441,corner,1,0.9800,9,577
23560,3755589,corner,1,0.9800,9,578
23561,3755726,corner,1,0.9800,9,579
23562,3755835,corner,1,0.9800,9,580
23563,3756125,corner,1,0.9800,9,581
23564,3756257,corner,1,0.9800,9,582
23565,3756373,corner,1,0.9800,9,583
23566,3756690,corner,1,0.9800,9,584
23567,3756835,corner,1,0.9800,9,585
23568,3756975,corner,1,0.9800,9,586
23569,3757109,corner,1,0.9800,9,587
23570,3757249,corner,1,0.9800,9,588
23571,3757393,corner,1,0.9800,9,589
23572,3757522,corner,1,0.9800,9,590
23573,3757659,corner,1,0.9800,9,591
23574,3757791,corner,1,0.9800,9,592
23575,3757930,corner,1,0.9800,9,593
23576,3758034,corner,1,0.9800,9,594
23577,3758184,corner,1,0.9800,9,595
23578,3758322,corner,1,0.9800,9,596
23579,3758447,corner,1,0.9800,9,597
23580,3758602,corner,1,0.9800,9,598
23581,3758765,corner,1,0.9800,9,599
23582,3758881,corner,1,0.9800,9,600
23583,3759276,corner,1,0.9800,9,601
23584,3759407,corner,1,0.9800,9,602
23585,3759554,corner,1,0.9800,9,603
23586,3759675,corner,1,0.9800,9,604
23587,3759837,corner,1,0.9800,9,605
23588,3759989,corner,1,0.9800,9,606
23589,3760134,corner,1,0.9800,9,607
23590,3760333,corner,1,0.9800,9,608
23591,3760454,corner,1,0.9800,9,609
23592,3760568,corner,1,0.9800,9,610
23593,3760705,corner,1,0.9800,9,611
23594,3760844,corner,1,0.9800,9,612
23595,3760966,corner,1,0.9800,9,613
23596,3761108,corner,1,0.9800,9,614
23597,3761320,corner,1,0.9900,9,615
23598,3761451,corner,1,0.9900,9,616
23599,3761571,corner,1,0.9900,9,617
23600,3761691,corner,1,0.9900,9,618
23601,3761812,corner,1,0.9900,9,619
23602,3761931,corner,1,0.9900,9,620
23603,3762075,corner,1,0.9900,9,621
23604,3762227,corner,1,0.9900,9,622
23605,3762386,corner,1,0.9900,9,623
23606,3762524,corner,1,0.9900,9,624
23607,3762652,corner,1,0.9900,9,625
23608,3762762,corner,1,0.9900,9,626
23609,3762898,corner,1,0.9900,9,627
23610,3763094,corner,1,0.9900,9,628
23611,3763328,corner,1,0.9900,9,629
23612,3763470,corner,1,0.9900,9,630
23613,3763610,corner,1,0.9900,9,631
23614,3763790,corner,1,0.9900,9,632
23615,3763943,corner,1,0.9900,9,633
23616,3764076,corner,1,0.9900,9,634
23617,3764306,corner,1,0.9900,9,635
23618,3764446,corner,1,0.9900,9,636
23619,3764759,corner,1,0.9900,9,637
23620,3764911,corner,1,0.9900,9,638
23621,3765045,corner,1,0.9900,9,639
23622,3765218,corner,1,0.9900,9,640
23623,3765369,corner,1,0.9900,9,641
23624,3765541,corner,1,0.9900,9,642
23625,3765697,corner,1,1.0000,9,643
23626,3765819,corner,1,1.0000,9,644
23627,3765957,corner,1,1.0000,9,645
23628,3766066,corner,1,1.0000,9,646
23629,3766189,corner,1,1.0000,9,647
23630,3766312,corner,1,1.0000,9,648
23631,3766430,corner,1,1.0000,9,649
23632,3766578,corner,1,1.0000,9,650
23633,3766716,corner,1,1.0000,9,651
23634,3767052,corner,1,1.0000,9,652
23635,3767212,corner,1,1.0000,9,653
23636,3767345,corner,1,1.0000,9,654
23637,3767487,corner,1,1.0000,9,655
23638,3767596,corner,1,1.0000,9,656
23639,3767716,corner,1,1.0000,9,657
23640,3767826,corner,1,1.0000,9,658
23641,3767940,corner,1,1.0000,9,659
23642,3768078,corner,1,1.0000,9,660
23643,3768211,corner,1,1.0000,9,661
23644,3768339,corner,1,1.0000,9,662
23645,3768500,corner,1,1.0000,9,663
23646,3768646,corner,1,1.0000,9,664
23647,3768794,corner,1,1.0000,9,665
23648,3768926,corner,1,1.0000,9,666
23649,3769088,corner,1,1.0000,9,667
23650,3769242,corner,1,1.0000,9,668
23651,3769376,corner,1,1.0000,9,669
23652,3770728,corner,1,1.0000,9,670
23653,3770860,corner,1,1.0000,9,671
23654,3771017,corner,1,1.0000,9,672
23655,3771155,corner,1,1.0000,9,673
23656,3771262,corner,1,1.0000,9,674
23657,3771410,corner,1,1.0000,9,675
23658,3771546,corner,1,1.0000,9,676
23659,3771689,corner,1,1.0000,9,677
23660,3771799,corner,1,1.0000,9,678
23661,3771913,corner,1,1.0000,9,679
23662,3772059,corner,1,1.0000,9,680
23663,3772195,corner,1,1.0000,9,681
23664,3772330,corner,1,1.0000,9,682
23665,3772449,corner,1,1.0000,9,683
23666,3772555,corner,1,1.0000,9,684
23667,3772697,corner,1,1.0000,9,685
23668,3774049,corner,0,0.9900,9,686
23669,3774186,corner,1,0.9900,9,687
23670,3774323,corner,1,0.9900,9,688
23671,3774458,corner,1,0.9900,9,689
23672,3774601,corner,1,0.9900,9,690
23673,3774754,corner,1,0.9900,9,691
23674,3774896,corner,1,0.9900,9,692
23675,3775055,corner,1,0.9900,9,693
23676,3775169,corner,1,0.9900,9,694
23677,3775314,corner,1,0.9900,9,695
23678,3775454,corner,1,0.9900,9,696
23679,3775597,corner,1,0.9900,9,697
23680,3775747,corner,1,0.9900,9,698
23681,3775879,corner,1,0.9900,9,699
23682,3776032,corner,1,0.9900,9,700
23683,3776148,corner,1,0.9900,9,701
23684,3776266,corner,1,0.9900,9,702
23685,3776383,corner,1,0.9900,9,703
23686,3776521,corner,1,0.9900,9,704
23687,3776794,corner,1,0.9900,9,705
23688,3776959,corner,1,0.9900,9,706
23689,3777092,corner,1,0.9900,9,707
23690,3777221,corner,1,0.9900,9,708
23691,3777330,corner,1,0.9900,9,709
23692,3777466,corner,1,0.9900,9,710
23693,3777582,corner,1,0.9900,9,711
23694,3777694,corner,1,0.9900,9,712
23695,3777833,corner,1,0.9900,9,713
23696,3777980,corner,1,0.9900,9,714
23697,3778085,corner,1,0.9900,9,715
23698,3778219,corner,1,0.9900,9,716
23699,3778491,corner,1,0.9900,9,717
23700,3778637,corner,1,0.9900,9,718
23701,3778779,corner,1,0.9900,9,719
23702,3778921,corner,1,0.9900,9,720
23703,3779047,corner,1,0.9900,9,721
23704,3779185,corner,1,0.9900,9,722
23705,3779315,corner,1,0.9900,9,723
23706,3779450,corner,1,0.9900,9,724
23707,3779596,corner,1,0.9900,9,725
23708,3779736,corner,1,0.9900,9,726
23709,3779871,corner,1,0.9900,9,727
23710,3780006,corner,1,0.9900,9,728
23711,3780116,corner,1,0.9900,9,729
23712,3780269,corner,1,0.9900,9,730
23713,3780413,corner,1,0.9900,9,731
23714,3780598,corner,1,0.9900,9,732
23715,3780714,corner,1,0.9900,9,733
23716,3780824,corner,1,0.9900,9,734
23717,3780971,corner,1,0.9900,9,735
23718,3781113,corner,1,0.9900,9,736
23719,3781253,corner,1,0.9900,9,737
23720,3781370,corner,1,0.9900,9,738
23721,3781510,corner,1,0.9900,9,739
23722,3781616,corner,1,0.9900,9,740
23723,3781759,corner,1,0.9900,9,741
23724,3781869,corner,1,0.9900,9,742
23725,3781981,corner,1,0.9900,9,743
23726,3782126,corner,1,0.9900,9,744
23727,3782282,corner,1,0.9900,9,745
23728,3782423,corner,1,0.9900,9,746
23729,3782558,corner,1,0.9900,9,747
23730,3782682,corner,1,0.9900,9,748
23731,3782816,corner,1,0.9900,9,749
23732,3782926,corner,1,0.9900,9,750
23733,3783045,corner,1,0.9900,9,751
23734,3783183,corner,1,0.9900,9,752
23735,3783330,corner,1,0.9900,9,753
23736,3783476,corner,1,0.9900,9,754
23737,3783593,corner,1,0.9900,9,755
23738,3783738,corner,1,0.9900,9,756
23739,3783884,corner,1,0.9900,9,757
23740,3783994,corner,1,0.9900,9,758
23741,3784328,corner,1,0.9900,9,759
23742,3784476,corner,1,0.9900,9,760
23743,3785828,corner,1,0.9900,9,761
23744,3785967,corner,1,0.9900,9,762
23745,3786115,corner,1,0.9900,9,763
23746,3786254,corner,1,0.9900,9,764
23747,3786367,corner,1,0.9900,9,765
23748,3786511,corner,1,0.9900,9,766
23749,3786653,corner,1,0.9900,9,767
23750,3786772,corner,1,0.9900,9,768
23751,3786881,corner,1,0.9900,9,769
23752,3786998,corner,1,0.9900,9,770
23753,3787144,corner,1,0.9900,9,771
23754,3787281,corner,1,0.9900,9,772
23755,3787394,corner,1,0.9900,9,773
23756,3787530,corner,1,0.9900,9,774
23757,3787668,corner,1,0.9900,9,775
23758,3787797,corner,1,0.9900,9,776
23759,3787935,corner,1,0.9900,9,777
23760,3788095,corner,1,0.9900,9,778
23761,3788201,corner,1,0.9900,9,779
23762,3788360,corner,1,0.9900,9,780
23763,3788478,corner,1,0.9900,9,781
23764,3788625,corner,1,0.9900,9,782
23765,3788764,corner,1,0.9900,9,783
23766,3788895,corner,1,0.9900,9,784
23767,3789013,corner,1,0.9900,9,785
23768,3789129,corner,1,1.0000,9,786
23769,3789255,corner,1,1.0000,9,787
23770,3789374,corner,1,1.0000,9,788
23771,3789483,corner,1,1.0000,9,789
23772,3789625,corner,1,1.0000,9,790
23773,3789758,corner,1,1.0000,9,791
23774,3789888,corner,1,1.0000,9,792
23775,3790003,corner,1,1.0000,9,793
23776,3790135,corner,1,1.0000,9,794
23777,3790308,corner,1,1.0000,9,795
23778,3790461,corner,1,1.0000,9,796
23779,3790593,corner,1,1.0000,9,797
23780,3790728,corner,1,1.0000,9,798
23781,3790868,corner,1,1.0000,9,799
23782,3790979,corner,1,1.0000,9,800
23783,3791125,corner,1,1.0000,9,801
23784,3791257,corner,1,1.0000,9,802
23785,3791375,corner,1,1.0000,9,803
23786,3791547,corner,1,1.0000,9,804
23787,3791659,corner,1,1.0000,9,805
23788,3791774,corner,1,1.0000,9,806
23789,3791894,corner,1,1.0000,9,807
23790,3792013,corner,1,1.0000,9,808
23791,3792146,corner,1,1.0000,9,809
23792,3792264,corner,1,1.0000,9,810
23793,3792381,corner,1,1.0000,9,811
23794,3792511,corner,1,1.0000,9,812
23795,3792620,corner,1,1.0000,9,813
23796,3792727,corner,1,1.0000,9,814
23797,3792879,corner,1,1.0000,9,815
23798,3792995,corner,1,1.0000,9,816
23799,3793107,corner,1,1.0000,9,817
23800,3793228,corner,1,1.0000,9,818
23801,3793336,corner,1,1.0000,9,819
23802,3793446,corner,1,1.0000,9,820
23803,3793575,corner,1,1.0000,9,821
23804,3793710,corner,1,1.0000,9,822
23805,3793819,corner,1,1.0000,9,823
23806,3793963,corner,1,1.0000,9,824
23807,3794070,corner,1,1.0000,9,825
23808,3794176,corner,1,1.0000,9,826
23809,3794287,corner,1,1.0000,9,827
23810,3794394,corner,1,1.0000,9,828
23811,3794535,corner,1,1.0000,9,829
23812,3794650,corner,1,1.0000,9,830
23813,3794758,corner,1,1.0000,9,831
23814,3794865,corner,1,1.0000,9,832
23815,3794979,corner,1,1.0000,9,833
23816,3795150,corner,1,1.0000,9,834
23817,3795266,corner,1,1.0000,9,835
23818,3795415,corner,1,1.0000,9,836
23819,3795529,corner,1,1.0000,9,837
23820,3795638,corner,1,1.0000,9,838
23821,3795768,corner,1,1.0000,9,839
23822,3795914,corner,1,1.0000,9,840
23823,3796024,corner,1,1.0000,9,841
23824,3796153,corner,1,1.0000,9,842
23825,3796319,corner,1,1.0000,9,843
23826,3796456,corner,1,1.0000,9,844
23827,3796568,corner,1,1.0000,9,845
23828,3796720,corner,1,1.0000,9,846
23829,3796829,corner,1,1.0000,9,847
23830,3796935,corner,1,1.0000,9,848
23831,3797041,corner,1,1.0000,9,849
23832,3797175,corner,1,1.0000,9,850
23833,3797308,corner,1,1.0000,9,851
23834,3797417,corner,1,1.0000,9,852
23835,3797569,corner,1,1.0000,9,853
23836,3797694,corner,1,1.0000,9,854
23837,3797852,corner,1,1.0000,9,855
23838,3797959,corner,1,1.0000,9,856
23839,3798068,corner,1,1.0000,9,857
23840,3798178,corner,1,1.0000,9,858
23841,3798316,corner,1,1.0000,9,859
23842,3798454,corner,1,1.0000,9,860
23843,3798569,corner,1,1.0000,9,861
23844,3798679,corner,1,1.0000,9,862
23845,3798790,corner,1,1.0000,9,863
23846,3798900,corner,1,1.0000,9,864
23847,3799036,corner,1,1.0000,9,865
23848,3799151,corner,1,1.0000,9,866
23849,3799286,corner,1,1.0000,9,867
23850,3799421,corner,1,1.0000,9,868
23851,3799584,corner,1,1.0000,9,869
23852,3799728,corner,1,1.0000,9,870
23853,3799849,corner,1,1.0000,9,871
23854,3799961,corner,1,1.0000,9,872
23855,3800068,corner,1,1.0000,9,873
23856,3800184,corner,1,1.0000,9,874
23857,3800321,corner,1,1.0000,9,875
23858,3800447,corner,1,1.0000,9,876
23859,3800590,corner,1,1.0000,9,877
23860,3800728,corner,1,1.0000,9,878
23861,3800863,corner,1,1.0000,9,879
23862,3801012,corner,1,1.0000,9,880
23863,3801165,corner,1,1.0000,9,881
23864,3801282,corner,1,1.0000,9,882
23865,3801394,corner,1,1.0000,9,883
23866,3801501,corner,1,1.0000,9,884
23867,3801762,corner,1,1.0000,9,885
23868,3801879,corner,1,1.0000,9,886
23869,3801992,corner,1,1.0000,9,887
23870,3802100,corner,1,1.0000,9,888
23871,3802243,corner,1,1.0000,9,889
23872,3802420,corner,1,1.0000,9,890
23873,3802577,corner,1,1.0000,9,891
23874,3802708,corner,1,1.0000,9,892
23875,3802825,corner,1,1.0000,9,893
23876,3802935,corner,1,1.0000,9,894
23877,3803106,corner,1,1.0000,9,895
23878,3803247,corner,1,1.0000,9,896
23879,3803400,corner,1,1.0000,9,897
23880,3803549,corner,1,1.0000,9,898
23881,3803657,corner,1,1.0000,9,899
23882,3803798,corner,1,1.0000,9,900
23883,3803904,corner,1,1.0000,9,901
23884,3804037,corner,1,1.0000,9,902
23885,3804154,corner,1,1.0000,9,903
23886,3804321,corner,1,1.0000,9,904
23887,3804428,corner,1,1.0000,9,905
23888,3804539,corner,1,1.0000,9,906
23889,3804673,corner,1,1.0000,9,907
23890,3804783,corner,1,1.0000,9,908
23891,3804916,corner,1,1.0000,9,909
23892,3805025,corner,1,1.0000,9,910
23893,3805159,corner,1,1.0000,9,911
23894,3805303,corner,1,1.0000,9,912
23895,3805412,corner,1,1.0000,9,913
23896,3805546,corner,1,1.0000,9,914
23897,3805653,corner,1,1.0000,9,915
23898,3805807,corner,1,1.0000,9,916
23899,3805961,corner,1,1.0000,9,917
23900,3806110,corner,1,1.0000,9,918
23901,3806221,corner,1,1.0000,9,919
23902,3806332,corner,1,1.0000,9,920
23903,3806521,corner,1,1.0000,9,921
23904,3806679,corner,1,1.0000,9,922
23905,3806826,corner,1,1.0000,9,923
23906,3806934,corner,1,1.0000,9,924
23907,3807044,corner,1,1.0000,9,925
23908,3807154,corner,1,1.0000,9,926
23909,3807313,corner,1,1.0000,9,927
23910,3807472,corner,1,1.0000,9,928
23911,3807587,corner,1,1.0000,9,929
23912,3807698,corner,1,1.0000,9,930
23913,3807819,corner,1,1.0000,9,931
23914,3807931,corner,1,1.0000,9,932
23915,3808061,corner,1,1.0000,9,933
23916,3808173,corner,1,1.0000,9,934
23917,3808320,corner,1,1.0000,9,935
23918,3808429,corner,1,1.0000,9,936
23919,3808547,corner,1,1.0000,9,937
23920,3808659,corner,1,1.0000,9,938
23921,3808820,corner,1,1.0000,9,939
23922,3808940,corner,1,1.0000,9,940
23923,3809085,corner,1,1.0000,9,941
23924,3809231,corner,1,1.0000,9,942
23925,3809347,corner,1,1.0000,9,943
23926,3809462,corner,1,1.0000,9,944
23927,3809595,corner,1,1.0000,9,945
23928,3809794,corner,1,1.0000,9,946
23929,3809936,corner,1,1.0000,9,947
23930,3810071,corner,1,1.0000,9,948
23931,3810183,corner,1,1.0000,9,949
23932,3810292,corner,1,1.0000,9,950
23933,3810421,corner,1,1.0000,9,951
23934,3810572,corner,1,1.0000,9,952
23935,3810713,corner,1,1.0000,9,953
23936,3810848,corner,1,1.0000,9,954
23937,3812200,corner,1,1.0000,9,955
23938,3812327,corner,1,1.0000,9,956
23939,3812467,corner,1,1.0000,9,957
23940,3812609,corner,1,1.0000,9,958
23941,3812750,corner,1,1.0000,9,959
23942,3812890,corner,1,1.0000,9,960
23943,3813002,corner,1,1.0000,9,961
23944,3813119,corner,1,1.0000,9,962
23945,3813269,corner,1,1.0000,9,963
23946,3813375,corner,1,1.0000,9,964
23947,3813536,corner,1,1.0000,9,965
23948,3813696,corner,1,1.0000,9,966
23949,3813805,corner,1,1.0000,9,967
23950,3813945,corner,1,1.0000,9,968
23951,3814051,corner,1,1.0000,9,969
23952,3814195,corner,1,1.0000,9,970
23953,3814334,corner,1,1.0000,9,971
23954,3814448,corner,1,1.0000,9,972
23955,3814554,corner,1,1.0000,9,973
23956,3814699,corner,1,1.0000,9,974
23957,3814808,corner,1,1.0000,9,975
23958,3814918,corner,1,1.0000,9,976
23959,3815063,corner,1,1.0000,9,977
23960,3815205,corner,1,1.0000,9,978
23961,3815373,corner,1,1.0000,9,979
23962,3815489,corner,1,1.0000,9,980
23963,3815600,corner,1,1.0000,9,981
23964,3815710,corner,1,1.0000,9,982
23965,3815860,corner,1,1.0000,9,983
23966,3815968,corner,1,1.0000,9,984
23967,3816078,corner,1,1.0000,9,985
23968,3816221,corner,1,1.0000,9,986
23969,3816327,corner,1,1.0000,9,987
23970,3816463,corner,1,1.0000,9,988
23971,3816608,corner,1,1.0000,9,989
23972,3816719,corner,1,1.0000,9,990
23973,3816833,corner,1,1.0000,9,991
23974,3816998,corner,1,1.0000,9,992
23975,3817107,corner,1,1.0000,9,993
23976,3817258,corner,1,1.0000,9,994
23977,3817436,corner,1,1.0000,9,995
23978,3817596,corner,1,1.0000,9,996
23979,3817710,corner,1,1.0000,9,997
23980,3817819,corner,1,1.0000,9,998
23981,3817931,corner,1,1.0000,9,999
23982,3818039,corner,1,1.0000,9,1000
23983,3818150,corner,1,1.0000,9,1001
23984,3819502,corner,1,1.0000,9,1002
23985,3819633,corner,1,1.0000,9,1003
23986,3819775,corner,1,1.0000,9,1004
23987,3819892,corner,1,1.0000,9,1005
23988,3820002,corner,1,1.0000,9,1006
23989,3820155,corner,1,1.0000,9,1007
23990,3820294,corner,1,1.0000,9,1008
23991,3820424,corner,1,1.0000,9,1009
23992,3820530,corner,1,1.0000,9,1010
23993,3820643,corner,1,1.0000,9,1011
23994,3820758,corner,1,1.0000,9,1012
23995,3820879,corner,1,1.0000,9,1013
23996,3820998,corner,1,1.0000,9,1014
23997,3821109,corner,1,1.0000,9,1015
23998,3821247,corner,1,1.0000,9,1016
23999,3821395,corner,1,1.0000,9,1017
24000,3821503,corner,1,1.0000,9,1018
24001,3821615,corner,1,1.0000,9,1019
24002,3821750,corner,1,1.0000,9,1020
24003,3821862,corner,1,1.0000,9,1021
24004,3821969,corner,1,1.0000,9,1022
24005,3822078,corner,1,1.0000,9,1023
24006,3822193,corner,1,1.0000,9,1024
24007,3822337,corner,1,1.0000,9,1025
24008,3822443,corner,1,1.0000,9,1026
24009,3822554,corner,1,1.0000,9,1027
24010,3822715,corner,1,1.0000,9,1028
24011,3822850,corner,1,1.0000,9,1029
24012,3822955,corner,1,1.0000,9,1030
24013,3823064,corner,1,1.0000,9,1031
24014,3823179,corner,1,1.0000,9,1032
24015,3823289,corner,1,1.0000,9,1033
24016,3823444,corner,1,1.0000,9,1034
24017,3823596,corner,1,1.0000,9,1035
24018,3823733,corner,1,1.0000,9,1036
24019,3823841,corner,1,1.0000,9,1037
24020,3823956,corner,1,1.0000,9,1038
24021,3824130,corner,1,1.0000,9,1039
24022,3824238,corner,1,1.0000,9,1040
24023,3824380,corner,1,1.0000,9,1041
24024,3824512,corner,1,1.0000,9,1042
24025,3824627,corner,1,1.0000,9,1043
24026,3824764,corner,1,1.0000,9,1044
24027,3824902,corner,1,1.0000,9,1045
24028,3825426,corner,1,1.0000,9,1046
24029,3825534,corner,1,1.0000,9,1047
24030,3825641,corner,1,1.0000,9,1048
24031,3825755,corner,1,1.0000,9,1049
24032,3825862,corner,1,1.0000,9,1050
24033,3826016,corner,1,1.0000,9,1051
24034,3826175,corner,1,1.0000,9,1052
24035,3826317,corner,1,1.0000,9,1053
24036,3826456,corner,1,1.0000,9,1054
24037,3826562,corner,1,1.0000,9,1055
24038,3826684,corner,1,1.0000,9,1056
24039,3826791,corner,1,1.0000,9,1057
24040,3826921,corner,1,1.0000,9,1058
24041,3827056,corner,1,1.0000,9,1059
24042,3827220,corner,1,1.0000,9,1060
24043,3827331,corner,1,1.0000,9,1061
24044,3827461,corner,1,1.0000,9,1062
24045,3827568,corner,1,1.0000,9,1063
24046,3827691,corner,1,1.0000,9,1064
24047,3827832,corner,1,1.0000,9,1065
24048,3827940,corner,1,1.0000,9,1066
24049,3828050,corner,1,1.0000,9,1067
24050,3828184,corner,1,1.0000,9,1068
24051,3828294,corner,1,1.0000,9,1069
24052,3828406,corner,1,1.0000,9,1070
24053,3828551,corner,1,1.0000,9,1071
24054,3828659,corner,1,1.0000,9,1072
24055,3828780,corner,1,1.0000,9,1073
24056,3828912,corner,1,1.0000,9,1074
24057,3829025,corner,1,1.0000,9,1075
24058,3829151,corner,1,1.0000,9,1076
24059,3829258,corner,1,1.0000,9,1077
24060,3829369,corner,1,1.0000,9,1078
24061,3829486,corner,1,1.0000,9,1079
24062,3829633,corner,1,1.0000,9,1080
24063,3829769,corner,1,1.0000,9,1081
24064,3829875,corner,1,1.0000,9,1082
24065,3829982,corner,1,1.0000,9,1083
24066,3830116,corner,1,1.0000,9,1084
24067,3830223,corner,1,1.0000,9,1085
24068,3830330,corner,1,1.0000,9,1086
24069,3830440,corner,1,1.0000,9,1087
24070,3830571,corner,1,1.0000,9,1088
24071,3830685,corner,1,1.0000,9,1089
24072,3830821,corner,1,1.0000,9,1090
24073,3830947,corner,1,1.0000,9,1091
24074,3831052,corner,1,1.0000,9,1092
24075,3831159,corner,1,1.0000,9,1093
24076,3831266,corner,1,1.0000,9,1094
24077,3831408,corner,1,1.0000,9,1095
24078,3831541,corner,1,1.0000,9,1096
24079,3831680,corner,1,1.0000,9,1097
24080,3831791,corner,1,1.0000,9,1098
24081,3831931,corner,1,1.0000,9,1099
24082,3832038,corner,1,1.0000,9,1100
24083,3832145,corner,1,1.0000,9,1101
24084,3832289,corner,1,1.0000,9,1102
24085,3832430,corner,1,1.0000,9,1103
24086,3832554,corner,1,1.0000,9,1104
24087,3832667,corner,1,1.0000,9,1105
24088,3832803,corner,1,1.0000,9,1106
24089,3832911,corner,1,1.0000,9,1107
24090,3833047,corner,1,1.0000,9,1108
24091,3833217,corner,1,1.0000,9,1109
24092,3833372,corner,1,1.0000,9,1110
24093,3833486,corner,1,1.0000,9,1111
24094,3833593,corner,1,1.0000,9,1112
24095,3833729,corner,1,1.0000,9,1113
24096,3833875,corner,1,1.0000,9,1114
24097,3833984,corner,1,1.0000,9,1115
24098,3834120,corner,1,1.0000,9,1116
24099,3834265,corner,1,1.0000,9,1117
24100,3834377,corner,1,1.0000,9,1118
24101,3834519,corner,1,1.0000,9,1119
24102,3834626,corner,1,1.0000,9,1120
24103,3834761,corner,1,1.0000,9,1121
24104,3834868,corner,1,1.0000,9,1122
24105,3834974,corner,1,1.0000,9,1123
24106,3835102,corner,1,1.0000,9,1124
24107,3835238,corner,1,1.0000,9,1125
24108,3835346,corner,1,1.0000,9,1126
24109,3835454,corner,1,1.0000,9,1127
24110,3835579,corner,1,1.0000,9,1128
24111,3835718,corner,1,1.0000,9,1129
24112,3835826,corner,1,1.0000,9,1130
24113,3835932,corner,1,1.0000,9,1131
24114,3836046,corner,1,1.0000,9,1132
24115,3836187,corner,1,1.0000,9,1133
24116,3836298,corner,1,1.0000,9,1134
24117,3836406,corner,1,1.0000,9,1135
24118,3836516,corner,1,1.0000,9,1136
24119,3836628,corner,1,1.0000,9,1137
24120,3836740,corner,1,1.0000,9,1138
24121,3836859,corner,1,1.0000,9,1139
24122,3836978,corner,1,1.0000,9,1140
24123,3837110,corner,1,1.0000,9,1141
24124,3837220,corner,1,1.0000,9,1142
24125,3837330,corner,1,1.0000,9,1143
24126,3837437,corner,1,1.0000,9,1144
24127,3837543,corner,1,1.0000,9,1145
24128,3837650,corner,1,1.0000,9,1146
24129,3837759,corner,1,1.0000,9,1147
24130,3837870,corner,1,1.0000,9,1148
24131,3838005,corner,1,1.0000,9,1149
24132,3838115,corner,1,1.0000,9,1150
24133,3838221,corner,1,1.0000,9,1151
24134,3838362,corner,1,1.0000,9,1152
24135,3838507,corner,1,1.0000,9,1153
24136,3838624,corner,1,1.0000,9,1154
24137,3838742,corner,1,1.0000,9,1155
24138,3838848,corner,1,1.0000,9,1156
24139,3838974,corner,1,1.0000,9,1157
24140,3839086,corner,1,1.0000,9,1158
24141,3840127,corner,1,1.0000,9,1159
24142,3840232,corner,1,1.0000,9,1160
24143,3841584,corner,1,1.0000,9,1161
24144,3841769,corner,1,1.0000,9,1162
24145,3841879,corner,1,1.0000,9,1163
24146,3842026,corner,1,1.0000,9,1164
24147,3842151,corner,1,1.0000,9,1165
24148,3842276,corner,1,1.0000,9,1166
24149,3842382,corner,1,1.0000,9,1167
24150,3843734,corner,1,1.0000,9,1168
24151,3843863,corner,1,1.0000,9,1169
24152,3843983,corner,1,1.0000,9,1170
24153,3844111,corner,1,1.0000,9,1171
24154,3844240,corner,1,1.0000,9,1172
24155,3844346,corner,1,1.0000,9,1173
24156,3844485,corner,1,1.0000,9,1174
24157,3844610,corner,1,1.0000,9,1175
24158,3845962,corner,1,1.0000,9,1176
24159,3846073,corner,1,1.0000,9,1177
24160,3846237,corner,1,1.0000,9,1178
24161,3846379,corner,1,1.0000,9,1179
24162,3846486,corner,1,1.0000,9,1180
24163,3846592,corner,1,1.0000,9,1181
24164,3846697,corner,1,1.0000,9,1182
24165,3846809,corner,1,1.0000,9,1183
24166,3846922,corner,1,1.0000,9,1184
24167,3847029,corner,1,1.0000,9,1185
24168,3847142,corner,1,1.0000,9,1186
24169,3847254,corner,1,1.0000,9,1187
24170,3847361,corner,1,1.0000,9,1188
24171,3847520,corner,1,1.0000,9,1189
24172,3847653,corner,1,1.0000,9,1190
24173,3847788,corner,1,1.0000,9,1191
24174,3847894,corner,1,1.0000,9,1192
24175,3848033,corner,1,1.0000,9,1193
24176,3848139,corner,1,1.0000,9,1194
24177,3848252,corner,1,1.0000,9,1195
24178,3848358,corner,1,1.0000,9,1196
24179,3848506,corner,1,1.0000,9,1197
24180,3848622,corner,1,1.0000,9,1198
24181,3848749,corner,1,1.0000,9,1199
24182,3848859,corner,1,1.0000,9,1200
24183,3848974,corner,1,1.0000,9,1201
24184,3849081,corner,1,1.0000,9,1202
24185,3849256,corner,1,1.0000,9,1203
24186,3849362,corner,1,1.0000,9,1204
24187,3849496,corner,1,1.0000,9,1205
24188,3849602,corner,1,1.0000,9,1206
24189,3849737,corner,1,1.0000,9,1207
24190,3849843,corner,1,1.0000,9,1208
24191,3849960,corner,1,1.0000,9,1209
24192,3850081,corner,1,1.0000,9,1210
24193,3850197,corner,1,1.0000,9,1211
24194,3850308,corner,1,1.0000,9,1212
24195,3850435,corner,1,1.0000,9,1213
24196,3850546,corner,1,1.0000,9,1214
24197,3850653,corner,1,1.0000,9,1215
24198,3850759,corner,1,1.0000,9,1216
24199,3850873,corner,1,1.0000,9,1217
24200,3851016,corner,1,1.0000,9,1218
24201,3851123,corner,1,1.0000,9,1219
24202,3851265,corner,1,1.0000,9,1220
24203,3851379,corner,1,1.0000,9,1221
24204,3851484,corner,1,1.0000,9,1222
24205,3851595,corner,1,1.0000,9,1223
24206,3851748,corner,1,1.0000,9,1224
24207,3851860,corner,1,1.0000,9,1225
24208,3851968,corner,1,1.0000,9,1226
24209,3852077,corner,1,1.0000,9,1227
24210,3852192,corner,1,1.0000,9,1228
24211,3852298,corner,1,1.0000,9,1229
24212,3852409,corner,1,1.0000,9,1230
24213,3852515,corner,1,1.0000,9,1231
24214,3852630,corner,1,1.0000,9,1232
24215,3852736,corner,1,1.0000,9,1233
24216,3852874,corner,1,1.0000,9,1234
24217,3852981,corner,1,1.0000,9,1235
24218,3853091,corner,1,1.0000,9,1236
24219,3853225,corner,1,1.0000,9,1237
24220,3853330,corner,1,1.0000,9,1238
24221,3853474,corner,1,1.0000,9,1239
24222,3853589,corner,1,1.0000,9,1240
24223,3853735,corner,1,1.0000,9,1241
24224,3853871,corner,1,1.0000,9,1242
24225,3854018,corner,1,1.0000,9,1243
24226,3854125,corner,1,1.0000,9,1244
24227,3854233,corner,1,1.0000,9,1245
24228,3854344,corner,1,1.0000,9,1246
24229,3854453,corner,1,1.0000,9,1247
24230,3854558,corner,1,1.0000,9,1248
24231,3854663,corner,1,1.0000,9,1249
24232,3854779,corner,1,1.0000,9,1250
24233,3854887,corner,1,1.0000,9,1251
24234,3854994,corner,1,1.0000,9,1252
24235,3855160,corner,1,1.0000,9,1253
24236,3855277,corner,1,1.0000,9,1254
24237,3855392,corner,1,1.0000,9,1255
24238,3855497,corner,1,1.0000,9,1256
24239,3855601,corner,1,1.0000,9,1257
24240,3855742,corner,1,1.0000,9,1258
24241,3855865,corner,1,1.0000,9,1259
24242,3855975,corner,1,1.0000,9,1260
24243,3856082,corner,1,1.0000,9,1261
24244,3856188,corner,1,1.0000,9,1262
24245,3856295,corner,1,1.0000,9,1263
24246,3856400,corner,1,1.0000,9,1264
24247,3856516,corner,1,1.0000,9,1265
24248,3856627,corner,1,1.0000,9,1266
24249,3856734,corner,1,1.0000,9,1267
24250,3856841,corner,1,1.0000,9,1268
24251,3856984,corner,1,1.0000,9,1269
24252,3857099,corner,1,1.0000,9,1270
24253,3857259,corner,1,1.0000,9,1271
24254,3857402,corner,1,1.0000,9,1272
24255,3857518,corner,1,1.0000,9,1273
24256,3857628,corner,1,1.0000,9,1274
24257,3857742,corner,1,1.0000,9,1275
24258,3857852,corner,1,1.0000,9,1276
24259,3857968,corner,1,1.0000,9,1277
24260,3858085,corner,1,1.0000,9,1278
24261,3858190,corner,1,1.0000,9,1279
24262,3858331,corner,1,1.0000,9,1280
24263,3858457,corner,1,1.0000,9,1281
24264,3858563,corner,1,1.0000,9,1282
24265,3858670,corner,1,1.0000,9,1283
24266,3858776,corner,1,1.0000,9,1284
24267,3858880,corner,1,1.0000,9,1285
24268,3858991,corner,1,1.0000,9,1286
24269,3859098,corner,1,1.0000,9,1287
24270,3859205,corner,1,1.0000,9,1288
24271,3859311,corner,1,1.0000,9,1289
24272,3859419,corner,1,1.0000,9,1290
24273,3859525,corner,1,1.0000,9,1291
24274,3859640,corner,1,1.0000,9,1292
24275,3859784,corner,1,1.0000,9,1293
24276,3859888,corner,1,1.0000,9,1294
24277,3860036,corner,1,1.0000,9,1295
24278,3860206,corner,1,1.0000,9,1296
24279,3860313,corner,1,1.0000,9,1297
24280,3860461,corner,1,1.0000,9,1298
24281,3860570,corner,1,1.0000,9,1299
24282,3860679,corner,1,1.0000,9,1300
24283,3860793,corner,1,1.0000,9,1301
24284,3860923,corner,1,1.0000,9,1302
24285,3861029,corner,1,1.0000,9,1303
24286,3861135,corner,1,1.0000,9,1304
24287,3861250,corner,1,1.0000,9,1305
24288,3861399,corner,1,1.0000,9,1306
24289,3861547,corner,1,1.0000,9,1307
24290,3861652,corner,1,1.0000,9,1308
24291,3861757,corner,1,1.0000,9,1309
24292,3861865,corner,1,1.0000,9,1310
24293,3861971,corner,1,1.0000,9,1311
24294,3862078,corner,1,1.0000,9,1312
24295,3862208,corner,1,1.0000,9,1313
24296,3862315,corner,1,1.0000,9,1314
24297,3862421,corner,1,1.0000,9,1315
24298,3862568,corner,1,1.0000,9,1316
24299,3862674,corner,1,1.0000,9,1317
24300,3862780,corner,1,1.0000,9,1318
24301,3862889,corner,1,1.0000,9,1319
24302,3862998,corner,1,1.0000,9,1320
24303,3863106,corner,1,1.0000,9,1321
24304,3863237,corner,1,1.0000,9,1322
24305,3863343,corner,1,1.0000,9,1323
24306,3863768,corner,1,1.0000,9,1324
24307,3863883,corner,1,1.0000,9,1325
24308,3863988,corner,1,1.0000,9,1326
24309,3864104,corner,1,1.0000,9,1327
24310,3864210,corner,1,1.0000,9,1328
24311,3864326,corner,1,1.0000,9,1329
24312,3864433,corner,1,1.0000,9,1330
24313,3864538,corner,1,1.0000,9,1331
24314,3864644,corner,1,1.0000,9,1332
24315,3864756,corner,1,1.0000,9,1333
24316,3864867,corner,1,1.0000,9,1334
24317,3864976,corner,1,1.0000,9,1335
24318,3865081,corner,1,1.0000,9,1336
24319,3865193,corner,1,1.0000,9,1337
24320,3865307,corner,1,1.0000,9,1338
24321,3865416,corner,1,1.0000,9,1339
24322,3865547,corner,1,1.0000,9,1340
24323,3865653,corner,1,1.0000,9,1341
24324,3865757,corner,1,1.0000,9,1342
24325,3865867,corner,1,1.0000,9,1343
24326,3865986,corner,1,1.0000,9,1344
24327,3866094,corner,1,1.0000,9,1345
24328,3866200,corner,1,1.0000,9,1346
24329,3866334,corner,1,1.0000,9,1347
24330,3866448,corner,1,1.0000,9,1348
24331,3866562,corner,1,1.0000,9,1349
24332,3867914,corner,1,1.0000,9,1350
24333,3868026,corner,1,1.0000,9,1351
24334,3868133,corner,1,1.0000,9,1352
24335,3868254,corner,1,1.0000,9,1353
24336,3868360,corner,1,1.0000,9,1354
24337,3868468,corner,1,1.0000,9,1355
24338,3868572,corner,1,1.0000,9,1356
24339,3868684,corner,1,1.0000,9,1357
24340,3868789,corner,1,1.0000,9,1358
24341,3868899,corner,1,1.0000,9,1359
24342,3869010,corner,1,1.0000,9,1360
24343,3869127,corner,1,1.0000,9,1361
24344,3869234,corner,1,1.0000,9,1362
24345,3869342,corner,1,1.0000,9,1363
24346,3869482,corner,1,1.0000,9,1364
24347,3869586,corner,1,1.0000,9,1365
24348,3869695,corner,1,1.0000,9,1366
24349,3869801,corner,1,1.0000,9,1367
24350,3869943,corner,1,1.0000,9,1368
24351,3871295,corner,1,1.0000,9,1369
24352,3871413,corner,1,1.0000,9,1370
24353,3871531,corner,1,1.0000,9,1371
24354,3871637,corner,1,1.0000,9,1372
24355,3871742,corner,1,1.0000,9,1373
24356,3873094,corner,1,1.0000,9,1374
24357,3874446,corner,1,1.0000,9,1375
24358,3874555,corner,1,1.0000,9,1376
24359,3874660,corner,1,1.0000,9,1377
24360,3874771,corner,1,1.0000,9,1378
24361,3874886,corner,1,1.0000,9,1379
24362,3875008,corner,1,1.0000,9,1380
24363,3875114,corner,1,1.0000,9,1381
24364,3875218,corner,1,1.0000,9,1382
24365,3875326,corner,1,1.0000,9,1383
24366,3875431,corner,1,1.0000,9,1384
24367,3875538,corner,1,1.0000,9,1385
24368,3875654,corner,1,1.0000,9,1386
24369,3875761,corner,1,1.0000,9,1387
24370,3875878,corner,1,1.0000,9,1388
24371,3875999,corner,1,1.0000,9,1389
24372,3876103,corner,1,1.0000,9,1390
24373,3877455,corner,1,1.0000,9,1391
24374,3877561,corner,1,1.0000,9,1392
24375,3877679,corner,1,1.0000,9,1393
24376,3877824,corner,1,1.0000,9,1394
24377,3877934,corner,1,1.0000,9,1395
24378,3878045,corner,1,1.0000,9,1396
24379,3878159,corner,1,1.0000,9,1397
24380,3878289,corner,1,1.0000,9,1398
24381,3878403,corner,1,1.0000,9,1399
24382,3878514,corner,1,1.0000,9,1400
24383,3878619,corner,1,1.0000,9,1401
24384,3878736,corner,1,1.0000,9,1402
24385,3880088,corner,1,1.0000,9,1403
24386,3880192,corner,1,1.0000,9,1404
24387,3880298,corner,1,1.0000,9,1405
24388,3880434,corner,1,1.0000,9,1406
24389,3880552,corner,1,1.0000,9,1407
24390,3880667,corner,1,1.0000,9,1408
24391,3880771,corner,1,1.0000,9,1409
24392,3880877,corner,1,1.0000,9,1410
24393,3880988,corner,1,1.0000,9,1411
24394,3881094,corner,1,1.0000,9,1412
24395,3881205,corner,1,1.0000,9,1413
24396,3881318,corner,1,1.0000,9,1414
24397,3881425,corner,1,1.0000,9,1415
24398,3881532,corner,1,1.0000,9,1416
24399,3881660,corner,1,1.0000,9,1417
24400,3881778,corner,1,1.0000,9,1418
24401,3881893,corner,1,1.0000,9,1419
24402,3881999,corner,1,1.0000,9,1420
24403,3882110,corner,1,1.0000,9,1421
24404,3882230,corner,1,1.0000,9,1422
24405,3882360,corner,1,1.0000,9,1423
24406,3882474,corner,1,1.0000,9,1424
24407,3883826,corner,1,1.0000,9,1425
24408,3883936,corner,1,1.0000,9,1426
24409,3884051,corner,1,1.0000,9,1427
24410,3884160,corner,1,1.0000,9,1428
24411,3884316,corner,1,1.0000,9,1429
24412,3884426,corner,1,1.0000,9,1430
24413,3884542,corner,1,1.0000,9,1431
24414,3884662,corner,1,1.0000,9,1432
24415,3884793,corner,1,1.0000,9,1433
24416,3884898,corner,1,1.0000,9,1434
24417,3885043,corner,1,1.0000,9,1435
24418,3885159,corner,1,1.0000,9,1436
24419,3885290,corner,1,1.0000,9,1437
24420,3885429,corner,1,1.0000,9,1438
24421,3885572,corner,1,1.0000,9,1439
24422,3885680,corner,1,1.0000,9,1440
24423,3885789,corner,1,1.0000,9,1441
24424,3885897,corner,1,1.0000,9,1442
24425,3886067,corner,1,1.0000,9,1443
24426,3886184,corner,1,1.0000,9,1444
24427,3886303,corner,1,1.0000,9,1445
24428,3886412,corner,1,1.0000,9,1446
24429,3886533,corner,1,1.0000,9,1447
24430,3886638,corner,1,1.0000,9,1448
24431,3886744,corner,1,1.0000,9,1449
24432,3886850,corner,1,1.0000,9,1450
24433,3886960,corner,1,1.0000,9,1451
24434,3887093,corner,1,1.0000,9,1452
24435,3887198,corner,1,1.0000,9,1453
24436,3887315,corner,1,1.0000,9,1454
24437,3887427,corner,1,1.0000,9,1455
24438,3887544,corner,1,1.0000,9,1456
24439,3887648,corner,1,1.0000,9,1457
24440,3887754,corner,1,1.0000,9,1458
24441,3887866,corner,1,1.0000,9,1459
24442,3887977,corner,1,1.0000,9,1460
24443,3888089,corner,1,1.0000,9,1461
24444,3888193,corner,1,1.0000,9,1462
24445,3888312,corner,1,1.0000,9,1463
24446,3888424,corner,1,1.0000,9,1464
24447,3888546,corner,1,1.0000,9,1465
24448,3888664,corner,1,1.0000,9,1466
24449,3888774,corner,1,1.0000,9,1467
24450,3888883,corner,1,1.0000,9,1468
24451,3889012,corner,1,1.0000,9,1469
24452,3889148,corner,1,1.0000,9,1470
24453,3889259,corner,1,1.0000,9,1471
24454,3889375,corner,1,1.0000,9,1472
24455,3889489,corner,1,1.0000,9,1473
24456,3889597,corner,1,1.0000,9,1474
24457,3889711,corner,1,1.0000,9,1475
24458,3889852,corner,1,1.0000,9,1476
24459,3889970,corner,1,1.0000,9,1477
24460,3890076,corner,1,1.0000,9,1478
24461,3890219,corner,1,1.0000,9,1479
24462,3890331,corner,1,1.0000,9,1480
24463,3890475,corner,1,1.0000,9,1481
24464,3890593,corner,1,1.0000,9,1482
24465,3890703,corner,1,1.0000,9,1483
24466,3890812,corner,1,1.0000,9,1484
24467,3890918,corner,1,1.0000,9,1485
24468,3891030,corner,1,1.0000,9,1486
24469,3891137,corner,1,1.0000,9,1487
24470,3891266,corner,1,1.0000,9,1488
24471,3891406,corner,1,1.0000,9,1489
24472,3892758,corner,1,1.0000,9,1490
24473,3892873,corner,1,1.0000,9,1491
24474,3893006,corner,1,1.0000,9,1492
24475,3893160,corner,1,1.0000,9,1493
24476,3893286,corner,1,1.0000,9,1494
24477,3893419,corner,1,1.0000,9,1495
24478,3893525,corner,1,1.0000,9,1496
24479,3893691,corner,1,1.0000,9,1497
24480,3893807,corner,1,1.0000,9,1498
24481,3893923,corner,1,1.0000,9,1499
24482,3894029,corner,1,1.0000,9,1500
24483,3894170,corner,1,1.0000,9,1501
24484,3894323,corner,1,1.0000,9,1502
24485,3894428,corner,1,1.0000,9,1503
24486,3894536,corner,1,1.0000,9,1504
24487,3894644,corner,1,1.0000,9,1505
24488,3894762,corner,1,1.0000,9,1506
24489,3894869,corner,1,1.0000,9,1507
24490,3894985,corner,1,1.0000,9,1508
24491,3895093,corner,1,1.0000,9,1509
24492,3895198,corner,1,1.0000,9,1510
24493,3895315,corner,1,1.0000,9,1511
24494,3895425,corner,1,1.0000,9,1512
24495,3895531,corner,1,1.0000,9,1513
24496,3895642,corner,1,1.0000,9,1514
24497,3895749,corner,1,1.0000,9,1515
24498,3895857,corner,1,1.0000,9,1516
24499,3895976,corner,1,1.0000,9,1517
24500,3896098,corner,1,1.0000,9,1518
24501,3896206,corner,1,1.0000,9,1519
24502,3896349,corner,1,1.0000,9,1520
24503,3896467,corner,1,1.0000,9,1521
24504,3896602,corner,1,1.0000,9,1522
24505,3896737,corner,1,1.0000,9,1523
24506,3896843,corner,1,1.0000,9,1524
24507,3896953,corner,1,1.0000,9,1525
24508,3897069,corner,1,1.0000,9,1526
24509,3897182,corner,1,1.0000,9,1527
24510,3897298,corner,1,1.0000,9,1528
24511,3897423,corner,1,1.0000,9,1529
24512,3897530,corner,1,1.0000,9,1530
24513,3897640,corner,1,1.0000,9,1531
24514,3897748,corner,1,1.0000,9,1532
24515,3897861,corner,1,1.0000,9,1533
24516,3897976,corner,1,1.0000,9,1534
24517,3898125,corner,1,1.0000,9,1535
24518,3898234,corner,1,1.0000,9,1536
24519,3898389,corner,1,1.0000,9,1537
24520,3898505,corner,1,1.0000,9,1538
24521,3898614,corner,1,1.0000,9,1539
24522,3898719,corner,1,1.0000,9,1540
24523,3898827,corner,1,1.0000,9,1541
24524,3898933,corner,1,1.0000,9,1542
24525,3899038,corner,1,1.0000,9,1543
24526,3899212,corner,1,1.0000,9,1544
24527,3899328,corner,1,1.0000,9,1545
24528,3899436,corner,1,1.0000,9,1546
24529,3899550,corner,1,1.0000,9,1547
24530,3899666,corner,1,1.0000,9,1548
24531,3899781,corner,1,1.0000,9,1549
24532,3899890,corner,1,1.0000,9,1550
24533,3899996,corner,1,1.0000,9,1551
24534,3900193,corner,1,1.0000,9,1552
24535,3900315,corner,1,1.0000,9,1553
24536,3900453,corner,1,1.0000,9,1554
24537,3900592,corner,1,1.0000,9,1555
24538,3900727,corner,1,1.0000,9,1556
24539,3902079,corner,1,1.0000,9,1557
24540,3902198,corner,1,1.0000,9,1558
24541,3902301,corner,1,1.0000,9,1559
24542,3902478,corner,1,1.0000,9,1560
24543,3902584,corner,1,1.0000,9,1561
24544,3902691,corner,1,1.0000,9,1562
24545,3902811,corner,1,1.0000,9,1563
24546,3902921,corner,1,1.0000,9,1564
24547,3903042,corner,1,1.0000,9,1565
24548,3903152,corner,1,1.0000,9,1566
24549,3903265,corner,1,1.0000,9,1567
24550,3903417,corner,1,1.0000,9,1568
24551,3903536,corner,1,1.0000,9,1569
24552,3903648,corner,1,1.0000,9,1570
24553,3903793,corner,1,1.0000,9,1571
24554,3903914,corner,1,1.0000,9,1572
24555,3905266,corner,1,1.0000,9,1573
24556,3905388,corner,1,1.0000,9,1574
24557,3905502,corner,1,1.0000,9,1575
24558,3905638,corner,1,1.0000,9,1576
24559,3905744,corner,1,1.0000,9,1577
24560,3905851,corner,1,1.0000,9,1578
24561,3905995,corner,1,1.0000,9,1579
24562,3906109,corner,1,1.0000,9,1580
24563,3906217,corner,1,1.0000,9,1581
24564,3906330,corner,1,1.0000,9,1582
24565,3906445,corner,1,1.0000,9,1583
24566,3906554,corner,1,1.0000,9,1584
24567,3906664,corner,1,1.0000,9,1585
24568,3906773,corner,1,1.0000,9,1586
24569,3906880,corner,1,1.0000,9,1587
24570,3906998,corner,1,1.0000,9,1588
24571,3907586,corner,1,1.0000,9,1589
24572,3907721,corner,1,1.0000,9,1590
24573,3907831,corner,1,1.0000,9,1591
24574,3907965,corner,1,1.0000,9,1592
24575,3908127,corner,1,1.0000,9,1593
24576,3908235,corner,1,1.0000,9,1594
24577,3908363,corner,1,1.0000,9,1595
24578,3908477,corner,1,1.0000,9,1596
24579,3908583,corner,1,1.0000,9,1597
24580,3908695,corner,1,1.0000,9,1598
24581,3908829,corner,1,1.0000,9,1599
24582,3908938,corner,1,1.0000,9,1600
24583,3909099,corner,1,1.0000,9,1601
24584,3909220,corner,1,1.0000,9,1602
24585,3910572,corner,1,1.0000,9,1603
24586,3910693,corner,1,1.0000,9,1604
24587,3910803,corner,1,1.0000,9,1605
24588,3910911,corner,1,1.0000,9,1606
24589,3911030,corner,1,1.0000,9,1607
24590,3911145,corner,1,1.0000,9,1608
24591,3911254,corner,1,1.0000,9,1609
24592,3911371,corner,1,1.0000,9,1610
24593,3911483,corner,1,1.0000,9,1611
24594,3911594,corner,1,1.0000,9,1612
24595,3911703,corner,1,1.0000,9,1613
24596,3911820,corner,1,1.0000,9,1614
24597,3911926,corner,1,1.0000,9,1615
24598,3912078,corner,1,1.0000,9,1616
24599,3912187,corner,1,1.0000,9,1617
24600,3912304,corner,1,1.0000,9,1618
24601,3912410,corner,1,1.0000,9,1619
24602,3912517,corner,1,1.0000,9,1620
24603,3912643,corner,1,1.0000,9,1621
24604,3912779,corner,1,1.0000,9,1622
24605,3912895,corner,1,1.0000,9,1623
24606,3913011,corner,1,1.0000,9,1624
24607,3913121,corner,1,1.0000,9,1625
24608,3913227,corner,1,1.0000,9,1626
24609,3913333,corner,1,1.0000,9,1627
24610,3913446,corner,1,1.0000,9,1628
24611,3913558,corner,1,1.0000,9,1629
24612,3913673,corner,1,1.0000,9,1630
24613,3913787,corner,1,1.0000,9,1631
24614,3914072,corner,1,1.0000,9,1632
24615,3914183,corner,1,1.0000,9,1633
24616,3914292,corner,1,1.0000,9,1634
24617,3914437,corner,1,1.0000,9,1635
24618,3914545,corner,1,1.0000,9,1636
24619,3914702,corner,1,1.0000,9,1637
24620,3914819,corner,1,1.0000,9,1638
24621,3914926,corner,1,1.0000,9,1639
24622,3915043,corner,1,1.0000,9,1640
24623,3915198,corner,1,1.0000,9,1641
24624,3915317,corner,1,1.0000,9,1642
24625,3915421,corner,1,1.0000,9,1643
24626,3915562,corner,1,1.0000,9,1644
24627,3915683,corner,1,1.0000,9,1645
24628,3915797,corner,1,1.0000,9,1646
24629,3915907,corner,1,1.0000,9,1647
24630,3916017,corner,1,1.0000,9,1648
24631,3916132,corner,1,1.0000,9,1649
24632,3916239,corner,1,1.0000,9,1650
24633,3916345,corner,1,1.0000,9,1651
24634,3916452,corner,1,1.0000,9,1652
24635,3916567,corner,1,1.0000,9,1653
24636,3916676,corner,1,1.0000,9,1654
24637,3916783,corner,1,1.0000,9,1655
24638,3916905,corner,1,1.0000,9,1656
24639,3917010,corner,1,1.0000,9,1657
24640,3917132,corner,1,1.0000,9,1658
24641,3917240,corner,1,1.0000,9,1659
24642,3917363,corner,1,1.0000,9,1660
24643,3917473,corner,1,1.0000,9,1661
24644,3917581,corner,1,1.0000,9,1662
24645,3917714,corner,1,1.0000,9,1663
24646,3917823,corner,1,1.0000,9,1664
24647,3917930,corner,1,1.0000,9,1665
24648,3918036,corner,1,1.0000,9,1666
24649,3918163,corner,1,1.0000,9,1667
24650,3918275,corner,1,1.0000,9,1668
24651,3918389,corner,1,1.0000,9,1669
24652,3918497,corner,1,1.0000,9,1670
24653,3918605,corner,1,1.0000,9,1671
24654,3918747,corner,1,1.0000,9,1672
24655,3918853,corner,1,1.0000,9,1673
24656,3918958,corner,1,1.0000,9,1674
24657,3919067,corner,1,1.0000,9,1675
24658,3919176,corner,1,1.0000,9,1676
24659,3919282,corner,1,1.0000,9,1677
24660,3919400,corner,1,1.0000,9,1678
24661,3919506,corner,1,1.0000,9,1679
24662,3919613,corner,1,1.0000,9,1680
24663,3919725,corner,1,1.0000,9,1681
24664,3919890,corner,1,1.0000,9,1682
24665,3919996,corner,1,1.0000,9,1683
24666,3920116,corner,1,1.0000,9,1684
24667,3920238,corner,1,1.0000,9,1685
24668,3920357,corner,1,1.0000,9,1686
24669,3920461,corner,1,1.0000,9,1687
24670,3920569,corner,1,1.0000,9,1688
24671,3920677,corner,1,1.0000,9,1689
24672,3920804,corner,1,1.0000,9,1690
24673,3920931,corner,1,1.0000,9,1691
24674,3921051,corner,1,1.0000,9,1692
24675,3921198,corner,1,1.0000,9,1693
24676,3921348,corner,1,1.0000,9,1694
24677,3921495,corner,1,1.0000,9,1695
24678,3921617,corner,1,1.0000,9,1696
24679,3921724,corner,1,1.0000,9,1697
24680,3921833,corner,1,1.0000,9,1698
24681,3921938,corner,1,1.0000,9,1699
24682,3922047,corner,1,1.0000,9,1700
24683,3922156,corner,1,1.0000,9,1701
24684,3922270,corner,1,1.0000,9,1702
24685,3922397,corner,1,1.0000,9,1703
24686,3922502,corner,1,1.0000,9,1704
24687,3922613,corner,1,1.0000,9,1705
24688,3922732,corner,1,1.0000,9,1706
24689,3922895,corner,1,1.0000,9,1707
24690,3923028,corner,1,1.0000,9,1708
24691,3923139,corner,1,1.0000,9,1709
24692,3923257,corner,1,1.0000,9,1710
24693,3923373,corner,1,1.0000,9,1711
24694,3923508,corner,1,1.0000,9,1712
24695,3924860,corner,1,1.0000,9,1713
24696,3925003,corner,1,1.0000,9,1714
24697,3925105,corner,1,1.0000,9,1715
24698,3925223,corner,1,1.0000,9,1716
24699,3925379,corner,1,1.0000,9,1717
24700,3925490,corner,1,1.0000,9,1718
24701,3925601,corner,1,1.0000,9,1719
24702,3925718,corner,1,1.0000,9,1720
24703,3925830,corner,1,1.0000,9,1721
24704,3925947,corner,1,1.0000,9,1722
24705,3926051,corner,1,1.0000,9,1723
24706,3926157,corner,1,1.0000,9,1724
24707,3926263,corner,1,1.0000,9,1725
24708,3926370,corner,1,1.0000,9,1726
24709,3926534,corner,1,1.0000,9,1727
24710,3926650,corner,1,1.0000,9,1728
24711,3926769,corner,1,1.0000,9,1729
24712,3926878,corner,1,1.0000,9,1730
24713,3927037,corner,1,1.0000,9,1731
24714,3927142,corner,1,1.0000,9,1732
24715,3927294,corner,1,1.0000,9,1733
24716,3927401,corner,1,1.0000,9,1734
24717,3927534,corner,1,1.0000,9,1735
24718,3927643,corner,1,1.0000,9,1736
24719,3927811,corner,1,1.0000,9,1737
24720,3927918,corner,1,1.0000,9,1738
24721,3928034,corner,1,1.0000,9,1739
24722,3928141,corner,1,1.0000,9,1740
24723,3928255,corner,1,1.0000,9,1741
24724,3928591,corner,1,1.0000,9,1742
24725,3928726,corner,1,1.0000,9,1743
24726,3928832,corner,1,1.0000,9,1744
24727,3928944,corner,1,1.0000,9,1745
24728,3929053,corner,1,1.0000,9,1746
24729,3929163,corner,1,1.0000,9,1747
24730,3929270,corner,1,1.0000,9,1748
24731,3929388,corner,1,1.0000,9,1749
24732,3929494,corner,1,1.0000,9,1750
24733,3929607,corner,1,1.0000,9,1751
24734,3929715,corner,1,1.0000,9,1752
24735,3929826,corner,1,1.0000,9,1753
24736,3929942,corner,1,1.0000,9,1754
24737,3930056,corner,1,1.0000,9,1755
24738,3930168,corner,1,1.0000,9,1756
24739,3930278,corner,1,1.0000,9,1757
24740,3930385,corner,1,1.0000,9,1758
24741,3930489,corner,1,1.0000,9,1759
24742,3930594,corner,1,1.0000,9,1760
24743,3930705,corner,1,1.0000,9,1761
24744,3930814,corner,1,1.0000,9,1762
24745,3930942,corner,1,1.0000,9,1763
24746,3931046,corner,1,1.0000,9,1764
24747,3931151,corner,1,1.0000,9,1765
24748,3931257,corner,1,1.0000,9,1766
24749,3931362,corner,1,1.0000,9,1767
24750,3931471,corner,1,1.0000,9,1768
24751,3931621,corner,1,1.0000,9,1769
24752,3931723,corner,1,1.0000,9,1770
24753,3931840,corner,1,1.0000,9,1771
24754,3931948,corner,1,1.0000,9,1772
24755,3932056,corner,1,1.0000,9,1773
24756,3932164,corner,1,1.0000,9,1774
24757,3932277,corner,1,1.0000,9,1775
24758,3932384,corner,1,1.0000,9,1776
24759,3932502,corner,1,1.0000,9,1777
24760,3932650,corner,1,1.0000,9,1778
24761,3932767,corner,1,1.0000,9,1779
24762,3932871,corner,1,1.0000,9,1780
24763,3933010,corner,1,1.0000,9,1781
24764,3933117,corner,1,1.0000,9,1782
24765,3933230,corner,1,1.0000,9,1783
24766,3933342,corner,1,1.0000,9,1784
24767,3933447,corner,1,1.0000,9,1785
24768,3933552,corner,1,1.0000,9,1786
24769,3933674,corner,1,1.0000,9,1787
24770,3933782,corner,1,1.0000,9,1788
24771,3933898,corner,1,1.0000,9,1789
24772,3934006,corner,1,1.0000,9,1790
24773,3934111,corner,1,1.0000,9,1791
24774,3934219,corner,1,1.0000,9,1792
24775,3934325,corner,1,1.0000,9,1793
24776,3934434,corner,1,1.0000,9,1794
24777,3934542,corner,1,1.0000,9,1795
24778,3934701,corner,1,1.0000,9,1796
24779,3934806,corner,1,1.0000,9,1797
24780,3934909,corner,1,1.0000,9,1798
24781,3935015,corner,1,1.0000,9,1799
24782,3935187,corner,1,1.0000,9,1800
24783,3935293,corner,1,1.0000,9,1801
24784,3935438,corner,1,1.0000,9,1802
24785,3935542,corner,1,1.0000,9,1803
24786,3935648,corner,1,1.0000,9,1804
24787,3935756,corner,1,1.0000,9,1805
24788,3935864,corner,1,1.0000,9,1806
24789,3935972,corner,1,1.0000,9,1807
24790,3936081,corner,1,1.0000,9,1808
24791,3936189,corner,1,1.0000,9,1809
24792,3936332,corner,1,1.0000,9,1810
24793,3936441,corner,1,1.0000,9,1811
24794,3936549,corner,1,1.0000,9,1812
24795,3936664,corner,1,1.0000,9,1813
24796,3936772,corner,1,1.0000,9,1814
24797,3936877,corner,1,1.0000,9,1815
24798,3936986,corner,1,1.0000,9,1816
24799,3937091,corner,1,1.0000,9,1817
24800,3937248,corner,1,1.0000,9,1818
24801,3937361,corner,1,1.0000,9,1819
24802,3937483,corner,1,1.0000,9,1820
24803,3937592,corner,1,1.0000,9,1821
24804,3937696,corner,1,1.0000,9,1822
24805,3937802,corner,1,1.0000,9,1823
24806,3937910,corner,1,1.0000,9,1824
24807,3938030,corner,1,1.0000,9,1825
24808,3938138,corner,1,1.0000,9,1826
24809,3938243,corner,1,1.0000,9,1827
24810,3938346,corner,1,1.0000,9,1828
24811,3938456,corner,1,1.0000,9,1829
24812,3938562,corner,1,1.0000,9,1830
24813,3938666,corner,1,1.0000,9,1831
24814,3938773,corner,1,1.0000,9,1832
24815,3938874,corner,1,1.0000,9,1833
24816,3938977,corner,1,1.0000,9,1834
24817,3939091,corner,1,1.0000,9,1835
24818,3939207,corner,1,1.0000,9,1836
24819,3939308,corner,1,1.0000,9,1837
24820,3939422,corner,1,1.0000,9,1838
24821,3939537,corner,1,1.0000,9,1839
24822,3939654,corner,1,1.0000,9,1840
24823,3939761,corner,1,1.0000,9,1841
24824,3939869,corner,1,1.0000,9,1842
24825,3939975,corner,1,1.0000,9,1843
24826,3940081,corner,1,1.0000,9,1844
24827,3940189,corner,1,1.0000,9,1845
24828,3940319,corner,1,1.0000,9,1846
24829,3940422,corner,1,1.0000,9,1847
24830,3940549,corner,1,1.0000,9,1848
24831,3940657,corner,1,1.0000,9,1849
24832,3940757,corner,1,1.0000,9,1850
24833,3940860,corner,1,1.0000,9,1851
24834,3940977,corner,1,1.0000,9,1852
24835,3941097,corner,1,1.0000,9,1853
24836,3941203,corner,1,1.0000,9,1854
24837,3941310,corner,1,1.0000,9,1855
24838,3941415,corner,1,1.0000,9,1856
24839,3941522,corner,1,1.0000,9,1857
24840,3941628,corner,1,1.0000,9,1858
24841,3941732,corner,1,1.0000,9,1859
24842,3941840,corner,1,1.0000,9,1860
24843,3941943,corner,1,1.0000,9,1861
24844,3942049,corner,1,1.0000,9,1862
24845,3942154,corner,1,1.0000,9,1863
24846,3942260,corner,1,1.0000,9,1864
24847,3942365,corner,1,1.0000,9,1865
24848,3942471,corner,1,1.0000,9,1866
24849,3942576,corner,1,1.0000,9,1867
24850,3942695,corner,1,1.0000,9,1868
24851,3942800,corner,1,1.0000,9,1869
24852,3942905,corner,1,1.0000,9,1870
24853,3943008,corner,1,1.0000,9,1871
24854,3943147,corner,1,1.0000,9,1872
24855,3943253,corner,1,1.0000,9,1873
24856,3943358,corner,1,1.0000,9,1874
24857,3943463,corner,1,1.0000,9,1875
24858,3943588,corner,1,1.0000,9,1876
24859,3943721,corner,1,1.0000,9,1877
24860,3943823,corner,1,1.0000,9,1878
24861,3943928,corner,1,1.0000,9,1879
24862,3944042,corner,1,1.0000,9,1880
24863,3944149,corner,1,1.0000,9,1881
24864,3944295,corner,1,1.0000,9,1882
24865,3944417,corner,1,1.0000,9,1883
24866,3944527,corner,1,1.0000,9,1884
24867,3944635,corner,1,1.0000,9,1885
24868,3944754,corner,0,0.9900,9,1886
24869,3944862,corner,1,0.9900,9,1887
24870,3944972,corner,1,0.9900,9,1888
24871,3945137,corner,1,0.9900,9,1889
24872,3945254,corner,1,0.9900,9,1890
24873,3945410,corner,1,0.9900,9,1891
24874,3945510,corner,1,0.9900,9,1892
24875,3945623,corner,1,0.9900,9,1893
24876,3945739,corner,1,0.9900,9,1894
24877,3945858,corner,1,0.9900,9,1895
24878,3945963,corner,1,0.9900,9,1896
24879,3946076,corner,1,0.9900,9,1897
24880,3946183,corner,1,0.9900,9,1898
24881,3946283,corner,1,0.9900,9,1899
24882,3946386,corner,1,0.9900,9,1900
24883,3946499,corner,1,0.9900,9,1901
24884,3946602,corner,1,0.9900,9,1902
24885,3946714,corner,1,0.9900,9,1903
24886,3946819,corner,1,0.9900,9,1904
24887,3946934,corner,1,0.9900,9,1905
24888,3947036,corner,1,0.9900,9,1906
24889,3947142,corner,1,0.9900,9,1907
24890,3947248,corner,1,0.9900,9,1908
24891,3947349,corner,1,0.9900,9,1909
24892,3947505,corner,1,0.9900,9,1910
24893,3947611,corner,1,0.9900,9,1911
24894,3947721,corner,1,0.9900,9,1912
24895,3947842,corner,1,0.9900,9,1913
24896,3947954,corner,1,0.9900,9,1914
24897,3948059,corner,1,0.9900,9,1915
24898,3948162,corner,1,0.9900,9,1916
24899,3948276,corner,1,0.9900,9,1917
24900,3948380,corner,1,0.9900,9,1918
24901,3948499,corner,1,0.9900,9,1919
24902,3948605,corner,1,0.9900,9,1920
24903,3948709,corner,1,0.9900,9,1921
24904,3948815,corner,1,0.9900,9,1922
24905,3948920,corner,1,0.9900,9,1923
24906,3949040,corner,1,0.9900,9,1924
24907,3949151,corner,1,0.9900,9,1925
24908,3949265,corner,1,0.9900,9,1926
24909,3949370,corner,1,0.9900,9,1927
24910,3949473,corner,1,0.9900,9,1928
24911,3949574,corner,1,0.9900,9,1929
24912,3949693,corner,1,0.9900,9,1930
24913,3949805,corner,1,0.9900,9,1931
24914,3949909,corner,1,0.9900,9,1932
24915,3950022,corner,1,0.9900,9,1933
24916,3950138,corner,1,0.9900,9,1934
24917,3950254,corner,1,0.9900,9,1935
24918,3950367,corner,1,0.9900,9,1936
24919,3950470,corner,1,0.9900,9,1937
24920,3950576,corner,1,0.9900,9,1938
24921,3950680,corner,1,0.9900,9,1939
24922,3950791,corner,1,0.9900,9,1940
24923,3950897,corner,1,0.9900,9,1941
24924,3951003,corner,1,0.9900,9,1942
24925,3951107,corner,1,0.9900,9,1943
24926,3951213,corner,1,0.9900,9,1944
24927,3951316,corner,1,0.9900,9,1945
24928,3951421,corner,1,0.9900,9,1946
24929,3951552,corner,1,0.9900,9,1947
24930,3951655,corner,1,0.9900,9,1948
24931,3951768,corner,1,0.9900,9,1949
24932,3951874,corner,1,0.9900,9,1950
24933,3951981,corner,1,0.9900,9,1951
24934,3952086,corner,1,0.9900,9,1952
24935,3952197,corner,1,0.9900,9,1953
24936,3952302,corner,1,0.9900,9,1954
24937,3952419,corner,1,0.9900,9,1955
24938,3952528,corner,1,0.9900,9,1956
24939,3952632,corner,1,0.9900,9,1957
24940,3952766,corner,1,0.9900,9,1958
24941,3952906,corner,1,0.9900,9,1959
24942,3953008,corner,1,0.9900,9,1960
24943,3953124,corner,1,0.9900,9,1961
24944,3953277,corner,1,0.9900,9,1962
24945,3953384,corner,1,0.9900,9,1963
24946,3953577,corner,1,0.9900,9,1964
24947,3953683,corner,1,0.9900,9,1965
24948,3953795,corner,1,0.9900,9,1966
24949,3953923,corner,1,0.9900,9,1967
24950,3954056,corner,1,0.9900,9,1968
24951,3954160,corner,1,0.9900,9,1969
24952,3954339,corner,1,0.9900,9,1970
24953,3954444,corner,1,0.9900,9,1971
24954,3954558,corner,1,0.9900,9,1972
24955,3954663,corner,1,0.9900,9,1973
24956,3954764,corner,1,0.9900,9,1974
24957,3954875,corner,1,0.9900,9,1975
24958,3954984,corner,1,0.9900,9,1976
24959,3955089,corner,1,0.9900,9,1977
24960,3955196,corner,1,0.9900,9,1978
24961,3955330,corner,1,0.9900,9,1979
24962,3955437,corner,0,0.9800,9,1980
24963,3955609,corner,1,0.9800,9,1981
24964,3955717,corner,1,0.9800,9,1982
24965,3955822,corner,1,0.9800,9,1983
24966,3955926,corner,1,0.9800,9,1984
24967,3956059,corner,1,0.9800,9,1985
24968,3956214,corner,1,0.9900,9,1986
24969,3956320,corner,1,0.9900,9,1987
24970,3956423,corner,1,0.9900,9,1988
24971,3956529,corner,1,0.9900,9,1989
24972,3956673,corner,1,0.9900,9,1990
24973,3956773,corner,1,0.9900,9,1991
24974,3956885,corner,1,0.9900,9,1992
24975,3956990,corner,1,0.9900,9,1993
24976,3957131,corner,1,0.9900,9,1994
24977,3957239,corner,1,0.9900,9,1995
24978,3957348,corner,1,0.9900,9,1996
24979,3957459,corner,1,0.9900,9,1997
24980,3957571,corner,1,0.9900,9,1998
24981,3957678,corner,1,0.9900,9,1999
24982,3957787,corner,1,0.9900,9,2000
24983,3958792,corner,1,0.9900,9,2001
24984,3958907,corner,1,0.9900,9,2002
24985,3959014,corner,1,0.9900,9,2003
24986,3959121,corner,1,0.9900,9,2004
24987,3959231,corner,1,0.9900,9,2005
24988,3959344,corner,1,0.9900,9,2006
24989,3959483,corner,1,0.9900,9,2007
24990,3959596,corner,1,0.9900,9,2008
24991,3959701,corner,1,0.9900,9,2009
24992,3959807,corner,1,0.9900,9,2010
24993,3959941,corner,1,0.9900,9,2011
24994,3960058,corner,1,0.9900,9,2012
24995,3960172,corner,1,0.9900,9,2013
24996,3960275,corner,1,0.9900,9,2014
24997,3960377,corner,1,0.9900,9,2015
24998,3960514,corner,1,0.9900,9,2016
24999,3960631,corner,1,0.9900,9,2017
25000,3960738,corner,1,0.9900,9,2018
25001,3960844,corner,1,0.9900,9,2019
25002,3960965,corner,1,0.9900,9,2020
25003,3961071,corner,1,0.9900,9,2021
25004,3961177,corner,1,0.9900,9,2022
25005,3961280,corner,1,0.9900,9,2023
25006,3961389,corner,1,0.9900,9,2024
25007,3961497,corner,1,0.9900,9,2025
25008,3961602,corner,1,0.9900,9,2026
25009,3961708,corner,1,0.9900,9,2027
25010,3961813,corner,1,0.9900,9,2028
25011,3961916,corner,1,0.9900,9,2029
25012,3962075,corner,1,0.9900,9,2030
25013,3962182,corner,1,0.9900,9,2031
25014,3962284,corner,1,0.9900,9,2032
25015,3962387,corner,1,0.9900,9,2033
25016,3962516,corner,1,0.9900,9,2034
25017,3962788,corner,1,0.9900,9,2035
25018,3962912,corner,1,0.9900,9,2036
25019,3963015,corner,1,0.9900,9,2037
25020,3963182,corner,1,0.9900,9,2038
25021,3963288,corner,1,0.9900,9,2039
25022,3963394,corner,1,0.9900,9,2040
25023,3963504,corner,1,0.9900,9,2041
25024,3963607,corner,1,0.9900,9,2042
25025,3963716,corner,1,0.9900,9,2043
25026,3963869,corner,1,0.9900,9,2044
25027,3963984,corner,1,0.9900,9,2045
25028,3964091,corner,1,0.9900,9,2046
25029,3964197,corner,1,0.9900,9,2047
25030,3964328,corner,1,0.9900,9,2048
25031,3964496,corner,1,0.9900,9,2049
25032,3964609,corner,1,0.9900,9,2050
25033,3964725,corner,1,0.9900,9,2051
25034,3964835,corner,1,0.9900,9,2052
25035,3964948,corner,1,0.9900,9,2053
25036,3965062,corner,1,0.9900,9,2054
25037,3965166,corner,1,0.9900,9,2055
25038,3965271,corner,1,0.9900,9,2056
25039,3965380,corner,1,0.9900,9,2057
25040,3965494,corner,1,0.9900,9,2058
25041,3965635,corner,1,0.9900,9,2059
25042,3965752,corner,1,0.9900,9,2060
25043,3965863,corner,1,0.9900,9,2061
25044,3965987,corner,1,0.9900,9,2062
25045,3966102,corner,1,0.9900,9,2063
25046,3966207,corner,1,0.9900,9,2064
25047,3966354,corner,1,0.9900,9,2065
25048,3966459,corner,1,0.9900,9,2066
25049,3966561,corner,1,0.9900,9,2067
25050,3966673,corner,1,0.9900,9,2068
25051,3966814,corner,1,0.9900,9,2069
25052,3966981,corner,1,0.9900,9,2070
25053,3967083,corner,1,0.9900,9,2071
25054,3967289,corner,1,0.9900,9,2072
25055,3967427,corner,1,0.9900,9,2073
25056,3967561,corner,1,0.9900,9,2074
25057,3967670,corner,1,0.9900,9,2075
25058,3967776,corner,1,0.9900,9,2076
25059,3967918,corner,1,0.9900,9,2077
25060,3968024,corner,1,0.9900,9,2078
25061,3968130,corner,1,0.9900,9,2079
25062,3968231,corner,1,1.0000,9,2080
25063,3968347,corner,1,1.0000,9,2081
25064,3968475,corner,1,1.0000,9,2082
25065,3968605,corner,1,1.0000,9,2083
25066,3968709,corner,1,1.0000,9,2084
25067,3968842,corner,1,1.0000,9,2085
25068,3969045,corner,1,1.0000,9,2086
25069,3969185,corner,1,1.0000,9,2087
25070,3969308,corner,1,1.0000,9,2088
25071,3969411,corner,1,1.0000,9,2089
25072,3969527,corner,1,1.0000,9,2090
25073,3969629,corner,1,1.0000,9,2091
25074,3969766,corner,1,1.0000,9,2092
25075,3969950,corner,1,1.0000,9,2093
25076,3970160,corner,1,1.0000,9,2094
25077,3970264,corner,1,1.0000,9,2095
25078,3970368,corner,1,1.0000,9,2096
25079,3970474,corner,1,1.0000,9,2097
25080,3970576,corner,1,1.0000,9,2098
25081,3970689,corner,1,1.0000,9,2099
25082,3970808,corner,1,1.0000,9,2100
25083,3970921,corner,1,1.0000,9,2101
25084,3971025,corner,1,1.0000,9,2102
25085,3971140,corner,1,1.0000,9,2103
25086,3971243,corner,1,1.0000,9,2104
25087,3971356,corner,1,1.0000,9,2105
25088,3971485,corner,1,1.0000,9,2106
25089,3971589,corner,1,1.0000,9,2107
25090,3971696,corner,1,1.0000,9,2108
25091,3971810,corner,1,1.0000,9,2109
25092,3971951,corner,1,1.0000,9,2110
25093,3972060,corner,1,1.0000,9,2111
25094,3972200,corner,1,1.0000,9,2112
25095,3972326,corner,1,1.0000,9,2113
25096,3972489,corner,1,1.0000,9,2114
25097,3972607,corner,1,1.0000,9,2115
25098,3972719,corner,1,1.0000,9,2116
25099,3972881,corner,1,1.0000,9,2117
25100,3973073,corner,1,1.0000,9,2118
25101,3973186,corner,1,1.0000,9,2119
25102,3973405,corner,1,1.0000,9,2120
25103,3973532,corner,1,1.0000,9,2121
25104,3973657,corner,1,1.0000,9,2122
25105,3973823,corner,1,1.0000,9,2123
25106,3973933,corner,1,1.0000,9,2124
25107,3974067,corner,1,1.0000,9,2125
25108,3974174,corner,1,1.0000,9,2126
25109,3974281,corner,1,1.0000,9,2127
25110,3974491,corner,1,1.0000,9,2128
25111,3974608,corner,1,1.0000,9,2129
25112,3974712,corner,1,1.0000,9,2130
25113,3974815,corner,1,1.0000,9,2131
25114,3974915,corner,1,1.0000,9,2132
25115,3975110,corner,1,1.0000,9,2133
25116,3975254,corner,1,1.0000,9,2134
25117,3975360,corner,1,1.0000,9,2135
25118,3975481,corner,1,1.0000,9,2136
25119,3975593,corner,1,1.0000,9,2137
25120,3975698,corner,1,1.0000,9,2138
25121,3975810,corner,1,1.0000,9,2139
25122,3975913,corner,1,1.0000,9,2140
25123,3976027,corner,1,1.0000,9,2141
25124,3976814,corner,1,1.0000,9,2142
25125,3976945,corner,1,1.0000,9,2143
25126,3977048,corner,1,1.0000,9,2144
25127,3977151,corner,1,1.0000,9,2145
25128,3977273,corner,1,1.0000,9,2146
25129,3977376,corner,1,1.0000,9,2147
25130,3977481,corner,1,1.0000,9,2148
25131,3977585,corner,1,1.0000,9,2149
25132,3977689,corner,1,1.0000,9,2150
25133,3977802,corner,1,1.0000,9,2151
25134,3977905,corner,1,1.0000,9,2152
25135,3978013,corner,1,1.0000,9,2153
25136,3978118,corner,1,1.0000,9,2154
25137,3978222,corner,1,1.0000,9,2155
25138,3978324,corner,1,1.0000,9,2156
25139,3978427,corner,1,1.0000,9,2157
25140,3978536,corner,1,1.0000,9,2158
25141,3978706,corner,1,1.0000,9,2159
25142,3978816,corner,1,1.0000,9,2160
25143,3978930,corner,1,1.0000,9,2161
25144,3979082,corner,1,1.0000,9,2162
25145,3979186,corner,1,1.0000,9,2163
25146,3979290,corner,1,1.0000,9,2164
25147,3979428,corner,1,1.0000,9,2165
25148,3979532,corner,1,1.0000,9,2166
25149,3979665,corner,1,1.0000,9,2167
25150,3979768,corner,1,1.0000,9,2168
25151,3979876,corner,1,1.0000,9,2169
25152,3980022,corner,1,1.0000,9,2170
25153,3980132,corner,1,1.0000,9,2171
25154,3980234,corner,1,1.0000,9,2172
25155,3980340,corner,1,1.0000,9,2173
25156,3980444,corner,1,1.0000,9,2174
25157,3980547,corner,1,1.0000,9,2175
25158,3980660,corner,1,1.0000,9,2176
25159,3980765,corner,1,1.0000,9,2177
25160,3980879,corner,1,1.0000,9,2178
25161,3981000,corner,1,1.0000,9,2179
25162,3981104,corner,1,1.0000,9,2180
25163,3981220,corner,1,1.0000,9,2181
25164,3981323,corner,1,1.0000,9,2182
25165,3981425,corner,1,1.0000,9,2183
25166,3981527,corner,1,1.0000,9,2184
25167,3981643,corner,1,1.0000,9,2185
25168,3981823,corner,1,1.0000,9,2186
25169,3981946,corner,1,1.0000,9,2187
25170,3982053,corner,1,1.0000,9,2188
25171,3982156,corner,1,1.0000,9,2189
25172,3982271,corner,1,1.0000,9,2190
25173,3982432,corner,1,1.0000,9,2191
25174,3982535,corner,1,1.0000,9,2192
25175,3982648,corner,1,1.0000,9,2193
25176,3982751,corner,1,1.0000,9,2194
25177,3982865,corner,1,1.0000,9,2195
25178,3983007,corner,1,1.0000,9,2196
25179,3983120,corner,1,1.0000,9,2197
25180,3983226,corner,1,1.0000,9,2198
25181,3983330,corner,1,1.0000,9,2199
25182,3983487,corner,1,1.0000,9,2200
25183,3983592,corner,1,1.0000,9,2201
25184,3983734,corner,1,1.0000,9,2202
25185,3983839,corner,1,1.0000,9,2203
25186,3983943,corner,1,1.0000,9,2204
25187,3984046,corner,1,1.0000,9,2205
25188,3984183,corner,1,1.0000,9,2206
25189,3984314,corner,1,1.0000,9,2207
25190,3984424,corner,1,1.0000,9,2208
25191,3984527,corner,1,1.0000,9,2209
25192,3984677,corner,1,1.0000,9,2210
25193,3984808,corner,1,1.0000,9,2211
25194,3984913,corner,1,1.0000,9,2212
25195,3985016,corner,1,1.0000,9,2213
25196,3985120,corner,1,1.0000,9,2214
25197,3985223,corner,1,1.0000,9,2215
25198,3985333,corner,1,1.0000,9,2216
25199,3985436,corner,1,1.0000,9,2217
25200,3985604,corner,1,1.0000,9,2218
25201,3985710,corner,1,1.0000,9,2219
25202,3985845,corner,1,1.0000,9,2220
25203,3985948,corner,1,1.0000,9,2221
25204,3986059,corner,1,1.0000,9,2222
25205,3986160,corner,1,1.0000,9,2223
25206,3986263,corner,1,1.0000,9,2224
25207,3986364,corner,1,1.0000,9,2225
25208,3986472,corner,1,1.0000,9,2226
25209,3986575,corner,1,1.0000,9,2227
25210,3986678,corner,1,1.0000,9,2228
25211,3986779,corner,1,1.0000,9,2229
25212,3986882,corner,1,1.0000,9,2230
25213,3986985,corner,1,1.0000,9,2231
25214,3987091,corner,1,1.0000,9,2232
25215,3987224,corner,1,1.0000,9,2233
25216,3987357,corner,1,1.0000,9,2234
25217,3987459,corner,1,1.0000,9,2235
25218,3987562,corner,1,1.0000,9,2236
25219,3987701,corner,1,1.0000,9,2237
25220,3987811,corner,1,1.0000,9,2238
25221,3987922,corner,1,1.0000,9,2239
25222,3988035,corner,1,1.0000,9,2240
25223,3988222,corner,1,1.0000,9,2241
25224,3988324,corner,1,1.0000,9,2242
25225,3988439,corner,1,1.0000,9,2243
25226,3988602,corner,1,1.0000,9,2244
25227,3988706,corner,1,1.0000,9,2245
25228,3988837,corner,1,1.0000,9,2246
25229,3988945,corner,1,1.0000,9,2247
25230,3989088,corner,1,1.0000,9,2248
25231,3989196,corner,1,1.0000,9,2249
25232,3989303,corner,1,1.0000,9,2250
25233,3989480,corner,1,1.0000,9,2251
25234,3989587,corner,1,1.0000,9,2252
25235,3989700,corner,1,1.0000,9,2253
25236,3989804,corner,1,1.0000,9,2254
25237,3989902,corner,1,1.0000,9,2255
25238,3990005,corner,1,1.0000,9,2256
25239,3990114,corner,1,1.0000,9,2257
25240,3990235,corner,1,1.0000,9,2258
25241,3990335,corner,1,1.0000,9,2259
25242,3990460,corner,1,1.0000,9,2260
25243,3990615,corner,1,1.0000,9,2261
25244,3990778,corner,1,1.0000,9,2262
25245,3990888,corner,1,1.0000,9,2263
25246,3990993,corner,1,1.0000,9,2264
25247,3991101,corner,1,1.0000,9,2265
25248,3991333,corner,1,1.0000,9,2266
25249,3991434,corner,1,1.0000,9,2267
25250,3991569,corner,1,1.0000,9,2268
25251,3991702,corner,1,1.0000,9,2269
25252,3991805,corner,1,1.0000,9,2270
25253,3991914,corner,1,1.0000,9,2271
25254,3992017,corner,1,1.0000,9,2272
25255,3993369,corner,1,1.0000,9,2273
25256,3993489,corner,1,1.0000,9,2274
25257,3993597,corner,1,1.0000,9,2275
25258,3993733,corner,1,1.0000,9,2276
25259,3993836,corner,1,1.0000,9,2277
25260,3993938,corner,1,1.0000,9,2278
25261,3994041,corner,1,1.0000,9,2279
25262,3994145,corner,1,1.0000,9,2280
25263,3994254,corner,1,1.0000,9,2281
25264,3994366,corner,1,1.0000,9,2282
25265,3994468,corner,1,1.0000,9,2283
25266,3994570,corner,1,1.0000,9,2284
25267,3994676,corner,1,1.0000,9,2285
25268,3994794,corner,1,1.0000,9,2286
25269,3994900,corner,1,1.0000,9,2287
25270,3995003,corner,1,1.0000,9,2288
25271,3995107,corner,1,1.0000,9,2289
25272,3995214,corner,1,1.0000,9,2290
25273,3995455,corner,1,1.0000,9,2291
25274,3995556,corner,1,1.0000,9,2292
25275,3995661,corner,1,1.0000,9,2293
25276,3995766,corner,1,1.0000,9,2294
25277,3995902,corner,1,1.0000,9,2295
25278,3996004,corner,1,1.0000,9,2296
25279,3996111,corner,1,1.0000,9,2297
25280,3996216,corner,1,1.0000,9,2298
25281,3996317,corner,1,1.0000,9,2299
25282,3996428,corner,1,1.0000,9,2300
25283,3996531,corner,1,1.0000,9,2301
25284,3996645,corner,1,1.0000,9,2302
25285,3996752,corner,1,1.0000,9,2303
25286,3996855,corner,1,1.0000,9,2304
25287,3996961,corner,1,1.0000,9,2305
25288,3997108,corner,1,1.0000,9,2306
25289,3997210,corner,1,1.0000,9,2307
25290,3997314,corner,1,1.0000,9,2308
25291,3997454,corner,1,1.0000,9,2309
25292,3997586,corner,1,1.0000,9,2310
25293,3997735,corner,1,1.0000,9,2311
25294,3997840,corner,1,1.0000,9,2312
25295,3997951,corner,1,1.0000,9,2313
25296,3998098,corner,1,1.0000,9,2314
25297,3998209,corner,1,1.0000,9,2315
25298,3998312,corner,1,1.0000,9,2316
25299,3998464,corner,1,1.0000,9,2317
25300,3998567,corner,1,1.0000,9,2318
25301,3998707,corner,1,1.0000,9,2319
25302,3998810,corner,1,1.0000,9,2320
25303,3998913,corner,1,1.0000,9,2321
25304,3999026,corner,1,1.0000,9,2322
25305,3999131,corner,1,1.0000,9,2323
25306,3999280,corner,1,1.0000,9,2324
25307,3999381,corner,1,1.0000,9,2325
25308,3999488,corner,1,1.0000,9,2326
25309,3999633,corner,1,1.0000,9,2327
25310,3999741,corner,1,1.0000,9,2328
25311,3999845,corner,1,1.0000,9,2329
25312,3999966,corner,1,1.0000,9,2330
25313,4000071,corner,1,1.0000,9,2331
25314,4000177,corner,1,1.0000,9,2332
25315,4000308,corner,1,1.0000,9,2333
25316,4000424,corner,1,1.0000,9,2334
25317,4000557,corner,1,1.0000,9,2335
25318,4000660,corner,1,1.0000,9,2336
25319,4000763,corner,1,1.0000,9,2337
25320,4000887,corner,1,1.0000,9,2338
25321,4000997,corner,1,1.0000,9,2339
25322,4001112,corner,1,1.0000,9,2340
25323,4001219,corner,1,1.0000,9,2341
25324,4001328,corner,1,1.0000,9,2342
25325,4001459,corner,1,1.0000,9,2343
25326,4001561,corner,1,1.0000,9,2344
25327,4001664,corner,1,1.0000,9,2345
25328,4001767,corner,1,1.0000,9,2346
